solid
  facet normal -0.000000 0.000000 -1.000000
    outer loop
      vertex -20.000000 0.000000 0.000000
      vertex -19.021000 6.180000 0.000000
      vertex -19.021000 -6.180000 0.000000
    endloop
  endfacet
  facet normal 0.000000 -0.000000 -1.000000
    outer loop
      vertex -19.021000 -6.180000 0.000000
      vertex -19.021000 6.180000 0.000000
      vertex -16.180000 11.756000 0.000000
    endloop
  endfacet
  facet normal 0.000000 0.000000 -1.000000
    outer loop
      vertex -19.021000 -6.180000 0.000000
      vertex -16.180000 11.756000 0.000000
      vertex -11.756000 16.180000 0.000000
    endloop
  endfacet
  facet normal 0.000000 0.000000 -1.000000
    outer loop
      vertex -19.021000 -6.180000 0.000000
      vertex -11.756000 16.180000 0.000000
      vertex -6.180000 19.021000 0.000000
    endloop
  endfacet
  facet normal 0.000000 0.000000 -1.000000
    outer loop
      vertex -19.021000 -6.180000 0.000000
      vertex -6.180000 19.021000 0.000000
      vertex 0.000000 20.000000 0.000000
    endloop
  endfacet
  facet normal 0.000000 0.000000 -1.000000
    outer loop
      vertex -19.021000 -6.180000 0.000000
      vertex 0.000000 20.000000 0.000000
      vertex 6.180000 19.021000 0.000000
    endloop
  endfacet
  facet normal 0.000000 0.000000 -1.000000
    outer loop
      vertex 0.882000 11.214000 0.000000
      vertex 6.180000 19.021000 0.000000
      vertex 11.756000 16.180000 0.000000
    endloop
  endfacet
  facet normal 0.000000 0.000000 -1.000000
    outer loop
      vertex -19.021000 -6.180000 0.000000
      vertex 11.756000 16.180000 0.000000
      vertex 16.180000 11.756000 0.000000
    endloop
  endfacet
  facet normal 0.000000 0.000000 -1.000000
    outer loop
      vertex -19.021000 -6.180000 0.000000
      vertex 16.180000 11.756000 0.000000
      vertex 19.021000 6.180000 0.000000
    endloop
  endfacet
  facet normal 0.000000 0.000000 -1.000000
    outer loop
      vertex -7.361216 -4.250000 0.000000
      vertex 19.021000 6.180000 0.000000
      vertex 20.000000 0.000000 0.000000
    endloop
  endfacet
  facet normal -0.000000 0.000000 -1.000000
    outer loop
      vertex 10.152609 -4.843166 0.000000
      vertex 20.000000 0.000000 0.000000
      vertex 19.021000 -6.180000 0.000000
    endloop
  endfacet
  facet normal -0.000000 0.000000 -1.000000
    outer loop
      vertex 8.817088 -6.492355 0.000000
      vertex 19.021000 -6.180000 0.000000
      vertex 16.180000 -11.756000 0.000000
    endloop
  endfacet
  facet normal 0.000000 0.000000 -1.000000
    outer loop
      vertex -19.021000 -6.180000 0.000000
      vertex 16.180000 -11.756000 0.000000
      vertex 11.756000 -16.180000 0.000000
    endloop
  endfacet
  facet normal 0.000000 0.000000 -1.000000
    outer loop
      vertex -19.021000 -6.180000 0.000000
      vertex 11.756000 -16.180000 0.000000
      vertex 6.180000 -19.021000 0.000000
    endloop
  endfacet
  facet normal 0.000000 0.000000 -1.000000
    outer loop
      vertex -19.021000 -6.180000 0.000000
      vertex 6.180000 -19.021000 0.000000
      vertex 0.000000 -20.000000 0.000000
    endloop
  endfacet
  facet normal 0.000000 0.000000 -1.000000
    outer loop
      vertex -19.021000 -6.180000 0.000000
      vertex 0.000000 -20.000000 0.000000
      vertex -6.180000 -19.021000 0.000000
    endloop
  endfacet
  facet normal 0.000000 0.000000 -1.000000
    outer loop
      vertex -19.021000 -6.180000 0.000000
      vertex -6.180000 -19.021000 0.000000
      vertex -11.756000 -16.180000 0.000000
    endloop
  endfacet
  facet normal 0.000000 0.000000 -1.000000
    outer loop
      vertex -19.021000 -6.180000 0.000000
      vertex -11.756000 -16.180000 0.000000
      vertex -16.180000 -11.756000 0.000000
    endloop
  endfacet
  facet normal 0.000000 0.000000 -1.000000
    outer loop
      vertex -9.270609 -6.370834 0.000000
      vertex -19.021000 -6.180000 0.000000
      vertex -9.664072 -6.115336 0.000000
    endloop
  endfacet
  facet normal 0.000000 0.000000 -1.000000
    outer loop
      vertex -19.021000 -6.180000 0.000000
      vertex -10.152609 -4.843166 0.000000
      vertex -10.128072 -5.311664 0.000000
    endloop
  endfacet
  facet normal 0.000000 0.000000 -1.000000
    outer loop
      vertex 7.910254 -6.299038 0.000000
      vertex -7.289420 -5.610355 0.000000
      vertex 7.544918 -6.003818 0.000000
    endloop
  endfacet
  facet normal 0.000000 0.000000 -1.000000
    outer loop
      vertex -19.021000 -6.180000 0.000000
      vertex -10.128072 -5.311664 0.000000
      vertex -9.959292 -5.750000 0.000000
    endloop
  endfacet
  facet normal 0.000000 0.000000 -1.000000
    outer loop
      vertex -7.192436 -4.688336 0.000000
      vertex 7.289420 -5.610355 0.000000
      vertex -7.167899 -5.156834 0.000000
    endloop
  endfacet
  facet normal 0.000000 0.000000 -1.000000
    outer loop
      vertex -19.021000 -6.180000 0.000000
      vertex -9.959292 -5.750000 0.000000
      vertex -9.664072 -6.115336 0.000000
    endloop
  endfacet
  facet normal 0.000000 0.000000 -1.000000
    outer loop
      vertex -19.021000 -6.180000 0.000000
      vertex -9.270609 -6.370834 0.000000
      vertex -8.817088 -6.492355 0.000000
    endloop
  endfacet
  facet normal 0.000000 0.000000 -1.000000
    outer loop
      vertex -19.021000 -6.180000 0.000000
      vertex -8.817088 -6.492355 0.000000
      vertex 16.180000 -11.756000 0.000000
    endloop
  endfacet
  facet normal 0.000000 0.000000 -1.000000
    outer loop
      vertex -8.348590 -6.467818 0.000000
      vertex 16.180000 -11.756000 0.000000
      vertex -8.817088 -6.492355 0.000000
    endloop
  endfacet
  facet normal 0.000000 0.000000 -1.000000
    outer loop
      vertex 7.910254 -6.299038 0.000000
      vertex -8.348590 -6.467818 0.000000
      vertex -7.910254 -6.299038 0.000000
    endloop
  endfacet
  facet normal 0.000000 0.000000 -1.000000
    outer loop
      vertex 7.910254 -6.299038 0.000000
      vertex -7.544918 -6.003818 0.000000
      vertex -7.289420 -5.610355 0.000000
    endloop
  endfacet
  facet normal 0.000000 0.000000 -1.000000
    outer loop
      vertex 7.544918 -6.003818 0.000000
      vertex -7.289420 -5.610355 0.000000
      vertex -7.167899 -5.156834 0.000000
    endloop
  endfacet
  facet normal -0.000000 0.000000 -1.000000
    outer loop
      vertex -7.656436 -3.884664 0.000000
      vertex 19.021000 6.180000 0.000000
      vertex -7.361216 -4.250000 0.000000
    endloop
  endfacet
  facet normal -0.000000 0.000000 -1.000000
    outer loop
      vertex -8.049899 -3.629166 0.000000
      vertex 19.021000 6.180000 0.000000
      vertex -7.656436 -3.884664 0.000000
    endloop
  endfacet
  facet normal -0.000000 0.000000 -1.000000
    outer loop
      vertex -8.503420 -3.507645 0.000000
      vertex 19.021000 6.180000 0.000000
      vertex -8.049899 -3.629166 0.000000
    endloop
  endfacet
  facet normal 0.000000 0.000000 -1.000000
    outer loop
      vertex -8.971918 -3.532182 0.000000
      vertex 19.021000 6.180000 0.000000
      vertex -8.503420 -3.507645 0.000000
    endloop
  endfacet
  facet normal 0.000000 0.000000 -1.000000
    outer loop
      vertex -19.021000 -6.180000 0.000000
      vertex 19.021000 6.180000 0.000000
      vertex -8.971918 -3.532182 0.000000
    endloop
  endfacet
  facet normal 0.000000 0.000000 -1.000000
    outer loop
      vertex -19.021000 -6.180000 0.000000
      vertex -8.971918 -3.532182 0.000000
      vertex -9.410254 -3.700962 0.000000
    endloop
  endfacet
  facet normal 0.000000 -0.000000 -1.000000
    outer loop
      vertex -10.031088 -4.389645 0.000000
      vertex -19.021000 -6.180000 0.000000
      vertex -9.775590 -3.996182 0.000000
    endloop
  endfacet
  facet normal -0.000000 0.000000 -1.000000
    outer loop
      vertex 1.214000 9.118000 0.000000
      vertex 11.756000 16.180000 0.000000
      vertex 0.882000 8.786000 0.000000
    endloop
  endfacet
  facet normal 0.000000 -0.000000 -1.000000
    outer loop
      vertex -1.427000 10.464000 0.000000
      vertex -19.021000 -6.180000 0.000000
      vertex -1.214000 10.882000 0.000000
    endloop
  endfacet
  facet normal 0.000000 0.000000 -1.000000
    outer loop
      vertex -19.021000 -6.180000 0.000000
      vertex -1.500000 10.000000 0.000000
      vertex -1.427000 9.536000 0.000000
    endloop
  endfacet
  facet normal 0.000000 0.000000 -1.000000
    outer loop
      vertex -19.021000 -6.180000 0.000000
      vertex -1.427000 9.536000 0.000000
      vertex -1.214000 9.118000 0.000000
    endloop
  endfacet
  facet normal 0.000000 0.000000 -1.000000
    outer loop
      vertex 10.128072 -5.311664 0.000000
      vertex 19.021000 -6.180000 0.000000
      vertex 9.959292 -5.750000 0.000000
    endloop
  endfacet
  facet normal 0.000000 0.000000 -1.000000
    outer loop
      vertex -19.021000 -6.180000 0.000000
      vertex -1.214000 9.118000 0.000000
      vertex -0.882000 8.786000 0.000000
    endloop
  endfacet
  facet normal 0.000000 0.000000 -1.000000
    outer loop
      vertex -19.021000 -6.180000 0.000000
      vertex -0.882000 8.786000 0.000000
      vertex -0.464000 8.573000 0.000000
    endloop
  endfacet
  facet normal 0.000000 0.000000 -1.000000
    outer loop
      vertex -19.021000 -6.180000 0.000000
      vertex -0.464000 8.573000 0.000000
      vertex 0.000000 8.500000 0.000000
    endloop
  endfacet
  facet normal 0.000000 0.000000 -1.000000
    outer loop
      vertex -19.021000 -6.180000 0.000000
      vertex 0.000000 8.500000 0.000000
      vertex 0.464000 8.573000 0.000000
    endloop
  endfacet
  facet normal 0.000000 0.000000 -1.000000
    outer loop
      vertex -19.021000 -6.180000 0.000000
      vertex 0.464000 8.573000 0.000000
      vertex 0.882000 8.786000 0.000000
    endloop
  endfacet
  facet normal 0.000000 0.000000 -1.000000
    outer loop
      vertex -19.021000 -6.180000 0.000000
      vertex 0.882000 8.786000 0.000000
      vertex 11.756000 16.180000 0.000000
    endloop
  endfacet
  facet normal -0.000000 0.000000 -1.000000
    outer loop
      vertex 1.427000 9.536000 0.000000
      vertex 11.756000 16.180000 0.000000
      vertex 1.214000 9.118000 0.000000
    endloop
  endfacet
  facet normal -0.000000 0.000000 -1.000000
    outer loop
      vertex 1.500000 10.000000 0.000000
      vertex 11.756000 16.180000 0.000000
      vertex 1.427000 9.536000 0.000000
    endloop
  endfacet
  facet normal -0.000000 0.000000 -1.000000
    outer loop
      vertex 1.427000 10.464000 0.000000
      vertex 11.756000 16.180000 0.000000
      vertex 1.500000 10.000000 0.000000
    endloop
  endfacet
  facet normal -0.000000 0.000000 -1.000000
    outer loop
      vertex 1.214000 10.882000 0.000000
      vertex 11.756000 16.180000 0.000000
      vertex 1.427000 10.464000 0.000000
    endloop
  endfacet
  facet normal -0.000000 0.000000 -1.000000
    outer loop
      vertex 0.882000 11.214000 0.000000
      vertex 11.756000 16.180000 0.000000
      vertex 1.214000 10.882000 0.000000
    endloop
  endfacet
  facet normal -0.000000 0.000000 -1.000000
    outer loop
      vertex 0.464000 11.427000 0.000000
      vertex 6.180000 19.021000 0.000000
      vertex 0.882000 11.214000 0.000000
    endloop
  endfacet
  facet normal 0.000000 0.000000 -1.000000
    outer loop
      vertex -0.464000 11.427000 0.000000
      vertex 6.180000 19.021000 0.000000
      vertex 0.000000 11.500000 0.000000
    endloop
  endfacet
  facet normal -0.000000 0.000000 -1.000000
    outer loop
      vertex 0.000000 11.500000 0.000000
      vertex 6.180000 19.021000 0.000000
      vertex 0.464000 11.427000 0.000000
    endloop
  endfacet
  facet normal 0.000000 0.000000 -1.000000
    outer loop
      vertex -0.882000 11.214000 0.000000
      vertex 6.180000 19.021000 0.000000
      vertex -0.464000 11.427000 0.000000
    endloop
  endfacet
  facet normal 0.000000 0.000000 -1.000000
    outer loop
      vertex -19.021000 -6.180000 0.000000
      vertex 6.180000 19.021000 0.000000
      vertex -0.882000 11.214000 0.000000
    endloop
  endfacet
  facet normal 0.000000 0.000000 -1.000000
    outer loop
      vertex -19.021000 -6.180000 0.000000
      vertex -0.882000 11.214000 0.000000
      vertex -1.214000 10.882000 0.000000
    endloop
  endfacet
  facet normal 0.000000 0.000000 -1.000000
    outer loop
      vertex 7.289420 -5.610355 0.000000
      vertex -7.192436 -4.688336 0.000000
      vertex 7.167899 -5.156834 0.000000
    endloop
  endfacet
  facet normal 0.000000 0.000000 -1.000000
    outer loop
      vertex -19.021000 -6.180000 0.000000
      vertex -1.427000 10.464000 0.000000
      vertex -1.500000 10.000000 0.000000
    endloop
  endfacet
  facet normal 0.000000 -0.000000 -1.000000
    outer loop
      vertex 8.049899 -3.629166 0.000000
      vertex -7.192436 -4.688336 0.000000
      vertex 8.503420 -3.507645 0.000000
    endloop
  endfacet
  facet normal 0.000000 0.000000 -1.000000
    outer loop
      vertex -7.192436 -4.688336 0.000000
      vertex 7.192436 -4.688336 0.000000
      vertex 7.167899 -5.156834 0.000000
    endloop
  endfacet
  facet normal 0.000000 0.000000 -1.000000
    outer loop
      vertex 7.544918 -6.003818 0.000000
      vertex -7.167899 -5.156834 0.000000
      vertex 7.289420 -5.610355 0.000000
    endloop
  endfacet
  facet normal -0.000000 0.000000 -1.000000
    outer loop
      vertex -7.361216 -4.250000 0.000000
      vertex 20.000000 0.000000 0.000000
      vertex -7.192436 -4.688336 0.000000
    endloop
  endfacet
  facet normal 0.000000 0.000000 -1.000000
    outer loop
      vertex 7.910254 -6.299038 0.000000
      vertex -7.910254 -6.299038 0.000000
      vertex -7.544918 -6.003818 0.000000
    endloop
  endfacet
  facet normal -0.000000 0.000000 -1.000000
    outer loop
      vertex 9.270609 -6.370834 0.000000
      vertex 19.021000 -6.180000 0.000000
      vertex 8.817088 -6.492355 0.000000
    endloop
  endfacet
  facet normal -0.000000 0.000000 -1.000000
    outer loop
      vertex -8.348590 -6.467818 0.000000
      vertex 7.910254 -6.299038 0.000000
      vertex 16.180000 -11.756000 0.000000
    endloop
  endfacet
  facet normal 0.000000 0.000000 -1.000000
    outer loop
      vertex 9.664072 -6.115336 0.000000
      vertex 19.021000 -6.180000 0.000000
      vertex 9.270609 -6.370834 0.000000
    endloop
  endfacet
  facet normal 0.000000 0.000000 -1.000000
    outer loop
      vertex 7.910254 -6.299038 0.000000
      vertex 8.348590 -6.467818 0.000000
      vertex 16.180000 -11.756000 0.000000
    endloop
  endfacet
  facet normal 0.000000 0.000000 -1.000000
    outer loop
      vertex 8.348590 -6.467818 0.000000
      vertex 8.817088 -6.492355 0.000000
      vertex 16.180000 -11.756000 0.000000
    endloop
  endfacet
  facet normal 0.000000 0.000000 -1.000000
    outer loop
      vertex 10.152609 -4.843166 0.000000
      vertex 19.021000 -6.180000 0.000000
      vertex 10.128072 -5.311664 0.000000
    endloop
  endfacet
  facet normal -0.000000 0.000000 -1.000000
    outer loop
      vertex 10.031088 -4.389645 0.000000
      vertex 20.000000 0.000000 0.000000
      vertex 10.152609 -4.843166 0.000000
    endloop
  endfacet
  facet normal -0.000000 0.000000 -1.000000
    outer loop
      vertex 9.410254 -3.700962 0.000000
      vertex 20.000000 0.000000 0.000000
      vertex 9.775590 -3.996182 0.000000
    endloop
  endfacet
  facet normal -0.000000 0.000000 -1.000000
    outer loop
      vertex 9.775590 -3.996182 0.000000
      vertex 20.000000 0.000000 0.000000
      vertex 10.031088 -4.389645 0.000000
    endloop
  endfacet
  facet normal -0.000000 0.000000 -1.000000
    outer loop
      vertex 8.971918 -3.532182 0.000000
      vertex 20.000000 0.000000 0.000000
      vertex 9.410254 -3.700962 0.000000
    endloop
  endfacet
  facet normal -0.000000 0.000000 -1.000000
    outer loop
      vertex 8.503420 -3.507645 0.000000
      vertex 20.000000 0.000000 0.000000
      vertex 8.971918 -3.532182 0.000000
    endloop
  endfacet
  facet normal 0.000000 0.000000 -1.000000
    outer loop
      vertex -7.192436 -4.688336 0.000000
      vertex 20.000000 0.000000 0.000000
      vertex 8.503420 -3.507645 0.000000
    endloop
  endfacet
  facet normal 0.000000 -0.000000 -1.000000
    outer loop
      vertex 7.656436 -3.884664 0.000000
      vertex -7.192436 -4.688336 0.000000
      vertex 8.049899 -3.629166 0.000000
    endloop
  endfacet
  facet normal 0.000000 0.000000 -1.000000
    outer loop
      vertex -7.192436 -4.688336 0.000000
      vertex 7.656436 -3.884664 0.000000
      vertex 7.361216 -4.250000 0.000000
    endloop
  endfacet
  facet normal -0.000000 0.000000 -1.000000
    outer loop
      vertex -7.192436 -4.688336 0.000000
      vertex 7.361216 -4.250000 0.000000
      vertex 7.192436 -4.688336 0.000000
    endloop
  endfacet
  facet normal 0.000000 -0.000000 -1.000000
    outer loop
      vertex -10.152609 -4.843166 0.000000
      vertex -19.021000 -6.180000 0.000000
      vertex -10.031088 -4.389645 0.000000
    endloop
  endfacet
  facet normal 0.000000 -0.000000 -1.000000
    outer loop
      vertex -9.775590 -3.996182 0.000000
      vertex -19.021000 -6.180000 0.000000
      vertex -9.410254 -3.700962 0.000000
    endloop
  endfacet
  facet normal 0.000000 0.000000 -1.000000
    outer loop
      vertex 9.959292 -5.750000 0.000000
      vertex 19.021000 -6.180000 0.000000
      vertex 9.664072 -6.115336 0.000000
    endloop
  endfacet
  facet normal -0.987684 0.156463 0.000000
    outer loop
      vertex -20.000000 0.000000 0.000000
      vertex -20.000000 0.000000 12.400000
      vertex -19.021000 6.180000 0.000000
    endloop
  endfacet
  facet normal -0.987684 0.156463 0.000000
    outer loop
      vertex -19.021000 6.180000 0.000000
      vertex -20.000000 0.000000 12.400000
      vertex -19.021000 6.180000 12.400000
    endloop
  endfacet
  facet normal -0.987684 -0.156463 -0.000000
    outer loop
      vertex -20.000000 0.000000 0.000000
      vertex -19.021000 -6.180000 0.000000
      vertex -20.000000 0.000000 12.400000
    endloop
  endfacet
  facet normal -0.987684 -0.156463 0.000000
    outer loop
      vertex -20.000000 0.000000 12.400000
      vertex -19.021000 -6.180000 0.000000
      vertex -19.021000 -6.180000 12.400000
    endloop
  endfacet
  facet normal -0.891014 -0.453976 -0.000000
    outer loop
      vertex -19.021000 -6.180000 0.000000
      vertex -16.180000 -11.756000 0.000000
      vertex -19.021000 -6.180000 12.400000
    endloop
  endfacet
  facet normal -0.891014 -0.453976 0.000000
    outer loop
      vertex -16.448666 -11.228692 8.400000
      vertex -16.180000 -11.756000 0.000000
      vertex -16.180000 -11.756000 12.400000
    endloop
  endfacet
  facet normal -0.891014 -0.453976 0.000000
    outer loop
      vertex -19.021000 -6.180000 12.400000
      vertex -16.180000 -11.756000 0.000000
      vertex -17.779278 -8.617114 7.936000
    endloop
  endfacet
  facet normal -0.891014 -0.453976 -0.000000
    outer loop
      vertex -19.021000 -6.180000 12.400000
      vertex -17.779278 -8.617114 7.936000
      vertex -17.812464 -8.551980 8.400000
    endloop
  endfacet
  facet normal -0.891014 -0.453976 0.000000
    outer loop
      vertex -19.021000 -6.180000 12.400000
      vertex -17.812464 -8.551980 8.400000
      vertex -17.779278 -8.617114 8.864000
    endloop
  endfacet
  facet normal -0.891014 -0.453976 -0.000000
    outer loop
      vertex -19.021000 -6.180000 12.400000
      vertex -17.779278 -8.617114 8.864000
      vertex -17.682449 -8.807160 9.282000
    endloop
  endfacet
  facet normal -0.891014 -0.453976 -0.000000
    outer loop
      vertex -19.021000 -6.180000 12.400000
      vertex -17.682449 -8.807160 9.282000
      vertex -17.606985 -8.955272 9.448000
    endloop
  endfacet
  facet normal -0.891014 -0.453976 0.000000
    outer loop
      vertex -19.021000 -6.180000 12.400000
      vertex -17.606985 -8.955272 9.448000
      vertex -17.612741 -8.943976 9.460660
    endloop
  endfacet
  facet normal -0.891014 -0.453976 0.000000
    outer loop
      vertex -19.021000 -6.180000 12.400000
      vertex -17.612741 -8.943976 9.460660
      vertex -17.130565 -9.890336 10.521320
    endloop
  endfacet
  facet normal -0.891014 -0.453976 -0.000000
    outer loop
      vertex -19.021000 -6.180000 12.400000
      vertex -17.130565 -9.890336 10.521320
      vertex -16.180000 -11.756000 12.400000
    endloop
  endfacet
  facet normal -0.891014 -0.453976 -0.000000
    outer loop
      vertex -16.578681 -10.973513 9.282000
      vertex -16.648389 -10.836697 9.460660
      vertex -16.654145 -10.825401 9.448000
    endloop
  endfacet
  facet normal -0.891014 -0.453976 0.000000
    outer loop
      vertex -16.481852 -11.163559 7.936000
      vertex -16.180000 -11.756000 0.000000
      vertex -16.448666 -11.228692 8.400000
    endloop
  endfacet
  facet normal -0.891014 -0.453976 0.000000
    outer loop
      vertex -16.648389 -10.836697 9.460660
      vertex -16.578681 -10.973513 9.282000
      vertex -16.180000 -11.756000 12.400000
    endloop
  endfacet
  facet normal -0.891014 -0.453976 0.000000
    outer loop
      vertex -16.578681 -10.973513 7.518000
      vertex -16.180000 -11.756000 0.000000
      vertex -16.481852 -11.163559 7.936000
    endloop
  endfacet
  facet normal -0.891014 -0.453976 -0.000000
    outer loop
      vertex -16.578681 -10.973513 9.282000
      vertex -16.481852 -11.163559 8.864000
      vertex -16.180000 -11.756000 12.400000
    endloop
  endfacet
  facet normal -0.891014 -0.453976 -0.000000
    outer loop
      vertex -16.481852 -11.163559 8.864000
      vertex -16.448666 -11.228692 8.400000
      vertex -16.180000 -11.756000 12.400000
    endloop
  endfacet
  facet normal -0.891014 -0.453976 -0.000000
    outer loop
      vertex -16.729608 -10.677290 7.186000
      vertex -16.180000 -11.756000 0.000000
      vertex -16.578681 -10.973513 7.518000
    endloop
  endfacet
  facet normal -0.891014 -0.453976 0.000000
    outer loop
      vertex -16.919631 -10.304334 6.973000
      vertex -16.180000 -11.756000 0.000000
      vertex -16.729608 -10.677290 7.186000
    endloop
  endfacet
  facet normal -0.891014 -0.453976 -0.000000
    outer loop
      vertex -17.130565 -9.890336 6.900000
      vertex -16.180000 -11.756000 0.000000
      vertex -16.919631 -10.304334 6.973000
    endloop
  endfacet
  facet normal -0.891014 -0.453976 -0.000000
    outer loop
      vertex -17.341499 -9.476338 6.973000
      vertex -16.180000 -11.756000 0.000000
      vertex -17.130565 -9.890336 6.900000
    endloop
  endfacet
  facet normal -0.891014 -0.453976 0.000000
    outer loop
      vertex -17.531522 -9.103383 7.186000
      vertex -16.180000 -11.756000 0.000000
      vertex -17.341499 -9.476338 6.973000
    endloop
  endfacet
  facet normal -0.891014 -0.453976 -0.000000
    outer loop
      vertex -17.682449 -8.807160 7.518000
      vertex -16.180000 -11.756000 0.000000
      vertex -17.531522 -9.103383 7.186000
    endloop
  endfacet
  facet normal -0.891014 -0.453976 0.000000
    outer loop
      vertex -17.779278 -8.617114 7.936000
      vertex -16.180000 -11.756000 0.000000
      vertex -17.682449 -8.807160 7.518000
    endloop
  endfacet
  facet normal -0.891014 -0.453976 -0.000000
    outer loop
      vertex -16.648389 -10.836697 9.460660
      vertex -16.180000 -11.756000 12.400000
      vertex -17.130565 -9.890336 10.521320
    endloop
  endfacet
  facet normal -0.707107 -0.707107 0.000000
    outer loop
      vertex -16.180000 -11.756000 12.400000
      vertex -16.180000 -11.756000 0.000000
      vertex -11.756000 -16.180000 0.000000
    endloop
  endfacet
  facet normal -0.707107 -0.707107 0.000000
    outer loop
      vertex -11.756000 -16.180000 12.400000
      vertex -16.180000 -11.756000 12.400000
      vertex -11.756000 -16.180000 0.000000
    endloop
  endfacet
  facet normal -0.453976 -0.891014 0.000000
    outer loop
      vertex -11.756000 -16.180000 12.400000
      vertex -11.756000 -16.180000 0.000000
      vertex -6.180000 -19.021000 0.000000
    endloop
  endfacet
  facet normal -0.453976 -0.891014 0.000000
    outer loop
      vertex -6.180000 -19.021000 12.400000
      vertex -11.756000 -16.180000 12.400000
      vertex -6.180000 -19.021000 0.000000
    endloop
  endfacet
  facet normal -0.156463 -0.987684 0.000000
    outer loop
      vertex -6.180000 -19.021000 12.400000
      vertex -6.180000 -19.021000 0.000000
      vertex 0.000000 -20.000000 0.000000
    endloop
  endfacet
  facet normal -0.156463 -0.987684 0.000000
    outer loop
      vertex 0.000000 -20.000000 12.400000
      vertex -6.180000 -19.021000 12.400000
      vertex 0.000000 -20.000000 0.000000
    endloop
  endfacet
  facet normal 0.156463 -0.987684 0.000000
    outer loop
      vertex 0.000000 -20.000000 12.400000
      vertex 0.000000 -20.000000 0.000000
      vertex 6.180000 -19.021000 0.000000
    endloop
  endfacet
  facet normal 0.156463 -0.987684 0.000000
    outer loop
      vertex 6.180000 -19.021000 12.400000
      vertex 0.000000 -20.000000 12.400000
      vertex 6.180000 -19.021000 0.000000
    endloop
  endfacet
  facet normal 0.453976 -0.891014 0.000000
    outer loop
      vertex 6.180000 -19.021000 12.400000
      vertex 6.180000 -19.021000 0.000000
      vertex 11.756000 -16.180000 0.000000
    endloop
  endfacet
  facet normal 0.453976 -0.891014 0.000000
    outer loop
      vertex 11.756000 -16.180000 12.400000
      vertex 6.180000 -19.021000 12.400000
      vertex 11.756000 -16.180000 0.000000
    endloop
  endfacet
  facet normal 0.707107 -0.707107 0.000000
    outer loop
      vertex 11.756000 -16.180000 12.400000
      vertex 11.756000 -16.180000 0.000000
      vertex 16.180000 -11.756000 0.000000
    endloop
  endfacet
  facet normal 0.707107 -0.707107 0.000000
    outer loop
      vertex 16.180000 -11.756000 12.400000
      vertex 11.756000 -16.180000 12.400000
      vertex 16.180000 -11.756000 0.000000
    endloop
  endfacet
  facet normal 0.891014 -0.453976 0.000000
    outer loop
      vertex 16.578681 -10.973513 7.518000
      vertex 16.180000 -11.756000 0.000000
      vertex 19.021000 -6.180000 0.000000
    endloop
  endfacet
  facet normal 0.891014 -0.453976 -0.000000
    outer loop
      vertex 17.606985 -8.955272 9.448000
      vertex 17.682449 -8.807160 9.282000
      vertex 17.612741 -8.943976 9.460660
    endloop
  endfacet
  facet normal 0.891014 -0.453976 0.000000
    outer loop
      vertex 16.448666 -11.228692 8.400000
      vertex 16.180000 -11.756000 0.000000
      vertex 16.481852 -11.163559 7.936000
    endloop
  endfacet
  facet normal 0.891014 -0.453976 0.000000
    outer loop
      vertex 16.180000 -11.756000 12.400000
      vertex 16.180000 -11.756000 0.000000
      vertex 16.448666 -11.228692 8.400000
    endloop
  endfacet
  facet normal 0.891014 -0.453976 0.000000
    outer loop
      vertex 16.729608 -10.677290 7.186000
      vertex 16.578681 -10.973513 7.518000
      vertex 19.021000 -6.180000 0.000000
    endloop
  endfacet
  facet normal 0.891014 -0.453976 -0.000000
    outer loop
      vertex 17.531522 -9.103383 7.186000
      vertex 17.341499 -9.476338 6.973000
      vertex 19.021000 -6.180000 0.000000
    endloop
  endfacet
  facet normal 0.891014 -0.453976 0.000000
    outer loop
      vertex 17.130565 -9.890336 6.900000
      vertex 16.919631 -10.304334 6.973000
      vertex 19.021000 -6.180000 0.000000
    endloop
  endfacet
  facet normal 0.891014 -0.453976 -0.000000
    outer loop
      vertex 16.180000 -11.756000 12.400000
      vertex 16.481852 -11.163559 8.864000
      vertex 16.578681 -10.973513 9.282000
    endloop
  endfacet
  facet normal 0.891014 -0.453976 -0.000000
    outer loop
      vertex 16.648389 -10.836697 9.460660
      vertex 16.578681 -10.973513 9.282000
      vertex 16.654145 -10.825401 9.448000
    endloop
  endfacet
  facet normal 0.891014 -0.453976 0.000000
    outer loop
      vertex 16.180000 -11.756000 12.400000
      vertex 16.578681 -10.973513 9.282000
      vertex 16.648389 -10.836697 9.460660
    endloop
  endfacet
  facet normal 0.891014 -0.453976 -0.000000
    outer loop
      vertex 19.021000 -6.180000 12.400000
      vertex 16.180000 -11.756000 12.400000
      vertex 17.130565 -9.890336 10.521320
    endloop
  endfacet
  facet normal 0.891014 -0.453976 0.000000
    outer loop
      vertex 19.021000 -6.180000 12.400000
      vertex 17.130565 -9.890336 10.521320
      vertex 17.612741 -8.943976 9.460660
    endloop
  endfacet
  facet normal 0.891014 -0.453976 0.000000
    outer loop
      vertex 17.341499 -9.476338 6.973000
      vertex 17.130565 -9.890336 6.900000
      vertex 19.021000 -6.180000 0.000000
    endloop
  endfacet
  facet normal 0.891014 -0.453976 -0.000000
    outer loop
      vertex 19.021000 -6.180000 12.400000
      vertex 17.612741 -8.943976 9.460660
      vertex 17.682449 -8.807160 9.282000
    endloop
  endfacet
  facet normal 0.891014 -0.453976 0.000000
    outer loop
      vertex 19.021000 -6.180000 12.400000
      vertex 17.779278 -8.617114 8.864000
      vertex 19.021000 -6.180000 0.000000
    endloop
  endfacet
  facet normal 0.891014 -0.453976 0.000000
    outer loop
      vertex 19.021000 -6.180000 12.400000
      vertex 17.682449 -8.807160 9.282000
      vertex 17.779278 -8.617114 8.864000
    endloop
  endfacet
  facet normal 0.891014 -0.453976 0.000000
    outer loop
      vertex 17.779278 -8.617114 8.864000
      vertex 17.812464 -8.551980 8.400000
      vertex 19.021000 -6.180000 0.000000
    endloop
  endfacet
  facet normal 0.891014 -0.453976 -0.000000
    outer loop
      vertex 17.779278 -8.617114 7.936000
      vertex 17.682449 -8.807160 7.518000
      vertex 19.021000 -6.180000 0.000000
    endloop
  endfacet
  facet normal 0.891014 -0.453976 0.000000
    outer loop
      vertex 17.682449 -8.807160 7.518000
      vertex 17.531522 -9.103383 7.186000
      vertex 19.021000 -6.180000 0.000000
    endloop
  endfacet
  facet normal 0.891014 -0.453976 -0.000000
    outer loop
      vertex 17.812464 -8.551980 8.400000
      vertex 17.779278 -8.617114 7.936000
      vertex 19.021000 -6.180000 0.000000
    endloop
  endfacet
  facet normal 0.891014 -0.453976 -0.000000
    outer loop
      vertex 16.919631 -10.304334 6.973000
      vertex 16.729608 -10.677290 7.186000
      vertex 19.021000 -6.180000 0.000000
    endloop
  endfacet
  facet normal 0.891014 -0.453976 0.000000
    outer loop
      vertex 16.481852 -11.163559 7.936000
      vertex 16.180000 -11.756000 0.000000
      vertex 16.578681 -10.973513 7.518000
    endloop
  endfacet
  facet normal 0.891014 -0.453976 -0.000000
    outer loop
      vertex 16.448666 -11.228692 8.400000
      vertex 16.481852 -11.163559 8.864000
      vertex 16.180000 -11.756000 12.400000
    endloop
  endfacet
  facet normal 0.891014 -0.453976 -0.000000
    outer loop
      vertex 16.648389 -10.836697 9.460660
      vertex 17.130565 -9.890336 10.521320
      vertex 16.180000 -11.756000 12.400000
    endloop
  endfacet
  facet normal 0.987684 -0.156463 0.000000
    outer loop
      vertex 19.021000 -6.180000 12.400000
      vertex 19.021000 -6.180000 0.000000
      vertex 20.000000 0.000000 0.000000
    endloop
  endfacet
  facet normal 0.987684 -0.156463 0.000000
    outer loop
      vertex 20.000000 0.000000 12.400000
      vertex 19.021000 -6.180000 12.400000
      vertex 20.000000 0.000000 0.000000
    endloop
  endfacet
  facet normal 0.987684 0.156463 0.000000
    outer loop
      vertex 20.000000 0.000000 0.000000
      vertex 19.021000 6.180000 0.000000
      vertex 19.021000 6.180000 12.400000
    endloop
  endfacet
  facet normal 0.987684 0.156463 -0.000000
    outer loop
      vertex 20.000000 0.000000 12.400000
      vertex 20.000000 0.000000 0.000000
      vertex 19.021000 6.180000 12.400000
    endloop
  endfacet
  facet normal 0.891014 0.453976 0.000000
    outer loop
      vertex 19.021000 6.180000 0.000000
      vertex 16.180000 11.756000 0.000000
      vertex 16.180000 11.756000 12.400000
    endloop
  endfacet
  facet normal 0.891014 0.453976 -0.000000
    outer loop
      vertex 19.021000 6.180000 12.400000
      vertex 19.021000 6.180000 0.000000
      vertex 16.180000 11.756000 12.400000
    endloop
  endfacet
  facet normal 0.707107 0.707107 0.000000
    outer loop
      vertex 11.756000 16.180000 0.000000
      vertex 11.756000 16.180000 12.400000
      vertex 16.180000 11.756000 0.000000
    endloop
  endfacet
  facet normal 0.707107 0.707107 0.000000
    outer loop
      vertex 16.180000 11.756000 0.000000
      vertex 11.756000 16.180000 12.400000
      vertex 16.180000 11.756000 12.400000
    endloop
  endfacet
  facet normal 0.453976 0.891014 0.000000
    outer loop
      vertex 6.180000 19.021000 0.000000
      vertex 6.180000 19.021000 12.400000
      vertex 11.756000 16.180000 0.000000
    endloop
  endfacet
  facet normal 0.453976 0.891014 0.000000
    outer loop
      vertex 11.756000 16.180000 0.000000
      vertex 6.180000 19.021000 12.400000
      vertex 11.756000 16.180000 12.400000
    endloop
  endfacet
  facet normal 0.156463 0.987684 0.000000
    outer loop
      vertex 0.000000 20.000000 0.000000
      vertex 0.000000 20.000000 6.900000
      vertex 6.180000 19.021000 0.000000
    endloop
  endfacet
  facet normal 0.156463 0.987684 -0.000000
    outer loop
      vertex 6.180000 19.021000 0.000000
      vertex 0.000000 20.000000 6.900000
      vertex 0.464000 19.926496 6.973000
    endloop
  endfacet
  facet normal 0.156463 0.987684 -0.000000
    outer loop
      vertex 0.464000 19.926496 6.973000
      vertex 0.882000 19.860279 7.186000
      vertex 6.180000 19.021000 0.000000
    endloop
  endfacet
  facet normal 0.156463 0.987684 -0.000000
    outer loop
      vertex 0.882000 19.860279 7.186000
      vertex 1.214000 19.807685 7.518000
      vertex 6.180000 19.021000 0.000000
    endloop
  endfacet
  facet normal 0.156463 0.987684 0.000000
    outer loop
      vertex 1.214000 19.807685 7.518000
      vertex 1.427000 19.773943 7.936000
      vertex 6.180000 19.021000 0.000000
    endloop
  endfacet
  facet normal 0.156463 0.987684 0.000000
    outer loop
      vertex 1.427000 19.773943 7.936000
      vertex 1.500000 19.762379 8.400000
      vertex 6.180000 19.021000 0.000000
    endloop
  endfacet
  facet normal 0.156463 0.987684 -0.000000
    outer loop
      vertex 1.500000 19.762379 8.400000
      vertex 1.427000 19.773943 8.864000
      vertex 6.180000 19.021000 0.000000
    endloop
  endfacet
  facet normal 0.156463 0.987684 -0.000000
    outer loop
      vertex 1.427000 19.773943 8.864000
      vertex 1.214000 19.807685 9.282000
      vertex 6.180000 19.021000 0.000000
    endloop
  endfacet
  facet normal 0.156463 0.987684 -0.000000
    outer loop
      vertex 1.214000 19.807685 9.282000
      vertex 1.048000 19.833982 9.448000
      vertex 1.060660 19.831976 9.460660
    endloop
  endfacet
  facet normal 0.156463 0.987684 -0.000000
    outer loop
      vertex 1.214000 19.807685 9.282000
      vertex 0.000000 20.000000 12.400000
      vertex 6.180000 19.021000 0.000000
    endloop
  endfacet
  facet normal 0.156463 0.987684 -0.000000
    outer loop
      vertex 1.060660 19.831976 9.460660
      vertex 0.000000 20.000000 12.400000
      vertex 1.214000 19.807685 9.282000
    endloop
  endfacet
  facet normal 0.156463 0.987684 -0.000000
    outer loop
      vertex 0.000000 20.000000 10.521320
      vertex 0.000000 20.000000 12.400000
      vertex 1.060660 19.831976 9.460660
    endloop
  endfacet
  facet normal 0.156463 0.987684 0.000000
    outer loop
      vertex 6.180000 19.021000 0.000000
      vertex 0.000000 20.000000 12.400000
      vertex 6.180000 19.021000 12.400000
    endloop
  endfacet
  facet normal -0.156463 0.987684 0.000000
    outer loop
      vertex -6.180000 19.021000 0.000000
      vertex -6.180000 19.021000 12.400000
      vertex 0.000000 20.000000 0.000000
    endloop
  endfacet
  facet normal -0.156463 0.987684 0.000000
    outer loop
      vertex 0.000000 20.000000 10.521320
      vertex -6.180000 19.021000 12.400000
      vertex 0.000000 20.000000 12.400000
    endloop
  endfacet
  facet normal -0.156463 0.987684 -0.000000
    outer loop
      vertex -1.060660 19.831976 9.460660
      vertex -6.180000 19.021000 12.400000
      vertex 0.000000 20.000000 10.521320
    endloop
  endfacet
  facet normal -0.156463 0.987684 0.000000
    outer loop
      vertex -1.214000 19.807685 9.282000
      vertex -6.180000 19.021000 12.400000
      vertex -1.060660 19.831976 9.460660
    endloop
  endfacet
  facet normal -0.156463 0.987684 -0.000000
    outer loop
      vertex -1.427000 19.773943 8.864000
      vertex -6.180000 19.021000 12.400000
      vertex -1.214000 19.807685 9.282000
    endloop
  endfacet
  facet normal -0.156463 0.987684 -0.000000
    outer loop
      vertex -1.214000 19.807685 7.518000
      vertex 0.000000 20.000000 0.000000
      vertex -1.427000 19.773943 7.936000
    endloop
  endfacet
  facet normal -0.156463 0.987684 -0.000000
    outer loop
      vertex -1.500000 19.762379 8.400000
      vertex -6.180000 19.021000 12.400000
      vertex -1.427000 19.773943 8.864000
    endloop
  endfacet
  facet normal -0.156463 0.987684 0.000000
    outer loop
      vertex -1.427000 19.773943 7.936000
      vertex -6.180000 19.021000 12.400000
      vertex -1.500000 19.762379 8.400000
    endloop
  endfacet
  facet normal -0.156463 0.987684 0.000000
    outer loop
      vertex 0.000000 20.000000 0.000000
      vertex -6.180000 19.021000 12.400000
      vertex -1.427000 19.773943 7.936000
    endloop
  endfacet
  facet normal -0.156463 0.987684 0.000000
    outer loop
      vertex -0.882000 19.860279 7.186000
      vertex 0.000000 20.000000 0.000000
      vertex -1.214000 19.807685 7.518000
    endloop
  endfacet
  facet normal -0.156463 0.987684 0.000000
    outer loop
      vertex -0.464000 19.926496 6.973000
      vertex 0.000000 20.000000 0.000000
      vertex -0.882000 19.860279 7.186000
    endloop
  endfacet
  facet normal -0.156463 0.987684 0.000000
    outer loop
      vertex 0.000000 20.000000 0.000000
      vertex -0.464000 19.926496 6.973000
      vertex 0.000000 20.000000 6.900000
    endloop
  endfacet
  facet normal -0.156463 0.987684 -0.000000
    outer loop
      vertex -1.214000 19.807685 9.282000
      vertex -1.060660 19.831976 9.460660
      vertex -1.048000 19.833982 9.448000
    endloop
  endfacet
  facet normal -0.453976 0.891014 0.000000
    outer loop
      vertex -11.756000 16.180000 0.000000
      vertex -11.756000 16.180000 12.400000
      vertex -6.180000 19.021000 0.000000
    endloop
  endfacet
  facet normal -0.453976 0.891014 0.000000
    outer loop
      vertex -6.180000 19.021000 0.000000
      vertex -11.756000 16.180000 12.400000
      vertex -6.180000 19.021000 12.400000
    endloop
  endfacet
  facet normal -0.707107 0.707107 0.000000
    outer loop
      vertex -16.180000 11.756000 0.000000
      vertex -16.180000 11.756000 12.400000
      vertex -11.756000 16.180000 0.000000
    endloop
  endfacet
  facet normal -0.707107 0.707107 0.000000
    outer loop
      vertex -11.756000 16.180000 0.000000
      vertex -16.180000 11.756000 12.400000
      vertex -11.756000 16.180000 12.400000
    endloop
  endfacet
  facet normal -0.891014 0.453976 0.000000
    outer loop
      vertex -19.021000 6.180000 0.000000
      vertex -19.021000 6.180000 12.400000
      vertex -16.180000 11.756000 0.000000
    endloop
  endfacet
  facet normal -0.891014 0.453976 0.000000
    outer loop
      vertex -16.180000 11.756000 0.000000
      vertex -19.021000 6.180000 12.400000
      vertex -16.180000 11.756000 12.400000
    endloop
  endfacet
  facet normal 0.965926 -0.258819 0.000000
    outer loop
      vertex -10.031088 -4.389645 0.000000
      vertex -10.031088 -4.389645 1.500000
      vertex -10.152609 -4.843166 1.500000
    endloop
  endfacet
  facet normal 0.965926 -0.258819 0.000000
    outer loop
      vertex -10.152609 -4.843166 0.000000
      vertex -10.031088 -4.389645 0.000000
      vertex -10.152609 -4.843166 1.500000
    endloop
  endfacet
  facet normal 0.998631 0.052301 0.000000
    outer loop
      vertex -10.152609 -4.843166 1.500000
      vertex -10.128072 -5.311664 1.500000
      vertex -10.128072 -5.311664 0.000000
    endloop
  endfacet
  facet normal 0.998631 0.052301 0.000000
    outer loop
      vertex -10.152609 -4.843166 0.000000
      vertex -10.152609 -4.843166 1.500000
      vertex -10.128072 -5.311664 0.000000
    endloop
  endfacet
  facet normal 0.838690 -0.544610 0.000000
    outer loop
      vertex -9.775590 -3.996182 0.000000
      vertex -9.775590 -3.996182 1.500000
      vertex -10.031088 -4.389645 1.500000
    endloop
  endfacet
  facet normal 0.838690 -0.544610 0.000000
    outer loop
      vertex -10.031088 -4.389645 0.000000
      vertex -9.775590 -3.996182 0.000000
      vertex -10.031088 -4.389645 1.500000
    endloop
  endfacet
  facet normal 0.628519 -0.777794 0.000000
    outer loop
      vertex -9.410254 -3.700962 0.000000
      vertex -9.410254 -3.700962 1.500000
      vertex -9.775590 -3.996182 1.500000
    endloop
  endfacet
  facet normal 0.628519 -0.777794 0.000000
    outer loop
      vertex -9.775590 -3.996182 0.000000
      vertex -9.410254 -3.700962 0.000000
      vertex -9.775590 -3.996182 1.500000
    endloop
  endfacet
  facet normal 0.359330 -0.933210 0.000000
    outer loop
      vertex -8.971918 -3.532182 0.000000
      vertex -8.971918 -3.532182 1.500000
      vertex -9.410254 -3.700962 1.500000
    endloop
  endfacet
  facet normal 0.359330 -0.933210 0.000000
    outer loop
      vertex -9.410254 -3.700962 0.000000
      vertex -8.971918 -3.532182 0.000000
      vertex -9.410254 -3.700962 1.500000
    endloop
  endfacet
  facet normal 0.052301 -0.998631 0.000000
    outer loop
      vertex -8.503420 -3.507645 0.000000
      vertex -8.503420 -3.507645 1.500000
      vertex -8.971918 -3.532182 1.500000
    endloop
  endfacet
  facet normal 0.052301 -0.998631 0.000000
    outer loop
      vertex -8.971918 -3.532182 0.000000
      vertex -8.503420 -3.507645 0.000000
      vertex -8.971918 -3.532182 1.500000
    endloop
  endfacet
  facet normal -0.258819 -0.965926 -0.000000
    outer loop
      vertex -8.049899 -3.629166 0.000000
      vertex -8.049899 -3.629166 1.500000
      vertex -8.503420 -3.507645 1.500000
    endloop
  endfacet
  facet normal -0.258819 -0.965926 -0.000000
    outer loop
      vertex -8.503420 -3.507645 0.000000
      vertex -8.049899 -3.629166 0.000000
      vertex -8.503420 -3.507645 1.500000
    endloop
  endfacet
  facet normal -0.544610 -0.838690 -0.000000
    outer loop
      vertex -7.656436 -3.884664 0.000000
      vertex -7.656436 -3.884664 1.500000
      vertex -8.049899 -3.629166 1.500000
    endloop
  endfacet
  facet normal -0.544610 -0.838690 -0.000000
    outer loop
      vertex -8.049899 -3.629166 0.000000
      vertex -7.656436 -3.884664 0.000000
      vertex -8.049899 -3.629166 1.500000
    endloop
  endfacet
  facet normal -0.777794 -0.628519 0.000000
    outer loop
      vertex -7.361216 -4.250000 1.500000
      vertex -7.656436 -3.884664 1.500000
      vertex -7.361216 -4.250000 0.000000
    endloop
  endfacet
  facet normal -0.777794 -0.628519 0.000000
    outer loop
      vertex -7.361216 -4.250000 0.000000
      vertex -7.656436 -3.884664 1.500000
      vertex -7.656436 -3.884664 0.000000
    endloop
  endfacet
  facet normal -0.933210 -0.359330 0.000000
    outer loop
      vertex -7.192436 -4.688336 1.500000
      vertex -7.361216 -4.250000 1.500000
      vertex -7.192436 -4.688336 0.000000
    endloop
  endfacet
  facet normal -0.933210 -0.359330 0.000000
    outer loop
      vertex -7.192436 -4.688336 0.000000
      vertex -7.361216 -4.250000 1.500000
      vertex -7.361216 -4.250000 0.000000
    endloop
  endfacet
  facet normal -0.998631 -0.052301 0.000000
    outer loop
      vertex -7.167899 -5.156834 1.500000
      vertex -7.192436 -4.688336 1.500000
      vertex -7.167899 -5.156834 0.000000
    endloop
  endfacet
  facet normal -0.998631 -0.052301 0.000000
    outer loop
      vertex -7.167899 -5.156834 0.000000
      vertex -7.192436 -4.688336 1.500000
      vertex -7.192436 -4.688336 0.000000
    endloop
  endfacet
  facet normal -0.965926 0.258819 0.000000
    outer loop
      vertex -7.167899 -5.156834 1.500000
      vertex -7.167899 -5.156834 0.000000
      vertex -7.289420 -5.610355 1.500000
    endloop
  endfacet
  facet normal -0.965926 0.258819 0.000000
    outer loop
      vertex -7.289420 -5.610355 1.500000
      vertex -7.167899 -5.156834 0.000000
      vertex -7.289420 -5.610355 0.000000
    endloop
  endfacet
  facet normal -0.838690 0.544610 0.000000
    outer loop
      vertex -7.289420 -5.610355 1.500000
      vertex -7.289420 -5.610355 0.000000
      vertex -7.544918 -6.003818 1.500000
    endloop
  endfacet
  facet normal -0.838690 0.544610 0.000000
    outer loop
      vertex -7.544918 -6.003818 1.500000
      vertex -7.289420 -5.610355 0.000000
      vertex -7.544918 -6.003818 0.000000
    endloop
  endfacet
  facet normal -0.628519 0.777794 0.000000
    outer loop
      vertex -7.544918 -6.003818 1.500000
      vertex -7.544918 -6.003818 0.000000
      vertex -7.910254 -6.299038 1.500000
    endloop
  endfacet
  facet normal -0.628519 0.777794 0.000000
    outer loop
      vertex -7.910254 -6.299038 1.500000
      vertex -7.544918 -6.003818 0.000000
      vertex -7.910254 -6.299038 0.000000
    endloop
  endfacet
  facet normal -0.359330 0.933210 0.000000
    outer loop
      vertex -7.910254 -6.299038 1.500000
      vertex -7.910254 -6.299038 0.000000
      vertex -8.348590 -6.467818 1.500000
    endloop
  endfacet
  facet normal -0.359330 0.933210 0.000000
    outer loop
      vertex -8.348590 -6.467818 1.500000
      vertex -7.910254 -6.299038 0.000000
      vertex -8.348590 -6.467818 0.000000
    endloop
  endfacet
  facet normal -0.052301 0.998631 0.000000
    outer loop
      vertex -8.348590 -6.467818 1.500000
      vertex -8.348590 -6.467818 0.000000
      vertex -8.817088 -6.492355 1.500000
    endloop
  endfacet
  facet normal -0.052301 0.998631 0.000000
    outer loop
      vertex -8.817088 -6.492355 1.500000
      vertex -8.348590 -6.467818 0.000000
      vertex -8.817088 -6.492355 0.000000
    endloop
  endfacet
  facet normal 0.258819 0.965926 -0.000000
    outer loop
      vertex -8.817088 -6.492355 1.500000
      vertex -8.817088 -6.492355 0.000000
      vertex -9.270609 -6.370834 1.500000
    endloop
  endfacet
  facet normal 0.258819 0.965926 -0.000000
    outer loop
      vertex -9.270609 -6.370834 1.500000
      vertex -8.817088 -6.492355 0.000000
      vertex -9.270609 -6.370834 0.000000
    endloop
  endfacet
  facet normal 0.544610 0.838690 -0.000000
    outer loop
      vertex -9.270609 -6.370834 1.500000
      vertex -9.270609 -6.370834 0.000000
      vertex -9.664072 -6.115336 1.500000
    endloop
  endfacet
  facet normal 0.544610 0.838690 -0.000000
    outer loop
      vertex -9.664072 -6.115336 1.500000
      vertex -9.270609 -6.370834 0.000000
      vertex -9.664072 -6.115336 0.000000
    endloop
  endfacet
  facet normal 0.777794 0.628519 0.000000
    outer loop
      vertex -9.959292 -5.750000 1.500000
      vertex -9.664072 -6.115336 1.500000
      vertex -9.664072 -6.115336 0.000000
    endloop
  endfacet
  facet normal 0.777794 0.628519 0.000000
    outer loop
      vertex -9.959292 -5.750000 0.000000
      vertex -9.959292 -5.750000 1.500000
      vertex -9.664072 -6.115336 0.000000
    endloop
  endfacet
  facet normal 0.933210 0.359330 0.000000
    outer loop
      vertex -10.128072 -5.311664 1.500000
      vertex -9.959292 -5.750000 1.500000
      vertex -9.959292 -5.750000 0.000000
    endloop
  endfacet
  facet normal 0.933210 0.359330 0.000000
    outer loop
      vertex -10.128072 -5.311664 0.000000
      vertex -10.128072 -5.311664 1.500000
      vertex -9.959292 -5.750000 0.000000
    endloop
  endfacet
  facet normal 0.987849 -0.155416 0.000000
    outer loop
      vertex -1.427000 10.464000 0.000000
      vertex -1.427000 10.464000 1.500000
      vertex -1.500000 10.000000 1.500000
    endloop
  endfacet
  facet normal 0.987849 -0.155416 0.000000
    outer loop
      vertex -1.500000 10.000000 0.000000
      vertex -1.427000 10.464000 0.000000
      vertex -1.500000 10.000000 1.500000
    endloop
  endfacet
  facet normal 0.987849 0.155416 0.000000
    outer loop
      vertex -1.500000 10.000000 1.500000
      vertex -1.427000 9.536000 1.500000
      vertex -1.427000 9.536000 0.000000
    endloop
  endfacet
  facet normal 0.987849 0.155416 0.000000
    outer loop
      vertex -1.500000 10.000000 0.000000
      vertex -1.500000 10.000000 1.500000
      vertex -1.427000 9.536000 0.000000
    endloop
  endfacet
  facet normal 0.890991 -0.454022 0.000000
    outer loop
      vertex -1.214000 10.882000 0.000000
      vertex -1.214000 10.882000 1.500000
      vertex -1.427000 10.464000 1.500000
    endloop
  endfacet
  facet normal 0.890991 -0.454022 0.000000
    outer loop
      vertex -1.427000 10.464000 0.000000
      vertex -1.214000 10.882000 0.000000
      vertex -1.427000 10.464000 1.500000
    endloop
  endfacet
  facet normal 0.707107 -0.707107 0.000000
    outer loop
      vertex -0.882000 11.214000 0.000000
      vertex -0.882000 11.214000 1.500000
      vertex -1.214000 10.882000 1.500000
    endloop
  endfacet
  facet normal 0.707107 -0.707107 0.000000
    outer loop
      vertex -1.214000 10.882000 0.000000
      vertex -0.882000 11.214000 0.000000
      vertex -1.214000 10.882000 1.500000
    endloop
  endfacet
  facet normal 0.454022 -0.890991 0.000000
    outer loop
      vertex -0.464000 11.427000 0.000000
      vertex -0.464000 11.427000 1.500000
      vertex -0.882000 11.214000 1.500000
    endloop
  endfacet
  facet normal 0.454022 -0.890991 0.000000
    outer loop
      vertex -0.882000 11.214000 0.000000
      vertex -0.464000 11.427000 0.000000
      vertex -0.882000 11.214000 1.500000
    endloop
  endfacet
  facet normal 0.155416 -0.987849 0.000000
    outer loop
      vertex 0.000000 11.500000 0.000000
      vertex 0.000000 11.500000 1.500000
      vertex -0.464000 11.427000 1.500000
    endloop
  endfacet
  facet normal 0.155416 -0.987849 0.000000
    outer loop
      vertex -0.464000 11.427000 0.000000
      vertex 0.000000 11.500000 0.000000
      vertex -0.464000 11.427000 1.500000
    endloop
  endfacet
  facet normal -0.155416 -0.987849 -0.000000
    outer loop
      vertex 0.464000 11.427000 0.000000
      vertex 0.464000 11.427000 1.500000
      vertex 0.000000 11.500000 1.500000
    endloop
  endfacet
  facet normal -0.155416 -0.987849 -0.000000
    outer loop
      vertex 0.000000 11.500000 0.000000
      vertex 0.464000 11.427000 0.000000
      vertex 0.000000 11.500000 1.500000
    endloop
  endfacet
  facet normal -0.454022 -0.890991 -0.000000
    outer loop
      vertex 0.882000 11.214000 0.000000
      vertex 0.882000 11.214000 1.500000
      vertex 0.464000 11.427000 1.500000
    endloop
  endfacet
  facet normal -0.454022 -0.890991 -0.000000
    outer loop
      vertex 0.464000 11.427000 0.000000
      vertex 0.882000 11.214000 0.000000
      vertex 0.464000 11.427000 1.500000
    endloop
  endfacet
  facet normal -0.707107 -0.707107 -0.000000
    outer loop
      vertex 1.214000 10.882000 0.000000
      vertex 1.214000 10.882000 1.500000
      vertex 0.882000 11.214000 1.500000
    endloop
  endfacet
  facet normal -0.707107 -0.707107 -0.000000
    outer loop
      vertex 0.882000 11.214000 0.000000
      vertex 1.214000 10.882000 0.000000
      vertex 0.882000 11.214000 1.500000
    endloop
  endfacet
  facet normal -0.890991 -0.454022 0.000000
    outer loop
      vertex 1.427000 10.464000 1.500000
      vertex 1.214000 10.882000 1.500000
      vertex 1.427000 10.464000 0.000000
    endloop
  endfacet
  facet normal -0.890991 -0.454022 0.000000
    outer loop
      vertex 1.427000 10.464000 0.000000
      vertex 1.214000 10.882000 1.500000
      vertex 1.214000 10.882000 0.000000
    endloop
  endfacet
  facet normal -0.987849 -0.155416 0.000000
    outer loop
      vertex 1.500000 10.000000 1.500000
      vertex 1.427000 10.464000 1.500000
      vertex 1.500000 10.000000 0.000000
    endloop
  endfacet
  facet normal -0.987849 -0.155416 0.000000
    outer loop
      vertex 1.500000 10.000000 0.000000
      vertex 1.427000 10.464000 1.500000
      vertex 1.427000 10.464000 0.000000
    endloop
  endfacet
  facet normal -0.987849 0.155416 0.000000
    outer loop
      vertex 1.500000 10.000000 1.500000
      vertex 1.500000 10.000000 0.000000
      vertex 1.427000 9.536000 1.500000
    endloop
  endfacet
  facet normal -0.987849 0.155416 0.000000
    outer loop
      vertex 1.427000 9.536000 1.500000
      vertex 1.500000 10.000000 0.000000
      vertex 1.427000 9.536000 0.000000
    endloop
  endfacet
  facet normal -0.890991 0.454022 0.000000
    outer loop
      vertex 1.427000 9.536000 1.500000
      vertex 1.427000 9.536000 0.000000
      vertex 1.214000 9.118000 1.500000
    endloop
  endfacet
  facet normal -0.890991 0.454022 0.000000
    outer loop
      vertex 1.214000 9.118000 1.500000
      vertex 1.427000 9.536000 0.000000
      vertex 1.214000 9.118000 0.000000
    endloop
  endfacet
  facet normal -0.707107 0.707107 0.000000
    outer loop
      vertex 1.214000 9.118000 1.500000
      vertex 1.214000 9.118000 0.000000
      vertex 0.882000 8.786000 1.500000
    endloop
  endfacet
  facet normal -0.707107 0.707107 0.000000
    outer loop
      vertex 0.882000 8.786000 1.500000
      vertex 1.214000 9.118000 0.000000
      vertex 0.882000 8.786000 0.000000
    endloop
  endfacet
  facet normal -0.454022 0.890991 0.000000
    outer loop
      vertex 0.882000 8.786000 1.500000
      vertex 0.882000 8.786000 0.000000
      vertex 0.464000 8.573000 1.500000
    endloop
  endfacet
  facet normal -0.454022 0.890991 0.000000
    outer loop
      vertex 0.464000 8.573000 1.500000
      vertex 0.882000 8.786000 0.000000
      vertex 0.464000 8.573000 0.000000
    endloop
  endfacet
  facet normal -0.155416 0.987849 0.000000
    outer loop
      vertex 0.464000 8.573000 1.500000
      vertex 0.464000 8.573000 0.000000
      vertex 0.000000 8.500000 1.500000
    endloop
  endfacet
  facet normal -0.155416 0.987849 0.000000
    outer loop
      vertex 0.000000 8.500000 1.500000
      vertex 0.464000 8.573000 0.000000
      vertex 0.000000 8.500000 0.000000
    endloop
  endfacet
  facet normal 0.155416 0.987849 -0.000000
    outer loop
      vertex 0.000000 8.500000 1.500000
      vertex 0.000000 8.500000 0.000000
      vertex -0.464000 8.573000 1.500000
    endloop
  endfacet
  facet normal 0.155416 0.987849 -0.000000
    outer loop
      vertex -0.464000 8.573000 1.500000
      vertex 0.000000 8.500000 0.000000
      vertex -0.464000 8.573000 0.000000
    endloop
  endfacet
  facet normal 0.454022 0.890991 -0.000000
    outer loop
      vertex -0.464000 8.573000 1.500000
      vertex -0.464000 8.573000 0.000000
      vertex -0.882000 8.786000 1.500000
    endloop
  endfacet
  facet normal 0.454022 0.890991 -0.000000
    outer loop
      vertex -0.882000 8.786000 1.500000
      vertex -0.464000 8.573000 0.000000
      vertex -0.882000 8.786000 0.000000
    endloop
  endfacet
  facet normal 0.707107 0.707107 -0.000000
    outer loop
      vertex -0.882000 8.786000 1.500000
      vertex -0.882000 8.786000 0.000000
      vertex -1.214000 9.118000 1.500000
    endloop
  endfacet
  facet normal 0.707107 0.707107 -0.000000
    outer loop
      vertex -1.214000 9.118000 1.500000
      vertex -0.882000 8.786000 0.000000
      vertex -1.214000 9.118000 0.000000
    endloop
  endfacet
  facet normal 0.890991 0.454022 0.000000
    outer loop
      vertex -1.427000 9.536000 1.500000
      vertex -1.214000 9.118000 1.500000
      vertex -1.214000 9.118000 0.000000
    endloop
  endfacet
  facet normal 0.890991 0.454022 0.000000
    outer loop
      vertex -1.427000 9.536000 0.000000
      vertex -1.427000 9.536000 1.500000
      vertex -1.214000 9.118000 0.000000
    endloop
  endfacet
  facet normal 0.998631 -0.052301 0.000000
    outer loop
      vertex 7.192436 -4.688336 0.000000
      vertex 7.192436 -4.688336 1.500000
      vertex 7.167899 -5.156834 1.500000
    endloop
  endfacet
  facet normal 0.998631 -0.052301 0.000000
    outer loop
      vertex 7.167899 -5.156834 0.000000
      vertex 7.192436 -4.688336 0.000000
      vertex 7.167899 -5.156834 1.500000
    endloop
  endfacet
  facet normal 0.933210 -0.359330 0.000000
    outer loop
      vertex 7.361216 -4.250000 0.000000
      vertex 7.361216 -4.250000 1.500000
      vertex 7.192436 -4.688336 1.500000
    endloop
  endfacet
  facet normal 0.933210 -0.359330 0.000000
    outer loop
      vertex 7.192436 -4.688336 0.000000
      vertex 7.361216 -4.250000 0.000000
      vertex 7.192436 -4.688336 1.500000
    endloop
  endfacet
  facet normal 0.777794 -0.628519 0.000000
    outer loop
      vertex 7.656436 -3.884664 0.000000
      vertex 7.656436 -3.884664 1.500000
      vertex 7.361216 -4.250000 1.500000
    endloop
  endfacet
  facet normal 0.777794 -0.628519 0.000000
    outer loop
      vertex 7.361216 -4.250000 0.000000
      vertex 7.656436 -3.884664 0.000000
      vertex 7.361216 -4.250000 1.500000
    endloop
  endfacet
  facet normal 0.544610 -0.838690 0.000000
    outer loop
      vertex 8.049899 -3.629166 0.000000
      vertex 8.049899 -3.629166 1.500000
      vertex 7.656436 -3.884664 1.500000
    endloop
  endfacet
  facet normal 0.544610 -0.838690 0.000000
    outer loop
      vertex 7.656436 -3.884664 0.000000
      vertex 8.049899 -3.629166 0.000000
      vertex 7.656436 -3.884664 1.500000
    endloop
  endfacet
  facet normal 0.258819 -0.965926 0.000000
    outer loop
      vertex 8.503420 -3.507645 0.000000
      vertex 8.503420 -3.507645 1.500000
      vertex 8.049899 -3.629166 1.500000
    endloop
  endfacet
  facet normal 0.258819 -0.965926 0.000000
    outer loop
      vertex 8.049899 -3.629166 0.000000
      vertex 8.503420 -3.507645 0.000000
      vertex 8.049899 -3.629166 1.500000
    endloop
  endfacet
  facet normal -0.052301 -0.998631 -0.000000
    outer loop
      vertex 8.971918 -3.532182 0.000000
      vertex 8.971918 -3.532182 1.500000
      vertex 8.503420 -3.507645 1.500000
    endloop
  endfacet
  facet normal -0.052301 -0.998631 -0.000000
    outer loop
      vertex 8.503420 -3.507645 0.000000
      vertex 8.971918 -3.532182 0.000000
      vertex 8.503420 -3.507645 1.500000
    endloop
  endfacet
  facet normal -0.359330 -0.933210 -0.000000
    outer loop
      vertex 9.410254 -3.700962 0.000000
      vertex 9.410254 -3.700962 1.500000
      vertex 8.971918 -3.532182 1.500000
    endloop
  endfacet
  facet normal -0.359330 -0.933210 -0.000000
    outer loop
      vertex 8.971918 -3.532182 0.000000
      vertex 9.410254 -3.700962 0.000000
      vertex 8.971918 -3.532182 1.500000
    endloop
  endfacet
  facet normal -0.628519 -0.777794 -0.000000
    outer loop
      vertex 9.775590 -3.996182 0.000000
      vertex 9.775590 -3.996182 1.500000
      vertex 9.410254 -3.700962 1.500000
    endloop
  endfacet
  facet normal -0.628519 -0.777794 -0.000000
    outer loop
      vertex 9.410254 -3.700962 0.000000
      vertex 9.775590 -3.996182 0.000000
      vertex 9.410254 -3.700962 1.500000
    endloop
  endfacet
  facet normal -0.838690 -0.544610 0.000000
    outer loop
      vertex 10.031088 -4.389645 1.500000
      vertex 9.775590 -3.996182 1.500000
      vertex 10.031088 -4.389645 0.000000
    endloop
  endfacet
  facet normal -0.838690 -0.544610 0.000000
    outer loop
      vertex 10.031088 -4.389645 0.000000
      vertex 9.775590 -3.996182 1.500000
      vertex 9.775590 -3.996182 0.000000
    endloop
  endfacet
  facet normal -0.965926 -0.258819 0.000000
    outer loop
      vertex 10.152609 -4.843166 1.500000
      vertex 10.031088 -4.389645 1.500000
      vertex 10.152609 -4.843166 0.000000
    endloop
  endfacet
  facet normal -0.965926 -0.258819 0.000000
    outer loop
      vertex 10.152609 -4.843166 0.000000
      vertex 10.031088 -4.389645 1.500000
      vertex 10.031088 -4.389645 0.000000
    endloop
  endfacet
  facet normal -0.998631 0.052301 0.000000
    outer loop
      vertex 10.152609 -4.843166 1.500000
      vertex 10.152609 -4.843166 0.000000
      vertex 10.128072 -5.311664 1.500000
    endloop
  endfacet
  facet normal -0.998631 0.052301 0.000000
    outer loop
      vertex 10.128072 -5.311664 1.500000
      vertex 10.152609 -4.843166 0.000000
      vertex 10.128072 -5.311664 0.000000
    endloop
  endfacet
  facet normal -0.933210 0.359330 0.000000
    outer loop
      vertex 10.128072 -5.311664 1.500000
      vertex 10.128072 -5.311664 0.000000
      vertex 9.959292 -5.750000 1.500000
    endloop
  endfacet
  facet normal -0.933210 0.359330 0.000000
    outer loop
      vertex 9.959292 -5.750000 1.500000
      vertex 10.128072 -5.311664 0.000000
      vertex 9.959292 -5.750000 0.000000
    endloop
  endfacet
  facet normal -0.777794 0.628519 0.000000
    outer loop
      vertex 9.959292 -5.750000 1.500000
      vertex 9.959292 -5.750000 0.000000
      vertex 9.664072 -6.115336 1.500000
    endloop
  endfacet
  facet normal -0.777794 0.628519 0.000000
    outer loop
      vertex 9.664072 -6.115336 1.500000
      vertex 9.959292 -5.750000 0.000000
      vertex 9.664072 -6.115336 0.000000
    endloop
  endfacet
  facet normal -0.544610 0.838690 0.000000
    outer loop
      vertex 9.664072 -6.115336 1.500000
      vertex 9.664072 -6.115336 0.000000
      vertex 9.270609 -6.370834 1.500000
    endloop
  endfacet
  facet normal -0.544610 0.838690 0.000000
    outer loop
      vertex 9.270609 -6.370834 1.500000
      vertex 9.664072 -6.115336 0.000000
      vertex 9.270609 -6.370834 0.000000
    endloop
  endfacet
  facet normal -0.258819 0.965926 0.000000
    outer loop
      vertex 9.270609 -6.370834 1.500000
      vertex 9.270609 -6.370834 0.000000
      vertex 8.817088 -6.492355 1.500000
    endloop
  endfacet
  facet normal -0.258819 0.965926 0.000000
    outer loop
      vertex 8.817088 -6.492355 1.500000
      vertex 9.270609 -6.370834 0.000000
      vertex 8.817088 -6.492355 0.000000
    endloop
  endfacet
  facet normal 0.052301 0.998631 -0.000000
    outer loop
      vertex 8.817088 -6.492355 1.500000
      vertex 8.817088 -6.492355 0.000000
      vertex 8.348590 -6.467818 1.500000
    endloop
  endfacet
  facet normal 0.052301 0.998631 -0.000000
    outer loop
      vertex 8.348590 -6.467818 1.500000
      vertex 8.817088 -6.492355 0.000000
      vertex 8.348590 -6.467818 0.000000
    endloop
  endfacet
  facet normal 0.359330 0.933210 -0.000000
    outer loop
      vertex 8.348590 -6.467818 1.500000
      vertex 8.348590 -6.467818 0.000000
      vertex 7.910254 -6.299038 1.500000
    endloop
  endfacet
  facet normal 0.359330 0.933210 -0.000000
    outer loop
      vertex 7.910254 -6.299038 1.500000
      vertex 8.348590 -6.467818 0.000000
      vertex 7.910254 -6.299038 0.000000
    endloop
  endfacet
  facet normal 0.628519 0.777794 -0.000000
    outer loop
      vertex 7.910254 -6.299038 1.500000
      vertex 7.910254 -6.299038 0.000000
      vertex 7.544918 -6.003818 1.500000
    endloop
  endfacet
  facet normal 0.628519 0.777794 -0.000000
    outer loop
      vertex 7.544918 -6.003818 1.500000
      vertex 7.910254 -6.299038 0.000000
      vertex 7.544918 -6.003818 0.000000
    endloop
  endfacet
  facet normal 0.838690 0.544610 0.000000
    outer loop
      vertex 7.289420 -5.610355 1.500000
      vertex 7.544918 -6.003818 1.500000
      vertex 7.544918 -6.003818 0.000000
    endloop
  endfacet
  facet normal 0.838690 0.544610 0.000000
    outer loop
      vertex 7.289420 -5.610355 0.000000
      vertex 7.289420 -5.610355 1.500000
      vertex 7.544918 -6.003818 0.000000
    endloop
  endfacet
  facet normal 0.965926 0.258819 0.000000
    outer loop
      vertex 7.167899 -5.156834 1.500000
      vertex 7.289420 -5.610355 1.500000
      vertex 7.289420 -5.610355 0.000000
    endloop
  endfacet
  facet normal 0.965926 0.258819 0.000000
    outer loop
      vertex 7.167899 -5.156834 0.000000
      vertex 7.167899 -5.156834 1.500000
      vertex 7.289420 -5.610355 0.000000
    endloop
  endfacet
  facet normal 0.000000 0.000000 1.000000
    outer loop
      vertex -19.021000 6.180000 12.400000
      vertex -20.000000 0.000000 12.400000
      vertex -19.021000 -6.180000 12.400000
    endloop
  endfacet
  facet normal 0.000000 0.000000 1.000000
    outer loop
      vertex -15.343009 -5.625129 12.400000
      vertex -12.543009 -10.474871 12.400000
      vertex -19.021000 6.180000 12.400000
    endloop
  endfacet
  facet normal 0.000000 0.000000 1.000000
    outer loop
      vertex -17.421470 -6.825129 12.400000
      vertex -19.021000 6.180000 12.400000
      vertex -19.021000 -6.180000 12.400000
    endloop
  endfacet
  facet normal 0.000000 0.000000 1.000000
    outer loop
      vertex -13.885000 4.512000 12.400000
      vertex -11.812000 8.582000 12.400000
      vertex -19.021000 6.180000 12.400000
    endloop
  endfacet
  facet normal 0.000000 0.000000 1.000000
    outer loop
      vertex 17.421470 -6.825129 12.400000
      vertex 14.621470 -11.674871 12.400000
      vertex 16.180000 -11.756000 12.400000
    endloop
  endfacet
  facet normal 0.000000 0.000000 1.000000
    outer loop
      vertex -2.800000 16.100000 12.400000
      vertex -8.582000 11.812000 12.400000
      vertex -4.512000 13.885000 12.400000
    endloop
  endfacet
  facet normal 0.000000 0.000000 1.000000
    outer loop
      vertex 4.512000 13.885000 12.400000
      vertex 8.582000 11.812000 12.400000
      vertex 11.756000 16.180000 12.400000
    endloop
  endfacet
  facet normal 0.000000 -0.000000 1.000000
    outer loop
      vertex -11.756000 16.180000 12.400000
      vertex -19.021000 6.180000 12.400000
      vertex -6.180000 19.021000 12.400000
    endloop
  endfacet
  facet normal 0.000000 -0.000000 1.000000
    outer loop
      vertex -16.180000 11.756000 12.400000
      vertex -19.021000 6.180000 12.400000
      vertex -11.756000 16.180000 12.400000
    endloop
  endfacet
  facet normal 0.000000 0.000000 1.000000
    outer loop
      vertex -16.180000 -11.756000 12.400000
      vertex -17.421470 -6.825129 12.400000
      vertex -19.021000 -6.180000 12.400000
    endloop
  endfacet
  facet normal 0.000000 0.000000 1.000000
    outer loop
      vertex -13.885000 -4.512000 12.400000
      vertex -14.600000 0.000000 12.400000
      vertex -19.021000 6.180000 12.400000
    endloop
  endfacet
  facet normal -0.000000 0.000000 1.000000
    outer loop
      vertex -2.800000 16.100000 12.400000
      vertex -2.800000 18.500000 12.400000
      vertex -19.021000 6.180000 12.400000
    endloop
  endfacet
  facet normal 0.000000 -0.000000 1.000000
    outer loop
      vertex -12.543009 -10.474871 12.400000
      vertex -14.621470 -11.674871 12.400000
      vertex -11.756000 -16.180000 12.400000
    endloop
  endfacet
  facet normal 0.000000 0.000000 1.000000
    outer loop
      vertex -6.180000 -19.021000 12.400000
      vertex -12.543009 -10.474871 12.400000
      vertex -11.756000 -16.180000 12.400000
    endloop
  endfacet
  facet normal -0.000000 -0.000000 1.000000
    outer loop
      vertex -13.885000 -4.512000 12.400000
      vertex -19.021000 6.180000 12.400000
      vertex -12.543009 -10.474871 12.400000
    endloop
  endfacet
  facet normal 0.000000 0.000000 1.000000
    outer loop
      vertex -11.756000 -16.180000 12.400000
      vertex -14.621470 -11.674871 12.400000
      vertex -16.180000 -11.756000 12.400000
    endloop
  endfacet
  facet normal 0.000000 0.000000 1.000000
    outer loop
      vertex 2.800000 16.100000 12.400000
      vertex -4.512000 13.885000 12.400000
      vertex 0.000000 14.600000 12.400000
    endloop
  endfacet
  facet normal -0.000000 0.000000 1.000000
    outer loop
      vertex -11.812000 -8.582000 12.400000
      vertex -13.885000 -4.512000 12.400000
      vertex -12.543009 -10.474871 12.400000
    endloop
  endfacet
  facet normal 0.000000 0.000000 1.000000
    outer loop
      vertex 2.800000 16.100000 12.400000
      vertex -2.800000 16.100000 12.400000
      vertex -4.512000 13.885000 12.400000
    endloop
  endfacet
  facet normal 0.000000 0.000000 1.000000
    outer loop
      vertex 12.543009 -10.474871 12.400000
      vertex 13.885000 -4.512000 12.400000
      vertex 11.812000 -8.582000 12.400000
    endloop
  endfacet
  facet normal 0.000000 0.000000 1.000000
    outer loop
      vertex 8.582000 11.812000 12.400000
      vertex 11.812000 8.582000 12.400000
      vertex 16.180000 11.756000 12.400000
    endloop
  endfacet
  facet normal 0.000000 0.000000 1.000000
    outer loop
      vertex 13.885000 4.512000 12.400000
      vertex 14.600000 0.000000 12.400000
      vertex 20.000000 0.000000 12.400000
    endloop
  endfacet
  facet normal 0.000000 0.000000 1.000000
    outer loop
      vertex -2.800000 18.500000 12.400000
      vertex 2.800000 18.500000 12.400000
      vertex 0.000000 20.000000 12.400000
    endloop
  endfacet
  facet normal 0.000000 -0.000000 1.000000
    outer loop
      vertex 2.800000 18.500000 12.400000
      vertex 2.800000 16.100000 12.400000
      vertex 6.180000 19.021000 12.400000
    endloop
  endfacet
  facet normal 0.000000 -0.000000 1.000000
    outer loop
      vertex 2.800000 16.100000 12.400000
      vertex 0.000000 14.600000 12.400000
      vertex 11.756000 16.180000 12.400000
    endloop
  endfacet
  facet normal 0.000000 0.000000 1.000000
    outer loop
      vertex 0.000000 14.600000 12.400000
      vertex 4.512000 13.885000 12.400000
      vertex 11.756000 16.180000 12.400000
    endloop
  endfacet
  facet normal 0.000000 -0.000000 1.000000
    outer loop
      vertex 11.756000 16.180000 12.400000
      vertex 8.582000 11.812000 12.400000
      vertex 16.180000 11.756000 12.400000
    endloop
  endfacet
  facet normal -0.000000 0.000000 1.000000
    outer loop
      vertex -11.812000 8.582000 12.400000
      vertex -8.582000 11.812000 12.400000
      vertex -19.021000 6.180000 12.400000
    endloop
  endfacet
  facet normal 0.000000 -0.000000 1.000000
    outer loop
      vertex 16.180000 11.756000 12.400000
      vertex 11.812000 8.582000 12.400000
      vertex 19.021000 6.180000 12.400000
    endloop
  endfacet
  facet normal 0.000000 -0.000000 1.000000
    outer loop
      vertex 11.812000 -8.582000 12.400000
      vertex 8.582000 -11.812000 12.400000
      vertex 12.543009 -10.474871 12.400000
    endloop
  endfacet
  facet normal 0.000000 -0.000000 1.000000
    outer loop
      vertex 19.021000 6.180000 12.400000
      vertex 13.885000 4.512000 12.400000
      vertex 20.000000 0.000000 12.400000
    endloop
  endfacet
  facet normal 0.000000 0.000000 1.000000
    outer loop
      vertex 20.000000 0.000000 12.400000
      vertex 14.600000 0.000000 12.400000
      vertex 19.021000 -6.180000 12.400000
    endloop
  endfacet
  facet normal 0.000000 0.000000 1.000000
    outer loop
      vertex 11.812000 8.582000 12.400000
      vertex 13.885000 4.512000 12.400000
      vertex 19.021000 6.180000 12.400000
    endloop
  endfacet
  facet normal 0.000000 0.000000 1.000000
    outer loop
      vertex 12.543009 -10.474871 12.400000
      vertex 15.343009 -5.625129 12.400000
      vertex 13.885000 -4.512000 12.400000
    endloop
  endfacet
  facet normal 0.000000 0.000000 1.000000
    outer loop
      vertex 16.180000 -11.756000 12.400000
      vertex 8.582000 -11.812000 12.400000
      vertex 11.756000 -16.180000 12.400000
    endloop
  endfacet
  facet normal 0.000000 -0.000000 1.000000
    outer loop
      vertex 14.600000 0.000000 12.400000
      vertex 13.885000 -4.512000 12.400000
      vertex 19.021000 -6.180000 12.400000
    endloop
  endfacet
  facet normal -0.000000 0.000000 1.000000
    outer loop
      vertex 11.756000 -16.180000 12.400000
      vertex 4.512000 -13.885000 12.400000
      vertex 6.180000 -19.021000 12.400000
    endloop
  endfacet
  facet normal -0.000000 0.000000 1.000000
    outer loop
      vertex 6.180000 -19.021000 12.400000
      vertex 0.000000 -14.600000 12.400000
      vertex 0.000000 -20.000000 12.400000
    endloop
  endfacet
  facet normal 0.000000 0.000000 1.000000
    outer loop
      vertex 0.000000 -20.000000 12.400000
      vertex -4.512000 -13.885000 12.400000
      vertex -6.180000 -19.021000 12.400000
    endloop
  endfacet
  facet normal -0.000000 0.000000 1.000000
    outer loop
      vertex -4.512000 -13.885000 12.400000
      vertex -8.582000 -11.812000 12.400000
      vertex -6.180000 -19.021000 12.400000
    endloop
  endfacet
  facet normal 0.000000 0.000000 1.000000
    outer loop
      vertex -6.180000 -19.021000 12.400000
      vertex -11.812000 -8.582000 12.400000
      vertex -12.543009 -10.474871 12.400000
    endloop
  endfacet
  facet normal 0.000000 0.000000 1.000000
    outer loop
      vertex -6.180000 19.021000 12.400000
      vertex -2.800000 18.500000 12.400000
      vertex 0.000000 20.000000 12.400000
    endloop
  endfacet
  facet normal 0.000000 -0.000000 1.000000
    outer loop
      vertex -6.180000 19.021000 12.400000
      vertex -19.021000 6.180000 12.400000
      vertex -2.800000 18.500000 12.400000
    endloop
  endfacet
  facet normal 0.000000 0.000000 1.000000
    outer loop
      vertex 0.000000 20.000000 12.400000
      vertex 2.800000 18.500000 12.400000
      vertex 6.180000 19.021000 12.400000
    endloop
  endfacet
  facet normal 0.000000 -0.000000 1.000000
    outer loop
      vertex 6.180000 19.021000 12.400000
      vertex 2.800000 16.100000 12.400000
      vertex 11.756000 16.180000 12.400000
    endloop
  endfacet
  facet normal 0.000000 0.000000 1.000000
    outer loop
      vertex -2.800000 16.100000 12.400000
      vertex -19.021000 6.180000 12.400000
      vertex -8.582000 11.812000 12.400000
    endloop
  endfacet
  facet normal -0.000000 0.000000 1.000000
    outer loop
      vertex 16.180000 -11.756000 12.400000
      vertex 14.621470 -11.674871 12.400000
      vertex 8.582000 -11.812000 12.400000
    endloop
  endfacet
  facet normal 0.000000 -0.000000 1.000000
    outer loop
      vertex 12.543009 -10.474871 12.400000
      vertex 8.582000 -11.812000 12.400000
      vertex 14.621470 -11.674871 12.400000
    endloop
  endfacet
  facet normal 0.000000 0.000000 1.000000
    outer loop
      vertex 19.021000 -6.180000 12.400000
      vertex 13.885000 -4.512000 12.400000
      vertex 15.343009 -5.625129 12.400000
    endloop
  endfacet
  facet normal 0.000000 0.000000 1.000000
    outer loop
      vertex 19.021000 -6.180000 12.400000
      vertex 17.421470 -6.825129 12.400000
      vertex 16.180000 -11.756000 12.400000
    endloop
  endfacet
  facet normal -0.000000 0.000000 1.000000
    outer loop
      vertex 19.021000 -6.180000 12.400000
      vertex 15.343009 -5.625129 12.400000
      vertex 17.421470 -6.825129 12.400000
    endloop
  endfacet
  facet normal 0.000000 0.000000 1.000000
    outer loop
      vertex -17.421470 -6.825129 12.400000
      vertex -15.343009 -5.625129 12.400000
      vertex -19.021000 6.180000 12.400000
    endloop
  endfacet
  facet normal -0.000000 0.000000 1.000000
    outer loop
      vertex -14.621470 -11.674871 12.400000
      vertex -17.421470 -6.825129 12.400000
      vertex -16.180000 -11.756000 12.400000
    endloop
  endfacet
  facet normal -0.000000 0.000000 1.000000
    outer loop
      vertex 0.000000 -14.600000 12.400000
      vertex -4.512000 -13.885000 12.400000
      vertex 0.000000 -20.000000 12.400000
    endloop
  endfacet
  facet normal 0.000000 -0.000000 1.000000
    outer loop
      vertex 8.582000 -11.812000 12.400000
      vertex 4.512000 -13.885000 12.400000
      vertex 11.756000 -16.180000 12.400000
    endloop
  endfacet
  facet normal 0.000000 -0.000000 1.000000
    outer loop
      vertex 4.512000 -13.885000 12.400000
      vertex 0.000000 -14.600000 12.400000
      vertex 6.180000 -19.021000 12.400000
    endloop
  endfacet
  facet normal -0.000000 -0.000000 1.000000
    outer loop
      vertex -8.582000 -11.812000 12.400000
      vertex -11.812000 -8.582000 12.400000
      vertex -6.180000 -19.021000 12.400000
    endloop
  endfacet
  facet normal 0.000000 0.000000 1.000000
    outer loop
      vertex -14.600000 0.000000 12.400000
      vertex -13.885000 4.512000 12.400000
      vertex -19.021000 6.180000 12.400000
    endloop
  endfacet
  facet normal 0.493925 -0.855502 0.155416
    outer loop
      vertex -17.779278 -8.617114 7.936000
      vertex -16.734970 -8.014182 7.936000
      vertex -16.771470 -7.950962 8.400000
    endloop
  endfacet
  facet normal 0.493925 -0.855502 0.155416
    outer loop
      vertex -17.812464 -8.551980 8.400000
      vertex -17.779278 -8.617114 7.936000
      vertex -16.771470 -7.950962 8.400000
    endloop
  endfacet
  facet normal 0.445495 -0.771621 0.454022
    outer loop
      vertex -17.682449 -8.807160 7.518000
      vertex -16.628470 -8.198645 7.518000
      vertex -16.734970 -8.014182 7.936000
    endloop
  endfacet
  facet normal 0.445495 -0.771621 0.454022
    outer loop
      vertex -17.779278 -8.617114 7.936000
      vertex -17.682449 -8.807160 7.518000
      vertex -16.734970 -8.014182 7.936000
    endloop
  endfacet
  facet normal 0.353553 -0.612372 0.707107
    outer loop
      vertex -17.531522 -9.103383 7.186000
      vertex -16.462470 -8.486166 7.186000
      vertex -16.628470 -8.198645 7.518000
    endloop
  endfacet
  facet normal 0.353553 -0.612372 0.707107
    outer loop
      vertex -17.682449 -8.807160 7.518000
      vertex -17.531522 -9.103383 7.186000
      vertex -16.628470 -8.198645 7.518000
    endloop
  endfacet
  facet normal 0.227011 -0.393194 0.890991
    outer loop
      vertex -17.341499 -9.476338 6.973000
      vertex -16.253470 -8.848164 6.973000
      vertex -16.462470 -8.486166 7.186000
    endloop
  endfacet
  facet normal 0.227011 -0.393194 0.890991
    outer loop
      vertex -17.531522 -9.103383 7.186000
      vertex -17.341499 -9.476338 6.973000
      vertex -16.462470 -8.486166 7.186000
    endloop
  endfacet
  facet normal 0.077708 -0.134594 0.987849
    outer loop
      vertex -17.130565 -9.890336 6.900000
      vertex -16.021470 -9.250000 6.900000
      vertex -16.253470 -8.848164 6.973000
    endloop
  endfacet
  facet normal 0.077708 -0.134594 0.987849
    outer loop
      vertex -17.341499 -9.476338 6.973000
      vertex -17.130565 -9.890336 6.900000
      vertex -16.253470 -8.848164 6.973000
    endloop
  endfacet
  facet normal -0.077708 0.134594 0.987849
    outer loop
      vertex -16.919631 -10.304334 6.973000
      vertex -15.789470 -9.651836 6.973000
      vertex -16.021470 -9.250000 6.900000
    endloop
  endfacet
  facet normal -0.077708 0.134594 0.987849
    outer loop
      vertex -17.130565 -9.890336 6.900000
      vertex -16.919631 -10.304334 6.973000
      vertex -16.021470 -9.250000 6.900000
    endloop
  endfacet
  facet normal -0.227011 0.393194 0.890991
    outer loop
      vertex -16.729608 -10.677290 7.186000
      vertex -15.580470 -10.013834 7.186000
      vertex -15.789470 -9.651836 6.973000
    endloop
  endfacet
  facet normal -0.227011 0.393194 0.890991
    outer loop
      vertex -16.919631 -10.304334 6.973000
      vertex -16.729608 -10.677290 7.186000
      vertex -15.789470 -9.651836 6.973000
    endloop
  endfacet
  facet normal -0.353553 0.612372 0.707107
    outer loop
      vertex -16.578681 -10.973513 7.518000
      vertex -15.414470 -10.301355 7.518000
      vertex -15.580470 -10.013834 7.186000
    endloop
  endfacet
  facet normal -0.353553 0.612372 0.707107
    outer loop
      vertex -16.729608 -10.677290 7.186000
      vertex -16.578681 -10.973513 7.518000
      vertex -15.580470 -10.013834 7.186000
    endloop
  endfacet
  facet normal -0.445495 0.771621 0.454022
    outer loop
      vertex -15.307970 -10.485818 7.936000
      vertex -15.414470 -10.301355 7.518000
      vertex -16.481852 -11.163559 7.936000
    endloop
  endfacet
  facet normal -0.445495 0.771621 0.454022
    outer loop
      vertex -16.481852 -11.163559 7.936000
      vertex -15.414470 -10.301355 7.518000
      vertex -16.578681 -10.973513 7.518000
    endloop
  endfacet
  facet normal -0.493925 0.855502 0.155416
    outer loop
      vertex -15.271470 -10.549038 8.400000
      vertex -15.307970 -10.485818 7.936000
      vertex -16.448666 -11.228692 8.400000
    endloop
  endfacet
  facet normal -0.493925 0.855502 0.155416
    outer loop
      vertex -16.448666 -11.228692 8.400000
      vertex -15.307970 -10.485818 7.936000
      vertex -16.481852 -11.163559 7.936000
    endloop
  endfacet
  facet normal -0.493925 0.855502 -0.155416
    outer loop
      vertex -15.271470 -10.549038 8.400000
      vertex -16.448666 -11.228692 8.400000
      vertex -15.307970 -10.485818 8.864000
    endloop
  endfacet
  facet normal -0.493925 0.855502 -0.155416
    outer loop
      vertex -15.307970 -10.485818 8.864000
      vertex -16.448666 -11.228692 8.400000
      vertex -16.481852 -11.163559 8.864000
    endloop
  endfacet
  facet normal -0.445495 0.771621 -0.454022
    outer loop
      vertex -15.307970 -10.485818 8.864000
      vertex -16.481852 -11.163559 8.864000
      vertex -15.414470 -10.301355 9.282000
    endloop
  endfacet
  facet normal -0.445495 0.771621 -0.454022
    outer loop
      vertex -15.414470 -10.301355 9.282000
      vertex -16.481852 -11.163559 8.864000
      vertex -16.578681 -10.973513 9.282000
    endloop
  endfacet
  facet normal -0.353553 0.612372 -0.707107
    outer loop
      vertex -15.414470 -10.301355 9.282000
      vertex -16.578681 -10.973513 9.282000
      vertex -15.497470 -10.157595 9.448000
    endloop
  endfacet
  facet normal -0.353553 0.612372 -0.707107
    outer loop
      vertex -15.497470 -10.157595 9.448000
      vertex -16.578681 -10.973513 9.282000
      vertex -16.654145 -10.825401 9.448000
    endloop
  endfacet
  facet normal -0.353553 0.612372 0.707107
    outer loop
      vertex -16.648389 -10.836697 9.460660
      vertex -15.491140 -10.168559 9.460660
      vertex -15.497470 -10.157595 9.448000
    endloop
  endfacet
  facet normal -0.353553 0.612372 0.707107
    outer loop
      vertex -16.654145 -10.825401 9.448000
      vertex -16.648389 -10.836697 9.460660
      vertex -15.497470 -10.157595 9.448000
    endloop
  endfacet
  facet normal -0.353553 0.612372 -0.707107
    outer loop
      vertex -15.491140 -10.168559 9.460660
      vertex -16.648389 -10.836697 9.460660
      vertex -16.021470 -9.250000 10.521320
    endloop
  endfacet
  facet normal -0.353553 0.612372 -0.707107
    outer loop
      vertex -16.021470 -9.250000 10.521320
      vertex -16.648389 -10.836697 9.460660
      vertex -17.130565 -9.890336 10.521320
    endloop
  endfacet
  facet normal 0.353553 -0.612372 -0.707107
    outer loop
      vertex -16.021470 -9.250000 10.521320
      vertex -17.130565 -9.890336 10.521320
      vertex -16.551800 -8.331441 9.460660
    endloop
  endfacet
  facet normal 0.353553 -0.612372 -0.707107
    outer loop
      vertex -16.551800 -8.331441 9.460660
      vertex -17.130565 -9.890336 10.521320
      vertex -17.612741 -8.943976 9.460660
    endloop
  endfacet
  facet normal 0.353553 -0.612372 0.707107
    outer loop
      vertex -17.606985 -8.955272 9.448000
      vertex -16.545470 -8.342405 9.448000
      vertex -16.551800 -8.331441 9.460660
    endloop
  endfacet
  facet normal 0.353553 -0.612372 0.707107
    outer loop
      vertex -17.612741 -8.943976 9.460660
      vertex -17.606985 -8.955272 9.448000
      vertex -16.551800 -8.331441 9.460660
    endloop
  endfacet
  facet normal 0.353553 -0.612372 -0.707107
    outer loop
      vertex -16.545470 -8.342405 9.448000
      vertex -17.606985 -8.955272 9.448000
      vertex -16.628470 -8.198645 9.282000
    endloop
  endfacet
  facet normal 0.353553 -0.612372 -0.707107
    outer loop
      vertex -16.628470 -8.198645 9.282000
      vertex -17.606985 -8.955272 9.448000
      vertex -17.682449 -8.807160 9.282000
    endloop
  endfacet
  facet normal 0.445495 -0.771621 -0.454022
    outer loop
      vertex -16.734970 -8.014182 8.864000
      vertex -16.628470 -8.198645 9.282000
      vertex -17.682449 -8.807160 9.282000
    endloop
  endfacet
  facet normal 0.445495 -0.771621 -0.454022
    outer loop
      vertex -17.779278 -8.617114 8.864000
      vertex -16.734970 -8.014182 8.864000
      vertex -17.682449 -8.807160 9.282000
    endloop
  endfacet
  facet normal 0.493925 -0.855502 -0.155416
    outer loop
      vertex -16.771470 -7.950962 8.400000
      vertex -16.734970 -8.014182 8.864000
      vertex -17.779278 -8.617114 8.864000
    endloop
  endfacet
  facet normal 0.493925 -0.855502 -0.155416
    outer loop
      vertex -17.812464 -8.551980 8.400000
      vertex -16.771470 -7.950962 8.400000
      vertex -17.779278 -8.617114 8.864000
    endloop
  endfacet
  facet normal 0.445495 0.771621 0.454022
    outer loop
      vertex 16.578681 -10.973513 7.518000
      vertex 15.414470 -10.301355 7.518000
      vertex 16.481852 -11.163559 7.936000
    endloop
  endfacet
  facet normal 0.445495 0.771621 0.454022
    outer loop
      vertex 16.481852 -11.163559 7.936000
      vertex 15.414470 -10.301355 7.518000
      vertex 15.307970 -10.485818 7.936000
    endloop
  endfacet
  facet normal 0.493925 0.855502 0.155416
    outer loop
      vertex 16.481852 -11.163559 7.936000
      vertex 15.307970 -10.485818 7.936000
      vertex 16.448666 -11.228692 8.400000
    endloop
  endfacet
  facet normal 0.493925 0.855502 0.155416
    outer loop
      vertex 16.448666 -11.228692 8.400000
      vertex 15.307970 -10.485818 7.936000
      vertex 15.271470 -10.549038 8.400000
    endloop
  endfacet
  facet normal 0.353553 0.612372 0.707107
    outer loop
      vertex 16.578681 -10.973513 7.518000
      vertex 16.729608 -10.677290 7.186000
      vertex 15.580470 -10.013834 7.186000
    endloop
  endfacet
  facet normal 0.353553 0.612372 0.707107
    outer loop
      vertex 15.414470 -10.301355 7.518000
      vertex 16.578681 -10.973513 7.518000
      vertex 15.580470 -10.013834 7.186000
    endloop
  endfacet
  facet normal 0.227011 0.393194 0.890991
    outer loop
      vertex 16.729608 -10.677290 7.186000
      vertex 16.919631 -10.304334 6.973000
      vertex 15.789470 -9.651836 6.973000
    endloop
  endfacet
  facet normal 0.227011 0.393194 0.890991
    outer loop
      vertex 15.580470 -10.013834 7.186000
      vertex 16.729608 -10.677290 7.186000
      vertex 15.789470 -9.651836 6.973000
    endloop
  endfacet
  facet normal 0.077708 0.134594 0.987849
    outer loop
      vertex 16.919631 -10.304334 6.973000
      vertex 17.130565 -9.890336 6.900000
      vertex 16.021470 -9.250000 6.900000
    endloop
  endfacet
  facet normal 0.077708 0.134594 0.987849
    outer loop
      vertex 15.789470 -9.651836 6.973000
      vertex 16.919631 -10.304334 6.973000
      vertex 16.021470 -9.250000 6.900000
    endloop
  endfacet
  facet normal -0.077708 -0.134594 0.987849
    outer loop
      vertex 17.130565 -9.890336 6.900000
      vertex 17.341499 -9.476338 6.973000
      vertex 16.253470 -8.848164 6.973000
    endloop
  endfacet
  facet normal -0.077708 -0.134594 0.987849
    outer loop
      vertex 16.021470 -9.250000 6.900000
      vertex 17.130565 -9.890336 6.900000
      vertex 16.253470 -8.848164 6.973000
    endloop
  endfacet
  facet normal -0.227011 -0.393194 0.890991
    outer loop
      vertex 17.341499 -9.476338 6.973000
      vertex 17.531522 -9.103383 7.186000
      vertex 16.462470 -8.486166 7.186000
    endloop
  endfacet
  facet normal -0.227011 -0.393194 0.890991
    outer loop
      vertex 16.253470 -8.848164 6.973000
      vertex 17.341499 -9.476338 6.973000
      vertex 16.462470 -8.486166 7.186000
    endloop
  endfacet
  facet normal -0.353553 -0.612372 0.707107
    outer loop
      vertex 17.531522 -9.103383 7.186000
      vertex 17.682449 -8.807160 7.518000
      vertex 16.628470 -8.198645 7.518000
    endloop
  endfacet
  facet normal -0.353553 -0.612372 0.707107
    outer loop
      vertex 16.462470 -8.486166 7.186000
      vertex 17.531522 -9.103383 7.186000
      vertex 16.628470 -8.198645 7.518000
    endloop
  endfacet
  facet normal -0.445495 -0.771621 0.454022
    outer loop
      vertex 17.682449 -8.807160 7.518000
      vertex 17.779278 -8.617114 7.936000
      vertex 16.734970 -8.014182 7.936000
    endloop
  endfacet
  facet normal -0.445495 -0.771621 0.454022
    outer loop
      vertex 16.628470 -8.198645 7.518000
      vertex 17.682449 -8.807160 7.518000
      vertex 16.734970 -8.014182 7.936000
    endloop
  endfacet
  facet normal -0.493925 -0.855502 0.155416
    outer loop
      vertex 17.779278 -8.617114 7.936000
      vertex 17.812464 -8.551980 8.400000
      vertex 16.771470 -7.950962 8.400000
    endloop
  endfacet
  facet normal -0.493925 -0.855502 0.155416
    outer loop
      vertex 16.734970 -8.014182 7.936000
      vertex 17.779278 -8.617114 7.936000
      vertex 16.771470 -7.950962 8.400000
    endloop
  endfacet
  facet normal -0.493925 -0.855502 -0.155416
    outer loop
      vertex 16.771470 -7.950962 8.400000
      vertex 17.812464 -8.551980 8.400000
      vertex 17.779278 -8.617114 8.864000
    endloop
  endfacet
  facet normal -0.493925 -0.855502 -0.155416
    outer loop
      vertex 16.734970 -8.014182 8.864000
      vertex 16.771470 -7.950962 8.400000
      vertex 17.779278 -8.617114 8.864000
    endloop
  endfacet
  facet normal -0.445495 -0.771621 -0.454022
    outer loop
      vertex 16.734970 -8.014182 8.864000
      vertex 17.779278 -8.617114 8.864000
      vertex 17.682449 -8.807160 9.282000
    endloop
  endfacet
  facet normal -0.445495 -0.771621 -0.454022
    outer loop
      vertex 16.628470 -8.198645 9.282000
      vertex 16.734970 -8.014182 8.864000
      vertex 17.682449 -8.807160 9.282000
    endloop
  endfacet
  facet normal -0.353553 -0.612372 -0.707107
    outer loop
      vertex 17.682449 -8.807160 9.282000
      vertex 17.606985 -8.955272 9.448000
      vertex 16.628470 -8.198645 9.282000
    endloop
  endfacet
  facet normal -0.353553 -0.612372 -0.707107
    outer loop
      vertex 16.628470 -8.198645 9.282000
      vertex 17.606985 -8.955272 9.448000
      vertex 16.545470 -8.342405 9.448000
    endloop
  endfacet
  facet normal -0.353553 -0.612372 0.707107
    outer loop
      vertex 17.606985 -8.955272 9.448000
      vertex 17.612741 -8.943976 9.460660
      vertex 16.551800 -8.331441 9.460660
    endloop
  endfacet
  facet normal -0.353553 -0.612372 0.707107
    outer loop
      vertex 16.545470 -8.342405 9.448000
      vertex 17.606985 -8.955272 9.448000
      vertex 16.551800 -8.331441 9.460660
    endloop
  endfacet
  facet normal -0.353553 -0.612372 -0.707107
    outer loop
      vertex 17.612741 -8.943976 9.460660
      vertex 17.130565 -9.890336 10.521320
      vertex 16.551800 -8.331441 9.460660
    endloop
  endfacet
  facet normal -0.353553 -0.612372 -0.707107
    outer loop
      vertex 16.551800 -8.331441 9.460660
      vertex 17.130565 -9.890336 10.521320
      vertex 16.021470 -9.250000 10.521320
    endloop
  endfacet
  facet normal 0.353553 0.612372 -0.707107
    outer loop
      vertex 17.130565 -9.890336 10.521320
      vertex 16.648389 -10.836697 9.460660
      vertex 16.021470 -9.250000 10.521320
    endloop
  endfacet
  facet normal 0.353553 0.612372 -0.707107
    outer loop
      vertex 16.021470 -9.250000 10.521320
      vertex 16.648389 -10.836697 9.460660
      vertex 15.491140 -10.168559 9.460660
    endloop
  endfacet
  facet normal 0.353553 0.612372 0.707107
    outer loop
      vertex 16.648389 -10.836697 9.460660
      vertex 16.654145 -10.825401 9.448000
      vertex 15.497470 -10.157595 9.448000
    endloop
  endfacet
  facet normal 0.353553 0.612372 0.707107
    outer loop
      vertex 15.491140 -10.168559 9.460660
      vertex 16.648389 -10.836697 9.460660
      vertex 15.497470 -10.157595 9.448000
    endloop
  endfacet
  facet normal 0.353553 0.612372 -0.707107
    outer loop
      vertex 16.654145 -10.825401 9.448000
      vertex 16.578681 -10.973513 9.282000
      vertex 15.497470 -10.157595 9.448000
    endloop
  endfacet
  facet normal 0.353553 0.612372 -0.707107
    outer loop
      vertex 15.497470 -10.157595 9.448000
      vertex 16.578681 -10.973513 9.282000
      vertex 15.414470 -10.301355 9.282000
    endloop
  endfacet
  facet normal 0.445495 0.771621 -0.454022
    outer loop
      vertex 16.578681 -10.973513 9.282000
      vertex 16.481852 -11.163559 8.864000
      vertex 15.414470 -10.301355 9.282000
    endloop
  endfacet
  facet normal 0.445495 0.771621 -0.454022
    outer loop
      vertex 15.414470 -10.301355 9.282000
      vertex 16.481852 -11.163559 8.864000
      vertex 15.307970 -10.485818 8.864000
    endloop
  endfacet
  facet normal 0.493925 0.855502 -0.155416
    outer loop
      vertex 16.481852 -11.163559 8.864000
      vertex 16.448666 -11.228692 8.400000
      vertex 15.307970 -10.485818 8.864000
    endloop
  endfacet
  facet normal 0.493925 0.855502 -0.155416
    outer loop
      vertex 15.307970 -10.485818 8.864000
      vertex 16.448666 -11.228692 8.400000
      vertex 15.271470 -10.549038 8.400000
    endloop
  endfacet
  facet normal 0.707107 0.000000 -0.707107
    outer loop
      vertex 0.000000 20.000000 10.521320
      vertex 0.000000 18.500000 10.521320
      vertex -1.060660 18.500000 9.460660
    endloop
  endfacet
  facet normal 0.707107 0.000000 -0.707107
    outer loop
      vertex 0.000000 20.000000 10.521320
      vertex -1.060660 18.500000 9.460660
      vertex -1.060660 19.831976 9.460660
    endloop
  endfacet
  facet normal -0.707107 -0.000000 -0.707107
    outer loop
      vertex 1.060660 18.500000 9.460660
      vertex 0.000000 18.500000 10.521320
      vertex 1.060660 19.831976 9.460660
    endloop
  endfacet
  facet normal -0.707107 -0.000000 -0.707107
    outer loop
      vertex 1.060660 19.831976 9.460660
      vertex 0.000000 18.500000 10.521320
      vertex 0.000000 20.000000 10.521320
    endloop
  endfacet
  facet normal -0.707107 0.000000 0.707107
    outer loop
      vertex 1.048000 18.500000 9.448000
      vertex 1.060660 18.500000 9.460660
      vertex 1.060660 19.831976 9.460660
    endloop
  endfacet
  facet normal -0.707107 0.000000 0.707107
    outer loop
      vertex 1.048000 19.833982 9.448000
      vertex 1.048000 18.500000 9.448000
      vertex 1.060660 19.831976 9.460660
    endloop
  endfacet
  facet normal -0.707107 -0.000000 -0.707107
    outer loop
      vertex 1.214000 18.500000 9.282000
      vertex 1.048000 18.500000 9.448000
      vertex 1.214000 19.807685 9.282000
    endloop
  endfacet
  facet normal -0.707107 0.000000 -0.707107
    outer loop
      vertex 1.214000 19.807685 9.282000
      vertex 1.048000 18.500000 9.448000
      vertex 1.048000 19.833982 9.448000
    endloop
  endfacet
  facet normal -0.890991 -0.000000 -0.454022
    outer loop
      vertex 1.427000 18.500000 8.864000
      vertex 1.214000 18.500000 9.282000
      vertex 1.427000 19.773943 8.864000
    endloop
  endfacet
  facet normal -0.890991 0.000000 -0.454022
    outer loop
      vertex 1.427000 19.773943 8.864000
      vertex 1.214000 18.500000 9.282000
      vertex 1.214000 19.807685 9.282000
    endloop
  endfacet
  facet normal -0.987849 -0.000000 -0.155416
    outer loop
      vertex 1.500000 18.500000 8.400000
      vertex 1.427000 18.500000 8.864000
      vertex 1.500000 19.762379 8.400000
    endloop
  endfacet
  facet normal -0.987849 0.000000 -0.155416
    outer loop
      vertex 1.500000 19.762379 8.400000
      vertex 1.427000 18.500000 8.864000
      vertex 1.427000 19.773943 8.864000
    endloop
  endfacet
  facet normal -0.987849 0.000000 0.155416
    outer loop
      vertex 1.500000 18.500000 8.400000
      vertex 1.500000 19.762379 8.400000
      vertex 1.427000 18.500000 7.936000
    endloop
  endfacet
  facet normal -0.987849 -0.000000 0.155416
    outer loop
      vertex 1.427000 18.500000 7.936000
      vertex 1.500000 19.762379 8.400000
      vertex 1.427000 19.773943 7.936000
    endloop
  endfacet
  facet normal -0.890991 -0.000000 0.454022
    outer loop
      vertex 1.427000 18.500000 7.936000
      vertex 1.427000 19.773943 7.936000
      vertex 1.214000 18.500000 7.518000
    endloop
  endfacet
  facet normal -0.890991 -0.000000 0.454022
    outer loop
      vertex 1.214000 18.500000 7.518000
      vertex 1.427000 19.773943 7.936000
      vertex 1.214000 19.807685 7.518000
    endloop
  endfacet
  facet normal -0.707107 -0.000000 0.707107
    outer loop
      vertex 1.214000 18.500000 7.518000
      vertex 1.214000 19.807685 7.518000
      vertex 0.882000 18.500000 7.186000
    endloop
  endfacet
  facet normal -0.707107 -0.000000 0.707107
    outer loop
      vertex 0.882000 18.500000 7.186000
      vertex 1.214000 19.807685 7.518000
      vertex 0.882000 19.860279 7.186000
    endloop
  endfacet
  facet normal -0.454022 -0.000000 0.890991
    outer loop
      vertex 0.464000 18.500000 6.973000
      vertex 0.882000 18.500000 7.186000
      vertex 0.882000 19.860279 7.186000
    endloop
  endfacet
  facet normal -0.454022 -0.000000 0.890991
    outer loop
      vertex 0.464000 19.926496 6.973000
      vertex 0.464000 18.500000 6.973000
      vertex 0.882000 19.860279 7.186000
    endloop
  endfacet
  facet normal -0.155416 -0.000000 0.987849
    outer loop
      vertex 0.000000 18.500000 6.900000
      vertex 0.464000 18.500000 6.973000
      vertex 0.464000 19.926496 6.973000
    endloop
  endfacet
  facet normal -0.155416 -0.000000 0.987849
    outer loop
      vertex 0.000000 20.000000 6.900000
      vertex 0.000000 18.500000 6.900000
      vertex 0.464000 19.926496 6.973000
    endloop
  endfacet
  facet normal 0.155416 0.000000 0.987849
    outer loop
      vertex -0.464000 18.500000 6.973000
      vertex 0.000000 18.500000 6.900000
      vertex 0.000000 20.000000 6.900000
    endloop
  endfacet
  facet normal 0.155416 0.000000 0.987849
    outer loop
      vertex -0.464000 19.926496 6.973000
      vertex -0.464000 18.500000 6.973000
      vertex 0.000000 20.000000 6.900000
    endloop
  endfacet
  facet normal 0.454022 0.000000 0.890991
    outer loop
      vertex -0.882000 18.500000 7.186000
      vertex -0.464000 18.500000 6.973000
      vertex -0.464000 19.926496 6.973000
    endloop
  endfacet
  facet normal 0.454022 0.000000 0.890991
    outer loop
      vertex -0.882000 19.860279 7.186000
      vertex -0.882000 18.500000 7.186000
      vertex -0.464000 19.926496 6.973000
    endloop
  endfacet
  facet normal 0.707107 0.000000 0.707107
    outer loop
      vertex -1.214000 18.500000 7.518000
      vertex -0.882000 18.500000 7.186000
      vertex -0.882000 19.860279 7.186000
    endloop
  endfacet
  facet normal 0.707107 0.000000 0.707107
    outer loop
      vertex -1.214000 19.807685 7.518000
      vertex -1.214000 18.500000 7.518000
      vertex -0.882000 19.860279 7.186000
    endloop
  endfacet
  facet normal 0.890991 0.000000 0.454022
    outer loop
      vertex -1.427000 18.500000 7.936000
      vertex -1.214000 18.500000 7.518000
      vertex -1.214000 19.807685 7.518000
    endloop
  endfacet
  facet normal 0.890991 0.000000 0.454022
    outer loop
      vertex -1.427000 19.773943 7.936000
      vertex -1.427000 18.500000 7.936000
      vertex -1.214000 19.807685 7.518000
    endloop
  endfacet
  facet normal 0.987849 0.000000 0.155416
    outer loop
      vertex -1.500000 18.500000 8.400000
      vertex -1.427000 18.500000 7.936000
      vertex -1.427000 19.773943 7.936000
    endloop
  endfacet
  facet normal 0.987849 -0.000000 0.155416
    outer loop
      vertex -1.500000 19.762379 8.400000
      vertex -1.500000 18.500000 8.400000
      vertex -1.427000 19.773943 7.936000
    endloop
  endfacet
  facet normal 0.987849 0.000000 -0.155416
    outer loop
      vertex -1.427000 19.773943 8.864000
      vertex -1.427000 18.500000 8.864000
      vertex -1.500000 18.500000 8.400000
    endloop
  endfacet
  facet normal 0.987849 0.000000 -0.155416
    outer loop
      vertex -1.500000 19.762379 8.400000
      vertex -1.427000 19.773943 8.864000
      vertex -1.500000 18.500000 8.400000
    endloop
  endfacet
  facet normal 0.890991 0.000000 -0.454022
    outer loop
      vertex -1.214000 19.807685 9.282000
      vertex -1.214000 18.500000 9.282000
      vertex -1.427000 18.500000 8.864000
    endloop
  endfacet
  facet normal 0.890991 0.000000 -0.454022
    outer loop
      vertex -1.427000 19.773943 8.864000
      vertex -1.214000 19.807685 9.282000
      vertex -1.427000 18.500000 8.864000
    endloop
  endfacet
  facet normal 0.707107 0.000000 -0.707107
    outer loop
      vertex -1.048000 19.833982 9.448000
      vertex -1.048000 18.500000 9.448000
      vertex -1.214000 18.500000 9.282000
    endloop
  endfacet
  facet normal 0.707107 0.000000 -0.707107
    outer loop
      vertex -1.214000 19.807685 9.282000
      vertex -1.048000 19.833982 9.448000
      vertex -1.214000 18.500000 9.282000
    endloop
  endfacet
  facet normal 0.707107 0.000000 0.707107
    outer loop
      vertex -1.060660 18.500000 9.460660
      vertex -1.048000 18.500000 9.448000
      vertex -1.048000 19.833982 9.448000
    endloop
  endfacet
  facet normal 0.707107 -0.000000 0.707107
    outer loop
      vertex -1.060660 19.831976 9.460660
      vertex -1.060660 18.500000 9.460660
      vertex -1.048000 19.833982 9.448000
    endloop
  endfacet
  facet normal 0.000000 0.000000 1.000000
    outer loop
      vertex -11.301207 -5.561735 1.500000
      vertex -10.998523 -6.350000 1.500000
      vertex -10.467207 -7.006265 1.500000
    endloop
  endfacet
  facet normal 0.000000 0.000000 1.000000
    outer loop
      vertex -8.942636 -7.684899 1.500000
      vertex -11.301207 -5.561735 1.500000
      vertex -9.758154 -7.466382 1.500000
    endloop
  endfacet
  facet normal 0.000000 0.000000 1.000000
    outer loop
      vertex -9.758154 -7.466382 1.500000
      vertex -11.301207 -5.561735 1.500000
      vertex -10.467207 -7.006265 1.500000
    endloop
  endfacet
  facet normal -0.000000 0.000000 1.000000
    outer loop
      vertex -8.098519 -7.640953 1.500000
      vertex -11.301207 -5.561735 1.500000
      vertex -8.942636 -7.684899 1.500000
    endloop
  endfacet
  facet normal -0.000000 0.000000 1.000000
    outer loop
      vertex -7.310254 -7.338269 1.500000
      vertex -11.301207 -5.561735 1.500000
      vertex -8.098519 -7.640953 1.500000
    endloop
  endfacet
  facet normal -0.000000 -0.000000 1.000000
    outer loop
      vertex -9.270609 -6.370834 1.500000
      vertex -11.301207 -5.561735 1.500000
      vertex -7.310254 -7.338269 1.500000
    endloop
  endfacet
  facet normal 0.000000 0.000000 1.000000
    outer loop
      vertex -9.270609 -6.370834 1.500000
      vertex -9.664072 -6.115336 1.500000
      vertex -11.301207 -5.561735 1.500000
    endloop
  endfacet
  facet normal 0.000000 -0.000000 1.000000
    outer loop
      vertex -7.910254 -6.299038 1.500000
      vertex -8.348590 -6.467818 1.500000
      vertex -6.653989 -6.806953 1.500000
    endloop
  endfacet
  facet normal 0.000000 -0.000000 1.000000
    outer loop
      vertex -7.289420 -5.610355 1.500000
      vertex -7.544918 -6.003818 1.500000
      vertex -6.193872 -6.097899 1.500000
    endloop
  endfacet
  facet normal 0.000000 -0.000000 1.000000
    outer loop
      vertex -7.167899 -5.156834 1.500000
      vertex -7.289420 -5.610355 1.500000
      vertex -5.975355 -5.282382 1.500000
    endloop
  endfacet
  facet normal 0.000000 0.000000 1.000000
    outer loop
      vertex -8.971918 -3.532182 1.500000
      vertex -8.503420 -3.507645 1.500000
      vertex -7.562355 -2.533618 1.500000
    endloop
  endfacet
  facet normal 0.000000 0.000000 1.000000
    outer loop
      vertex -8.049899 -3.629166 1.500000
      vertex -7.656436 -3.884664 1.500000
      vertex -6.853301 -2.993735 1.500000
    endloop
  endfacet
  facet normal 0.000000 -0.000000 1.000000
    outer loop
      vertex -9.221989 -2.359047 1.500000
      vertex -11.301207 -5.561735 1.500000
      vertex -8.377872 -2.315101 1.500000
    endloop
  endfacet
  facet normal 0.000000 -0.000000 1.000000
    outer loop
      vertex -10.010254 -2.661731 1.500000
      vertex -11.301207 -5.561735 1.500000
      vertex -9.221989 -2.359047 1.500000
    endloop
  endfacet
  facet normal 0.000000 -0.000000 1.000000
    outer loop
      vertex -10.666519 -3.193047 1.500000
      vertex -11.301207 -5.561735 1.500000
      vertex -10.010254 -2.661731 1.500000
    endloop
  endfacet
  facet normal 0.000000 -0.000000 1.000000
    outer loop
      vertex -11.126636 -3.902101 1.500000
      vertex -11.301207 -5.561735 1.500000
      vertex -10.666519 -3.193047 1.500000
    endloop
  endfacet
  facet normal 0.000000 0.000000 1.000000
    outer loop
      vertex -11.345154 -4.717618 1.500000
      vertex -11.301207 -5.561735 1.500000
      vertex -11.126636 -3.902101 1.500000
    endloop
  endfacet
  facet normal 0.000000 0.000000 1.000000
    outer loop
      vertex -7.656436 -3.884664 1.500000
      vertex -7.361216 -4.250000 1.500000
      vertex -6.321985 -3.650000 1.500000
    endloop
  endfacet
  facet normal 0.000000 0.000000 1.000000
    outer loop
      vertex -9.775590 -3.996182 1.500000
      vertex -9.410254 -3.700962 1.500000
      vertex -8.377872 -2.315101 1.500000
    endloop
  endfacet
  facet normal 0.000000 0.000000 1.000000
    outer loop
      vertex -7.361216 -4.250000 1.500000
      vertex -7.192436 -4.688336 1.500000
      vertex -6.019301 -4.438265 1.500000
    endloop
  endfacet
  facet normal 0.000000 0.000000 1.000000
    outer loop
      vertex -9.775590 -3.996182 1.500000
      vertex -11.301207 -5.561735 1.500000
      vertex -10.031088 -4.389645 1.500000
    endloop
  endfacet
  facet normal 0.000000 0.000000 1.000000
    outer loop
      vertex -8.377872 -2.315101 1.500000
      vertex -11.301207 -5.561735 1.500000
      vertex -9.775590 -3.996182 1.500000
    endloop
  endfacet
  facet normal 0.000000 -0.000000 1.000000
    outer loop
      vertex -8.377872 -2.315101 1.500000
      vertex -9.410254 -3.700962 1.500000
      vertex -7.562355 -2.533618 1.500000
    endloop
  endfacet
  facet normal 0.000000 0.000000 1.000000
    outer loop
      vertex -9.410254 -3.700962 1.500000
      vertex -8.971918 -3.532182 1.500000
      vertex -7.562355 -2.533618 1.500000
    endloop
  endfacet
  facet normal 0.000000 -0.000000 1.000000
    outer loop
      vertex -7.562355 -2.533618 1.500000
      vertex -8.503420 -3.507645 1.500000
      vertex -6.853301 -2.993735 1.500000
    endloop
  endfacet
  facet normal 0.000000 0.000000 1.000000
    outer loop
      vertex -8.503420 -3.507645 1.500000
      vertex -8.049899 -3.629166 1.500000
      vertex -6.853301 -2.993735 1.500000
    endloop
  endfacet
  facet normal 0.000000 -0.000000 1.000000
    outer loop
      vertex -6.853301 -2.993735 1.500000
      vertex -7.656436 -3.884664 1.500000
      vertex -6.321985 -3.650000 1.500000
    endloop
  endfacet
  facet normal -0.000000 0.000000 1.000000
    outer loop
      vertex -10.152609 -4.843166 1.500000
      vertex -10.031088 -4.389645 1.500000
      vertex -11.301207 -5.561735 1.500000
    endloop
  endfacet
  facet normal 0.000000 -0.000000 1.000000
    outer loop
      vertex -6.321985 -3.650000 1.500000
      vertex -7.361216 -4.250000 1.500000
      vertex -6.019301 -4.438265 1.500000
    endloop
  endfacet
  facet normal 0.000000 -0.000000 1.000000
    outer loop
      vertex -6.019301 -4.438265 1.500000
      vertex -7.192436 -4.688336 1.500000
      vertex -5.975355 -5.282382 1.500000
    endloop
  endfacet
  facet normal 0.000000 0.000000 1.000000
    outer loop
      vertex -7.192436 -4.688336 1.500000
      vertex -7.167899 -5.156834 1.500000
      vertex -5.975355 -5.282382 1.500000
    endloop
  endfacet
  facet normal 0.000000 0.000000 1.000000
    outer loop
      vertex -5.975355 -5.282382 1.500000
      vertex -7.289420 -5.610355 1.500000
      vertex -6.193872 -6.097899 1.500000
    endloop
  endfacet
  facet normal -0.000000 0.000000 1.000000
    outer loop
      vertex -6.193872 -6.097899 1.500000
      vertex -7.544918 -6.003818 1.500000
      vertex -6.653989 -6.806953 1.500000
    endloop
  endfacet
  facet normal 0.000000 -0.000000 1.000000
    outer loop
      vertex -7.544918 -6.003818 1.500000
      vertex -7.910254 -6.299038 1.500000
      vertex -6.653989 -6.806953 1.500000
    endloop
  endfacet
  facet normal -0.000000 0.000000 1.000000
    outer loop
      vertex -6.653989 -6.806953 1.500000
      vertex -8.348590 -6.467818 1.500000
      vertex -7.310254 -7.338269 1.500000
    endloop
  endfacet
  facet normal 0.000000 -0.000000 1.000000
    outer loop
      vertex -8.348590 -6.467818 1.500000
      vertex -8.817088 -6.492355 1.500000
      vertex -7.310254 -7.338269 1.500000
    endloop
  endfacet
  facet normal -0.000000 -0.000000 1.000000
    outer loop
      vertex -8.817088 -6.492355 1.500000
      vertex -9.270609 -6.370834 1.500000
      vertex -7.310254 -7.338269 1.500000
    endloop
  endfacet
  facet normal 0.000000 0.000000 1.000000
    outer loop
      vertex -9.664072 -6.115336 1.500000
      vertex -9.959292 -5.750000 1.500000
      vertex -11.301207 -5.561735 1.500000
    endloop
  endfacet
  facet normal 0.000000 0.000000 1.000000
    outer loop
      vertex -9.959292 -5.750000 1.500000
      vertex -10.128072 -5.311664 1.500000
      vertex -11.301207 -5.561735 1.500000
    endloop
  endfacet
  facet normal -0.000000 0.000000 1.000000
    outer loop
      vertex -10.128072 -5.311664 1.500000
      vertex -10.152609 -4.843166 1.500000
      vertex -11.301207 -5.561735 1.500000
    endloop
  endfacet
  facet normal 0.000000 0.000000 1.000000
    outer loop
      vertex -2.568000 9.166000 1.500000
      vertex -2.184000 8.413000 1.500000
      vertex -1.587000 7.816000 1.500000
    endloop
  endfacet
  facet normal 0.000000 0.000000 1.000000
    outer loop
      vertex 0.000000 7.300000 1.500000
      vertex -2.568000 9.166000 1.500000
      vertex -0.834000 7.432000 1.500000
    endloop
  endfacet
  facet normal 0.000000 0.000000 1.000000
    outer loop
      vertex -0.834000 7.432000 1.500000
      vertex -2.568000 9.166000 1.500000
      vertex -1.587000 7.816000 1.500000
    endloop
  endfacet
  facet normal -0.000000 0.000000 1.000000
    outer loop
      vertex 0.834000 7.432000 1.500000
      vertex -2.568000 9.166000 1.500000
      vertex 0.000000 7.300000 1.500000
    endloop
  endfacet
  facet normal -0.000000 0.000000 1.000000
    outer loop
      vertex 1.587000 7.816000 1.500000
      vertex -2.568000 9.166000 1.500000
      vertex 0.834000 7.432000 1.500000
    endloop
  endfacet
  facet normal -0.000000 -0.000000 1.000000
    outer loop
      vertex -0.464000 8.573000 1.500000
      vertex -2.568000 9.166000 1.500000
      vertex 1.587000 7.816000 1.500000
    endloop
  endfacet
  facet normal 0.000000 0.000000 1.000000
    outer loop
      vertex -0.464000 8.573000 1.500000
      vertex -0.882000 8.786000 1.500000
      vertex -2.568000 9.166000 1.500000
    endloop
  endfacet
  facet normal 0.000000 -0.000000 1.000000
    outer loop
      vertex 0.882000 8.786000 1.500000
      vertex 0.464000 8.573000 1.500000
      vertex 2.184000 8.413000 1.500000
    endloop
  endfacet
  facet normal 0.000000 -0.000000 1.000000
    outer loop
      vertex 1.427000 9.536000 1.500000
      vertex 1.214000 9.118000 1.500000
      vertex 2.568000 9.166000 1.500000
    endloop
  endfacet
  facet normal 0.000000 0.000000 1.000000
    outer loop
      vertex -0.464000 11.427000 1.500000
      vertex 0.000000 11.500000 1.500000
      vertex 0.834000 12.568000 1.500000
    endloop
  endfacet
  facet normal 0.000000 0.000000 1.000000
    outer loop
      vertex 0.464000 11.427000 1.500000
      vertex 0.882000 11.214000 1.500000
      vertex 1.587000 12.184000 1.500000
    endloop
  endfacet
  facet normal 0.000000 -0.000000 1.000000
    outer loop
      vertex -0.834000 12.568000 1.500000
      vertex -2.568000 9.166000 1.500000
      vertex 0.000000 12.700000 1.500000
    endloop
  endfacet
  facet normal 0.000000 -0.000000 1.000000
    outer loop
      vertex -1.587000 12.184000 1.500000
      vertex -2.568000 9.166000 1.500000
      vertex -0.834000 12.568000 1.500000
    endloop
  endfacet
  facet normal 0.000000 -0.000000 1.000000
    outer loop
      vertex -2.184000 11.587000 1.500000
      vertex -2.568000 9.166000 1.500000
      vertex -1.587000 12.184000 1.500000
    endloop
  endfacet
  facet normal 0.000000 -0.000000 1.000000
    outer loop
      vertex -2.568000 10.834000 1.500000
      vertex -2.568000 9.166000 1.500000
      vertex -2.184000 11.587000 1.500000
    endloop
  endfacet
  facet normal 0.000000 0.000000 1.000000
    outer loop
      vertex -2.700000 10.000000 1.500000
      vertex -2.568000 9.166000 1.500000
      vertex -2.568000 10.834000 1.500000
    endloop
  endfacet
  facet normal 0.000000 0.000000 1.000000
    outer loop
      vertex 0.882000 11.214000 1.500000
      vertex 1.214000 10.882000 1.500000
      vertex 2.184000 11.587000 1.500000
    endloop
  endfacet
  facet normal 0.000000 0.000000 1.000000
    outer loop
      vertex -1.214000 10.882000 1.500000
      vertex -0.882000 11.214000 1.500000
      vertex 0.000000 12.700000 1.500000
    endloop
  endfacet
  facet normal 0.000000 0.000000 1.000000
    outer loop
      vertex -0.882000 8.786000 1.500000
      vertex -1.214000 9.118000 1.500000
      vertex -2.568000 9.166000 1.500000
    endloop
  endfacet
  facet normal 0.000000 0.000000 1.000000
    outer loop
      vertex -1.214000 10.882000 1.500000
      vertex -2.568000 9.166000 1.500000
      vertex -1.427000 10.464000 1.500000
    endloop
  endfacet
  facet normal 0.000000 0.000000 1.000000
    outer loop
      vertex 0.000000 12.700000 1.500000
      vertex -2.568000 9.166000 1.500000
      vertex -1.214000 10.882000 1.500000
    endloop
  endfacet
  facet normal 0.000000 -0.000000 1.000000
    outer loop
      vertex 0.000000 12.700000 1.500000
      vertex -0.882000 11.214000 1.500000
      vertex 0.834000 12.568000 1.500000
    endloop
  endfacet
  facet normal 0.000000 0.000000 1.000000
    outer loop
      vertex -0.882000 11.214000 1.500000
      vertex -0.464000 11.427000 1.500000
      vertex 0.834000 12.568000 1.500000
    endloop
  endfacet
  facet normal 0.000000 -0.000000 1.000000
    outer loop
      vertex 0.834000 12.568000 1.500000
      vertex 0.000000 11.500000 1.500000
      vertex 1.587000 12.184000 1.500000
    endloop
  endfacet
  facet normal 0.000000 0.000000 1.000000
    outer loop
      vertex 0.000000 11.500000 1.500000
      vertex 0.464000 11.427000 1.500000
      vertex 1.587000 12.184000 1.500000
    endloop
  endfacet
  facet normal 0.000000 -0.000000 1.000000
    outer loop
      vertex 1.587000 12.184000 1.500000
      vertex 0.882000 11.214000 1.500000
      vertex 2.184000 11.587000 1.500000
    endloop
  endfacet
  facet normal -0.000000 0.000000 1.000000
    outer loop
      vertex -1.500000 10.000000 1.500000
      vertex -1.427000 10.464000 1.500000
      vertex -2.568000 9.166000 1.500000
    endloop
  endfacet
  facet normal 0.000000 -0.000000 1.000000
    outer loop
      vertex 2.184000 11.587000 1.500000
      vertex 1.214000 10.882000 1.500000
      vertex 2.568000 10.834000 1.500000
    endloop
  endfacet
  facet normal 0.000000 0.000000 1.000000
    outer loop
      vertex -1.214000 9.118000 1.500000
      vertex -1.427000 9.536000 1.500000
      vertex -2.568000 9.166000 1.500000
    endloop
  endfacet
  facet normal 0.000000 0.000000 1.000000
    outer loop
      vertex 1.214000 10.882000 1.500000
      vertex 1.427000 10.464000 1.500000
      vertex 2.568000 10.834000 1.500000
    endloop
  endfacet
  facet normal 0.000000 -0.000000 1.000000
    outer loop
      vertex 2.568000 10.834000 1.500000
      vertex 1.500000 10.000000 1.500000
      vertex 2.700000 10.000000 1.500000
    endloop
  endfacet
  facet normal 0.000000 0.000000 1.000000
    outer loop
      vertex 2.700000 10.000000 1.500000
      vertex 1.427000 9.536000 1.500000
      vertex 2.568000 9.166000 1.500000
    endloop
  endfacet
  facet normal 0.000000 0.000000 1.000000
    outer loop
      vertex 2.568000 9.166000 1.500000
      vertex 1.214000 9.118000 1.500000
      vertex 2.184000 8.413000 1.500000
    endloop
  endfacet
  facet normal 0.000000 -0.000000 1.000000
    outer loop
      vertex 1.214000 9.118000 1.500000
      vertex 0.882000 8.786000 1.500000
      vertex 2.184000 8.413000 1.500000
    endloop
  endfacet
  facet normal -0.000000 0.000000 1.000000
    outer loop
      vertex 2.184000 8.413000 1.500000
      vertex 0.464000 8.573000 1.500000
      vertex 1.587000 7.816000 1.500000
    endloop
  endfacet
  facet normal 0.000000 -0.000000 1.000000
    outer loop
      vertex 0.464000 8.573000 1.500000
      vertex 0.000000 8.500000 1.500000
      vertex 1.587000 7.816000 1.500000
    endloop
  endfacet
  facet normal -0.000000 -0.000000 1.000000
    outer loop
      vertex 0.000000 8.500000 1.500000
      vertex -0.464000 8.573000 1.500000
      vertex 1.587000 7.816000 1.500000
    endloop
  endfacet
  facet normal 0.000000 0.000000 1.000000
    outer loop
      vertex 1.427000 10.464000 1.500000
      vertex 1.500000 10.000000 1.500000
      vertex 2.568000 10.834000 1.500000
    endloop
  endfacet
  facet normal 0.000000 -0.000000 1.000000
    outer loop
      vertex 1.500000 10.000000 1.500000
      vertex 1.427000 9.536000 1.500000
      vertex 2.700000 10.000000 1.500000
    endloop
  endfacet
  facet normal -0.000000 0.000000 1.000000
    outer loop
      vertex -1.427000 9.536000 1.500000
      vertex -1.500000 10.000000 1.500000
      vertex -2.568000 9.166000 1.500000
    endloop
  endfacet
  facet normal 0.000000 0.000000 1.000000
    outer loop
      vertex 6.193872 -6.097899 1.500000
      vertex 6.653989 -6.806953 1.500000
      vertex 7.310254 -7.338269 1.500000
    endloop
  endfacet
  facet normal 0.000000 0.000000 1.000000
    outer loop
      vertex 8.942636 -7.684899 1.500000
      vertex 6.193872 -6.097899 1.500000
      vertex 8.098519 -7.640953 1.500000
    endloop
  endfacet
  facet normal 0.000000 0.000000 1.000000
    outer loop
      vertex 8.098519 -7.640953 1.500000
      vertex 6.193872 -6.097899 1.500000
      vertex 7.310254 -7.338269 1.500000
    endloop
  endfacet
  facet normal -0.000000 0.000000 1.000000
    outer loop
      vertex 9.758154 -7.466382 1.500000
      vertex 6.193872 -6.097899 1.500000
      vertex 8.942636 -7.684899 1.500000
    endloop
  endfacet
  facet normal -0.000000 0.000000 1.000000
    outer loop
      vertex 10.467207 -7.006265 1.500000
      vertex 6.193872 -6.097899 1.500000
      vertex 9.758154 -7.466382 1.500000
    endloop
  endfacet
  facet normal -0.000000 -0.000000 1.000000
    outer loop
      vertex 8.348590 -6.467818 1.500000
      vertex 6.193872 -6.097899 1.500000
      vertex 10.467207 -7.006265 1.500000
    endloop
  endfacet
  facet normal 0.000000 0.000000 1.000000
    outer loop
      vertex 8.348590 -6.467818 1.500000
      vertex 7.910254 -6.299038 1.500000
      vertex 6.193872 -6.097899 1.500000
    endloop
  endfacet
  facet normal 0.000000 -0.000000 1.000000
    outer loop
      vertex 9.664072 -6.115336 1.500000
      vertex 9.270609 -6.370834 1.500000
      vertex 10.998523 -6.350000 1.500000
    endloop
  endfacet
  facet normal 0.000000 -0.000000 1.000000
    outer loop
      vertex 10.128072 -5.311664 1.500000
      vertex 9.959292 -5.750000 1.500000
      vertex 11.301207 -5.561735 1.500000
    endloop
  endfacet
  facet normal 0.000000 0.000000 1.000000
    outer loop
      vertex 7.910254 -6.299038 1.500000
      vertex 7.544918 -6.003818 1.500000
      vertex 6.193872 -6.097899 1.500000
    endloop
  endfacet
  facet normal 0.000000 0.000000 1.000000
    outer loop
      vertex 9.410254 -3.700962 1.500000
      vertex 9.775590 -3.996182 1.500000
      vertex 10.666519 -3.193047 1.500000
    endloop
  endfacet
  facet normal 0.000000 -0.000000 1.000000
    outer loop
      vertex 7.562355 -2.533618 1.500000
      vertex 6.193872 -6.097899 1.500000
      vertex 8.377872 -2.315101 1.500000
    endloop
  endfacet
  facet normal 0.000000 -0.000000 1.000000
    outer loop
      vertex 6.853301 -2.993735 1.500000
      vertex 6.193872 -6.097899 1.500000
      vertex 7.562355 -2.533618 1.500000
    endloop
  endfacet
  facet normal 0.000000 -0.000000 1.000000
    outer loop
      vertex 6.321985 -3.650000 1.500000
      vertex 6.193872 -6.097899 1.500000
      vertex 6.853301 -2.993735 1.500000
    endloop
  endfacet
  facet normal 0.000000 0.000000 1.000000
    outer loop
      vertex 6.019301 -4.438265 1.500000
      vertex 6.193872 -6.097899 1.500000
      vertex 6.321985 -3.650000 1.500000
    endloop
  endfacet
  facet normal 0.000000 0.000000 1.000000
    outer loop
      vertex 5.975355 -5.282382 1.500000
      vertex 6.193872 -6.097899 1.500000
      vertex 6.019301 -4.438265 1.500000
    endloop
  endfacet
  facet normal 0.000000 0.000000 1.000000
    outer loop
      vertex 8.971918 -3.532182 1.500000
      vertex 9.410254 -3.700962 1.500000
      vertex 10.010254 -2.661731 1.500000
    endloop
  endfacet
  facet normal 0.000000 0.000000 1.000000
    outer loop
      vertex 7.361216 -4.250000 1.500000
      vertex 6.193872 -6.097899 1.500000
      vertex 7.192436 -4.688336 1.500000
    endloop
  endfacet
  facet normal 0.000000 0.000000 1.000000
    outer loop
      vertex 8.049899 -3.629166 1.500000
      vertex 8.503420 -3.507645 1.500000
      vertex 9.221989 -2.359047 1.500000
    endloop
  endfacet
  facet normal 0.000000 0.000000 1.000000
    outer loop
      vertex 8.377872 -2.315101 1.500000
      vertex 6.193872 -6.097899 1.500000
      vertex 7.361216 -4.250000 1.500000
    endloop
  endfacet
  facet normal 0.000000 -0.000000 1.000000
    outer loop
      vertex 8.377872 -2.315101 1.500000
      vertex 7.656436 -3.884664 1.500000
      vertex 9.221989 -2.359047 1.500000
    endloop
  endfacet
  facet normal 0.000000 0.000000 1.000000
    outer loop
      vertex 7.656436 -3.884664 1.500000
      vertex 8.049899 -3.629166 1.500000
      vertex 9.221989 -2.359047 1.500000
    endloop
  endfacet
  facet normal 0.000000 -0.000000 1.000000
    outer loop
      vertex 9.221989 -2.359047 1.500000
      vertex 8.503420 -3.507645 1.500000
      vertex 10.010254 -2.661731 1.500000
    endloop
  endfacet
  facet normal 0.000000 0.000000 1.000000
    outer loop
      vertex 7.361216 -4.250000 1.500000
      vertex 7.656436 -3.884664 1.500000
      vertex 8.377872 -2.315101 1.500000
    endloop
  endfacet
  facet normal 0.000000 0.000000 1.000000
    outer loop
      vertex 8.503420 -3.507645 1.500000
      vertex 8.971918 -3.532182 1.500000
      vertex 10.010254 -2.661731 1.500000
    endloop
  endfacet
  facet normal 0.000000 -0.000000 1.000000
    outer loop
      vertex 10.010254 -2.661731 1.500000
      vertex 9.410254 -3.700962 1.500000
      vertex 10.666519 -3.193047 1.500000
    endloop
  endfacet
  facet normal 0.000000 -0.000000 1.000000
    outer loop
      vertex 10.666519 -3.193047 1.500000
      vertex 9.775590 -3.996182 1.500000
      vertex 11.126636 -3.902101 1.500000
    endloop
  endfacet
  facet normal 0.000000 0.000000 1.000000
    outer loop
      vertex 9.775590 -3.996182 1.500000
      vertex 10.031088 -4.389645 1.500000
      vertex 11.126636 -3.902101 1.500000
    endloop
  endfacet
  facet normal 0.000000 -0.000000 1.000000
    outer loop
      vertex 11.126636 -3.902101 1.500000
      vertex 10.152609 -4.843166 1.500000
      vertex 11.345154 -4.717618 1.500000
    endloop
  endfacet
  facet normal 0.000000 0.000000 1.000000
    outer loop
      vertex 11.345154 -4.717618 1.500000
      vertex 10.128072 -5.311664 1.500000
      vertex 11.301207 -5.561735 1.500000
    endloop
  endfacet
  facet normal 0.000000 0.000000 1.000000
    outer loop
      vertex 11.301207 -5.561735 1.500000
      vertex 9.959292 -5.750000 1.500000
      vertex 10.998523 -6.350000 1.500000
    endloop
  endfacet
  facet normal 0.000000 -0.000000 1.000000
    outer loop
      vertex 9.959292 -5.750000 1.500000
      vertex 9.664072 -6.115336 1.500000
      vertex 10.998523 -6.350000 1.500000
    endloop
  endfacet
  facet normal 0.000000 0.000000 1.000000
    outer loop
      vertex 10.998523 -6.350000 1.500000
      vertex 9.270609 -6.370834 1.500000
      vertex 10.467207 -7.006265 1.500000
    endloop
  endfacet
  facet normal 0.000000 -0.000000 1.000000
    outer loop
      vertex 9.270609 -6.370834 1.500000
      vertex 8.817088 -6.492355 1.500000
      vertex 10.467207 -7.006265 1.500000
    endloop
  endfacet
  facet normal -0.000000 -0.000000 1.000000
    outer loop
      vertex 8.817088 -6.492355 1.500000
      vertex 8.348590 -6.467818 1.500000
      vertex 10.467207 -7.006265 1.500000
    endloop
  endfacet
  facet normal 0.000000 -0.000000 1.000000
    outer loop
      vertex 10.152609 -4.843166 1.500000
      vertex 10.128072 -5.311664 1.500000
      vertex 11.345154 -4.717618 1.500000
    endloop
  endfacet
  facet normal 0.000000 0.000000 1.000000
    outer loop
      vertex 10.031088 -4.389645 1.500000
      vertex 10.152609 -4.843166 1.500000
      vertex 11.126636 -3.902101 1.500000
    endloop
  endfacet
  facet normal -0.000000 0.000000 1.000000
    outer loop
      vertex 7.167899 -5.156834 1.500000
      vertex 7.192436 -4.688336 1.500000
      vertex 6.193872 -6.097899 1.500000
    endloop
  endfacet
  facet normal -0.000000 0.000000 1.000000
    outer loop
      vertex 7.544918 -6.003818 1.500000
      vertex 7.289420 -5.610355 1.500000
      vertex 6.193872 -6.097899 1.500000
    endloop
  endfacet
  facet normal -0.000000 0.000000 1.000000
    outer loop
      vertex 7.289420 -5.610355 1.500000
      vertex 7.167899 -5.156834 1.500000
      vertex 6.193872 -6.097899 1.500000
    endloop
  endfacet
  facet normal 0.866025 0.500000 0.000000
    outer loop
      vertex -15.307970 -10.485818 7.936000
      vertex -14.621470 -11.674871 12.400000
      vertex -14.621470 -11.674871 4.500000
    endloop
  endfacet
  facet normal 0.866025 0.500000 -0.000000
    outer loop
      vertex -15.307970 -10.485818 7.936000
      vertex -15.271470 -10.549038 8.400000
      vertex -14.621470 -11.674871 12.400000
    endloop
  endfacet
  facet normal 0.866025 0.500000 -0.000000
    outer loop
      vertex -15.580470 -10.013834 7.186000
      vertex -15.414470 -10.301355 7.518000
      vertex -14.621470 -11.674871 4.500000
    endloop
  endfacet
  facet normal 0.866025 0.500000 0.000000
    outer loop
      vertex -17.421470 -6.825129 4.500000
      vertex -17.421470 -6.825129 12.400000
      vertex -16.734970 -8.014182 7.936000
    endloop
  endfacet
  facet normal 0.866025 0.500000 0.000000
    outer loop
      vertex -16.253470 -8.848164 6.973000
      vertex -16.021470 -9.250000 6.900000
      vertex -14.621470 -11.674871 4.500000
    endloop
  endfacet
  facet normal 0.866025 0.500000 0.000000
    outer loop
      vertex -17.421470 -6.825129 4.500000
      vertex -16.734970 -8.014182 7.936000
      vertex -16.628470 -8.198645 7.518000
    endloop
  endfacet
  facet normal 0.866025 0.500000 -0.000000
    outer loop
      vertex -17.421470 -6.825129 4.500000
      vertex -16.462470 -8.486166 7.186000
      vertex -14.621470 -11.674871 4.500000
    endloop
  endfacet
  facet normal 0.866025 0.500000 0.000000
    outer loop
      vertex -17.421470 -6.825129 4.500000
      vertex -16.628470 -8.198645 7.518000
      vertex -16.462470 -8.486166 7.186000
    endloop
  endfacet
  facet normal 0.866025 0.500000 -0.000000
    outer loop
      vertex -16.545470 -8.342405 9.448000
      vertex -16.628470 -8.198645 9.282000
      vertex -16.551800 -8.331441 9.460660
    endloop
  endfacet
  facet normal 0.866025 0.500000 -0.000000
    outer loop
      vertex -16.021470 -9.250000 6.900000
      vertex -15.789470 -9.651836 6.973000
      vertex -14.621470 -11.674871 4.500000
    endloop
  endfacet
  facet normal 0.866025 0.500000 -0.000000
    outer loop
      vertex -15.789470 -9.651836 6.973000
      vertex -15.580470 -10.013834 7.186000
      vertex -14.621470 -11.674871 4.500000
    endloop
  endfacet
  facet normal 0.866025 0.500000 -0.000000
    outer loop
      vertex -16.551800 -8.331441 9.460660
      vertex -16.628470 -8.198645 9.282000
      vertex -17.421470 -6.825129 12.400000
    endloop
  endfacet
  facet normal 0.866025 0.500000 0.000000
    outer loop
      vertex -15.414470 -10.301355 7.518000
      vertex -15.307970 -10.485818 7.936000
      vertex -14.621470 -11.674871 4.500000
    endloop
  endfacet
  facet normal 0.866025 0.500000 0.000000
    outer loop
      vertex -15.491140 -10.168559 9.460660
      vertex -16.021470 -9.250000 10.521320
      vertex -14.621470 -11.674871 12.400000
    endloop
  endfacet
  facet normal 0.866025 0.500000 0.000000
    outer loop
      vertex -15.307970 -10.485818 8.864000
      vertex -14.621470 -11.674871 12.400000
      vertex -15.271470 -10.549038 8.400000
    endloop
  endfacet
  facet normal 0.866025 0.500000 -0.000000
    outer loop
      vertex -15.414470 -10.301355 9.282000
      vertex -14.621470 -11.674871 12.400000
      vertex -15.307970 -10.485818 8.864000
    endloop
  endfacet
  facet normal 0.866025 0.500000 0.000000
    outer loop
      vertex -15.491140 -10.168559 9.460660
      vertex -14.621470 -11.674871 12.400000
      vertex -15.414470 -10.301355 9.282000
    endloop
  endfacet
  facet normal 0.866025 0.500000 0.000000
    outer loop
      vertex -15.497470 -10.157595 9.448000
      vertex -15.491140 -10.168559 9.460660
      vertex -15.414470 -10.301355 9.282000
    endloop
  endfacet
  facet normal 0.866025 0.500000 -0.000000
    outer loop
      vertex -17.421470 -6.825129 12.400000
      vertex -14.621470 -11.674871 12.400000
      vertex -16.021470 -9.250000 10.521320
    endloop
  endfacet
  facet normal 0.866025 0.500000 -0.000000
    outer loop
      vertex -16.734970 -8.014182 8.864000
      vertex -17.421470 -6.825129 12.400000
      vertex -16.628470 -8.198645 9.282000
    endloop
  endfacet
  facet normal 0.866025 0.500000 0.000000
    outer loop
      vertex -16.771470 -7.950962 8.400000
      vertex -17.421470 -6.825129 12.400000
      vertex -16.734970 -8.014182 8.864000
    endloop
  endfacet
  facet normal 0.866025 0.500000 -0.000000
    outer loop
      vertex -16.734970 -8.014182 7.936000
      vertex -17.421470 -6.825129 12.400000
      vertex -16.771470 -7.950962 8.400000
    endloop
  endfacet
  facet normal 0.866025 0.500000 -0.000000
    outer loop
      vertex -16.462470 -8.486166 7.186000
      vertex -16.253470 -8.848164 6.973000
      vertex -14.621470 -11.674871 4.500000
    endloop
  endfacet
  facet normal 0.866025 0.500000 0.000000
    outer loop
      vertex -16.021470 -9.250000 10.521320
      vertex -16.551800 -8.331441 9.460660
      vertex -17.421470 -6.825129 12.400000
    endloop
  endfacet
  facet normal 0.500000 -0.866025 0.000000
    outer loop
      vertex -15.343009 -5.625129 4.500000
      vertex -15.343009 -5.625129 12.400000
      vertex -17.421470 -6.825129 12.400000
    endloop
  endfacet
  facet normal 0.500000 -0.866025 0.000000
    outer loop
      vertex -17.421470 -6.825129 4.500000
      vertex -15.343009 -5.625129 4.500000
      vertex -17.421470 -6.825129 12.400000
    endloop
  endfacet
  facet normal -0.500000 0.866025 0.000000
    outer loop
      vertex -12.543009 -10.474871 12.400000
      vertex -12.543009 -10.474871 4.500000
      vertex -14.621470 -11.674871 12.400000
    endloop
  endfacet
  facet normal -0.500000 0.866025 0.000000
    outer loop
      vertex -14.621470 -11.674871 12.400000
      vertex -12.543009 -10.474871 4.500000
      vertex -14.621470 -11.674871 4.500000
    endloop
  endfacet
  facet normal -0.866025 -0.500000 0.000000
    outer loop
      vertex -14.693009 -6.750962 8.400000
      vertex -15.343009 -5.625129 12.400000
      vertex -15.343009 -5.625129 4.500000
    endloop
  endfacet
  facet normal -0.866025 -0.500000 0.000000
    outer loop
      vertex -14.656509 -6.814182 8.864000
      vertex -15.343009 -5.625129 12.400000
      vertex -14.693009 -6.750962 8.400000
    endloop
  endfacet
  facet normal -0.866025 -0.500000 -0.000000
    outer loop
      vertex -14.656509 -6.814182 7.936000
      vertex -14.693009 -6.750962 8.400000
      vertex -15.343009 -5.625129 4.500000
    endloop
  endfacet
  facet normal -0.866025 -0.500000 0.000000
    outer loop
      vertex -14.550009 -6.998645 9.282000
      vertex -15.343009 -5.625129 12.400000
      vertex -14.656509 -6.814182 8.864000
    endloop
  endfacet
  facet normal -0.866025 -0.500000 -0.000000
    outer loop
      vertex -14.473339 -7.131441 9.460660
      vertex -15.343009 -5.625129 12.400000
      vertex -14.550009 -6.998645 9.282000
    endloop
  endfacet
  facet normal -0.866025 -0.500000 0.000000
    outer loop
      vertex -14.467009 -7.142405 9.448000
      vertex -14.473339 -7.131441 9.460660
      vertex -14.550009 -6.998645 9.282000
    endloop
  endfacet
  facet normal -0.866025 -0.500000 -0.000000
    outer loop
      vertex -12.543009 -10.474871 12.400000
      vertex -15.343009 -5.625129 12.400000
      vertex -13.943009 -8.050000 10.521320
    endloop
  endfacet
  facet normal -0.866025 -0.500000 0.000000
    outer loop
      vertex -12.543009 -10.474871 12.400000
      vertex -13.943009 -8.050000 10.521320
      vertex -13.412679 -8.968559 9.460660
    endloop
  endfacet
  facet normal -0.866025 -0.500000 -0.000000
    outer loop
      vertex -12.543009 -10.474871 12.400000
      vertex -13.412679 -8.968559 9.460660
      vertex -13.336009 -9.101355 9.282000
    endloop
  endfacet
  facet normal -0.866025 -0.500000 -0.000000
    outer loop
      vertex -12.543009 -10.474871 12.400000
      vertex -13.336009 -9.101355 9.282000
      vertex -13.229509 -9.285818 8.864000
    endloop
  endfacet
  facet normal -0.866025 -0.500000 0.000000
    outer loop
      vertex -12.543009 -10.474871 12.400000
      vertex -13.229509 -9.285818 8.864000
      vertex -12.543009 -10.474871 4.500000
    endloop
  endfacet
  facet normal -0.866025 -0.500000 -0.000000
    outer loop
      vertex -13.193009 -9.349038 8.400000
      vertex -12.543009 -10.474871 4.500000
      vertex -13.229509 -9.285818 8.864000
    endloop
  endfacet
  facet normal -0.866025 -0.500000 0.000000
    outer loop
      vertex -13.229509 -9.285818 7.936000
      vertex -12.543009 -10.474871 4.500000
      vertex -13.193009 -9.349038 8.400000
    endloop
  endfacet
  facet normal -0.866025 -0.500000 0.000000
    outer loop
      vertex -13.336009 -9.101355 7.518000
      vertex -12.543009 -10.474871 4.500000
      vertex -13.229509 -9.285818 7.936000
    endloop
  endfacet
  facet normal -0.866025 -0.500000 -0.000000
    outer loop
      vertex -13.336009 -9.101355 9.282000
      vertex -13.412679 -8.968559 9.460660
      vertex -13.419009 -8.957595 9.448000
    endloop
  endfacet
  facet normal -0.866025 -0.500000 0.000000
    outer loop
      vertex -13.711009 -8.451836 6.973000
      vertex -12.543009 -10.474871 4.500000
      vertex -13.502009 -8.813834 7.186000
    endloop
  endfacet
  facet normal -0.866025 -0.500000 -0.000000
    outer loop
      vertex -13.943009 -8.050000 6.900000
      vertex -12.543009 -10.474871 4.500000
      vertex -13.711009 -8.451836 6.973000
    endloop
  endfacet
  facet normal -0.866025 -0.500000 0.000000
    outer loop
      vertex -12.543009 -10.474871 4.500000
      vertex -13.943009 -8.050000 6.900000
      vertex -15.343009 -5.625129 4.500000
    endloop
  endfacet
  facet normal -0.866025 -0.500000 -0.000000
    outer loop
      vertex -13.943009 -8.050000 6.900000
      vertex -14.175009 -7.648164 6.973000
      vertex -15.343009 -5.625129 4.500000
    endloop
  endfacet
  facet normal -0.866025 -0.500000 0.000000
    outer loop
      vertex -14.175009 -7.648164 6.973000
      vertex -14.384009 -7.286166 7.186000
      vertex -15.343009 -5.625129 4.500000
    endloop
  endfacet
  facet normal -0.866025 -0.500000 0.000000
    outer loop
      vertex -14.384009 -7.286166 7.186000
      vertex -14.550009 -6.998645 7.518000
      vertex -15.343009 -5.625129 4.500000
    endloop
  endfacet
  facet normal -0.866025 -0.500000 -0.000000
    outer loop
      vertex -14.550009 -6.998645 7.518000
      vertex -14.656509 -6.814182 7.936000
      vertex -15.343009 -5.625129 4.500000
    endloop
  endfacet
  facet normal -0.866025 -0.500000 0.000000
    outer loop
      vertex -13.943009 -8.050000 10.521320
      vertex -15.343009 -5.625129 12.400000
      vertex -14.473339 -7.131441 9.460660
    endloop
  endfacet
  facet normal -0.866025 -0.500000 0.000000
    outer loop
      vertex -13.502009 -8.813834 7.186000
      vertex -12.543009 -10.474871 4.500000
      vertex -13.336009 -9.101355 7.518000
    endloop
  endfacet
  facet normal 0.987676 0.156513 0.000000
    outer loop
      vertex -14.600000 0.000000 12.400000
      vertex -13.885000 -4.512000 12.400000
      vertex -13.885000 -4.512000 4.500000
    endloop
  endfacet
  facet normal 0.987676 0.156513 0.000000
    outer loop
      vertex -14.600000 0.000000 4.500000
      vertex -14.600000 0.000000 12.400000
      vertex -13.885000 -4.512000 4.500000
    endloop
  endfacet
  facet normal 0.891075 0.453857 0.000000
    outer loop
      vertex -11.823921 -8.558595 8.400000
      vertex -11.812000 -8.582000 12.400000
      vertex -11.812000 -8.582000 4.500000
    endloop
  endfacet
  facet normal 0.891075 0.453857 0.000000
    outer loop
      vertex -11.953903 -8.303396 9.282000
      vertex -12.029348 -8.155273 9.448000
      vertex -12.023594 -8.166570 9.460660
    endloop
  endfacet
  facet normal 0.891075 0.453857 0.000000
    outer loop
      vertex -13.885000 -4.512000 4.500000
      vertex -13.885000 -4.512000 12.400000
      vertex -13.154194 -5.946820 7.936000
    endloop
  endfacet
  facet normal 0.891075 0.453857 -0.000000
    outer loop
      vertex -13.885000 -4.512000 4.500000
      vertex -13.057389 -6.136881 7.518000
      vertex -11.812000 -8.582000 4.500000
    endloop
  endfacet
  facet normal 0.891075 0.453857 0.000000
    outer loop
      vertex -13.885000 -4.512000 4.500000
      vertex -13.154194 -5.946820 7.936000
      vertex -13.057389 -6.136881 7.518000
    endloop
  endfacet
  facet normal 0.891075 0.453857 -0.000000
    outer loop
      vertex -13.057389 -6.136881 7.518000
      vertex -12.906500 -6.433126 7.186000
      vertex -11.812000 -8.582000 4.500000
    endloop
  endfacet
  facet normal 0.891075 0.453857 -0.000000
    outer loop
      vertex -12.716526 -6.806109 6.973000
      vertex -12.505646 -7.220138 6.900000
      vertex -11.812000 -8.582000 4.500000
    endloop
  endfacet
  facet normal 0.891075 0.453857 -0.000000
    outer loop
      vertex -12.294766 -7.634167 6.973000
      vertex -12.104792 -8.007151 7.186000
      vertex -11.812000 -8.582000 4.500000
    endloop
  endfacet
  facet normal 0.891075 0.453857 -0.000000
    outer loop
      vertex -12.104792 -8.007151 7.186000
      vertex -11.953903 -8.303396 7.518000
      vertex -11.812000 -8.582000 4.500000
    endloop
  endfacet
  facet normal 0.891075 0.453857 -0.000000
    outer loop
      vertex -11.953903 -8.303396 7.518000
      vertex -11.857098 -8.493457 7.936000
      vertex -11.812000 -8.582000 4.500000
    endloop
  endfacet
  facet normal 0.891075 0.453857 -0.000000
    outer loop
      vertex -11.857098 -8.493457 7.936000
      vertex -11.823921 -8.558595 8.400000
      vertex -11.812000 -8.582000 4.500000
    endloop
  endfacet
  facet normal 0.891075 0.453857 0.000000
    outer loop
      vertex -11.857098 -8.493457 8.864000
      vertex -11.953903 -8.303396 9.282000
      vertex -11.812000 -8.582000 12.400000
    endloop
  endfacet
  facet normal 0.891075 0.453857 0.000000
    outer loop
      vertex -11.953903 -8.303396 9.282000
      vertex -12.023594 -8.166570 9.460660
      vertex -11.812000 -8.582000 12.400000
    endloop
  endfacet
  facet normal 0.891075 0.453857 0.000000
    outer loop
      vertex -12.023594 -8.166570 9.460660
      vertex -12.505646 -7.220138 10.521320
      vertex -11.812000 -8.582000 12.400000
    endloop
  endfacet
  facet normal 0.891075 0.453857 0.000000
    outer loop
      vertex -12.987698 -6.273706 9.460660
      vertex -13.057389 -6.136881 9.282000
      vertex -13.885000 -4.512000 12.400000
    endloop
  endfacet
  facet normal 0.891075 0.453857 0.000000
    outer loop
      vertex -12.981945 -6.285003 9.448000
      vertex -13.057389 -6.136881 9.282000
      vertex -12.987698 -6.273706 9.460660
    endloop
  endfacet
  facet normal 0.891075 0.453857 0.000000
    outer loop
      vertex -13.885000 -4.512000 12.400000
      vertex -11.812000 -8.582000 12.400000
      vertex -12.505646 -7.220138 10.521320
    endloop
  endfacet
  facet normal 0.891075 0.453857 -0.000000
    outer loop
      vertex -13.885000 -4.512000 12.400000
      vertex -12.505646 -7.220138 10.521320
      vertex -12.987698 -6.273706 9.460660
    endloop
  endfacet
  facet normal 0.891075 0.453857 -0.000000
    outer loop
      vertex -13.057389 -6.136881 9.282000
      vertex -13.154194 -5.946820 8.864000
      vertex -13.885000 -4.512000 12.400000
    endloop
  endfacet
  facet normal 0.891075 0.453857 0.000000
    outer loop
      vertex -11.823921 -8.558595 8.400000
      vertex -11.857098 -8.493457 8.864000
      vertex -11.812000 -8.582000 12.400000
    endloop
  endfacet
  facet normal 0.891075 0.453857 0.000000
    outer loop
      vertex -13.187371 -5.881681 8.400000
      vertex -13.885000 -4.512000 12.400000
      vertex -13.154194 -5.946820 8.864000
    endloop
  endfacet
  facet normal 0.891075 0.453857 -0.000000
    outer loop
      vertex -13.154194 -5.946820 7.936000
      vertex -13.885000 -4.512000 12.400000
      vertex -13.187371 -5.881681 8.400000
    endloop
  endfacet
  facet normal 0.891075 0.453857 0.000000
    outer loop
      vertex -12.906500 -6.433126 7.186000
      vertex -12.716526 -6.806109 6.973000
      vertex -11.812000 -8.582000 4.500000
    endloop
  endfacet
  facet normal 0.891075 0.453857 -0.000000
    outer loop
      vertex -12.505646 -7.220138 6.900000
      vertex -12.294766 -7.634167 6.973000
      vertex -11.812000 -8.582000 4.500000
    endloop
  endfacet
  facet normal 0.707107 0.707107 -0.000000
    outer loop
      vertex -8.582000 -11.812000 12.400000
      vertex -8.582000 -11.812000 4.500000
      vertex -11.812000 -8.582000 12.400000
    endloop
  endfacet
  facet normal 0.707107 0.707107 -0.000000
    outer loop
      vertex -11.812000 -8.582000 12.400000
      vertex -8.582000 -11.812000 4.500000
      vertex -11.812000 -8.582000 4.500000
    endloop
  endfacet
  facet normal 0.453857 0.891075 -0.000000
    outer loop
      vertex -4.512000 -13.885000 12.400000
      vertex -4.512000 -13.885000 4.500000
      vertex -8.582000 -11.812000 12.400000
    endloop
  endfacet
  facet normal 0.453857 0.891075 -0.000000
    outer loop
      vertex -8.582000 -11.812000 12.400000
      vertex -4.512000 -13.885000 4.500000
      vertex -8.582000 -11.812000 4.500000
    endloop
  endfacet
  facet normal 0.156513 0.987676 -0.000000
    outer loop
      vertex 0.000000 -14.600000 12.400000
      vertex 0.000000 -14.600000 4.500000
      vertex -4.512000 -13.885000 12.400000
    endloop
  endfacet
  facet normal 0.156513 0.987676 -0.000000
    outer loop
      vertex -4.512000 -13.885000 12.400000
      vertex 0.000000 -14.600000 4.500000
      vertex -4.512000 -13.885000 4.500000
    endloop
  endfacet
  facet normal -0.156513 0.987676 0.000000
    outer loop
      vertex 4.512000 -13.885000 12.400000
      vertex 4.512000 -13.885000 4.500000
      vertex 0.000000 -14.600000 12.400000
    endloop
  endfacet
  facet normal -0.156513 0.987676 0.000000
    outer loop
      vertex 0.000000 -14.600000 12.400000
      vertex 4.512000 -13.885000 4.500000
      vertex 0.000000 -14.600000 4.500000
    endloop
  endfacet
  facet normal -0.453857 0.891075 0.000000
    outer loop
      vertex 8.582000 -11.812000 12.400000
      vertex 8.582000 -11.812000 4.500000
      vertex 4.512000 -13.885000 12.400000
    endloop
  endfacet
  facet normal -0.453857 0.891075 0.000000
    outer loop
      vertex 4.512000 -13.885000 12.400000
      vertex 8.582000 -11.812000 4.500000
      vertex 4.512000 -13.885000 4.500000
    endloop
  endfacet
  facet normal -0.707107 0.707107 0.000000
    outer loop
      vertex 11.812000 -8.582000 12.400000
      vertex 11.812000 -8.582000 4.500000
      vertex 8.582000 -11.812000 12.400000
    endloop
  endfacet
  facet normal -0.707107 0.707107 0.000000
    outer loop
      vertex 8.582000 -11.812000 12.400000
      vertex 11.812000 -8.582000 4.500000
      vertex 8.582000 -11.812000 4.500000
    endloop
  endfacet
  facet normal -0.891075 0.453857 0.000000
    outer loop
      vertex 12.987698 -6.273706 9.460660
      vertex 13.057389 -6.136881 9.282000
      vertex 12.981945 -6.285003 9.448000
    endloop
  endfacet
  facet normal -0.891075 0.453857 -0.000000
    outer loop
      vertex 12.104792 -8.007151 7.186000
      vertex 13.885000 -4.512000 4.500000
      vertex 11.812000 -8.582000 4.500000
    endloop
  endfacet
  facet normal -0.891075 0.453857 0.000000
    outer loop
      vertex 13.154194 -5.946820 7.936000
      vertex 13.885000 -4.512000 4.500000
      vertex 13.057389 -6.136881 7.518000
    endloop
  endfacet
  facet normal -0.891075 0.453857 -0.000000
    outer loop
      vertex 11.823921 -8.558595 8.400000
      vertex 11.857098 -8.493457 7.936000
      vertex 11.812000 -8.582000 4.500000
    endloop
  endfacet
  facet normal -0.891075 0.453857 -0.000000
    outer loop
      vertex 11.857098 -8.493457 7.936000
      vertex 11.953903 -8.303396 7.518000
      vertex 11.812000 -8.582000 4.500000
    endloop
  endfacet
  facet normal -0.891075 0.453857 -0.000000
    outer loop
      vertex 12.294766 -7.634167 6.973000
      vertex 13.885000 -4.512000 4.500000
      vertex 12.104792 -8.007151 7.186000
    endloop
  endfacet
  facet normal -0.891075 0.453857 0.000000
    outer loop
      vertex 11.953903 -8.303396 7.518000
      vertex 12.104792 -8.007151 7.186000
      vertex 11.812000 -8.582000 4.500000
    endloop
  endfacet
  facet normal -0.891075 0.453857 0.000000
    outer loop
      vertex 12.716526 -6.806109 6.973000
      vertex 13.885000 -4.512000 4.500000
      vertex 12.505646 -7.220138 6.900000
    endloop
  endfacet
  facet normal -0.891075 0.453857 -0.000000
    outer loop
      vertex 12.906500 -6.433126 7.186000
      vertex 13.885000 -4.512000 4.500000
      vertex 12.716526 -6.806109 6.973000
    endloop
  endfacet
  facet normal -0.891075 0.453857 -0.000000
    outer loop
      vertex 13.057389 -6.136881 7.518000
      vertex 13.885000 -4.512000 4.500000
      vertex 12.906500 -6.433126 7.186000
    endloop
  endfacet
  facet normal -0.891075 0.453857 0.000000
    outer loop
      vertex 13.885000 -4.512000 12.400000
      vertex 13.885000 -4.512000 4.500000
      vertex 13.154194 -5.946820 7.936000
    endloop
  endfacet
  facet normal -0.891075 0.453857 -0.000000
    outer loop
      vertex 13.885000 -4.512000 12.400000
      vertex 13.154194 -5.946820 7.936000
      vertex 13.187371 -5.881681 8.400000
    endloop
  endfacet
  facet normal -0.891075 0.453857 0.000000
    outer loop
      vertex 13.885000 -4.512000 12.400000
      vertex 13.187371 -5.881681 8.400000
      vertex 13.154194 -5.946820 8.864000
    endloop
  endfacet
  facet normal -0.891075 0.453857 0.000000
    outer loop
      vertex 13.885000 -4.512000 12.400000
      vertex 13.154194 -5.946820 8.864000
      vertex 13.057389 -6.136881 9.282000
    endloop
  endfacet
  facet normal -0.891075 0.453857 0.000000
    outer loop
      vertex 12.505646 -7.220138 10.521320
      vertex 11.812000 -8.582000 12.400000
      vertex 12.987698 -6.273706 9.460660
    endloop
  endfacet
  facet normal -0.891075 0.453857 -0.000000
    outer loop
      vertex 13.885000 -4.512000 12.400000
      vertex 13.057389 -6.136881 9.282000
      vertex 12.987698 -6.273706 9.460660
    endloop
  endfacet
  facet normal -0.891075 0.453857 0.000000
    outer loop
      vertex 13.885000 -4.512000 12.400000
      vertex 12.987698 -6.273706 9.460660
      vertex 11.812000 -8.582000 12.400000
    endloop
  endfacet
  facet normal -0.891075 0.453857 0.000000
    outer loop
      vertex 12.023594 -8.166570 9.460660
      vertex 11.812000 -8.582000 12.400000
      vertex 12.505646 -7.220138 10.521320
    endloop
  endfacet
  facet normal -0.891075 0.453857 0.000000
    outer loop
      vertex 11.823921 -8.558595 8.400000
      vertex 11.812000 -8.582000 12.400000
      vertex 11.857098 -8.493457 8.864000
    endloop
  endfacet
  facet normal -0.891075 0.453857 -0.000000
    outer loop
      vertex 11.953903 -8.303396 9.282000
      vertex 12.023594 -8.166570 9.460660
      vertex 12.029348 -8.155273 9.448000
    endloop
  endfacet
  facet normal -0.891075 0.453857 0.000000
    outer loop
      vertex 11.812000 -8.582000 12.400000
      vertex 12.023594 -8.166570 9.460660
      vertex 11.953903 -8.303396 9.282000
    endloop
  endfacet
  facet normal -0.891075 0.453857 0.000000
    outer loop
      vertex 11.812000 -8.582000 12.400000
      vertex 11.953903 -8.303396 9.282000
      vertex 11.857098 -8.493457 8.864000
    endloop
  endfacet
  facet normal -0.891075 0.453857 0.000000
    outer loop
      vertex 11.812000 -8.582000 12.400000
      vertex 11.823921 -8.558595 8.400000
      vertex 11.812000 -8.582000 4.500000
    endloop
  endfacet
  facet normal -0.891075 0.453857 -0.000000
    outer loop
      vertex 12.505646 -7.220138 6.900000
      vertex 13.885000 -4.512000 4.500000
      vertex 12.294766 -7.634167 6.973000
    endloop
  endfacet
  facet normal -0.987676 0.156513 0.000000
    outer loop
      vertex 14.600000 0.000000 12.400000
      vertex 14.600000 0.000000 4.500000
      vertex 13.885000 -4.512000 12.400000
    endloop
  endfacet
  facet normal -0.987676 0.156513 0.000000
    outer loop
      vertex 13.885000 -4.512000 12.400000
      vertex 14.600000 0.000000 4.500000
      vertex 13.885000 -4.512000 4.500000
    endloop
  endfacet
  facet normal -0.987676 -0.156513 0.000000
    outer loop
      vertex 14.600000 0.000000 12.400000
      vertex 13.885000 4.512000 12.400000
      vertex 14.600000 0.000000 4.500000
    endloop
  endfacet
  facet normal -0.987676 -0.156513 0.000000
    outer loop
      vertex 14.600000 0.000000 4.500000
      vertex 13.885000 4.512000 12.400000
      vertex 13.885000 4.512000 4.500000
    endloop
  endfacet
  facet normal -0.891075 -0.453857 0.000000
    outer loop
      vertex 13.885000 4.512000 12.400000
      vertex 11.812000 8.582000 12.400000
      vertex 13.885000 4.512000 4.500000
    endloop
  endfacet
  facet normal -0.891075 -0.453857 0.000000
    outer loop
      vertex 13.885000 4.512000 4.500000
      vertex 11.812000 8.582000 12.400000
      vertex 11.812000 8.582000 4.500000
    endloop
  endfacet
  facet normal -0.707107 -0.707107 -0.000000
    outer loop
      vertex 11.812000 8.582000 4.500000
      vertex 11.812000 8.582000 12.400000
      vertex 8.582000 11.812000 12.400000
    endloop
  endfacet
  facet normal -0.707107 -0.707107 -0.000000
    outer loop
      vertex 8.582000 11.812000 4.500000
      vertex 11.812000 8.582000 4.500000
      vertex 8.582000 11.812000 12.400000
    endloop
  endfacet
  facet normal -0.453857 -0.891075 -0.000000
    outer loop
      vertex 8.582000 11.812000 4.500000
      vertex 8.582000 11.812000 12.400000
      vertex 4.512000 13.885000 12.400000
    endloop
  endfacet
  facet normal -0.453857 -0.891075 -0.000000
    outer loop
      vertex 4.512000 13.885000 4.500000
      vertex 8.582000 11.812000 4.500000
      vertex 4.512000 13.885000 12.400000
    endloop
  endfacet
  facet normal -0.156513 -0.987676 -0.000000
    outer loop
      vertex 4.512000 13.885000 4.500000
      vertex 4.512000 13.885000 12.400000
      vertex 0.000000 14.600000 12.400000
    endloop
  endfacet
  facet normal -0.156513 -0.987676 0.000000
    outer loop
      vertex 1.214000 14.407622 9.282000
      vertex 4.512000 13.885000 4.500000
      vertex 0.000000 14.600000 12.400000
    endloop
  endfacet
  facet normal -0.156513 -0.987676 0.000000
    outer loop
      vertex 0.000000 14.600000 10.521320
      vertex 1.060660 14.431921 9.460660
      vertex 0.000000 14.600000 12.400000
    endloop
  endfacet
  facet normal -0.156513 -0.987676 0.000000
    outer loop
      vertex 1.214000 14.407622 9.282000
      vertex 1.427000 14.373869 8.864000
      vertex 4.512000 13.885000 4.500000
    endloop
  endfacet
  facet normal -0.156513 -0.987676 -0.000000
    outer loop
      vertex 1.060660 14.431921 9.460660
      vertex 1.214000 14.407622 9.282000
      vertex 0.000000 14.600000 12.400000
    endloop
  endfacet
  facet normal -0.156513 -0.987676 -0.000000
    outer loop
      vertex 1.427000 14.373869 7.936000
      vertex 4.512000 13.885000 4.500000
      vertex 1.500000 14.362301 8.400000
    endloop
  endfacet
  facet normal -0.156513 -0.987676 -0.000000
    outer loop
      vertex 1.214000 14.407622 7.518000
      vertex 4.512000 13.885000 4.500000
      vertex 1.427000 14.373869 7.936000
    endloop
  endfacet
  facet normal -0.156513 -0.987676 0.000000
    outer loop
      vertex 0.882000 14.460233 7.186000
      vertex 4.512000 13.885000 4.500000
      vertex 1.214000 14.407622 7.518000
    endloop
  endfacet
  facet normal -0.156513 -0.987676 0.000000
    outer loop
      vertex 0.464000 14.526472 6.973000
      vertex 4.512000 13.885000 4.500000
      vertex 0.882000 14.460233 7.186000
    endloop
  endfacet
  facet normal -0.156513 -0.987676 -0.000000
    outer loop
      vertex 0.000000 14.600000 6.900000
      vertex 4.512000 13.885000 4.500000
      vertex 0.464000 14.526472 6.973000
    endloop
  endfacet
  facet normal -0.156513 -0.987676 -0.000000
    outer loop
      vertex 0.000000 14.600000 4.500000
      vertex 4.512000 13.885000 4.500000
      vertex 0.000000 14.600000 6.900000
    endloop
  endfacet
  facet normal -0.156513 -0.987676 0.000000
    outer loop
      vertex 1.048000 14.433927 9.448000
      vertex 1.214000 14.407622 9.282000
      vertex 1.060660 14.431921 9.460660
    endloop
  endfacet
  facet normal -0.156513 -0.987676 0.000000
    outer loop
      vertex 1.427000 14.373869 8.864000
      vertex 1.500000 14.362301 8.400000
      vertex 4.512000 13.885000 4.500000
    endloop
  endfacet
  facet normal 0.156513 -0.987676 -0.000000
    outer loop
      vertex -1.214000 14.407622 7.518000
      vertex -1.427000 14.373869 7.936000
      vertex 0.000000 14.600000 4.500000
    endloop
  endfacet
  facet normal 0.156513 -0.987676 0.000000
    outer loop
      vertex 0.000000 14.600000 4.500000
      vertex 0.000000 14.600000 6.900000
      vertex -0.464000 14.526472 6.973000
    endloop
  endfacet
  facet normal 0.156513 -0.987676 -0.000000
    outer loop
      vertex -1.427000 14.373869 7.936000
      vertex -4.512000 13.885000 12.400000
      vertex 0.000000 14.600000 4.500000
    endloop
  endfacet
  facet normal 0.156513 -0.987676 0.000000
    outer loop
      vertex -0.882000 14.460233 7.186000
      vertex 0.000000 14.600000 4.500000
      vertex -0.464000 14.526472 6.973000
    endloop
  endfacet
  facet normal 0.156513 -0.987676 -0.000000
    outer loop
      vertex -0.882000 14.460233 7.186000
      vertex -1.214000 14.407622 7.518000
      vertex 0.000000 14.600000 4.500000
    endloop
  endfacet
  facet normal 0.156513 -0.987676 -0.000000
    outer loop
      vertex -1.500000 14.362301 8.400000
      vertex -4.512000 13.885000 12.400000
      vertex -1.427000 14.373869 7.936000
    endloop
  endfacet
  facet normal 0.156513 -0.987676 0.000000
    outer loop
      vertex -1.427000 14.373869 8.864000
      vertex -4.512000 13.885000 12.400000
      vertex -1.500000 14.362301 8.400000
    endloop
  endfacet
  facet normal 0.156513 -0.987676 0.000000
    outer loop
      vertex -1.214000 14.407622 9.282000
      vertex 0.000000 14.600000 12.400000
      vertex -1.427000 14.373869 8.864000
    endloop
  endfacet
  facet normal 0.156513 -0.987676 -0.000000
    outer loop
      vertex -1.060660 14.431921 9.460660
      vertex 0.000000 14.600000 12.400000
      vertex -1.214000 14.407622 9.282000
    endloop
  endfacet
  facet normal 0.156513 -0.987676 0.000000
    outer loop
      vertex -1.048000 14.433927 9.448000
      vertex -1.060660 14.431921 9.460660
      vertex -1.214000 14.407622 9.282000
    endloop
  endfacet
  facet normal 0.156513 -0.987676 0.000000
    outer loop
      vertex 0.000000 14.600000 10.521320
      vertex 0.000000 14.600000 12.400000
      vertex -1.060660 14.431921 9.460660
    endloop
  endfacet
  facet normal 0.156513 -0.987676 0.000000
    outer loop
      vertex 0.000000 14.600000 12.400000
      vertex -4.512000 13.885000 12.400000
      vertex -1.427000 14.373869 8.864000
    endloop
  endfacet
  facet normal 0.156513 -0.987676 0.000000
    outer loop
      vertex -4.512000 13.885000 12.400000
      vertex -4.512000 13.885000 4.500000
      vertex 0.000000 14.600000 4.500000
    endloop
  endfacet
  facet normal 0.453857 -0.891075 0.000000
    outer loop
      vertex -4.512000 13.885000 4.500000
      vertex -4.512000 13.885000 12.400000
      vertex -8.582000 11.812000 12.400000
    endloop
  endfacet
  facet normal 0.453857 -0.891075 0.000000
    outer loop
      vertex -8.582000 11.812000 4.500000
      vertex -4.512000 13.885000 4.500000
      vertex -8.582000 11.812000 12.400000
    endloop
  endfacet
  facet normal 0.707107 -0.707107 0.000000
    outer loop
      vertex -8.582000 11.812000 4.500000
      vertex -8.582000 11.812000 12.400000
      vertex -11.812000 8.582000 12.400000
    endloop
  endfacet
  facet normal 0.707107 -0.707107 0.000000
    outer loop
      vertex -11.812000 8.582000 4.500000
      vertex -8.582000 11.812000 4.500000
      vertex -11.812000 8.582000 12.400000
    endloop
  endfacet
  facet normal 0.891075 -0.453857 0.000000
    outer loop
      vertex -11.812000 8.582000 4.500000
      vertex -11.812000 8.582000 12.400000
      vertex -13.885000 4.512000 12.400000
    endloop
  endfacet
  facet normal 0.891075 -0.453857 0.000000
    outer loop
      vertex -13.885000 4.512000 4.500000
      vertex -11.812000 8.582000 4.500000
      vertex -13.885000 4.512000 12.400000
    endloop
  endfacet
  facet normal 0.987676 -0.156513 0.000000
    outer loop
      vertex -13.885000 4.512000 4.500000
      vertex -13.885000 4.512000 12.400000
      vertex -14.600000 0.000000 12.400000
    endloop
  endfacet
  facet normal 0.987676 -0.156513 0.000000
    outer loop
      vertex -14.600000 0.000000 4.500000
      vertex -13.885000 4.512000 4.500000
      vertex -14.600000 0.000000 12.400000
    endloop
  endfacet
  facet normal 1.000000 0.000000 0.000000
    outer loop
      vertex -2.800000 18.500000 4.500000
      vertex -2.800000 18.500000 12.400000
      vertex -2.800000 16.100000 12.400000
    endloop
  endfacet
  facet normal 1.000000 0.000000 0.000000
    outer loop
      vertex -2.800000 16.100000 4.500000
      vertex -2.800000 18.500000 4.500000
      vertex -2.800000 16.100000 12.400000
    endloop
  endfacet
  facet normal 0.000000 1.000000 -0.000000
    outer loop
      vertex 1.500000 16.100000 8.400000
      vertex 2.800000 16.100000 12.400000
      vertex 1.427000 16.100000 7.936000
    endloop
  endfacet
  facet normal 0.000000 1.000000 -0.000000
    outer loop
      vertex -0.882000 16.100000 7.186000
      vertex 2.800000 16.100000 4.500000
      vertex -2.800000 16.100000 4.500000
    endloop
  endfacet
  facet normal 0.000000 1.000000 -0.000000
    outer loop
      vertex 1.214000 16.100000 7.518000
      vertex 2.800000 16.100000 4.500000
      vertex 0.882000 16.100000 7.186000
    endloop
  endfacet
  facet normal 0.000000 1.000000 -0.000000
    outer loop
      vertex -2.800000 16.100000 12.400000
      vertex -1.500000 16.100000 8.400000
      vertex -2.800000 16.100000 4.500000
    endloop
  endfacet
  facet normal 0.000000 1.000000 -0.000000
    outer loop
      vertex 0.464000 16.100000 6.973000
      vertex 2.800000 16.100000 4.500000
      vertex 0.000000 16.100000 6.900000
    endloop
  endfacet
  facet normal 0.000000 1.000000 -0.000000
    outer loop
      vertex -1.500000 16.100000 8.400000
      vertex -1.427000 16.100000 7.936000
      vertex -2.800000 16.100000 4.500000
    endloop
  endfacet
  facet normal -0.000000 1.000000 -0.000000
    outer loop
      vertex 0.000000 16.100000 6.900000
      vertex 2.800000 16.100000 4.500000
      vertex -0.464000 16.100000 6.973000
    endloop
  endfacet
  facet normal 0.000000 1.000000 -0.000000
    outer loop
      vertex -1.427000 16.100000 7.936000
      vertex -1.214000 16.100000 7.518000
      vertex -2.800000 16.100000 4.500000
    endloop
  endfacet
  facet normal 0.000000 1.000000 -0.000000
    outer loop
      vertex -1.214000 16.100000 7.518000
      vertex -0.882000 16.100000 7.186000
      vertex -2.800000 16.100000 4.500000
    endloop
  endfacet
  facet normal 0.000000 1.000000 -0.000000
    outer loop
      vertex 0.882000 16.100000 7.186000
      vertex 2.800000 16.100000 4.500000
      vertex 0.464000 16.100000 6.973000
    endloop
  endfacet
  facet normal 0.000000 1.000000 -0.000000
    outer loop
      vertex 1.427000 16.100000 7.936000
      vertex 2.800000 16.100000 4.500000
      vertex 1.214000 16.100000 7.518000
    endloop
  endfacet
  facet normal 0.000000 1.000000 0.000000
    outer loop
      vertex 2.800000 16.100000 12.400000
      vertex 2.800000 16.100000 4.500000
      vertex 1.427000 16.100000 7.936000
    endloop
  endfacet
  facet normal 0.000000 1.000000 0.000000
    outer loop
      vertex 0.000000 16.100000 10.521320
      vertex 2.800000 16.100000 12.400000
      vertex 1.060660 16.100000 9.460660
    endloop
  endfacet
  facet normal 0.000000 1.000000 0.000000
    outer loop
      vertex 2.800000 16.100000 12.400000
      vertex 1.500000 16.100000 8.400000
      vertex 1.427000 16.100000 8.864000
    endloop
  endfacet
  facet normal 0.000000 1.000000 0.000000
    outer loop
      vertex 2.800000 16.100000 12.400000
      vertex 1.427000 16.100000 8.864000
      vertex 1.214000 16.100000 9.282000
    endloop
  endfacet
  facet normal 0.000000 1.000000 -0.000000
    outer loop
      vertex 1.060660 16.100000 9.460660
      vertex 1.214000 16.100000 9.282000
      vertex 1.048000 16.100000 9.448000
    endloop
  endfacet
  facet normal 0.000000 1.000000 0.000000
    outer loop
      vertex 2.800000 16.100000 12.400000
      vertex 1.214000 16.100000 9.282000
      vertex 1.060660 16.100000 9.460660
    endloop
  endfacet
  facet normal 0.000000 1.000000 0.000000
    outer loop
      vertex -1.060660 16.100000 9.460660
      vertex -2.800000 16.100000 12.400000
      vertex 0.000000 16.100000 10.521320
    endloop
  endfacet
  facet normal 0.000000 1.000000 0.000000
    outer loop
      vertex 2.800000 16.100000 12.400000
      vertex 0.000000 16.100000 10.521320
      vertex -2.800000 16.100000 12.400000
    endloop
  endfacet
  facet normal 0.000000 1.000000 0.000000
    outer loop
      vertex -1.214000 16.100000 9.282000
      vertex -1.060660 16.100000 9.460660
      vertex -1.048000 16.100000 9.448000
    endloop
  endfacet
  facet normal 0.000000 1.000000 0.000000
    outer loop
      vertex -2.800000 16.100000 12.400000
      vertex -1.060660 16.100000 9.460660
      vertex -1.214000 16.100000 9.282000
    endloop
  endfacet
  facet normal 0.000000 1.000000 0.000000
    outer loop
      vertex -2.800000 16.100000 12.400000
      vertex -1.214000 16.100000 9.282000
      vertex -1.427000 16.100000 8.864000
    endloop
  endfacet
  facet normal 0.000000 1.000000 0.000000
    outer loop
      vertex -2.800000 16.100000 12.400000
      vertex -1.427000 16.100000 8.864000
      vertex -1.500000 16.100000 8.400000
    endloop
  endfacet
  facet normal -0.000000 1.000000 -0.000000
    outer loop
      vertex -0.464000 16.100000 6.973000
      vertex 2.800000 16.100000 4.500000
      vertex -0.882000 16.100000 7.186000
    endloop
  endfacet
  facet normal -1.000000 0.000000 0.000000
    outer loop
      vertex 2.800000 18.500000 12.400000
      vertex 2.800000 18.500000 4.500000
      vertex 2.800000 16.100000 12.400000
    endloop
  endfacet
  facet normal -1.000000 0.000000 0.000000
    outer loop
      vertex 2.800000 16.100000 12.400000
      vertex 2.800000 18.500000 4.500000
      vertex 2.800000 16.100000 4.500000
    endloop
  endfacet
  facet normal 0.000000 -1.000000 -0.000000
    outer loop
      vertex 0.000000 18.500000 10.521320
      vertex 2.800000 18.500000 12.400000
      vertex -2.800000 18.500000 12.400000
    endloop
  endfacet
  facet normal -0.000000 -1.000000 0.000000
    outer loop
      vertex 1.048000 18.500000 9.448000
      vertex 1.214000 18.500000 9.282000
      vertex 1.060660 18.500000 9.460660
    endloop
  endfacet
  facet normal 0.000000 -1.000000 -0.000000
    outer loop
      vertex -2.800000 18.500000 4.500000
      vertex -1.427000 18.500000 8.864000
      vertex -2.800000 18.500000 12.400000
    endloop
  endfacet
  facet normal 0.000000 -1.000000 -0.000000
    outer loop
      vertex -1.427000 18.500000 8.864000
      vertex -1.214000 18.500000 9.282000
      vertex -2.800000 18.500000 12.400000
    endloop
  endfacet
  facet normal 0.000000 -1.000000 0.000000
    outer loop
      vertex 0.464000 18.500000 6.973000
      vertex 0.000000 18.500000 6.900000
      vertex 2.800000 18.500000 4.500000
    endloop
  endfacet
  facet normal 0.000000 -1.000000 -0.000000
    outer loop
      vertex -1.214000 18.500000 9.282000
      vertex -1.060660 18.500000 9.460660
      vertex -2.800000 18.500000 12.400000
    endloop
  endfacet
  facet normal 0.000000 -1.000000 0.000000
    outer loop
      vertex -1.214000 18.500000 9.282000
      vertex -1.048000 18.500000 9.448000
      vertex -1.060660 18.500000 9.460660
    endloop
  endfacet
  facet normal 0.000000 -1.000000 0.000000
    outer loop
      vertex 1.427000 18.500000 7.936000
      vertex 1.214000 18.500000 7.518000
      vertex 2.800000 18.500000 4.500000
    endloop
  endfacet
  facet normal 0.000000 -1.000000 -0.000000
    outer loop
      vertex 1.060660 18.500000 9.460660
      vertex 2.800000 18.500000 12.400000
      vertex 0.000000 18.500000 10.521320
    endloop
  endfacet
  facet normal 0.000000 -1.000000 -0.000000
    outer loop
      vertex 1.214000 18.500000 9.282000
      vertex 2.800000 18.500000 12.400000
      vertex 1.060660 18.500000 9.460660
    endloop
  endfacet
  facet normal 0.000000 -1.000000 0.000000
    outer loop
      vertex 0.882000 18.500000 7.186000
      vertex 0.464000 18.500000 6.973000
      vertex 2.800000 18.500000 4.500000
    endloop
  endfacet
  facet normal 0.000000 -1.000000 -0.000000
    outer loop
      vertex 1.427000 18.500000 8.864000
      vertex 2.800000 18.500000 12.400000
      vertex 1.214000 18.500000 9.282000
    endloop
  endfacet
  facet normal 0.000000 -1.000000 0.000000
    outer loop
      vertex 1.500000 18.500000 8.400000
      vertex 1.427000 18.500000 7.936000
      vertex 2.800000 18.500000 4.500000
    endloop
  endfacet
  facet normal 0.000000 -1.000000 0.000000
    outer loop
      vertex 2.800000 18.500000 4.500000
      vertex 2.800000 18.500000 12.400000
      vertex 1.427000 18.500000 8.864000
    endloop
  endfacet
  facet normal 0.000000 -1.000000 0.000000
    outer loop
      vertex 1.427000 18.500000 8.864000
      vertex 1.500000 18.500000 8.400000
      vertex 2.800000 18.500000 4.500000
    endloop
  endfacet
  facet normal -0.000000 -1.000000 0.000000
    outer loop
      vertex -2.800000 18.500000 4.500000
      vertex 2.800000 18.500000 4.500000
      vertex 0.000000 18.500000 6.900000
    endloop
  endfacet
  facet normal 0.000000 -1.000000 0.000000
    outer loop
      vertex -2.800000 18.500000 4.500000
      vertex 0.000000 18.500000 6.900000
      vertex -0.464000 18.500000 6.973000
    endloop
  endfacet
  facet normal 0.000000 -1.000000 0.000000
    outer loop
      vertex -2.800000 18.500000 4.500000
      vertex -0.464000 18.500000 6.973000
      vertex -0.882000 18.500000 7.186000
    endloop
  endfacet
  facet normal 0.000000 -1.000000 0.000000
    outer loop
      vertex -2.800000 18.500000 4.500000
      vertex -0.882000 18.500000 7.186000
      vertex -1.214000 18.500000 7.518000
    endloop
  endfacet
  facet normal 0.000000 -1.000000 0.000000
    outer loop
      vertex -2.800000 18.500000 4.500000
      vertex -1.214000 18.500000 7.518000
      vertex -1.427000 18.500000 7.936000
    endloop
  endfacet
  facet normal 0.000000 -1.000000 0.000000
    outer loop
      vertex -2.800000 18.500000 4.500000
      vertex -1.500000 18.500000 8.400000
      vertex -1.427000 18.500000 8.864000
    endloop
  endfacet
  facet normal 0.000000 -1.000000 0.000000
    outer loop
      vertex -2.800000 18.500000 4.500000
      vertex -1.427000 18.500000 7.936000
      vertex -1.500000 18.500000 8.400000
    endloop
  endfacet
  facet normal 0.000000 -1.000000 0.000000
    outer loop
      vertex 1.214000 18.500000 7.518000
      vertex 0.882000 18.500000 7.186000
      vertex 2.800000 18.500000 4.500000
    endloop
  endfacet
  facet normal 0.000000 -1.000000 -0.000000
    outer loop
      vertex -1.060660 18.500000 9.460660
      vertex 0.000000 18.500000 10.521320
      vertex -2.800000 18.500000 12.400000
    endloop
  endfacet
  facet normal -0.866025 0.500000 0.000000
    outer loop
      vertex 16.771470 -7.950962 8.400000
      vertex 17.421470 -6.825129 12.400000
      vertex 16.734970 -8.014182 7.936000
    endloop
  endfacet
  facet normal -0.866025 0.500000 0.000000
    outer loop
      vertex 15.580470 -10.013834 7.186000
      vertex 17.421470 -6.825129 4.500000
      vertex 14.621470 -11.674871 4.500000
    endloop
  endfacet
  facet normal -0.866025 0.500000 0.000000
    outer loop
      vertex 16.628470 -8.198645 7.518000
      vertex 17.421470 -6.825129 4.500000
      vertex 16.462470 -8.486166 7.186000
    endloop
  endfacet
  facet normal -0.866025 0.500000 0.000000
    outer loop
      vertex 14.621470 -11.674871 12.400000
      vertex 15.307970 -10.485818 7.936000
      vertex 14.621470 -11.674871 4.500000
    endloop
  endfacet
  facet normal -0.866025 0.500000 0.000000
    outer loop
      vertex 16.021470 -9.250000 6.900000
      vertex 17.421470 -6.825129 4.500000
      vertex 15.789470 -9.651836 6.973000
    endloop
  endfacet
  facet normal -0.866025 0.500000 0.000000
    outer loop
      vertex 15.307970 -10.485818 7.936000
      vertex 15.414470 -10.301355 7.518000
      vertex 14.621470 -11.674871 4.500000
    endloop
  endfacet
  facet normal -0.866025 0.500000 -0.000000
    outer loop
      vertex 15.414470 -10.301355 7.518000
      vertex 15.580470 -10.013834 7.186000
      vertex 14.621470 -11.674871 4.500000
    endloop
  endfacet
  facet normal -0.866025 0.500000 -0.000000
    outer loop
      vertex 16.253470 -8.848164 6.973000
      vertex 17.421470 -6.825129 4.500000
      vertex 16.021470 -9.250000 6.900000
    endloop
  endfacet
  facet normal -0.866025 0.500000 -0.000000
    outer loop
      vertex 16.462470 -8.486166 7.186000
      vertex 17.421470 -6.825129 4.500000
      vertex 16.253470 -8.848164 6.973000
    endloop
  endfacet
  facet normal -0.866025 0.500000 0.000000
    outer loop
      vertex 16.734970 -8.014182 7.936000
      vertex 17.421470 -6.825129 4.500000
      vertex 16.628470 -8.198645 7.518000
    endloop
  endfacet
  facet normal -0.866025 0.500000 0.000000
    outer loop
      vertex 17.421470 -6.825129 12.400000
      vertex 17.421470 -6.825129 4.500000
      vertex 16.734970 -8.014182 7.936000
    endloop
  endfacet
  facet normal -0.866025 0.500000 0.000000
    outer loop
      vertex 16.021470 -9.250000 10.521320
      vertex 17.421470 -6.825129 12.400000
      vertex 16.551800 -8.331441 9.460660
    endloop
  endfacet
  facet normal -0.866025 0.500000 -0.000000
    outer loop
      vertex 17.421470 -6.825129 12.400000
      vertex 16.771470 -7.950962 8.400000
      vertex 16.734970 -8.014182 8.864000
    endloop
  endfacet
  facet normal -0.866025 0.500000 -0.000000
    outer loop
      vertex 17.421470 -6.825129 12.400000
      vertex 16.734970 -8.014182 8.864000
      vertex 16.628470 -8.198645 9.282000
    endloop
  endfacet
  facet normal -0.866025 0.500000 -0.000000
    outer loop
      vertex 16.551800 -8.331441 9.460660
      vertex 16.628470 -8.198645 9.282000
      vertex 16.545470 -8.342405 9.448000
    endloop
  endfacet
  facet normal -0.866025 0.500000 0.000000
    outer loop
      vertex 17.421470 -6.825129 12.400000
      vertex 16.628470 -8.198645 9.282000
      vertex 16.551800 -8.331441 9.460660
    endloop
  endfacet
  facet normal -0.866025 0.500000 -0.000000
    outer loop
      vertex 15.491140 -10.168559 9.460660
      vertex 14.621470 -11.674871 12.400000
      vertex 16.021470 -9.250000 10.521320
    endloop
  endfacet
  facet normal -0.866025 0.500000 0.000000
    outer loop
      vertex 17.421470 -6.825129 12.400000
      vertex 16.021470 -9.250000 10.521320
      vertex 14.621470 -11.674871 12.400000
    endloop
  endfacet
  facet normal -0.866025 0.500000 0.000000
    outer loop
      vertex 15.414470 -10.301355 9.282000
      vertex 15.491140 -10.168559 9.460660
      vertex 15.497470 -10.157595 9.448000
    endloop
  endfacet
  facet normal -0.866025 0.500000 0.000000
    outer loop
      vertex 15.414470 -10.301355 9.282000
      vertex 14.621470 -11.674871 12.400000
      vertex 15.491140 -10.168559 9.460660
    endloop
  endfacet
  facet normal -0.866025 0.500000 -0.000000
    outer loop
      vertex 14.621470 -11.674871 12.400000
      vertex 15.414470 -10.301355 9.282000
      vertex 15.307970 -10.485818 8.864000
    endloop
  endfacet
  facet normal -0.866025 0.500000 0.000000
    outer loop
      vertex 14.621470 -11.674871 12.400000
      vertex 15.307970 -10.485818 8.864000
      vertex 15.271470 -10.549038 8.400000
    endloop
  endfacet
  facet normal -0.866025 0.500000 -0.000000
    outer loop
      vertex 14.621470 -11.674871 12.400000
      vertex 15.271470 -10.549038 8.400000
      vertex 15.307970 -10.485818 7.936000
    endloop
  endfacet
  facet normal -0.866025 0.500000 -0.000000
    outer loop
      vertex 15.789470 -9.651836 6.973000
      vertex 17.421470 -6.825129 4.500000
      vertex 15.580470 -10.013834 7.186000
    endloop
  endfacet
  facet normal 0.500000 0.866025 -0.000000
    outer loop
      vertex 14.621470 -11.674871 12.400000
      vertex 14.621470 -11.674871 4.500000
      vertex 12.543009 -10.474871 12.400000
    endloop
  endfacet
  facet normal 0.500000 0.866025 -0.000000
    outer loop
      vertex 12.543009 -10.474871 12.400000
      vertex 14.621470 -11.674871 4.500000
      vertex 12.543009 -10.474871 4.500000
    endloop
  endfacet
  facet normal -0.500000 -0.866025 -0.000000
    outer loop
      vertex 17.421470 -6.825129 4.500000
      vertex 17.421470 -6.825129 12.400000
      vertex 15.343009 -5.625129 12.400000
    endloop
  endfacet
  facet normal -0.500000 -0.866025 -0.000000
    outer loop
      vertex 15.343009 -5.625129 4.500000
      vertex 17.421470 -6.825129 4.500000
      vertex 15.343009 -5.625129 12.400000
    endloop
  endfacet
  facet normal 0.866025 -0.500000 -0.000000
    outer loop
      vertex 13.943009 -8.050000 10.521320
      vertex 15.343009 -5.625129 12.400000
      vertex 12.543009 -10.474871 12.400000
    endloop
  endfacet
  facet normal 0.866025 -0.500000 0.000000
    outer loop
      vertex 14.467009 -7.142405 9.448000
      vertex 14.550009 -6.998645 9.282000
      vertex 14.473339 -7.131441 9.460660
    endloop
  endfacet
  facet normal 0.866025 -0.500000 0.000000
    outer loop
      vertex 12.543009 -10.474871 4.500000
      vertex 13.193009 -9.349038 8.400000
      vertex 12.543009 -10.474871 12.400000
    endloop
  endfacet
  facet normal 0.866025 -0.500000 -0.000000
    outer loop
      vertex 13.193009 -9.349038 8.400000
      vertex 13.229509 -9.285818 8.864000
      vertex 12.543009 -10.474871 12.400000
    endloop
  endfacet
  facet normal 0.866025 -0.500000 0.000000
    outer loop
      vertex 13.229509 -9.285818 8.864000
      vertex 13.336009 -9.101355 9.282000
      vertex 12.543009 -10.474871 12.400000
    endloop
  endfacet
  facet normal 0.866025 -0.500000 -0.000000
    outer loop
      vertex 13.336009 -9.101355 9.282000
      vertex 13.412679 -8.968559 9.460660
      vertex 12.543009 -10.474871 12.400000
    endloop
  endfacet
  facet normal 0.866025 -0.500000 -0.000000
    outer loop
      vertex 13.336009 -9.101355 9.282000
      vertex 13.419009 -8.957595 9.448000
      vertex 13.412679 -8.968559 9.460660
    endloop
  endfacet
  facet normal 0.866025 -0.500000 0.000000
    outer loop
      vertex 14.656509 -6.814182 7.936000
      vertex 14.550009 -6.998645 7.518000
      vertex 15.343009 -5.625129 4.500000
    endloop
  endfacet
  facet normal 0.866025 -0.500000 -0.000000
    outer loop
      vertex 14.473339 -7.131441 9.460660
      vertex 15.343009 -5.625129 12.400000
      vertex 13.943009 -8.050000 10.521320
    endloop
  endfacet
  facet normal 0.866025 -0.500000 0.000000
    outer loop
      vertex 14.550009 -6.998645 9.282000
      vertex 15.343009 -5.625129 12.400000
      vertex 14.473339 -7.131441 9.460660
    endloop
  endfacet
  facet normal 0.866025 -0.500000 -0.000000
    outer loop
      vertex 14.384009 -7.286166 7.186000
      vertex 14.175009 -7.648164 6.973000
      vertex 15.343009 -5.625129 4.500000
    endloop
  endfacet
  facet normal 0.866025 -0.500000 0.000000
    outer loop
      vertex 14.656509 -6.814182 8.864000
      vertex 15.343009 -5.625129 12.400000
      vertex 14.550009 -6.998645 9.282000
    endloop
  endfacet
  facet normal 0.866025 -0.500000 -0.000000
    outer loop
      vertex 14.693009 -6.750962 8.400000
      vertex 14.656509 -6.814182 7.936000
      vertex 15.343009 -5.625129 4.500000
    endloop
  endfacet
  facet normal 0.866025 -0.500000 0.000000
    outer loop
      vertex 15.343009 -5.625129 4.500000
      vertex 15.343009 -5.625129 12.400000
      vertex 14.656509 -6.814182 8.864000
    endloop
  endfacet
  facet normal 0.866025 -0.500000 -0.000000
    outer loop
      vertex 14.656509 -6.814182 8.864000
      vertex 14.693009 -6.750962 8.400000
      vertex 15.343009 -5.625129 4.500000
    endloop
  endfacet
  facet normal 0.866025 -0.500000 0.000000
    outer loop
      vertex 14.175009 -7.648164 6.973000
      vertex 13.943009 -8.050000 6.900000
      vertex 15.343009 -5.625129 4.500000
    endloop
  endfacet
  facet normal 0.866025 -0.500000 0.000000
    outer loop
      vertex 12.543009 -10.474871 4.500000
      vertex 15.343009 -5.625129 4.500000
      vertex 13.943009 -8.050000 6.900000
    endloop
  endfacet
  facet normal 0.866025 -0.500000 0.000000
    outer loop
      vertex 12.543009 -10.474871 4.500000
      vertex 13.943009 -8.050000 6.900000
      vertex 13.711009 -8.451836 6.973000
    endloop
  endfacet
  facet normal 0.866025 -0.500000 -0.000000
    outer loop
      vertex 12.543009 -10.474871 4.500000
      vertex 13.711009 -8.451836 6.973000
      vertex 13.502009 -8.813834 7.186000
    endloop
  endfacet
  facet normal 0.866025 -0.500000 0.000000
    outer loop
      vertex 12.543009 -10.474871 4.500000
      vertex 13.502009 -8.813834 7.186000
      vertex 13.336009 -9.101355 7.518000
    endloop
  endfacet
  facet normal 0.866025 -0.500000 0.000000
    outer loop
      vertex 12.543009 -10.474871 4.500000
      vertex 13.229509 -9.285818 7.936000
      vertex 13.193009 -9.349038 8.400000
    endloop
  endfacet
  facet normal 0.866025 -0.500000 -0.000000
    outer loop
      vertex 12.543009 -10.474871 4.500000
      vertex 13.336009 -9.101355 7.518000
      vertex 13.229509 -9.285818 7.936000
    endloop
  endfacet
  facet normal 0.866025 -0.500000 0.000000
    outer loop
      vertex 14.550009 -6.998645 7.518000
      vertex 14.384009 -7.286166 7.186000
      vertex 15.343009 -5.625129 4.500000
    endloop
  endfacet
  facet normal 0.866025 -0.500000 -0.000000
    outer loop
      vertex 13.412679 -8.968559 9.460660
      vertex 13.943009 -8.050000 10.521320
      vertex 12.543009 -10.474871 12.400000
    endloop
  endfacet
  facet normal 0.933542 0.358469 0.000000
    outer loop
      vertex -11.301207 -5.561735 4.500000
      vertex -10.998523 -6.350000 4.500000
      vertex -10.998523 -6.350000 1.500000
    endloop
  endfacet
  facet normal 0.933542 0.358469 0.000000
    outer loop
      vertex -11.301207 -5.561735 1.500000
      vertex -11.301207 -5.561735 4.500000
      vertex -10.998523 -6.350000 1.500000
    endloop
  endfacet
  facet normal 0.998648 0.051991 0.000000
    outer loop
      vertex -11.345154 -4.717618 4.500000
      vertex -11.301207 -5.561735 4.500000
      vertex -11.301207 -5.561735 1.500000
    endloop
  endfacet
  facet normal 0.998648 0.051991 0.000000
    outer loop
      vertex -11.345154 -4.717618 1.500000
      vertex -11.345154 -4.717618 4.500000
      vertex -11.301207 -5.561735 1.500000
    endloop
  endfacet
  facet normal 0.965926 -0.258819 0.000000
    outer loop
      vertex -11.126636 -3.902101 1.500000
      vertex -11.126636 -3.902101 4.500000
      vertex -11.345154 -4.717618 4.500000
    endloop
  endfacet
  facet normal 0.965926 -0.258819 0.000000
    outer loop
      vertex -11.345154 -4.717618 1.500000
      vertex -11.126636 -3.902101 1.500000
      vertex -11.345154 -4.717618 4.500000
    endloop
  endfacet
  facet normal 0.838858 -0.544350 0.000000
    outer loop
      vertex -10.666519 -3.193047 1.500000
      vertex -10.666519 -3.193047 4.500000
      vertex -11.126636 -3.902101 4.500000
    endloop
  endfacet
  facet normal 0.838858 -0.544350 0.000000
    outer loop
      vertex -11.126636 -3.902101 1.500000
      vertex -10.666519 -3.193047 1.500000
      vertex -11.126636 -3.902101 4.500000
    endloop
  endfacet
  facet normal 0.629236 -0.777214 0.000000
    outer loop
      vertex -10.010254 -2.661731 1.500000
      vertex -10.010254 -2.661731 4.500000
      vertex -10.666519 -3.193047 4.500000
    endloop
  endfacet
  facet normal 0.629236 -0.777214 0.000000
    outer loop
      vertex -10.666519 -3.193047 1.500000
      vertex -10.010254 -2.661731 1.500000
      vertex -10.666519 -3.193047 4.500000
    endloop
  endfacet
  facet normal 0.358469 -0.933542 0.000000
    outer loop
      vertex -9.221989 -2.359047 1.500000
      vertex -9.221989 -2.359047 4.500000
      vertex -10.010254 -2.661731 4.500000
    endloop
  endfacet
  facet normal 0.358469 -0.933542 0.000000
    outer loop
      vertex -10.010254 -2.661731 1.500000
      vertex -9.221989 -2.359047 1.500000
      vertex -10.010254 -2.661731 4.500000
    endloop
  endfacet
  facet normal 0.051991 -0.998648 0.000000
    outer loop
      vertex -8.377872 -2.315101 1.500000
      vertex -8.377872 -2.315101 4.500000
      vertex -9.221989 -2.359047 4.500000
    endloop
  endfacet
  facet normal 0.051991 -0.998648 0.000000
    outer loop
      vertex -9.221989 -2.359047 1.500000
      vertex -8.377872 -2.315101 1.500000
      vertex -9.221989 -2.359047 4.500000
    endloop
  endfacet
  facet normal -0.258819 -0.965926 -0.000000
    outer loop
      vertex -7.562355 -2.533618 1.500000
      vertex -7.562355 -2.533618 4.500000
      vertex -8.377872 -2.315101 4.500000
    endloop
  endfacet
  facet normal -0.258819 -0.965926 -0.000000
    outer loop
      vertex -8.377872 -2.315101 1.500000
      vertex -7.562355 -2.533618 1.500000
      vertex -8.377872 -2.315101 4.500000
    endloop
  endfacet
  facet normal -0.544350 -0.838858 -0.000000
    outer loop
      vertex -6.853301 -2.993735 1.500000
      vertex -6.853301 -2.993735 4.500000
      vertex -7.562355 -2.533618 4.500000
    endloop
  endfacet
  facet normal -0.544350 -0.838858 -0.000000
    outer loop
      vertex -7.562355 -2.533618 1.500000
      vertex -6.853301 -2.993735 1.500000
      vertex -7.562355 -2.533618 4.500000
    endloop
  endfacet
  facet normal -0.777214 -0.629236 0.000000
    outer loop
      vertex -6.321985 -3.650000 4.500000
      vertex -6.853301 -2.993735 4.500000
      vertex -6.321985 -3.650000 1.500000
    endloop
  endfacet
  facet normal -0.777214 -0.629236 0.000000
    outer loop
      vertex -6.321985 -3.650000 1.500000
      vertex -6.853301 -2.993735 4.500000
      vertex -6.853301 -2.993735 1.500000
    endloop
  endfacet
  facet normal -0.933542 -0.358469 0.000000
    outer loop
      vertex -6.019301 -4.438265 4.500000
      vertex -6.321985 -3.650000 4.500000
      vertex -6.019301 -4.438265 1.500000
    endloop
  endfacet
  facet normal -0.933542 -0.358469 0.000000
    outer loop
      vertex -6.019301 -4.438265 1.500000
      vertex -6.321985 -3.650000 4.500000
      vertex -6.321985 -3.650000 1.500000
    endloop
  endfacet
  facet normal -0.998648 -0.051991 0.000000
    outer loop
      vertex -5.975355 -5.282382 4.500000
      vertex -6.019301 -4.438265 4.500000
      vertex -5.975355 -5.282382 1.500000
    endloop
  endfacet
  facet normal -0.998648 -0.051991 0.000000
    outer loop
      vertex -5.975355 -5.282382 1.500000
      vertex -6.019301 -4.438265 4.500000
      vertex -6.019301 -4.438265 1.500000
    endloop
  endfacet
  facet normal -0.965926 0.258819 0.000000
    outer loop
      vertex -5.975355 -5.282382 4.500000
      vertex -5.975355 -5.282382 1.500000
      vertex -6.193872 -6.097899 4.500000
    endloop
  endfacet
  facet normal -0.965926 0.258819 0.000000
    outer loop
      vertex -6.193872 -6.097899 4.500000
      vertex -5.975355 -5.282382 1.500000
      vertex -6.193872 -6.097899 1.500000
    endloop
  endfacet
  facet normal -0.838858 0.544350 0.000000
    outer loop
      vertex -6.193872 -6.097899 4.500000
      vertex -6.193872 -6.097899 1.500000
      vertex -6.653989 -6.806953 4.500000
    endloop
  endfacet
  facet normal -0.838858 0.544350 0.000000
    outer loop
      vertex -6.653989 -6.806953 4.500000
      vertex -6.193872 -6.097899 1.500000
      vertex -6.653989 -6.806953 1.500000
    endloop
  endfacet
  facet normal -0.629236 0.777214 0.000000
    outer loop
      vertex -6.653989 -6.806953 4.500000
      vertex -6.653989 -6.806953 1.500000
      vertex -7.310254 -7.338269 4.500000
    endloop
  endfacet
  facet normal -0.629236 0.777214 0.000000
    outer loop
      vertex -7.310254 -7.338269 4.500000
      vertex -6.653989 -6.806953 1.500000
      vertex -7.310254 -7.338269 1.500000
    endloop
  endfacet
  facet normal -0.358469 0.933542 0.000000
    outer loop
      vertex -7.310254 -7.338269 4.500000
      vertex -7.310254 -7.338269 1.500000
      vertex -8.098519 -7.640953 4.500000
    endloop
  endfacet
  facet normal -0.358469 0.933542 0.000000
    outer loop
      vertex -8.098519 -7.640953 4.500000
      vertex -7.310254 -7.338269 1.500000
      vertex -8.098519 -7.640953 1.500000
    endloop
  endfacet
  facet normal -0.051991 0.998648 0.000000
    outer loop
      vertex -8.098519 -7.640953 4.500000
      vertex -8.098519 -7.640953 1.500000
      vertex -8.942636 -7.684899 4.500000
    endloop
  endfacet
  facet normal -0.051991 0.998648 0.000000
    outer loop
      vertex -8.942636 -7.684899 4.500000
      vertex -8.098519 -7.640953 1.500000
      vertex -8.942636 -7.684899 1.500000
    endloop
  endfacet
  facet normal 0.258819 0.965926 -0.000000
    outer loop
      vertex -8.942636 -7.684899 4.500000
      vertex -8.942636 -7.684899 1.500000
      vertex -9.758154 -7.466382 4.500000
    endloop
  endfacet
  facet normal 0.258819 0.965926 -0.000000
    outer loop
      vertex -9.758154 -7.466382 4.500000
      vertex -8.942636 -7.684899 1.500000
      vertex -9.758154 -7.466382 1.500000
    endloop
  endfacet
  facet normal 0.544350 0.838858 -0.000000
    outer loop
      vertex -9.758154 -7.466382 4.500000
      vertex -9.758154 -7.466382 1.500000
      vertex -10.467207 -7.006265 4.500000
    endloop
  endfacet
  facet normal 0.544350 0.838858 -0.000000
    outer loop
      vertex -10.467207 -7.006265 4.500000
      vertex -9.758154 -7.466382 1.500000
      vertex -10.467207 -7.006265 1.500000
    endloop
  endfacet
  facet normal 0.777214 0.629236 0.000000
    outer loop
      vertex -10.998523 -6.350000 4.500000
      vertex -10.467207 -7.006265 4.500000
      vertex -10.467207 -7.006265 1.500000
    endloop
  endfacet
  facet normal 0.777214 0.629236 0.000000
    outer loop
      vertex -10.998523 -6.350000 1.500000
      vertex -10.998523 -6.350000 4.500000
      vertex -10.467207 -7.006265 1.500000
    endloop
  endfacet
  facet normal 0.890850 0.454298 0.000000
    outer loop
      vertex -2.568000 9.166000 4.500000
      vertex -2.184000 8.413000 4.500000
      vertex -2.184000 8.413000 1.500000
    endloop
  endfacet
  facet normal 0.890850 0.454298 0.000000
    outer loop
      vertex -2.568000 9.166000 1.500000
      vertex -2.568000 9.166000 4.500000
      vertex -2.184000 8.413000 1.500000
    endloop
  endfacet
  facet normal 0.987705 0.156327 0.000000
    outer loop
      vertex -2.700000 10.000000 4.500000
      vertex -2.568000 9.166000 4.500000
      vertex -2.568000 9.166000 1.500000
    endloop
  endfacet
  facet normal 0.987705 0.156327 0.000000
    outer loop
      vertex -2.700000 10.000000 1.500000
      vertex -2.700000 10.000000 4.500000
      vertex -2.568000 9.166000 1.500000
    endloop
  endfacet
  facet normal 0.987705 -0.156327 0.000000
    outer loop
      vertex -2.568000 10.834000 1.500000
      vertex -2.568000 10.834000 4.500000
      vertex -2.700000 10.000000 4.500000
    endloop
  endfacet
  facet normal 0.987705 -0.156327 0.000000
    outer loop
      vertex -2.700000 10.000000 1.500000
      vertex -2.568000 10.834000 1.500000
      vertex -2.700000 10.000000 4.500000
    endloop
  endfacet
  facet normal 0.890850 -0.454298 0.000000
    outer loop
      vertex -2.184000 11.587000 1.500000
      vertex -2.184000 11.587000 4.500000
      vertex -2.568000 10.834000 4.500000
    endloop
  endfacet
  facet normal 0.890850 -0.454298 0.000000
    outer loop
      vertex -2.568000 10.834000 1.500000
      vertex -2.184000 11.587000 1.500000
      vertex -2.568000 10.834000 4.500000
    endloop
  endfacet
  facet normal 0.707107 -0.707107 0.000000
    outer loop
      vertex -1.587000 12.184000 1.500000
      vertex -1.587000 12.184000 4.500000
      vertex -2.184000 11.587000 4.500000
    endloop
  endfacet
  facet normal 0.707107 -0.707107 0.000000
    outer loop
      vertex -2.184000 11.587000 1.500000
      vertex -1.587000 12.184000 1.500000
      vertex -2.184000 11.587000 4.500000
    endloop
  endfacet
  facet normal 0.454298 -0.890850 0.000000
    outer loop
      vertex -0.834000 12.568000 1.500000
      vertex -0.834000 12.568000 4.500000
      vertex -1.587000 12.184000 4.500000
    endloop
  endfacet
  facet normal 0.454298 -0.890850 0.000000
    outer loop
      vertex -1.587000 12.184000 1.500000
      vertex -0.834000 12.568000 1.500000
      vertex -1.587000 12.184000 4.500000
    endloop
  endfacet
  facet normal 0.156327 -0.987705 0.000000
    outer loop
      vertex 0.000000 12.700000 1.500000
      vertex 0.000000 12.700000 4.500000
      vertex -0.834000 12.568000 4.500000
    endloop
  endfacet
  facet normal 0.156327 -0.987705 0.000000
    outer loop
      vertex -0.834000 12.568000 1.500000
      vertex 0.000000 12.700000 1.500000
      vertex -0.834000 12.568000 4.500000
    endloop
  endfacet
  facet normal -0.156327 -0.987705 -0.000000
    outer loop
      vertex 0.834000 12.568000 1.500000
      vertex 0.834000 12.568000 4.500000
      vertex 0.000000 12.700000 4.500000
    endloop
  endfacet
  facet normal -0.156327 -0.987705 -0.000000
    outer loop
      vertex 0.000000 12.700000 1.500000
      vertex 0.834000 12.568000 1.500000
      vertex 0.000000 12.700000 4.500000
    endloop
  endfacet
  facet normal -0.454298 -0.890850 -0.000000
    outer loop
      vertex 1.587000 12.184000 1.500000
      vertex 1.587000 12.184000 4.500000
      vertex 0.834000 12.568000 4.500000
    endloop
  endfacet
  facet normal -0.454298 -0.890850 -0.000000
    outer loop
      vertex 0.834000 12.568000 1.500000
      vertex 1.587000 12.184000 1.500000
      vertex 0.834000 12.568000 4.500000
    endloop
  endfacet
  facet normal -0.707107 -0.707107 -0.000000
    outer loop
      vertex 2.184000 11.587000 1.500000
      vertex 2.184000 11.587000 4.500000
      vertex 1.587000 12.184000 4.500000
    endloop
  endfacet
  facet normal -0.707107 -0.707107 -0.000000
    outer loop
      vertex 1.587000 12.184000 1.500000
      vertex 2.184000 11.587000 1.500000
      vertex 1.587000 12.184000 4.500000
    endloop
  endfacet
  facet normal -0.890850 -0.454298 0.000000
    outer loop
      vertex 2.568000 10.834000 4.500000
      vertex 2.184000 11.587000 4.500000
      vertex 2.568000 10.834000 1.500000
    endloop
  endfacet
  facet normal -0.890850 -0.454298 0.000000
    outer loop
      vertex 2.568000 10.834000 1.500000
      vertex 2.184000 11.587000 4.500000
      vertex 2.184000 11.587000 1.500000
    endloop
  endfacet
  facet normal -0.987705 -0.156327 0.000000
    outer loop
      vertex 2.700000 10.000000 4.500000
      vertex 2.568000 10.834000 4.500000
      vertex 2.700000 10.000000 1.500000
    endloop
  endfacet
  facet normal -0.987705 -0.156327 0.000000
    outer loop
      vertex 2.700000 10.000000 1.500000
      vertex 2.568000 10.834000 4.500000
      vertex 2.568000 10.834000 1.500000
    endloop
  endfacet
  facet normal -0.987705 0.156327 0.000000
    outer loop
      vertex 2.700000 10.000000 4.500000
      vertex 2.700000 10.000000 1.500000
      vertex 2.568000 9.166000 4.500000
    endloop
  endfacet
  facet normal -0.987705 0.156327 0.000000
    outer loop
      vertex 2.568000 9.166000 4.500000
      vertex 2.700000 10.000000 1.500000
      vertex 2.568000 9.166000 1.500000
    endloop
  endfacet
  facet normal -0.890850 0.454298 0.000000
    outer loop
      vertex 2.568000 9.166000 4.500000
      vertex 2.568000 9.166000 1.500000
      vertex 2.184000 8.413000 4.500000
    endloop
  endfacet
  facet normal -0.890850 0.454298 0.000000
    outer loop
      vertex 2.184000 8.413000 4.500000
      vertex 2.568000 9.166000 1.500000
      vertex 2.184000 8.413000 1.500000
    endloop
  endfacet
  facet normal -0.707107 0.707107 0.000000
    outer loop
      vertex 2.184000 8.413000 4.500000
      vertex 2.184000 8.413000 1.500000
      vertex 1.587000 7.816000 4.500000
    endloop
  endfacet
  facet normal -0.707107 0.707107 0.000000
    outer loop
      vertex 1.587000 7.816000 4.500000
      vertex 2.184000 8.413000 1.500000
      vertex 1.587000 7.816000 1.500000
    endloop
  endfacet
  facet normal -0.454298 0.890850 0.000000
    outer loop
      vertex 1.587000 7.816000 4.500000
      vertex 1.587000 7.816000 1.500000
      vertex 0.834000 7.432000 4.500000
    endloop
  endfacet
  facet normal -0.454298 0.890850 0.000000
    outer loop
      vertex 0.834000 7.432000 4.500000
      vertex 1.587000 7.816000 1.500000
      vertex 0.834000 7.432000 1.500000
    endloop
  endfacet
  facet normal -0.156327 0.987705 0.000000
    outer loop
      vertex 0.834000 7.432000 4.500000
      vertex 0.834000 7.432000 1.500000
      vertex 0.000000 7.300000 4.500000
    endloop
  endfacet
  facet normal -0.156327 0.987705 0.000000
    outer loop
      vertex 0.000000 7.300000 4.500000
      vertex 0.834000 7.432000 1.500000
      vertex 0.000000 7.300000 1.500000
    endloop
  endfacet
  facet normal 0.156327 0.987705 -0.000000
    outer loop
      vertex 0.000000 7.300000 4.500000
      vertex 0.000000 7.300000 1.500000
      vertex -0.834000 7.432000 4.500000
    endloop
  endfacet
  facet normal 0.156327 0.987705 -0.000000
    outer loop
      vertex -0.834000 7.432000 4.500000
      vertex 0.000000 7.300000 1.500000
      vertex -0.834000 7.432000 1.500000
    endloop
  endfacet
  facet normal 0.454298 0.890850 -0.000000
    outer loop
      vertex -0.834000 7.432000 4.500000
      vertex -0.834000 7.432000 1.500000
      vertex -1.587000 7.816000 4.500000
    endloop
  endfacet
  facet normal 0.454298 0.890850 -0.000000
    outer loop
      vertex -1.587000 7.816000 4.500000
      vertex -0.834000 7.432000 1.500000
      vertex -1.587000 7.816000 1.500000
    endloop
  endfacet
  facet normal 0.707107 0.707107 -0.000000
    outer loop
      vertex -1.587000 7.816000 4.500000
      vertex -1.587000 7.816000 1.500000
      vertex -2.184000 8.413000 4.500000
    endloop
  endfacet
  facet normal 0.707107 0.707107 -0.000000
    outer loop
      vertex -2.184000 8.413000 4.500000
      vertex -1.587000 7.816000 1.500000
      vertex -2.184000 8.413000 1.500000
    endloop
  endfacet
  facet normal 0.838858 0.544350 0.000000
    outer loop
      vertex 6.193872 -6.097899 4.500000
      vertex 6.653989 -6.806953 4.500000
      vertex 6.653989 -6.806953 1.500000
    endloop
  endfacet
  facet normal 0.838858 0.544350 0.000000
    outer loop
      vertex 6.193872 -6.097899 1.500000
      vertex 6.193872 -6.097899 4.500000
      vertex 6.653989 -6.806953 1.500000
    endloop
  endfacet
  facet normal 0.965926 0.258819 0.000000
    outer loop
      vertex 5.975355 -5.282382 4.500000
      vertex 6.193872 -6.097899 4.500000
      vertex 6.193872 -6.097899 1.500000
    endloop
  endfacet
  facet normal 0.965926 0.258819 0.000000
    outer loop
      vertex 5.975355 -5.282382 1.500000
      vertex 5.975355 -5.282382 4.500000
      vertex 6.193872 -6.097899 1.500000
    endloop
  endfacet
  facet normal 0.998648 -0.051991 0.000000
    outer loop
      vertex 6.019301 -4.438265 1.500000
      vertex 6.019301 -4.438265 4.500000
      vertex 5.975355 -5.282382 4.500000
    endloop
  endfacet
  facet normal 0.998648 -0.051991 0.000000
    outer loop
      vertex 5.975355 -5.282382 1.500000
      vertex 6.019301 -4.438265 1.500000
      vertex 5.975355 -5.282382 4.500000
    endloop
  endfacet
  facet normal 0.933542 -0.358469 0.000000
    outer loop
      vertex 6.321985 -3.650000 1.500000
      vertex 6.321985 -3.650000 4.500000
      vertex 6.019301 -4.438265 4.500000
    endloop
  endfacet
  facet normal 0.933542 -0.358469 0.000000
    outer loop
      vertex 6.019301 -4.438265 1.500000
      vertex 6.321985 -3.650000 1.500000
      vertex 6.019301 -4.438265 4.500000
    endloop
  endfacet
  facet normal 0.777214 -0.629236 0.000000
    outer loop
      vertex 6.853301 -2.993735 1.500000
      vertex 6.853301 -2.993735 4.500000
      vertex 6.321985 -3.650000 4.500000
    endloop
  endfacet
  facet normal 0.777214 -0.629236 0.000000
    outer loop
      vertex 6.321985 -3.650000 1.500000
      vertex 6.853301 -2.993735 1.500000
      vertex 6.321985 -3.650000 4.500000
    endloop
  endfacet
  facet normal 0.544350 -0.838858 0.000000
    outer loop
      vertex 7.562355 -2.533618 1.500000
      vertex 7.562355 -2.533618 4.500000
      vertex 6.853301 -2.993735 4.500000
    endloop
  endfacet
  facet normal 0.544350 -0.838858 0.000000
    outer loop
      vertex 6.853301 -2.993735 1.500000
      vertex 7.562355 -2.533618 1.500000
      vertex 6.853301 -2.993735 4.500000
    endloop
  endfacet
  facet normal 0.258819 -0.965926 0.000000
    outer loop
      vertex 8.377872 -2.315101 1.500000
      vertex 8.377872 -2.315101 4.500000
      vertex 7.562355 -2.533618 4.500000
    endloop
  endfacet
  facet normal 0.258819 -0.965926 0.000000
    outer loop
      vertex 7.562355 -2.533618 1.500000
      vertex 8.377872 -2.315101 1.500000
      vertex 7.562355 -2.533618 4.500000
    endloop
  endfacet
  facet normal -0.051991 -0.998648 -0.000000
    outer loop
      vertex 9.221989 -2.359047 1.500000
      vertex 9.221989 -2.359047 4.500000
      vertex 8.377872 -2.315101 4.500000
    endloop
  endfacet
  facet normal -0.051991 -0.998648 -0.000000
    outer loop
      vertex 8.377872 -2.315101 1.500000
      vertex 9.221989 -2.359047 1.500000
      vertex 8.377872 -2.315101 4.500000
    endloop
  endfacet
  facet normal -0.358469 -0.933542 -0.000000
    outer loop
      vertex 10.010254 -2.661731 1.500000
      vertex 10.010254 -2.661731 4.500000
      vertex 9.221989 -2.359047 4.500000
    endloop
  endfacet
  facet normal -0.358469 -0.933542 -0.000000
    outer loop
      vertex 9.221989 -2.359047 1.500000
      vertex 10.010254 -2.661731 1.500000
      vertex 9.221989 -2.359047 4.500000
    endloop
  endfacet
  facet normal -0.629236 -0.777214 -0.000000
    outer loop
      vertex 10.666519 -3.193047 1.500000
      vertex 10.666519 -3.193047 4.500000
      vertex 10.010254 -2.661731 4.500000
    endloop
  endfacet
  facet normal -0.629236 -0.777214 -0.000000
    outer loop
      vertex 10.010254 -2.661731 1.500000
      vertex 10.666519 -3.193047 1.500000
      vertex 10.010254 -2.661731 4.500000
    endloop
  endfacet
  facet normal -0.838858 -0.544350 0.000000
    outer loop
      vertex 11.126636 -3.902101 4.500000
      vertex 10.666519 -3.193047 4.500000
      vertex 11.126636 -3.902101 1.500000
    endloop
  endfacet
  facet normal -0.838858 -0.544350 0.000000
    outer loop
      vertex 11.126636 -3.902101 1.500000
      vertex 10.666519 -3.193047 4.500000
      vertex 10.666519 -3.193047 1.500000
    endloop
  endfacet
  facet normal -0.965926 -0.258819 0.000000
    outer loop
      vertex 11.345154 -4.717618 4.500000
      vertex 11.126636 -3.902101 4.500000
      vertex 11.345154 -4.717618 1.500000
    endloop
  endfacet
  facet normal -0.965926 -0.258819 0.000000
    outer loop
      vertex 11.345154 -4.717618 1.500000
      vertex 11.126636 -3.902101 4.500000
      vertex 11.126636 -3.902101 1.500000
    endloop
  endfacet
  facet normal -0.998648 0.051991 0.000000
    outer loop
      vertex 11.345154 -4.717618 4.500000
      vertex 11.345154 -4.717618 1.500000
      vertex 11.301207 -5.561735 4.500000
    endloop
  endfacet
  facet normal -0.998648 0.051991 0.000000
    outer loop
      vertex 11.301207 -5.561735 4.500000
      vertex 11.345154 -4.717618 1.500000
      vertex 11.301207 -5.561735 1.500000
    endloop
  endfacet
  facet normal -0.933542 0.358469 0.000000
    outer loop
      vertex 11.301207 -5.561735 4.500000
      vertex 11.301207 -5.561735 1.500000
      vertex 10.998523 -6.350000 4.500000
    endloop
  endfacet
  facet normal -0.933542 0.358469 0.000000
    outer loop
      vertex 10.998523 -6.350000 4.500000
      vertex 11.301207 -5.561735 1.500000
      vertex 10.998523 -6.350000 1.500000
    endloop
  endfacet
  facet normal -0.777214 0.629236 0.000000
    outer loop
      vertex 10.998523 -6.350000 4.500000
      vertex 10.998523 -6.350000 1.500000
      vertex 10.467207 -7.006265 4.500000
    endloop
  endfacet
  facet normal -0.777214 0.629236 0.000000
    outer loop
      vertex 10.467207 -7.006265 4.500000
      vertex 10.998523 -6.350000 1.500000
      vertex 10.467207 -7.006265 1.500000
    endloop
  endfacet
  facet normal -0.544350 0.838858 0.000000
    outer loop
      vertex 10.467207 -7.006265 4.500000
      vertex 10.467207 -7.006265 1.500000
      vertex 9.758154 -7.466382 4.500000
    endloop
  endfacet
  facet normal -0.544350 0.838858 0.000000
    outer loop
      vertex 9.758154 -7.466382 4.500000
      vertex 10.467207 -7.006265 1.500000
      vertex 9.758154 -7.466382 1.500000
    endloop
  endfacet
  facet normal -0.258819 0.965926 0.000000
    outer loop
      vertex 9.758154 -7.466382 4.500000
      vertex 9.758154 -7.466382 1.500000
      vertex 8.942636 -7.684899 4.500000
    endloop
  endfacet
  facet normal -0.258819 0.965926 0.000000
    outer loop
      vertex 8.942636 -7.684899 4.500000
      vertex 9.758154 -7.466382 1.500000
      vertex 8.942636 -7.684899 1.500000
    endloop
  endfacet
  facet normal 0.051991 0.998648 -0.000000
    outer loop
      vertex 8.942636 -7.684899 4.500000
      vertex 8.942636 -7.684899 1.500000
      vertex 8.098519 -7.640953 4.500000
    endloop
  endfacet
  facet normal 0.051991 0.998648 -0.000000
    outer loop
      vertex 8.098519 -7.640953 4.500000
      vertex 8.942636 -7.684899 1.500000
      vertex 8.098519 -7.640953 1.500000
    endloop
  endfacet
  facet normal 0.358469 0.933542 -0.000000
    outer loop
      vertex 8.098519 -7.640953 4.500000
      vertex 8.098519 -7.640953 1.500000
      vertex 7.310254 -7.338269 4.500000
    endloop
  endfacet
  facet normal 0.358469 0.933542 -0.000000
    outer loop
      vertex 7.310254 -7.338269 4.500000
      vertex 8.098519 -7.640953 1.500000
      vertex 7.310254 -7.338269 1.500000
    endloop
  endfacet
  facet normal 0.629236 0.777214 -0.000000
    outer loop
      vertex 7.310254 -7.338269 4.500000
      vertex 7.310254 -7.338269 1.500000
      vertex 6.653989 -6.806953 4.500000
    endloop
  endfacet
  facet normal 0.629236 0.777214 -0.000000
    outer loop
      vertex 6.653989 -6.806953 4.500000
      vertex 7.310254 -7.338269 1.500000
      vertex 6.653989 -6.806953 1.500000
    endloop
  endfacet
  facet normal 0.000000 -0.000000 1.000000
    outer loop
      vertex -15.343009 -5.625129 4.500000
      vertex -17.421470 -6.825129 4.500000
      vertex -14.621470 -11.674871 4.500000
    endloop
  endfacet
  facet normal -0.000000 0.000000 1.000000
    outer loop
      vertex -12.543009 -10.474871 4.500000
      vertex -15.343009 -5.625129 4.500000
      vertex -14.621470 -11.674871 4.500000
    endloop
  endfacet
  facet normal 0.493925 -0.855502 0.155416
    outer loop
      vertex -14.656509 -6.814182 7.936000
      vertex -13.154194 -5.946820 7.936000
      vertex -13.187371 -5.881681 8.400000
    endloop
  endfacet
  facet normal 0.493925 -0.855502 0.155416
    outer loop
      vertex -14.693009 -6.750962 8.400000
      vertex -14.656509 -6.814182 7.936000
      vertex -13.187371 -5.881681 8.400000
    endloop
  endfacet
  facet normal 0.493925 -0.855502 -0.155416
    outer loop
      vertex -13.187371 -5.881681 8.400000
      vertex -13.154194 -5.946820 8.864000
      vertex -14.656509 -6.814182 8.864000
    endloop
  endfacet
  facet normal 0.493925 -0.855502 -0.155416
    outer loop
      vertex -14.693009 -6.750962 8.400000
      vertex -13.187371 -5.881681 8.400000
      vertex -14.656509 -6.814182 8.864000
    endloop
  endfacet
  facet normal 0.445495 -0.771621 0.454022
    outer loop
      vertex -14.550009 -6.998645 7.518000
      vertex -13.057389 -6.136881 7.518000
      vertex -13.154194 -5.946820 7.936000
    endloop
  endfacet
  facet normal 0.445495 -0.771621 0.454022
    outer loop
      vertex -14.656509 -6.814182 7.936000
      vertex -14.550009 -6.998645 7.518000
      vertex -13.154194 -5.946820 7.936000
    endloop
  endfacet
  facet normal 0.353553 -0.612372 0.707107
    outer loop
      vertex -14.384009 -7.286166 7.186000
      vertex -12.906500 -6.433126 7.186000
      vertex -13.057389 -6.136881 7.518000
    endloop
  endfacet
  facet normal 0.353553 -0.612372 0.707107
    outer loop
      vertex -14.550009 -6.998645 7.518000
      vertex -14.384009 -7.286166 7.186000
      vertex -13.057389 -6.136881 7.518000
    endloop
  endfacet
  facet normal 0.227011 -0.393194 0.890991
    outer loop
      vertex -14.175009 -7.648164 6.973000
      vertex -12.716526 -6.806109 6.973000
      vertex -12.906500 -6.433126 7.186000
    endloop
  endfacet
  facet normal 0.227011 -0.393194 0.890991
    outer loop
      vertex -14.384009 -7.286166 7.186000
      vertex -14.175009 -7.648164 6.973000
      vertex -12.906500 -6.433126 7.186000
    endloop
  endfacet
  facet normal 0.077708 -0.134594 0.987849
    outer loop
      vertex -13.943009 -8.050000 6.900000
      vertex -12.505646 -7.220138 6.900000
      vertex -12.716526 -6.806109 6.973000
    endloop
  endfacet
  facet normal 0.077708 -0.134594 0.987849
    outer loop
      vertex -14.175009 -7.648164 6.973000
      vertex -13.943009 -8.050000 6.900000
      vertex -12.716526 -6.806109 6.973000
    endloop
  endfacet
  facet normal -0.077708 0.134594 0.987849
    outer loop
      vertex -13.711009 -8.451836 6.973000
      vertex -12.294766 -7.634167 6.973000
      vertex -12.505646 -7.220138 6.900000
    endloop
  endfacet
  facet normal -0.077708 0.134594 0.987849
    outer loop
      vertex -13.943009 -8.050000 6.900000
      vertex -13.711009 -8.451836 6.973000
      vertex -12.505646 -7.220138 6.900000
    endloop
  endfacet
  facet normal -0.227011 0.393194 0.890991
    outer loop
      vertex -13.502009 -8.813834 7.186000
      vertex -12.104792 -8.007151 7.186000
      vertex -12.294766 -7.634167 6.973000
    endloop
  endfacet
  facet normal -0.227011 0.393194 0.890991
    outer loop
      vertex -13.711009 -8.451836 6.973000
      vertex -13.502009 -8.813834 7.186000
      vertex -12.294766 -7.634167 6.973000
    endloop
  endfacet
  facet normal -0.353553 0.612372 0.707107
    outer loop
      vertex -13.336009 -9.101355 7.518000
      vertex -11.953903 -8.303396 7.518000
      vertex -12.104792 -8.007151 7.186000
    endloop
  endfacet
  facet normal -0.353553 0.612372 0.707107
    outer loop
      vertex -13.502009 -8.813834 7.186000
      vertex -13.336009 -9.101355 7.518000
      vertex -12.104792 -8.007151 7.186000
    endloop
  endfacet
  facet normal -0.445495 0.771621 0.454022
    outer loop
      vertex -11.857098 -8.493457 7.936000
      vertex -11.953903 -8.303396 7.518000
      vertex -13.229509 -9.285818 7.936000
    endloop
  endfacet
  facet normal -0.445495 0.771621 0.454022
    outer loop
      vertex -13.229509 -9.285818 7.936000
      vertex -11.953903 -8.303396 7.518000
      vertex -13.336009 -9.101355 7.518000
    endloop
  endfacet
  facet normal -0.493925 0.855502 0.155416
    outer loop
      vertex -11.823921 -8.558595 8.400000
      vertex -11.857098 -8.493457 7.936000
      vertex -13.193009 -9.349038 8.400000
    endloop
  endfacet
  facet normal -0.493925 0.855502 0.155416
    outer loop
      vertex -13.193009 -9.349038 8.400000
      vertex -11.857098 -8.493457 7.936000
      vertex -13.229509 -9.285818 7.936000
    endloop
  endfacet
  facet normal -0.493925 0.855502 -0.155416
    outer loop
      vertex -11.823921 -8.558595 8.400000
      vertex -13.193009 -9.349038 8.400000
      vertex -11.857098 -8.493457 8.864000
    endloop
  endfacet
  facet normal -0.493925 0.855502 -0.155416
    outer loop
      vertex -11.857098 -8.493457 8.864000
      vertex -13.193009 -9.349038 8.400000
      vertex -13.229509 -9.285818 8.864000
    endloop
  endfacet
  facet normal -0.445495 0.771621 -0.454022
    outer loop
      vertex -11.857098 -8.493457 8.864000
      vertex -13.229509 -9.285818 8.864000
      vertex -11.953903 -8.303396 9.282000
    endloop
  endfacet
  facet normal -0.445495 0.771621 -0.454022
    outer loop
      vertex -11.953903 -8.303396 9.282000
      vertex -13.229509 -9.285818 8.864000
      vertex -13.336009 -9.101355 9.282000
    endloop
  endfacet
  facet normal -0.353553 0.612372 -0.707107
    outer loop
      vertex -11.953903 -8.303396 9.282000
      vertex -13.336009 -9.101355 9.282000
      vertex -12.029348 -8.155273 9.448000
    endloop
  endfacet
  facet normal -0.353553 0.612372 -0.707107
    outer loop
      vertex -12.029348 -8.155273 9.448000
      vertex -13.336009 -9.101355 9.282000
      vertex -13.419009 -8.957595 9.448000
    endloop
  endfacet
  facet normal -0.353553 0.612372 0.707107
    outer loop
      vertex -13.412679 -8.968559 9.460660
      vertex -12.023594 -8.166570 9.460660
      vertex -12.029348 -8.155273 9.448000
    endloop
  endfacet
  facet normal -0.353553 0.612372 0.707107
    outer loop
      vertex -13.419009 -8.957595 9.448000
      vertex -13.412679 -8.968559 9.460660
      vertex -12.029348 -8.155273 9.448000
    endloop
  endfacet
  facet normal -0.353553 0.612372 -0.707107
    outer loop
      vertex -12.023594 -8.166570 9.460660
      vertex -13.412679 -8.968559 9.460660
      vertex -12.505646 -7.220138 10.521320
    endloop
  endfacet
  facet normal -0.353553 0.612372 -0.707107
    outer loop
      vertex -12.505646 -7.220138 10.521320
      vertex -13.412679 -8.968559 9.460660
      vertex -13.943009 -8.050000 10.521320
    endloop
  endfacet
  facet normal 0.353553 -0.612372 -0.707107
    outer loop
      vertex -12.505646 -7.220138 10.521320
      vertex -13.943009 -8.050000 10.521320
      vertex -12.987698 -6.273706 9.460660
    endloop
  endfacet
  facet normal 0.353553 -0.612372 -0.707107
    outer loop
      vertex -12.987698 -6.273706 9.460660
      vertex -13.943009 -8.050000 10.521320
      vertex -14.473339 -7.131441 9.460660
    endloop
  endfacet
  facet normal 0.353553 -0.612372 0.707107
    outer loop
      vertex -14.467009 -7.142405 9.448000
      vertex -12.981945 -6.285003 9.448000
      vertex -12.987698 -6.273706 9.460660
    endloop
  endfacet
  facet normal 0.353553 -0.612372 0.707107
    outer loop
      vertex -14.473339 -7.131441 9.460660
      vertex -14.467009 -7.142405 9.448000
      vertex -12.987698 -6.273706 9.460660
    endloop
  endfacet
  facet normal 0.353553 -0.612372 -0.707107
    outer loop
      vertex -12.981945 -6.285003 9.448000
      vertex -14.467009 -7.142405 9.448000
      vertex -13.057389 -6.136881 9.282000
    endloop
  endfacet
  facet normal 0.353553 -0.612372 -0.707107
    outer loop
      vertex -13.057389 -6.136881 9.282000
      vertex -14.467009 -7.142405 9.448000
      vertex -14.550009 -6.998645 9.282000
    endloop
  endfacet
  facet normal 0.445495 -0.771621 -0.454022
    outer loop
      vertex -13.154194 -5.946820 8.864000
      vertex -13.057389 -6.136881 9.282000
      vertex -14.550009 -6.998645 9.282000
    endloop
  endfacet
  facet normal 0.445495 -0.771621 -0.454022
    outer loop
      vertex -14.656509 -6.814182 8.864000
      vertex -13.154194 -5.946820 8.864000
      vertex -14.550009 -6.998645 9.282000
    endloop
  endfacet
  facet normal 0.000000 0.000000 1.000000
    outer loop
      vertex -13.885000 4.512000 4.500000
      vertex -14.600000 0.000000 4.500000
      vertex -13.885000 -4.512000 4.500000
    endloop
  endfacet
  facet normal -0.000000 0.000000 1.000000
    outer loop
      vertex -11.301207 -5.561735 4.500000
      vertex -13.885000 4.512000 4.500000
      vertex -11.812000 -8.582000 4.500000
    endloop
  endfacet
  facet normal 0.000000 0.000000 1.000000
    outer loop
      vertex -11.812000 -8.582000 4.500000
      vertex -13.885000 4.512000 4.500000
      vertex -13.885000 -4.512000 4.500000
    endloop
  endfacet
  facet normal -0.000000 0.000000 1.000000
    outer loop
      vertex 8.582000 -11.812000 4.500000
      vertex -13.885000 4.512000 4.500000
      vertex 4.512000 -13.885000 4.500000
    endloop
  endfacet
  facet normal -0.000000 -0.000000 1.000000
    outer loop
      vertex 7.310254 -7.338269 4.500000
      vertex -13.885000 4.512000 4.500000
      vertex 8.582000 -11.812000 4.500000
    endloop
  endfacet
  facet normal 0.000000 0.000000 1.000000
    outer loop
      vertex 7.562355 -2.533618 4.500000
      vertex 8.377872 -2.315101 4.500000
      vertex -13.885000 4.512000 4.500000
    endloop
  endfacet
  facet normal 0.000000 -0.000000 1.000000
    outer loop
      vertex 13.885000 4.512000 4.500000
      vertex -13.885000 4.512000 4.500000
      vertex 14.600000 0.000000 4.500000
    endloop
  endfacet
  facet normal 0.000000 -0.000000 1.000000
    outer loop
      vertex 11.812000 8.582000 4.500000
      vertex -13.885000 4.512000 4.500000
      vertex 13.885000 4.512000 4.500000
    endloop
  endfacet
  facet normal 0.000000 -0.000000 1.000000
    outer loop
      vertex 0.834000 7.432000 4.500000
      vertex -13.885000 4.512000 4.500000
      vertex 11.812000 8.582000 4.500000
    endloop
  endfacet
  facet normal -0.000000 0.000000 1.000000
    outer loop
      vertex 0.000000 7.300000 4.500000
      vertex -0.834000 7.432000 4.500000
      vertex -13.885000 4.512000 4.500000
    endloop
  endfacet
  facet normal 0.000000 -0.000000 1.000000
    outer loop
      vertex -4.512000 13.885000 4.500000
      vertex -13.885000 4.512000 4.500000
      vertex 0.000000 14.600000 4.500000
    endloop
  endfacet
  facet normal 0.000000 -0.000000 1.000000
    outer loop
      vertex -8.582000 11.812000 4.500000
      vertex -13.885000 4.512000 4.500000
      vertex -4.512000 13.885000 4.500000
    endloop
  endfacet
  facet normal 0.000000 -0.000000 1.000000
    outer loop
      vertex -11.812000 8.582000 4.500000
      vertex -13.885000 4.512000 4.500000
      vertex -8.582000 11.812000 4.500000
    endloop
  endfacet
  facet normal -0.000000 0.000000 1.000000
    outer loop
      vertex -10.998523 -6.350000 4.500000
      vertex -11.301207 -5.561735 4.500000
      vertex -11.812000 -8.582000 4.500000
    endloop
  endfacet
  facet normal -0.000000 -0.000000 1.000000
    outer loop
      vertex -11.345154 -4.717618 4.500000
      vertex -13.885000 4.512000 4.500000
      vertex -11.301207 -5.561735 4.500000
    endloop
  endfacet
  facet normal 0.000000 0.000000 1.000000
    outer loop
      vertex 0.834000 12.568000 4.500000
      vertex 1.587000 12.184000 4.500000
      vertex 4.512000 13.885000 4.500000
    endloop
  endfacet
  facet normal -0.000000 0.000000 1.000000
    outer loop
      vertex -10.666519 -3.193047 4.500000
      vertex -13.885000 4.512000 4.500000
      vertex -11.126636 -3.902101 4.500000
    endloop
  endfacet
  facet normal 0.000000 0.000000 1.000000
    outer loop
      vertex -9.221989 -2.359047 4.500000
      vertex -8.377872 -2.315101 4.500000
      vertex -13.885000 4.512000 4.500000
    endloop
  endfacet
  facet normal -0.000000 0.000000 1.000000
    outer loop
      vertex -9.221989 -2.359047 4.500000
      vertex -13.885000 4.512000 4.500000
      vertex -10.010254 -2.661731 4.500000
    endloop
  endfacet
  facet normal 0.000000 -0.000000 1.000000
    outer loop
      vertex -7.310254 -7.338269 4.500000
      vertex -8.098519 -7.640953 4.500000
      vertex -4.512000 -13.885000 4.500000
    endloop
  endfacet
  facet normal 0.000000 0.000000 1.000000
    outer loop
      vertex -6.321985 -3.650000 4.500000
      vertex -6.019301 -4.438265 4.500000
      vertex 4.512000 -13.885000 4.500000
    endloop
  endfacet
  facet normal 0.000000 0.000000 1.000000
    outer loop
      vertex -7.562355 -2.533618 4.500000
      vertex -13.885000 4.512000 4.500000
      vertex -8.377872 -2.315101 4.500000
    endloop
  endfacet
  facet normal 0.000000 -0.000000 1.000000
    outer loop
      vertex -5.975355 -5.282382 4.500000
      vertex -6.193872 -6.097899 4.500000
      vertex 0.000000 -14.600000 4.500000
    endloop
  endfacet
  facet normal 0.000000 0.000000 1.000000
    outer loop
      vertex -6.853301 -2.993735 4.500000
      vertex -13.885000 4.512000 4.500000
      vertex -7.562355 -2.533618 4.500000
    endloop
  endfacet
  facet normal 0.000000 0.000000 1.000000
    outer loop
      vertex 4.512000 -13.885000 4.500000
      vertex -13.885000 4.512000 4.500000
      vertex -6.853301 -2.993735 4.500000
    endloop
  endfacet
  facet normal 0.000000 -0.000000 1.000000
    outer loop
      vertex -6.193872 -6.097899 4.500000
      vertex -6.653989 -6.806953 4.500000
      vertex 0.000000 -14.600000 4.500000
    endloop
  endfacet
  facet normal 0.000000 0.000000 1.000000
    outer loop
      vertex 4.512000 -13.885000 4.500000
      vertex -6.853301 -2.993735 4.500000
      vertex -6.321985 -3.650000 4.500000
    endloop
  endfacet
  facet normal -0.000000 0.000000 1.000000
    outer loop
      vertex 4.512000 -13.885000 4.500000
      vertex -6.019301 -4.438265 4.500000
      vertex 0.000000 -14.600000 4.500000
    endloop
  endfacet
  facet normal 0.000000 0.000000 1.000000
    outer loop
      vertex -6.019301 -4.438265 4.500000
      vertex -5.975355 -5.282382 4.500000
      vertex 0.000000 -14.600000 4.500000
    endloop
  endfacet
  facet normal 0.000000 -0.000000 1.000000
    outer loop
      vertex -8.098519 -7.640953 4.500000
      vertex -8.942636 -7.684899 4.500000
      vertex -4.512000 -13.885000 4.500000
    endloop
  endfacet
  facet normal 0.000000 0.000000 1.000000
    outer loop
      vertex 0.000000 -14.600000 4.500000
      vertex -6.653989 -6.806953 4.500000
      vertex -4.512000 -13.885000 4.500000
    endloop
  endfacet
  facet normal 0.000000 -0.000000 1.000000
    outer loop
      vertex -6.653989 -6.806953 4.500000
      vertex -7.310254 -7.338269 4.500000
      vertex -4.512000 -13.885000 4.500000
    endloop
  endfacet
  facet normal -0.000000 -0.000000 1.000000
    outer loop
      vertex -9.758154 -7.466382 4.500000
      vertex -10.467207 -7.006265 4.500000
      vertex -8.582000 -11.812000 4.500000
    endloop
  endfacet
  facet normal 0.000000 0.000000 1.000000
    outer loop
      vertex -4.512000 -13.885000 4.500000
      vertex -8.942636 -7.684899 4.500000
      vertex -8.582000 -11.812000 4.500000
    endloop
  endfacet
  facet normal -0.000000 -0.000000 1.000000
    outer loop
      vertex -8.942636 -7.684899 4.500000
      vertex -9.758154 -7.466382 4.500000
      vertex -8.582000 -11.812000 4.500000
    endloop
  endfacet
  facet normal -0.000000 0.000000 1.000000
    outer loop
      vertex -2.700000 10.000000 4.500000
      vertex -2.568000 10.834000 4.500000
      vertex -13.885000 4.512000 4.500000
    endloop
  endfacet
  facet normal 0.000000 0.000000 1.000000
    outer loop
      vertex -8.582000 -11.812000 4.500000
      vertex -10.998523 -6.350000 4.500000
      vertex -11.812000 -8.582000 4.500000
    endloop
  endfacet
  facet normal 0.000000 0.000000 1.000000
    outer loop
      vertex 1.587000 12.184000 4.500000
      vertex 2.184000 11.587000 4.500000
      vertex 4.512000 13.885000 4.500000
    endloop
  endfacet
  facet normal 0.000000 -0.000000 1.000000
    outer loop
      vertex 2.700000 10.000000 4.500000
      vertex 2.568000 9.166000 4.500000
      vertex 8.582000 11.812000 4.500000
    endloop
  endfacet
  facet normal 0.000000 -0.000000 1.000000
    outer loop
      vertex -2.700000 10.000000 4.500000
      vertex -13.885000 4.512000 4.500000
      vertex -2.568000 9.166000 4.500000
    endloop
  endfacet
  facet normal 0.000000 0.000000 1.000000
    outer loop
      vertex -2.184000 11.587000 4.500000
      vertex -1.587000 12.184000 4.500000
      vertex 0.000000 14.600000 4.500000
    endloop
  endfacet
  facet normal -0.000000 0.000000 1.000000
    outer loop
      vertex -1.587000 7.816000 4.500000
      vertex -2.184000 8.413000 4.500000
      vertex -13.885000 4.512000 4.500000
    endloop
  endfacet
  facet normal 0.000000 0.000000 1.000000
    outer loop
      vertex -2.184000 11.587000 4.500000
      vertex -13.885000 4.512000 4.500000
      vertex -2.568000 10.834000 4.500000
    endloop
  endfacet
  facet normal 0.000000 0.000000 1.000000
    outer loop
      vertex 0.000000 12.700000 4.500000
      vertex 0.834000 12.568000 4.500000
      vertex 4.512000 13.885000 4.500000
    endloop
  endfacet
  facet normal 0.000000 0.000000 1.000000
    outer loop
      vertex 0.000000 14.600000 4.500000
      vertex -13.885000 4.512000 4.500000
      vertex -2.184000 11.587000 4.500000
    endloop
  endfacet
  facet normal 0.000000 -0.000000 1.000000
    outer loop
      vertex 0.000000 14.600000 4.500000
      vertex -0.834000 12.568000 4.500000
      vertex 4.512000 13.885000 4.500000
    endloop
  endfacet
  facet normal 0.000000 0.000000 1.000000
    outer loop
      vertex 0.000000 14.600000 4.500000
      vertex -1.587000 12.184000 4.500000
      vertex -0.834000 12.568000 4.500000
    endloop
  endfacet
  facet normal 0.000000 0.000000 1.000000
    outer loop
      vertex -0.834000 12.568000 4.500000
      vertex 0.000000 12.700000 4.500000
      vertex 4.512000 13.885000 4.500000
    endloop
  endfacet
  facet normal 0.000000 0.000000 1.000000
    outer loop
      vertex 2.568000 10.834000 4.500000
      vertex 2.700000 10.000000 4.500000
      vertex 8.582000 11.812000 4.500000
    endloop
  endfacet
  facet normal 0.000000 -0.000000 1.000000
    outer loop
      vertex 4.512000 13.885000 4.500000
      vertex 2.184000 11.587000 4.500000
      vertex 8.582000 11.812000 4.500000
    endloop
  endfacet
  facet normal 0.000000 0.000000 1.000000
    outer loop
      vertex 2.184000 11.587000 4.500000
      vertex 2.568000 10.834000 4.500000
      vertex 8.582000 11.812000 4.500000
    endloop
  endfacet
  facet normal 0.000000 0.000000 1.000000
    outer loop
      vertex 7.310254 -7.338269 4.500000
      vertex 6.653989 -6.806953 4.500000
      vertex -13.885000 4.512000 4.500000
    endloop
  endfacet
  facet normal 0.000000 -0.000000 1.000000
    outer loop
      vertex 8.582000 11.812000 4.500000
      vertex 2.568000 9.166000 4.500000
      vertex 11.812000 8.582000 4.500000
    endloop
  endfacet
  facet normal 0.000000 -0.000000 1.000000
    outer loop
      vertex 2.568000 9.166000 4.500000
      vertex 2.184000 8.413000 4.500000
      vertex 11.812000 8.582000 4.500000
    endloop
  endfacet
  facet normal 0.000000 -0.000000 1.000000
    outer loop
      vertex 2.184000 8.413000 4.500000
      vertex 1.587000 7.816000 4.500000
      vertex 11.812000 8.582000 4.500000
    endloop
  endfacet
  facet normal 0.000000 -0.000000 1.000000
    outer loop
      vertex 1.587000 7.816000 4.500000
      vertex 0.834000 7.432000 4.500000
      vertex 11.812000 8.582000 4.500000
    endloop
  endfacet
  facet normal 0.000000 -0.000000 1.000000
    outer loop
      vertex 0.000000 7.300000 4.500000
      vertex -13.885000 4.512000 4.500000
      vertex 0.834000 7.432000 4.500000
    endloop
  endfacet
  facet normal -0.000000 0.000000 1.000000
    outer loop
      vertex -0.834000 7.432000 4.500000
      vertex -1.587000 7.816000 4.500000
      vertex -13.885000 4.512000 4.500000
    endloop
  endfacet
  facet normal 0.000000 0.000000 1.000000
    outer loop
      vertex 6.193872 -6.097899 4.500000
      vertex 5.975355 -5.282382 4.500000
      vertex -13.885000 4.512000 4.500000
    endloop
  endfacet
  facet normal 0.000000 -0.000000 1.000000
    outer loop
      vertex -2.568000 9.166000 4.500000
      vertex -13.885000 4.512000 4.500000
      vertex -2.184000 8.413000 4.500000
    endloop
  endfacet
  facet normal 0.000000 -0.000000 1.000000
    outer loop
      vertex 9.758154 -7.466382 4.500000
      vertex 8.942636 -7.684899 4.500000
      vertex 11.812000 -8.582000 4.500000
    endloop
  endfacet
  facet normal -0.000000 0.000000 1.000000
    outer loop
      vertex 6.019301 -4.438265 4.500000
      vertex -13.885000 4.512000 4.500000
      vertex 5.975355 -5.282382 4.500000
    endloop
  endfacet
  facet normal -0.000000 0.000000 1.000000
    outer loop
      vertex 6.321985 -3.650000 4.500000
      vertex -13.885000 4.512000 4.500000
      vertex 6.019301 -4.438265 4.500000
    endloop
  endfacet
  facet normal 0.000000 -0.000000 1.000000
    outer loop
      vertex 11.345154 -4.717618 4.500000
      vertex 11.301207 -5.561735 4.500000
      vertex 13.885000 -4.512000 4.500000
    endloop
  endfacet
  facet normal -0.000000 0.000000 1.000000
    outer loop
      vertex 6.853301 -2.993735 4.500000
      vertex -13.885000 4.512000 4.500000
      vertex 6.321985 -3.650000 4.500000
    endloop
  endfacet
  facet normal -0.000000 0.000000 1.000000
    outer loop
      vertex 7.562355 -2.533618 4.500000
      vertex -13.885000 4.512000 4.500000
      vertex 6.853301 -2.993735 4.500000
    endloop
  endfacet
  facet normal 0.000000 0.000000 1.000000
    outer loop
      vertex 10.010254 -2.661731 4.500000
      vertex 10.666519 -3.193047 4.500000
      vertex 13.885000 -4.512000 4.500000
    endloop
  endfacet
  facet normal -0.000000 0.000000 1.000000
    outer loop
      vertex 14.600000 0.000000 4.500000
      vertex -13.885000 4.512000 4.500000
      vertex 8.377872 -2.315101 4.500000
    endloop
  endfacet
  facet normal 0.000000 0.000000 1.000000
    outer loop
      vertex 14.600000 0.000000 4.500000
      vertex 8.377872 -2.315101 4.500000
      vertex 9.221989 -2.359047 4.500000
    endloop
  endfacet
  facet normal 0.000000 0.000000 1.000000
    outer loop
      vertex 14.600000 0.000000 4.500000
      vertex 10.010254 -2.661731 4.500000
      vertex 13.885000 -4.512000 4.500000
    endloop
  endfacet
  facet normal 0.000000 0.000000 1.000000
    outer loop
      vertex 14.600000 0.000000 4.500000
      vertex 9.221989 -2.359047 4.500000
      vertex 10.010254 -2.661731 4.500000
    endloop
  endfacet
  facet normal 0.000000 -0.000000 1.000000
    outer loop
      vertex 10.467207 -7.006265 4.500000
      vertex 9.758154 -7.466382 4.500000
      vertex 11.812000 -8.582000 4.500000
    endloop
  endfacet
  facet normal 0.000000 0.000000 1.000000
    outer loop
      vertex 13.885000 -4.512000 4.500000
      vertex 11.301207 -5.561735 4.500000
      vertex 11.812000 -8.582000 4.500000
    endloop
  endfacet
  facet normal 0.000000 -0.000000 1.000000
    outer loop
      vertex 11.301207 -5.561735 4.500000
      vertex 10.998523 -6.350000 4.500000
      vertex 11.812000 -8.582000 4.500000
    endloop
  endfacet
  facet normal 0.000000 -0.000000 1.000000
    outer loop
      vertex 10.998523 -6.350000 4.500000
      vertex 10.467207 -7.006265 4.500000
      vertex 11.812000 -8.582000 4.500000
    endloop
  endfacet
  facet normal -0.000000 0.000000 1.000000
    outer loop
      vertex 11.812000 -8.582000 4.500000
      vertex 8.942636 -7.684899 4.500000
      vertex 8.582000 -11.812000 4.500000
    endloop
  endfacet
  facet normal -0.000000 0.000000 1.000000
    outer loop
      vertex 8.942636 -7.684899 4.500000
      vertex 8.098519 -7.640953 4.500000
      vertex 8.582000 -11.812000 4.500000
    endloop
  endfacet
  facet normal -0.000000 -0.000000 1.000000
    outer loop
      vertex 8.098519 -7.640953 4.500000
      vertex 7.310254 -7.338269 4.500000
      vertex 8.582000 -11.812000 4.500000
    endloop
  endfacet
  facet normal 0.000000 0.000000 1.000000
    outer loop
      vertex 6.653989 -6.806953 4.500000
      vertex 6.193872 -6.097899 4.500000
      vertex -13.885000 4.512000 4.500000
    endloop
  endfacet
  facet normal 0.000000 0.000000 1.000000
    outer loop
      vertex 10.666519 -3.193047 4.500000
      vertex 11.126636 -3.902101 4.500000
      vertex 13.885000 -4.512000 4.500000
    endloop
  endfacet
  facet normal -0.000000 -0.000000 1.000000
    outer loop
      vertex -10.467207 -7.006265 4.500000
      vertex -10.998523 -6.350000 4.500000
      vertex -8.582000 -11.812000 4.500000
    endloop
  endfacet
  facet normal 0.000000 0.000000 1.000000
    outer loop
      vertex -11.345154 -4.717618 4.500000
      vertex -11.126636 -3.902101 4.500000
      vertex -13.885000 4.512000 4.500000
    endloop
  endfacet
  facet normal 0.000000 0.000000 1.000000
    outer loop
      vertex -10.666519 -3.193047 4.500000
      vertex -10.010254 -2.661731 4.500000
      vertex -13.885000 4.512000 4.500000
    endloop
  endfacet
  facet normal 0.000000 0.000000 1.000000
    outer loop
      vertex 11.126636 -3.902101 4.500000
      vertex 11.345154 -4.717618 4.500000
      vertex 13.885000 -4.512000 4.500000
    endloop
  endfacet
  facet normal 0.445495 0.771621 0.454022
    outer loop
      vertex 13.336009 -9.101355 7.518000
      vertex 11.953903 -8.303396 7.518000
      vertex 13.229509 -9.285818 7.936000
    endloop
  endfacet
  facet normal 0.445495 0.771621 0.454022
    outer loop
      vertex 13.229509 -9.285818 7.936000
      vertex 11.953903 -8.303396 7.518000
      vertex 11.857098 -8.493457 7.936000
    endloop
  endfacet
  facet normal 0.493925 0.855502 0.155416
    outer loop
      vertex 13.229509 -9.285818 7.936000
      vertex 11.857098 -8.493457 7.936000
      vertex 13.193009 -9.349038 8.400000
    endloop
  endfacet
  facet normal 0.493925 0.855502 0.155416
    outer loop
      vertex 13.193009 -9.349038 8.400000
      vertex 11.857098 -8.493457 7.936000
      vertex 11.823921 -8.558595 8.400000
    endloop
  endfacet
  facet normal 0.493925 0.855502 -0.155416
    outer loop
      vertex 13.229509 -9.285818 8.864000
      vertex 13.193009 -9.349038 8.400000
      vertex 11.857098 -8.493457 8.864000
    endloop
  endfacet
  facet normal 0.493925 0.855502 -0.155416
    outer loop
      vertex 11.857098 -8.493457 8.864000
      vertex 13.193009 -9.349038 8.400000
      vertex 11.823921 -8.558595 8.400000
    endloop
  endfacet
  facet normal 0.445495 0.771621 -0.454022
    outer loop
      vertex 13.336009 -9.101355 9.282000
      vertex 13.229509 -9.285818 8.864000
      vertex 11.953903 -8.303396 9.282000
    endloop
  endfacet
  facet normal 0.445495 0.771621 -0.454022
    outer loop
      vertex 11.953903 -8.303396 9.282000
      vertex 13.229509 -9.285818 8.864000
      vertex 11.857098 -8.493457 8.864000
    endloop
  endfacet
  facet normal 0.353553 0.612372 -0.707107
    outer loop
      vertex 13.419009 -8.957595 9.448000
      vertex 13.336009 -9.101355 9.282000
      vertex 12.029348 -8.155273 9.448000
    endloop
  endfacet
  facet normal 0.353553 0.612372 -0.707107
    outer loop
      vertex 12.029348 -8.155273 9.448000
      vertex 13.336009 -9.101355 9.282000
      vertex 11.953903 -8.303396 9.282000
    endloop
  endfacet
  facet normal 0.353553 0.612372 0.707107
    outer loop
      vertex 13.412679 -8.968559 9.460660
      vertex 13.419009 -8.957595 9.448000
      vertex 12.029348 -8.155273 9.448000
    endloop
  endfacet
  facet normal 0.353553 0.612372 0.707107
    outer loop
      vertex 12.023594 -8.166570 9.460660
      vertex 13.412679 -8.968559 9.460660
      vertex 12.029348 -8.155273 9.448000
    endloop
  endfacet
  facet normal 0.353553 0.612372 -0.707107
    outer loop
      vertex 13.943009 -8.050000 10.521320
      vertex 13.412679 -8.968559 9.460660
      vertex 12.505646 -7.220138 10.521320
    endloop
  endfacet
  facet normal 0.353553 0.612372 -0.707107
    outer loop
      vertex 12.505646 -7.220138 10.521320
      vertex 13.412679 -8.968559 9.460660
      vertex 12.023594 -8.166570 9.460660
    endloop
  endfacet
  facet normal -0.353553 -0.612372 -0.707107
    outer loop
      vertex 14.473339 -7.131441 9.460660
      vertex 13.943009 -8.050000 10.521320
      vertex 12.987698 -6.273706 9.460660
    endloop
  endfacet
  facet normal -0.353553 -0.612372 -0.707107
    outer loop
      vertex 12.987698 -6.273706 9.460660
      vertex 13.943009 -8.050000 10.521320
      vertex 12.505646 -7.220138 10.521320
    endloop
  endfacet
  facet normal -0.353553 -0.612372 0.707107
    outer loop
      vertex 14.467009 -7.142405 9.448000
      vertex 14.473339 -7.131441 9.460660
      vertex 12.987698 -6.273706 9.460660
    endloop
  endfacet
  facet normal -0.353553 -0.612372 0.707107
    outer loop
      vertex 12.981945 -6.285003 9.448000
      vertex 14.467009 -7.142405 9.448000
      vertex 12.987698 -6.273706 9.460660
    endloop
  endfacet
  facet normal -0.353553 -0.612372 -0.707107
    outer loop
      vertex 14.550009 -6.998645 9.282000
      vertex 14.467009 -7.142405 9.448000
      vertex 13.057389 -6.136881 9.282000
    endloop
  endfacet
  facet normal -0.353553 -0.612372 -0.707107
    outer loop
      vertex 13.057389 -6.136881 9.282000
      vertex 14.467009 -7.142405 9.448000
      vertex 12.981945 -6.285003 9.448000
    endloop
  endfacet
  facet normal -0.445495 -0.771621 -0.454022
    outer loop
      vertex 13.154194 -5.946820 8.864000
      vertex 14.656509 -6.814182 8.864000
      vertex 14.550009 -6.998645 9.282000
    endloop
  endfacet
  facet normal -0.445495 -0.771621 -0.454022
    outer loop
      vertex 13.057389 -6.136881 9.282000
      vertex 13.154194 -5.946820 8.864000
      vertex 14.550009 -6.998645 9.282000
    endloop
  endfacet
  facet normal -0.493925 -0.855502 -0.155416
    outer loop
      vertex 13.187371 -5.881681 8.400000
      vertex 14.693009 -6.750962 8.400000
      vertex 14.656509 -6.814182 8.864000
    endloop
  endfacet
  facet normal -0.493925 -0.855502 -0.155416
    outer loop
      vertex 13.154194 -5.946820 8.864000
      vertex 13.187371 -5.881681 8.400000
      vertex 14.656509 -6.814182 8.864000
    endloop
  endfacet
  facet normal -0.493925 -0.855502 0.155416
    outer loop
      vertex 14.656509 -6.814182 7.936000
      vertex 14.693009 -6.750962 8.400000
      vertex 13.187371 -5.881681 8.400000
    endloop
  endfacet
  facet normal -0.493925 -0.855502 0.155416
    outer loop
      vertex 13.154194 -5.946820 7.936000
      vertex 14.656509 -6.814182 7.936000
      vertex 13.187371 -5.881681 8.400000
    endloop
  endfacet
  facet normal -0.445495 -0.771621 0.454022
    outer loop
      vertex 14.550009 -6.998645 7.518000
      vertex 14.656509 -6.814182 7.936000
      vertex 13.154194 -5.946820 7.936000
    endloop
  endfacet
  facet normal -0.445495 -0.771621 0.454022
    outer loop
      vertex 13.057389 -6.136881 7.518000
      vertex 14.550009 -6.998645 7.518000
      vertex 13.154194 -5.946820 7.936000
    endloop
  endfacet
  facet normal -0.353553 -0.612372 0.707107
    outer loop
      vertex 14.384009 -7.286166 7.186000
      vertex 14.550009 -6.998645 7.518000
      vertex 13.057389 -6.136881 7.518000
    endloop
  endfacet
  facet normal -0.353553 -0.612372 0.707107
    outer loop
      vertex 12.906500 -6.433126 7.186000
      vertex 14.384009 -7.286166 7.186000
      vertex 13.057389 -6.136881 7.518000
    endloop
  endfacet
  facet normal -0.227011 -0.393194 0.890991
    outer loop
      vertex 14.175009 -7.648164 6.973000
      vertex 14.384009 -7.286166 7.186000
      vertex 12.906500 -6.433126 7.186000
    endloop
  endfacet
  facet normal -0.227011 -0.393194 0.890991
    outer loop
      vertex 12.716526 -6.806109 6.973000
      vertex 14.175009 -7.648164 6.973000
      vertex 12.906500 -6.433126 7.186000
    endloop
  endfacet
  facet normal -0.077708 -0.134594 0.987849
    outer loop
      vertex 13.943009 -8.050000 6.900000
      vertex 14.175009 -7.648164 6.973000
      vertex 12.716526 -6.806109 6.973000
    endloop
  endfacet
  facet normal -0.077708 -0.134594 0.987849
    outer loop
      vertex 12.505646 -7.220138 6.900000
      vertex 13.943009 -8.050000 6.900000
      vertex 12.716526 -6.806109 6.973000
    endloop
  endfacet
  facet normal 0.077708 0.134594 0.987849
    outer loop
      vertex 13.711009 -8.451836 6.973000
      vertex 13.943009 -8.050000 6.900000
      vertex 12.505646 -7.220138 6.900000
    endloop
  endfacet
  facet normal 0.077708 0.134594 0.987849
    outer loop
      vertex 12.294766 -7.634167 6.973000
      vertex 13.711009 -8.451836 6.973000
      vertex 12.505646 -7.220138 6.900000
    endloop
  endfacet
  facet normal 0.227011 0.393194 0.890991
    outer loop
      vertex 13.502009 -8.813834 7.186000
      vertex 13.711009 -8.451836 6.973000
      vertex 12.294766 -7.634167 6.973000
    endloop
  endfacet
  facet normal 0.227011 0.393194 0.890991
    outer loop
      vertex 12.104792 -8.007151 7.186000
      vertex 13.502009 -8.813834 7.186000
      vertex 12.294766 -7.634167 6.973000
    endloop
  endfacet
  facet normal 0.353553 0.612372 0.707107
    outer loop
      vertex 13.336009 -9.101355 7.518000
      vertex 13.502009 -8.813834 7.186000
      vertex 12.104792 -8.007151 7.186000
    endloop
  endfacet
  facet normal 0.353553 0.612372 0.707107
    outer loop
      vertex 11.953903 -8.303396 7.518000
      vertex 13.336009 -9.101355 7.518000
      vertex 12.104792 -8.007151 7.186000
    endloop
  endfacet
  facet normal 0.155416 -0.000000 0.987849
    outer loop
      vertex -0.464000 14.526472 6.973000
      vertex 0.000000 14.600000 6.900000
      vertex 0.000000 16.100000 6.900000
    endloop
  endfacet
  facet normal 0.155416 0.000000 0.987849
    outer loop
      vertex -0.464000 14.526472 6.973000
      vertex 0.000000 16.100000 6.900000
      vertex -0.464000 16.100000 6.973000
    endloop
  endfacet
  facet normal -0.155416 -0.000000 0.987849
    outer loop
      vertex 0.000000 14.600000 6.900000
      vertex 0.464000 14.526472 6.973000
      vertex 0.464000 16.100000 6.973000
    endloop
  endfacet
  facet normal -0.155416 -0.000000 0.987849
    outer loop
      vertex 0.000000 16.100000 6.900000
      vertex 0.000000 14.600000 6.900000
      vertex 0.464000 16.100000 6.973000
    endloop
  endfacet
  facet normal -0.454022 -0.000000 0.890991
    outer loop
      vertex 0.464000 14.526472 6.973000
      vertex 0.882000 14.460233 7.186000
      vertex 0.882000 16.100000 7.186000
    endloop
  endfacet
  facet normal -0.454022 -0.000000 0.890991
    outer loop
      vertex 0.464000 16.100000 6.973000
      vertex 0.464000 14.526472 6.973000
      vertex 0.882000 16.100000 7.186000
    endloop
  endfacet
  facet normal -0.707107 -0.000000 0.707107
    outer loop
      vertex 1.214000 14.407622 7.518000
      vertex 1.214000 16.100000 7.518000
      vertex 0.882000 14.460233 7.186000
    endloop
  endfacet
  facet normal -0.707107 -0.000000 0.707107
    outer loop
      vertex 0.882000 14.460233 7.186000
      vertex 1.214000 16.100000 7.518000
      vertex 0.882000 16.100000 7.186000
    endloop
  endfacet
  facet normal -0.890991 -0.000000 0.454022
    outer loop
      vertex 1.427000 14.373869 7.936000
      vertex 1.427000 16.100000 7.936000
      vertex 1.214000 14.407622 7.518000
    endloop
  endfacet
  facet normal -0.890991 -0.000000 0.454022
    outer loop
      vertex 1.214000 14.407622 7.518000
      vertex 1.427000 16.100000 7.936000
      vertex 1.214000 16.100000 7.518000
    endloop
  endfacet
  facet normal -0.987849 -0.000000 0.155416
    outer loop
      vertex 1.500000 14.362301 8.400000
      vertex 1.500000 16.100000 8.400000
      vertex 1.427000 14.373869 7.936000
    endloop
  endfacet
  facet normal -0.987849 -0.000000 0.155416
    outer loop
      vertex 1.427000 14.373869 7.936000
      vertex 1.500000 16.100000 8.400000
      vertex 1.427000 16.100000 7.936000
    endloop
  endfacet
  facet normal -0.987849 -0.000000 -0.155416
    outer loop
      vertex 1.500000 14.362301 8.400000
      vertex 1.427000 14.373869 8.864000
      vertex 1.500000 16.100000 8.400000
    endloop
  endfacet
  facet normal -0.987849 0.000000 -0.155416
    outer loop
      vertex 1.500000 16.100000 8.400000
      vertex 1.427000 14.373869 8.864000
      vertex 1.427000 16.100000 8.864000
    endloop
  endfacet
  facet normal -0.890991 -0.000000 -0.454022
    outer loop
      vertex 1.427000 14.373869 8.864000
      vertex 1.214000 14.407622 9.282000
      vertex 1.427000 16.100000 8.864000
    endloop
  endfacet
  facet normal -0.890991 0.000000 -0.454022
    outer loop
      vertex 1.427000 16.100000 8.864000
      vertex 1.214000 14.407622 9.282000
      vertex 1.214000 16.100000 9.282000
    endloop
  endfacet
  facet normal -0.707107 -0.000000 -0.707107
    outer loop
      vertex 1.214000 14.407622 9.282000
      vertex 1.048000 14.433927 9.448000
      vertex 1.214000 16.100000 9.282000
    endloop
  endfacet
  facet normal -0.707107 0.000000 -0.707107
    outer loop
      vertex 1.214000 16.100000 9.282000
      vertex 1.048000 14.433927 9.448000
      vertex 1.048000 16.100000 9.448000
    endloop
  endfacet
  facet normal -0.707107 0.000000 0.707107
    outer loop
      vertex 1.048000 14.433927 9.448000
      vertex 1.060660 14.431921 9.460660
      vertex 1.060660 16.100000 9.460660
    endloop
  endfacet
  facet normal -0.707107 0.000000 0.707107
    outer loop
      vertex 1.048000 16.100000 9.448000
      vertex 1.048000 14.433927 9.448000
      vertex 1.060660 16.100000 9.460660
    endloop
  endfacet
  facet normal -0.707107 -0.000000 -0.707107
    outer loop
      vertex 1.060660 14.431921 9.460660
      vertex 0.000000 14.600000 10.521320
      vertex 1.060660 16.100000 9.460660
    endloop
  endfacet
  facet normal -0.707107 -0.000000 -0.707107
    outer loop
      vertex 1.060660 16.100000 9.460660
      vertex 0.000000 14.600000 10.521320
      vertex 0.000000 16.100000 10.521320
    endloop
  endfacet
  facet normal 0.707107 -0.000000 -0.707107
    outer loop
      vertex 0.000000 16.100000 10.521320
      vertex 0.000000 14.600000 10.521320
      vertex -1.060660 14.431921 9.460660
    endloop
  endfacet
  facet normal 0.707107 0.000000 -0.707107
    outer loop
      vertex 0.000000 16.100000 10.521320
      vertex -1.060660 14.431921 9.460660
      vertex -1.060660 16.100000 9.460660
    endloop
  endfacet
  facet normal 0.707107 0.000000 0.707107
    outer loop
      vertex -1.060660 14.431921 9.460660
      vertex -1.048000 14.433927 9.448000
      vertex -1.048000 16.100000 9.448000
    endloop
  endfacet
  facet normal 0.707107 -0.000000 0.707107
    outer loop
      vertex -1.060660 16.100000 9.460660
      vertex -1.060660 14.431921 9.460660
      vertex -1.048000 16.100000 9.448000
    endloop
  endfacet
  facet normal 0.707107 0.000000 -0.707107
    outer loop
      vertex -1.048000 16.100000 9.448000
      vertex -1.048000 14.433927 9.448000
      vertex -1.214000 14.407622 9.282000
    endloop
  endfacet
  facet normal 0.707107 0.000000 -0.707107
    outer loop
      vertex -1.214000 16.100000 9.282000
      vertex -1.048000 16.100000 9.448000
      vertex -1.214000 14.407622 9.282000
    endloop
  endfacet
  facet normal 0.890991 0.000000 -0.454022
    outer loop
      vertex -1.214000 16.100000 9.282000
      vertex -1.214000 14.407622 9.282000
      vertex -1.427000 14.373869 8.864000
    endloop
  endfacet
  facet normal 0.890991 0.000000 -0.454022
    outer loop
      vertex -1.427000 16.100000 8.864000
      vertex -1.214000 16.100000 9.282000
      vertex -1.427000 14.373869 8.864000
    endloop
  endfacet
  facet normal 0.987849 0.000000 -0.155416
    outer loop
      vertex -1.427000 16.100000 8.864000
      vertex -1.427000 14.373869 8.864000
      vertex -1.500000 14.362301 8.400000
    endloop
  endfacet
  facet normal 0.987849 0.000000 -0.155416
    outer loop
      vertex -1.500000 16.100000 8.400000
      vertex -1.427000 16.100000 8.864000
      vertex -1.500000 14.362301 8.400000
    endloop
  endfacet
  facet normal 0.987849 0.000000 0.155416
    outer loop
      vertex -1.500000 14.362301 8.400000
      vertex -1.427000 14.373869 7.936000
      vertex -1.427000 16.100000 7.936000
    endloop
  endfacet
  facet normal 0.987849 0.000000 0.155416
    outer loop
      vertex -1.500000 16.100000 8.400000
      vertex -1.500000 14.362301 8.400000
      vertex -1.427000 16.100000 7.936000
    endloop
  endfacet
  facet normal 0.890991 0.000000 0.454022
    outer loop
      vertex -1.427000 14.373869 7.936000
      vertex -1.214000 14.407622 7.518000
      vertex -1.214000 16.100000 7.518000
    endloop
  endfacet
  facet normal 0.890991 0.000000 0.454022
    outer loop
      vertex -1.427000 16.100000 7.936000
      vertex -1.427000 14.373869 7.936000
      vertex -1.214000 16.100000 7.518000
    endloop
  endfacet
  facet normal 0.707107 0.000000 0.707107
    outer loop
      vertex -1.214000 14.407622 7.518000
      vertex -0.882000 14.460233 7.186000
      vertex -0.882000 16.100000 7.186000
    endloop
  endfacet
  facet normal 0.707107 0.000000 0.707107
    outer loop
      vertex -1.214000 16.100000 7.518000
      vertex -1.214000 14.407622 7.518000
      vertex -0.882000 16.100000 7.186000
    endloop
  endfacet
  facet normal 0.454022 0.000000 0.890991
    outer loop
      vertex -0.882000 14.460233 7.186000
      vertex -0.464000 14.526472 6.973000
      vertex -0.464000 16.100000 6.973000
    endloop
  endfacet
  facet normal 0.454022 0.000000 0.890991
    outer loop
      vertex -0.882000 16.100000 7.186000
      vertex -0.882000 14.460233 7.186000
      vertex -0.464000 16.100000 6.973000
    endloop
  endfacet
  facet normal 0.000000 -0.000000 1.000000
    outer loop
      vertex -2.800000 18.500000 4.500000
      vertex -2.800000 16.100000 4.500000
      vertex 2.800000 16.100000 4.500000
    endloop
  endfacet
  facet normal 0.000000 0.000000 1.000000
    outer loop
      vertex 2.800000 18.500000 4.500000
      vertex -2.800000 18.500000 4.500000
      vertex 2.800000 16.100000 4.500000
    endloop
  endfacet
  facet normal 0.000000 0.000000 1.000000
    outer loop
      vertex 15.343009 -5.625129 4.500000
      vertex 12.543009 -10.474871 4.500000
      vertex 14.621470 -11.674871 4.500000
    endloop
  endfacet
  facet normal -0.000000 0.000000 1.000000
    outer loop
      vertex 17.421470 -6.825129 4.500000
      vertex 15.343009 -5.625129 4.500000
      vertex 14.621470 -11.674871 4.500000
    endloop
  endfacet
endsolid
