solid OpenSCAD_Model
  facet normal -1 0 0
    outer loop
      vertex -10 78.5305 4.97746
      vertex -10 80 3.24921
      vertex -10 80 0
    endloop
  endfacet
  facet normal -1 0 0
    outer loop
      vertex -10 80 3.24921
      vertex -10 79.6867 4.51971
      vertex -10 80 4.5
    endloop
  endfacet
  facet normal -1 0 0
    outer loop
      vertex -10 80 3.24921
      vertex -10 79.3783 4.57854
      vertex -10 79.6867 4.51971
    endloop
  endfacet
  facet normal -1 0 0
    outer loop
      vertex -10 80 3.24921
      vertex -10 79.0797 4.67556
      vertex -10 79.3783 4.57854
    endloop
  endfacet
  facet normal -1 0 0
    outer loop
      vertex -10 80 3.24921
      vertex -10 78.7956 4.80923
      vertex -10 79.0797 4.67556
    endloop
  endfacet
  facet normal -1 0 0
    outer loop
      vertex -10 80 3.24921
      vertex -10 78.5305 4.97746
      vertex -10 78.7956 4.80923
    endloop
  endfacet
  facet normal -1 0 0
    outer loop
      vertex -10 80 0
      vertex -10 78.2886 5.17758
      vertex -10 78.5305 4.97746
    endloop
  endfacet
  facet normal -1 0 0
    outer loop
      vertex -10 80 0
      vertex -10 78.0737 5.40644
      vertex -10 78.2886 5.17758
    endloop
  endfacet
  facet normal -1 0 0
    outer loop
      vertex -10 80 0
      vertex -10 77.8892 5.66043
      vertex -10 78.0737 5.40644
    endloop
  endfacet
  facet normal -1 0 0
    outer loop
      vertex -10 80 0
      vertex -10 77.7379 5.93555
      vertex -10 77.8892 5.66043
    endloop
  endfacet
  facet normal -1 0 0
    outer loop
      vertex -10 -17.7379 5.93555
      vertex -10 77.7379 5.93555
      vertex -10 80 0
    endloop
  endfacet
  facet normal -1 0 0
    outer loop
      vertex -10 77.5049 6.84302
      vertex -10 75 14
      vertex -10 77.5049 7.15698
    endloop
  endfacet
  facet normal -1 0 0
    outer loop
      vertex -10 77.5443 6.53155
      vertex -10 75 14
      vertex -10 77.5049 6.84302
    endloop
  endfacet
  facet normal -1 0 0
    outer loop
      vertex -10 77.6224 6.22746
      vertex -10 75 14
      vertex -10 77.5443 6.53155
    endloop
  endfacet
  facet normal -1 0 0
    outer loop
      vertex -10 75 14
      vertex -10 -15 14
      vertex -10 75 35
    endloop
  endfacet
  facet normal -1 0 0
    outer loop
      vertex -10 77.6224 6.22746
      vertex -10 -15 14
      vertex -10 75 14
    endloop
  endfacet
  facet normal -1 0 0
    outer loop
      vertex -10 77.7379 5.93555
      vertex -10 -17.7379 5.93555
      vertex -10 77.6224 6.22746
    endloop
  endfacet
  facet normal -1 0 0
    outer loop
      vertex -10 77.6224 6.22746
      vertex -10 -17.5443 6.53155
      vertex -10 -15 14
    endloop
  endfacet
  facet normal -1 0 0
    outer loop
      vertex -10 -15 14
      vertex -10 -17.5443 6.53155
      vertex -10 -17.5049 6.84302
    endloop
  endfacet
  facet normal -1 0 0
    outer loop
      vertex -10 77.6224 6.22746
      vertex -10 -17.6224 6.22746
      vertex -10 -17.5443 6.53155
    endloop
  endfacet
  facet normal -1 -0 0
    outer loop
      vertex -10 77.6224 6.22746
      vertex -10 -17.7379 5.93555
      vertex -10 -17.6224 6.22746
    endloop
  endfacet
  facet normal -1 0 0
    outer loop
      vertex -10 -20 0
      vertex -10 -17.7379 5.93555
      vertex -10 80 0
    endloop
  endfacet
  facet normal -1 0 0
    outer loop
      vertex -10 -17.7379 5.93555
      vertex -10 -20 0
      vertex -10 -17.8892 5.66043
    endloop
  endfacet
  facet normal -1 0 0
    outer loop
      vertex -10 -17.8892 5.66043
      vertex -10 -20 0
      vertex -10 -18.0737 5.40644
    endloop
  endfacet
  facet normal -1 0 0
    outer loop
      vertex -10 -18.0737 5.40644
      vertex -10 -20 0
      vertex -10 -18.2886 5.17758
    endloop
  endfacet
  facet normal -1 0 0
    outer loop
      vertex -10 -18.2886 5.17758
      vertex -10 -20 0
      vertex -10 -18.5305 4.97746
    endloop
  endfacet
  facet normal -1 0 0
    outer loop
      vertex -10 -20 3.24921
      vertex -10 -18.5305 4.97746
      vertex -10 -20 0
    endloop
  endfacet
  facet normal -1 0 0
    outer loop
      vertex -10 -18.5305 4.97746
      vertex -10 -20 3.24921
      vertex -10 -18.7956 4.80923
    endloop
  endfacet
  facet normal -1 0 0
    outer loop
      vertex -10 -18.7956 4.80923
      vertex -10 -20 3.24921
      vertex -10 -19.0797 4.67556
    endloop
  endfacet
  facet normal -1 0 0
    outer loop
      vertex -10 -19.0797 4.67556
      vertex -10 -20 3.24921
      vertex -10 -19.3783 4.57854
    endloop
  endfacet
  facet normal -1 0 0
    outer loop
      vertex -10 -19.3783 4.57854
      vertex -10 -20 3.24921
      vertex -10 -19.6867 4.51971
    endloop
  endfacet
  facet normal -1 0 0
    outer loop
      vertex -10 -20 3.24921
      vertex -10 -20 4.5
      vertex -10 -19.6867 4.51971
    endloop
  endfacet
  facet normal -1 0 0
    outer loop
      vertex -10 -20 3.24921
      vertex -10 -20.3133 4.51971
      vertex -10 -20 4.5
    endloop
  endfacet
  facet normal -1 0 0
    outer loop
      vertex -10 -20 3.24921
      vertex -10 -20.6217 4.57854
      vertex -10 -20.3133 4.51971
    endloop
  endfacet
  facet normal -1 0 0
    outer loop
      vertex -10 -20 3.24921
      vertex -10 -20.9203 4.67556
      vertex -10 -20.6217 4.57854
    endloop
  endfacet
  facet normal -1 0 0
    outer loop
      vertex -10 -20 3.24921
      vertex -10 -21.2044 4.80923
      vertex -10 -20.9203 4.67556
    endloop
  endfacet
  facet normal -1 0 0
    outer loop
      vertex -10 -25.9103 3.24921
      vertex -10 -21.2044 4.80923
      vertex -10 -20 3.24921
    endloop
  endfacet
  facet normal -1 -0 0
    outer loop
      vertex -10 -21.2044 4.80923
      vertex -10 -25.9103 3.24921
      vertex -10 -21.4695 4.97746
    endloop
  endfacet
  facet normal -1 -0 0
    outer loop
      vertex -10 -21.4695 4.97746
      vertex -10 -25.9103 3.24921
      vertex -10 -21.7114 5.17758
    endloop
  endfacet
  facet normal -1 0 0
    outer loop
      vertex -10 -26.9862 7.43953
      vertex -10 -22.4951 7.15698
      vertex -10 -22.4951 6.84302
    endloop
  endfacet
  facet normal -1 0 0
    outer loop
      vertex -10 -22.4951 7.15698
      vertex -10 -23.3723 13.1341
      vertex -10 -22.5769 13.5084
    endloop
  endfacet
  facet normal -1 0 0
    outer loop
      vertex -10 -26.9862 6.56047
      vertex -10 -22.4951 6.84302
      vertex -10 -22.4557 6.53155
    endloop
  endfacet
  facet normal -1 0 0
    outer loop
      vertex -10 -22.4951 7.15698
      vertex -10 -24.1145 12.6631
      vertex -10 -23.3723 13.1341
    endloop
  endfacet
  facet normal -1 0 0
    outer loop
      vertex -10 -26.876 5.68833
      vertex -10 -22.4557 6.53155
      vertex -10 -22.3776 6.22746
    endloop
  endfacet
  facet normal -1 0 0
    outer loop
      vertex -10 -22.4951 7.15698
      vertex -10 -24.7918 12.1028
      vertex -10 -24.1145 12.6631
    endloop
  endfacet
  facet normal -1 0 0
    outer loop
      vertex -10 -26.6574 4.83688
      vertex -10 -22.3776 6.22746
      vertex -10 -22.2621 5.93555
    endloop
  endfacet
  facet normal -1 0 0
    outer loop
      vertex -10 -22.4951 7.15698
      vertex -10 -25.3936 11.462
      vertex -10 -24.7918 12.1028
    endloop
  endfacet
  facet normal -1 0 0
    outer loop
      vertex -10 -26.3338 4.01954
      vertex -10 -22.2621 5.93555
      vertex -10 -22.1108 5.66043
    endloop
  endfacet
  facet normal -1 -0 0
    outer loop
      vertex -10 -21.7114 5.17758
      vertex -10 -25.9103 3.24921
      vertex -10 -21.9263 5.40644
    endloop
  endfacet
  facet normal -1 0 0
    outer loop
      vertex -10 -25.9103 3.24921
      vertex -10 -22.1108 5.66043
      vertex -10 -21.9263 5.40644
    endloop
  endfacet
  facet normal -1 0 0
    outer loop
      vertex -10 -26.3338 4.01954
      vertex -10 -22.1108 5.66043
      vertex -10 -25.9103 3.24921
    endloop
  endfacet
  facet normal -1 0 0
    outer loop
      vertex -10 -22.4951 7.15698
      vertex -10 -25.9103 10.7508
      vertex -10 -25.3936 11.462
    endloop
  endfacet
  facet normal -1 0 0
    outer loop
      vertex -10 -22.2621 5.93555
      vertex -10 -26.3338 4.01954
      vertex -10 -26.6574 4.83688
    endloop
  endfacet
  facet normal -1 0 0
    outer loop
      vertex -10 -22.4951 7.15698
      vertex -10 -26.3338 9.98045
      vertex -10 -25.9103 10.7508
    endloop
  endfacet
  facet normal -1 0 0
    outer loop
      vertex -10 -22.3776 6.22746
      vertex -10 -26.6574 4.83688
      vertex -10 -26.876 5.68833
    endloop
  endfacet
  facet normal -1 0 0
    outer loop
      vertex -10 -22.4951 7.15698
      vertex -10 -26.6574 9.16312
      vertex -10 -26.3338 9.98045
    endloop
  endfacet
  facet normal -1 -0 0
    outer loop
      vertex -10 -22.4557 6.53155
      vertex -10 -26.876 5.68833
      vertex -10 -26.9862 6.56047
    endloop
  endfacet
  facet normal -1 0 0
    outer loop
      vertex -10 -22.4951 7.15698
      vertex -10 -26.876 8.31167
      vertex -10 -26.6574 9.16312
    endloop
  endfacet
  facet normal -1 -0 0
    outer loop
      vertex -10 -22.4951 6.84302
      vertex -10 -26.9862 6.56047
      vertex -10 -26.9862 7.43953
    endloop
  endfacet
  facet normal -1 0 0
    outer loop
      vertex -10 -22.4951 7.15698
      vertex -10 -26.9862 7.43953
      vertex -10 -26.876 8.31167
    endloop
  endfacet
  facet normal -1 0 0
    outer loop
      vertex -10 82.4951 6.84302
      vertex -10 86.9862 6.56047
      vertex -10 86.876 5.68833
    endloop
  endfacet
  facet normal -1 0 0
    outer loop
      vertex -10 86.9862 6.56047
      vertex -10 82.4951 6.84302
      vertex -10 86.9862 7.43953
    endloop
  endfacet
  facet normal -1 0 0
    outer loop
      vertex -10 82.4557 6.53155
      vertex -10 86.876 5.68833
      vertex -10 86.6574 4.83688
    endloop
  endfacet
  facet normal -1 0 0
    outer loop
      vertex -10 82.4951 7.15698
      vertex -10 86.9862 7.43953
      vertex -10 82.4951 6.84302
    endloop
  endfacet
  facet normal -1 0 0
    outer loop
      vertex -10 82.3776 6.22746
      vertex -10 86.6574 4.83688
      vertex -10 86.3338 4.01954
    endloop
  endfacet
  facet normal -1 -0 0
    outer loop
      vertex -10 86.9862 7.43953
      vertex -10 82.4951 7.15698
      vertex -10 86.876 8.31167
    endloop
  endfacet
  facet normal -1 0 0
    outer loop
      vertex -10 82.2621 5.93555
      vertex -10 86.3338 4.01954
      vertex -10 85.9103 3.24921
    endloop
  endfacet
  facet normal -1 0 0
    outer loop
      vertex -10 82.4557 7.46845
      vertex -10 86.876 8.31167
      vertex -10 82.4951 7.15698
    endloop
  endfacet
  facet normal -1 0 0
    outer loop
      vertex -10 82.3776 7.77254
      vertex -10 86.6574 9.16312
      vertex -10 82.4557 7.46845
    endloop
  endfacet
  facet normal -1 -0 0
    outer loop
      vertex -10 86.6574 9.16312
      vertex -10 82.3776 7.77254
      vertex -10 86.3338 9.98045
    endloop
  endfacet
  facet normal -1 -0 0
    outer loop
      vertex -10 86.3338 9.98045
      vertex -10 82.2621 8.06445
      vertex -10 85.9103 10.7508
    endloop
  endfacet
  facet normal -1 0 0
    outer loop
      vertex -10 82.1108 8.33957
      vertex -10 85.9103 10.7508
      vertex -10 82.2621 8.06445
    endloop
  endfacet
  facet normal -1 0 0
    outer loop
      vertex -10 81.9263 8.59356
      vertex -10 85.3936 11.462
      vertex -10 82.1108 8.33957
    endloop
  endfacet
  facet normal -1 -0 0
    outer loop
      vertex -10 86.876 8.31167
      vertex -10 82.4557 7.46845
      vertex -10 86.6574 9.16312
    endloop
  endfacet
  facet normal -1 0 0
    outer loop
      vertex -10 86.876 5.68833
      vertex -10 82.4557 6.53155
      vertex -10 82.4951 6.84302
    endloop
  endfacet
  facet normal -1 0 0
    outer loop
      vertex -10 86.6574 4.83688
      vertex -10 82.3776 6.22746
      vertex -10 82.4557 6.53155
    endloop
  endfacet
  facet normal -1 0 0
    outer loop
      vertex -10 86.3338 4.01954
      vertex -10 82.2621 5.93555
      vertex -10 82.3776 6.22746
    endloop
  endfacet
  facet normal -1 0 0
    outer loop
      vertex -10 85.9103 3.24921
      vertex -10 82.1108 5.66043
      vertex -10 82.2621 5.93555
    endloop
  endfacet
  facet normal -1 0 0
    outer loop
      vertex -10 85.9103 3.24921
      vertex -10 81.9263 5.40644
      vertex -10 82.1108 5.66043
    endloop
  endfacet
  facet normal -1 0 0
    outer loop
      vertex -10 85.9103 3.24921
      vertex -10 81.7114 5.17758
      vertex -10 81.9263 5.40644
    endloop
  endfacet
  facet normal -1 0 0
    outer loop
      vertex -10 85.9103 3.24921
      vertex -10 81.4695 4.97746
      vertex -10 81.7114 5.17758
    endloop
  endfacet
  facet normal -1 0 0
    outer loop
      vertex -10 85.9103 3.24921
      vertex -10 81.2044 4.80923
      vertex -10 81.4695 4.97746
    endloop
  endfacet
  facet normal -1 0 0
    outer loop
      vertex -10 80 3.24921
      vertex -10 81.2044 4.80923
      vertex -10 85.9103 3.24921
    endloop
  endfacet
  facet normal -1 0 0
    outer loop
      vertex -10 81.2044 4.80923
      vertex -10 80 3.24921
      vertex -10 80.9203 4.67556
    endloop
  endfacet
  facet normal -1 0 0
    outer loop
      vertex -10 80.9203 4.67556
      vertex -10 80 3.24921
      vertex -10 80.6217 4.57854
    endloop
  endfacet
  facet normal -1 0 0
    outer loop
      vertex -10 80.6217 4.57854
      vertex -10 80 3.24921
      vertex -10 80.3133 4.51971
    endloop
  endfacet
  facet normal -1 0 0
    outer loop
      vertex -10 80.3133 4.51971
      vertex -10 80 3.24921
      vertex -10 80 4.5
    endloop
  endfacet
  facet normal -1 0 0
    outer loop
      vertex -10 82.2621 8.06445
      vertex -10 86.3338 9.98045
      vertex -10 82.3776 7.77254
    endloop
  endfacet
  facet normal -1 -0 0
    outer loop
      vertex -10 85.9103 10.7508
      vertex -10 82.1108 8.33957
      vertex -10 85.3936 11.462
    endloop
  endfacet
  facet normal -1 -0 0
    outer loop
      vertex -10 85.3936 11.462
      vertex -10 81.9263 8.59356
      vertex -10 84.7918 12.1028
    endloop
  endfacet
  facet normal -1 0 0
    outer loop
      vertex -10 81.7114 8.82242
      vertex -10 84.7918 12.1028
      vertex -10 81.9263 8.59356
    endloop
  endfacet
  facet normal -1 -0 0
    outer loop
      vertex -10 84.7918 12.1028
      vertex -10 81.7114 8.82242
      vertex -10 84.1145 12.6631
    endloop
  endfacet
  facet normal -1 0 0
    outer loop
      vertex -10 81.4695 9.02254
      vertex -10 84.1145 12.6631
      vertex -10 81.7114 8.82242
    endloop
  endfacet
  facet normal -1 -0 0
    outer loop
      vertex -10 84.1145 12.6631
      vertex -10 81.4695 9.02254
      vertex -10 83.3723 13.1341
    endloop
  endfacet
  facet normal -1 0 0
    outer loop
      vertex -10 81.2044 9.19077
      vertex -10 83.3723 13.1341
      vertex -10 81.4695 9.02254
    endloop
  endfacet
  facet normal -1 -0 0
    outer loop
      vertex -10 83.3723 13.1341
      vertex -10 81.2044 9.19077
      vertex -10 82.5769 13.5084
    endloop
  endfacet
  facet normal -1 0 0
    outer loop
      vertex -10 80.9203 9.32444
      vertex -10 82.5769 13.5084
      vertex -10 81.2044 9.19077
    endloop
  endfacet
  facet normal -1 -0 0
    outer loop
      vertex -10 82.5769 13.5084
      vertex -10 80.9203 9.32444
      vertex -10 81.7408 13.7801
    endloop
  endfacet
  facet normal -1 0 0
    outer loop
      vertex -10 80.6217 9.42146
      vertex -10 81.7408 13.7801
      vertex -10 80.9203 9.32444
    endloop
  endfacet
  facet normal -1 -0 0
    outer loop
      vertex -10 81.7408 13.7801
      vertex -10 80.6217 9.42146
      vertex -10 80.8773 13.9448
    endloop
  endfacet
  facet normal -1 0 0
    outer loop
      vertex -10 80.3133 9.48029
      vertex -10 80.8773 13.9448
      vertex -10 80.6217 9.42146
    endloop
  endfacet
  facet normal -1 0 0
    outer loop
      vertex -10 80 9.5
      vertex -10 80.8773 13.9448
      vertex -10 80.3133 9.48029
    endloop
  endfacet
  facet normal -1 0 0
    outer loop
      vertex -10 80 9.5
      vertex -10 80 14
      vertex -10 80.8773 13.9448
    endloop
  endfacet
  facet normal -1 0 0
    outer loop
      vertex -10 79.6867 9.48029
      vertex -10 80 14
      vertex -10 80 9.5
    endloop
  endfacet
  facet normal -1 0 0
    outer loop
      vertex -10 79.3783 9.42146
      vertex -10 80 14
      vertex -10 79.6867 9.48029
    endloop
  endfacet
  facet normal -1 0 0
    outer loop
      vertex -10 79.0797 9.32444
      vertex -10 80 14
      vertex -10 79.3783 9.42146
    endloop
  endfacet
  facet normal -1 0 0
    outer loop
      vertex -10 78.7956 9.19077
      vertex -10 80 14
      vertex -10 79.0797 9.32444
    endloop
  endfacet
  facet normal -1 0 0
    outer loop
      vertex -10 75 14
      vertex -10 78.7956 9.19077
      vertex -10 78.5305 9.02254
    endloop
  endfacet
  facet normal -1 0 0
    outer loop
      vertex -10 75 14
      vertex -10 78.5305 9.02254
      vertex -10 78.2886 8.82242
    endloop
  endfacet
  facet normal -1 0 0
    outer loop
      vertex -10 75 14
      vertex -10 78.2886 8.82242
      vertex -10 78.0737 8.59356
    endloop
  endfacet
  facet normal -1 0 0
    outer loop
      vertex -10 75 14
      vertex -10 78.0737 8.59356
      vertex -10 77.8892 8.33957
    endloop
  endfacet
  facet normal -1 0 0
    outer loop
      vertex -10 75 14
      vertex -10 77.8892 8.33957
      vertex -10 77.7379 8.06445
    endloop
  endfacet
  facet normal -1 0 0
    outer loop
      vertex -10 75 14
      vertex -10 77.7379 8.06445
      vertex -10 77.6224 7.77254
    endloop
  endfacet
  facet normal -1 0 0
    outer loop
      vertex -10 78.7956 9.19077
      vertex -10 75 14
      vertex -10 80 14
    endloop
  endfacet
  facet normal -1 0 0
    outer loop
      vertex -10 77.5443 7.46845
      vertex -10 75 14
      vertex -10 77.6224 7.77254
    endloop
  endfacet
  facet normal -1 0 0
    outer loop
      vertex -10 75 14
      vertex -10 77.5443 7.46845
      vertex -10 77.5049 7.15698
    endloop
  endfacet
  facet normal -1 -0 0
    outer loop
      vertex -10 75 35
      vertex -10 -15 14
      vertex -10 -15 35
    endloop
  endfacet
  facet normal -1 0 0
    outer loop
      vertex -10 -17.5049 7.15698
      vertex -10 -15 14
      vertex -10 -17.5049 6.84302
    endloop
  endfacet
  facet normal -1 0 0
    outer loop
      vertex -10 -17.5443 7.46845
      vertex -10 -15 14
      vertex -10 -17.5049 7.15698
    endloop
  endfacet
  facet normal -1 0 0
    outer loop
      vertex -10 -17.6224 7.77254
      vertex -10 -15 14
      vertex -10 -17.5443 7.46845
    endloop
  endfacet
  facet normal -1 0 0
    outer loop
      vertex -10 -17.7379 8.06445
      vertex -10 -15 14
      vertex -10 -17.6224 7.77254
    endloop
  endfacet
  facet normal -1 0 0
    outer loop
      vertex -10 -17.8892 8.33957
      vertex -10 -15 14
      vertex -10 -17.7379 8.06445
    endloop
  endfacet
  facet normal -1 0 0
    outer loop
      vertex -10 -18.0737 8.59356
      vertex -10 -15 14
      vertex -10 -17.8892 8.33957
    endloop
  endfacet
  facet normal -1 0 0
    outer loop
      vertex -10 -18.2886 8.82242
      vertex -10 -15 14
      vertex -10 -18.0737 8.59356
    endloop
  endfacet
  facet normal -1 0 0
    outer loop
      vertex -10 -18.5305 9.02254
      vertex -10 -15 14
      vertex -10 -18.2886 8.82242
    endloop
  endfacet
  facet normal -1 0 0
    outer loop
      vertex -10 -18.7956 9.19077
      vertex -10 -15 14
      vertex -10 -18.5305 9.02254
    endloop
  endfacet
  facet normal -1 0 0
    outer loop
      vertex -10 -20 14
      vertex -10 -18.7956 9.19077
      vertex -10 -19.0797 9.32444
    endloop
  endfacet
  facet normal -1 0 0
    outer loop
      vertex -10 -20 14
      vertex -10 -19.0797 9.32444
      vertex -10 -19.3783 9.42146
    endloop
  endfacet
  facet normal -1 0 0
    outer loop
      vertex -10 -20 14
      vertex -10 -19.3783 9.42146
      vertex -10 -19.6867 9.48029
    endloop
  endfacet
  facet normal -1 0 0
    outer loop
      vertex -10 -20 14
      vertex -10 -19.6867 9.48029
      vertex -10 -20 9.5
    endloop
  endfacet
  facet normal -1 0 0
    outer loop
      vertex -10 -18.7956 9.19077
      vertex -10 -20 14
      vertex -10 -15 14
    endloop
  endfacet
  facet normal -1 0 0
    outer loop
      vertex -10 -20.3133 9.48029
      vertex -10 -20 14
      vertex -10 -20 9.5
    endloop
  endfacet
  facet normal -1 0 0
    outer loop
      vertex -10 -20.8773 13.9448
      vertex -10 -20.3133 9.48029
      vertex -10 -20.6217 9.42146
    endloop
  endfacet
  facet normal -1 0 0
    outer loop
      vertex -10 -20.3133 9.48029
      vertex -10 -20.8773 13.9448
      vertex -10 -20 14
    endloop
  endfacet
  facet normal -1 0 0
    outer loop
      vertex -10 -21.7408 13.7801
      vertex -10 -20.6217 9.42146
      vertex -10 -20.9203 9.32444
    endloop
  endfacet
  facet normal -1 0 0
    outer loop
      vertex -10 -22.5769 13.5084
      vertex -10 -20.9203 9.32444
      vertex -10 -21.2044 9.19077
    endloop
  endfacet
  facet normal -1 0 0
    outer loop
      vertex -10 -22.5769 13.5084
      vertex -10 -21.2044 9.19077
      vertex -10 -21.4695 9.02254
    endloop
  endfacet
  facet normal -1 0 0
    outer loop
      vertex -10 -22.5769 13.5084
      vertex -10 -21.4695 9.02254
      vertex -10 -21.7114 8.82242
    endloop
  endfacet
  facet normal -1 0 0
    outer loop
      vertex -10 -20.6217 9.42146
      vertex -10 -21.7408 13.7801
      vertex -10 -20.8773 13.9448
    endloop
  endfacet
  facet normal -1 0 0
    outer loop
      vertex -10 -22.5769 13.5084
      vertex -10 -21.7114 8.82242
      vertex -10 -21.9263 8.59356
    endloop
  endfacet
  facet normal -1 0 0
    outer loop
      vertex -10 -22.5769 13.5084
      vertex -10 -21.9263 8.59356
      vertex -10 -22.1108 8.33957
    endloop
  endfacet
  facet normal -1 0 0
    outer loop
      vertex -10 -22.5769 13.5084
      vertex -10 -22.1108 8.33957
      vertex -10 -22.2621 8.06445
    endloop
  endfacet
  facet normal -1 0 0
    outer loop
      vertex -10 -22.5769 13.5084
      vertex -10 -22.2621 8.06445
      vertex -10 -22.3776 7.77254
    endloop
  endfacet
  facet normal -1 0 0
    outer loop
      vertex -10 -22.5769 13.5084
      vertex -10 -22.3776 7.77254
      vertex -10 -22.4557 7.46845
    endloop
  endfacet
  facet normal -1 0 0
    outer loop
      vertex -10 -22.5769 13.5084
      vertex -10 -22.4557 7.46845
      vertex -10 -22.4951 7.15698
    endloop
  endfacet
  facet normal -1 0 0
    outer loop
      vertex -10 -20.9203 9.32444
      vertex -10 -22.5769 13.5084
      vertex -10 -21.7408 13.7801
    endloop
  endfacet
  facet normal 0 0 1
    outer loop
      vertex 70 45 5
      vertex 65 30 5
      vertex 70 15 5
    endloop
  endfacet
  facet normal 0 0 1
    outer loop
      vertex 70 45 5
      vertex 64.8817 31.88 5
      vertex 65 30 5
    endloop
  endfacet
  facet normal 0 0 1
    outer loop
      vertex 70 45 5
      vertex 64.5287 33.7303 5
      vertex 64.8817 31.88 5
    endloop
  endfacet
  facet normal 0 0 1
    outer loop
      vertex 70 45 5
      vertex 63.9466 35.5219 5
      vertex 64.5287 33.7303 5
    endloop
  endfacet
  facet normal 0 0 1
    outer loop
      vertex 70 45 5
      vertex 63.1446 37.2263 5
      vertex 63.9466 35.5219 5
    endloop
  endfacet
  facet normal 0 0 1
    outer loop
      vertex 70 45 5
      vertex 62.1353 38.8168 5
      vertex 63.1446 37.2263 5
    endloop
  endfacet
  facet normal 0 0 1
    outer loop
      vertex 70 45 5
      vertex 60.9345 40.2682 5
      vertex 62.1353 38.8168 5
    endloop
  endfacet
  facet normal 0 0 1
    outer loop
      vertex 70 45 5
      vertex 59.5614 41.5577 5
      vertex 60.9345 40.2682 5
    endloop
  endfacet
  facet normal 0 0 1
    outer loop
      vertex 70 45 5
      vertex 58.0374 42.6649 5
      vertex 59.5614 41.5577 5
    endloop
  endfacet
  facet normal 0 0 1
    outer loop
      vertex 70 45 5
      vertex 56.3867 43.5724 5
      vertex 58.0374 42.6649 5
    endloop
  endfacet
  facet normal 0 0 1
    outer loop
      vertex 70 45 5
      vertex 54.6353 44.2658 5
      vertex 56.3867 43.5724 5
    endloop
  endfacet
  facet normal 0 0 1
    outer loop
      vertex 70 45 5
      vertex 52.8107 44.7343 5
      vertex 54.6353 44.2658 5
    endloop
  endfacet
  facet normal 0 0 1
    outer loop
      vertex 70 45 5
      vertex 50.9419 44.9704 5
      vertex 52.8107 44.7343 5
    endloop
  endfacet
  facet normal 0 0 1
    outer loop
      vertex 70 45 5
      vertex 49.0581 44.9704 5
      vertex 50.9419 44.9704 5
    endloop
  endfacet
  facet normal 0 0 1
    outer loop
      vertex 35.1183 31.88 5
      vertex 10 45 5
      vertex 35 30 5
    endloop
  endfacet
  facet normal 0 0 1
    outer loop
      vertex 35.4713 33.7303 5
      vertex 10 45 5
      vertex 35.1183 31.88 5
    endloop
  endfacet
  facet normal 0 0 1
    outer loop
      vertex 36.0534 35.5219 5
      vertex 10 45 5
      vertex 35.4713 33.7303 5
    endloop
  endfacet
  facet normal 0 0 1
    outer loop
      vertex 36.8554 37.2263 5
      vertex 10 45 5
      vertex 36.0534 35.5219 5
    endloop
  endfacet
  facet normal 0 0 1
    outer loop
      vertex 37.8647 38.8168 5
      vertex 10 45 5
      vertex 36.8554 37.2263 5
    endloop
  endfacet
  facet normal 0 0 1
    outer loop
      vertex 39.0655 40.2682 5
      vertex 10 45 5
      vertex 37.8647 38.8168 5
    endloop
  endfacet
  facet normal 0 0 1
    outer loop
      vertex 40.4386 41.5577 5
      vertex 10 45 5
      vertex 39.0655 40.2682 5
    endloop
  endfacet
  facet normal 0 0 1
    outer loop
      vertex 41.9626 42.6649 5
      vertex 10 45 5
      vertex 40.4386 41.5577 5
    endloop
  endfacet
  facet normal 0 0 1
    outer loop
      vertex 43.6133 43.5724 5
      vertex 10 45 5
      vertex 41.9626 42.6649 5
    endloop
  endfacet
  facet normal 0 0 1
    outer loop
      vertex 45.3647 44.2658 5
      vertex 10 45 5
      vertex 43.6133 43.5724 5
    endloop
  endfacet
  facet normal 0 0 1
    outer loop
      vertex 47.1893 44.7343 5
      vertex 10 45 5
      vertex 45.3647 44.2658 5
    endloop
  endfacet
  facet normal 0 0 1
    outer loop
      vertex 49.0581 44.9704 5
      vertex 10 45 5
      vertex 47.1893 44.7343 5
    endloop
  endfacet
  facet normal -0 0 1
    outer loop
      vertex 10 45 5
      vertex 49.0581 44.9704 5
      vertex 70 45 5
    endloop
  endfacet
  facet normal -0 0 1
    outer loop
      vertex 64.8817 28.12 5
      vertex 70 15 5
      vertex 65 30 5
    endloop
  endfacet
  facet normal -0 0 1
    outer loop
      vertex 64.5287 26.2697 5
      vertex 70 15 5
      vertex 64.8817 28.12 5
    endloop
  endfacet
  facet normal -0 0 1
    outer loop
      vertex 63.9466 24.4781 5
      vertex 70 15 5
      vertex 64.5287 26.2697 5
    endloop
  endfacet
  facet normal -0 0 1
    outer loop
      vertex 63.1446 22.7737 5
      vertex 70 15 5
      vertex 63.9466 24.4781 5
    endloop
  endfacet
  facet normal -0 0 1
    outer loop
      vertex 62.1353 21.1832 5
      vertex 70 15 5
      vertex 63.1446 22.7737 5
    endloop
  endfacet
  facet normal -0 0 1
    outer loop
      vertex 60.9345 19.7318 5
      vertex 70 15 5
      vertex 62.1353 21.1832 5
    endloop
  endfacet
  facet normal -0 0 1
    outer loop
      vertex 59.5614 18.4423 5
      vertex 70 15 5
      vertex 60.9345 19.7318 5
    endloop
  endfacet
  facet normal -0 0 1
    outer loop
      vertex 58.0374 17.3351 5
      vertex 70 15 5
      vertex 59.5614 18.4423 5
    endloop
  endfacet
  facet normal -0 0 1
    outer loop
      vertex 56.3867 16.4276 5
      vertex 70 15 5
      vertex 58.0374 17.3351 5
    endloop
  endfacet
  facet normal -0 0 1
    outer loop
      vertex 54.6353 15.7342 5
      vertex 70 15 5
      vertex 56.3867 16.4276 5
    endloop
  endfacet
  facet normal -0 0 1
    outer loop
      vertex 52.8107 15.2657 5
      vertex 70 15 5
      vertex 54.6353 15.7342 5
    endloop
  endfacet
  facet normal -0 0 1
    outer loop
      vertex 50.9419 15.0296 5
      vertex 70 15 5
      vertex 52.8107 15.2657 5
    endloop
  endfacet
  facet normal -0 0 1
    outer loop
      vertex 49.0581 15.0296 5
      vertex 70 15 5
      vertex 50.9419 15.0296 5
    endloop
  endfacet
  facet normal 0 0 1
    outer loop
      vertex 10 15 5
      vertex 35 30 5
      vertex 10 45 5
    endloop
  endfacet
  facet normal 0 0 1
    outer loop
      vertex 35 30 5
      vertex 10 15 5
      vertex 35.1183 28.12 5
    endloop
  endfacet
  facet normal 0 0 1
    outer loop
      vertex 35.1183 28.12 5
      vertex 10 15 5
      vertex 35.4713 26.2697 5
    endloop
  endfacet
  facet normal 0 0 1
    outer loop
      vertex 35.4713 26.2697 5
      vertex 10 15 5
      vertex 36.0534 24.4781 5
    endloop
  endfacet
  facet normal 0 0 1
    outer loop
      vertex 36.0534 24.4781 5
      vertex 10 15 5
      vertex 36.8554 22.7737 5
    endloop
  endfacet
  facet normal 0 0 1
    outer loop
      vertex 36.8554 22.7737 5
      vertex 10 15 5
      vertex 37.8647 21.1832 5
    endloop
  endfacet
  facet normal 0 0 1
    outer loop
      vertex 37.8647 21.1832 5
      vertex 10 15 5
      vertex 39.0655 19.7318 5
    endloop
  endfacet
  facet normal 0 0 1
    outer loop
      vertex 49.0581 15.0296 5
      vertex 10 15 5
      vertex 70 15 5
    endloop
  endfacet
  facet normal 0 0 1
    outer loop
      vertex 47.1893 15.2657 5
      vertex 10 15 5
      vertex 49.0581 15.0296 5
    endloop
  endfacet
  facet normal 0 0 1
    outer loop
      vertex 45.3647 15.7342 5
      vertex 10 15 5
      vertex 47.1893 15.2657 5
    endloop
  endfacet
  facet normal 0 0 1
    outer loop
      vertex 43.6133 16.4276 5
      vertex 10 15 5
      vertex 45.3647 15.7342 5
    endloop
  endfacet
  facet normal 0 0 1
    outer loop
      vertex 41.9626 17.3351 5
      vertex 10 15 5
      vertex 43.6133 16.4276 5
    endloop
  endfacet
  facet normal 0 0 1
    outer loop
      vertex 40.4386 18.4423 5
      vertex 10 15 5
      vertex 41.9626 17.3351 5
    endloop
  endfacet
  facet normal 0 0 1
    outer loop
      vertex 39.0655 19.7318 5
      vertex 10 15 5
      vertex 40.4386 18.4423 5
    endloop
  endfacet
  facet normal 0 0 1
    outer loop
      vertex 10 75 5
      vertex 10 50 5
      vertex 70 50 5
    endloop
  endfacet
  facet normal -0 0 1
    outer loop
      vertex 10 10 5
      vertex 10 -15 5
      vertex 70 10 5
    endloop
  endfacet
  facet normal 1 -0 0
    outer loop
      vertex 70 45 5
      vertex 70 50 0.5
      vertex 70 50 5
    endloop
  endfacet
  facet normal 1 -0 0
    outer loop
      vertex 70 15 5
      vertex 70 50 0.5
      vertex 70 45 5
    endloop
  endfacet
  facet normal 1 0 0
    outer loop
      vertex 70 10 0.5
      vertex 70 15 5
      vertex 70 10 5
    endloop
  endfacet
  facet normal 1 0 0
    outer loop
      vertex 70 15 5
      vertex 70 10 0.5
      vertex 70 50 0.5
    endloop
  endfacet
  facet normal 0 1 0
    outer loop
      vertex 10 75 35
      vertex 0 75 26.6
      vertex -10 75 35
    endloop
  endfacet
  facet normal 0 1 0
    outer loop
      vertex 10 75 35
      vertex 0.250295 75 26.5803
      vertex 0 75 26.6
    endloop
  endfacet
  facet normal 0 1 0
    outer loop
      vertex 10 75 35
      vertex 0.494427 75 26.5217
      vertex 0.250295 75 26.5803
    endloop
  endfacet
  facet normal 0 1 0
    outer loop
      vertex 10 75 35
      vertex 0.726384 75 26.4256
      vertex 0.494427 75 26.5217
    endloop
  endfacet
  facet normal 0 1 0
    outer loop
      vertex 10 75 35
      vertex 0.940456 75 26.2944
      vertex 0.726384 75 26.4256
    endloop
  endfacet
  facet normal 0 1 0
    outer loop
      vertex 10 75 35
      vertex 1.13137 75 26.1314
      vertex 0.940456 75 26.2944
    endloop
  endfacet
  facet normal 0 1 0
    outer loop
      vertex 10 75 35
      vertex 1.29443 75 25.9405
      vertex 1.13137 75 26.1314
    endloop
  endfacet
  facet normal 0 1 0
    outer loop
      vertex 10 75 35
      vertex 1.42561 75 25.7264
      vertex 1.29443 75 25.9405
    endloop
  endfacet
  facet normal 0 1 0
    outer loop
      vertex 10 75 35
      vertex 1.52169 75 25.4944
      vertex 1.42561 75 25.7264
    endloop
  endfacet
  facet normal 0 1 0
    outer loop
      vertex 10 75 35
      vertex 1.5803 75 25.2503
      vertex 1.52169 75 25.4944
    endloop
  endfacet
  facet normal 0 1 0
    outer loop
      vertex 10 75 35
      vertex 1.6 75 25
      vertex 1.5803 75 25.2503
    endloop
  endfacet
  facet normal 0 1 0
    outer loop
      vertex 10 75 35
      vertex 1.5803 75 24.7497
      vertex 1.6 75 25
    endloop
  endfacet
  facet normal 0 1 0
    outer loop
      vertex 10 75 35
      vertex 1.52169 75 24.5056
      vertex 1.5803 75 24.7497
    endloop
  endfacet
  facet normal 0 1 -0
    outer loop
      vertex 10 75 5
      vertex 1.52169 75 24.5056
      vertex 10 75 35
    endloop
  endfacet
  facet normal 0 1 0
    outer loop
      vertex 1.52169 75 24.5056
      vertex 10 75 5
      vertex 1.42561 75 24.2736
    endloop
  endfacet
  facet normal 0 1 0
    outer loop
      vertex 0.250295 75 23.4197
      vertex -5 75 14
      vertex 0 75 23.4
    endloop
  endfacet
  facet normal 0 1 0
    outer loop
      vertex 0.494427 75 23.4783
      vertex -5 75 14
      vertex 0.250295 75 23.4197
    endloop
  endfacet
  facet normal 0 1 0
    outer loop
      vertex 0.726384 75 23.5744
      vertex -5 75 14
      vertex 0.494427 75 23.4783
    endloop
  endfacet
  facet normal 0 1 0
    outer loop
      vertex 10 75 5
      vertex 0.726384 75 23.5744
      vertex 0.940456 75 23.7056
    endloop
  endfacet
  facet normal 0 1 0
    outer loop
      vertex 10 75 5
      vertex 0.940456 75 23.7056
      vertex 1.13137 75 23.8686
    endloop
  endfacet
  facet normal 0 1 0
    outer loop
      vertex 10 75 5
      vertex 1.13137 75 23.8686
      vertex 1.29443 75 24.0595
    endloop
  endfacet
  facet normal 0 1 0
    outer loop
      vertex 1.42561 75 24.2736
      vertex 10 75 5
      vertex 1.29443 75 24.0595
    endloop
  endfacet
  facet normal 0 1 0
    outer loop
      vertex 0.726384 75 23.5744
      vertex 10 75 5
      vertex -5 75 14
    endloop
  endfacet
  facet normal 0 1 0
    outer loop
      vertex -5 75 14
      vertex 10 75 5
      vertex -5 75 11.8811
    endloop
  endfacet
  facet normal 0 1 0
    outer loop
      vertex -5 75 11.8811
      vertex 10 75 5
      vertex -5 75 11.292
    endloop
  endfacet
  facet normal 0 1 0
    outer loop
      vertex -5 75 11.292
      vertex 10 75 5
      vertex -5 75 9.93782
    endloop
  endfacet
  facet normal 0 1 0
    outer loop
      vertex -5 75 9.93782
      vertex 10 75 5
      vertex -5 75 9.02299
    endloop
  endfacet
  facet normal 0 1 0
    outer loop
      vertex -5 75 9.02299
      vertex 10 75 5
      vertex -5 75 8.35903
    endloop
  endfacet
  facet normal 0 1 0
    outer loop
      vertex -5 75 8.35903
      vertex 10 75 5
      vertex -5 75 7.85167
    endloop
  endfacet
  facet normal 0 1 0
    outer loop
      vertex -5 75 7.85167
      vertex 10 75 5
      vertex -5 75 7.44852
    endloop
  endfacet
  facet normal 0 1 0
    outer loop
      vertex -5 75 7.44852
      vertex 10 75 5
      vertex -5 75 7.11809
    endloop
  endfacet
  facet normal 0 1 0
    outer loop
      vertex 10 75 5
      vertex -5 75 4.83688
      vertex -5 75 7.11809
    endloop
  endfacet
  facet normal 0 1 0
    outer loop
      vertex 10 75 5
      vertex -5 75 2.1189
      vertex -5 75 4.83688
    endloop
  endfacet
  facet normal 0 1 -0
    outer loop
      vertex 10 75 0
      vertex -5 75 2.1189
      vertex 10 75 5
    endloop
  endfacet
  facet normal 0 1 0
    outer loop
      vertex -5 75 0
      vertex -5 75 2.1189
      vertex 10 75 0
    endloop
  endfacet
  facet normal 0 1 -0
    outer loop
      vertex -0.250295 75 26.5803
      vertex -10 75 35
      vertex 0 75 26.6
    endloop
  endfacet
  facet normal 0 1 -0
    outer loop
      vertex -0.494427 75 26.5217
      vertex -10 75 35
      vertex -0.250295 75 26.5803
    endloop
  endfacet
  facet normal 0 1 -0
    outer loop
      vertex -0.726384 75 26.4256
      vertex -10 75 35
      vertex -0.494427 75 26.5217
    endloop
  endfacet
  facet normal 0 1 -0
    outer loop
      vertex -0.940456 75 26.2944
      vertex -10 75 35
      vertex -0.726384 75 26.4256
    endloop
  endfacet
  facet normal 0 1 -0
    outer loop
      vertex -1.13137 75 26.1314
      vertex -10 75 35
      vertex -0.940456 75 26.2944
    endloop
  endfacet
  facet normal 0 1 -0
    outer loop
      vertex -1.29443 75 25.9405
      vertex -10 75 35
      vertex -1.13137 75 26.1314
    endloop
  endfacet
  facet normal 0 1 -0
    outer loop
      vertex -1.42561 75 25.7264
      vertex -10 75 35
      vertex -1.29443 75 25.9405
    endloop
  endfacet
  facet normal 0 1 -0
    outer loop
      vertex -1.52169 75 25.4944
      vertex -10 75 35
      vertex -1.42561 75 25.7264
    endloop
  endfacet
  facet normal 0 1 -0
    outer loop
      vertex -1.5803 75 25.2503
      vertex -10 75 35
      vertex -1.52169 75 25.4944
    endloop
  endfacet
  facet normal 0 1 -0
    outer loop
      vertex -1.6 75 25
      vertex -10 75 35
      vertex -1.5803 75 25.2503
    endloop
  endfacet
  facet normal 0 1 0
    outer loop
      vertex -10 75 14
      vertex -1.6 75 25
      vertex -1.5803 75 24.7497
    endloop
  endfacet
  facet normal 0 1 0
    outer loop
      vertex -10 75 14
      vertex -1.5803 75 24.7497
      vertex -1.52169 75 24.5056
    endloop
  endfacet
  facet normal 0 1 0
    outer loop
      vertex -10 75 14
      vertex -1.52169 75 24.5056
      vertex -1.42561 75 24.2736
    endloop
  endfacet
  facet normal 0 1 0
    outer loop
      vertex -5 75 14
      vertex -1.42561 75 24.2736
      vertex -1.29443 75 24.0595
    endloop
  endfacet
  facet normal 0 1 0
    outer loop
      vertex -5 75 14
      vertex -0.250295 75 23.4197
      vertex 0 75 23.4
    endloop
  endfacet
  facet normal 0 1 0
    outer loop
      vertex -5 75 14
      vertex -0.494427 75 23.4783
      vertex -0.250295 75 23.4197
    endloop
  endfacet
  facet normal 0 1 0
    outer loop
      vertex -5 75 14
      vertex -0.726384 75 23.5744
      vertex -0.494427 75 23.4783
    endloop
  endfacet
  facet normal 0 1 0
    outer loop
      vertex -5 75 14
      vertex -0.940456 75 23.7056
      vertex -0.726384 75 23.5744
    endloop
  endfacet
  facet normal 0 1 0
    outer loop
      vertex -5 75 14
      vertex -1.13137 75 23.8686
      vertex -0.940456 75 23.7056
    endloop
  endfacet
  facet normal 0 1 0
    outer loop
      vertex -5 75 14
      vertex -1.29443 75 24.0595
      vertex -1.13137 75 23.8686
    endloop
  endfacet
  facet normal 0 1 0
    outer loop
      vertex -1.42561 75 24.2736
      vertex -5 75 14
      vertex -10 75 14
    endloop
  endfacet
  facet normal 0 1 0
    outer loop
      vertex -1.6 75 25
      vertex -10 75 14
      vertex -10 75 35
    endloop
  endfacet
  facet normal 0 0 -1
    outer loop
      vertex -10 -20 0
      vertex -5 -15 0
      vertex -5 -20 0
    endloop
  endfacet
  facet normal -0 0 -1
    outer loop
      vertex -5 -15 0
      vertex -10 -20 0
      vertex -5 75 0
    endloop
  endfacet
  facet normal 0 0 -1
    outer loop
      vertex -5 75 0
      vertex -10 80 0
      vertex -5 80 0
    endloop
  endfacet
  facet normal 0 0 -1
    outer loop
      vertex -10 80 0
      vertex -5 75 0
      vertex -10 -20 0
    endloop
  endfacet
  facet normal -0 0 -1
    outer loop
      vertex 40.273 24.6525 0
      vertex 3.31697 2.40992 0
      vertex 39.6795 25.9138 0
    endloop
  endfacet
  facet normal 0 0 -1
    outer loop
      vertex 38.9 30 0
      vertex 4.06767 59.4861 0
      vertex 4.1 60 0
    endloop
  endfacet
  facet normal 0 0 -1
    outer loop
      vertex 2.50795 28.1779 0
      vertex 39.6795 25.9138 0
      vertex 3.31697 2.40992 0
    endloop
  endfacet
  facet normal 0 0 -1
    outer loop
      vertex 3.07555 30.3885 0
      vertex 38.9 30 0
      vertex 3.1 30 0
    endloop
  endfacet
  facet normal 0 -0 -1
    outer loop
      vertex 2.71655 28.5066 0
      vertex 39.6795 25.9138 0
      vertex 2.50795 28.1779 0
    endloop
  endfacet
  facet normal 0 0 -1
    outer loop
      vertex 3.00261 30.7709 0
      vertex 38.9 30 0
      vertex 3.07555 30.3885 0
    endloop
  endfacet
  facet normal 0 -0 -1
    outer loop
      vertex 2.88231 28.8588 0
      vertex 39.6795 25.9138 0
      vertex 2.71655 28.5066 0
    endloop
  endfacet
  facet normal 0 0 -1
    outer loop
      vertex 38.9 30 0
      vertex 3.97119 58.9804 0
      vertex 4.06767 59.4861 0
    endloop
  endfacet
  facet normal 0 0 -1
    outer loop
      vertex 39.6795 25.9138 0
      vertex 2.88231 28.8588 0
      vertex 39.2487 27.2395 0
    endloop
  endfacet
  facet normal 0 0 -1
    outer loop
      vertex 2.88231 31.1412 0
      vertex 38.9 30 0
      vertex 3.00261 30.7709 0
    endloop
  endfacet
  facet normal 0 0 -1
    outer loop
      vertex 38.9 30 0
      vertex 3.81208 58.4907 0
      vertex 3.97119 58.9804 0
    endloop
  endfacet
  facet normal -0 0 -1
    outer loop
      vertex 38.9 30 0
      vertex 3.07555 29.6115 0
      vertex 3.1 30 0
    endloop
  endfacet
  facet normal 0 0 -1
    outer loop
      vertex 38.9875 28.6088 0
      vertex 3.07555 29.6115 0
      vertex 38.9 30 0
    endloop
  endfacet
  facet normal 0 0 -1
    outer loop
      vertex 2.50795 28.1779 0
      vertex 3.31697 2.40992 0
      vertex 2.98877 2.80664 0
    endloop
  endfacet
  facet normal 0 -0 -1
    outer loop
      vertex 3.07555 29.6115 0
      vertex 38.9875 28.6088 0
      vertex 3.00261 29.2291 0
    endloop
  endfacet
  facet normal 0 0 -1
    outer loop
      vertex 39.2487 27.2395 0
      vertex 3.00261 29.2291 0
      vertex 38.9875 28.6088 0
    endloop
  endfacet
  facet normal 0 0 -1
    outer loop
      vertex 2.2598 27.8779 0
      vertex 2.98877 2.80664 0
      vertex 2.61344 3.1591 0
    endloop
  endfacet
  facet normal 0 -0 -1
    outer loop
      vertex 3.00261 29.2291 0
      vertex 39.2487 27.2395 0
      vertex 2.88231 28.8588 0
    endloop
  endfacet
  facet normal 0 0 -1
    outer loop
      vertex 2.98877 2.80664 0
      vertex 2.2598 27.8779 0
      vertex 2.50795 28.1779 0
    endloop
  endfacet
  facet normal 0 0 -1
    outer loop
      vertex 1.97601 27.6114 0
      vertex 2.61344 3.1591 0
      vertex 2.19689 3.46174 0
    endloop
  endfacet
  facet normal 0 0 -1
    outer loop
      vertex 2.61344 3.1591 0
      vertex 1.97601 27.6114 0
      vertex 2.2598 27.8779 0
    endloop
  endfacet
  facet normal 0 0 -1
    outer loop
      vertex 1.66106 27.3826 0
      vertex 2.19689 3.46174 0
      vertex 1.74569 3.70979 0
    endloop
  endfacet
  facet normal 0 0 -1
    outer loop
      vertex 2.19689 3.46174 0
      vertex 1.66106 27.3826 0
      vertex 1.97601 27.6114 0
    endloop
  endfacet
  facet normal 0 0 -1
    outer loop
      vertex 1.74569 3.70979 0
      vertex 1.31992 27.195 0
      vertex 1.66106 27.3826 0
    endloop
  endfacet
  facet normal 0 0 -1
    outer loop
      vertex 1.26697 3.89933 0
      vertex 1.31992 27.195 0
      vertex 1.74569 3.70979 0
    endloop
  endfacet
  facet normal 0 0 -1
    outer loop
      vertex 1.26697 3.89933 0
      vertex 0.957952 27.0517 0
      vertex 1.31992 27.195 0
    endloop
  endfacet
  facet normal 0 0 -1
    outer loop
      vertex 0.768263 4.02738 0
      vertex 0.957952 27.0517 0
      vertex 1.26697 3.89933 0
    endloop
  endfacet
  facet normal 0 0 -1
    outer loop
      vertex 0.768263 4.02738 0
      vertex 0.580882 26.9549 0
      vertex 0.957952 27.0517 0
    endloop
  endfacet
  facet normal 0 0 -1
    outer loop
      vertex 0.257441 4.09191 0
      vertex 0.580882 26.9549 0
      vertex 0.768263 4.02738 0
    endloop
  endfacet
  facet normal 0 0 -1
    outer loop
      vertex 0.257441 4.09191 0
      vertex 0.19465 26.9061 0
      vertex 0.580882 26.9549 0
    endloop
  endfacet
  facet normal 0 0 -1
    outer loop
      vertex 0.257441 4.09191 0
      vertex -0.19465 26.9061 0
      vertex 0.19465 26.9061 0
    endloop
  endfacet
  facet normal 0 0 -1
    outer loop
      vertex -0.257441 4.09191 0
      vertex -0.19465 26.9061 0
      vertex 0.257441 4.09191 0
    endloop
  endfacet
  facet normal 0 0 -1
    outer loop
      vertex -0.257441 4.09191 0
      vertex -0.580882 26.9549 0
      vertex -0.19465 26.9061 0
    endloop
  endfacet
  facet normal 0 0 -1
    outer loop
      vertex -0.768263 4.02738 0
      vertex -0.580882 26.9549 0
      vertex -0.257441 4.09191 0
    endloop
  endfacet
  facet normal 0 0 -1
    outer loop
      vertex -0.768263 4.02738 0
      vertex -0.957952 27.0517 0
      vertex -0.580882 26.9549 0
    endloop
  endfacet
  facet normal 0 0 -1
    outer loop
      vertex -1.26697 3.89933 0
      vertex -0.957952 27.0517 0
      vertex -0.768263 4.02738 0
    endloop
  endfacet
  facet normal 0 0 -1
    outer loop
      vertex -1.26697 3.89933 0
      vertex -1.31992 27.195 0
      vertex -0.957952 27.0517 0
    endloop
  endfacet
  facet normal 0 0 -1
    outer loop
      vertex -1.74569 3.70979 0
      vertex -1.31992 27.195 0
      vertex -1.26697 3.89933 0
    endloop
  endfacet
  facet normal -0 0 -1
    outer loop
      vertex -1.31992 27.195 0
      vertex -1.74569 3.70979 0
      vertex -1.66106 27.3826 0
    endloop
  endfacet
  facet normal 0 0 -1
    outer loop
      vertex -2.19689 3.46174 0
      vertex -1.66106 27.3826 0
      vertex -1.74569 3.70979 0
    endloop
  endfacet
  facet normal -0 0 -1
    outer loop
      vertex -1.66106 27.3826 0
      vertex -2.19689 3.46174 0
      vertex -1.97601 27.6114 0
    endloop
  endfacet
  facet normal 0 0 -1
    outer loop
      vertex -2.61344 3.1591 0
      vertex -1.97601 27.6114 0
      vertex -2.19689 3.46174 0
    endloop
  endfacet
  facet normal -0 0 -1
    outer loop
      vertex -1.97601 27.6114 0
      vertex -2.61344 3.1591 0
      vertex -2.2598 27.8779 0
    endloop
  endfacet
  facet normal 0 0 -1
    outer loop
      vertex -2.98877 2.80664 0
      vertex -2.2598 27.8779 0
      vertex -2.61344 3.1591 0
    endloop
  endfacet
  facet normal -0 0 -1
    outer loop
      vertex -2.2598 27.8779 0
      vertex -2.98877 2.80664 0
      vertex -2.50795 28.1779 0
    endloop
  endfacet
  facet normal 0 0 -1
    outer loop
      vertex -3.31697 2.40992 0
      vertex -2.50795 28.1779 0
      vertex -2.98877 2.80664 0
    endloop
  endfacet
  facet normal -0 0 -1
    outer loop
      vertex -2.50795 28.1779 0
      vertex -3.31697 2.40992 0
      vertex -2.71655 28.5066 0
    endloop
  endfacet
  facet normal 0 0 -1
    outer loop
      vertex -3.59286 1.97519 0
      vertex -2.71655 28.5066 0
      vertex -3.31697 2.40992 0
    endloop
  endfacet
  facet normal -0 0 -1
    outer loop
      vertex -2.71655 28.5066 0
      vertex -3.59286 1.97519 0
      vertex -2.88231 28.8588 0
    endloop
  endfacet
  facet normal 0 0 -1
    outer loop
      vertex -3.81208 1.50931 0
      vertex -2.88231 28.8588 0
      vertex -3.59286 1.97519 0
    endloop
  endfacet
  facet normal -0 0 -1
    outer loop
      vertex -2.88231 28.8588 0
      vertex -3.81208 1.50931 0
      vertex -3.00261 29.2291 0
    endloop
  endfacet
  facet normal 0 0 -1
    outer loop
      vertex 4.06767 60.5139 0
      vertex 32.1789 65.7588 0
      vertex 4.1 60 0
    endloop
  endfacet
  facet normal -0 0 -1
    outer loop
      vertex 32.1789 65.7588 0
      vertex 4.06767 60.5139 0
      vertex 10 75 0
    endloop
  endfacet
  facet normal 0 0 -1
    outer loop
      vertex 3.97119 61.0196 0
      vertex 10 75 0
      vertex 4.06767 60.5139 0
    endloop
  endfacet
  facet normal 0 0 -1
    outer loop
      vertex 3.81208 61.5093 0
      vertex 10 75 0
      vertex 3.97119 61.0196 0
    endloop
  endfacet
  facet normal 0 0 -1
    outer loop
      vertex 3.59286 61.9752 0
      vertex 10 75 0
      vertex 3.81208 61.5093 0
    endloop
  endfacet
  facet normal 0 0 -1
    outer loop
      vertex 3.31697 62.4099 0
      vertex 10 75 0
      vertex 3.59286 61.9752 0
    endloop
  endfacet
  facet normal 0 0 -1
    outer loop
      vertex 2.98877 62.8066 0
      vertex 10 75 0
      vertex 3.31697 62.4099 0
    endloop
  endfacet
  facet normal 0 0 -1
    outer loop
      vertex 2.61344 63.1591 0
      vertex 10 75 0
      vertex 2.98877 62.8066 0
    endloop
  endfacet
  facet normal 0 0 -1
    outer loop
      vertex 2.19689 63.4617 0
      vertex 10 75 0
      vertex 2.61344 63.1591 0
    endloop
  endfacet
  facet normal 0 0 -1
    outer loop
      vertex 1.74569 63.7098 0
      vertex 10 75 0
      vertex 2.19689 63.4617 0
    endloop
  endfacet
  facet normal 0 0 -1
    outer loop
      vertex 1.26697 63.8993 0
      vertex 10 75 0
      vertex 1.74569 63.7098 0
    endloop
  endfacet
  facet normal 0 0 -1
    outer loop
      vertex 0.768263 64.0274 0
      vertex 10 75 0
      vertex 1.26697 63.8993 0
    endloop
  endfacet
  facet normal 0 0 -1
    outer loop
      vertex -5 75 0
      vertex 0.768263 64.0274 0
      vertex 0.257441 64.0919 0
    endloop
  endfacet
  facet normal 0 0 -1
    outer loop
      vertex -5 75 0
      vertex 0.257441 64.0919 0
      vertex -0.257441 64.0919 0
    endloop
  endfacet
  facet normal 0 0 -1
    outer loop
      vertex -5 75 0
      vertex -0.257441 64.0919 0
      vertex -0.768263 64.0274 0
    endloop
  endfacet
  facet normal 0 0 -1
    outer loop
      vertex -5 75 0
      vertex -0.768263 64.0274 0
      vertex -1.26697 63.8993 0
    endloop
  endfacet
  facet normal 0 0 -1
    outer loop
      vertex -5 75 0
      vertex -1.26697 63.8993 0
      vertex -1.74569 63.7098 0
    endloop
  endfacet
  facet normal 0 0 -1
    outer loop
      vertex -5 75 0
      vertex -1.74569 63.7098 0
      vertex -2.19689 63.4617 0
    endloop
  endfacet
  facet normal 0 0 -1
    outer loop
      vertex -5 75 0
      vertex -2.19689 63.4617 0
      vertex -2.61344 63.1591 0
    endloop
  endfacet
  facet normal 0 0 -1
    outer loop
      vertex 0.768263 64.0274 0
      vertex -5 75 0
      vertex 10 75 0
    endloop
  endfacet
  facet normal 0 0 -1
    outer loop
      vertex -2.98877 62.8066 0
      vertex -5 75 0
      vertex -2.61344 63.1591 0
    endloop
  endfacet
  facet normal 0 0 -1
    outer loop
      vertex -3.31697 62.4099 0
      vertex -5 75 0
      vertex -2.98877 62.8066 0
    endloop
  endfacet
  facet normal 0 0 -1
    outer loop
      vertex -3.59286 61.9752 0
      vertex -5 75 0
      vertex -3.31697 62.4099 0
    endloop
  endfacet
  facet normal 0 0 -1
    outer loop
      vertex -3.81208 61.5093 0
      vertex -5 75 0
      vertex -3.59286 61.9752 0
    endloop
  endfacet
  facet normal 0 0 -1
    outer loop
      vertex -3.97119 61.0196 0
      vertex -5 75 0
      vertex -3.81208 61.5093 0
    endloop
  endfacet
  facet normal 0 0 -1
    outer loop
      vertex -4.06767 60.5139 0
      vertex -5 75 0
      vertex -3.97119 61.0196 0
    endloop
  endfacet
  facet normal 0 0 -1
    outer loop
      vertex -4.1 60 0
      vertex -5 75 0
      vertex -4.06767 60.5139 0
    endloop
  endfacet
  facet normal 0 0 -1
    outer loop
      vertex -5 75 0
      vertex -4.1 60 0
      vertex -5 -15 0
    endloop
  endfacet
  facet normal 0 0 -1
    outer loop
      vertex 2.71655 31.4934 0
      vertex 38.9 30 0
      vertex 2.88231 31.1412 0
    endloop
  endfacet
  facet normal 0 0 -1
    outer loop
      vertex 38.9 30 0
      vertex 3.59286 58.0248 0
      vertex 3.81208 58.4907 0
    endloop
  endfacet
  facet normal 0 0 -1
    outer loop
      vertex 2.50795 31.8221 0
      vertex 38.9 30 0
      vertex 2.71655 31.4934 0
    endloop
  endfacet
  facet normal 0 0 -1
    outer loop
      vertex 38.9 30 0
      vertex 3.31697 57.5901 0
      vertex 3.59286 58.0248 0
    endloop
  endfacet
  facet normal 0 0 -1
    outer loop
      vertex 38.9 30 0
      vertex 2.50795 31.8221 0
      vertex 3.31697 57.5901 0
    endloop
  endfacet
  facet normal 0 0 -1
    outer loop
      vertex 3.31697 57.5901 0
      vertex 2.50795 31.8221 0
      vertex 2.98877 57.1934 0
    endloop
  endfacet
  facet normal 0 0 -1
    outer loop
      vertex 2.2598 32.1221 0
      vertex 2.98877 57.1934 0
      vertex 2.50795 31.8221 0
    endloop
  endfacet
  facet normal 0 0 -1
    outer loop
      vertex 2.98877 57.1934 0
      vertex 2.2598 32.1221 0
      vertex 2.61344 56.8409 0
    endloop
  endfacet
  facet normal 0 0 -1
    outer loop
      vertex 1.97601 32.3886 0
      vertex 2.61344 56.8409 0
      vertex 2.2598 32.1221 0
    endloop
  endfacet
  facet normal 0 0 -1
    outer loop
      vertex 2.61344 56.8409 0
      vertex 1.97601 32.3886 0
      vertex 2.19689 56.5383 0
    endloop
  endfacet
  facet normal 0 0 -1
    outer loop
      vertex 1.66106 32.6174 0
      vertex 2.19689 56.5383 0
      vertex 1.97601 32.3886 0
    endloop
  endfacet
  facet normal 0 0 -1
    outer loop
      vertex 2.19689 56.5383 0
      vertex 1.66106 32.6174 0
      vertex 1.74569 56.2902 0
    endloop
  endfacet
  facet normal 0 0 -1
    outer loop
      vertex 1.31992 32.805 0
      vertex 1.74569 56.2902 0
      vertex 1.66106 32.6174 0
    endloop
  endfacet
  facet normal 0 0 -1
    outer loop
      vertex 1.31992 32.805 0
      vertex 1.26697 56.1007 0
      vertex 1.74569 56.2902 0
    endloop
  endfacet
  facet normal 0 0 -1
    outer loop
      vertex 0.957952 32.9483 0
      vertex 1.26697 56.1007 0
      vertex 1.31992 32.805 0
    endloop
  endfacet
  facet normal 0 0 -1
    outer loop
      vertex 0.957952 32.9483 0
      vertex 0.768263 55.9726 0
      vertex 1.26697 56.1007 0
    endloop
  endfacet
  facet normal 0 0 -1
    outer loop
      vertex 0.580882 33.0451 0
      vertex 0.768263 55.9726 0
      vertex 0.957952 32.9483 0
    endloop
  endfacet
  facet normal 0 0 -1
    outer loop
      vertex 0.580882 33.0451 0
      vertex 0.257441 55.9081 0
      vertex 0.768263 55.9726 0
    endloop
  endfacet
  facet normal 0 0 -1
    outer loop
      vertex 0.19465 33.0939 0
      vertex 0.257441 55.9081 0
      vertex 0.580882 33.0451 0
    endloop
  endfacet
  facet normal 0 0 -1
    outer loop
      vertex -0.19465 33.0939 0
      vertex 0.257441 55.9081 0
      vertex 0.19465 33.0939 0
    endloop
  endfacet
  facet normal 0 0 -1
    outer loop
      vertex -0.19465 33.0939 0
      vertex -0.257441 55.9081 0
      vertex 0.257441 55.9081 0
    endloop
  endfacet
  facet normal 0 0 -1
    outer loop
      vertex -0.580882 33.0451 0
      vertex -0.257441 55.9081 0
      vertex -0.19465 33.0939 0
    endloop
  endfacet
  facet normal 0 0 -1
    outer loop
      vertex -0.580882 33.0451 0
      vertex -0.768263 55.9726 0
      vertex -0.257441 55.9081 0
    endloop
  endfacet
  facet normal 0 0 -1
    outer loop
      vertex -0.957952 32.9483 0
      vertex -0.768263 55.9726 0
      vertex -0.580882 33.0451 0
    endloop
  endfacet
  facet normal 0 0 -1
    outer loop
      vertex -0.957952 32.9483 0
      vertex -1.26697 56.1007 0
      vertex -0.768263 55.9726 0
    endloop
  endfacet
  facet normal 0 0 -1
    outer loop
      vertex -1.31992 32.805 0
      vertex -1.26697 56.1007 0
      vertex -0.957952 32.9483 0
    endloop
  endfacet
  facet normal 0 0 -1
    outer loop
      vertex -1.74569 56.2902 0
      vertex -1.31992 32.805 0
      vertex -1.66106 32.6174 0
    endloop
  endfacet
  facet normal 0 0 -1
    outer loop
      vertex -1.31992 32.805 0
      vertex -1.74569 56.2902 0
      vertex -1.26697 56.1007 0
    endloop
  endfacet
  facet normal 0 0 -1
    outer loop
      vertex -2.19689 56.5383 0
      vertex -1.66106 32.6174 0
      vertex -1.97601 32.3886 0
    endloop
  endfacet
  facet normal 0 0 -1
    outer loop
      vertex -1.66106 32.6174 0
      vertex -2.19689 56.5383 0
      vertex -1.74569 56.2902 0
    endloop
  endfacet
  facet normal 0 0 -1
    outer loop
      vertex -2.61344 56.8409 0
      vertex -1.97601 32.3886 0
      vertex -2.2598 32.1221 0
    endloop
  endfacet
  facet normal 0 0 -1
    outer loop
      vertex -2.98877 57.1934 0
      vertex -2.2598 32.1221 0
      vertex -2.50795 31.8221 0
    endloop
  endfacet
  facet normal 0 0 -1
    outer loop
      vertex -1.97601 32.3886 0
      vertex -2.61344 56.8409 0
      vertex -2.19689 56.5383 0
    endloop
  endfacet
  facet normal 0 0 -1
    outer loop
      vertex -3.31697 57.5901 0
      vertex -2.50795 31.8221 0
      vertex -2.71655 31.4934 0
    endloop
  endfacet
  facet normal 0 0 -1
    outer loop
      vertex -3.59286 58.0248 0
      vertex -2.71655 31.4934 0
      vertex -2.88231 31.1412 0
    endloop
  endfacet
  facet normal 0 0 -1
    outer loop
      vertex -2.2598 32.1221 0
      vertex -2.98877 57.1934 0
      vertex -2.61344 56.8409 0
    endloop
  endfacet
  facet normal 0 0 -1
    outer loop
      vertex -3.81208 58.4907 0
      vertex -2.88231 31.1412 0
      vertex -3.00261 30.7709 0
    endloop
  endfacet
  facet normal 0 0 -1
    outer loop
      vertex -3.97119 58.9804 0
      vertex -3.00261 30.7709 0
      vertex -3.07555 30.3885 0
    endloop
  endfacet
  facet normal 0 0 -1
    outer loop
      vertex -4.06767 59.4861 0
      vertex -3.07555 30.3885 0
      vertex -3.1 30 0
    endloop
  endfacet
  facet normal 0 0 -1
    outer loop
      vertex -3.97119 1.01963 0
      vertex -3.00261 29.2291 0
      vertex -3.81208 1.50931 0
    endloop
  endfacet
  facet normal 0 0 -1
    outer loop
      vertex -2.50795 31.8221 0
      vertex -3.31697 57.5901 0
      vertex -2.98877 57.1934 0
    endloop
  endfacet
  facet normal -0 0 -1
    outer loop
      vertex -3.00261 29.2291 0
      vertex -3.97119 1.01963 0
      vertex -3.07555 29.6115 0
    endloop
  endfacet
  facet normal 0 0 -1
    outer loop
      vertex -2.71655 31.4934 0
      vertex -3.59286 58.0248 0
      vertex -3.31697 57.5901 0
    endloop
  endfacet
  facet normal 0 0 -1
    outer loop
      vertex -4.06767 0.513865 0
      vertex -3.07555 29.6115 0
      vertex -3.97119 1.01963 0
    endloop
  endfacet
  facet normal 0 0 -1
    outer loop
      vertex -2.88231 31.1412 0
      vertex -3.81208 58.4907 0
      vertex -3.59286 58.0248 0
    endloop
  endfacet
  facet normal -0 0 -1
    outer loop
      vertex -3.07555 29.6115 0
      vertex -4.06767 0.513865 0
      vertex -3.1 30 0
    endloop
  endfacet
  facet normal 0 0 -1
    outer loop
      vertex -3.00261 30.7709 0
      vertex -3.97119 58.9804 0
      vertex -3.81208 58.4907 0
    endloop
  endfacet
  facet normal 0 0 -1
    outer loop
      vertex -4.06767 59.4861 0
      vertex -3.1 30 0
      vertex -4.06767 0.513865 0
    endloop
  endfacet
  facet normal 0 0 -1
    outer loop
      vertex -3.07555 30.3885 0
      vertex -4.06767 59.4861 0
      vertex -3.97119 58.9804 0
    endloop
  endfacet
  facet normal 0 0 -1
    outer loop
      vertex -4.1 0 0
      vertex -4.06767 59.4861 0
      vertex -4.06767 0.513865 0
    endloop
  endfacet
  facet normal -0 0 -1
    outer loop
      vertex -4.06767 59.4861 0
      vertex -4.1 0 0
      vertex -4.1 60 0
    endloop
  endfacet
  facet normal 0 0 -1
    outer loop
      vertex 61.1 30 0
      vertex 90 30 0
      vertex 89.6846 24.9867 0
    endloop
  endfacet
  facet normal 0 0 -1
    outer loop
      vertex 61.0125 28.6088 0
      vertex 89.6846 24.9867 0
      vertex 88.7433 20.0524 0
    endloop
  endfacet
  facet normal 0 0 -1
    outer loop
      vertex 90 30 0
      vertex 61.1 30 0
      vertex 89.6846 35.0133 0
    endloop
  endfacet
  facet normal 0 0 -1
    outer loop
      vertex 60.7513 27.2395 0
      vertex 88.7433 20.0524 0
      vertex 87.1911 15.275 0
    endloop
  endfacet
  facet normal 0 0 -1
    outer loop
      vertex 61.0125 31.3912 0
      vertex 89.6846 35.0133 0
      vertex 61.1 30 0
    endloop
  endfacet
  facet normal 0 0 -1
    outer loop
      vertex 60.3205 25.9138 0
      vertex 87.1911 15.275 0
      vertex 85.0523 10.7299 0
    endloop
  endfacet
  facet normal -0 0 -1
    outer loop
      vertex 89.6846 35.0133 0
      vertex 61.0125 31.3912 0
      vertex 88.7433 39.9476 0
    endloop
  endfacet
  facet normal 0 0 -1
    outer loop
      vertex 59.727 24.6525 0
      vertex 85.0523 10.7299 0
      vertex 82.3607 6.48859 0
    endloop
  endfacet
  facet normal 0 0 -1
    outer loop
      vertex 60.7513 32.7605 0
      vertex 88.7433 39.9476 0
      vertex 61.0125 31.3912 0
    endloop
  endfacet
  facet normal 0 0 -1
    outer loop
      vertex 58.9801 23.4756 0
      vertex 82.3607 6.48859 0
      vertex 79.1587 2.61812 0
    endloop
  endfacet
  facet normal -0 0 -1
    outer loop
      vertex 88.7433 39.9476 0
      vertex 60.7513 32.7605 0
      vertex 87.1911 44.725 0
    endloop
  endfacet
  facet normal 0 0 -1
    outer loop
      vertex 58.0916 22.4015 0
      vertex 79.1587 2.61812 0
      vertex 75.497 -0.820529 0
    endloop
  endfacet
  facet normal 0 0 -1
    outer loop
      vertex 60.3205 34.0862 0
      vertex 87.1911 44.725 0
      vertex 60.7513 32.7605 0
    endloop
  endfacet
  facet normal 0 0 -1
    outer loop
      vertex 57.0754 21.4473 0
      vertex 75.497 -0.820529 0
      vertex 71.4331 -3.77312 0
    endloop
  endfacet
  facet normal -0 0 -1
    outer loop
      vertex 87.1911 44.725 0
      vertex 60.3205 34.0862 0
      vertex 85.0523 49.2701 0
    endloop
  endfacet
  facet normal 0 0 -1
    outer loop
      vertex 55.9477 20.628 0
      vertex 71.4331 -3.77312 0
      vertex 67.0312 -6.19308 0
    endloop
  endfacet
  facet normal 0 0 -1
    outer loop
      vertex 59.727 35.3475 0
      vertex 85.0523 49.2701 0
      vertex 60.3205 34.0862 0
    endloop
  endfacet
  facet normal 0 0 -1
    outer loop
      vertex 54.7262 19.9564 0
      vertex 67.0312 -6.19308 0
      vertex 62.3607 -8.04226 0
    endloop
  endfacet
  facet normal -0 0 -1
    outer loop
      vertex 85.0523 49.2701 0
      vertex 59.727 35.3475 0
      vertex 82.3607 53.5114 0
    endloop
  endfacet
  facet normal 0 0 -1
    outer loop
      vertex 58.9801 36.5244 0
      vertex 82.3607 53.5114 0
      vertex 59.727 35.3475 0
    endloop
  endfacet
  facet normal 0 0 -1
    outer loop
      vertex 89.6846 24.9867 0
      vertex 61.0125 28.6088 0
      vertex 61.1 30 0
    endloop
  endfacet
  facet normal 0 0 -1
    outer loop
      vertex 88.7433 20.0524 0
      vertex 60.7513 27.2395 0
      vertex 61.0125 28.6088 0
    endloop
  endfacet
  facet normal 0 0 -1
    outer loop
      vertex 87.1911 15.275 0
      vertex 60.3205 25.9138 0
      vertex 60.7513 27.2395 0
    endloop
  endfacet
  facet normal 0 0 -1
    outer loop
      vertex 85.0523 10.7299 0
      vertex 59.727 24.6525 0
      vertex 60.3205 25.9138 0
    endloop
  endfacet
  facet normal 0 0 -1
    outer loop
      vertex 82.3607 6.48859 0
      vertex 58.9801 23.4756 0
      vertex 59.727 24.6525 0
    endloop
  endfacet
  facet normal 0 0 -1
    outer loop
      vertex 79.1587 2.61812 0
      vertex 58.0916 22.4015 0
      vertex 58.9801 23.4756 0
    endloop
  endfacet
  facet normal 0 0 -1
    outer loop
      vertex 53.4301 19.4433 0
      vertex 62.3607 -8.04226 0
      vertex 57.4953 -9.29149 0
    endloop
  endfacet
  facet normal 0 0 -1
    outer loop
      vertex 75.497 -0.820529 0
      vertex 57.0754 21.4473 0
      vertex 58.0916 22.4015 0
    endloop
  endfacet
  facet normal 0 0 -1
    outer loop
      vertex 71.4331 -3.77312 0
      vertex 55.9477 20.628 0
      vertex 57.0754 21.4473 0
    endloop
  endfacet
  facet normal 0 0 -1
    outer loop
      vertex 67.0312 -6.19308 0
      vertex 54.7262 19.9564 0
      vertex 55.9477 20.628 0
    endloop
  endfacet
  facet normal 0 0 -1
    outer loop
      vertex 62.3607 -8.04226 0
      vertex 53.4301 19.4433 0
      vertex 54.7262 19.9564 0
    endloop
  endfacet
  facet normal 0 0 -1
    outer loop
      vertex 52.0799 19.0966 0
      vertex 57.4953 -9.29149 0
      vertex 52.5116 -9.92107 0
    endloop
  endfacet
  facet normal 0 0 -1
    outer loop
      vertex 57.4953 -9.29149 0
      vertex 52.0799 19.0966 0
      vertex 53.4301 19.4433 0
    endloop
  endfacet
  facet normal 0 0 -1
    outer loop
      vertex 52.5116 -9.92107 0
      vertex 50.697 18.9219 0
      vertex 52.0799 19.0966 0
    endloop
  endfacet
  facet normal 0 0 -1
    outer loop
      vertex 52.5116 -9.92107 0
      vertex 49.303 18.9219 0
      vertex 50.697 18.9219 0
    endloop
  endfacet
  facet normal 0 0 -1
    outer loop
      vertex 47.4884 -9.92107 0
      vertex 49.303 18.9219 0
      vertex 52.5116 -9.92107 0
    endloop
  endfacet
  facet normal -0 0 -1
    outer loop
      vertex 49.303 18.9219 0
      vertex 47.4884 -9.92107 0
      vertex 47.9201 19.0966 0
    endloop
  endfacet
  facet normal 0 0 -1
    outer loop
      vertex 42.5047 -9.29149 0
      vertex 47.9201 19.0966 0
      vertex 47.4884 -9.92107 0
    endloop
  endfacet
  facet normal -0 0 -1
    outer loop
      vertex 47.9201 19.0966 0
      vertex 42.5047 -9.29149 0
      vertex 46.5699 19.4433 0
    endloop
  endfacet
  facet normal 0 0 -1
    outer loop
      vertex 37.6393 -8.04226 0
      vertex 46.5699 19.4433 0
      vertex 42.5047 -9.29149 0
    endloop
  endfacet
  facet normal -0 0 -1
    outer loop
      vertex 46.5699 19.4433 0
      vertex 37.6393 -8.04226 0
      vertex 45.2738 19.9564 0
    endloop
  endfacet
  facet normal 0 0 -1
    outer loop
      vertex 32.9688 -6.19308 0
      vertex 45.2738 19.9564 0
      vertex 37.6393 -8.04226 0
    endloop
  endfacet
  facet normal 0 0 -1
    outer loop
      vertex 32.1789 -5.7588 0
      vertex 45.2738 19.9564 0
      vertex 32.9688 -6.19308 0
    endloop
  endfacet
  facet normal -0 0 -1
    outer loop
      vertex 45.2738 19.9564 0
      vertex 32.1789 -5.7588 0
      vertex 44.0523 20.628 0
    endloop
  endfacet
  facet normal -0 0 -1
    outer loop
      vertex 44.0523 20.628 0
      vertex 32.1789 -5.7588 0
      vertex 42.9246 21.4473 0
    endloop
  endfacet
  facet normal -0 0 -1
    outer loop
      vertex 42.9246 21.4473 0
      vertex 32.1789 -5.7588 0
      vertex 41.9084 22.4015 0
    endloop
  endfacet
  facet normal -0 0 -1
    outer loop
      vertex 41.9084 22.4015 0
      vertex 32.1789 -5.7588 0
      vertex 41.0199 23.4756 0
    endloop
  endfacet
  facet normal -0 0 -1
    outer loop
      vertex 41.0199 23.4756 0
      vertex 32.1789 -5.7588 0
      vertex 40.273 24.6525 0
    endloop
  endfacet
  facet normal 0 0 -1
    outer loop
      vertex 3.97119 1.01963 0
      vertex 32.1789 -5.7588 0
      vertex 4.06767 0.513865 0
    endloop
  endfacet
  facet normal 0 0 -1
    outer loop
      vertex 4.06767 0.513865 0
      vertex 32.1789 -5.7588 0
      vertex 4.1 0 0
    endloop
  endfacet
  facet normal -0 0 -1
    outer loop
      vertex 82.3607 53.5114 0
      vertex 58.9801 36.5244 0
      vertex 79.1587 57.3819 0
    endloop
  endfacet
  facet normal 0 0 -1
    outer loop
      vertex 58.0916 37.5985 0
      vertex 79.1587 57.3819 0
      vertex 58.9801 36.5244 0
    endloop
  endfacet
  facet normal -0 0 -1
    outer loop
      vertex 79.1587 57.3819 0
      vertex 58.0916 37.5985 0
      vertex 75.497 60.8205 0
    endloop
  endfacet
  facet normal 0 0 -1
    outer loop
      vertex 57.0754 38.5527 0
      vertex 75.497 60.8205 0
      vertex 58.0916 37.5985 0
    endloop
  endfacet
  facet normal -0 0 -1
    outer loop
      vertex 75.497 60.8205 0
      vertex 57.0754 38.5527 0
      vertex 71.4331 63.7731 0
    endloop
  endfacet
  facet normal 0 0 -1
    outer loop
      vertex 55.9477 39.372 0
      vertex 71.4331 63.7731 0
      vertex 57.0754 38.5527 0
    endloop
  endfacet
  facet normal -0 0 -1
    outer loop
      vertex 71.4331 63.7731 0
      vertex 55.9477 39.372 0
      vertex 67.0312 66.1931 0
    endloop
  endfacet
  facet normal 0 0 -1
    outer loop
      vertex 54.7262 40.0436 0
      vertex 67.0312 66.1931 0
      vertex 55.9477 39.372 0
    endloop
  endfacet
  facet normal -0 0 -1
    outer loop
      vertex 67.0312 66.1931 0
      vertex 54.7262 40.0436 0
      vertex 62.3607 68.0423 0
    endloop
  endfacet
  facet normal 0 0 -1
    outer loop
      vertex 53.4301 40.5567 0
      vertex 62.3607 68.0423 0
      vertex 54.7262 40.0436 0
    endloop
  endfacet
  facet normal -0 0 -1
    outer loop
      vertex 62.3607 68.0423 0
      vertex 53.4301 40.5567 0
      vertex 57.4953 69.2915 0
    endloop
  endfacet
  facet normal 0 0 -1
    outer loop
      vertex 52.0799 40.9034 0
      vertex 57.4953 69.2915 0
      vertex 53.4301 40.5567 0
    endloop
  endfacet
  facet normal -0 0 -1
    outer loop
      vertex 57.4953 69.2915 0
      vertex 52.0799 40.9034 0
      vertex 52.5116 69.9211 0
    endloop
  endfacet
  facet normal 0 0 -1
    outer loop
      vertex 50.697 41.0781 0
      vertex 52.5116 69.9211 0
      vertex 52.0799 40.9034 0
    endloop
  endfacet
  facet normal 0 0 -1
    outer loop
      vertex 49.303 41.0781 0
      vertex 52.5116 69.9211 0
      vertex 50.697 41.0781 0
    endloop
  endfacet
  facet normal 0 0 -1
    outer loop
      vertex 47.4884 69.9211 0
      vertex 49.303 41.0781 0
      vertex 47.9201 40.9034 0
    endloop
  endfacet
  facet normal 0 0 -1
    outer loop
      vertex 49.303 41.0781 0
      vertex 47.4884 69.9211 0
      vertex 52.5116 69.9211 0
    endloop
  endfacet
  facet normal 0 0 -1
    outer loop
      vertex 42.5047 69.2915 0
      vertex 47.9201 40.9034 0
      vertex 46.5699 40.5567 0
    endloop
  endfacet
  facet normal 0 0 -1
    outer loop
      vertex 37.6393 68.0423 0
      vertex 46.5699 40.5567 0
      vertex 45.2738 40.0436 0
    endloop
  endfacet
  facet normal 0 0 -1
    outer loop
      vertex 32.1789 65.7588 0
      vertex 45.2738 40.0436 0
      vertex 44.0523 39.372 0
    endloop
  endfacet
  facet normal 0 0 -1
    outer loop
      vertex 32.1789 65.7588 0
      vertex 44.0523 39.372 0
      vertex 42.9246 38.5527 0
    endloop
  endfacet
  facet normal 0 0 -1
    outer loop
      vertex 47.9201 40.9034 0
      vertex 42.5047 69.2915 0
      vertex 47.4884 69.9211 0
    endloop
  endfacet
  facet normal 0 0 -1
    outer loop
      vertex 32.1789 65.7588 0
      vertex 42.9246 38.5527 0
      vertex 41.9084 37.5985 0
    endloop
  endfacet
  facet normal 0 0 -1
    outer loop
      vertex 32.1789 65.7588 0
      vertex 41.9084 37.5985 0
      vertex 41.0199 36.5244 0
    endloop
  endfacet
  facet normal 0 0 -1
    outer loop
      vertex 32.1789 65.7588 0
      vertex 41.0199 36.5244 0
      vertex 40.273 35.3475 0
    endloop
  endfacet
  facet normal 0 0 -1
    outer loop
      vertex 4.1 60 0
      vertex 40.273 35.3475 0
      vertex 39.6795 34.0862 0
    endloop
  endfacet
  facet normal 0 0 -1
    outer loop
      vertex 4.1 60 0
      vertex 39.6795 34.0862 0
      vertex 39.2487 32.7605 0
    endloop
  endfacet
  facet normal 0 0 -1
    outer loop
      vertex 4.1 60 0
      vertex 39.2487 32.7605 0
      vertex 38.9875 31.3912 0
    endloop
  endfacet
  facet normal 0 0 -1
    outer loop
      vertex 46.5699 40.5567 0
      vertex 37.6393 68.0423 0
      vertex 42.5047 69.2915 0
    endloop
  endfacet
  facet normal 0 0 -1
    outer loop
      vertex 3.31697 2.40992 0
      vertex 40.273 24.6525 0
      vertex 3.59286 1.97519 0
    endloop
  endfacet
  facet normal 0 0 -1
    outer loop
      vertex 3.81208 1.50931 0
      vertex 32.1789 -5.7588 0
      vertex 3.97119 1.01963 0
    endloop
  endfacet
  facet normal 0 0 -1
    outer loop
      vertex 3.59286 1.97519 0
      vertex 32.1789 -5.7588 0
      vertex 3.81208 1.50931 0
    endloop
  endfacet
  facet normal 0 0 -1
    outer loop
      vertex 32.1789 -5.7588 0
      vertex 3.59286 1.97519 0
      vertex 40.273 24.6525 0
    endloop
  endfacet
  facet normal 0 0 -1
    outer loop
      vertex 45.2738 40.0436 0
      vertex 32.1789 65.7588 0
      vertex 32.9688 66.1931 0
    endloop
  endfacet
  facet normal 0 0 -1
    outer loop
      vertex 45.2738 40.0436 0
      vertex 32.9688 66.1931 0
      vertex 37.6393 68.0423 0
    endloop
  endfacet
  facet normal 0 0 -1
    outer loop
      vertex 4.06767 -0.513865 0
      vertex 32.1789 -5.7588 0
      vertex 10 -15 0
    endloop
  endfacet
  facet normal 0 0 -1
    outer loop
      vertex 38.9 30 0
      vertex 4.1 60 0
      vertex 38.9875 31.3912 0
    endloop
  endfacet
  facet normal 0 0 -1
    outer loop
      vertex 40.273 35.3475 0
      vertex 4.1 60 0
      vertex 32.1789 65.7588 0
    endloop
  endfacet
  facet normal 0 0 -1
    outer loop
      vertex 32.1789 -5.7588 0
      vertex 4.06767 -0.513865 0
      vertex 4.1 0 0
    endloop
  endfacet
  facet normal 0 0 -1
    outer loop
      vertex 10 -15 0
      vertex 3.97119 -1.01963 0
      vertex 4.06767 -0.513865 0
    endloop
  endfacet
  facet normal 0 0 -1
    outer loop
      vertex 10 -15 0
      vertex 3.81208 -1.50931 0
      vertex 3.97119 -1.01963 0
    endloop
  endfacet
  facet normal 0 0 -1
    outer loop
      vertex 10 -15 0
      vertex 3.59286 -1.97519 0
      vertex 3.81208 -1.50931 0
    endloop
  endfacet
  facet normal 0 0 -1
    outer loop
      vertex 10 -15 0
      vertex 3.31697 -2.40992 0
      vertex 3.59286 -1.97519 0
    endloop
  endfacet
  facet normal 0 0 -1
    outer loop
      vertex 10 -15 0
      vertex 2.98877 -2.80664 0
      vertex 3.31697 -2.40992 0
    endloop
  endfacet
  facet normal 0 0 -1
    outer loop
      vertex 10 -15 0
      vertex 2.61344 -3.1591 0
      vertex 2.98877 -2.80664 0
    endloop
  endfacet
  facet normal 0 0 -1
    outer loop
      vertex 10 -15 0
      vertex 2.19689 -3.46174 0
      vertex 2.61344 -3.1591 0
    endloop
  endfacet
  facet normal 0 0 -1
    outer loop
      vertex 10 -15 0
      vertex 1.74569 -3.70979 0
      vertex 2.19689 -3.46174 0
    endloop
  endfacet
  facet normal 0 0 -1
    outer loop
      vertex 10 -15 0
      vertex 1.26697 -3.89933 0
      vertex 1.74569 -3.70979 0
    endloop
  endfacet
  facet normal 0 0 -1
    outer loop
      vertex 10 -15 0
      vertex 0.768263 -4.02738 0
      vertex 1.26697 -3.89933 0
    endloop
  endfacet
  facet normal 0 0 -1
    outer loop
      vertex -5 -15 0
      vertex 0.768263 -4.02738 0
      vertex 10 -15 0
    endloop
  endfacet
  facet normal 0 0 -1
    outer loop
      vertex 0.768263 -4.02738 0
      vertex -5 -15 0
      vertex 0.257441 -4.09191 0
    endloop
  endfacet
  facet normal -0 0 -1
    outer loop
      vertex 0.257441 -4.09191 0
      vertex -5 -15 0
      vertex -0.257441 -4.09191 0
    endloop
  endfacet
  facet normal -0 0 -1
    outer loop
      vertex -0.257441 -4.09191 0
      vertex -5 -15 0
      vertex -0.768263 -4.02738 0
    endloop
  endfacet
  facet normal -0 0 -1
    outer loop
      vertex -0.768263 -4.02738 0
      vertex -5 -15 0
      vertex -1.26697 -3.89933 0
    endloop
  endfacet
  facet normal -0 0 -1
    outer loop
      vertex -1.26697 -3.89933 0
      vertex -5 -15 0
      vertex -1.74569 -3.70979 0
    endloop
  endfacet
  facet normal -0 0 -1
    outer loop
      vertex -1.74569 -3.70979 0
      vertex -5 -15 0
      vertex -2.19689 -3.46174 0
    endloop
  endfacet
  facet normal -0 0 -1
    outer loop
      vertex -4.1 0 0
      vertex -5 -15 0
      vertex -4.1 60 0
    endloop
  endfacet
  facet normal -0 0 -1
    outer loop
      vertex -4.06767 -0.513865 0
      vertex -5 -15 0
      vertex -4.1 0 0
    endloop
  endfacet
  facet normal -0 0 -1
    outer loop
      vertex -3.97119 -1.01963 0
      vertex -5 -15 0
      vertex -4.06767 -0.513865 0
    endloop
  endfacet
  facet normal -0 0 -1
    outer loop
      vertex -3.81208 -1.50931 0
      vertex -5 -15 0
      vertex -3.97119 -1.01963 0
    endloop
  endfacet
  facet normal -0 0 -1
    outer loop
      vertex -3.59286 -1.97519 0
      vertex -5 -15 0
      vertex -3.81208 -1.50931 0
    endloop
  endfacet
  facet normal -0 0 -1
    outer loop
      vertex -3.31697 -2.40992 0
      vertex -5 -15 0
      vertex -3.59286 -1.97519 0
    endloop
  endfacet
  facet normal -0 0 -1
    outer loop
      vertex -2.98877 -2.80664 0
      vertex -5 -15 0
      vertex -3.31697 -2.40992 0
    endloop
  endfacet
  facet normal -0 0 -1
    outer loop
      vertex -2.61344 -3.1591 0
      vertex -5 -15 0
      vertex -2.98877 -2.80664 0
    endloop
  endfacet
  facet normal -0 0 -1
    outer loop
      vertex -2.19689 -3.46174 0
      vertex -5 -15 0
      vertex -2.61344 -3.1591 0
    endloop
  endfacet
  facet normal 0 -1 0
    outer loop
      vertex -10 -15 35
      vertex 0 -15 26.6
      vertex 10 -15 35
    endloop
  endfacet
  facet normal 0 -1 0
    outer loop
      vertex -10 -15 35
      vertex -0.250295 -15 26.5803
      vertex 0 -15 26.6
    endloop
  endfacet
  facet normal 0 -1 0
    outer loop
      vertex -10 -15 35
      vertex -0.494427 -15 26.5217
      vertex -0.250295 -15 26.5803
    endloop
  endfacet
  facet normal 0 -1 0
    outer loop
      vertex -10 -15 35
      vertex -0.726384 -15 26.4256
      vertex -0.494427 -15 26.5217
    endloop
  endfacet
  facet normal 0 -1 0
    outer loop
      vertex -10 -15 35
      vertex -0.940456 -15 26.2944
      vertex -0.726384 -15 26.4256
    endloop
  endfacet
  facet normal 0 -1 0
    outer loop
      vertex -10 -15 35
      vertex -1.13137 -15 26.1314
      vertex -0.940456 -15 26.2944
    endloop
  endfacet
  facet normal 0 -1 0
    outer loop
      vertex -10 -15 35
      vertex -1.29443 -15 25.9405
      vertex -1.13137 -15 26.1314
    endloop
  endfacet
  facet normal 0 -1 0
    outer loop
      vertex -10 -15 35
      vertex -1.42561 -15 25.7264
      vertex -1.29443 -15 25.9405
    endloop
  endfacet
  facet normal 0 -1 0
    outer loop
      vertex -10 -15 35
      vertex -1.52169 -15 25.4944
      vertex -1.42561 -15 25.7264
    endloop
  endfacet
  facet normal 0 -1 0
    outer loop
      vertex -10 -15 35
      vertex -1.5803 -15 25.2503
      vertex -1.52169 -15 25.4944
    endloop
  endfacet
  facet normal 0 -1 0
    outer loop
      vertex -10 -15 35
      vertex -1.6 -15 25
      vertex -1.5803 -15 25.2503
    endloop
  endfacet
  facet normal 0 -1 0
    outer loop
      vertex -10 -15 14
      vertex -1.6 -15 25
      vertex -10 -15 35
    endloop
  endfacet
  facet normal 0 -1 -0
    outer loop
      vertex -1.6 -15 25
      vertex -10 -15 14
      vertex -1.5803 -15 24.7497
    endloop
  endfacet
  facet normal 0 -1 -0
    outer loop
      vertex -1.5803 -15 24.7497
      vertex -10 -15 14
      vertex -1.52169 -15 24.5056
    endloop
  endfacet
  facet normal 0 -1 -0
    outer loop
      vertex -1.52169 -15 24.5056
      vertex -10 -15 14
      vertex -1.42561 -15 24.2736
    endloop
  endfacet
  facet normal 0 -1 -0
    outer loop
      vertex -0.494427 -15 23.4783
      vertex -5 -15 14
      vertex -0.250295 -15 23.4197
    endloop
  endfacet
  facet normal 0 -1 -0
    outer loop
      vertex -0.726384 -15 23.5744
      vertex -5 -15 14
      vertex -0.494427 -15 23.4783
    endloop
  endfacet
  facet normal 0 -1 -0
    outer loop
      vertex -0.940456 -15 23.7056
      vertex -5 -15 14
      vertex -0.726384 -15 23.5744
    endloop
  endfacet
  facet normal 0 -1 -0
    outer loop
      vertex -1.13137 -15 23.8686
      vertex -5 -15 14
      vertex -0.940456 -15 23.7056
    endloop
  endfacet
  facet normal 0 -1 -0
    outer loop
      vertex -1.29443 -15 24.0595
      vertex -5 -15 14
      vertex -1.13137 -15 23.8686
    endloop
  endfacet
  facet normal 0 -1 -0
    outer loop
      vertex -1.42561 -15 24.2736
      vertex -5 -15 14
      vertex -1.29443 -15 24.0595
    endloop
  endfacet
  facet normal 0 -1 0
    outer loop
      vertex -5 -15 14
      vertex -1.42561 -15 24.2736
      vertex -10 -15 14
    endloop
  endfacet
  facet normal 0 -1 0
    outer loop
      vertex 0.250295 -15 26.5803
      vertex 10 -15 35
      vertex 0 -15 26.6
    endloop
  endfacet
  facet normal 0 -1 0
    outer loop
      vertex 0.494427 -15 26.5217
      vertex 10 -15 35
      vertex 0.250295 -15 26.5803
    endloop
  endfacet
  facet normal 0 -1 0
    outer loop
      vertex 0.726384 -15 26.4256
      vertex 10 -15 35
      vertex 0.494427 -15 26.5217
    endloop
  endfacet
  facet normal 0 -1 0
    outer loop
      vertex 0.940456 -15 26.2944
      vertex 10 -15 35
      vertex 0.726384 -15 26.4256
    endloop
  endfacet
  facet normal 0 -1 0
    outer loop
      vertex 1.13137 -15 26.1314
      vertex 10 -15 35
      vertex 0.940456 -15 26.2944
    endloop
  endfacet
  facet normal 0 -1 0
    outer loop
      vertex 1.29443 -15 25.9405
      vertex 10 -15 35
      vertex 1.13137 -15 26.1314
    endloop
  endfacet
  facet normal 0 -1 0
    outer loop
      vertex 1.42561 -15 25.7264
      vertex 10 -15 35
      vertex 1.29443 -15 25.9405
    endloop
  endfacet
  facet normal 0 -1 0
    outer loop
      vertex 1.52169 -15 25.4944
      vertex 10 -15 35
      vertex 1.42561 -15 25.7264
    endloop
  endfacet
  facet normal 0 -1 0
    outer loop
      vertex 1.5803 -15 25.2503
      vertex 10 -15 35
      vertex 1.52169 -15 25.4944
    endloop
  endfacet
  facet normal 0 -1 0
    outer loop
      vertex 1.6 -15 25
      vertex 10 -15 35
      vertex 1.5803 -15 25.2503
    endloop
  endfacet
  facet normal 0 -1 0
    outer loop
      vertex 1.5803 -15 24.7497
      vertex 10 -15 35
      vertex 1.6 -15 25
    endloop
  endfacet
  facet normal 0 -1 0
    outer loop
      vertex 1.52169 -15 24.5056
      vertex 10 -15 35
      vertex 1.5803 -15 24.7497
    endloop
  endfacet
  facet normal 0 -1 0
    outer loop
      vertex 10 -15 5
      vertex 1.52169 -15 24.5056
      vertex 1.42561 -15 24.2736
    endloop
  endfacet
  facet normal 0 -1 0
    outer loop
      vertex 10 -15 5
      vertex 1.42561 -15 24.2736
      vertex 1.29443 -15 24.0595
    endloop
  endfacet
  facet normal 0 -1 -0
    outer loop
      vertex -0.250295 -15 23.4197
      vertex -5 -15 14
      vertex 0 -15 23.4
    endloop
  endfacet
  facet normal 0 -1 -0
    outer loop
      vertex 0 -15 23.4
      vertex -5 -15 14
      vertex 0.250295 -15 23.4197
    endloop
  endfacet
  facet normal 0 -1 -0
    outer loop
      vertex 0.250295 -15 23.4197
      vertex -5 -15 14
      vertex 0.494427 -15 23.4783
    endloop
  endfacet
  facet normal 0 -1 -0
    outer loop
      vertex 0.494427 -15 23.4783
      vertex -5 -15 14
      vertex 0.726384 -15 23.5744
    endloop
  endfacet
  facet normal 0 -1 0
    outer loop
      vertex 10 -15 5
      vertex 0.726384 -15 23.5744
      vertex -5 -15 14
    endloop
  endfacet
  facet normal 0 -1 0
    outer loop
      vertex 0.726384 -15 23.5744
      vertex 10 -15 5
      vertex 0.940456 -15 23.7056
    endloop
  endfacet
  facet normal 0 -1 0
    outer loop
      vertex 0.940456 -15 23.7056
      vertex 10 -15 5
      vertex 1.13137 -15 23.8686
    endloop
  endfacet
  facet normal 0 -1 0
    outer loop
      vertex 1.13137 -15 23.8686
      vertex 10 -15 5
      vertex 1.29443 -15 24.0595
    endloop
  endfacet
  facet normal 0 -1 0
    outer loop
      vertex 10 -15 5
      vertex -5 -15 14
      vertex -5 -15 11.8811
    endloop
  endfacet
  facet normal 0 -1 0
    outer loop
      vertex 10 -15 5
      vertex -5 -15 11.8811
      vertex -5 -15 11.292
    endloop
  endfacet
  facet normal 0 -1 0
    outer loop
      vertex 10 -15 5
      vertex -5 -15 11.292
      vertex -5 -15 9.93782
    endloop
  endfacet
  facet normal 0 -1 0
    outer loop
      vertex 10 -15 5
      vertex -5 -15 9.93782
      vertex -5 -15 9.02299
    endloop
  endfacet
  facet normal 0 -1 0
    outer loop
      vertex 10 -15 5
      vertex -5 -15 9.02299
      vertex -5 -15 8.35903
    endloop
  endfacet
  facet normal 0 -1 0
    outer loop
      vertex 10 -15 5
      vertex -5 -15 8.35903
      vertex -5 -15 7.85167
    endloop
  endfacet
  facet normal 0 -1 0
    outer loop
      vertex 10 -15 5
      vertex -5 -15 7.85167
      vertex -5 -15 7.44852
    endloop
  endfacet
  facet normal 0 -1 0
    outer loop
      vertex 10 -15 5
      vertex -5 -15 7.44852
      vertex -5 -15 7.11809
    endloop
  endfacet
  facet normal 0 -1 0
    outer loop
      vertex 1.52169 -15 24.5056
      vertex 10 -15 5
      vertex 10 -15 35
    endloop
  endfacet
  facet normal 0 -1 0
    outer loop
      vertex -5 -15 4.83688
      vertex 10 -15 5
      vertex -5 -15 7.11809
    endloop
  endfacet
  facet normal 0 -1 0
    outer loop
      vertex -5 -15 2.1189
      vertex 10 -15 5
      vertex -5 -15 4.83688
    endloop
  endfacet
  facet normal 0 -1 0
    outer loop
      vertex 10 -15 0
      vertex -5 -15 2.1189
      vertex -5 -15 0
    endloop
  endfacet
  facet normal 0 -1 0
    outer loop
      vertex -5 -15 2.1189
      vertex 10 -15 0
      vertex 10 -15 5
    endloop
  endfacet
  facet normal 0.384615 -0.923077 -3.26043e-08
    outer loop
      vertex 10 -15 5
      vertex 32.1789 -5.7588 0.5
      vertex 70 10 5
    endloop
  endfacet
  facet normal 0.384615 -0.923077 0
    outer loop
      vertex 10 -15 0
      vertex 32.1789 -5.7588 0.5
      vertex 10 -15 5
    endloop
  endfacet
  facet normal 0.384615 -0.923077 0
    outer loop
      vertex 32.1789 -5.7588 0.5
      vertex 10 -15 0
      vertex 32.1789 -5.7588 0
    endloop
  endfacet
  facet normal 0.384615 -0.923077 0
    outer loop
      vertex 70 10 5
      vertex 32.1789 -5.7588 0.5
      vertex 70 10 0.5
    endloop
  endfacet
  facet normal 0.384615 0.923077 0
    outer loop
      vertex 32.1789 65.7588 0.5
      vertex 70 50 5
      vertex 70 50 0.5
    endloop
  endfacet
  facet normal 0.384615 0.923077 4.5646e-07
    outer loop
      vertex 70 50 5
      vertex 32.1789 65.7588 0.5
      vertex 10 75 5
    endloop
  endfacet
  facet normal 0.384615 0.923077 0
    outer loop
      vertex 10 75 0
      vertex 32.1789 65.7588 0.5
      vertex 32.1789 65.7588 0
    endloop
  endfacet
  facet normal 0.384615 0.923077 0
    outer loop
      vertex 32.1789 65.7588 0.5
      vertex 10 75 0
      vertex 10 75 5
    endloop
  endfacet
  facet normal -0 0 1
    outer loop
      vertex 3.59286 58.0248 35
      vertex 10 50 35
      vertex 3.81208 58.4907 35
    endloop
  endfacet
  facet normal 0 0 1
    outer loop
      vertex 10 15 35
      vertex 4.06767 0.513865 35
      vertex 4.1 0 35
    endloop
  endfacet
  facet normal 0 -0 1
    outer loop
      vertex 3.07555 30.3885 35
      vertex 10 45 35
      vertex 3.00261 30.7709 35
    endloop
  endfacet
  facet normal -0 0 1
    outer loop
      vertex 3.07555 29.6115 35
      vertex 10 15 35
      vertex 3.1 30 35
    endloop
  endfacet
  facet normal -0 0 1
    outer loop
      vertex 3.31697 57.5901 35
      vertex 10 50 35
      vertex 3.59286 58.0248 35
    endloop
  endfacet
  facet normal -0 0 1
    outer loop
      vertex 3.00261 29.2291 35
      vertex 10 15 35
      vertex 3.07555 29.6115 35
    endloop
  endfacet
  facet normal -0 0 1
    outer loop
      vertex 2.98877 57.1934 35
      vertex 10 50 35
      vertex 3.31697 57.5901 35
    endloop
  endfacet
  facet normal 0 0 1
    outer loop
      vertex 10 15 35
      vertex 3.97119 1.01963 35
      vertex 4.06767 0.513865 35
    endloop
  endfacet
  facet normal -0 0 1
    outer loop
      vertex 2.61344 56.8409 35
      vertex 10 50 35
      vertex 2.98877 57.1934 35
    endloop
  endfacet
  facet normal -0 0 1
    outer loop
      vertex 2.88231 28.8588 35
      vertex 10 15 35
      vertex 3.00261 29.2291 35
    endloop
  endfacet
  facet normal 0 0 1
    outer loop
      vertex 10 15 35
      vertex 3.81208 1.50931 35
      vertex 3.97119 1.01963 35
    endloop
  endfacet
  facet normal 0 0 1
    outer loop
      vertex 10 45 35
      vertex 3.1 30 35
      vertex 10 15 35
    endloop
  endfacet
  facet normal 0 -0 1
    outer loop
      vertex 3.1 30 35
      vertex 10 45 35
      vertex 3.07555 30.3885 35
    endloop
  endfacet
  facet normal -0 0 1
    outer loop
      vertex 2.19689 56.5383 35
      vertex 10 50 35
      vertex 2.61344 56.8409 35
    endloop
  endfacet
  facet normal 0 0 1
    outer loop
      vertex 10 45 35
      vertex 2.88231 31.1412 35
      vertex 3.00261 30.7709 35
    endloop
  endfacet
  facet normal 0 0 1
    outer loop
      vertex 10 45 35
      vertex 2.71655 31.4934 35
      vertex 2.88231 31.1412 35
    endloop
  endfacet
  facet normal -0 0 1
    outer loop
      vertex 1.74569 56.2902 35
      vertex 10 50 35
      vertex 2.19689 56.5383 35
    endloop
  endfacet
  facet normal 0 0 1
    outer loop
      vertex 10 45 35
      vertex 2.50795 31.8221 35
      vertex 2.71655 31.4934 35
    endloop
  endfacet
  facet normal 0 0 1
    outer loop
      vertex 10 45 35
      vertex 2.2598 32.1221 35
      vertex 2.50795 31.8221 35
    endloop
  endfacet
  facet normal -0 0 1
    outer loop
      vertex 1.26697 56.1007 35
      vertex 10 50 35
      vertex 1.74569 56.2902 35
    endloop
  endfacet
  facet normal 0 0 1
    outer loop
      vertex 10 45 35
      vertex 1.97601 32.3886 35
      vertex 2.2598 32.1221 35
    endloop
  endfacet
  facet normal -0 0 1
    outer loop
      vertex 0.768263 55.9726 35
      vertex 10 50 35
      vertex 1.26697 56.1007 35
    endloop
  endfacet
  facet normal 0 0 1
    outer loop
      vertex 10 45 35
      vertex 1.66106 32.6174 35
      vertex 1.97601 32.3886 35
    endloop
  endfacet
  facet normal 0 0 1
    outer loop
      vertex 10 45 35
      vertex 1.31992 32.805 35
      vertex 1.66106 32.6174 35
    endloop
  endfacet
  facet normal 0 0 1
    outer loop
      vertex 10 50 35
      vertex 0.768263 55.9726 35
      vertex 10 45 35
    endloop
  endfacet
  facet normal 0 0 1
    outer loop
      vertex 10 45 35
      vertex 0.957952 32.9483 35
      vertex 1.31992 32.805 35
    endloop
  endfacet
  facet normal -0 0 1
    outer loop
      vertex 0.257441 55.9081 35
      vertex 10 45 35
      vertex 0.768263 55.9726 35
    endloop
  endfacet
  facet normal 0 0 1
    outer loop
      vertex 10 45 35
      vertex 0.580882 33.0451 35
      vertex 0.957952 32.9483 35
    endloop
  endfacet
  facet normal -0 0 1
    outer loop
      vertex -0.257441 55.9081 35
      vertex 10 45 35
      vertex 0.257441 55.9081 35
    endloop
  endfacet
  facet normal 0 0 1
    outer loop
      vertex 10 45 35
      vertex 0.19465 33.0939 35
      vertex 0.580882 33.0451 35
    endloop
  endfacet
  facet normal 0 0 1
    outer loop
      vertex 10 45 35
      vertex -0.19465 33.0939 35
      vertex 0.19465 33.0939 35
    endloop
  endfacet
  facet normal 0 0 1
    outer loop
      vertex 10 45 35
      vertex -0.257441 55.9081 35
      vertex -0.19465 33.0939 35
    endloop
  endfacet
  facet normal 0 0 1
    outer loop
      vertex -0.257441 55.9081 35
      vertex -0.580882 33.0451 35
      vertex -0.19465 33.0939 35
    endloop
  endfacet
  facet normal 0 0 1
    outer loop
      vertex -0.768263 55.9726 35
      vertex -0.580882 33.0451 35
      vertex -0.257441 55.9081 35
    endloop
  endfacet
  facet normal 0 0 1
    outer loop
      vertex -0.768263 55.9726 35
      vertex -0.957952 32.9483 35
      vertex -0.580882 33.0451 35
    endloop
  endfacet
  facet normal 0 0 1
    outer loop
      vertex -1.26697 56.1007 35
      vertex -0.957952 32.9483 35
      vertex -0.768263 55.9726 35
    endloop
  endfacet
  facet normal 0 0 1
    outer loop
      vertex -1.26697 56.1007 35
      vertex -1.31992 32.805 35
      vertex -0.957952 32.9483 35
    endloop
  endfacet
  facet normal 0 0 1
    outer loop
      vertex -1.74569 56.2902 35
      vertex -1.31992 32.805 35
      vertex -1.26697 56.1007 35
    endloop
  endfacet
  facet normal 0 0 1
    outer loop
      vertex -1.31992 32.805 35
      vertex -1.74569 56.2902 35
      vertex -1.66106 32.6174 35
    endloop
  endfacet
  facet normal 0 0 1
    outer loop
      vertex -2.19689 56.5383 35
      vertex -1.66106 32.6174 35
      vertex -1.74569 56.2902 35
    endloop
  endfacet
  facet normal 0 0 1
    outer loop
      vertex -1.66106 32.6174 35
      vertex -2.19689 56.5383 35
      vertex -1.97601 32.3886 35
    endloop
  endfacet
  facet normal 0 0 1
    outer loop
      vertex -2.61344 56.8409 35
      vertex -1.97601 32.3886 35
      vertex -2.19689 56.5383 35
    endloop
  endfacet
  facet normal 0 0 1
    outer loop
      vertex -1.97601 32.3886 35
      vertex -2.61344 56.8409 35
      vertex -2.2598 32.1221 35
    endloop
  endfacet
  facet normal 0 0 1
    outer loop
      vertex -2.98877 57.1934 35
      vertex -2.2598 32.1221 35
      vertex -2.61344 56.8409 35
    endloop
  endfacet
  facet normal 0 0 1
    outer loop
      vertex -2.2598 32.1221 35
      vertex -2.98877 57.1934 35
      vertex -2.50795 31.8221 35
    endloop
  endfacet
  facet normal 0 0 1
    outer loop
      vertex -3.31697 57.5901 35
      vertex -2.50795 31.8221 35
      vertex -2.98877 57.1934 35
    endloop
  endfacet
  facet normal 0 0 1
    outer loop
      vertex -2.50795 31.8221 35
      vertex -3.31697 57.5901 35
      vertex -2.71655 31.4934 35
    endloop
  endfacet
  facet normal 0 0 1
    outer loop
      vertex -3.59286 58.0248 35
      vertex -2.71655 31.4934 35
      vertex -3.31697 57.5901 35
    endloop
  endfacet
  facet normal 0 0 1
    outer loop
      vertex -2.71655 31.4934 35
      vertex -3.59286 58.0248 35
      vertex -2.88231 31.1412 35
    endloop
  endfacet
  facet normal 0 0 1
    outer loop
      vertex -3.81208 58.4907 35
      vertex -2.88231 31.1412 35
      vertex -3.59286 58.0248 35
    endloop
  endfacet
  facet normal 0 0 1
    outer loop
      vertex -2.88231 31.1412 35
      vertex -3.81208 58.4907 35
      vertex -3.00261 30.7709 35
    endloop
  endfacet
  facet normal -0 0 1
    outer loop
      vertex 4.06767 60.5139 35
      vertex 10 50 35
      vertex 10 75 35
    endloop
  endfacet
  facet normal -0 0 1
    outer loop
      vertex 4.06767 59.4861 35
      vertex 10 50 35
      vertex 4.1 60 35
    endloop
  endfacet
  facet normal -0 0 1
    outer loop
      vertex 3.97119 58.9804 35
      vertex 10 50 35
      vertex 4.06767 59.4861 35
    endloop
  endfacet
  facet normal -0 0 1
    outer loop
      vertex 3.81208 58.4907 35
      vertex 10 50 35
      vertex 3.97119 58.9804 35
    endloop
  endfacet
  facet normal 0 0 1
    outer loop
      vertex 10 15 35
      vertex 4.1 0 35
      vertex 10 10 35
    endloop
  endfacet
  facet normal 0 0 1
    outer loop
      vertex 10 50 35
      vertex 4.06767 60.5139 35
      vertex 4.1 60 35
    endloop
  endfacet
  facet normal 0 0 1
    outer loop
      vertex 10 75 35
      vertex 3.97119 61.0196 35
      vertex 4.06767 60.5139 35
    endloop
  endfacet
  facet normal 0 0 1
    outer loop
      vertex 10 75 35
      vertex 3.81208 61.5093 35
      vertex 3.97119 61.0196 35
    endloop
  endfacet
  facet normal 0 0 1
    outer loop
      vertex 10 75 35
      vertex 3.59286 61.9752 35
      vertex 3.81208 61.5093 35
    endloop
  endfacet
  facet normal 0 0 1
    outer loop
      vertex 10 75 35
      vertex 3.31697 62.4099 35
      vertex 3.59286 61.9752 35
    endloop
  endfacet
  facet normal 0 0 1
    outer loop
      vertex 10 75 35
      vertex 2.98877 62.8066 35
      vertex 3.31697 62.4099 35
    endloop
  endfacet
  facet normal 0 0 1
    outer loop
      vertex 10 75 35
      vertex 2.61344 63.1591 35
      vertex 2.98877 62.8066 35
    endloop
  endfacet
  facet normal 0 0 1
    outer loop
      vertex 10 75 35
      vertex 2.19689 63.4617 35
      vertex 2.61344 63.1591 35
    endloop
  endfacet
  facet normal 0 0 1
    outer loop
      vertex 10 75 35
      vertex 1.74569 63.7098 35
      vertex 2.19689 63.4617 35
    endloop
  endfacet
  facet normal 0 0 1
    outer loop
      vertex 10 75 35
      vertex 1.26697 63.8993 35
      vertex 1.74569 63.7098 35
    endloop
  endfacet
  facet normal 0 0 1
    outer loop
      vertex 10 75 35
      vertex 0.768263 64.0274 35
      vertex 1.26697 63.8993 35
    endloop
  endfacet
  facet normal 0 0 1
    outer loop
      vertex 10 75 35
      vertex 0.257441 64.0919 35
      vertex 0.768263 64.0274 35
    endloop
  endfacet
  facet normal 0 0 1
    outer loop
      vertex 10 75 35
      vertex -0.257441 64.0919 35
      vertex 0.257441 64.0919 35
    endloop
  endfacet
  facet normal -0 0 1
    outer loop
      vertex -10 75 35
      vertex -0.257441 64.0919 35
      vertex 10 75 35
    endloop
  endfacet
  facet normal 0 0 1
    outer loop
      vertex -0.257441 64.0919 35
      vertex -10 75 35
      vertex -0.768263 64.0274 35
    endloop
  endfacet
  facet normal 0 0 1
    outer loop
      vertex -0.768263 64.0274 35
      vertex -10 75 35
      vertex -1.26697 63.8993 35
    endloop
  endfacet
  facet normal 0 0 1
    outer loop
      vertex -1.26697 63.8993 35
      vertex -10 75 35
      vertex -1.74569 63.7098 35
    endloop
  endfacet
  facet normal 0 0 1
    outer loop
      vertex -1.74569 63.7098 35
      vertex -10 75 35
      vertex -2.19689 63.4617 35
    endloop
  endfacet
  facet normal 0 0 1
    outer loop
      vertex -3.97119 1.01963 35
      vertex -10 -15 35
      vertex -4.06767 0.513865 35
    endloop
  endfacet
  facet normal 0 0 1
    outer loop
      vertex -4.06767 60.5139 35
      vertex -10 75 35
      vertex -4.1 60 35
    endloop
  endfacet
  facet normal 0 0 1
    outer loop
      vertex -3.97119 61.0196 35
      vertex -10 75 35
      vertex -4.06767 60.5139 35
    endloop
  endfacet
  facet normal 0 0 1
    outer loop
      vertex -3.81208 61.5093 35
      vertex -10 75 35
      vertex -3.97119 61.0196 35
    endloop
  endfacet
  facet normal 0 0 1
    outer loop
      vertex -3.59286 61.9752 35
      vertex -10 75 35
      vertex -3.81208 61.5093 35
    endloop
  endfacet
  facet normal 0 0 1
    outer loop
      vertex -3.31697 62.4099 35
      vertex -10 75 35
      vertex -3.59286 61.9752 35
    endloop
  endfacet
  facet normal 0 0 1
    outer loop
      vertex -2.98877 62.8066 35
      vertex -10 75 35
      vertex -3.31697 62.4099 35
    endloop
  endfacet
  facet normal 0 0 1
    outer loop
      vertex -2.61344 63.1591 35
      vertex -10 75 35
      vertex -2.98877 62.8066 35
    endloop
  endfacet
  facet normal 0 0 1
    outer loop
      vertex -2.19689 63.4617 35
      vertex -10 75 35
      vertex -2.61344 63.1591 35
    endloop
  endfacet
  facet normal 0 0 1
    outer loop
      vertex 4.06767 -0.513865 35
      vertex 10 10 35
      vertex 4.1 0 35
    endloop
  endfacet
  facet normal 0 0 1
    outer loop
      vertex 10 10 35
      vertex 4.06767 -0.513865 35
      vertex 10 -15 35
    endloop
  endfacet
  facet normal -0 0 1
    outer loop
      vertex 3.97119 -1.01963 35
      vertex 10 -15 35
      vertex 4.06767 -0.513865 35
    endloop
  endfacet
  facet normal -0 0 1
    outer loop
      vertex 3.81208 -1.50931 35
      vertex 10 -15 35
      vertex 3.97119 -1.01963 35
    endloop
  endfacet
  facet normal -0 0 1
    outer loop
      vertex 3.59286 -1.97519 35
      vertex 10 -15 35
      vertex 3.81208 -1.50931 35
    endloop
  endfacet
  facet normal -0 0 1
    outer loop
      vertex 3.31697 -2.40992 35
      vertex 10 -15 35
      vertex 3.59286 -1.97519 35
    endloop
  endfacet
  facet normal -0 0 1
    outer loop
      vertex 2.98877 -2.80664 35
      vertex 10 -15 35
      vertex 3.31697 -2.40992 35
    endloop
  endfacet
  facet normal -0 0 1
    outer loop
      vertex 2.61344 -3.1591 35
      vertex 10 -15 35
      vertex 2.98877 -2.80664 35
    endloop
  endfacet
  facet normal -0 0 1
    outer loop
      vertex 2.19689 -3.46174 35
      vertex 10 -15 35
      vertex 2.61344 -3.1591 35
    endloop
  endfacet
  facet normal -0 0 1
    outer loop
      vertex 1.74569 -3.70979 35
      vertex 10 -15 35
      vertex 2.19689 -3.46174 35
    endloop
  endfacet
  facet normal -0 0 1
    outer loop
      vertex 1.26697 -3.89933 35
      vertex 10 -15 35
      vertex 1.74569 -3.70979 35
    endloop
  endfacet
  facet normal -0 0 1
    outer loop
      vertex 0.768263 -4.02738 35
      vertex 10 -15 35
      vertex 1.26697 -3.89933 35
    endloop
  endfacet
  facet normal -0 0 1
    outer loop
      vertex 0.257441 -4.09191 35
      vertex 10 -15 35
      vertex 0.768263 -4.02738 35
    endloop
  endfacet
  facet normal -0 0 1
    outer loop
      vertex -0.257441 -4.09191 35
      vertex 10 -15 35
      vertex 0.257441 -4.09191 35
    endloop
  endfacet
  facet normal 0 0 1
    outer loop
      vertex -10 -15 35
      vertex -0.257441 -4.09191 35
      vertex -0.768263 -4.02738 35
    endloop
  endfacet
  facet normal 0 0 1
    outer loop
      vertex -10 -15 35
      vertex -0.768263 -4.02738 35
      vertex -1.26697 -3.89933 35
    endloop
  endfacet
  facet normal 0 0 1
    outer loop
      vertex -10 -15 35
      vertex -1.26697 -3.89933 35
      vertex -1.74569 -3.70979 35
    endloop
  endfacet
  facet normal 0 0 1
    outer loop
      vertex -10 -15 35
      vertex -1.74569 -3.70979 35
      vertex -2.19689 -3.46174 35
    endloop
  endfacet
  facet normal 0 0 1
    outer loop
      vertex -10 -15 35
      vertex -2.19689 -3.46174 35
      vertex -2.61344 -3.1591 35
    endloop
  endfacet
  facet normal 0 0 1
    outer loop
      vertex -4.06767 0.513865 35
      vertex -10 -15 35
      vertex -4.1 0 35
    endloop
  endfacet
  facet normal 0 0 1
    outer loop
      vertex -0.257441 -4.09191 35
      vertex -10 -15 35
      vertex 10 -15 35
    endloop
  endfacet
  facet normal 0 0 1
    outer loop
      vertex -2.98877 -2.80664 35
      vertex -10 -15 35
      vertex -2.61344 -3.1591 35
    endloop
  endfacet
  facet normal 0 0 1
    outer loop
      vertex -3.31697 -2.40992 35
      vertex -10 -15 35
      vertex -2.98877 -2.80664 35
    endloop
  endfacet
  facet normal 0 0 1
    outer loop
      vertex -3.59286 -1.97519 35
      vertex -10 -15 35
      vertex -3.31697 -2.40992 35
    endloop
  endfacet
  facet normal 0 0 1
    outer loop
      vertex -3.81208 -1.50931 35
      vertex -10 -15 35
      vertex -3.59286 -1.97519 35
    endloop
  endfacet
  facet normal 0 0 1
    outer loop
      vertex -3.97119 -1.01963 35
      vertex -10 -15 35
      vertex -3.81208 -1.50931 35
    endloop
  endfacet
  facet normal 0 0 1
    outer loop
      vertex -4.06767 -0.513865 35
      vertex -10 -15 35
      vertex -3.97119 -1.01963 35
    endloop
  endfacet
  facet normal 0 0 1
    outer loop
      vertex -4.1 0 35
      vertex -10 -15 35
      vertex -4.06767 -0.513865 35
    endloop
  endfacet
  facet normal -0 0 1
    outer loop
      vertex 2.71655 28.5066 35
      vertex 10 15 35
      vertex 2.88231 28.8588 35
    endloop
  endfacet
  facet normal 0 0 1
    outer loop
      vertex 10 15 35
      vertex 3.59286 1.97519 35
      vertex 3.81208 1.50931 35
    endloop
  endfacet
  facet normal -0 0 1
    outer loop
      vertex 2.50795 28.1779 35
      vertex 10 15 35
      vertex 2.71655 28.5066 35
    endloop
  endfacet
  facet normal 0 0 1
    outer loop
      vertex 10 15 35
      vertex 3.31697 2.40992 35
      vertex 3.59286 1.97519 35
    endloop
  endfacet
  facet normal -0 0 1
    outer loop
      vertex 2.2598 27.8779 35
      vertex 10 15 35
      vertex 2.50795 28.1779 35
    endloop
  endfacet
  facet normal 0 0 1
    outer loop
      vertex 10 15 35
      vertex 2.98877 2.80664 35
      vertex 3.31697 2.40992 35
    endloop
  endfacet
  facet normal -0 0 1
    outer loop
      vertex 1.97601 27.6114 35
      vertex 10 15 35
      vertex 2.2598 27.8779 35
    endloop
  endfacet
  facet normal 0 0 1
    outer loop
      vertex 10 15 35
      vertex 2.61344 3.1591 35
      vertex 2.98877 2.80664 35
    endloop
  endfacet
  facet normal -0 0 1
    outer loop
      vertex 1.66106 27.3826 35
      vertex 10 15 35
      vertex 1.97601 27.6114 35
    endloop
  endfacet
  facet normal 0 0 1
    outer loop
      vertex 10 15 35
      vertex 2.19689 3.46174 35
      vertex 2.61344 3.1591 35
    endloop
  endfacet
  facet normal -0 0 1
    outer loop
      vertex 1.31992 27.195 35
      vertex 10 15 35
      vertex 1.66106 27.3826 35
    endloop
  endfacet
  facet normal 0 0 1
    outer loop
      vertex 10 15 35
      vertex 1.74569 3.70979 35
      vertex 2.19689 3.46174 35
    endloop
  endfacet
  facet normal -0 0 1
    outer loop
      vertex 0.957952 27.0517 35
      vertex 10 15 35
      vertex 1.31992 27.195 35
    endloop
  endfacet
  facet normal 0 0 1
    outer loop
      vertex 10 15 35
      vertex 1.26697 3.89933 35
      vertex 1.74569 3.70979 35
    endloop
  endfacet
  facet normal -0 0 1
    outer loop
      vertex 0.580882 26.9549 35
      vertex 10 15 35
      vertex 0.957952 27.0517 35
    endloop
  endfacet
  facet normal 0 0 1
    outer loop
      vertex 10 15 35
      vertex 0.768263 4.02738 35
      vertex 1.26697 3.89933 35
    endloop
  endfacet
  facet normal -0 0 1
    outer loop
      vertex 0.19465 26.9061 35
      vertex 10 15 35
      vertex 0.580882 26.9549 35
    endloop
  endfacet
  facet normal 0 0 1
    outer loop
      vertex 10 15 35
      vertex 0.257441 4.09191 35
      vertex 0.768263 4.02738 35
    endloop
  endfacet
  facet normal -0 0 1
    outer loop
      vertex -0.19465 26.9061 35
      vertex 10 15 35
      vertex 0.19465 26.9061 35
    endloop
  endfacet
  facet normal 0 0 1
    outer loop
      vertex -0.257441 4.09191 35
      vertex 10 15 35
      vertex -0.19465 26.9061 35
    endloop
  endfacet
  facet normal 0 0 1
    outer loop
      vertex 10 15 35
      vertex -0.257441 4.09191 35
      vertex 0.257441 4.09191 35
    endloop
  endfacet
  facet normal 0 0 1
    outer loop
      vertex -0.580882 26.9549 35
      vertex -0.257441 4.09191 35
      vertex -0.19465 26.9061 35
    endloop
  endfacet
  facet normal 0 0 1
    outer loop
      vertex -0.580882 26.9549 35
      vertex -0.768263 4.02738 35
      vertex -0.257441 4.09191 35
    endloop
  endfacet
  facet normal 0 0 1
    outer loop
      vertex -0.957952 27.0517 35
      vertex -0.768263 4.02738 35
      vertex -0.580882 26.9549 35
    endloop
  endfacet
  facet normal 0 0 1
    outer loop
      vertex -0.957952 27.0517 35
      vertex -1.26697 3.89933 35
      vertex -0.768263 4.02738 35
    endloop
  endfacet
  facet normal 0 0 1
    outer loop
      vertex -1.31992 27.195 35
      vertex -1.26697 3.89933 35
      vertex -0.957952 27.0517 35
    endloop
  endfacet
  facet normal 0 0 1
    outer loop
      vertex -1.74569 3.70979 35
      vertex -1.31992 27.195 35
      vertex -1.66106 27.3826 35
    endloop
  endfacet
  facet normal 0 0 1
    outer loop
      vertex -1.31992 27.195 35
      vertex -1.74569 3.70979 35
      vertex -1.26697 3.89933 35
    endloop
  endfacet
  facet normal 0 0 1
    outer loop
      vertex -2.19689 3.46174 35
      vertex -1.66106 27.3826 35
      vertex -1.97601 27.6114 35
    endloop
  endfacet
  facet normal 0 0 1
    outer loop
      vertex -1.66106 27.3826 35
      vertex -2.19689 3.46174 35
      vertex -1.74569 3.70979 35
    endloop
  endfacet
  facet normal 0 0 1
    outer loop
      vertex -2.61344 3.1591 35
      vertex -1.97601 27.6114 35
      vertex -2.2598 27.8779 35
    endloop
  endfacet
  facet normal 0 0 1
    outer loop
      vertex -2.98877 2.80664 35
      vertex -2.2598 27.8779 35
      vertex -2.50795 28.1779 35
    endloop
  endfacet
  facet normal 0 0 1
    outer loop
      vertex -1.97601 27.6114 35
      vertex -2.61344 3.1591 35
      vertex -2.19689 3.46174 35
    endloop
  endfacet
  facet normal 0 0 1
    outer loop
      vertex -3.31697 2.40992 35
      vertex -2.50795 28.1779 35
      vertex -2.71655 28.5066 35
    endloop
  endfacet
  facet normal 0 0 1
    outer loop
      vertex -3.59286 1.97519 35
      vertex -2.71655 28.5066 35
      vertex -2.88231 28.8588 35
    endloop
  endfacet
  facet normal 0 0 1
    outer loop
      vertex -2.2598 27.8779 35
      vertex -2.98877 2.80664 35
      vertex -2.61344 3.1591 35
    endloop
  endfacet
  facet normal 0 0 1
    outer loop
      vertex -3.81208 1.50931 35
      vertex -2.88231 28.8588 35
      vertex -3.00261 29.2291 35
    endloop
  endfacet
  facet normal 0 0 1
    outer loop
      vertex -3.97119 1.01963 35
      vertex -3.00261 29.2291 35
      vertex -3.07555 29.6115 35
    endloop
  endfacet
  facet normal 0 0 1
    outer loop
      vertex -10 -15 35
      vertex -3.07555 29.6115 35
      vertex -3.1 30 35
    endloop
  endfacet
  facet normal 0 0 1
    outer loop
      vertex -3.97119 58.9804 35
      vertex -3.00261 30.7709 35
      vertex -3.81208 58.4907 35
    endloop
  endfacet
  facet normal 0 0 1
    outer loop
      vertex -2.50795 28.1779 35
      vertex -3.31697 2.40992 35
      vertex -2.98877 2.80664 35
    endloop
  endfacet
  facet normal 0 0 1
    outer loop
      vertex -3.00261 30.7709 35
      vertex -3.97119 58.9804 35
      vertex -3.07555 30.3885 35
    endloop
  endfacet
  facet normal 0 0 1
    outer loop
      vertex -2.71655 28.5066 35
      vertex -3.59286 1.97519 35
      vertex -3.31697 2.40992 35
    endloop
  endfacet
  facet normal 0 0 1
    outer loop
      vertex -10 75 35
      vertex -3.07555 30.3885 35
      vertex -3.97119 58.9804 35
    endloop
  endfacet
  facet normal 0 0 1
    outer loop
      vertex -2.88231 28.8588 35
      vertex -3.81208 1.50931 35
      vertex -3.59286 1.97519 35
    endloop
  endfacet
  facet normal 0 0 1
    outer loop
      vertex -10 75 35
      vertex -3.97119 58.9804 35
      vertex -4.06767 59.4861 35
    endloop
  endfacet
  facet normal 0 0 1
    outer loop
      vertex -3.00261 29.2291 35
      vertex -3.97119 1.01963 35
      vertex -3.81208 1.50931 35
    endloop
  endfacet
  facet normal 0 0 1
    outer loop
      vertex -3.07555 30.3885 35
      vertex -10 75 35
      vertex -3.1 30 35
    endloop
  endfacet
  facet normal 0 0 1
    outer loop
      vertex -10 -15 35
      vertex -3.97119 1.01963 35
      vertex -3.07555 29.6115 35
    endloop
  endfacet
  facet normal 0 0 1
    outer loop
      vertex -10 75 35
      vertex -4.06767 59.4861 35
      vertex -4.1 60 35
    endloop
  endfacet
  facet normal 0 0 1
    outer loop
      vertex -10 -15 35
      vertex -3.1 30 35
      vertex -10 75 35
    endloop
  endfacet
  facet normal 1 0 0
    outer loop
      vertex 10 35.2 23.2
      vertex 10 45 35
      vertex 10 35.2 26.8
    endloop
  endfacet
  facet normal 1 0 0
    outer loop
      vertex 10 45 35
      vertex 10 24.8 26.8
      vertex 10 35.2 26.8
    endloop
  endfacet
  facet normal 1 0 0
    outer loop
      vertex 10 24.8 26.8
      vertex 10 15 35
      vertex 10 24.8 23.2
    endloop
  endfacet
  facet normal 1 -0 0
    outer loop
      vertex 10 15 35
      vertex 10 24.8 26.8
      vertex 10 45 35
    endloop
  endfacet
  facet normal 1 0 0
    outer loop
      vertex 10 45 35
      vertex 10 35.2 23.2
      vertex 10 45 5
    endloop
  endfacet
  facet normal 1 -0 0
    outer loop
      vertex 10 24.8 23.2
      vertex 10 45 5
      vertex 10 35.2 23.2
    endloop
  endfacet
  facet normal 1 0 0
    outer loop
      vertex 10 24.8 23.2
      vertex 10 15 5
      vertex 10 45 5
    endloop
  endfacet
  facet normal 1 0 0
    outer loop
      vertex 10 15 5
      vertex 10 24.8 23.2
      vertex 10 15 35
    endloop
  endfacet
  facet normal 1 0 0
    outer loop
      vertex 10 69.3 22.1
      vertex 10 75 35
      vertex 10 69.3 27.9
    endloop
  endfacet
  facet normal 1 0 0
    outer loop
      vertex 10 75 35
      vertex 10 66.7 27.9
      vertex 10 69.3 27.9
    endloop
  endfacet
  facet normal 1 0 0
    outer loop
      vertex 10 66.7 27.9
      vertex 10 50 35
      vertex 10 66.7 22.1
    endloop
  endfacet
  facet normal 1 -0 0
    outer loop
      vertex 10 50 35
      vertex 10 66.7 27.9
      vertex 10 75 35
    endloop
  endfacet
  facet normal 1 0 0
    outer loop
      vertex 10 75 35
      vertex 10 69.3 22.1
      vertex 10 75 5
    endloop
  endfacet
  facet normal 1 -0 0
    outer loop
      vertex 10 66.7 22.1
      vertex 10 75 5
      vertex 10 69.3 22.1
    endloop
  endfacet
  facet normal 1 0 0
    outer loop
      vertex 10 50 5
      vertex 10 66.7 22.1
      vertex 10 50 35
    endloop
  endfacet
  facet normal 1 0 0
    outer loop
      vertex 10 66.7 22.1
      vertex 10 50 5
      vertex 10 75 5
    endloop
  endfacet
  facet normal 1 0 0
    outer loop
      vertex 10 -6.7 22.1
      vertex 10 10 35
      vertex 10 -6.7 27.9
    endloop
  endfacet
  facet normal 1 -0 0
    outer loop
      vertex 10 -15 35
      vertex 10 -6.7 27.9
      vertex 10 10 35
    endloop
  endfacet
  facet normal 1 0 0
    outer loop
      vertex 10 -9.3 27.9
      vertex 10 -15 35
      vertex 10 -9.3 22.1
    endloop
  endfacet
  facet normal 1 0 0
    outer loop
      vertex 10 -6.7 27.9
      vertex 10 -15 35
      vertex 10 -9.3 27.9
    endloop
  endfacet
  facet normal 1 0 0
    outer loop
      vertex 10 10 35
      vertex 10 -6.7 22.1
      vertex 10 10 5
    endloop
  endfacet
  facet normal 1 0 0
    outer loop
      vertex 10 -15 5
      vertex 10 -6.7 22.1
      vertex 10 -9.3 22.1
    endloop
  endfacet
  facet normal 1 0 0
    outer loop
      vertex 10 -6.7 22.1
      vertex 10 -15 5
      vertex 10 10 5
    endloop
  endfacet
  facet normal 1 0 0
    outer loop
      vertex 10 -15 5
      vertex 10 -9.3 22.1
      vertex 10 -15 35
    endloop
  endfacet
  facet normal 0 -1 0
    outer loop
      vertex 10 10 35
      vertex 10 10 5
      vertex 70 10 5
    endloop
  endfacet
  facet normal 0.447214 0 0.894427
    outer loop
      vertex 10 15 35
      vertex 70 10 5
      vertex 70 15 5
    endloop
  endfacet
  facet normal 0.447214 0 0.894427
    outer loop
      vertex 70 10 5
      vertex 10 15 35
      vertex 10 10 35
    endloop
  endfacet
  facet normal 0 1 0
    outer loop
      vertex 70 15 5
      vertex 10 15 5
      vertex 10 15 35
    endloop
  endfacet
  facet normal 0 -1 0
    outer loop
      vertex 10 45 35
      vertex 10 45 5
      vertex 70 45 5
    endloop
  endfacet
  facet normal 0.447214 0 0.894427
    outer loop
      vertex 10 50 35
      vertex 70 45 5
      vertex 70 50 5
    endloop
  endfacet
  facet normal 0.447214 0 0.894427
    outer loop
      vertex 70 45 5
      vertex 10 50 35
      vertex 10 45 35
    endloop
  endfacet
  facet normal 0 1 0
    outer loop
      vertex 70 50 5
      vertex 10 50 5
      vertex 10 50 35
    endloop
  endfacet
  facet normal 0.998027 0.062791 0
    outer loop
      vertex 90 30 0.5
      vertex 89.6846 35.0133 0
      vertex 89.6846 35.0133 0.5
    endloop
  endfacet
  facet normal 0.998027 0.062791 0
    outer loop
      vertex 89.6846 35.0133 0
      vertex 90 30 0.5
      vertex 90 30 0
    endloop
  endfacet
  facet normal -0.125333 0.992115 0
    outer loop
      vertex 47.4884 69.9211 0
      vertex 42.5047 69.2915 0.5
      vertex 47.4884 69.9211 0.5
    endloop
  endfacet
  facet normal -0.125333 0.992115 0
    outer loop
      vertex 42.5047 69.2915 0.5
      vertex 47.4884 69.9211 0
      vertex 42.5047 69.2915 0
    endloop
  endfacet
  facet normal 0.125333 -0.992115 0
    outer loop
      vertex 52.5116 -9.92107 0
      vertex 57.4953 -9.29149 0.5
      vertex 52.5116 -9.92107 0.5
    endloop
  endfacet
  facet normal 0.125333 -0.992115 0
    outer loop
      vertex 57.4953 -9.29149 0.5
      vertex 52.5116 -9.92107 0
      vertex 57.4953 -9.29149 0
    endloop
  endfacet
  facet normal 0.684547 0.728969 -0
    outer loop
      vertex 79.1587 57.3819 0
      vertex 75.497 60.8205 0.5
      vertex 79.1587 57.3819 0.5
    endloop
  endfacet
  facet normal 0.684547 0.728969 0
    outer loop
      vertex 75.497 60.8205 0.5
      vertex 79.1587 57.3819 0
      vertex 75.497 60.8205 0
    endloop
  endfacet
  facet normal -0.481755 0.876306 0
    outer loop
      vertex 32.9688 66.1931 0
      vertex 32.1789 65.7588 0.5
      vertex 32.9688 66.1931 0.5
    endloop
  endfacet
  facet normal -0.481755 0.876306 0
    outer loop
      vertex 32.1789 65.7588 0.5
      vertex 32.9688 66.1931 0
      vertex 32.1789 65.7588 0
    endloop
  endfacet
  facet normal 0.951056 -0.309017 0
    outer loop
      vertex 87.1911 15.275 0.5
      vertex 88.7433 20.0524 0
      vertex 88.7433 20.0524 0.5
    endloop
  endfacet
  facet normal 0.951056 -0.309017 0
    outer loop
      vertex 88.7433 20.0524 0
      vertex 87.1911 15.275 0.5
      vertex 87.1911 15.275 0
    endloop
  endfacet
  facet normal 0.904827 0.425779 0
    outer loop
      vertex 87.1911 44.725 0.5
      vertex 85.0523 49.2701 0
      vertex 85.0523 49.2701 0.5
    endloop
  endfacet
  facet normal 0.904827 0.425779 0
    outer loop
      vertex 85.0523 49.2701 0
      vertex 87.1911 44.725 0.5
      vertex 87.1911 44.725 0
    endloop
  endfacet
  facet normal 0.982287 0.187381 0
    outer loop
      vertex 89.6846 35.0133 0.5
      vertex 88.7433 39.9476 0
      vertex 88.7433 39.9476 0.5
    endloop
  endfacet
  facet normal 0.982287 0.187381 0
    outer loop
      vertex 88.7433 39.9476 0
      vertex 89.6846 35.0133 0.5
      vertex 89.6846 35.0133 0
    endloop
  endfacet
  facet normal 0.844328 0.535827 0
    outer loop
      vertex 85.0523 49.2701 0.5
      vertex 82.3607 53.5114 0
      vertex 82.3607 53.5114 0.5
    endloop
  endfacet
  facet normal 0.844328 0.535827 0
    outer loop
      vertex 82.3607 53.5114 0
      vertex 85.0523 49.2701 0.5
      vertex 85.0523 49.2701 0
    endloop
  endfacet
  facet normal 0.368124 0.929777 -0
    outer loop
      vertex 67.0312 66.1931 0
      vertex 62.3607 68.0423 0.5
      vertex 67.0312 66.1931 0.5
    endloop
  endfacet
  facet normal 0.368124 0.929777 0
    outer loop
      vertex 62.3607 68.0423 0.5
      vertex 67.0312 66.1931 0
      vertex 62.3607 68.0423 0
    endloop
  endfacet
  facet normal 0.481754 0.876307 -0
    outer loop
      vertex 71.4331 63.7731 0
      vertex 67.0312 66.1931 0.5
      vertex 71.4331 63.7731 0.5
    endloop
  endfacet
  facet normal 0.481754 0.876307 0
    outer loop
      vertex 67.0312 66.1931 0.5
      vertex 71.4331 63.7731 0
      vertex 67.0312 66.1931 0
    endloop
  endfacet
  facet normal -0.368124 0.929777 0
    outer loop
      vertex 37.6393 68.0423 0
      vertex 32.9688 66.1931 0.5
      vertex 37.6393 68.0423 0.5
    endloop
  endfacet
  facet normal -0.368124 0.929777 0
    outer loop
      vertex 32.9688 66.1931 0.5
      vertex 37.6393 68.0423 0
      vertex 32.9688 66.1931 0
    endloop
  endfacet
  facet normal 0.24869 -0.968583 0
    outer loop
      vertex 57.4953 -9.29149 0
      vertex 62.3607 -8.04226 0.5
      vertex 57.4953 -9.29149 0.5
    endloop
  endfacet
  facet normal 0.24869 -0.968583 0
    outer loop
      vertex 62.3607 -8.04226 0.5
      vertex 57.4953 -9.29149 0
      vertex 62.3607 -8.04226 0
    endloop
  endfacet
  facet normal 0.951056 0.309017 0
    outer loop
      vertex 88.7433 39.9476 0.5
      vertex 87.1911 44.725 0
      vertex 87.1911 44.725 0.5
    endloop
  endfacet
  facet normal 0.951056 0.309017 0
    outer loop
      vertex 87.1911 44.725 0
      vertex 88.7433 39.9476 0.5
      vertex 88.7433 39.9476 0
    endloop
  endfacet
  facet normal 0.770513 0.637424 0
    outer loop
      vertex 82.3607 53.5114 0.5
      vertex 79.1587 57.3819 0
      vertex 79.1587 57.3819 0.5
    endloop
  endfacet
  facet normal 0.770513 0.637424 0
    outer loop
      vertex 79.1587 57.3819 0
      vertex 82.3607 53.5114 0.5
      vertex 82.3607 53.5114 0
    endloop
  endfacet
  facet normal 0.125333 0.992115 -0
    outer loop
      vertex 57.4953 69.2915 0
      vertex 52.5116 69.9211 0.5
      vertex 57.4953 69.2915 0.5
    endloop
  endfacet
  facet normal 0.125333 0.992115 0
    outer loop
      vertex 52.5116 69.9211 0.5
      vertex 57.4953 69.2915 0
      vertex 52.5116 69.9211 0
    endloop
  endfacet
  facet normal 0.24869 0.968583 -0
    outer loop
      vertex 62.3607 68.0423 0
      vertex 57.4953 69.2915 0.5
      vertex 62.3607 68.0423 0.5
    endloop
  endfacet
  facet normal 0.24869 0.968583 0
    outer loop
      vertex 57.4953 69.2915 0.5
      vertex 62.3607 68.0423 0
      vertex 57.4953 69.2915 0
    endloop
  endfacet
  facet normal 0 1 -0
    outer loop
      vertex 52.5116 69.9211 0
      vertex 47.4884 69.9211 0.5
      vertex 52.5116 69.9211 0.5
    endloop
  endfacet
  facet normal 0 1 0
    outer loop
      vertex 47.4884 69.9211 0.5
      vertex 52.5116 69.9211 0
      vertex 47.4884 69.9211 0
    endloop
  endfacet
  facet normal 0.587786 0.809017 -0
    outer loop
      vertex 75.497 60.8205 0
      vertex 71.4331 63.7731 0.5
      vertex 75.497 60.8205 0.5
    endloop
  endfacet
  facet normal 0.587786 0.809017 0
    outer loop
      vertex 71.4331 63.7731 0.5
      vertex 75.497 60.8205 0
      vertex 71.4331 63.7731 0
    endloop
  endfacet
  facet normal 0 0 1
    outer loop
      vertex 70 50 0.5
      vertex 90 30 0.5
      vertex 89.6846 35.0133 0.5
    endloop
  endfacet
  facet normal 0 0 1
    outer loop
      vertex 70 50 0.5
      vertex 89.6846 35.0133 0.5
      vertex 88.7433 39.9476 0.5
    endloop
  endfacet
  facet normal 0 0 1
    outer loop
      vertex 70 10 0.5
      vertex 90 30 0.5
      vertex 70 50 0.5
    endloop
  endfacet
  facet normal 0 0 1
    outer loop
      vertex 70 50 0.5
      vertex 88.7433 39.9476 0.5
      vertex 87.1911 44.725 0.5
    endloop
  endfacet
  facet normal 0 0 1
    outer loop
      vertex 90 30 0.5
      vertex 70 10 0.5
      vertex 89.6846 24.9867 0.5
    endloop
  endfacet
  facet normal 0 0 1
    outer loop
      vertex 70 50 0.5
      vertex 87.1911 44.725 0.5
      vertex 85.0523 49.2701 0.5
    endloop
  endfacet
  facet normal 0 0 1
    outer loop
      vertex 89.6846 24.9867 0.5
      vertex 70 10 0.5
      vertex 88.7433 20.0524 0.5
    endloop
  endfacet
  facet normal -0 0 1
    outer loop
      vertex 70 50 0.5
      vertex 85.0523 49.2701 0.5
      vertex 82.3607 53.5114 0.5
    endloop
  endfacet
  facet normal 0 0 1
    outer loop
      vertex 88.7433 20.0524 0.5
      vertex 70 10 0.5
      vertex 87.1911 15.275 0.5
    endloop
  endfacet
  facet normal 0 0 1
    outer loop
      vertex 70 50 0.5
      vertex 82.3607 53.5114 0.5
      vertex 79.1587 57.3819 0.5
    endloop
  endfacet
  facet normal 0 0 1
    outer loop
      vertex 87.1911 15.275 0.5
      vertex 70 10 0.5
      vertex 85.0523 10.7299 0.5
    endloop
  endfacet
  facet normal 0 0 1
    outer loop
      vertex 70 50 0.5
      vertex 79.1587 57.3819 0.5
      vertex 75.497 60.8205 0.5
    endloop
  endfacet
  facet normal 0 0 1
    outer loop
      vertex 85.0523 10.7299 0.5
      vertex 70 10 0.5
      vertex 82.3607 6.48859 0.5
    endloop
  endfacet
  facet normal 0 0 1
    outer loop
      vertex 70 50 0.5
      vertex 75.497 60.8205 0.5
      vertex 71.4331 63.7731 0.5
    endloop
  endfacet
  facet normal 0 0 1
    outer loop
      vertex 82.3607 6.48859 0.5
      vertex 70 10 0.5
      vertex 79.1587 2.61812 0.5
    endloop
  endfacet
  facet normal 0 0 1
    outer loop
      vertex 79.1587 2.61812 0.5
      vertex 70 10 0.5
      vertex 75.497 -0.820529 0.5
    endloop
  endfacet
  facet normal 0 0 1
    outer loop
      vertex 67.0312 66.1931 0.5
      vertex 70 50 0.5
      vertex 71.4331 63.7731 0.5
    endloop
  endfacet
  facet normal 0 0 1
    outer loop
      vertex 62.3607 68.0423 0.5
      vertex 70 50 0.5
      vertex 67.0312 66.1931 0.5
    endloop
  endfacet
  facet normal 0 0 1
    outer loop
      vertex 57.4953 69.2915 0.5
      vertex 70 50 0.5
      vertex 62.3607 68.0423 0.5
    endloop
  endfacet
  facet normal 0 0 1
    outer loop
      vertex 52.5116 69.9211 0.5
      vertex 70 50 0.5
      vertex 57.4953 69.2915 0.5
    endloop
  endfacet
  facet normal -0 0 1
    outer loop
      vertex 47.4884 69.9211 0.5
      vertex 70 50 0.5
      vertex 52.5116 69.9211 0.5
    endloop
  endfacet
  facet normal -0 0 1
    outer loop
      vertex 42.5047 69.2915 0.5
      vertex 70 50 0.5
      vertex 47.4884 69.9211 0.5
    endloop
  endfacet
  facet normal -0 0 1
    outer loop
      vertex 37.6393 68.0423 0.5
      vertex 70 50 0.5
      vertex 42.5047 69.2915 0.5
    endloop
  endfacet
  facet normal 0 0 1
    outer loop
      vertex 32.1789 65.7588 0.5
      vertex 37.6393 68.0423 0.5
      vertex 32.9688 66.1931 0.5
    endloop
  endfacet
  facet normal 0 0 1
    outer loop
      vertex 37.6393 68.0423 0.5
      vertex 32.1789 65.7588 0.5
      vertex 70 50 0.5
    endloop
  endfacet
  facet normal 0 0 1
    outer loop
      vertex 75.497 -0.820529 0.5
      vertex 70 10 0.5
      vertex 71.4331 -3.77312 0.5
    endloop
  endfacet
  facet normal 0 0 1
    outer loop
      vertex 70 10 0.5
      vertex 67.0312 -6.19308 0.5
      vertex 71.4331 -3.77312 0.5
    endloop
  endfacet
  facet normal 0 0 1
    outer loop
      vertex 70 10 0.5
      vertex 62.3607 -8.04226 0.5
      vertex 67.0312 -6.19308 0.5
    endloop
  endfacet
  facet normal 0 0 1
    outer loop
      vertex 70 10 0.5
      vertex 57.4953 -9.29149 0.5
      vertex 62.3607 -8.04226 0.5
    endloop
  endfacet
  facet normal 0 0 1
    outer loop
      vertex 70 10 0.5
      vertex 52.5116 -9.92107 0.5
      vertex 57.4953 -9.29149 0.5
    endloop
  endfacet
  facet normal 0 0 1
    outer loop
      vertex 70 10 0.5
      vertex 47.4884 -9.92107 0.5
      vertex 52.5116 -9.92107 0.5
    endloop
  endfacet
  facet normal 0 0 1
    outer loop
      vertex 70 10 0.5
      vertex 42.5047 -9.29149 0.5
      vertex 47.4884 -9.92107 0.5
    endloop
  endfacet
  facet normal 0 0 1
    outer loop
      vertex 70 10 0.5
      vertex 37.6393 -8.04226 0.5
      vertex 42.5047 -9.29149 0.5
    endloop
  endfacet
  facet normal -0 0 1
    outer loop
      vertex 32.1789 -5.7588 0.5
      vertex 37.6393 -8.04226 0.5
      vertex 70 10 0.5
    endloop
  endfacet
  facet normal 0 0 1
    outer loop
      vertex 37.6393 -8.04226 0.5
      vertex 32.1789 -5.7588 0.5
      vertex 32.9688 -6.19308 0.5
    endloop
  endfacet
  facet normal -0.24869 0.968583 0
    outer loop
      vertex 42.5047 69.2915 0
      vertex 37.6393 68.0423 0.5
      vertex 42.5047 69.2915 0.5
    endloop
  endfacet
  facet normal -0.24869 0.968583 0
    outer loop
      vertex 37.6393 68.0423 0.5
      vertex 42.5047 69.2915 0
      vertex 37.6393 68.0423 0
    endloop
  endfacet
  facet normal 0.998027 -0.062791 0
    outer loop
      vertex 89.6846 24.9867 0.5
      vertex 90 30 0
      vertex 90 30 0.5
    endloop
  endfacet
  facet normal 0.998027 -0.062791 0
    outer loop
      vertex 90 30 0
      vertex 89.6846 24.9867 0.5
      vertex 89.6846 24.9867 0
    endloop
  endfacet
  facet normal 0.844328 -0.535827 0
    outer loop
      vertex 82.3607 6.48859 0.5
      vertex 85.0523 10.7299 0
      vertex 85.0523 10.7299 0.5
    endloop
  endfacet
  facet normal 0.844328 -0.535827 0
    outer loop
      vertex 85.0523 10.7299 0
      vertex 82.3607 6.48859 0.5
      vertex 82.3607 6.48859 0
    endloop
  endfacet
  facet normal 0.982287 -0.187381 0
    outer loop
      vertex 88.7433 20.0524 0.5
      vertex 89.6846 24.9867 0
      vertex 89.6846 24.9867 0.5
    endloop
  endfacet
  facet normal 0.982287 -0.187381 0
    outer loop
      vertex 89.6846 24.9867 0
      vertex 88.7433 20.0524 0.5
      vertex 88.7433 20.0524 0
    endloop
  endfacet
  facet normal 0.587786 -0.809017 0
    outer loop
      vertex 71.4331 -3.77312 0
      vertex 75.497 -0.820529 0.5
      vertex 71.4331 -3.77312 0.5
    endloop
  endfacet
  facet normal 0.587786 -0.809017 0
    outer loop
      vertex 75.497 -0.820529 0.5
      vertex 71.4331 -3.77312 0
      vertex 75.497 -0.820529 0
    endloop
  endfacet
  facet normal 0.904828 -0.425778 0
    outer loop
      vertex 85.0523 10.7299 0.5
      vertex 87.1911 15.275 0
      vertex 87.1911 15.275 0.5
    endloop
  endfacet
  facet normal 0.904828 -0.425778 0
    outer loop
      vertex 87.1911 15.275 0
      vertex 85.0523 10.7299 0.5
      vertex 85.0523 10.7299 0
    endloop
  endfacet
  facet normal -0.24869 -0.968583 0
    outer loop
      vertex 37.6393 -8.04226 0
      vertex 42.5047 -9.29149 0.5
      vertex 37.6393 -8.04226 0.5
    endloop
  endfacet
  facet normal -0.24869 -0.968583 -0
    outer loop
      vertex 42.5047 -9.29149 0.5
      vertex 37.6393 -8.04226 0
      vertex 42.5047 -9.29149 0
    endloop
  endfacet
  facet normal 0.770513 -0.637424 0
    outer loop
      vertex 79.1587 2.61812 0.5
      vertex 82.3607 6.48859 0
      vertex 82.3607 6.48859 0.5
    endloop
  endfacet
  facet normal 0.770513 -0.637424 0
    outer loop
      vertex 82.3607 6.48859 0
      vertex 79.1587 2.61812 0.5
      vertex 79.1587 2.61812 0
    endloop
  endfacet
  facet normal 0.481754 -0.876307 0
    outer loop
      vertex 67.0312 -6.19308 0
      vertex 71.4331 -3.77312 0.5
      vertex 67.0312 -6.19308 0.5
    endloop
  endfacet
  facet normal 0.481754 -0.876307 0
    outer loop
      vertex 71.4331 -3.77312 0.5
      vertex 67.0312 -6.19308 0
      vertex 71.4331 -3.77312 0
    endloop
  endfacet
  facet normal 0.368124 -0.929777 0
    outer loop
      vertex 62.3607 -8.04226 0
      vertex 67.0312 -6.19308 0.5
      vertex 62.3607 -8.04226 0.5
    endloop
  endfacet
  facet normal 0.368124 -0.929777 0
    outer loop
      vertex 67.0312 -6.19308 0.5
      vertex 62.3607 -8.04226 0
      vertex 67.0312 -6.19308 0
    endloop
  endfacet
  facet normal -0.368124 -0.929777 0
    outer loop
      vertex 32.9688 -6.19308 0
      vertex 37.6393 -8.04226 0.5
      vertex 32.9688 -6.19308 0.5
    endloop
  endfacet
  facet normal -0.368124 -0.929777 -0
    outer loop
      vertex 37.6393 -8.04226 0.5
      vertex 32.9688 -6.19308 0
      vertex 37.6393 -8.04226 0
    endloop
  endfacet
  facet normal 0.684547 -0.728969 0
    outer loop
      vertex 75.497 -0.820529 0
      vertex 79.1587 2.61812 0.5
      vertex 75.497 -0.820529 0.5
    endloop
  endfacet
  facet normal 0.684547 -0.728969 0
    outer loop
      vertex 79.1587 2.61812 0.5
      vertex 75.497 -0.820529 0
      vertex 79.1587 2.61812 0
    endloop
  endfacet
  facet normal -0.125333 -0.992115 0
    outer loop
      vertex 42.5047 -9.29149 0
      vertex 47.4884 -9.92107 0.5
      vertex 42.5047 -9.29149 0.5
    endloop
  endfacet
  facet normal -0.125333 -0.992115 -0
    outer loop
      vertex 47.4884 -9.92107 0.5
      vertex 42.5047 -9.29149 0
      vertex 47.4884 -9.92107 0
    endloop
  endfacet
  facet normal -0.481754 -0.876306 0
    outer loop
      vertex 32.1789 -5.7588 0
      vertex 32.9688 -6.19308 0.5
      vertex 32.1789 -5.7588 0.5
    endloop
  endfacet
  facet normal -0.481754 -0.876306 -0
    outer loop
      vertex 32.9688 -6.19308 0.5
      vertex 32.1789 -5.7588 0
      vertex 32.9688 -6.19308 0
    endloop
  endfacet
  facet normal 0 -1 0
    outer loop
      vertex 47.4884 -9.92107 0
      vertex 52.5116 -9.92107 0.5
      vertex 47.4884 -9.92107 0.5
    endloop
  endfacet
  facet normal 0 -1 -0
    outer loop
      vertex 52.5116 -9.92107 0.5
      vertex 47.4884 -9.92107 0
      vertex 52.5116 -9.92107 0
    endloop
  endfacet
  facet normal 0.998027 -0.06279 0
    outer loop
      vertex 64.8817 28.12 10
      vertex 65 30 5
      vertex 65 30 10
    endloop
  endfacet
  facet normal 0.998027 -0.06279 0
    outer loop
      vertex 65 30 5
      vertex 64.8817 28.12 10
      vertex 64.8817 28.12 5
    endloop
  endfacet
  facet normal 0.481754 0.876307 -0
    outer loop
      vertex 58.0374 42.6649 5
      vertex 56.3867 43.5724 10
      vertex 58.0374 42.6649 10
    endloop
  endfacet
  facet normal 0.481754 0.876307 0
    outer loop
      vertex 56.3867 43.5724 10
      vertex 58.0374 42.6649 5
      vertex 56.3867 43.5724 5
    endloop
  endfacet
  facet normal -0.368125 0.929776 0
    outer loop
      vertex 45.3647 44.2658 5
      vertex 43.6133 43.5724 10
      vertex 45.3647 44.2658 10
    endloop
  endfacet
  facet normal -0.368125 0.929776 0
    outer loop
      vertex 43.6133 43.5724 10
      vertex 45.3647 44.2658 5
      vertex 43.6133 43.5724 5
    endloop
  endfacet
  facet normal -0.951057 0.309017 0
    outer loop
      vertex 35.4713 33.7303 5
      vertex 36.0534 35.5219 10
      vertex 36.0534 35.5219 5
    endloop
  endfacet
  facet normal -0.951057 0.309017 0
    outer loop
      vertex 36.0534 35.5219 10
      vertex 35.4713 33.7303 5
      vertex 35.4713 33.7303 10
    endloop
  endfacet
  facet normal -0.844328 -0.535827 0
    outer loop
      vertex 37.8647 21.1832 5
      vertex 36.8554 22.7737 10
      vertex 36.8554 22.7737 5
    endloop
  endfacet
  facet normal -0.844328 -0.535827 0
    outer loop
      vertex 36.8554 22.7737 10
      vertex 37.8647 21.1832 5
      vertex 37.8647 21.1832 10
    endloop
  endfacet
  facet normal 0.951057 0.309017 0
    outer loop
      vertex 64.5287 33.7303 10
      vertex 63.9466 35.5219 5
      vertex 63.9466 35.5219 10
    endloop
  endfacet
  facet normal 0.951057 0.309017 0
    outer loop
      vertex 63.9466 35.5219 5
      vertex 64.5287 33.7303 10
      vertex 64.5287 33.7303 5
    endloop
  endfacet
  facet normal 0.904827 0.425779 0
    outer loop
      vertex 63.9466 35.5219 10
      vertex 63.1446 37.2263 5
      vertex 63.1446 37.2263 10
    endloop
  endfacet
  facet normal 0.904827 0.425779 0
    outer loop
      vertex 63.1446 37.2263 5
      vertex 63.9466 35.5219 10
      vertex 63.9466 35.5219 5
    endloop
  endfacet
  facet normal 0.844328 0.535826 0
    outer loop
      vertex 63.1446 37.2263 10
      vertex 62.1353 38.8168 5
      vertex 62.1353 38.8168 10
    endloop
  endfacet
  facet normal 0.844328 0.535826 0
    outer loop
      vertex 62.1353 38.8168 5
      vertex 63.1446 37.2263 10
      vertex 63.1446 37.2263 5
    endloop
  endfacet
  facet normal 0.770512 0.637425 0
    outer loop
      vertex 62.1353 38.8168 10
      vertex 60.9345 40.2682 5
      vertex 60.9345 40.2682 10
    endloop
  endfacet
  facet normal 0.770512 0.637425 0
    outer loop
      vertex 60.9345 40.2682 5
      vertex 62.1353 38.8168 10
      vertex 62.1353 38.8168 5
    endloop
  endfacet
  facet normal 0.368125 0.929776 -0
    outer loop
      vertex 56.3867 43.5724 5
      vertex 54.6353 44.2658 10
      vertex 56.3867 43.5724 10
    endloop
  endfacet
  facet normal 0.368125 0.929776 0
    outer loop
      vertex 54.6353 44.2658 10
      vertex 56.3867 43.5724 5
      vertex 54.6353 44.2658 5
    endloop
  endfacet
  facet normal 0 1 -0
    outer loop
      vertex 50.9419 44.9704 5
      vertex 49.0581 44.9704 10
      vertex 50.9419 44.9704 10
    endloop
  endfacet
  facet normal 0 1 0
    outer loop
      vertex 49.0581 44.9704 10
      vertex 50.9419 44.9704 5
      vertex 49.0581 44.9704 5
    endloop
  endfacet
  facet normal 0.125335 0.992114 -0
    outer loop
      vertex 52.8107 44.7343 5
      vertex 50.9419 44.9704 10
      vertex 52.8107 44.7343 10
    endloop
  endfacet
  facet normal 0.125335 0.992114 0
    outer loop
      vertex 50.9419 44.9704 10
      vertex 52.8107 44.7343 5
      vertex 50.9419 44.9704 5
    endloop
  endfacet
  facet normal -0.998027 0.06279 0
    outer loop
      vertex 35 30 5
      vertex 35.1183 31.88 10
      vertex 35.1183 31.88 5
    endloop
  endfacet
  facet normal -0.998027 0.06279 0
    outer loop
      vertex 35.1183 31.88 10
      vertex 35 30 5
      vertex 35 30 10
    endloop
  endfacet
  facet normal -0.844328 0.535826 0
    outer loop
      vertex 36.8554 37.2263 5
      vertex 37.8647 38.8168 10
      vertex 37.8647 38.8168 5
    endloop
  endfacet
  facet normal -0.844328 0.535826 0
    outer loop
      vertex 37.8647 38.8168 10
      vertex 36.8554 37.2263 5
      vertex 36.8554 37.2263 10
    endloop
  endfacet
  facet normal -0.684547 0.728969 0
    outer loop
      vertex 40.4386 41.5577 5
      vertex 39.0655 40.2682 10
      vertex 40.4386 41.5577 10
    endloop
  endfacet
  facet normal -0.684547 0.728969 0
    outer loop
      vertex 39.0655 40.2682 10
      vertex 40.4386 41.5577 5
      vertex 39.0655 40.2682 5
    endloop
  endfacet
  facet normal 0.998027 0.06279 0
    outer loop
      vertex 65 30 10
      vertex 64.8817 31.88 5
      vertex 64.8817 31.88 10
    endloop
  endfacet
  facet normal 0.998027 0.06279 0
    outer loop
      vertex 64.8817 31.88 5
      vertex 65 30 10
      vertex 65 30 5
    endloop
  endfacet
  facet normal 0.368124 -0.929777 0
    outer loop
      vertex 54.6353 15.7342 5
      vertex 56.3867 16.4276 10
      vertex 54.6353 15.7342 10
    endloop
  endfacet
  facet normal 0.368124 -0.929777 0
    outer loop
      vertex 56.3867 16.4276 10
      vertex 54.6353 15.7342 5
      vertex 56.3867 16.4276 5
    endloop
  endfacet
  facet normal 0.770513 -0.637424 0
    outer loop
      vertex 60.9345 19.7318 10
      vertex 62.1353 21.1832 5
      vertex 62.1353 21.1832 10
    endloop
  endfacet
  facet normal 0.770513 -0.637424 0
    outer loop
      vertex 62.1353 21.1832 5
      vertex 60.9345 19.7318 10
      vertex 60.9345 19.7318 5
    endloop
  endfacet
  facet normal -0.368124 -0.929777 0
    outer loop
      vertex 43.6133 16.4276 5
      vertex 45.3647 15.7342 10
      vertex 43.6133 16.4276 10
    endloop
  endfacet
  facet normal -0.368124 -0.929777 -0
    outer loop
      vertex 45.3647 15.7342 10
      vertex 43.6133 16.4276 5
      vertex 45.3647 15.7342 5
    endloop
  endfacet
  facet normal 0.982287 0.187382 0
    outer loop
      vertex 64.8817 31.88 10
      vertex 64.5287 33.7303 5
      vertex 64.5287 33.7303 10
    endloop
  endfacet
  facet normal 0.982287 0.187382 0
    outer loop
      vertex 64.5287 33.7303 5
      vertex 64.8817 31.88 10
      vertex 64.8817 31.88 5
    endloop
  endfacet
  facet normal 0.684548 0.728968 -0
    outer loop
      vertex 60.9345 40.2682 5
      vertex 59.5614 41.5577 10
      vertex 60.9345 40.2682 10
    endloop
  endfacet
  facet normal 0.684548 0.728968 0
    outer loop
      vertex 59.5614 41.5577 10
      vertex 60.9345 40.2682 5
      vertex 59.5614 41.5577 5
    endloop
  endfacet
  facet normal 0.248689 0.968583 -0
    outer loop
      vertex 54.6353 44.2658 5
      vertex 52.8107 44.7343 10
      vertex 54.6353 44.2658 10
    endloop
  endfacet
  facet normal 0.248689 0.968583 0
    outer loop
      vertex 52.8107 44.7343 10
      vertex 54.6353 44.2658 5
      vertex 52.8107 44.7343 5
    endloop
  endfacet
  facet normal -0.998027 -0.06279 0
    outer loop
      vertex 35.1183 28.12 5
      vertex 35 30 10
      vertex 35 30 5
    endloop
  endfacet
  facet normal -0.998027 -0.06279 0
    outer loop
      vertex 35 30 10
      vertex 35.1183 28.12 5
      vertex 35.1183 28.12 10
    endloop
  endfacet
  facet normal -0.125335 0.992115 0
    outer loop
      vertex 49.0581 44.9704 5
      vertex 47.1893 44.7343 10
      vertex 49.0581 44.9704 10
    endloop
  endfacet
  facet normal -0.125335 0.992115 0
    outer loop
      vertex 47.1893 44.7343 10
      vertex 49.0581 44.9704 5
      vertex 47.1893 44.7343 5
    endloop
  endfacet
  facet normal -0.24869 0.968583 0
    outer loop
      vertex 47.1893 44.7343 5
      vertex 45.3647 44.2658 10
      vertex 47.1893 44.7343 10
    endloop
  endfacet
  facet normal -0.24869 0.968583 0
    outer loop
      vertex 45.3647 44.2658 10
      vertex 47.1893 44.7343 5
      vertex 45.3647 44.2658 5
    endloop
  endfacet
  facet normal -0.481753 0.876307 0
    outer loop
      vertex 43.6133 43.5724 5
      vertex 41.9626 42.6649 10
      vertex 43.6133 43.5724 10
    endloop
  endfacet
  facet normal -0.481753 0.876307 0
    outer loop
      vertex 41.9626 42.6649 10
      vertex 43.6133 43.5724 5
      vertex 41.9626 42.6649 5
    endloop
  endfacet
  facet normal -0.587785 0.809017 0
    outer loop
      vertex 41.9626 42.6649 5
      vertex 40.4386 41.5577 10
      vertex 41.9626 42.6649 10
    endloop
  endfacet
  facet normal -0.587785 0.809017 0
    outer loop
      vertex 40.4386 41.5577 10
      vertex 41.9626 42.6649 5
      vertex 40.4386 41.5577 5
    endloop
  endfacet
  facet normal -0.770513 0.637424 0
    outer loop
      vertex 37.8647 38.8168 5
      vertex 39.0655 40.2682 10
      vertex 39.0655 40.2682 5
    endloop
  endfacet
  facet normal -0.770513 0.637424 0
    outer loop
      vertex 39.0655 40.2682 10
      vertex 37.8647 38.8168 5
      vertex 37.8647 38.8168 10
    endloop
  endfacet
  facet normal 0.125333 -0.992115 0
    outer loop
      vertex 50.9419 15.0296 5
      vertex 52.8107 15.2657 10
      vertex 50.9419 15.0296 10
    endloop
  endfacet
  facet normal 0.125333 -0.992115 0
    outer loop
      vertex 52.8107 15.2657 10
      vertex 50.9419 15.0296 5
      vertex 52.8107 15.2657 5
    endloop
  endfacet
  facet normal 0.982287 -0.187382 0
    outer loop
      vertex 64.5287 26.2697 10
      vertex 64.8817 28.12 5
      vertex 64.8817 28.12 10
    endloop
  endfacet
  facet normal 0.982287 -0.187382 0
    outer loop
      vertex 64.8817 28.12 5
      vertex 64.5287 26.2697 10
      vertex 64.5287 26.2697 5
    endloop
  endfacet
  facet normal 0.844328 -0.535827 0
    outer loop
      vertex 62.1353 21.1832 10
      vertex 63.1446 22.7737 5
      vertex 63.1446 22.7737 10
    endloop
  endfacet
  facet normal 0.844328 -0.535827 0
    outer loop
      vertex 63.1446 22.7737 5
      vertex 62.1353 21.1832 10
      vertex 62.1353 21.1832 5
    endloop
  endfacet
  facet normal 0.24869 -0.968583 0
    outer loop
      vertex 52.8107 15.2657 5
      vertex 54.6353 15.7342 10
      vertex 52.8107 15.2657 10
    endloop
  endfacet
  facet normal 0.24869 -0.968583 0
    outer loop
      vertex 54.6353 15.7342 10
      vertex 52.8107 15.2657 5
      vertex 54.6353 15.7342 5
    endloop
  endfacet
  facet normal 0.481754 -0.876306 0
    outer loop
      vertex 56.3867 16.4276 5
      vertex 58.0374 17.3351 10
      vertex 56.3867 16.4276 10
    endloop
  endfacet
  facet normal 0.481754 -0.876306 0
    outer loop
      vertex 58.0374 17.3351 10
      vertex 56.3867 16.4276 5
      vertex 58.0374 17.3351 5
    endloop
  endfacet
  facet normal 0.684547 -0.728969 0
    outer loop
      vertex 59.5614 18.4423 5
      vertex 60.9345 19.7318 10
      vertex 59.5614 18.4423 10
    endloop
  endfacet
  facet normal 0.684547 -0.728969 0
    outer loop
      vertex 60.9345 19.7318 10
      vertex 59.5614 18.4423 5
      vertex 60.9345 19.7318 5
    endloop
  endfacet
  facet normal 0.587785 -0.809018 0
    outer loop
      vertex 58.0374 17.3351 5
      vertex 59.5614 18.4423 10
      vertex 58.0374 17.3351 10
    endloop
  endfacet
  facet normal 0.587785 -0.809018 0
    outer loop
      vertex 59.5614 18.4423 10
      vertex 58.0374 17.3351 5
      vertex 59.5614 18.4423 5
    endloop
  endfacet
  facet normal 0 -1 0
    outer loop
      vertex 49.0581 15.0296 5
      vertex 50.9419 15.0296 10
      vertex 49.0581 15.0296 10
    endloop
  endfacet
  facet normal 0 -1 -0
    outer loop
      vertex 50.9419 15.0296 10
      vertex 49.0581 15.0296 5
      vertex 50.9419 15.0296 5
    endloop
  endfacet
  facet normal -0.24869 -0.968583 0
    outer loop
      vertex 45.3647 15.7342 5
      vertex 47.1893 15.2657 10
      vertex 45.3647 15.7342 10
    endloop
  endfacet
  facet normal -0.24869 -0.968583 -0
    outer loop
      vertex 47.1893 15.2657 10
      vertex 45.3647 15.7342 5
      vertex 47.1893 15.2657 5
    endloop
  endfacet
  facet normal -0.125333 -0.992115 0
    outer loop
      vertex 47.1893 15.2657 5
      vertex 49.0581 15.0296 10
      vertex 47.1893 15.2657 10
    endloop
  endfacet
  facet normal -0.125333 -0.992115 -0
    outer loop
      vertex 49.0581 15.0296 10
      vertex 47.1893 15.2657 5
      vertex 49.0581 15.0296 5
    endloop
  endfacet
  facet normal -0.587785 -0.809017 0
    outer loop
      vertex 40.4386 18.4423 5
      vertex 41.9626 17.3351 10
      vertex 40.4386 18.4423 10
    endloop
  endfacet
  facet normal -0.587785 -0.809017 -0
    outer loop
      vertex 41.9626 17.3351 10
      vertex 40.4386 18.4423 5
      vertex 41.9626 17.3351 5
    endloop
  endfacet
  facet normal -0.904827 -0.425779 0
    outer loop
      vertex 36.8554 22.7737 5
      vertex 36.0534 24.4781 10
      vertex 36.0534 24.4781 5
    endloop
  endfacet
  facet normal -0.904827 -0.425779 0
    outer loop
      vertex 36.0534 24.4781 10
      vertex 36.8554 22.7737 5
      vertex 36.8554 22.7737 10
    endloop
  endfacet
  facet normal -0.982287 -0.187382 0
    outer loop
      vertex 35.4713 26.2697 5
      vertex 35.1183 28.12 10
      vertex 35.1183 28.12 5
    endloop
  endfacet
  facet normal -0.982287 -0.187382 0
    outer loop
      vertex 35.1183 28.12 10
      vertex 35.4713 26.2697 5
      vertex 35.4713 26.2697 10
    endloop
  endfacet
  facet normal -0.770514 -0.637423 0
    outer loop
      vertex 39.0655 19.7318 5
      vertex 37.8647 21.1832 10
      vertex 37.8647 21.1832 5
    endloop
  endfacet
  facet normal -0.770514 -0.637423 0
    outer loop
      vertex 37.8647 21.1832 10
      vertex 39.0655 19.7318 5
      vertex 39.0655 19.7318 10
    endloop
  endfacet
  facet normal -0.684546 -0.72897 0
    outer loop
      vertex 39.0655 19.7318 5
      vertex 40.4386 18.4423 10
      vertex 39.0655 19.7318 10
    endloop
  endfacet
  facet normal -0.684546 -0.72897 -0
    outer loop
      vertex 40.4386 18.4423 10
      vertex 39.0655 19.7318 5
      vertex 40.4386 18.4423 5
    endloop
  endfacet
  facet normal 0.587785 0.809018 -0
    outer loop
      vertex 59.5614 41.5577 5
      vertex 58.0374 42.6649 10
      vertex 59.5614 41.5577 10
    endloop
  endfacet
  facet normal 0.587785 0.809018 0
    outer loop
      vertex 58.0374 42.6649 10
      vertex 59.5614 41.5577 5
      vertex 58.0374 42.6649 5
    endloop
  endfacet
  facet normal 0 0 1
    outer loop
      vertex 56.5 30 10
      vertex 65 30 10
      vertex 64.8817 31.88 10
    endloop
  endfacet
  facet normal 0 0 1
    outer loop
      vertex 56.4487 30.8147 10
      vertex 64.8817 31.88 10
      vertex 64.5287 33.7303 10
    endloop
  endfacet
  facet normal 0 0 1
    outer loop
      vertex 65 30 10
      vertex 56.5 30 10
      vertex 64.8817 28.12 10
    endloop
  endfacet
  facet normal 0 0 1
    outer loop
      vertex 56.2958 31.6165 10
      vertex 64.5287 33.7303 10
      vertex 63.9466 35.5219 10
    endloop
  endfacet
  facet normal -0 0 1
    outer loop
      vertex 56.4487 29.1853 10
      vertex 64.8817 28.12 10
      vertex 56.5 30 10
    endloop
  endfacet
  facet normal 0 0 1
    outer loop
      vertex 56.0435 32.3928 10
      vertex 63.9466 35.5219 10
      vertex 63.1446 37.2263 10
    endloop
  endfacet
  facet normal 0 0 1
    outer loop
      vertex 64.8817 28.12 10
      vertex 56.4487 29.1853 10
      vertex 64.5287 26.2697 10
    endloop
  endfacet
  facet normal 0 0 1
    outer loop
      vertex 55.696 33.1314 10
      vertex 63.1446 37.2263 10
      vertex 62.1353 38.8168 10
    endloop
  endfacet
  facet normal -0 0 1
    outer loop
      vertex 56.2958 28.3835 10
      vertex 64.5287 26.2697 10
      vertex 56.4487 29.1853 10
    endloop
  endfacet
  facet normal 0 0 1
    outer loop
      vertex 55.2586 33.8206 10
      vertex 62.1353 38.8168 10
      vertex 60.9345 40.2682 10
    endloop
  endfacet
  facet normal 0 0 1
    outer loop
      vertex 64.5287 26.2697 10
      vertex 56.2958 28.3835 10
      vertex 63.9466 24.4781 10
    endloop
  endfacet
  facet normal 0 0 1
    outer loop
      vertex 54.7383 34.4496 10
      vertex 60.9345 40.2682 10
      vertex 59.5614 41.5577 10
    endloop
  endfacet
  facet normal -0 0 1
    outer loop
      vertex 56.0435 27.6072 10
      vertex 63.9466 24.4781 10
      vertex 56.2958 28.3835 10
    endloop
  endfacet
  facet normal 0 0 1
    outer loop
      vertex 54.1433 35.0083 10
      vertex 59.5614 41.5577 10
      vertex 58.0374 42.6649 10
    endloop
  endfacet
  facet normal 0 0 1
    outer loop
      vertex 63.9466 24.4781 10
      vertex 56.0435 27.6072 10
      vertex 63.1446 22.7737 10
    endloop
  endfacet
  facet normal -0 0 1
    outer loop
      vertex 55.696 26.8686 10
      vertex 63.1446 22.7737 10
      vertex 56.0435 27.6072 10
    endloop
  endfacet
  facet normal 0 0 1
    outer loop
      vertex 64.8817 31.88 10
      vertex 56.4487 30.8147 10
      vertex 56.5 30 10
    endloop
  endfacet
  facet normal 0 0 1
    outer loop
      vertex 53.4829 35.4881 10
      vertex 58.0374 42.6649 10
      vertex 56.3867 43.5724 10
    endloop
  endfacet
  facet normal 0 0 1
    outer loop
      vertex 64.5287 33.7303 10
      vertex 56.2958 31.6165 10
      vertex 56.4487 30.8147 10
    endloop
  endfacet
  facet normal 0 0 1
    outer loop
      vertex 63.9466 35.5219 10
      vertex 56.0435 32.3928 10
      vertex 56.2958 31.6165 10
    endloop
  endfacet
  facet normal 0 0 1
    outer loop
      vertex 63.1446 37.2263 10
      vertex 55.696 33.1314 10
      vertex 56.0435 32.3928 10
    endloop
  endfacet
  facet normal 0 0 1
    outer loop
      vertex 62.1353 38.8168 10
      vertex 55.2586 33.8206 10
      vertex 55.696 33.1314 10
    endloop
  endfacet
  facet normal 0 0 1
    outer loop
      vertex 60.9345 40.2682 10
      vertex 54.7383 34.4496 10
      vertex 55.2586 33.8206 10
    endloop
  endfacet
  facet normal 0 0 1
    outer loop
      vertex 52.7676 35.8814 10
      vertex 56.3867 43.5724 10
      vertex 54.6353 44.2658 10
    endloop
  endfacet
  facet normal 0 0 1
    outer loop
      vertex 59.5614 41.5577 10
      vertex 54.1433 35.0083 10
      vertex 54.7383 34.4496 10
    endloop
  endfacet
  facet normal 0 0 1
    outer loop
      vertex 58.0374 42.6649 10
      vertex 53.4829 35.4881 10
      vertex 54.1433 35.0083 10
    endloop
  endfacet
  facet normal 0 0 1
    outer loop
      vertex 52.0086 36.1819 10
      vertex 54.6353 44.2658 10
      vertex 52.8107 44.7343 10
    endloop
  endfacet
  facet normal 0 0 1
    outer loop
      vertex 56.3867 43.5724 10
      vertex 52.7676 35.8814 10
      vertex 53.4829 35.4881 10
    endloop
  endfacet
  facet normal 0 0 1
    outer loop
      vertex 54.6353 44.2658 10
      vertex 52.0086 36.1819 10
      vertex 52.7676 35.8814 10
    endloop
  endfacet
  facet normal 0 0 1
    outer loop
      vertex 52.8107 44.7343 10
      vertex 51.218 36.3849 10
      vertex 52.0086 36.1819 10
    endloop
  endfacet
  facet normal 0 0 1
    outer loop
      vertex 50.9419 44.9704 10
      vertex 51.218 36.3849 10
      vertex 52.8107 44.7343 10
    endloop
  endfacet
  facet normal 0 0 1
    outer loop
      vertex 50.9419 44.9704 10
      vertex 50.4081 36.4872 10
      vertex 51.218 36.3849 10
    endloop
  endfacet
  facet normal 0 0 1
    outer loop
      vertex 50.9419 44.9704 10
      vertex 49.5919 36.4872 10
      vertex 50.4081 36.4872 10
    endloop
  endfacet
  facet normal -0 0 1
    outer loop
      vertex 49.0581 44.9704 10
      vertex 49.5919 36.4872 10
      vertex 50.9419 44.9704 10
    endloop
  endfacet
  facet normal 0 0 1
    outer loop
      vertex 49.0581 44.9704 10
      vertex 48.782 36.3849 10
      vertex 49.5919 36.4872 10
    endloop
  endfacet
  facet normal -0 0 1
    outer loop
      vertex 47.1893 44.7343 10
      vertex 48.782 36.3849 10
      vertex 49.0581 44.9704 10
    endloop
  endfacet
  facet normal 0 0 1
    outer loop
      vertex 48.782 36.3849 10
      vertex 47.1893 44.7343 10
      vertex 47.9914 36.1819 10
    endloop
  endfacet
  facet normal -0 0 1
    outer loop
      vertex 45.3647 44.2658 10
      vertex 47.9914 36.1819 10
      vertex 47.1893 44.7343 10
    endloop
  endfacet
  facet normal 0 0 1
    outer loop
      vertex 47.9914 36.1819 10
      vertex 45.3647 44.2658 10
      vertex 47.2324 35.8814 10
    endloop
  endfacet
  facet normal -0 0 1
    outer loop
      vertex 43.6133 43.5724 10
      vertex 47.2324 35.8814 10
      vertex 45.3647 44.2658 10
    endloop
  endfacet
  facet normal 0 0 1
    outer loop
      vertex 47.2324 35.8814 10
      vertex 43.6133 43.5724 10
      vertex 46.5171 35.4881 10
    endloop
  endfacet
  facet normal -0 0 1
    outer loop
      vertex 41.9626 42.6649 10
      vertex 46.5171 35.4881 10
      vertex 43.6133 43.5724 10
    endloop
  endfacet
  facet normal 0 0 1
    outer loop
      vertex 46.5171 35.4881 10
      vertex 41.9626 42.6649 10
      vertex 45.8567 35.0083 10
    endloop
  endfacet
  facet normal -0 0 1
    outer loop
      vertex 40.4386 41.5577 10
      vertex 45.8567 35.0083 10
      vertex 41.9626 42.6649 10
    endloop
  endfacet
  facet normal 0 0 1
    outer loop
      vertex 45.8567 35.0083 10
      vertex 40.4386 41.5577 10
      vertex 45.2617 34.4496 10
    endloop
  endfacet
  facet normal -0 0 1
    outer loop
      vertex 39.0655 40.2682 10
      vertex 45.2617 34.4496 10
      vertex 40.4386 41.5577 10
    endloop
  endfacet
  facet normal 0 0 1
    outer loop
      vertex 45.2617 34.4496 10
      vertex 39.0655 40.2682 10
      vertex 44.7414 33.8206 10
    endloop
  endfacet
  facet normal -0 0 1
    outer loop
      vertex 37.8647 38.8168 10
      vertex 44.7414 33.8206 10
      vertex 39.0655 40.2682 10
    endloop
  endfacet
  facet normal 0 0 1
    outer loop
      vertex 44.7414 33.8206 10
      vertex 37.8647 38.8168 10
      vertex 44.304 33.1314 10
    endloop
  endfacet
  facet normal -0 0 1
    outer loop
      vertex 36.8554 37.2263 10
      vertex 44.304 33.1314 10
      vertex 37.8647 38.8168 10
    endloop
  endfacet
  facet normal 0 0 1
    outer loop
      vertex 63.1446 22.7737 10
      vertex 55.696 26.8686 10
      vertex 62.1353 21.1832 10
    endloop
  endfacet
  facet normal -0 0 1
    outer loop
      vertex 55.2586 26.1794 10
      vertex 62.1353 21.1832 10
      vertex 55.696 26.8686 10
    endloop
  endfacet
  facet normal 0 0 1
    outer loop
      vertex 62.1353 21.1832 10
      vertex 55.2586 26.1794 10
      vertex 60.9345 19.7318 10
    endloop
  endfacet
  facet normal -0 0 1
    outer loop
      vertex 54.7383 25.5504 10
      vertex 60.9345 19.7318 10
      vertex 55.2586 26.1794 10
    endloop
  endfacet
  facet normal 0 0 1
    outer loop
      vertex 60.9345 19.7318 10
      vertex 54.7383 25.5504 10
      vertex 59.5614 18.4423 10
    endloop
  endfacet
  facet normal -0 0 1
    outer loop
      vertex 54.1433 24.9917 10
      vertex 59.5614 18.4423 10
      vertex 54.7383 25.5504 10
    endloop
  endfacet
  facet normal 0 0 1
    outer loop
      vertex 59.5614 18.4423 10
      vertex 54.1433 24.9917 10
      vertex 58.0374 17.3351 10
    endloop
  endfacet
  facet normal -0 0 1
    outer loop
      vertex 53.4829 24.5119 10
      vertex 58.0374 17.3351 10
      vertex 54.1433 24.9917 10
    endloop
  endfacet
  facet normal 0 0 1
    outer loop
      vertex 58.0374 17.3351 10
      vertex 53.4829 24.5119 10
      vertex 56.3867 16.4276 10
    endloop
  endfacet
  facet normal -0 0 1
    outer loop
      vertex 52.7676 24.1186 10
      vertex 56.3867 16.4276 10
      vertex 53.4829 24.5119 10
    endloop
  endfacet
  facet normal 0 0 1
    outer loop
      vertex 56.3867 16.4276 10
      vertex 52.7676 24.1186 10
      vertex 54.6353 15.7342 10
    endloop
  endfacet
  facet normal -0 0 1
    outer loop
      vertex 52.0086 23.8181 10
      vertex 54.6353 15.7342 10
      vertex 52.7676 24.1186 10
    endloop
  endfacet
  facet normal 0 0 1
    outer loop
      vertex 54.6353 15.7342 10
      vertex 52.0086 23.8181 10
      vertex 52.8107 15.2657 10
    endloop
  endfacet
  facet normal -0 0 1
    outer loop
      vertex 51.218 23.6151 10
      vertex 52.8107 15.2657 10
      vertex 52.0086 23.8181 10
    endloop
  endfacet
  facet normal 0 0 1
    outer loop
      vertex 51.218 23.6151 10
      vertex 50.9419 15.0296 10
      vertex 52.8107 15.2657 10
    endloop
  endfacet
  facet normal -0 0 1
    outer loop
      vertex 50.4081 23.5128 10
      vertex 50.9419 15.0296 10
      vertex 51.218 23.6151 10
    endloop
  endfacet
  facet normal -0 0 1
    outer loop
      vertex 49.5919 23.5128 10
      vertex 50.9419 15.0296 10
      vertex 50.4081 23.5128 10
    endloop
  endfacet
  facet normal 0 0 1
    outer loop
      vertex 49.5919 23.5128 10
      vertex 49.0581 15.0296 10
      vertex 50.9419 15.0296 10
    endloop
  endfacet
  facet normal 0 0 1
    outer loop
      vertex 48.782 23.6151 10
      vertex 49.0581 15.0296 10
      vertex 49.5919 23.5128 10
    endloop
  endfacet
  facet normal 0 0 1
    outer loop
      vertex 47.1893 15.2657 10
      vertex 48.782 23.6151 10
      vertex 47.9914 23.8181 10
    endloop
  endfacet
  facet normal 0 0 1
    outer loop
      vertex 45.3647 15.7342 10
      vertex 47.9914 23.8181 10
      vertex 47.2324 24.1186 10
    endloop
  endfacet
  facet normal 0 0 1
    outer loop
      vertex 48.782 23.6151 10
      vertex 47.1893 15.2657 10
      vertex 49.0581 15.0296 10
    endloop
  endfacet
  facet normal 0 0 1
    outer loop
      vertex 43.6133 16.4276 10
      vertex 47.2324 24.1186 10
      vertex 46.5171 24.5119 10
    endloop
  endfacet
  facet normal 0 0 1
    outer loop
      vertex 41.9626 17.3351 10
      vertex 46.5171 24.5119 10
      vertex 45.8567 24.9917 10
    endloop
  endfacet
  facet normal 0 0 1
    outer loop
      vertex 47.9914 23.8181 10
      vertex 45.3647 15.7342 10
      vertex 47.1893 15.2657 10
    endloop
  endfacet
  facet normal 0 0 1
    outer loop
      vertex 40.4386 18.4423 10
      vertex 45.8567 24.9917 10
      vertex 45.2617 25.5504 10
    endloop
  endfacet
  facet normal 0 0 1
    outer loop
      vertex 39.0655 19.7318 10
      vertex 45.2617 25.5504 10
      vertex 44.7414 26.1794 10
    endloop
  endfacet
  facet normal 0 0 1
    outer loop
      vertex 37.8647 21.1832 10
      vertex 44.7414 26.1794 10
      vertex 44.304 26.8686 10
    endloop
  endfacet
  facet normal 0 0 1
    outer loop
      vertex 36.8554 22.7737 10
      vertex 44.304 26.8686 10
      vertex 43.9565 27.6072 10
    endloop
  endfacet
  facet normal 0 0 1
    outer loop
      vertex 36.0534 24.4781 10
      vertex 43.9565 27.6072 10
      vertex 43.7042 28.3835 10
    endloop
  endfacet
  facet normal 0 0 1
    outer loop
      vertex 47.2324 24.1186 10
      vertex 43.6133 16.4276 10
      vertex 45.3647 15.7342 10
    endloop
  endfacet
  facet normal 0 0 1
    outer loop
      vertex 35.4713 26.2697 10
      vertex 43.7042 28.3835 10
      vertex 43.5513 29.1853 10
    endloop
  endfacet
  facet normal 0 0 1
    outer loop
      vertex 35.1183 28.12 10
      vertex 43.5513 29.1853 10
      vertex 43.5 30 10
    endloop
  endfacet
  facet normal 0 0 1
    outer loop
      vertex 44.304 33.1314 10
      vertex 36.8554 37.2263 10
      vertex 43.9565 32.3928 10
    endloop
  endfacet
  facet normal 0 0 1
    outer loop
      vertex 46.5171 24.5119 10
      vertex 41.9626 17.3351 10
      vertex 43.6133 16.4276 10
    endloop
  endfacet
  facet normal -0 0 1
    outer loop
      vertex 36.0534 35.5219 10
      vertex 43.9565 32.3928 10
      vertex 36.8554 37.2263 10
    endloop
  endfacet
  facet normal 0 0 1
    outer loop
      vertex 45.8567 24.9917 10
      vertex 40.4386 18.4423 10
      vertex 41.9626 17.3351 10
    endloop
  endfacet
  facet normal 0 0 1
    outer loop
      vertex 43.9565 32.3928 10
      vertex 36.0534 35.5219 10
      vertex 43.7042 31.6165 10
    endloop
  endfacet
  facet normal 0 0 1
    outer loop
      vertex 45.2617 25.5504 10
      vertex 39.0655 19.7318 10
      vertex 40.4386 18.4423 10
    endloop
  endfacet
  facet normal -0 0 1
    outer loop
      vertex 35.4713 33.7303 10
      vertex 43.7042 31.6165 10
      vertex 36.0534 35.5219 10
    endloop
  endfacet
  facet normal 0 0 1
    outer loop
      vertex 44.7414 26.1794 10
      vertex 37.8647 21.1832 10
      vertex 39.0655 19.7318 10
    endloop
  endfacet
  facet normal 0 0 1
    outer loop
      vertex 43.7042 31.6165 10
      vertex 35.4713 33.7303 10
      vertex 43.5513 30.8147 10
    endloop
  endfacet
  facet normal 0 0 1
    outer loop
      vertex 44.304 26.8686 10
      vertex 36.8554 22.7737 10
      vertex 37.8647 21.1832 10
    endloop
  endfacet
  facet normal -0 0 1
    outer loop
      vertex 35.1183 31.88 10
      vertex 43.5513 30.8147 10
      vertex 35.4713 33.7303 10
    endloop
  endfacet
  facet normal 0 0 1
    outer loop
      vertex 43.9565 27.6072 10
      vertex 36.0534 24.4781 10
      vertex 36.8554 22.7737 10
    endloop
  endfacet
  facet normal 0 0 1
    outer loop
      vertex 43.5513 30.8147 10
      vertex 35.1183 31.88 10
      vertex 43.5 30 10
    endloop
  endfacet
  facet normal 0 0 1
    outer loop
      vertex 43.7042 28.3835 10
      vertex 35.4713 26.2697 10
      vertex 36.0534 24.4781 10
    endloop
  endfacet
  facet normal 0 0 1
    outer loop
      vertex 35 30 10
      vertex 43.5 30 10
      vertex 35.1183 31.88 10
    endloop
  endfacet
  facet normal 0 0 1
    outer loop
      vertex 43.5513 29.1853 10
      vertex 35.1183 28.12 10
      vertex 35.4713 26.2697 10
    endloop
  endfacet
  facet normal 0 0 1
    outer loop
      vertex 43.5 30 10
      vertex 35 30 10
      vertex 35.1183 28.12 10
    endloop
  endfacet
  facet normal -0.982287 0.187382 0
    outer loop
      vertex 35.1183 31.88 5
      vertex 35.4713 33.7303 10
      vertex 35.4713 33.7303 5
    endloop
  endfacet
  facet normal -0.982287 0.187382 0
    outer loop
      vertex 35.4713 33.7303 10
      vertex 35.1183 31.88 5
      vertex 35.1183 31.88 10
    endloop
  endfacet
  facet normal -0.904827 0.425779 0
    outer loop
      vertex 36.0534 35.5219 5
      vertex 36.8554 37.2263 10
      vertex 36.8554 37.2263 5
    endloop
  endfacet
  facet normal -0.904827 0.425779 0
    outer loop
      vertex 36.8554 37.2263 10
      vertex 36.0534 35.5219 5
      vertex 36.0534 35.5219 10
    endloop
  endfacet
  facet normal -0.481754 -0.876307 0
    outer loop
      vertex 41.9626 17.3351 5
      vertex 43.6133 16.4276 10
      vertex 41.9626 17.3351 10
    endloop
  endfacet
  facet normal -0.481754 -0.876307 -0
    outer loop
      vertex 43.6133 16.4276 10
      vertex 41.9626 17.3351 5
      vertex 43.6133 16.4276 5
    endloop
  endfacet
  facet normal -0.951057 -0.309017 0
    outer loop
      vertex 36.0534 24.4781 5
      vertex 35.4713 26.2697 10
      vertex 35.4713 26.2697 5
    endloop
  endfacet
  facet normal -0.951057 -0.309017 0
    outer loop
      vertex 35.4713 26.2697 10
      vertex 36.0534 24.4781 5
      vertex 36.0534 24.4781 10
    endloop
  endfacet
  facet normal 0.951057 -0.309017 0
    outer loop
      vertex 63.9466 24.4781 10
      vertex 64.5287 26.2697 5
      vertex 64.5287 26.2697 10
    endloop
  endfacet
  facet normal 0.951057 -0.309017 0
    outer loop
      vertex 64.5287 26.2697 5
      vertex 63.9466 24.4781 10
      vertex 63.9466 24.4781 5
    endloop
  endfacet
  facet normal 0.904827 -0.425779 0
    outer loop
      vertex 63.1446 22.7737 10
      vertex 63.9466 24.4781 5
      vertex 63.9466 24.4781 10
    endloop
  endfacet
  facet normal 0.904827 -0.425779 0
    outer loop
      vertex 63.9466 24.4781 5
      vertex 63.1446 22.7737 10
      vertex 63.1446 22.7737 5
    endloop
  endfacet
  facet normal 0 -0.728968 -0.684548
    outer loop
      vertex -10 -24.7918 1.89722
      vertex -5 -25.3936 2.53803
      vertex -10 -25.3936 2.53803
    endloop
  endfacet
  facet normal 0 -0.728968 -0.684548
    outer loop
      vertex -5 -25.3936 2.53803
      vertex -10 -24.7918 1.89722
      vertex -5 -24.7918 1.89722
    endloop
  endfacet
  facet normal 1 -1.66782e-07 1.51882e-06
    outer loop
      vertex -5 -17.5049 6.84302
      vertex -5 -15 7.11809
      vertex -5 -17.5049 7.15698
    endloop
  endfacet
  facet normal 1 -1.90733e-07 -2.40952e-08
    outer loop
      vertex -5 -15 7.11809
      vertex -5 -17.5443 7.46845
      vertex -5 -17.5049 7.15698
    endloop
  endfacet
  facet normal 1 -1.94285e-07 -4.98841e-08
    outer loop
      vertex -5 -15 7.11809
      vertex -5 -17.6224 7.77254
      vertex -5 -17.5443 7.46845
    endloop
  endfacet
  facet normal 1 -2.01772e-07 -7.98876e-08
    outer loop
      vertex -5 -15 7.11809
      vertex -5 -17.7379 8.06445
      vertex -5 -17.6224 7.77254
    endloop
  endfacet
  facet normal 1 -2.15017e-07 -1.18206e-07
    outer loop
      vertex -5 -15 7.11809
      vertex -5 -17.8892 8.33957
      vertex -5 -17.7379 8.06445
    endloop
  endfacet
  facet normal 1 -2.38213e-07 -1.73071e-07
    outer loop
      vertex -5 -15 7.11809
      vertex -5 -18.0737 8.59356
      vertex -5 -17.8892 8.33957
    endloop
  endfacet
  facet normal 1 -2.82461e-07 -2.65249e-07
    outer loop
      vertex -5 -15 7.11809
      vertex -5 -18.2886 8.82242
      vertex -5 -18.0737 8.59356
    endloop
  endfacet
  facet normal 1 -1.17372e-07 5.33009e-08
    outer loop
      vertex -5 -20 14
      vertex -5 -18.2886 8.82242
      vertex -5 -15 7.11809
    endloop
  endfacet
  facet normal 1 1.04862e-07 1.26757e-07
    outer loop
      vertex -5 -18.2886 8.82242
      vertex -5 -20 14
      vertex -5 -18.5305 9.02254
    endloop
  endfacet
  facet normal 1 7.48125e-08 1.17886e-07
    outer loop
      vertex -5 -18.5305 9.02254
      vertex -5 -20 14
      vertex -5 -18.7956 9.19077
    endloop
  endfacet
  facet normal 1 5.28893e-08 1.12395e-07
    outer loop
      vertex -5 -20 14
      vertex -5 -19.0797 9.32444
      vertex -5 -18.7956 9.19077
    endloop
  endfacet
  facet normal 1 3.5401e-08 1.08953e-07
    outer loop
      vertex -5 -20 14
      vertex -5 -19.3783 9.42146
      vertex -5 -19.0797 9.32444
    endloop
  endfacet
  facet normal 1 2.03954e-08 1.06916e-07
    outer loop
      vertex -5 -20 14
      vertex -5 -19.6867 9.48029
      vertex -5 -19.3783 9.42146
    endloop
  endfacet
  facet normal 1 6.66672e-09 1.05964e-07
    outer loop
      vertex -5 -20 14
      vertex -5 -20 9.5
      vertex -5 -19.6867 9.48029
    endloop
  endfacet
  facet normal 1 -6.66676e-09 1.05964e-07
    outer loop
      vertex -5 -20 14
      vertex -5 -20.3133 9.48029
      vertex -5 -20 9.5
    endloop
  endfacet
  facet normal 1 -2.03954e-08 1.06916e-07
    outer loop
      vertex -5 -20 14
      vertex -5 -20.6217 9.42146
      vertex -5 -20.3133 9.48029
    endloop
  endfacet
  facet normal 1 -3.54008e-08 1.08953e-07
    outer loop
      vertex -5 -20 14
      vertex -5 -20.9203 9.32444
      vertex -5 -20.6217 9.42146
    endloop
  endfacet
  facet normal 1 -5.28893e-08 1.12395e-07
    outer loop
      vertex -5 -20 14
      vertex -5 -21.2044 9.19077
      vertex -5 -20.9203 9.32444
    endloop
  endfacet
  facet normal 1 -7.48125e-08 1.17886e-07
    outer loop
      vertex -5 -20 14
      vertex -5 -21.4695 9.02254
      vertex -5 -21.2044 9.19077
    endloop
  endfacet
  facet normal 1 -1.04862e-07 1.26757e-07
    outer loop
      vertex -5 -20 14
      vertex -5 -21.7114 8.82242
      vertex -5 -21.4695 9.02254
    endloop
  endfacet
  facet normal 1 -1.51344e-07 1.42121e-07
    outer loop
      vertex -5 -20 14
      vertex -5 -21.9263 8.59356
      vertex -5 -21.7114 8.82242
    endloop
  endfacet
  facet normal 1 -2.38215e-07 1.73073e-07
    outer loop
      vertex -5 -20 14
      vertex -5 -22.1108 8.33957
      vertex -5 -21.9263 8.59356
    endloop
  endfacet
  facet normal 1 5.60948e-08 6.33222e-08
    outer loop
      vertex -5 -26.6574 4.83688
      vertex -5 -22.1108 8.33957
      vertex -5 -20 14
    endloop
  endfacet
  facet normal 1 1.81932e-07 -1.00017e-07
    outer loop
      vertex -5 -22.1108 8.33957
      vertex -5 -26.6574 4.83688
      vertex -5 -22.2621 8.06445
    endloop
  endfacet
  facet normal 1 -7.32035e-07 1.51882e-06
    outer loop
      vertex -5 -22.4951 7.15698
      vertex -5 -26.6574 4.83688
      vertex -5 -22.4951 6.84302
    endloop
  endfacet
  facet normal 1 1.23238e-07 -1.55686e-08
    outer loop
      vertex -5 -22.4557 7.46845
      vertex -5 -26.6574 4.83688
      vertex -5 -22.4951 7.15698
    endloop
  endfacet
  facet normal 1 1.35235e-07 -3.47235e-08
    outer loop
      vertex -5 -22.3776 7.77254
      vertex -5 -26.6574 4.83688
      vertex -5 -22.4557 7.46845
    endloop
  endfacet
  facet normal 1 1.52958e-07 -6.05605e-08
    outer loop
      vertex -5 -22.2621 8.06445
      vertex -5 -26.6574 4.83688
      vertex -5 -22.3776 7.77254
    endloop
  endfacet
  facet normal 1 0 0
    outer loop
      vertex -5 -17.5443 6.53155
      vertex -5 -15 7.11809
      vertex -5 -17.5049 6.84302
    endloop
  endfacet
  facet normal 1 0 0
    outer loop
      vertex -5 -15 7.11809
      vertex -5 -17.5443 6.53155
      vertex -5 -15 4.83688
    endloop
  endfacet
  facet normal 1 -0 0
    outer loop
      vertex -5 -17.6224 6.22746
      vertex -5 -15 4.83688
      vertex -5 -17.5443 6.53155
    endloop
  endfacet
  facet normal 1 -0 0
    outer loop
      vertex -5 -17.7379 5.93555
      vertex -5 -15 4.83688
      vertex -5 -17.6224 6.22746
    endloop
  endfacet
  facet normal 1 -0 0
    outer loop
      vertex -5 -17.8892 5.66043
      vertex -5 -15 4.83688
      vertex -5 -17.7379 5.93555
    endloop
  endfacet
  facet normal 1 -0 0
    outer loop
      vertex -5 -18.0737 5.40644
      vertex -5 -15 4.83688
      vertex -5 -17.8892 5.66043
    endloop
  endfacet
  facet normal 1 -0 0
    outer loop
      vertex -5 -18.2886 5.17758
      vertex -5 -15 4.83688
      vertex -5 -18.0737 5.40644
    endloop
  endfacet
  facet normal 1 -0 0
    outer loop
      vertex -5 -18.5305 4.97746
      vertex -5 -15 4.83688
      vertex -5 -18.2886 5.17758
    endloop
  endfacet
  facet normal 1 0 0
    outer loop
      vertex -5 -15 4.83688
      vertex -5 -18.5305 4.97746
      vertex -5 -18.752 4.83688
    endloop
  endfacet
  facet normal 1 0 0
    outer loop
      vertex -5 -21.4695 4.97746
      vertex -5 -26.6574 4.83688
      vertex -5 -21.2479 4.83688
    endloop
  endfacet
  facet normal 1 0 0
    outer loop
      vertex -5 -21.7114 5.17758
      vertex -5 -26.6574 4.83688
      vertex -5 -21.4695 4.97746
    endloop
  endfacet
  facet normal 1 0 0
    outer loop
      vertex -5 -21.9263 5.40644
      vertex -5 -26.6574 4.83688
      vertex -5 -21.7114 5.17758
    endloop
  endfacet
  facet normal 1 0 0
    outer loop
      vertex -5 -22.1108 5.66043
      vertex -5 -26.6574 4.83688
      vertex -5 -21.9263 5.40644
    endloop
  endfacet
  facet normal 1 0 0
    outer loop
      vertex -5 -22.2621 5.93555
      vertex -5 -26.6574 4.83688
      vertex -5 -22.1108 5.66043
    endloop
  endfacet
  facet normal 1 0 0
    outer loop
      vertex -5 -22.3776 6.22746
      vertex -5 -26.6574 4.83688
      vertex -5 -22.2621 5.93555
    endloop
  endfacet
  facet normal 1 0 0
    outer loop
      vertex -5 -22.4557 6.53155
      vertex -5 -26.6574 4.83688
      vertex -5 -22.3776 6.22746
    endloop
  endfacet
  facet normal 1 0 0
    outer loop
      vertex -5 -26.6574 4.83688
      vertex -5 -22.4557 6.53155
      vertex -5 -22.4951 6.84302
    endloop
  endfacet
  facet normal 0 -1 0
    outer loop
      vertex -10 -26.9862 6.56047
      vertex -5 -26.9862 7.43953
      vertex -10 -26.9862 7.43953
    endloop
  endfacet
  facet normal 0 -1 -0
    outer loop
      vertex -5 -26.9862 7.43953
      vertex -10 -26.9862 6.56047
      vertex -5 -26.9862 6.56047
    endloop
  endfacet
  facet normal 0 -0.929777 -0.368123
    outer loop
      vertex -10 -26.3338 4.01954
      vertex -5 -26.6574 4.83688
      vertex -10 -26.6574 4.83688
    endloop
  endfacet
  facet normal 0 -0.929777 -0.368123
    outer loop
      vertex -5 -26.6574 4.83688
      vertex -10 -26.3338 4.01954
      vertex -5 -26.3338 4.01954
    endloop
  endfacet
  facet normal 0 -0.637424 0.770513
    outer loop
      vertex -10 -24.1145 12.6631
      vertex -5 -24.7918 12.1028
      vertex -5 -24.1145 12.6631
    endloop
  endfacet
  facet normal 0 -0.637424 0.770513
    outer loop
      vertex -5 -24.7918 12.1028
      vertex -10 -24.1145 12.6631
      vertex -10 -24.7918 12.1028
    endloop
  endfacet
  facet normal 1 0 0
    outer loop
      vertex -5 -15 11.8811
      vertex -5 -15.2082 12.1028
      vertex -5 -15 11.292
    endloop
  endfacet
  facet normal 0 -0.876305 -0.481756
    outer loop
      vertex -10 -25.9103 3.24921
      vertex -5 -26.3338 4.01954
      vertex -10 -26.3338 4.01954
    endloop
  endfacet
  facet normal 0 -0.876305 -0.481756
    outer loop
      vertex -5 -26.3338 4.01954
      vertex -10 -25.9103 3.24921
      vertex -5 -25.9103 3.24921
    endloop
  endfacet
  facet normal 0 -0.535828 -0.844327
    outer loop
      vertex -10 -24.1145 1.33688
      vertex -5 -23.3723 0.865852
      vertex -5 -24.1145 1.33688
    endloop
  endfacet
  facet normal -0 -0.535828 -0.844327
    outer loop
      vertex -5 -23.3723 0.865852
      vertex -10 -24.1145 1.33688
      vertex -10 -23.3723 0.865852
    endloop
  endfacet
  facet normal 1 -1.45027e-06 1.83212e-07
    outer loop
      vertex -5 -26.876 8.31167
      vertex -5 -26.9862 7.43953
      vertex -5 -26.6574 4.83688
    endloop
  endfacet
  facet normal 1 0 0
    outer loop
      vertex -5 -15 4.83688
      vertex -5 -15.2082 1.89722
      vertex -5 -15 2.1189
    endloop
  endfacet
  facet normal 1 -0 0
    outer loop
      vertex -5 -18.752 4.83688
      vertex -5 -15.2082 1.89722
      vertex -5 -15 4.83688
    endloop
  endfacet
  facet normal 1 0 0
    outer loop
      vertex -5 -15.2082 1.89722
      vertex -5 -18.752 4.83688
      vertex -5 -15.8855 1.33688
    endloop
  endfacet
  facet normal 1 0 0
    outer loop
      vertex -5 -15.8855 1.33688
      vertex -5 -18.752 4.83688
      vertex -5 -16.6277 0.865852
    endloop
  endfacet
  facet normal 1 -0 0
    outer loop
      vertex -5 -18.7956 4.80923
      vertex -5 -16.6277 0.865852
      vertex -5 -18.752 4.83688
    endloop
  endfacet
  facet normal 1 0 0
    outer loop
      vertex -5 -16.6277 0.865852
      vertex -5 -18.7956 4.80923
      vertex -5 -17.4231 0.491564
    endloop
  endfacet
  facet normal 1 -0 0
    outer loop
      vertex -5 -19.0797 4.67556
      vertex -5 -17.4231 0.491564
      vertex -5 -18.7956 4.80923
    endloop
  endfacet
  facet normal 1 0 0
    outer loop
      vertex -5 -17.4231 0.491564
      vertex -5 -19.0797 4.67556
      vertex -5 -18.2592 0.219917
    endloop
  endfacet
  facet normal 1 -0 0
    outer loop
      vertex -5 -19.3783 4.57854
      vertex -5 -18.2592 0.219917
      vertex -5 -19.0797 4.67556
    endloop
  endfacet
  facet normal 1 0 0
    outer loop
      vertex -5 -18.2592 0.219917
      vertex -5 -19.3783 4.57854
      vertex -5 -19.1227 0.0551968
    endloop
  endfacet
  facet normal 1 -0 0
    outer loop
      vertex -5 -19.6867 4.51971
      vertex -5 -19.1227 0.0551968
      vertex -5 -19.3783 4.57854
    endloop
  endfacet
  facet normal 1 -0 0
    outer loop
      vertex -5 -20 4.5
      vertex -5 -19.1227 0.0551968
      vertex -5 -19.6867 4.51971
    endloop
  endfacet
  facet normal 1 0 0
    outer loop
      vertex -5 -20 4.5
      vertex -5 -20 0
      vertex -5 -19.1227 0.0551968
    endloop
  endfacet
  facet normal 1 0 0
    outer loop
      vertex -5 -20.3133 4.51971
      vertex -5 -20 0
      vertex -5 -20 4.5
    endloop
  endfacet
  facet normal 1 0 0
    outer loop
      vertex -5 -20.8773 0.0551968
      vertex -5 -20.3133 4.51971
      vertex -5 -20.6217 4.57854
    endloop
  endfacet
  facet normal 1 0 0
    outer loop
      vertex -5 -20.3133 4.51971
      vertex -5 -20.8773 0.0551968
      vertex -5 -20 0
    endloop
  endfacet
  facet normal 1 0 0
    outer loop
      vertex -5 -21.7408 0.219917
      vertex -5 -20.6217 4.57854
      vertex -5 -20.9203 4.67556
    endloop
  endfacet
  facet normal 1 0 0
    outer loop
      vertex -5 -22.5769 0.491564
      vertex -5 -20.9203 4.67556
      vertex -5 -21.2044 4.80923
    endloop
  endfacet
  facet normal 1 0 0
    outer loop
      vertex -5 -23.3723 0.865852
      vertex -5 -21.2044 4.80923
      vertex -5 -21.2479 4.83688
    endloop
  endfacet
  facet normal 1 0 0
    outer loop
      vertex -5 -20.6217 4.57854
      vertex -5 -21.7408 0.219917
      vertex -5 -20.8773 0.0551968
    endloop
  endfacet
  facet normal 1 0 0
    outer loop
      vertex -5 -20.9203 4.67556
      vertex -5 -22.5769 0.491564
      vertex -5 -21.7408 0.219917
    endloop
  endfacet
  facet normal 1 0 0
    outer loop
      vertex -5 -21.2044 4.80923
      vertex -5 -23.3723 0.865852
      vertex -5 -22.5769 0.491564
    endloop
  endfacet
  facet normal 1 0 0
    outer loop
      vertex -5 -21.2479 4.83688
      vertex -5 -24.1145 1.33688
      vertex -5 -23.3723 0.865852
    endloop
  endfacet
  facet normal 1 0 0
    outer loop
      vertex -5 -21.2479 4.83688
      vertex -5 -24.7918 1.89722
      vertex -5 -24.1145 1.33688
    endloop
  endfacet
  facet normal 1 0 0
    outer loop
      vertex -5 -21.2479 4.83688
      vertex -5 -25.3936 2.53803
      vertex -5 -24.7918 1.89722
    endloop
  endfacet
  facet normal 1 0 0
    outer loop
      vertex -5 -21.2479 4.83688
      vertex -5 -25.9103 3.24921
      vertex -5 -25.3936 2.53803
    endloop
  endfacet
  facet normal 1 0 0
    outer loop
      vertex -5 -21.2479 4.83688
      vertex -5 -26.3338 4.01954
      vertex -5 -25.9103 3.24921
    endloop
  endfacet
  facet normal 1 0 -0
    outer loop
      vertex -5 -26.3338 4.01954
      vertex -5 -21.2479 4.83688
      vertex -5 -26.6574 4.83688
    endloop
  endfacet
  facet normal 1 3.55183e-08 1.09314e-07
    outer loop
      vertex -5 -18.2592 13.7801
      vertex -5 -15 8.35903
      vertex -5 -17.4231 13.5084
    endloop
  endfacet
  facet normal 1 -1.46306e-07 0
    outer loop
      vertex -5 -15 8.35903
      vertex -5 -18.2592 13.7801
      vertex -5 -15 7.85167
    endloop
  endfacet
  facet normal -1 0 -2.93509e-07
    outer loop
      vertex -10 -20 0
      vertex -10 -25.9103 3.24921
      vertex -10 -20 3.24921
    endloop
  endfacet
  facet normal -1 -2.08523e-08 -3.3144e-07
    outer loop
      vertex -10 -20.8773 0.0551968
      vertex -10 -25.9103 3.24921
      vertex -10 -20 0
    endloop
  endfacet
  facet normal 0 -0.309017 -0.951056
    outer loop
      vertex -10 -22.5769 0.491564
      vertex -5 -21.7408 0.219917
      vertex -5 -22.5769 0.491564
    endloop
  endfacet
  facet normal -0 -0.309017 -0.951056
    outer loop
      vertex -5 -21.7408 0.219917
      vertex -10 -22.5769 0.491564
      vertex -10 -21.7408 0.219917
    endloop
  endfacet
  facet normal 1 -6.64696e-08 1.41256e-07
    outer loop
      vertex -5 -22.5769 13.5084
      vertex -5 -23.3723 13.1341
      vertex -5 -26.6574 4.83688
    endloop
  endfacet
  facet normal 1 -2.90053e-06 0
    outer loop
      vertex -5 -26.9862 7.43953
      vertex -5 -26.9862 6.56047
      vertex -5 -26.6574 4.83688
    endloop
  endfacet
  facet normal 1 -1.92367e-07 1.80645e-07
    outer loop
      vertex -5 -24.7918 12.1028
      vertex -5 -25.3936 11.462
      vertex -5 -26.6574 4.83688
    endloop
  endfacet
  facet normal 0 -0.309017 0.951056
    outer loop
      vertex -10 -21.7408 13.7801
      vertex -5 -22.5769 13.5084
      vertex -5 -21.7408 13.7801
    endloop
  endfacet
  facet normal 0 -0.309017 0.951056
    outer loop
      vertex -5 -22.5769 13.5084
      vertex -10 -21.7408 13.7801
      vertex -10 -22.5769 13.5084
    endloop
  endfacet
  facet normal 1 4.81014e-09 7.64541e-08
    outer loop
      vertex -5 -20 14
      vertex -5 -15 7.44852
      vertex -5 -19.1227 13.9448
    endloop
  endfacet
  facet normal 1 1.7955e-06 1.44309e-06
    outer loop
      vertex -5 -15 7.44852
      vertex -5 -20 14
      vertex -5 -15 7.11809
    endloop
  endfacet
  facet normal -1 -1.85045e-07 -5.6951e-07
    outer loop
      vertex -10 -22.5769 0.491564
      vertex -10 -25.9103 3.24921
      vertex -10 -21.7408 0.219917
    endloop
  endfacet
  facet normal -1 -8.1436e-08 -4.26904e-07
    outer loop
      vertex -10 -21.7408 0.219917
      vertex -10 -25.9103 3.24921
      vertex -10 -20.8773 0.0551968
    endloop
  endfacet
  facet normal 0 -0.425778 -0.904828
    outer loop
      vertex -10 -23.3723 0.865852
      vertex -5 -22.5769 0.491564
      vertex -5 -23.3723 0.865852
    endloop
  endfacet
  facet normal -0 -0.425778 -0.904828
    outer loop
      vertex -5 -22.5769 0.491564
      vertex -10 -23.3723 0.865852
      vertex -10 -22.5769 0.491564
    endloop
  endfacet
  facet normal -1 -7.83275e-07 -1.23424e-06
    outer loop
      vertex -10 -24.1145 1.33688
      vertex -10 -25.9103 3.24921
      vertex -10 -23.3723 0.865852
    endloop
  endfacet
  facet normal 1 -8.58752e-06 -1.08485e-06
    outer loop
      vertex -5 -26.6574 4.83688
      vertex -5 -26.9862 6.56047
      vertex -5 -26.876 5.68833
    endloop
  endfacet
  facet normal -1 -3.77409e-07 -8.02038e-07
    outer loop
      vertex -10 -23.3723 0.865852
      vertex -10 -25.9103 3.24921
      vertex -10 -22.5769 0.491564
    endloop
  endfacet
  facet normal -1 -1.84888e-06 -2.23491e-06
    outer loop
      vertex -10 -24.7918 1.89722
      vertex -10 -25.9103 3.24921
      vertex -10 -24.1145 1.33688
    endloop
  endfacet
  facet normal 1 -5.5677e-07 2.2044e-07
    outer loop
      vertex -5 -26.3338 9.98045
      vertex -5 -26.6574 9.16312
      vertex -5 -26.6574 4.83688
    endloop
  endfacet
  facet normal 0 -0.425778 0.904828
    outer loop
      vertex -10 -22.5769 13.5084
      vertex -5 -23.3723 13.1341
      vertex -5 -22.5769 13.5084
    endloop
  endfacet
  facet normal 0 -0.425778 0.904828
    outer loop
      vertex -5 -23.3723 13.1341
      vertex -10 -22.5769 13.5084
      vertex -10 -23.3723 13.1341
    endloop
  endfacet
  facet normal 0 -0.187381 0.982287
    outer loop
      vertex -10 -20.8773 13.9448
      vertex -5 -21.7408 13.7801
      vertex -5 -20.8773 13.9448
    endloop
  endfacet
  facet normal 0 -0.187381 0.982287
    outer loop
      vertex -5 -21.7408 13.7801
      vertex -10 -20.8773 13.9448
      vertex -10 -21.7408 13.7801
    endloop
  endfacet
  facet normal 1 6.70756e-08 1.42543e-07
    outer loop
      vertex -5 -17.4231 13.5084
      vertex -5 -15 9.02299
      vertex -5 -16.6277 13.1341
    endloop
  endfacet
  facet normal 1 -1.96786e-07 0
    outer loop
      vertex -5 -15 9.02299
      vertex -5 -17.4231 13.5084
      vertex -5 -15 8.35903
    endloop
  endfacet
  facet normal 1 1.71409e-08 8.98559e-08
    outer loop
      vertex -5 -19.1227 13.9448
      vertex -5 -15 7.85167
      vertex -5 -18.2592 13.7801
    endloop
  endfacet
  facet normal 1 -1.15662e-07 0
    outer loop
      vertex -5 -15 7.85167
      vertex -5 -19.1227 13.9448
      vertex -5 -15 7.44852
    endloop
  endfacet
  facet normal 0 -0.187381 -0.982287
    outer loop
      vertex -10 -21.7408 0.219917
      vertex -5 -20.8773 0.0551968
      vertex -5 -21.7408 0.219917
    endloop
  endfacet
  facet normal -0 -0.187381 -0.982287
    outer loop
      vertex -5 -20.8773 0.0551968
      vertex -10 -21.7408 0.219917
      vertex -10 -20.8773 0.0551968
    endloop
  endfacet
  facet normal 0 -0.0627903 -0.998027
    outer loop
      vertex -10 -20.8773 0.0551968
      vertex -5 -20 0
      vertex -5 -20.8773 0.0551968
    endloop
  endfacet
  facet normal -0 -0.0627903 -0.998027
    outer loop
      vertex -5 -20 0
      vertex -10 -20.8773 0.0551968
      vertex -10 -20 0
    endloop
  endfacet
  facet normal -1 -6.30971e-06 -5.92523e-06
    outer loop
      vertex -10 -25.3936 2.53803
      vertex -10 -25.9103 3.24921
      vertex -10 -24.7918 1.89722
    endloop
  endfacet
  facet normal 0 -0.637424 -0.770513
    outer loop
      vertex -10 -24.7918 1.89722
      vertex -5 -24.1145 1.33688
      vertex -5 -24.7918 1.89722
    endloop
  endfacet
  facet normal -0 -0.637424 -0.770513
    outer loop
      vertex -5 -24.1145 1.33688
      vertex -10 -24.7918 1.89722
      vertex -10 -24.1145 1.33688
    endloop
  endfacet
  facet normal 0 -0.968583 -0.248691
    outer loop
      vertex -10 -26.6574 4.83688
      vertex -5 -26.876 5.68833
      vertex -10 -26.876 5.68833
    endloop
  endfacet
  facet normal 0 -0.968583 -0.248691
    outer loop
      vertex -5 -26.876 5.68833
      vertex -10 -26.6574 4.83688
      vertex -5 -26.6574 4.83688
    endloop
  endfacet
  facet normal 0 -0.992115 -0.125333
    outer loop
      vertex -10 -26.876 5.68833
      vertex -5 -26.9862 6.56047
      vertex -10 -26.9862 6.56047
    endloop
  endfacet
  facet normal 0 -0.992115 -0.125333
    outer loop
      vertex -5 -26.9862 6.56047
      vertex -10 -26.876 5.68833
      vertex -5 -26.876 5.68833
    endloop
  endfacet
  facet normal 0 -0.992115 0.125333
    outer loop
      vertex -10 -26.9862 7.43953
      vertex -5 -26.876 8.31167
      vertex -10 -26.876 8.31167
    endloop
  endfacet
  facet normal 0 -0.992115 0.125333
    outer loop
      vertex -5 -26.876 8.31167
      vertex -10 -26.9862 7.43953
      vertex -5 -26.9862 7.43953
    endloop
  endfacet
  facet normal 0 -0.968583 0.248691
    outer loop
      vertex -10 -26.876 8.31167
      vertex -5 -26.6574 9.16312
      vertex -10 -26.6574 9.16312
    endloop
  endfacet
  facet normal 0 -0.968583 0.248691
    outer loop
      vertex -5 -26.6574 9.16312
      vertex -10 -26.876 8.31167
      vertex -5 -26.876 8.31167
    endloop
  endfacet
  facet normal 1 -8.58551e-07 2.2044e-07
    outer loop
      vertex -5 -26.6574 9.16312
      vertex -5 -26.876 8.31167
      vertex -5 -26.6574 4.83688
    endloop
  endfacet
  facet normal 0 -0.929777 0.368123
    outer loop
      vertex -10 -26.6574 9.16312
      vertex -5 -26.3338 9.98045
      vertex -10 -26.3338 9.98045
    endloop
  endfacet
  facet normal 0 -0.929777 0.368123
    outer loop
      vertex -5 -26.3338 9.98045
      vertex -10 -26.6574 9.16312
      vertex -5 -26.6574 9.16312
    endloop
  endfacet
  facet normal 0 -0.728968 0.684548
    outer loop
      vertex -10 -25.3936 11.462
      vertex -5 -24.7918 12.1028
      vertex -10 -24.7918 12.1028
    endloop
  endfacet
  facet normal 0 -0.728968 0.684548
    outer loop
      vertex -5 -24.7918 12.1028
      vertex -10 -25.3936 11.462
      vertex -5 -25.3936 11.462
    endloop
  endfacet
  facet normal 1 -2.68672e-07 1.95201e-07
    outer loop
      vertex -5 -25.3936 11.462
      vertex -5 -25.9103 10.7508
      vertex -5 -26.6574 4.83688
    endloop
  endfacet
  facet normal 0 -0.535828 0.844327
    outer loop
      vertex -10 -23.3723 13.1341
      vertex -5 -24.1145 12.6631
      vertex -5 -23.3723 13.1341
    endloop
  endfacet
  facet normal 0 -0.535828 0.844327
    outer loop
      vertex -5 -24.1145 12.6631
      vertex -10 -23.3723 13.1341
      vertex -10 -24.1145 12.6631
    endloop
  endfacet
  facet normal 1 -9.74206e-08 1.5351e-07
    outer loop
      vertex -5 -23.3723 13.1341
      vertex -5 -24.1145 12.6631
      vertex -5 -26.6574 4.83688
    endloop
  endfacet
  facet normal 1 -4.21836e-08 1.29827e-07
    outer loop
      vertex -5 -21.7408 13.7801
      vertex -5 -22.5769 13.5084
      vertex -5 -26.6574 4.83688
    endloop
  endfacet
  facet normal 0 -0.0627914 0.998027
    outer loop
      vertex -10 -20 14
      vertex -5 -20.8773 13.9448
      vertex -5 -20 14
    endloop
  endfacet
  facet normal 0 -0.0627914 0.998027
    outer loop
      vertex -5 -20.8773 13.9448
      vertex -10 -20 14
      vertex -10 -20.8773 13.9448
    endloop
  endfacet
  facet normal 1 1.39881e-07 2.20417e-07
    outer loop
      vertex -5 -16.6277 13.1341
      vertex -5 -15 9.93782
      vertex -5 -15.8855 12.6631
    endloop
  endfacet
  facet normal 1 -2.92947e-07 0
    outer loop
      vertex -5 -15 9.93782
      vertex -5 -16.6277 13.1341
      vertex -5 -15 9.02299
    endloop
  endfacet
  facet normal 1 0 0
    outer loop
      vertex -5 -15.8855 12.6631
      vertex -5 -15 11.292
      vertex -5 -15.2082 12.1028
    endloop
  endfacet
  facet normal 1 5.45219e-07 3.5212e-07
    outer loop
      vertex -5 -15 11.292
      vertex -5 -15.8855 12.6631
      vertex -5 -15 9.93782
    endloop
  endfacet
  facet normal 0 -0.809018 -0.587784
    outer loop
      vertex -10 -25.3936 2.53803
      vertex -5 -25.9103 3.24921
      vertex -10 -25.9103 3.24921
    endloop
  endfacet
  facet normal 0 -0.809018 -0.587784
    outer loop
      vertex -5 -25.9103 3.24921
      vertex -10 -25.3936 2.53803
      vertex -5 -25.3936 2.53803
    endloop
  endfacet
  facet normal 1 -3.80843e-07 2.09371e-07
    outer loop
      vertex -5 -25.9103 10.7508
      vertex -5 -26.3338 9.98045
      vertex -5 -26.6574 4.83688
    endloop
  endfacet
  facet normal 0 -0.809018 0.587784
    outer loop
      vertex -10 -25.9103 10.7508
      vertex -5 -25.3936 11.462
      vertex -10 -25.3936 11.462
    endloop
  endfacet
  facet normal 0 -0.809018 0.587784
    outer loop
      vertex -5 -25.3936 11.462
      vertex -10 -25.9103 10.7508
      vertex -5 -25.9103 10.7508
    endloop
  endfacet
  facet normal 1 -1.37866e-07 1.66651e-07
    outer loop
      vertex -5 -24.1145 12.6631
      vertex -5 -24.7918 12.1028
      vertex -5 -26.6574 4.83688
    endloop
  endfacet
  facet normal 1 -2.27252e-08 1.1913e-07
    outer loop
      vertex -5 -20.8773 13.9448
      vertex -5 -21.7408 13.7801
      vertex -5 -26.6574 4.83688
    endloop
  endfacet
  facet normal 1 -6.86174e-09 1.09063e-07
    outer loop
      vertex -5 -20 14
      vertex -5 -20.8773 13.9448
      vertex -5 -26.6574 4.83688
    endloop
  endfacet
  facet normal 0 -0.876305 0.481756
    outer loop
      vertex -10 -26.3338 9.98045
      vertex -5 -25.9103 10.7508
      vertex -10 -25.9103 10.7508
    endloop
  endfacet
  facet normal 0 -0.876305 0.481756
    outer loop
      vertex -5 -25.9103 10.7508
      vertex -10 -26.3338 9.98045
      vertex -5 -26.3338 9.98045
    endloop
  endfacet
  facet normal -0 0 1
    outer loop
      vertex -10 -15 14
      vertex -5 -20 14
      vertex -5 -15 14
    endloop
  endfacet
  facet normal 0 0 1
    outer loop
      vertex -5 -20 14
      vertex -10 -15 14
      vertex -10 -20 14
    endloop
  endfacet
  facet normal 1 0 0
    outer loop
      vertex -5 -15 14
      vertex -5 -15.2082 12.1028
      vertex -5 -15 11.8811
    endloop
  endfacet
  facet normal 1 0 0
    outer loop
      vertex -5 -15 14
      vertex -5 -15.8855 12.6631
      vertex -5 -15.2082 12.1028
    endloop
  endfacet
  facet normal 1 0 0
    outer loop
      vertex -5 -15 14
      vertex -5 -16.6277 13.1341
      vertex -5 -15.8855 12.6631
    endloop
  endfacet
  facet normal 1 0 0
    outer loop
      vertex -5 -15 14
      vertex -5 -17.4231 13.5084
      vertex -5 -16.6277 13.1341
    endloop
  endfacet
  facet normal 1 0 0
    outer loop
      vertex -5 -15 14
      vertex -5 -18.2592 13.7801
      vertex -5 -17.4231 13.5084
    endloop
  endfacet
  facet normal 1 0 0
    outer loop
      vertex -5 -15 14
      vertex -5 -19.1227 13.9448
      vertex -5 -18.2592 13.7801
    endloop
  endfacet
  facet normal 1 0 -0
    outer loop
      vertex -5 -19.1227 13.9448
      vertex -5 -15 14
      vertex -5 -20 14
    endloop
  endfacet
  facet normal 1 -0 0
    outer loop
      vertex -5 -15.2082 1.89722
      vertex -5 -15 0
      vertex -5 -15 2.1189
    endloop
  endfacet
  facet normal 1 -0 0
    outer loop
      vertex -5 -15.8855 1.33688
      vertex -5 -15 0
      vertex -5 -15.2082 1.89722
    endloop
  endfacet
  facet normal 1 -0 0
    outer loop
      vertex -5 -16.6277 0.865852
      vertex -5 -15 0
      vertex -5 -15.8855 1.33688
    endloop
  endfacet
  facet normal 1 -0 0
    outer loop
      vertex -5 -17.4231 0.491564
      vertex -5 -15 0
      vertex -5 -16.6277 0.865852
    endloop
  endfacet
  facet normal 1 -0 0
    outer loop
      vertex -5 -18.2592 0.219917
      vertex -5 -15 0
      vertex -5 -17.4231 0.491564
    endloop
  endfacet
  facet normal 1 -0 0
    outer loop
      vertex -5 -19.1227 0.0551968
      vertex -5 -15 0
      vertex -5 -18.2592 0.219917
    endloop
  endfacet
  facet normal 1 0 0
    outer loop
      vertex -5 -15 0
      vertex -5 -19.1227 0.0551968
      vertex -5 -20 0
    endloop
  endfacet
  facet normal -1 1.84881e-06 -2.23485e-06
    outer loop
      vertex -10 84.1145 1.33688
      vertex -10 85.9103 3.24921
      vertex -10 84.7918 1.89722
    endloop
  endfacet
  facet normal 0 0.06279 -0.998027
    outer loop
      vertex -10 80 0
      vertex -5 80.8773 0.0551968
      vertex -5 80 0
    endloop
  endfacet
  facet normal 0 0.06279 -0.998027
    outer loop
      vertex -5 80.8773 0.0551968
      vertex -10 80 0
      vertex -10 80.8773 0.0551968
    endloop
  endfacet
  facet normal -0 0.0627911 0.998027
    outer loop
      vertex -10 80.8773 13.9448
      vertex -5 80 14
      vertex -5 80.8773 13.9448
    endloop
  endfacet
  facet normal 0 0.0627911 0.998027
    outer loop
      vertex -5 80 14
      vertex -10 80.8773 13.9448
      vertex -10 80 14
    endloop
  endfacet
  facet normal 0 0.72897 0.684546
    outer loop
      vertex -5 85.3936 11.462
      vertex -10 84.7918 12.1028
      vertex -5 84.7918 12.1028
    endloop
  endfacet
  facet normal 0 0.72897 0.684546
    outer loop
      vertex -10 84.7918 12.1028
      vertex -5 85.3936 11.462
      vertex -10 85.3936 11.462
    endloop
  endfacet
  facet normal 1 -1.23237e-07 -1.55669e-08
    outer loop
      vertex -5 86.6574 4.83688
      vertex -5 82.4557 7.46845
      vertex -5 82.4951 7.15698
    endloop
  endfacet
  facet normal 1 -1.35235e-07 -3.47235e-08
    outer loop
      vertex -5 86.6574 4.83688
      vertex -5 82.3776 7.77254
      vertex -5 82.4557 7.46845
    endloop
  endfacet
  facet normal 1 -1.52956e-07 -6.05578e-08
    outer loop
      vertex -5 86.6574 4.83688
      vertex -5 82.2621 8.06445
      vertex -5 82.3776 7.77254
    endloop
  endfacet
  facet normal 1 -1.81937e-07 -1.00024e-07
    outer loop
      vertex -5 86.6574 4.83688
      vertex -5 82.1108 8.33957
      vertex -5 82.2621 8.06445
    endloop
  endfacet
  facet normal 1 -2.38205e-07 -1.73062e-07
    outer loop
      vertex -5 86.6574 4.83688
      vertex -5 81.9263 8.59356
      vertex -5 82.1108 8.33957
    endloop
  endfacet
  facet normal 1 -4.28888e-08 7.29169e-08
    outer loop
      vertex -5 80 14
      vertex -5 81.9263 8.59356
      vertex -5 86.6574 4.83688
    endloop
  endfacet
  facet normal 1 1.51338e-07 1.42119e-07
    outer loop
      vertex -5 81.9263 8.59356
      vertex -5 80 14
      vertex -5 81.7114 8.82242
    endloop
  endfacet
  facet normal 1 1.04862e-07 1.26757e-07
    outer loop
      vertex -5 81.7114 8.82242
      vertex -5 80 14
      vertex -5 81.4695 9.02254
    endloop
  endfacet
  facet normal 1 7.48137e-08 1.17886e-07
    outer loop
      vertex -5 80 14
      vertex -5 81.2044 9.19077
      vertex -5 81.4695 9.02254
    endloop
  endfacet
  facet normal 1 5.28893e-08 1.12395e-07
    outer loop
      vertex -5 80 14
      vertex -5 80.9203 9.32444
      vertex -5 81.2044 9.19077
    endloop
  endfacet
  facet normal 1 3.54012e-08 1.08953e-07
    outer loop
      vertex -5 80 14
      vertex -5 80.6217 9.42146
      vertex -5 80.9203 9.32444
    endloop
  endfacet
  facet normal 1 2.03951e-08 1.06916e-07
    outer loop
      vertex -5 80 14
      vertex -5 80.3133 9.48029
      vertex -5 80.6217 9.42146
    endloop
  endfacet
  facet normal 1 6.66676e-09 1.05964e-07
    outer loop
      vertex -5 80 14
      vertex -5 80 9.5
      vertex -5 80.3133 9.48029
    endloop
  endfacet
  facet normal 1 -6.66676e-09 1.05964e-07
    outer loop
      vertex -5 80 14
      vertex -5 79.6867 9.48029
      vertex -5 80 9.5
    endloop
  endfacet
  facet normal 1 -2.03951e-08 1.06916e-07
    outer loop
      vertex -5 80 14
      vertex -5 79.3783 9.42146
      vertex -5 79.6867 9.48029
    endloop
  endfacet
  facet normal 1 -3.54012e-08 1.08953e-07
    outer loop
      vertex -5 80 14
      vertex -5 79.0797 9.32444
      vertex -5 79.3783 9.42146
    endloop
  endfacet
  facet normal 1 -5.28893e-08 1.12395e-07
    outer loop
      vertex -5 80 14
      vertex -5 78.7956 9.19077
      vertex -5 79.0797 9.32444
    endloop
  endfacet
  facet normal 1 -7.48112e-08 1.17885e-07
    outer loop
      vertex -5 80 14
      vertex -5 78.5305 9.02254
      vertex -5 78.7956 9.19077
    endloop
  endfacet
  facet normal 1 -1.04867e-07 1.26759e-07
    outer loop
      vertex -5 80 14
      vertex -5 78.2886 8.82242
      vertex -5 78.5305 9.02254
    endloop
  endfacet
  facet normal 1 1.17372e-07 5.33011e-08
    outer loop
      vertex -5 75 7.11809
      vertex -5 78.2886 8.82242
      vertex -5 80 14
    endloop
  endfacet
  facet normal 1 2.82465e-07 -2.65258e-07
    outer loop
      vertex -5 78.2886 8.82242
      vertex -5 75 7.11809
      vertex -5 78.0737 8.59356
    endloop
  endfacet
  facet normal 1 2.3821e-07 -1.73065e-07
    outer loop
      vertex -5 78.0737 8.59356
      vertex -5 75 7.11809
      vertex -5 77.8892 8.33957
    endloop
  endfacet
  facet normal 1 2.15019e-07 -1.18212e-07
    outer loop
      vertex -5 77.8892 8.33957
      vertex -5 75 7.11809
      vertex -5 77.7379 8.06445
    endloop
  endfacet
  facet normal 1 1.66782e-07 1.51882e-06
    outer loop
      vertex -5 77.5049 7.15698
      vertex -5 75 7.11809
      vertex -5 77.5049 6.84302
    endloop
  endfacet
  facet normal 1 1.90734e-07 -2.40976e-08
    outer loop
      vertex -5 77.5443 7.46845
      vertex -5 75 7.11809
      vertex -5 77.5049 7.15698
    endloop
  endfacet
  facet normal 1 1.94285e-07 -4.98853e-08
    outer loop
      vertex -5 77.6224 7.77254
      vertex -5 75 7.11809
      vertex -5 77.5443 7.46845
    endloop
  endfacet
  facet normal 1 2.01772e-07 -7.98846e-08
    outer loop
      vertex -5 77.7379 8.06445
      vertex -5 75 7.11809
      vertex -5 77.6224 7.77254
    endloop
  endfacet
  facet normal 1 7.32034e-07 1.51882e-06
    outer loop
      vertex -5 82.4951 6.84302
      vertex -5 86.6574 4.83688
      vertex -5 82.4951 7.15698
    endloop
  endfacet
  facet normal 1 -0 0
    outer loop
      vertex -5 82.4557 6.53155
      vertex -5 86.6574 4.83688
      vertex -5 82.4951 6.84302
    endloop
  endfacet
  facet normal 1 -0 0
    outer loop
      vertex -5 82.3776 6.22746
      vertex -5 86.6574 4.83688
      vertex -5 82.4557 6.53155
    endloop
  endfacet
  facet normal 1 -0 0
    outer loop
      vertex -5 82.2621 5.93555
      vertex -5 86.6574 4.83688
      vertex -5 82.3776 6.22746
    endloop
  endfacet
  facet normal 1 -0 0
    outer loop
      vertex -5 82.1108 5.66043
      vertex -5 86.6574 4.83688
      vertex -5 82.2621 5.93555
    endloop
  endfacet
  facet normal 1 -0 0
    outer loop
      vertex -5 81.9263 5.40644
      vertex -5 86.6574 4.83688
      vertex -5 82.1108 5.66043
    endloop
  endfacet
  facet normal 1 -0 0
    outer loop
      vertex -5 81.7114 5.17758
      vertex -5 86.6574 4.83688
      vertex -5 81.9263 5.40644
    endloop
  endfacet
  facet normal 1 -0 0
    outer loop
      vertex -5 81.4695 4.97746
      vertex -5 86.6574 4.83688
      vertex -5 81.7114 5.17758
    endloop
  endfacet
  facet normal 1 0 0
    outer loop
      vertex -5 86.6574 4.83688
      vertex -5 81.4695 4.97746
      vertex -5 81.2479 4.83688
    endloop
  endfacet
  facet normal 1 0 0
    outer loop
      vertex -5 75 7.11809
      vertex -5 77.5443 6.53155
      vertex -5 77.5049 6.84302
    endloop
  endfacet
  facet normal 1 0 0
    outer loop
      vertex -5 75 7.11809
      vertex -5 77.6224 6.22746
      vertex -5 77.5443 6.53155
    endloop
  endfacet
  facet normal 1 0 0
    outer loop
      vertex -5 75 4.83688
      vertex -5 77.6224 6.22746
      vertex -5 75 7.11809
    endloop
  endfacet
  facet normal 1 0 0
    outer loop
      vertex -5 77.6224 6.22746
      vertex -5 75 4.83688
      vertex -5 77.7379 5.93555
    endloop
  endfacet
  facet normal 1 0 0
    outer loop
      vertex -5 77.7379 5.93555
      vertex -5 75 4.83688
      vertex -5 77.8892 5.66043
    endloop
  endfacet
  facet normal 1 0 0
    outer loop
      vertex -5 77.8892 5.66043
      vertex -5 75 4.83688
      vertex -5 78.0737 5.40644
    endloop
  endfacet
  facet normal 1 0 0
    outer loop
      vertex -5 78.0737 5.40644
      vertex -5 75 4.83688
      vertex -5 78.2886 5.17758
    endloop
  endfacet
  facet normal 1 0 0
    outer loop
      vertex -5 78.2886 5.17758
      vertex -5 75 4.83688
      vertex -5 78.5305 4.97746
    endloop
  endfacet
  facet normal 1 0 0
    outer loop
      vertex -5 78.5305 4.97746
      vertex -5 75 4.83688
      vertex -5 78.7521 4.83688
    endloop
  endfacet
  facet normal 0 0.809018 -0.587784
    outer loop
      vertex -5 85.3936 2.53803
      vertex -10 85.9103 3.24921
      vertex -5 85.9103 3.24921
    endloop
  endfacet
  facet normal 0 0.809018 -0.587784
    outer loop
      vertex -10 85.9103 3.24921
      vertex -5 85.3936 2.53803
      vertex -10 85.3936 2.53803
    endloop
  endfacet
  facet normal -1 8.14365e-08 -4.26905e-07
    outer loop
      vertex -10 80.8773 0.0551968
      vertex -10 85.9103 3.24921
      vertex -10 81.7408 0.219917
    endloop
  endfacet
  facet normal 0 0.929776 0.368127
    outer loop
      vertex -5 86.6574 9.16312
      vertex -10 86.3338 9.98045
      vertex -5 86.3338 9.98045
    endloop
  endfacet
  facet normal 0 0.929776 0.368127
    outer loop
      vertex -10 86.3338 9.98045
      vertex -5 86.6574 9.16312
      vertex -10 86.6574 9.16312
    endloop
  endfacet
  facet normal 1 1.92368e-07 1.80645e-07
    outer loop
      vertex -5 85.3936 11.462
      vertex -5 84.7918 12.1028
      vertex -5 86.6574 4.83688
    endloop
  endfacet
  facet normal 1 -0 0
    outer loop
      vertex -5 81.2479 4.83688
      vertex -5 86.3338 4.01954
      vertex -5 86.6574 4.83688
    endloop
  endfacet
  facet normal 1 0 0
    outer loop
      vertex -5 86.3338 4.01954
      vertex -5 81.2479 4.83688
      vertex -5 85.9103 3.24921
    endloop
  endfacet
  facet normal 1 0 0
    outer loop
      vertex -5 85.9103 3.24921
      vertex -5 81.2479 4.83688
      vertex -5 85.3936 2.53803
    endloop
  endfacet
  facet normal 1 0 0
    outer loop
      vertex -5 85.3936 2.53803
      vertex -5 81.2479 4.83688
      vertex -5 84.7918 1.89722
    endloop
  endfacet
  facet normal 1 0 0
    outer loop
      vertex -5 84.7918 1.89722
      vertex -5 81.2479 4.83688
      vertex -5 84.1145 1.33688
    endloop
  endfacet
  facet normal 1 0 0
    outer loop
      vertex -5 84.1145 1.33688
      vertex -5 81.2479 4.83688
      vertex -5 83.3723 0.865852
    endloop
  endfacet
  facet normal 1 -0 0
    outer loop
      vertex -5 81.2044 4.80923
      vertex -5 83.3723 0.865852
      vertex -5 81.2479 4.83688
    endloop
  endfacet
  facet normal 1 0 0
    outer loop
      vertex -5 83.3723 0.865852
      vertex -5 81.2044 4.80923
      vertex -5 82.5769 0.491564
    endloop
  endfacet
  facet normal 1 -0 0
    outer loop
      vertex -5 80.9203 4.67556
      vertex -5 82.5769 0.491564
      vertex -5 81.2044 4.80923
    endloop
  endfacet
  facet normal 1 0 0
    outer loop
      vertex -5 82.5769 0.491564
      vertex -5 80.9203 4.67556
      vertex -5 81.7408 0.219917
    endloop
  endfacet
  facet normal 1 -0 0
    outer loop
      vertex -5 80.6217 4.57854
      vertex -5 81.7408 0.219917
      vertex -5 80.9203 4.67556
    endloop
  endfacet
  facet normal 1 0 0
    outer loop
      vertex -5 81.7408 0.219917
      vertex -5 80.6217 4.57854
      vertex -5 80.8773 0.0551968
    endloop
  endfacet
  facet normal 1 -0 0
    outer loop
      vertex -5 80.3133 4.51971
      vertex -5 80.8773 0.0551968
      vertex -5 80.6217 4.57854
    endloop
  endfacet
  facet normal 1 -0 0
    outer loop
      vertex -5 80 4.5
      vertex -5 80.8773 0.0551968
      vertex -5 80.3133 4.51971
    endloop
  endfacet
  facet normal 1 0 0
    outer loop
      vertex -5 80 4.5
      vertex -5 80 0
      vertex -5 80.8773 0.0551968
    endloop
  endfacet
  facet normal 1 0 0
    outer loop
      vertex -5 79.6867 4.51971
      vertex -5 80 0
      vertex -5 80 4.5
    endloop
  endfacet
  facet normal 1 0 0
    outer loop
      vertex -5 79.1227 0.0551968
      vertex -5 79.6867 4.51971
      vertex -5 79.3783 4.57854
    endloop
  endfacet
  facet normal 1 0 0
    outer loop
      vertex -5 79.6867 4.51971
      vertex -5 79.1227 0.0551968
      vertex -5 80 0
    endloop
  endfacet
  facet normal 1 0 0
    outer loop
      vertex -5 78.2592 0.219917
      vertex -5 79.3783 4.57854
      vertex -5 79.0797 4.67556
    endloop
  endfacet
  facet normal 1 0 0
    outer loop
      vertex -5 77.4231 0.491564
      vertex -5 79.0797 4.67556
      vertex -5 78.7956 4.80923
    endloop
  endfacet
  facet normal 1 0 0
    outer loop
      vertex -5 76.6277 0.865852
      vertex -5 78.7956 4.80923
      vertex -5 78.7521 4.83688
    endloop
  endfacet
  facet normal 1 0 0
    outer loop
      vertex -5 79.3783 4.57854
      vertex -5 78.2592 0.219917
      vertex -5 79.1227 0.0551968
    endloop
  endfacet
  facet normal 1 0 0
    outer loop
      vertex -5 79.0797 4.67556
      vertex -5 77.4231 0.491564
      vertex -5 78.2592 0.219917
    endloop
  endfacet
  facet normal 1 0 0
    outer loop
      vertex -5 78.7956 4.80923
      vertex -5 76.6277 0.865852
      vertex -5 77.4231 0.491564
    endloop
  endfacet
  facet normal 1 0 0
    outer loop
      vertex -5 78.7521 4.83688
      vertex -5 75.8855 1.33688
      vertex -5 76.6277 0.865852
    endloop
  endfacet
  facet normal 1 0 0
    outer loop
      vertex -5 78.7521 4.83688
      vertex -5 75.2082 1.89722
      vertex -5 75.8855 1.33688
    endloop
  endfacet
  facet normal 1 -0 0
    outer loop
      vertex -5 75 4.83688
      vertex -5 75.2082 1.89722
      vertex -5 78.7521 4.83688
    endloop
  endfacet
  facet normal 1 0 0
    outer loop
      vertex -5 75.2082 1.89722
      vertex -5 75 4.83688
      vertex -5 75 2.1189
    endloop
  endfacet
  facet normal 0 0.42578 -0.904827
    outer loop
      vertex -10 82.5769 0.491564
      vertex -5 83.3723 0.865852
      vertex -5 82.5769 0.491564
    endloop
  endfacet
  facet normal 0 0.42578 -0.904827
    outer loop
      vertex -5 83.3723 0.865852
      vertex -10 82.5769 0.491564
      vertex -10 83.3723 0.865852
    endloop
  endfacet
  facet normal -1 3.77413e-07 -8.02042e-07
    outer loop
      vertex -10 82.5769 0.491564
      vertex -10 85.9103 3.24921
      vertex -10 83.3723 0.865852
    endloop
  endfacet
  facet normal -0 0.42578 0.904827
    outer loop
      vertex -10 83.3723 13.1341
      vertex -5 82.5769 13.5084
      vertex -5 83.3723 13.1341
    endloop
  endfacet
  facet normal 0 0.42578 0.904827
    outer loop
      vertex -5 82.5769 13.5084
      vertex -10 83.3723 13.1341
      vertex -10 82.5769 13.5084
    endloop
  endfacet
  facet normal -0 0.309016 0.951057
    outer loop
      vertex -10 82.5769 13.5084
      vertex -5 81.7408 13.7801
      vertex -5 82.5769 13.5084
    endloop
  endfacet
  facet normal 0 0.309016 0.951057
    outer loop
      vertex -5 81.7408 13.7801
      vertex -10 82.5769 13.5084
      vertex -10 81.7408 13.7801
    endloop
  endfacet
  facet normal 1 4.21833e-08 1.29827e-07
    outer loop
      vertex -5 82.5769 13.5084
      vertex -5 81.7408 13.7801
      vertex -5 86.6574 4.83688
    endloop
  endfacet
  facet normal -0 0.535829 0.844327
    outer loop
      vertex -10 84.1145 12.6631
      vertex -5 83.3723 13.1341
      vertex -5 84.1145 12.6631
    endloop
  endfacet
  facet normal 0 0.535829 0.844327
    outer loop
      vertex -5 83.3723 13.1341
      vertex -10 84.1145 12.6631
      vertex -10 83.3723 13.1341
    endloop
  endfacet
  facet normal 0 0.992114 0.125342
    outer loop
      vertex -5 86.9862 7.43953
      vertex -10 86.876 8.31167
      vertex -5 86.876 8.31167
    endloop
  endfacet
  facet normal 0 0.992114 0.125342
    outer loop
      vertex -10 86.876 8.31167
      vertex -5 86.9862 7.43953
      vertex -10 86.9862 7.43953
    endloop
  endfacet
  facet normal 1 8.58566e-07 2.2044e-07
    outer loop
      vertex -5 86.876 8.31167
      vertex -5 86.6574 9.16312
      vertex -5 86.6574 4.83688
    endloop
  endfacet
  facet normal 1 0 0
    outer loop
      vertex -5 75.2082 12.1028
      vertex -5 75 11.8811
      vertex -5 75 11.292
    endloop
  endfacet
  facet normal 1 -3.55182e-08 1.09314e-07
    outer loop
      vertex -5 75 8.35903
      vertex -5 78.2592 13.7801
      vertex -5 77.4231 13.5084
    endloop
  endfacet
  facet normal 1 1.46306e-07 0
    outer loop
      vertex -5 78.2592 13.7801
      vertex -5 75 8.35903
      vertex -5 75 7.85167
    endloop
  endfacet
  facet normal 1 -1.71409e-08 8.98559e-08
    outer loop
      vertex -5 75 7.85167
      vertex -5 79.1227 13.9448
      vertex -5 78.2592 13.7801
    endloop
  endfacet
  facet normal 1 1.15662e-07 0
    outer loop
      vertex -5 79.1227 13.9448
      vertex -5 75 7.85167
      vertex -5 75 7.44852
    endloop
  endfacet
  facet normal 0 0.876307 -0.481752
    outer loop
      vertex -5 85.9103 3.24921
      vertex -10 86.3338 4.01954
      vertex -5 86.3338 4.01954
    endloop
  endfacet
  facet normal 0 0.876307 -0.481752
    outer loop
      vertex -10 86.3338 4.01954
      vertex -5 85.9103 3.24921
      vertex -10 85.9103 3.24921
    endloop
  endfacet
  facet normal 1 9.74209e-08 1.5351e-07
    outer loop
      vertex -5 84.1145 12.6631
      vertex -5 83.3723 13.1341
      vertex -5 86.6574 4.83688
    endloop
  endfacet
  facet normal 0 0.187381 -0.982287
    outer loop
      vertex -10 80.8773 0.0551968
      vertex -5 81.7408 0.219917
      vertex -5 80.8773 0.0551968
    endloop
  endfacet
  facet normal 0 0.187381 -0.982287
    outer loop
      vertex -5 81.7408 0.219917
      vertex -10 80.8773 0.0551968
      vertex -10 81.7408 0.219917
    endloop
  endfacet
  facet normal 0 0.72897 -0.684546
    outer loop
      vertex -5 84.7918 1.89722
      vertex -10 85.3936 2.53803
      vertex -5 85.3936 2.53803
    endloop
  endfacet
  facet normal 0 0.72897 -0.684546
    outer loop
      vertex -10 85.3936 2.53803
      vertex -5 84.7918 1.89722
      vertex -10 84.7918 1.89722
    endloop
  endfacet
  facet normal -1 6.30989e-06 -5.92536e-06
    outer loop
      vertex -10 84.7918 1.89722
      vertex -10 85.9103 3.24921
      vertex -10 85.3936 2.53803
    endloop
  endfacet
  facet normal -0 0.637421 0.770516
    outer loop
      vertex -10 84.7918 12.1028
      vertex -5 84.1145 12.6631
      vertex -5 84.7918 12.1028
    endloop
  endfacet
  facet normal 0 0.637421 0.770516
    outer loop
      vertex -5 84.1145 12.6631
      vertex -10 84.7918 12.1028
      vertex -10 84.1145 12.6631
    endloop
  endfacet
  facet normal 0 0.809018 0.587784
    outer loop
      vertex -5 85.9103 10.7508
      vertex -10 85.3936 11.462
      vertex -5 85.3936 11.462
    endloop
  endfacet
  facet normal 0 0.809018 0.587784
    outer loop
      vertex -10 85.3936 11.462
      vertex -5 85.9103 10.7508
      vertex -10 85.9103 10.7508
    endloop
  endfacet
  facet normal 0 0.876307 0.481752
    outer loop
      vertex -5 86.3338 9.98045
      vertex -10 85.9103 10.7508
      vertex -5 85.9103 10.7508
    endloop
  endfacet
  facet normal 0 0.876307 0.481752
    outer loop
      vertex -10 85.9103 10.7508
      vertex -5 86.3338 9.98045
      vertex -10 86.3338 9.98045
    endloop
  endfacet
  facet normal 1 5.56763e-07 2.2044e-07
    outer loop
      vertex -5 86.6574 9.16312
      vertex -5 86.3338 9.98045
      vertex -5 86.6574 4.83688
    endloop
  endfacet
  facet normal 1 1.45021e-06 1.83217e-07
    outer loop
      vertex -5 86.9862 7.43953
      vertex -5 86.876 8.31167
      vertex -5 86.6574 4.83688
    endloop
  endfacet
  facet normal 0 0.968584 0.248687
    outer loop
      vertex -5 86.876 8.31167
      vertex -10 86.6574 9.16312
      vertex -5 86.6574 9.16312
    endloop
  endfacet
  facet normal 0 0.968584 0.248687
    outer loop
      vertex -10 86.6574 9.16312
      vertex -5 86.876 8.31167
      vertex -10 86.876 8.31167
    endloop
  endfacet
  facet normal -1 2.08522e-08 -3.31439e-07
    outer loop
      vertex -10 80 0
      vertex -10 85.9103 3.24921
      vertex -10 80.8773 0.0551968
    endloop
  endfacet
  facet normal -1 0 -2.93509e-07
    outer loop
      vertex -10 80 0
      vertex -10 80 3.24921
      vertex -10 85.9103 3.24921
    endloop
  endfacet
  facet normal 0 1 -0
    outer loop
      vertex -5 86.9862 6.56047
      vertex -10 86.9862 7.43953
      vertex -5 86.9862 7.43953
    endloop
  endfacet
  facet normal 0 1 0
    outer loop
      vertex -10 86.9862 7.43953
      vertex -5 86.9862 6.56047
      vertex -10 86.9862 6.56047
    endloop
  endfacet
  facet normal 0 0.968584 -0.248687
    outer loop
      vertex -5 86.6574 4.83688
      vertex -10 86.876 5.68833
      vertex -5 86.876 5.68833
    endloop
  endfacet
  facet normal 0 0.968584 -0.248687
    outer loop
      vertex -10 86.876 5.68833
      vertex -5 86.6574 4.83688
      vertex -10 86.6574 4.83688
    endloop
  endfacet
  facet normal 1 2.9005e-06 0
    outer loop
      vertex -5 86.6574 4.83688
      vertex -5 86.9862 6.56047
      vertex -5 86.9862 7.43953
    endloop
  endfacet
  facet normal 0 0.992114 -0.125342
    outer loop
      vertex -5 86.876 5.68833
      vertex -10 86.9862 6.56047
      vertex -5 86.9862 6.56047
    endloop
  endfacet
  facet normal 0 0.992114 -0.125342
    outer loop
      vertex -10 86.9862 6.56047
      vertex -5 86.876 5.68833
      vertex -10 86.876 5.68833
    endloop
  endfacet
  facet normal 1 6.647e-08 1.41256e-07
    outer loop
      vertex -5 83.3723 13.1341
      vertex -5 82.5769 13.5084
      vertex -5 86.6574 4.83688
    endloop
  endfacet
  facet normal 1 1.37865e-07 1.66651e-07
    outer loop
      vertex -5 84.7918 12.1028
      vertex -5 84.1145 12.6631
      vertex -5 86.6574 4.83688
    endloop
  endfacet
  facet normal -0 0.187381 0.982287
    outer loop
      vertex -10 81.7408 13.7801
      vertex -5 80.8773 13.9448
      vertex -5 81.7408 13.7801
    endloop
  endfacet
  facet normal 0 0.187381 0.982287
    outer loop
      vertex -5 80.8773 13.9448
      vertex -10 81.7408 13.7801
      vertex -10 80.8773 13.9448
    endloop
  endfacet
  facet normal -1 1.85044e-07 -5.69508e-07
    outer loop
      vertex -10 81.7408 0.219917
      vertex -10 85.9103 3.24921
      vertex -10 82.5769 0.491564
    endloop
  endfacet
  facet normal 0 0.309016 -0.951057
    outer loop
      vertex -10 81.7408 0.219917
      vertex -5 82.5769 0.491564
      vertex -5 81.7408 0.219917
    endloop
  endfacet
  facet normal 0 0.309016 -0.951057
    outer loop
      vertex -5 82.5769 0.491564
      vertex -10 81.7408 0.219917
      vertex -10 82.5769 0.491564
    endloop
  endfacet
  facet normal 0 0.535829 -0.844327
    outer loop
      vertex -10 83.3723 0.865852
      vertex -5 84.1145 1.33688
      vertex -5 83.3723 0.865852
    endloop
  endfacet
  facet normal 0 0.535829 -0.844327
    outer loop
      vertex -5 84.1145 1.33688
      vertex -10 83.3723 0.865852
      vertex -10 84.1145 1.33688
    endloop
  endfacet
  facet normal -1 7.83281e-07 -1.23425e-06
    outer loop
      vertex -10 83.3723 0.865852
      vertex -10 85.9103 3.24921
      vertex -10 84.1145 1.33688
    endloop
  endfacet
  facet normal 0 0.637421 -0.770516
    outer loop
      vertex -10 84.1145 1.33688
      vertex -5 84.7918 1.89722
      vertex -5 84.1145 1.33688
    endloop
  endfacet
  facet normal 0 0.637421 -0.770516
    outer loop
      vertex -5 84.7918 1.89722
      vertex -10 84.1145 1.33688
      vertex -10 84.7918 1.89722
    endloop
  endfacet
  facet normal 1 2.68672e-07 1.95201e-07
    outer loop
      vertex -5 85.9103 10.7508
      vertex -5 85.3936 11.462
      vertex -5 86.6574 4.83688
    endloop
  endfacet
  facet normal 1 3.80847e-07 2.09372e-07
    outer loop
      vertex -5 86.3338 9.98045
      vertex -5 85.9103 10.7508
      vertex -5 86.6574 4.83688
    endloop
  endfacet
  facet normal 1 0 0
    outer loop
      vertex -5 75 11.292
      vertex -5 75.8855 12.6631
      vertex -5 75.2082 12.1028
    endloop
  endfacet
  facet normal 1 -5.45218e-07 3.5212e-07
    outer loop
      vertex -5 75.8855 12.6631
      vertex -5 75 11.292
      vertex -5 75 9.93782
    endloop
  endfacet
  facet normal 1 -6.70758e-08 1.42543e-07
    outer loop
      vertex -5 75 9.02299
      vertex -5 77.4231 13.5084
      vertex -5 76.6277 13.1341
    endloop
  endfacet
  facet normal 1 1.96786e-07 0
    outer loop
      vertex -5 77.4231 13.5084
      vertex -5 75 9.02299
      vertex -5 75 8.35903
    endloop
  endfacet
  facet normal 1 -4.81013e-09 7.64541e-08
    outer loop
      vertex -5 75 7.44852
      vertex -5 80 14
      vertex -5 79.1227 13.9448
    endloop
  endfacet
  facet normal 1 -1.7955e-06 1.44309e-06
    outer loop
      vertex -5 80 14
      vertex -5 75 7.44852
      vertex -5 75 7.11809
    endloop
  endfacet
  facet normal 0 0.929776 -0.368127
    outer loop
      vertex -5 86.3338 4.01954
      vertex -10 86.6574 4.83688
      vertex -5 86.6574 4.83688
    endloop
  endfacet
  facet normal 0 0.929776 -0.368127
    outer loop
      vertex -10 86.6574 4.83688
      vertex -5 86.3338 4.01954
      vertex -10 86.3338 4.01954
    endloop
  endfacet
  facet normal 1 8.58839e-06 -1.08504e-06
    outer loop
      vertex -5 86.6574 4.83688
      vertex -5 86.876 5.68833
      vertex -5 86.9862 6.56047
    endloop
  endfacet
  facet normal 1 6.86171e-09 1.09063e-07
    outer loop
      vertex -5 80.8773 13.9448
      vertex -5 80 14
      vertex -5 86.6574 4.83688
    endloop
  endfacet
  facet normal 1 2.27253e-08 1.1913e-07
    outer loop
      vertex -5 81.7408 13.7801
      vertex -5 80.8773 13.9448
      vertex -5 86.6574 4.83688
    endloop
  endfacet
  facet normal 1 -1.39882e-07 2.20418e-07
    outer loop
      vertex -5 75 9.93782
      vertex -5 76.6277 13.1341
      vertex -5 75.8855 12.6631
    endloop
  endfacet
  facet normal 1 2.92947e-07 0
    outer loop
      vertex -5 76.6277 13.1341
      vertex -5 75 9.93782
      vertex -5 75 9.02299
    endloop
  endfacet
  facet normal -0 0 1
    outer loop
      vertex -10 80 14
      vertex -5 75 14
      vertex -5 80 14
    endloop
  endfacet
  facet normal 0 0 1
    outer loop
      vertex -5 75 14
      vertex -10 80 14
      vertex -10 75 14
    endloop
  endfacet
  facet normal 1 -0 0
    outer loop
      vertex -5 75 14
      vertex -5 79.1227 13.9448
      vertex -5 80 14
    endloop
  endfacet
  facet normal 1 0 0
    outer loop
      vertex -5 75 14
      vertex -5 78.2592 13.7801
      vertex -5 79.1227 13.9448
    endloop
  endfacet
  facet normal 1 0 0
    outer loop
      vertex -5 75 14
      vertex -5 77.4231 13.5084
      vertex -5 78.2592 13.7801
    endloop
  endfacet
  facet normal 1 0 0
    outer loop
      vertex -5 75 14
      vertex -5 76.6277 13.1341
      vertex -5 77.4231 13.5084
    endloop
  endfacet
  facet normal 1 0 0
    outer loop
      vertex -5 75 14
      vertex -5 75.8855 12.6631
      vertex -5 76.6277 13.1341
    endloop
  endfacet
  facet normal 1 0 0
    outer loop
      vertex -5 75 14
      vertex -5 75.2082 12.1028
      vertex -5 75.8855 12.6631
    endloop
  endfacet
  facet normal 1 0 0
    outer loop
      vertex -5 75.2082 12.1028
      vertex -5 75 14
      vertex -5 75 11.8811
    endloop
  endfacet
  facet normal 1 0 0
    outer loop
      vertex -5 79.1227 0.0551968
      vertex -5 75 0
      vertex -5 80 0
    endloop
  endfacet
  facet normal 1 0 0
    outer loop
      vertex -5 78.2592 0.219917
      vertex -5 75 0
      vertex -5 79.1227 0.0551968
    endloop
  endfacet
  facet normal 1 0 0
    outer loop
      vertex -5 77.4231 0.491564
      vertex -5 75 0
      vertex -5 78.2592 0.219917
    endloop
  endfacet
  facet normal 1 0 0
    outer loop
      vertex -5 76.6277 0.865852
      vertex -5 75 0
      vertex -5 77.4231 0.491564
    endloop
  endfacet
  facet normal 1 0 0
    outer loop
      vertex -5 75.8855 1.33688
      vertex -5 75 0
      vertex -5 76.6277 0.865852
    endloop
  endfacet
  facet normal 1 0 0
    outer loop
      vertex -5 75.2082 1.89722
      vertex -5 75 0
      vertex -5 75.8855 1.33688
    endloop
  endfacet
  facet normal 1 0 0
    outer loop
      vertex -5 75 0
      vertex -5 75.2082 1.89722
      vertex -5 75 2.1189
    endloop
  endfacet
  facet normal 1 -0 0
    outer loop
      vertex 0 24.8 26.8
      vertex 0 24.8038 23.2
      vertex 0 24.8038 26.8
    endloop
  endfacet
  facet normal 1 0 0
    outer loop
      vertex 0 24.8038 23.2
      vertex 0 24.8 26.8
      vertex 0 24.8 23.2
    endloop
  endfacet
  facet normal 1 -0 0
    outer loop
      vertex 0 35.1962 26.8
      vertex 0 35.2 23.2
      vertex 0 35.2 26.8
    endloop
  endfacet
  facet normal 1 0 0
    outer loop
      vertex 0 35.2 23.2
      vertex 0 35.1962 26.8
      vertex 0 35.1962 23.2
    endloop
  endfacet
  facet normal 0 0 -1
    outer loop
      vertex -0.19465 33.0939 26.8
      vertex 0 35.1962 26.8
      vertex 0.19465 33.0939 26.8
    endloop
  endfacet
  facet normal 0 0 -1
    outer loop
      vertex -0.580882 33.0451 26.8
      vertex 0 35.1962 26.8
      vertex -0.19465 33.0939 26.8
    endloop
  endfacet
  facet normal 0 0 -1
    outer loop
      vertex -0.957952 32.9483 26.8
      vertex 0 35.1962 26.8
      vertex -0.580882 33.0451 26.8
    endloop
  endfacet
  facet normal 0 0 -1
    outer loop
      vertex -3 35.1962 26.8
      vertex -0.957952 32.9483 26.8
      vertex -1.31992 32.805 26.8
    endloop
  endfacet
  facet normal 0 0 -1
    outer loop
      vertex -3 35.1962 26.8
      vertex -1.31992 32.805 26.8
      vertex -1.66106 32.6174 26.8
    endloop
  endfacet
  facet normal 0 0 -1
    outer loop
      vertex -3 35.1962 26.8
      vertex -1.66106 32.6174 26.8
      vertex -1.97601 32.3886 26.8
    endloop
  endfacet
  facet normal 0 0 -1
    outer loop
      vertex -3 35.1962 26.8
      vertex -1.97601 32.3886 26.8
      vertex -2.2598 32.1221 26.8
    endloop
  endfacet
  facet normal 0 0 -1
    outer loop
      vertex -3 35.1962 26.8
      vertex -2.2598 32.1221 26.8
      vertex -2.50795 31.8221 26.8
    endloop
  endfacet
  facet normal 0 0 -1
    outer loop
      vertex -0.957952 32.9483 26.8
      vertex -3 35.1962 26.8
      vertex 0 35.1962 26.8
    endloop
  endfacet
  facet normal 0 0 -1
    outer loop
      vertex -2.71655 31.4934 26.8
      vertex -3 35.1962 26.8
      vertex -2.50795 31.8221 26.8
    endloop
  endfacet
  facet normal 0 0 -1
    outer loop
      vertex -6 30 26.8
      vertex -2.71655 31.4934 26.8
      vertex -2.88231 31.1412 26.8
    endloop
  endfacet
  facet normal 0 0 -1
    outer loop
      vertex -6 30 26.8
      vertex -2.88231 31.1412 26.8
      vertex -3.00261 30.7709 26.8
    endloop
  endfacet
  facet normal 0 0 -1
    outer loop
      vertex -6 30 26.8
      vertex -3.00261 30.7709 26.8
      vertex -3.07555 30.3885 26.8
    endloop
  endfacet
  facet normal 0 0 -1
    outer loop
      vertex -6 30 26.8
      vertex -3.07555 30.3885 26.8
      vertex -3.1 30 26.8
    endloop
  endfacet
  facet normal -0 0 -1
    outer loop
      vertex -2.71655 31.4934 26.8
      vertex -6 30 26.8
      vertex -3 35.1962 26.8
    endloop
  endfacet
  facet normal 0 0 -1
    outer loop
      vertex 10 24.8 26.8
      vertex 3.1 30 26.8
      vertex 10 35.2 26.8
    endloop
  endfacet
  facet normal 0 0 -1
    outer loop
      vertex 10 24.8 26.8
      vertex 3.07555 29.6115 26.8
      vertex 3.1 30 26.8
    endloop
  endfacet
  facet normal 0 0 -1
    outer loop
      vertex 10 24.8 26.8
      vertex 3.00261 29.2291 26.8
      vertex 3.07555 29.6115 26.8
    endloop
  endfacet
  facet normal 0 0 -1
    outer loop
      vertex 10 24.8 26.8
      vertex 2.88231 28.8588 26.8
      vertex 3.00261 29.2291 26.8
    endloop
  endfacet
  facet normal 0 0 -1
    outer loop
      vertex 10 24.8 26.8
      vertex 2.71655 28.5066 26.8
      vertex 2.88231 28.8588 26.8
    endloop
  endfacet
  facet normal 0 0 -1
    outer loop
      vertex 10 24.8 26.8
      vertex 2.50795 28.1779 26.8
      vertex 2.71655 28.5066 26.8
    endloop
  endfacet
  facet normal 0 0 -1
    outer loop
      vertex 10 24.8 26.8
      vertex 2.2598 27.8779 26.8
      vertex 2.50795 28.1779 26.8
    endloop
  endfacet
  facet normal 0 0 -1
    outer loop
      vertex 10 24.8 26.8
      vertex 1.97601 27.6114 26.8
      vertex 2.2598 27.8779 26.8
    endloop
  endfacet
  facet normal 0 0 -1
    outer loop
      vertex 0 24.8 26.8
      vertex 1.97601 27.6114 26.8
      vertex 10 24.8 26.8
    endloop
  endfacet
  facet normal 0 0 -1
    outer loop
      vertex 1.97601 27.6114 26.8
      vertex 0 24.8 26.8
      vertex 1.66106 27.3826 26.8
    endloop
  endfacet
  facet normal 0 0 -1
    outer loop
      vertex 1.66106 27.3826 26.8
      vertex 0 24.8 26.8
      vertex 1.31992 27.195 26.8
    endloop
  endfacet
  facet normal 0 0 -1
    outer loop
      vertex 0 24.8038 26.8
      vertex 1.31992 27.195 26.8
      vertex 0 24.8 26.8
    endloop
  endfacet
  facet normal 0 0 -1
    outer loop
      vertex 1.31992 27.195 26.8
      vertex 0 24.8038 26.8
      vertex 0.957952 27.0517 26.8
    endloop
  endfacet
  facet normal 0 0 -1
    outer loop
      vertex 0.957952 27.0517 26.8
      vertex 0 24.8038 26.8
      vertex 0.580882 26.9549 26.8
    endloop
  endfacet
  facet normal 0 0 -1
    outer loop
      vertex 0.580882 26.9549 26.8
      vertex 0 24.8038 26.8
      vertex 0.19465 26.9061 26.8
    endloop
  endfacet
  facet normal 0 0 -1
    outer loop
      vertex 0 24.8038 26.8
      vertex -0.19465 26.9061 26.8
      vertex 0.19465 26.9061 26.8
    endloop
  endfacet
  facet normal 0 0 -1
    outer loop
      vertex 0 24.8038 26.8
      vertex -0.580882 26.9549 26.8
      vertex -0.19465 26.9061 26.8
    endloop
  endfacet
  facet normal 0 0 -1
    outer loop
      vertex 0 24.8038 26.8
      vertex -0.957952 27.0517 26.8
      vertex -0.580882 26.9549 26.8
    endloop
  endfacet
  facet normal 0 0 -1
    outer loop
      vertex -3 24.8038 26.8
      vertex -0.957952 27.0517 26.8
      vertex 0 24.8038 26.8
    endloop
  endfacet
  facet normal -0 0 -1
    outer loop
      vertex -0.957952 27.0517 26.8
      vertex -3 24.8038 26.8
      vertex -1.31992 27.195 26.8
    endloop
  endfacet
  facet normal -0 0 -1
    outer loop
      vertex -1.31992 27.195 26.8
      vertex -3 24.8038 26.8
      vertex -1.66106 27.3826 26.8
    endloop
  endfacet
  facet normal -0 0 -1
    outer loop
      vertex -1.66106 27.3826 26.8
      vertex -3 24.8038 26.8
      vertex -1.97601 27.6114 26.8
    endloop
  endfacet
  facet normal -0 0 -1
    outer loop
      vertex -1.97601 27.6114 26.8
      vertex -3 24.8038 26.8
      vertex -2.2598 27.8779 26.8
    endloop
  endfacet
  facet normal -0 0 -1
    outer loop
      vertex -2.2598 27.8779 26.8
      vertex -3 24.8038 26.8
      vertex -2.50795 28.1779 26.8
    endloop
  endfacet
  facet normal 0 0 -1
    outer loop
      vertex -3 24.8038 26.8
      vertex -2.71655 28.5066 26.8
      vertex -2.50795 28.1779 26.8
    endloop
  endfacet
  facet normal 0 0 -1
    outer loop
      vertex -6 30 26.8
      vertex -2.71655 28.5066 26.8
      vertex -3 24.8038 26.8
    endloop
  endfacet
  facet normal 0 0 -1
    outer loop
      vertex -2.71655 28.5066 26.8
      vertex -6 30 26.8
      vertex -2.88231 28.8588 26.8
    endloop
  endfacet
  facet normal 0 0 -1
    outer loop
      vertex -2.88231 28.8588 26.8
      vertex -6 30 26.8
      vertex -3.00261 29.2291 26.8
    endloop
  endfacet
  facet normal 0 0 -1
    outer loop
      vertex -3.00261 29.2291 26.8
      vertex -6 30 26.8
      vertex -3.07555 29.6115 26.8
    endloop
  endfacet
  facet normal 0 0 -1
    outer loop
      vertex -3.07555 29.6115 26.8
      vertex -6 30 26.8
      vertex -3.1 30 26.8
    endloop
  endfacet
  facet normal 0 0 -1
    outer loop
      vertex 3.07555 30.3885 26.8
      vertex 10 35.2 26.8
      vertex 3.1 30 26.8
    endloop
  endfacet
  facet normal 0 0 -1
    outer loop
      vertex 3.00261 30.7709 26.8
      vertex 10 35.2 26.8
      vertex 3.07555 30.3885 26.8
    endloop
  endfacet
  facet normal 0 0 -1
    outer loop
      vertex 2.88231 31.1412 26.8
      vertex 10 35.2 26.8
      vertex 3.00261 30.7709 26.8
    endloop
  endfacet
  facet normal 0 0 -1
    outer loop
      vertex 2.71655 31.4934 26.8
      vertex 10 35.2 26.8
      vertex 2.88231 31.1412 26.8
    endloop
  endfacet
  facet normal 0 0 -1
    outer loop
      vertex 2.50795 31.8221 26.8
      vertex 10 35.2 26.8
      vertex 2.71655 31.4934 26.8
    endloop
  endfacet
  facet normal 0 0 -1
    outer loop
      vertex 2.2598 32.1221 26.8
      vertex 10 35.2 26.8
      vertex 2.50795 31.8221 26.8
    endloop
  endfacet
  facet normal 0 0 -1
    outer loop
      vertex 1.97601 32.3886 26.8
      vertex 10 35.2 26.8
      vertex 2.2598 32.1221 26.8
    endloop
  endfacet
  facet normal 0 0 -1
    outer loop
      vertex 0 35.2 26.8
      vertex 1.97601 32.3886 26.8
      vertex 1.66106 32.6174 26.8
    endloop
  endfacet
  facet normal 0 0 -1
    outer loop
      vertex 0 35.2 26.8
      vertex 1.66106 32.6174 26.8
      vertex 1.31992 32.805 26.8
    endloop
  endfacet
  facet normal 0 0 -1
    outer loop
      vertex 0 35.1962 26.8
      vertex 1.31992 32.805 26.8
      vertex 0.957952 32.9483 26.8
    endloop
  endfacet
  facet normal 0 0 -1
    outer loop
      vertex 0 35.1962 26.8
      vertex 0.957952 32.9483 26.8
      vertex 0.580882 33.0451 26.8
    endloop
  endfacet
  facet normal 0 0 -1
    outer loop
      vertex 0 35.1962 26.8
      vertex 0.580882 33.0451 26.8
      vertex 0.19465 33.0939 26.8
    endloop
  endfacet
  facet normal 0 0 -1
    outer loop
      vertex 1.31992 32.805 26.8
      vertex 0 35.1962 26.8
      vertex 0 35.2 26.8
    endloop
  endfacet
  facet normal 0 0 -1
    outer loop
      vertex 1.97601 32.3886 26.8
      vertex 0 35.2 26.8
      vertex 10 35.2 26.8
    endloop
  endfacet
  facet normal 0 -1 0
    outer loop
      vertex 0 35.2 23.2
      vertex 10 35.2 26.8
      vertex 0 35.2 26.8
    endloop
  endfacet
  facet normal 0 -1 -0
    outer loop
      vertex 10 35.2 26.8
      vertex 0 35.2 23.2
      vertex 10 35.2 23.2
    endloop
  endfacet
  facet normal -0 0 1
    outer loop
      vertex -0.19465 26.9061 23.2
      vertex 0 24.8038 23.2
      vertex 0.19465 26.9061 23.2
    endloop
  endfacet
  facet normal 0 0 1
    outer loop
      vertex -0.580882 26.9549 23.2
      vertex 0 24.8038 23.2
      vertex -0.19465 26.9061 23.2
    endloop
  endfacet
  facet normal 0 0 1
    outer loop
      vertex -0.957952 27.0517 23.2
      vertex 0 24.8038 23.2
      vertex -0.580882 26.9549 23.2
    endloop
  endfacet
  facet normal 0 0 1
    outer loop
      vertex -3 24.8038 23.2
      vertex -0.957952 27.0517 23.2
      vertex -1.31992 27.195 23.2
    endloop
  endfacet
  facet normal 0 0 1
    outer loop
      vertex -3 24.8038 23.2
      vertex -1.31992 27.195 23.2
      vertex -1.66106 27.3826 23.2
    endloop
  endfacet
  facet normal 0 0 1
    outer loop
      vertex -3 24.8038 23.2
      vertex -1.66106 27.3826 23.2
      vertex -1.97601 27.6114 23.2
    endloop
  endfacet
  facet normal 0 0 1
    outer loop
      vertex -3 24.8038 23.2
      vertex -1.97601 27.6114 23.2
      vertex -2.2598 27.8779 23.2
    endloop
  endfacet
  facet normal 0 0 1
    outer loop
      vertex -3 24.8038 23.2
      vertex -2.2598 27.8779 23.2
      vertex -2.50795 28.1779 23.2
    endloop
  endfacet
  facet normal 0 0 1
    outer loop
      vertex -0.957952 27.0517 23.2
      vertex -3 24.8038 23.2
      vertex 0 24.8038 23.2
    endloop
  endfacet
  facet normal 0 0 1
    outer loop
      vertex -2.71655 28.5066 23.2
      vertex -3 24.8038 23.2
      vertex -2.50795 28.1779 23.2
    endloop
  endfacet
  facet normal 0 0 1
    outer loop
      vertex -6 30 23.2
      vertex -2.71655 28.5066 23.2
      vertex -2.88231 28.8588 23.2
    endloop
  endfacet
  facet normal 0 0 1
    outer loop
      vertex -6 30 23.2
      vertex -2.88231 28.8588 23.2
      vertex -3.00261 29.2291 23.2
    endloop
  endfacet
  facet normal 0 0 1
    outer loop
      vertex -6 30 23.2
      vertex -3.00261 29.2291 23.2
      vertex -3.07555 29.6115 23.2
    endloop
  endfacet
  facet normal -0 0 1
    outer loop
      vertex -6 30 23.2
      vertex -3.07555 29.6115 23.2
      vertex -3.1 30 23.2
    endloop
  endfacet
  facet normal 0 0 1
    outer loop
      vertex -2.71655 28.5066 23.2
      vertex -6 30 23.2
      vertex -3 24.8038 23.2
    endloop
  endfacet
  facet normal 0 0 1
    outer loop
      vertex 10 35.2 23.2
      vertex 3.1 30 23.2
      vertex 10 24.8 23.2
    endloop
  endfacet
  facet normal 0 0 1
    outer loop
      vertex 10 35.2 23.2
      vertex 3.07555 30.3885 23.2
      vertex 3.1 30 23.2
    endloop
  endfacet
  facet normal 0 0 1
    outer loop
      vertex 10 35.2 23.2
      vertex 3.00261 30.7709 23.2
      vertex 3.07555 30.3885 23.2
    endloop
  endfacet
  facet normal 0 0 1
    outer loop
      vertex 10 35.2 23.2
      vertex 2.88231 31.1412 23.2
      vertex 3.00261 30.7709 23.2
    endloop
  endfacet
  facet normal 0 0 1
    outer loop
      vertex 10 35.2 23.2
      vertex 2.71655 31.4934 23.2
      vertex 2.88231 31.1412 23.2
    endloop
  endfacet
  facet normal 0 0 1
    outer loop
      vertex 10 35.2 23.2
      vertex 2.50795 31.8221 23.2
      vertex 2.71655 31.4934 23.2
    endloop
  endfacet
  facet normal 0 0 1
    outer loop
      vertex 10 35.2 23.2
      vertex 2.2598 32.1221 23.2
      vertex 2.50795 31.8221 23.2
    endloop
  endfacet
  facet normal 0 0 1
    outer loop
      vertex 10 35.2 23.2
      vertex 1.97601 32.3886 23.2
      vertex 2.2598 32.1221 23.2
    endloop
  endfacet
  facet normal -0 0 1
    outer loop
      vertex 0 35.2 23.2
      vertex 1.97601 32.3886 23.2
      vertex 10 35.2 23.2
    endloop
  endfacet
  facet normal 0 0 1
    outer loop
      vertex 1.97601 32.3886 23.2
      vertex 0 35.2 23.2
      vertex 1.66106 32.6174 23.2
    endloop
  endfacet
  facet normal 0 0 1
    outer loop
      vertex 1.66106 32.6174 23.2
      vertex 0 35.2 23.2
      vertex 1.31992 32.805 23.2
    endloop
  endfacet
  facet normal -0 0 1
    outer loop
      vertex 0 35.1962 23.2
      vertex 1.31992 32.805 23.2
      vertex 0 35.2 23.2
    endloop
  endfacet
  facet normal 0 0 1
    outer loop
      vertex 1.31992 32.805 23.2
      vertex 0 35.1962 23.2
      vertex 0.957952 32.9483 23.2
    endloop
  endfacet
  facet normal 0 0 1
    outer loop
      vertex 0.957952 32.9483 23.2
      vertex 0 35.1962 23.2
      vertex 0.580882 33.0451 23.2
    endloop
  endfacet
  facet normal 0 0 1
    outer loop
      vertex 0.580882 33.0451 23.2
      vertex 0 35.1962 23.2
      vertex 0.19465 33.0939 23.2
    endloop
  endfacet
  facet normal 0 0 1
    outer loop
      vertex 0 35.1962 23.2
      vertex -0.19465 33.0939 23.2
      vertex 0.19465 33.0939 23.2
    endloop
  endfacet
  facet normal 0 0 1
    outer loop
      vertex 0 35.1962 23.2
      vertex -0.580882 33.0451 23.2
      vertex -0.19465 33.0939 23.2
    endloop
  endfacet
  facet normal 0 0 1
    outer loop
      vertex 0 35.1962 23.2
      vertex -0.957952 32.9483 23.2
      vertex -0.580882 33.0451 23.2
    endloop
  endfacet
  facet normal -0 0 1
    outer loop
      vertex -3 35.1962 23.2
      vertex -0.957952 32.9483 23.2
      vertex 0 35.1962 23.2
    endloop
  endfacet
  facet normal 0 0 1
    outer loop
      vertex -0.957952 32.9483 23.2
      vertex -3 35.1962 23.2
      vertex -1.31992 32.805 23.2
    endloop
  endfacet
  facet normal 0 0 1
    outer loop
      vertex -1.31992 32.805 23.2
      vertex -3 35.1962 23.2
      vertex -1.66106 32.6174 23.2
    endloop
  endfacet
  facet normal 0 0 1
    outer loop
      vertex -1.66106 32.6174 23.2
      vertex -3 35.1962 23.2
      vertex -1.97601 32.3886 23.2
    endloop
  endfacet
  facet normal 0 0 1
    outer loop
      vertex -1.97601 32.3886 23.2
      vertex -3 35.1962 23.2
      vertex -2.2598 32.1221 23.2
    endloop
  endfacet
  facet normal 0 0 1
    outer loop
      vertex -2.2598 32.1221 23.2
      vertex -3 35.1962 23.2
      vertex -2.50795 31.8221 23.2
    endloop
  endfacet
  facet normal 0 0 1
    outer loop
      vertex -3 35.1962 23.2
      vertex -2.71655 31.4934 23.2
      vertex -2.50795 31.8221 23.2
    endloop
  endfacet
  facet normal 0 0 1
    outer loop
      vertex -6 30 23.2
      vertex -2.71655 31.4934 23.2
      vertex -3 35.1962 23.2
    endloop
  endfacet
  facet normal 0 0 1
    outer loop
      vertex -2.71655 31.4934 23.2
      vertex -6 30 23.2
      vertex -2.88231 31.1412 23.2
    endloop
  endfacet
  facet normal 0 0 1
    outer loop
      vertex -2.88231 31.1412 23.2
      vertex -6 30 23.2
      vertex -3.00261 30.7709 23.2
    endloop
  endfacet
  facet normal 0 0 1
    outer loop
      vertex -3.00261 30.7709 23.2
      vertex -6 30 23.2
      vertex -3.07555 30.3885 23.2
    endloop
  endfacet
  facet normal 0 0 1
    outer loop
      vertex -3.07555 30.3885 23.2
      vertex -6 30 23.2
      vertex -3.1 30 23.2
    endloop
  endfacet
  facet normal -0 0 1
    outer loop
      vertex 3.07555 29.6115 23.2
      vertex 10 24.8 23.2
      vertex 3.1 30 23.2
    endloop
  endfacet
  facet normal -0 0 1
    outer loop
      vertex 3.00261 29.2291 23.2
      vertex 10 24.8 23.2
      vertex 3.07555 29.6115 23.2
    endloop
  endfacet
  facet normal -0 0 1
    outer loop
      vertex 2.88231 28.8588 23.2
      vertex 10 24.8 23.2
      vertex 3.00261 29.2291 23.2
    endloop
  endfacet
  facet normal -0 0 1
    outer loop
      vertex 2.71655 28.5066 23.2
      vertex 10 24.8 23.2
      vertex 2.88231 28.8588 23.2
    endloop
  endfacet
  facet normal -0 0 1
    outer loop
      vertex 2.50795 28.1779 23.2
      vertex 10 24.8 23.2
      vertex 2.71655 28.5066 23.2
    endloop
  endfacet
  facet normal -0 0 1
    outer loop
      vertex 2.2598 27.8779 23.2
      vertex 10 24.8 23.2
      vertex 2.50795 28.1779 23.2
    endloop
  endfacet
  facet normal -0 0 1
    outer loop
      vertex 1.97601 27.6114 23.2
      vertex 10 24.8 23.2
      vertex 2.2598 27.8779 23.2
    endloop
  endfacet
  facet normal 0 0 1
    outer loop
      vertex 0 24.8 23.2
      vertex 1.97601 27.6114 23.2
      vertex 1.66106 27.3826 23.2
    endloop
  endfacet
  facet normal 0 0 1
    outer loop
      vertex 0 24.8 23.2
      vertex 1.66106 27.3826 23.2
      vertex 1.31992 27.195 23.2
    endloop
  endfacet
  facet normal 0 0 1
    outer loop
      vertex 0 24.8038 23.2
      vertex 1.31992 27.195 23.2
      vertex 0.957952 27.0517 23.2
    endloop
  endfacet
  facet normal 0 0 1
    outer loop
      vertex 0 24.8038 23.2
      vertex 0.957952 27.0517 23.2
      vertex 0.580882 26.9549 23.2
    endloop
  endfacet
  facet normal 0 0 1
    outer loop
      vertex 0 24.8038 23.2
      vertex 0.580882 26.9549 23.2
      vertex 0.19465 26.9061 23.2
    endloop
  endfacet
  facet normal 0 0 1
    outer loop
      vertex 1.31992 27.195 23.2
      vertex 0 24.8038 23.2
      vertex 0 24.8 23.2
    endloop
  endfacet
  facet normal 0 0 1
    outer loop
      vertex 1.97601 27.6114 23.2
      vertex 0 24.8 23.2
      vertex 10 24.8 23.2
    endloop
  endfacet
  facet normal 0 1 -0
    outer loop
      vertex 10 24.8 23.2
      vertex 0 24.8 26.8
      vertex 10 24.8 26.8
    endloop
  endfacet
  facet normal 0 1 0
    outer loop
      vertex 0 24.8 26.8
      vertex 10 24.8 23.2
      vertex 0 24.8 23.2
    endloop
  endfacet
  facet normal 0.866025 -0.5 0
    outer loop
      vertex -6 30 26.8
      vertex -3 35.1962 23.2
      vertex -3 35.1962 26.8
    endloop
  endfacet
  facet normal 0.866025 -0.5 0
    outer loop
      vertex -3 35.1962 23.2
      vertex -6 30 26.8
      vertex -6 30 23.2
    endloop
  endfacet
  facet normal 0 -1 0
    outer loop
      vertex -3 35.1962 23.2
      vertex 0 35.1962 26.8
      vertex -3 35.1962 26.8
    endloop
  endfacet
  facet normal 0 -1 -0
    outer loop
      vertex 0 35.1962 26.8
      vertex -3 35.1962 23.2
      vertex 0 35.1962 23.2
    endloop
  endfacet
  facet normal 0.866025 0.5 0
    outer loop
      vertex -3 24.8038 26.8
      vertex -6 30 23.2
      vertex -6 30 26.8
    endloop
  endfacet
  facet normal 0.866025 0.5 0
    outer loop
      vertex -6 30 23.2
      vertex -3 24.8038 26.8
      vertex -3 24.8038 23.2
    endloop
  endfacet
  facet normal 0 1 -0
    outer loop
      vertex 0 24.8038 23.2
      vertex -3 24.8038 26.8
      vertex 0 24.8038 26.8
    endloop
  endfacet
  facet normal 0 1 0
    outer loop
      vertex -3 24.8038 26.8
      vertex 0 24.8038 23.2
      vertex -3 24.8038 23.2
    endloop
  endfacet
  facet normal 0 0 -1
    outer loop
      vertex 1.67568 -9.3 27.9
      vertex 10 -6.7 27.9
      vertex 10 -9.3 27.9
    endloop
  endfacet
  facet normal -0 0 -1
    outer loop
      vertex 10 -6.7 27.9
      vertex 1.67568 -9.3 27.9
      vertex 1.67568 -6.7 27.9
    endloop
  endfacet
  facet normal -0 0 1
    outer loop
      vertex 1.67568 -6.7 22.1
      vertex 10 -9.3 22.1
      vertex 10 -6.7 22.1
    endloop
  endfacet
  facet normal 0 0 1
    outer loop
      vertex 10 -9.3 22.1
      vertex 1.67568 -6.7 22.1
      vertex 1.67568 -9.3 22.1
    endloop
  endfacet
  facet normal 0 1 0
    outer loop
      vertex 1.52169 -9.3 25.4944
      vertex 1.67568 -9.3 27.9
      vertex 10 -9.3 27.9
    endloop
  endfacet
  facet normal 0 1 0
    outer loop
      vertex 1.67568 -9.3 27.9
      vertex 0.250295 -9.3 26.5803
      vertex 0 -9.3 26.6
    endloop
  endfacet
  facet normal 0 1 0
    outer loop
      vertex 1.67568 -9.3 27.9
      vertex 0.494427 -9.3 26.5217
      vertex 0.250295 -9.3 26.5803
    endloop
  endfacet
  facet normal 0 1 0
    outer loop
      vertex 1.67568 -9.3 27.9
      vertex 0.726384 -9.3 26.4256
      vertex 0.494427 -9.3 26.5217
    endloop
  endfacet
  facet normal 0 1 0
    outer loop
      vertex 1.67568 -9.3 27.9
      vertex 0.940456 -9.3 26.2944
      vertex 0.726384 -9.3 26.4256
    endloop
  endfacet
  facet normal 0 1 0
    outer loop
      vertex 1.67568 -9.3 27.9
      vertex 1.13137 -9.3 26.1314
      vertex 0.940456 -9.3 26.2944
    endloop
  endfacet
  facet normal 0 1 0
    outer loop
      vertex 1.67568 -9.3 27.9
      vertex 1.29443 -9.3 25.9405
      vertex 1.13137 -9.3 26.1314
    endloop
  endfacet
  facet normal 0 1 0
    outer loop
      vertex 1.67568 -9.3 27.9
      vertex 1.42561 -9.3 25.7264
      vertex 1.29443 -9.3 25.9405
    endloop
  endfacet
  facet normal 0 1 0
    outer loop
      vertex 1.67568 -9.3 27.9
      vertex 1.52169 -9.3 25.4944
      vertex 1.42561 -9.3 25.7264
    endloop
  endfacet
  facet normal 0 1 0
    outer loop
      vertex 10 -9.3 27.9
      vertex 1.5803 -9.3 25.2503
      vertex 1.52169 -9.3 25.4944
    endloop
  endfacet
  facet normal 0 1 0
    outer loop
      vertex 10 -9.3 27.9
      vertex 1.6 -9.3 25
      vertex 1.5803 -9.3 25.2503
    endloop
  endfacet
  facet normal 0 1 -0
    outer loop
      vertex 10 -9.3 22.1
      vertex 1.6 -9.3 25
      vertex 10 -9.3 27.9
    endloop
  endfacet
  facet normal 0 1 0
    outer loop
      vertex 1.6 -9.3 25
      vertex 10 -9.3 22.1
      vertex 1.5803 -9.3 24.7497
    endloop
  endfacet
  facet normal 0 1 0
    outer loop
      vertex 1.5803 -9.3 24.7497
      vertex 10 -9.3 22.1
      vertex 1.52169 -9.3 24.5056
    endloop
  endfacet
  facet normal 0 1 -0
    outer loop
      vertex 1.67568 -9.3 22.1
      vertex 1.52169 -9.3 24.5056
      vertex 10 -9.3 22.1
    endloop
  endfacet
  facet normal 0 1 0
    outer loop
      vertex 1.52169 -9.3 24.5056
      vertex 1.67568 -9.3 22.1
      vertex 1.42561 -9.3 24.2736
    endloop
  endfacet
  facet normal 0 1 0
    outer loop
      vertex 1.42561 -9.3 24.2736
      vertex 1.67568 -9.3 22.1
      vertex 1.29443 -9.3 24.0595
    endloop
  endfacet
  facet normal 0 1 0
    outer loop
      vertex 1.13137 -9.3 23.8686
      vertex 1.67568 -9.3 22.1
      vertex 0.940456 -9.3 23.7056
    endloop
  endfacet
  facet normal 0 1 -0
    outer loop
      vertex 1.675 -9.3 22.0988
      vertex 0.494427 -9.3 23.4783
      vertex 1.67568 -9.3 22.1
    endloop
  endfacet
  facet normal 0 1 0
    outer loop
      vertex 0.726384 -9.3 23.5744
      vertex 1.67568 -9.3 22.1
      vertex 0.494427 -9.3 23.4783
    endloop
  endfacet
  facet normal 0 1 0
    outer loop
      vertex 0.940456 -9.3 23.7056
      vertex 1.67568 -9.3 22.1
      vertex 0.726384 -9.3 23.5744
    endloop
  endfacet
  facet normal 0 1 0
    outer loop
      vertex 1.29443 -9.3 24.0595
      vertex 1.67568 -9.3 22.1
      vertex 1.13137 -9.3 23.8686
    endloop
  endfacet
  facet normal 0 1 0
    outer loop
      vertex 0 -9.3 26.6
      vertex 1.675 -9.3 27.9012
      vertex 1.67568 -9.3 27.9
    endloop
  endfacet
  facet normal 0 1 0
    outer loop
      vertex 1.675 -9.3 27.9012
      vertex 0 -9.3 26.6
      vertex -1.675 -9.3 27.9012
    endloop
  endfacet
  facet normal 0 1 -0
    outer loop
      vertex -0.250295 -9.3 26.5803
      vertex -1.675 -9.3 27.9012
      vertex 0 -9.3 26.6
    endloop
  endfacet
  facet normal 0 1 -0
    outer loop
      vertex -0.494427 -9.3 26.5217
      vertex -1.675 -9.3 27.9012
      vertex -0.250295 -9.3 26.5803
    endloop
  endfacet
  facet normal 0 1 -0
    outer loop
      vertex -0.726384 -9.3 26.4256
      vertex -1.675 -9.3 27.9012
      vertex -0.494427 -9.3 26.5217
    endloop
  endfacet
  facet normal 0 1 -0
    outer loop
      vertex -0.940456 -9.3 26.2944
      vertex -1.675 -9.3 27.9012
      vertex -0.726384 -9.3 26.4256
    endloop
  endfacet
  facet normal 0 1 -0
    outer loop
      vertex -1.13137 -9.3 26.1314
      vertex -1.675 -9.3 27.9012
      vertex -0.940456 -9.3 26.2944
    endloop
  endfacet
  facet normal 0 1 -0
    outer loop
      vertex -1.29443 -9.3 25.9405
      vertex -1.675 -9.3 27.9012
      vertex -1.13137 -9.3 26.1314
    endloop
  endfacet
  facet normal 0 1 -0
    outer loop
      vertex -1.42561 -9.3 25.7264
      vertex -1.675 -9.3 27.9012
      vertex -1.29443 -9.3 25.9405
    endloop
  endfacet
  facet normal 0 1 0
    outer loop
      vertex -3.35 -9.3 25
      vertex -1.42561 -9.3 25.7264
      vertex -1.52169 -9.3 25.4944
    endloop
  endfacet
  facet normal 0 1 0
    outer loop
      vertex -3.35 -9.3 25
      vertex -1.52169 -9.3 25.4944
      vertex -1.5803 -9.3 25.2503
    endloop
  endfacet
  facet normal 0 1 0
    outer loop
      vertex -3.35 -9.3 25
      vertex -1.5803 -9.3 25.2503
      vertex -1.6 -9.3 25
    endloop
  endfacet
  facet normal 0 1 0
    outer loop
      vertex -1.42561 -9.3 25.7264
      vertex -3.35 -9.3 25
      vertex -1.675 -9.3 27.9012
    endloop
  endfacet
  facet normal 0 1 0
    outer loop
      vertex -1.5803 -9.3 24.7497
      vertex -3.35 -9.3 25
      vertex -1.6 -9.3 25
    endloop
  endfacet
  facet normal 0 1 0
    outer loop
      vertex -1.52169 -9.3 24.5056
      vertex -3.35 -9.3 25
      vertex -1.5803 -9.3 24.7497
    endloop
  endfacet
  facet normal 0 1 0
    outer loop
      vertex -1.42561 -9.3 24.2736
      vertex -3.35 -9.3 25
      vertex -1.52169 -9.3 24.5056
    endloop
  endfacet
  facet normal 0 1 0
    outer loop
      vertex -1.675 -9.3 22.0988
      vertex -1.42561 -9.3 24.2736
      vertex -1.29443 -9.3 24.0595
    endloop
  endfacet
  facet normal 0 1 0
    outer loop
      vertex -1.675 -9.3 22.0988
      vertex -1.29443 -9.3 24.0595
      vertex -1.13137 -9.3 23.8686
    endloop
  endfacet
  facet normal 0 1 0
    outer loop
      vertex -1.675 -9.3 22.0988
      vertex -1.13137 -9.3 23.8686
      vertex -0.940456 -9.3 23.7056
    endloop
  endfacet
  facet normal 0 1 0
    outer loop
      vertex -1.675 -9.3 22.0988
      vertex -0.940456 -9.3 23.7056
      vertex -0.726384 -9.3 23.5744
    endloop
  endfacet
  facet normal 0 1 0
    outer loop
      vertex 0.494427 -9.3 23.4783
      vertex 1.675 -9.3 22.0988
      vertex 0.250295 -9.3 23.4197
    endloop
  endfacet
  facet normal 0 1 0
    outer loop
      vertex 0.250295 -9.3 23.4197
      vertex 1.675 -9.3 22.0988
      vertex 0 -9.3 23.4
    endloop
  endfacet
  facet normal 0 1 0
    outer loop
      vertex -1.675 -9.3 22.0988
      vertex 0 -9.3 23.4
      vertex 1.675 -9.3 22.0988
    endloop
  endfacet
  facet normal 0 1 0
    outer loop
      vertex 0 -9.3 23.4
      vertex -1.675 -9.3 22.0988
      vertex -0.250295 -9.3 23.4197
    endloop
  endfacet
  facet normal 0 1 0
    outer loop
      vertex -0.250295 -9.3 23.4197
      vertex -1.675 -9.3 22.0988
      vertex -0.494427 -9.3 23.4783
    endloop
  endfacet
  facet normal 0 1 0
    outer loop
      vertex -0.494427 -9.3 23.4783
      vertex -1.675 -9.3 22.0988
      vertex -0.726384 -9.3 23.5744
    endloop
  endfacet
  facet normal 0 1 0
    outer loop
      vertex -1.42561 -9.3 24.2736
      vertex -1.675 -9.3 22.0988
      vertex -3.35 -9.3 25
    endloop
  endfacet
  facet normal 0 -1 0
    outer loop
      vertex 0 -6.7 26.6
      vertex 1.675 -6.7 27.9012
      vertex -1.675 -6.7 27.9012
    endloop
  endfacet
  facet normal 0 -1 0
    outer loop
      vertex 0.494427 -6.7 26.5217
      vertex 1.675 -6.7 27.9012
      vertex 0.250295 -6.7 26.5803
    endloop
  endfacet
  facet normal 0 -1 0
    outer loop
      vertex 0.250295 -6.7 26.5803
      vertex 1.675 -6.7 27.9012
      vertex 0 -6.7 26.6
    endloop
  endfacet
  facet normal 0 -1 0
    outer loop
      vertex -1.675 -6.7 27.9012
      vertex -0.250295 -6.7 26.5803
      vertex 0 -6.7 26.6
    endloop
  endfacet
  facet normal 0 -1 0
    outer loop
      vertex -1.675 -6.7 27.9012
      vertex -0.494427 -6.7 26.5217
      vertex -0.250295 -6.7 26.5803
    endloop
  endfacet
  facet normal 0 -1 0
    outer loop
      vertex -1.675 -6.7 27.9012
      vertex -0.726384 -6.7 26.4256
      vertex -0.494427 -6.7 26.5217
    endloop
  endfacet
  facet normal 0 -1 0
    outer loop
      vertex -1.675 -6.7 27.9012
      vertex -0.940456 -6.7 26.2944
      vertex -0.726384 -6.7 26.4256
    endloop
  endfacet
  facet normal 0 -1 0
    outer loop
      vertex -1.675 -6.7 27.9012
      vertex -1.13137 -6.7 26.1314
      vertex -0.940456 -6.7 26.2944
    endloop
  endfacet
  facet normal 0 -1 0
    outer loop
      vertex -1.675 -6.7 27.9012
      vertex -1.29443 -6.7 25.9405
      vertex -1.13137 -6.7 26.1314
    endloop
  endfacet
  facet normal 0 -1 0
    outer loop
      vertex -1.675 -6.7 27.9012
      vertex -1.42561 -6.7 25.7264
      vertex -1.29443 -6.7 25.9405
    endloop
  endfacet
  facet normal 0 -1 0
    outer loop
      vertex -3.35 -6.7 25
      vertex -1.42561 -6.7 25.7264
      vertex -1.675 -6.7 27.9012
    endloop
  endfacet
  facet normal 0 -1 0
    outer loop
      vertex -1.42561 -6.7 25.7264
      vertex -3.35 -6.7 25
      vertex -1.52169 -6.7 25.4944
    endloop
  endfacet
  facet normal 0 -1 0
    outer loop
      vertex -1.52169 -6.7 25.4944
      vertex -3.35 -6.7 25
      vertex -1.5803 -6.7 25.2503
    endloop
  endfacet
  facet normal 0 -1 0
    outer loop
      vertex -3.35 -6.7 25
      vertex -1.6 -6.7 25
      vertex -1.5803 -6.7 25.2503
    endloop
  endfacet
  facet normal 0 -1 0
    outer loop
      vertex -3.35 -6.7 25
      vertex -1.5803 -6.7 24.7497
      vertex -1.6 -6.7 25
    endloop
  endfacet
  facet normal 0 -1 0
    outer loop
      vertex -3.35 -6.7 25
      vertex -1.52169 -6.7 24.5056
      vertex -1.5803 -6.7 24.7497
    endloop
  endfacet
  facet normal 0 -1 0
    outer loop
      vertex -3.35 -6.7 25
      vertex -1.42561 -6.7 24.2736
      vertex -1.52169 -6.7 24.5056
    endloop
  endfacet
  facet normal 0 -1 0
    outer loop
      vertex -1.675 -6.7 22.0988
      vertex -1.42561 -6.7 24.2736
      vertex -3.35 -6.7 25
    endloop
  endfacet
  facet normal 0 -1 -0
    outer loop
      vertex -1.42561 -6.7 24.2736
      vertex -1.675 -6.7 22.0988
      vertex -1.29443 -6.7 24.0595
    endloop
  endfacet
  facet normal 0 -1 -0
    outer loop
      vertex -1.29443 -6.7 24.0595
      vertex -1.675 -6.7 22.0988
      vertex -1.13137 -6.7 23.8686
    endloop
  endfacet
  facet normal 0 -1 -0
    outer loop
      vertex -1.13137 -6.7 23.8686
      vertex -1.675 -6.7 22.0988
      vertex -0.940456 -6.7 23.7056
    endloop
  endfacet
  facet normal 0 -1 0
    outer loop
      vertex -1.675 -6.7 22.0988
      vertex 0 -6.7 23.4
      vertex -0.250295 -6.7 23.4197
    endloop
  endfacet
  facet normal 0 -1 0
    outer loop
      vertex -1.675 -6.7 22.0988
      vertex -0.250295 -6.7 23.4197
      vertex -0.494427 -6.7 23.4783
    endloop
  endfacet
  facet normal 0 -1 0
    outer loop
      vertex -1.675 -6.7 22.0988
      vertex -0.494427 -6.7 23.4783
      vertex -0.726384 -6.7 23.5744
    endloop
  endfacet
  facet normal 0 -1 -0
    outer loop
      vertex -0.940456 -6.7 23.7056
      vertex -1.675 -6.7 22.0988
      vertex -0.726384 -6.7 23.5744
    endloop
  endfacet
  facet normal 0 -1 -0
    outer loop
      vertex 0 -6.7 23.4
      vertex -1.675 -6.7 22.0988
      vertex 1.675 -6.7 22.0988
    endloop
  endfacet
  facet normal 0 -1 0
    outer loop
      vertex 0 -6.7 23.4
      vertex 1.675 -6.7 22.0988
      vertex 1.67568 -6.7 22.1
    endloop
  endfacet
  facet normal 0 -1 -0
    outer loop
      vertex 1.675 -6.7 27.9012
      vertex 0.494427 -6.7 26.5217
      vertex 1.67568 -6.7 27.9
    endloop
  endfacet
  facet normal 0 -1 0
    outer loop
      vertex 0.726384 -6.7 26.4256
      vertex 1.67568 -6.7 27.9
      vertex 0.494427 -6.7 26.5217
    endloop
  endfacet
  facet normal 0 -1 0
    outer loop
      vertex 0.940456 -6.7 26.2944
      vertex 1.67568 -6.7 27.9
      vertex 0.726384 -6.7 26.4256
    endloop
  endfacet
  facet normal 0 -1 0
    outer loop
      vertex 1.13137 -6.7 26.1314
      vertex 1.67568 -6.7 27.9
      vertex 0.940456 -6.7 26.2944
    endloop
  endfacet
  facet normal 0 -1 0
    outer loop
      vertex 1.29443 -6.7 25.9405
      vertex 1.67568 -6.7 27.9
      vertex 1.13137 -6.7 26.1314
    endloop
  endfacet
  facet normal 0 -1 0
    outer loop
      vertex 1.42561 -6.7 25.7264
      vertex 1.67568 -6.7 27.9
      vertex 1.29443 -6.7 25.9405
    endloop
  endfacet
  facet normal 0 -1 0
    outer loop
      vertex 1.52169 -6.7 25.4944
      vertex 1.67568 -6.7 27.9
      vertex 1.42561 -6.7 25.7264
    endloop
  endfacet
  facet normal 0 -1 -0
    outer loop
      vertex 1.67568 -6.7 27.9
      vertex 1.52169 -6.7 25.4944
      vertex 10 -6.7 27.9
    endloop
  endfacet
  facet normal 0 -1 0
    outer loop
      vertex 1.5803 -6.7 25.2503
      vertex 10 -6.7 27.9
      vertex 1.52169 -6.7 25.4944
    endloop
  endfacet
  facet normal 0 -1 0
    outer loop
      vertex 1.6 -6.7 25
      vertex 10 -6.7 27.9
      vertex 1.5803 -6.7 25.2503
    endloop
  endfacet
  facet normal 0 -1 0
    outer loop
      vertex 10 -6.7 22.1
      vertex 1.6 -6.7 25
      vertex 1.5803 -6.7 24.7497
    endloop
  endfacet
  facet normal 0 -1 0
    outer loop
      vertex 10 -6.7 22.1
      vertex 1.5803 -6.7 24.7497
      vertex 1.52169 -6.7 24.5056
    endloop
  endfacet
  facet normal 0 -1 0
    outer loop
      vertex 1.67568 -6.7 22.1
      vertex 1.52169 -6.7 24.5056
      vertex 1.42561 -6.7 24.2736
    endloop
  endfacet
  facet normal 0 -1 0
    outer loop
      vertex 1.67568 -6.7 22.1
      vertex 1.42561 -6.7 24.2736
      vertex 1.29443 -6.7 24.0595
    endloop
  endfacet
  facet normal 0 -1 0
    outer loop
      vertex 1.67568 -6.7 22.1
      vertex 1.29443 -6.7 24.0595
      vertex 1.13137 -6.7 23.8686
    endloop
  endfacet
  facet normal 0 -1 0
    outer loop
      vertex 1.67568 -6.7 22.1
      vertex 1.13137 -6.7 23.8686
      vertex 0.940456 -6.7 23.7056
    endloop
  endfacet
  facet normal 0 -1 0
    outer loop
      vertex 1.67568 -6.7 22.1
      vertex 0.940456 -6.7 23.7056
      vertex 0.726384 -6.7 23.5744
    endloop
  endfacet
  facet normal 0 -1 0
    outer loop
      vertex 1.67568 -6.7 22.1
      vertex 0.250295 -6.7 23.4197
      vertex 0 -6.7 23.4
    endloop
  endfacet
  facet normal 0 -1 0
    outer loop
      vertex 1.67568 -6.7 22.1
      vertex 0.494427 -6.7 23.4783
      vertex 0.250295 -6.7 23.4197
    endloop
  endfacet
  facet normal 0 -1 0
    outer loop
      vertex 1.67568 -6.7 22.1
      vertex 0.726384 -6.7 23.5744
      vertex 0.494427 -6.7 23.4783
    endloop
  endfacet
  facet normal 0 -1 0
    outer loop
      vertex 1.52169 -6.7 24.5056
      vertex 1.67568 -6.7 22.1
      vertex 10 -6.7 22.1
    endloop
  endfacet
  facet normal 0 -1 0
    outer loop
      vertex 1.6 -6.7 25
      vertex 10 -6.7 22.1
      vertex 10 -6.7 27.9
    endloop
  endfacet
  facet normal -0.865858 0 -0.500291
    outer loop
      vertex 1.67568 -9.3 27.9
      vertex 1.675 -6.7 27.9012
      vertex 1.67568 -6.7 27.9
    endloop
  endfacet
  facet normal -0.865858 -0 -0.500291
    outer loop
      vertex 1.675 -6.7 27.9012
      vertex 1.67568 -9.3 27.9
      vertex 1.675 -9.3 27.9012
    endloop
  endfacet
  facet normal 0 0 -1
    outer loop
      vertex -1.675 -9.3 27.9012
      vertex 1.675 -6.7 27.9012
      vertex 1.675 -9.3 27.9012
    endloop
  endfacet
  facet normal -0 0 -1
    outer loop
      vertex 1.675 -6.7 27.9012
      vertex -1.675 -9.3 27.9012
      vertex -1.675 -6.7 27.9012
    endloop
  endfacet
  facet normal 0.866025 0 -0.5
    outer loop
      vertex -1.675 -9.3 27.9012
      vertex -3.35 -6.7 25
      vertex -1.675 -6.7 27.9012
    endloop
  endfacet
  facet normal 0.866025 0 -0.5
    outer loop
      vertex -3.35 -6.7 25
      vertex -1.675 -9.3 27.9012
      vertex -3.35 -9.3 25
    endloop
  endfacet
  facet normal 0.866025 -0 0.5
    outer loop
      vertex -3.35 -9.3 25
      vertex -1.675 -6.7 22.0988
      vertex -3.35 -6.7 25
    endloop
  endfacet
  facet normal 0.866025 0 0.5
    outer loop
      vertex -1.675 -6.7 22.0988
      vertex -3.35 -9.3 25
      vertex -1.675 -9.3 22.0988
    endloop
  endfacet
  facet normal -0 0 1
    outer loop
      vertex -1.675 -6.7 22.0988
      vertex 1.675 -9.3 22.0988
      vertex 1.675 -6.7 22.0988
    endloop
  endfacet
  facet normal 0 0 1
    outer loop
      vertex 1.675 -9.3 22.0988
      vertex -1.675 -6.7 22.0988
      vertex -1.675 -9.3 22.0988
    endloop
  endfacet
  facet normal -0.865858 0 0.500291
    outer loop
      vertex 1.675 -9.3 22.0988
      vertex 1.67568 -6.7 22.1
      vertex 1.675 -6.7 22.0988
    endloop
  endfacet
  facet normal -0.865858 0 0.500291
    outer loop
      vertex 1.67568 -6.7 22.1
      vertex 1.675 -9.3 22.0988
      vertex 1.67568 -9.3 22.1
    endloop
  endfacet
  facet normal -0.996917 0 -0.0784575
    outer loop
      vertex 1.6 -6.7 25
      vertex 1.5803 -3.77527 25.2503
      vertex 1.6 -3.76747 25
    endloop
  endfacet
  facet normal -0.996917 -0 -0.0784575
    outer loop
      vertex 1.5803 -3.77527 25.2503
      vertex 1.6 -6.7 25
      vertex 1.5803 -6.7 25.2503
    endloop
  endfacet
  facet normal -0.996917 0 -0.0784575
    outer loop
      vertex 1.6 -15 25
      vertex 1.5803 -9.3 25.2503
      vertex 1.6 -9.3 25
    endloop
  endfacet
  facet normal -0.996917 -0 -0.0784575
    outer loop
      vertex 1.5803 -9.3 25.2503
      vertex 1.6 -15 25
      vertex 1.5803 -15 25.2503
    endloop
  endfacet
  facet normal -0.996917 0 0.0784575
    outer loop
      vertex 1.5803 -15 24.7497
      vertex 1.6 -9.3 25
      vertex 1.5803 -9.3 24.7497
    endloop
  endfacet
  facet normal -0.996917 0 0.0784575
    outer loop
      vertex 1.6 -9.3 25
      vertex 1.5803 -15 24.7497
      vertex 1.6 -15 25
    endloop
  endfacet
  facet normal -0.996917 0 0.0784575
    outer loop
      vertex 1.6 -6.7 25
      vertex 1.5803 -3.77527 24.7497
      vertex 1.5803 -6.7 24.7497
    endloop
  endfacet
  facet normal -0.996917 0 0.0784575
    outer loop
      vertex 1.5803 -3.77527 24.7497
      vertex 1.6 -6.7 25
      vertex 1.6 -3.76747 25
    endloop
  endfacet
  facet normal 0.522499 0 -0.85264
    outer loop
      vertex -0.940456 -15 26.2944
      vertex -0.726384 -9.3 26.4256
      vertex -0.726384 -15 26.4256
    endloop
  endfacet
  facet normal 0.522499 0 -0.85264
    outer loop
      vertex -0.726384 -9.3 26.4256
      vertex -0.940456 -15 26.2944
      vertex -0.940456 -9.3 26.2944
    endloop
  endfacet
  facet normal 0.522499 0 -0.85264
    outer loop
      vertex -0.940456 -6.7 26.2944
      vertex -0.726384 -4.03267 26.4256
      vertex -0.726384 -6.7 26.4256
    endloop
  endfacet
  facet normal 0.5225 -1.23581e-07 -0.852639
    outer loop
      vertex -0.726384 -4.03267 26.4256
      vertex -0.940456 -6.7 26.2944
      vertex -0.768263 -4.02738 26.3999
    endloop
  endfacet
  facet normal 0.522498 0 -0.85264
    outer loop
      vertex -0.768263 -4.02738 26.3999
      vertex -0.940456 -6.7 26.2944
      vertex -0.940456 -3.98317 26.2944
    endloop
  endfacet
  facet normal 0.923878 0 -0.382688
    outer loop
      vertex -1.52169 -6.7 25.4944
      vertex -1.42561 -3.83652 25.7264
      vertex -1.42561 -6.7 25.7264
    endloop
  endfacet
  facet normal 0.923878 0 -0.382688
    outer loop
      vertex -1.42561 -3.83652 25.7264
      vertex -1.52169 -6.7 25.4944
      vertex -1.52169 -3.79848 25.4944
    endloop
  endfacet
  facet normal 0.923878 0 -0.382688
    outer loop
      vertex -1.42561 -15 25.7264
      vertex -1.52169 -9.3 25.4944
      vertex -1.42561 -9.3 25.7264
    endloop
  endfacet
  facet normal 0.923878 0 -0.382688
    outer loop
      vertex -1.52169 -9.3 25.4944
      vertex -1.42561 -15 25.7264
      vertex -1.52169 -15 25.4944
    endloop
  endfacet
  facet normal -0.852643 0 -0.522494
    outer loop
      vertex 1.42561 -6.7 25.7264
      vertex 1.29443 -3.88846 25.9405
      vertex 1.42561 -3.83652 25.7264
    endloop
  endfacet
  facet normal -0.852643 -0 -0.522494
    outer loop
      vertex 1.29443 -3.88846 25.9405
      vertex 1.42561 -6.7 25.7264
      vertex 1.29443 -6.7 25.9405
    endloop
  endfacet
  facet normal -0.852643 0 -0.522494
    outer loop
      vertex 1.42561 -15 25.7264
      vertex 1.29443 -9.3 25.9405
      vertex 1.42561 -9.3 25.7264
    endloop
  endfacet
  facet normal -0.852643 -0 -0.522494
    outer loop
      vertex 1.29443 -9.3 25.9405
      vertex 1.42561 -15 25.7264
      vertex 1.29443 -15 25.9405
    endloop
  endfacet
  facet normal -0.649447 -0 -0.760407
    outer loop
      vertex 0.940456 -3.98317 26.2944
      vertex 1.13137 -6.7 26.1314
      vertex 0.940456 -6.7 26.2944
    endloop
  endfacet
  facet normal -0.649447 0 -0.760407
    outer loop
      vertex 1.13137 -6.7 26.1314
      vertex 0.940456 -3.98317 26.2944
      vertex 1.13137 -3.93415 26.1314
    endloop
  endfacet
  facet normal -0.649447 0 -0.760407
    outer loop
      vertex 0.940456 -15 26.2944
      vertex 1.13137 -9.3 26.1314
      vertex 1.13137 -15 26.1314
    endloop
  endfacet
  facet normal -0.649447 0 -0.760407
    outer loop
      vertex 1.13137 -9.3 26.1314
      vertex 0.940456 -15 26.2944
      vertex 0.940456 -9.3 26.2944
    endloop
  endfacet
  facet normal -0.760415 0 -0.649438
    outer loop
      vertex 1.29443 -6.7 25.9405
      vertex 1.26697 -3.89933 25.9726
      vertex 1.29443 -3.88846 25.9405
    endloop
  endfacet
  facet normal -0.760404 2.54016e-07 -0.649451
    outer loop
      vertex 1.29443 -6.7 25.9405
      vertex 1.13137 -3.93415 26.1314
      vertex 1.26697 -3.89933 25.9726
    endloop
  endfacet
  facet normal -0.760405 -0 -0.649449
    outer loop
      vertex 1.13137 -3.93415 26.1314
      vertex 1.29443 -6.7 25.9405
      vertex 1.13137 -6.7 26.1314
    endloop
  endfacet
  facet normal -0.760405 0 -0.649449
    outer loop
      vertex 1.29443 -15 25.9405
      vertex 1.13137 -9.3 26.1314
      vertex 1.29443 -9.3 25.9405
    endloop
  endfacet
  facet normal -0.760405 -0 -0.649449
    outer loop
      vertex 1.13137 -9.3 26.1314
      vertex 1.29443 -15 25.9405
      vertex 1.13137 -15 26.1314
    endloop
  endfacet
  facet normal 0.996917 0 -0.0784575
    outer loop
      vertex -1.6 -6.7 25
      vertex -1.5803 -3.77527 25.2503
      vertex -1.5803 -6.7 25.2503
    endloop
  endfacet
  facet normal 0.996917 0 -0.0784575
    outer loop
      vertex -1.5803 -3.77527 25.2503
      vertex -1.6 -6.7 25
      vertex -1.6 -3.76747 25
    endloop
  endfacet
  facet normal 0.996917 0 -0.0784575
    outer loop
      vertex -1.5803 -15 25.2503
      vertex -1.6 -9.3 25
      vertex -1.5803 -9.3 25.2503
    endloop
  endfacet
  facet normal 0.996917 0 -0.0784575
    outer loop
      vertex -1.6 -9.3 25
      vertex -1.5803 -15 25.2503
      vertex -1.6 -15 25
    endloop
  endfacet
  facet normal 0.852643 0 -0.522494
    outer loop
      vertex -1.29443 -15 25.9405
      vertex -1.42561 -9.3 25.7264
      vertex -1.29443 -9.3 25.9405
    endloop
  endfacet
  facet normal 0.852643 0 -0.522494
    outer loop
      vertex -1.42561 -9.3 25.7264
      vertex -1.29443 -15 25.9405
      vertex -1.42561 -15 25.7264
    endloop
  endfacet
  facet normal 0.852643 0 -0.522494
    outer loop
      vertex -1.42561 -6.7 25.7264
      vertex -1.29443 -3.88846 25.9405
      vertex -1.29443 -6.7 25.9405
    endloop
  endfacet
  facet normal 0.852643 0 -0.522494
    outer loop
      vertex -1.29443 -3.88846 25.9405
      vertex -1.42561 -6.7 25.7264
      vertex -1.42561 -3.83652 25.7264
    endloop
  endfacet
  facet normal 0.760405 0 -0.649449
    outer loop
      vertex -1.13137 -15 26.1314
      vertex -1.29443 -9.3 25.9405
      vertex -1.13137 -9.3 26.1314
    endloop
  endfacet
  facet normal 0.760405 0 -0.649449
    outer loop
      vertex -1.29443 -9.3 25.9405
      vertex -1.13137 -15 26.1314
      vertex -1.29443 -15 25.9405
    endloop
  endfacet
  facet normal 0.760405 0 -0.649449
    outer loop
      vertex -1.29443 -6.7 25.9405
      vertex -1.13137 -3.93415 26.1314
      vertex -1.13137 -6.7 26.1314
    endloop
  endfacet
  facet normal 0.760404 2.54016e-07 -0.649451
    outer loop
      vertex -1.13137 -3.93415 26.1314
      vertex -1.29443 -6.7 25.9405
      vertex -1.26697 -3.89933 25.9726
    endloop
  endfacet
  facet normal 0.760415 0 -0.649438
    outer loop
      vertex -1.26697 -3.89933 25.9726
      vertex -1.29443 -6.7 25.9405
      vertex -1.29443 -3.88846 25.9405
    endloop
  endfacet
  facet normal 0.649447 -0 0.760407
    outer loop
      vertex -1.13137 -6.7 23.8686
      vertex -0.940456 -3.98317 23.7056
      vertex -1.13137 -3.93415 23.8686
    endloop
  endfacet
  facet normal 0.649447 0 0.760407
    outer loop
      vertex -0.940456 -3.98317 23.7056
      vertex -1.13137 -6.7 23.8686
      vertex -0.940456 -6.7 23.7056
    endloop
  endfacet
  facet normal 0.649447 0 0.760407
    outer loop
      vertex -1.13137 -9.3 23.8686
      vertex -0.940456 -15 23.7056
      vertex -0.940456 -9.3 23.7056
    endloop
  endfacet
  facet normal 0.649447 0 0.760407
    outer loop
      vertex -0.940456 -15 23.7056
      vertex -1.13137 -9.3 23.8686
      vertex -1.13137 -15 23.8686
    endloop
  endfacet
  facet normal -0.923878 0 0.382688
    outer loop
      vertex 1.52169 -6.7 24.5056
      vertex 1.42561 -3.83652 24.2736
      vertex 1.42561 -6.7 24.2736
    endloop
  endfacet
  facet normal -0.923878 0 0.382688
    outer loop
      vertex 1.42561 -3.83652 24.2736
      vertex 1.52169 -6.7 24.5056
      vertex 1.52169 -3.79848 24.5056
    endloop
  endfacet
  facet normal -0.923878 0 0.382688
    outer loop
      vertex 1.42561 -15 24.2736
      vertex 1.52169 -9.3 24.5056
      vertex 1.42561 -9.3 24.2736
    endloop
  endfacet
  facet normal -0.923878 0 0.382688
    outer loop
      vertex 1.52169 -9.3 24.5056
      vertex 1.42561 -15 24.2736
      vertex 1.52169 -15 24.5056
    endloop
  endfacet
  facet normal 0.0784534 0 -0.996918
    outer loop
      vertex -0.250295 -6.7 26.5803
      vertex 0 -4.09191 26.6
      vertex 0 -6.7 26.6
    endloop
  endfacet
  facet normal 0.0784534 0 -0.996918
    outer loop
      vertex 0 -4.09191 26.6
      vertex -0.250295 -6.7 26.5803
      vertex -0.250295 -4.09191 26.5803
    endloop
  endfacet
  facet normal 0.0784534 0 -0.996918
    outer loop
      vertex -0.250295 -15 26.5803
      vertex 0 -9.3 26.6
      vertex 0 -15 26.6
    endloop
  endfacet
  facet normal 0.0784534 0 -0.996918
    outer loop
      vertex 0 -9.3 26.6
      vertex -0.250295 -15 26.5803
      vertex -0.250295 -9.3 26.5803
    endloop
  endfacet
  facet normal -0.233449 0 -0.972369
    outer loop
      vertex 0.494427 -6.7 26.5217
      vertex 0.257441 -4.09191 26.5786
      vertex 0.494427 -4.06197 26.5217
    endloop
  endfacet
  facet normal -0.233445 3.2359e-07 -0.97237
    outer loop
      vertex 0.250295 -6.7 26.5803
      vertex 0.257441 -4.09191 26.5786
      vertex 0.494427 -6.7 26.5217
    endloop
  endfacet
  facet normal -0.233334 0 -0.972397
    outer loop
      vertex 0.257441 -4.09191 26.5786
      vertex 0.250295 -6.7 26.5803
      vertex 0.250295 -4.09191 26.5803
    endloop
  endfacet
  facet normal -0.233445 0 -0.97237
    outer loop
      vertex 0.250295 -15 26.5803
      vertex 0.494427 -9.3 26.5217
      vertex 0.494427 -15 26.5217
    endloop
  endfacet
  facet normal -0.233445 0 -0.97237
    outer loop
      vertex 0.494427 -9.3 26.5217
      vertex 0.250295 -15 26.5803
      vertex 0.250295 -9.3 26.5803
    endloop
  endfacet
  facet normal -0.522498 0 -0.85264
    outer loop
      vertex 0.940456 -6.7 26.2944
      vertex 0.768263 -4.02738 26.3999
      vertex 0.940456 -3.98317 26.2944
    endloop
  endfacet
  facet normal -0.522499 -0 -0.85264
    outer loop
      vertex 0.726384 -4.03267 26.4256
      vertex 0.940456 -6.7 26.2944
      vertex 0.726384 -6.7 26.4256
    endloop
  endfacet
  facet normal -0.5225 -1.23581e-07 -0.852639
    outer loop
      vertex 0.940456 -6.7 26.2944
      vertex 0.726384 -4.03267 26.4256
      vertex 0.768263 -4.02738 26.3999
    endloop
  endfacet
  facet normal -0.522499 0 -0.85264
    outer loop
      vertex 0.726384 -15 26.4256
      vertex 0.940456 -9.3 26.2944
      vertex 0.940456 -15 26.2944
    endloop
  endfacet
  facet normal -0.522499 0 -0.85264
    outer loop
      vertex 0.940456 -9.3 26.2944
      vertex 0.726384 -15 26.4256
      vertex 0.726384 -9.3 26.4256
    endloop
  endfacet
  facet normal -0.382686 -0 -0.923878
    outer loop
      vertex 0.494427 -4.06197 26.5217
      vertex 0.726384 -6.7 26.4256
      vertex 0.494427 -6.7 26.5217
    endloop
  endfacet
  facet normal -0.382686 0 -0.923878
    outer loop
      vertex 0.726384 -6.7 26.4256
      vertex 0.494427 -4.06197 26.5217
      vertex 0.726384 -4.03267 26.4256
    endloop
  endfacet
  facet normal -0.382686 0 -0.923878
    outer loop
      vertex 0.494427 -15 26.5217
      vertex 0.726384 -9.3 26.4256
      vertex 0.726384 -15 26.4256
    endloop
  endfacet
  facet normal -0.382686 0 -0.923878
    outer loop
      vertex 0.726384 -9.3 26.4256
      vertex 0.494427 -15 26.5217
      vertex 0.494427 -9.3 26.5217
    endloop
  endfacet
  facet normal 0.97237 0 -0.233444
    outer loop
      vertex -1.5803 -6.7 25.2503
      vertex -1.52169 -3.79848 25.4944
      vertex -1.52169 -6.7 25.4944
    endloop
  endfacet
  facet normal 0.97237 0 -0.233444
    outer loop
      vertex -1.52169 -3.79848 25.4944
      vertex -1.5803 -6.7 25.2503
      vertex -1.5803 -3.77527 25.2503
    endloop
  endfacet
  facet normal 0.97237 0 -0.233444
    outer loop
      vertex -1.52169 -15 25.4944
      vertex -1.5803 -9.3 25.2503
      vertex -1.52169 -9.3 25.4944
    endloop
  endfacet
  facet normal 0.97237 0 -0.233444
    outer loop
      vertex -1.5803 -9.3 25.2503
      vertex -1.52169 -15 25.4944
      vertex -1.5803 -15 25.2503
    endloop
  endfacet
  facet normal 0.233334 0 -0.972397
    outer loop
      vertex -0.250295 -6.7 26.5803
      vertex -0.257441 -4.09191 26.5786
      vertex -0.250295 -4.09191 26.5803
    endloop
  endfacet
  facet normal 0.233445 3.2359e-07 -0.97237
    outer loop
      vertex -0.494427 -6.7 26.5217
      vertex -0.257441 -4.09191 26.5786
      vertex -0.250295 -6.7 26.5803
    endloop
  endfacet
  facet normal 0.233449 0 -0.972369
    outer loop
      vertex -0.257441 -4.09191 26.5786
      vertex -0.494427 -6.7 26.5217
      vertex -0.494427 -4.06197 26.5217
    endloop
  endfacet
  facet normal 0.233445 0 -0.97237
    outer loop
      vertex -0.494427 -15 26.5217
      vertex -0.250295 -9.3 26.5803
      vertex -0.250295 -15 26.5803
    endloop
  endfacet
  facet normal 0.233445 0 -0.97237
    outer loop
      vertex -0.250295 -9.3 26.5803
      vertex -0.494427 -15 26.5217
      vertex -0.494427 -9.3 26.5217
    endloop
  endfacet
  facet normal 0.649447 0 -0.760407
    outer loop
      vertex -1.13137 -15 26.1314
      vertex -0.940456 -9.3 26.2944
      vertex -0.940456 -15 26.2944
    endloop
  endfacet
  facet normal 0.649447 0 -0.760407
    outer loop
      vertex -0.940456 -9.3 26.2944
      vertex -1.13137 -15 26.1314
      vertex -1.13137 -9.3 26.1314
    endloop
  endfacet
  facet normal 0.649447 0 -0.760407
    outer loop
      vertex -1.13137 -6.7 26.1314
      vertex -0.940456 -3.98317 26.2944
      vertex -0.940456 -6.7 26.2944
    endloop
  endfacet
  facet normal 0.649447 0 -0.760407
    outer loop
      vertex -0.940456 -3.98317 26.2944
      vertex -1.13137 -6.7 26.1314
      vertex -1.13137 -3.93415 26.1314
    endloop
  endfacet
  facet normal -0.97237 0 0.233444
    outer loop
      vertex 1.5803 -6.7 24.7497
      vertex 1.52169 -3.79848 24.5056
      vertex 1.52169 -6.7 24.5056
    endloop
  endfacet
  facet normal -0.97237 0 0.233444
    outer loop
      vertex 1.52169 -3.79848 24.5056
      vertex 1.5803 -6.7 24.7497
      vertex 1.5803 -3.77527 24.7497
    endloop
  endfacet
  facet normal -0.97237 0 0.233444
    outer loop
      vertex 1.52169 -15 24.5056
      vertex 1.5803 -9.3 24.7497
      vertex 1.52169 -9.3 24.5056
    endloop
  endfacet
  facet normal -0.97237 0 0.233444
    outer loop
      vertex 1.5803 -9.3 24.7497
      vertex 1.52169 -15 24.5056
      vertex 1.5803 -15 24.7497
    endloop
  endfacet
  facet normal 0.996917 -0 0.0784575
    outer loop
      vertex -1.6 -6.7 25
      vertex -1.5803 -3.77527 24.7497
      vertex -1.6 -3.76747 25
    endloop
  endfacet
  facet normal 0.996917 0 0.0784575
    outer loop
      vertex -1.5803 -3.77527 24.7497
      vertex -1.6 -6.7 25
      vertex -1.5803 -6.7 24.7497
    endloop
  endfacet
  facet normal 0.996917 -0 0.0784575
    outer loop
      vertex -1.6 -15 25
      vertex -1.5803 -9.3 24.7497
      vertex -1.6 -9.3 25
    endloop
  endfacet
  facet normal 0.996917 0 0.0784575
    outer loop
      vertex -1.5803 -9.3 24.7497
      vertex -1.6 -15 25
      vertex -1.5803 -15 24.7497
    endloop
  endfacet
  facet normal 0.97237 -0 0.233444
    outer loop
      vertex -1.5803 -15 24.7497
      vertex -1.52169 -9.3 24.5056
      vertex -1.5803 -9.3 24.7497
    endloop
  endfacet
  facet normal 0.97237 0 0.233444
    outer loop
      vertex -1.52169 -9.3 24.5056
      vertex -1.5803 -15 24.7497
      vertex -1.52169 -15 24.5056
    endloop
  endfacet
  facet normal 0.97237 -0 0.233444
    outer loop
      vertex -1.5803 -6.7 24.7497
      vertex -1.52169 -3.79848 24.5056
      vertex -1.5803 -3.77527 24.7497
    endloop
  endfacet
  facet normal 0.97237 0 0.233444
    outer loop
      vertex -1.52169 -3.79848 24.5056
      vertex -1.5803 -6.7 24.7497
      vertex -1.52169 -6.7 24.5056
    endloop
  endfacet
  facet normal 0.923878 -0 0.382688
    outer loop
      vertex -1.52169 -15 24.5056
      vertex -1.42561 -9.3 24.2736
      vertex -1.52169 -9.3 24.5056
    endloop
  endfacet
  facet normal 0.923878 0 0.382688
    outer loop
      vertex -1.42561 -9.3 24.2736
      vertex -1.52169 -15 24.5056
      vertex -1.42561 -15 24.2736
    endloop
  endfacet
  facet normal 0.923878 -0 0.382688
    outer loop
      vertex -1.52169 -6.7 24.5056
      vertex -1.42561 -3.83652 24.2736
      vertex -1.52169 -3.79848 24.5056
    endloop
  endfacet
  facet normal 0.923878 0 0.382688
    outer loop
      vertex -1.42561 -3.83652 24.2736
      vertex -1.52169 -6.7 24.5056
      vertex -1.42561 -6.7 24.2736
    endloop
  endfacet
  facet normal -0.852643 0 0.522494
    outer loop
      vertex 1.42561 -6.7 24.2736
      vertex 1.29443 -3.88846 24.0595
      vertex 1.29443 -6.7 24.0595
    endloop
  endfacet
  facet normal -0.852643 0 0.522494
    outer loop
      vertex 1.29443 -3.88846 24.0595
      vertex 1.42561 -6.7 24.2736
      vertex 1.42561 -3.83652 24.2736
    endloop
  endfacet
  facet normal -0.852643 0 0.522494
    outer loop
      vertex 1.29443 -15 24.0595
      vertex 1.42561 -9.3 24.2736
      vertex 1.29443 -9.3 24.0595
    endloop
  endfacet
  facet normal -0.852643 0 0.522494
    outer loop
      vertex 1.42561 -9.3 24.2736
      vertex 1.29443 -15 24.0595
      vertex 1.42561 -15 24.2736
    endloop
  endfacet
  facet normal -0.0784534 0 0.996918
    outer loop
      vertex 0 -9.3 23.4
      vertex 0.250295 -15 23.4197
      vertex 0.250295 -9.3 23.4197
    endloop
  endfacet
  facet normal -0.0784534 0 0.996918
    outer loop
      vertex 0.250295 -15 23.4197
      vertex 0 -9.3 23.4
      vertex 0 -15 23.4
    endloop
  endfacet
  facet normal -0.0784534 0 0.996918
    outer loop
      vertex 0 -4.09191 23.4
      vertex 0.250295 -6.7 23.4197
      vertex 0.250295 -4.09191 23.4197
    endloop
  endfacet
  facet normal -0.0784534 0 0.996918
    outer loop
      vertex 0.250295 -6.7 23.4197
      vertex 0 -4.09191 23.4
      vertex 0 -6.7 23.4
    endloop
  endfacet
  facet normal -0.233449 0 0.972369
    outer loop
      vertex 0.257441 -4.09191 23.4214
      vertex 0.494427 -6.7 23.4783
      vertex 0.494427 -4.06197 23.4783
    endloop
  endfacet
  facet normal -0.233334 0 0.972397
    outer loop
      vertex 0.250295 -6.7 23.4197
      vertex 0.257441 -4.09191 23.4214
      vertex 0.250295 -4.09191 23.4197
    endloop
  endfacet
  facet normal -0.233445 3.2359e-07 0.97237
    outer loop
      vertex 0.257441 -4.09191 23.4214
      vertex 0.250295 -6.7 23.4197
      vertex 0.494427 -6.7 23.4783
    endloop
  endfacet
  facet normal -0.233445 0 0.97237
    outer loop
      vertex 0.250295 -9.3 23.4197
      vertex 0.494427 -15 23.4783
      vertex 0.494427 -9.3 23.4783
    endloop
  endfacet
  facet normal -0.233445 0 0.97237
    outer loop
      vertex 0.494427 -15 23.4783
      vertex 0.250295 -9.3 23.4197
      vertex 0.250295 -15 23.4197
    endloop
  endfacet
  facet normal -0.649447 0 0.760407
    outer loop
      vertex 0.940456 -9.3 23.7056
      vertex 1.13137 -15 23.8686
      vertex 1.13137 -9.3 23.8686
    endloop
  endfacet
  facet normal -0.649447 0 0.760407
    outer loop
      vertex 1.13137 -15 23.8686
      vertex 0.940456 -9.3 23.7056
      vertex 0.940456 -15 23.7056
    endloop
  endfacet
  facet normal -0.649447 0 0.760407
    outer loop
      vertex 0.940456 -3.98317 23.7056
      vertex 1.13137 -6.7 23.8686
      vertex 1.13137 -3.93415 23.8686
    endloop
  endfacet
  facet normal -0.649447 0 0.760407
    outer loop
      vertex 1.13137 -6.7 23.8686
      vertex 0.940456 -3.98317 23.7056
      vertex 0.940456 -6.7 23.7056
    endloop
  endfacet
  facet normal -0.923878 0 -0.382688
    outer loop
      vertex 1.52169 -6.7 25.4944
      vertex 1.42561 -3.83652 25.7264
      vertex 1.52169 -3.79848 25.4944
    endloop
  endfacet
  facet normal -0.923878 -0 -0.382688
    outer loop
      vertex 1.42561 -3.83652 25.7264
      vertex 1.52169 -6.7 25.4944
      vertex 1.42561 -6.7 25.7264
    endloop
  endfacet
  facet normal -0.923878 0 -0.382688
    outer loop
      vertex 1.52169 -15 25.4944
      vertex 1.42561 -9.3 25.7264
      vertex 1.52169 -9.3 25.4944
    endloop
  endfacet
  facet normal -0.923878 -0 -0.382688
    outer loop
      vertex 1.42561 -9.3 25.7264
      vertex 1.52169 -15 25.4944
      vertex 1.42561 -15 25.7264
    endloop
  endfacet
  facet normal -0.97237 0 -0.233444
    outer loop
      vertex 1.5803 -6.7 25.2503
      vertex 1.52169 -3.79848 25.4944
      vertex 1.5803 -3.77527 25.2503
    endloop
  endfacet
  facet normal -0.97237 -0 -0.233444
    outer loop
      vertex 1.52169 -3.79848 25.4944
      vertex 1.5803 -6.7 25.2503
      vertex 1.52169 -6.7 25.4944
    endloop
  endfacet
  facet normal -0.97237 0 -0.233444
    outer loop
      vertex 1.5803 -15 25.2503
      vertex 1.52169 -9.3 25.4944
      vertex 1.5803 -9.3 25.2503
    endloop
  endfacet
  facet normal -0.97237 -0 -0.233444
    outer loop
      vertex 1.52169 -9.3 25.4944
      vertex 1.5803 -15 25.2503
      vertex 1.52169 -15 25.4944
    endloop
  endfacet
  facet normal -0.0784534 0 -0.996918
    outer loop
      vertex 0 -6.7 26.6
      vertex 0.250295 -4.09191 26.5803
      vertex 0.250295 -6.7 26.5803
    endloop
  endfacet
  facet normal -0.0784534 0 -0.996918
    outer loop
      vertex 0.250295 -4.09191 26.5803
      vertex 0 -6.7 26.6
      vertex 0 -4.09191 26.6
    endloop
  endfacet
  facet normal -0.0784534 0 -0.996918
    outer loop
      vertex 0 -15 26.6
      vertex 0.250295 -9.3 26.5803
      vertex 0.250295 -15 26.5803
    endloop
  endfacet
  facet normal -0.0784534 0 -0.996918
    outer loop
      vertex 0.250295 -9.3 26.5803
      vertex 0 -15 26.6
      vertex 0 -9.3 26.6
    endloop
  endfacet
  facet normal 0.382686 0 -0.923878
    outer loop
      vertex -0.726384 -6.7 26.4256
      vertex -0.494427 -4.06197 26.5217
      vertex -0.494427 -6.7 26.5217
    endloop
  endfacet
  facet normal 0.382686 0 -0.923878
    outer loop
      vertex -0.494427 -4.06197 26.5217
      vertex -0.726384 -6.7 26.4256
      vertex -0.726384 -4.03267 26.4256
    endloop
  endfacet
  facet normal 0.382686 0 -0.923878
    outer loop
      vertex -0.726384 -15 26.4256
      vertex -0.494427 -9.3 26.5217
      vertex -0.494427 -15 26.5217
    endloop
  endfacet
  facet normal 0.382686 0 -0.923878
    outer loop
      vertex -0.494427 -9.3 26.5217
      vertex -0.726384 -15 26.4256
      vertex -0.726384 -9.3 26.4256
    endloop
  endfacet
  facet normal 0.233334 0 0.972397
    outer loop
      vertex -0.257441 -4.09191 23.4214
      vertex -0.250295 -6.7 23.4197
      vertex -0.250295 -4.09191 23.4197
    endloop
  endfacet
  facet normal 0.233449 -0 0.972369
    outer loop
      vertex -0.494427 -6.7 23.4783
      vertex -0.257441 -4.09191 23.4214
      vertex -0.494427 -4.06197 23.4783
    endloop
  endfacet
  facet normal 0.233445 3.2359e-07 0.97237
    outer loop
      vertex -0.257441 -4.09191 23.4214
      vertex -0.494427 -6.7 23.4783
      vertex -0.250295 -6.7 23.4197
    endloop
  endfacet
  facet normal 0.233445 0 0.97237
    outer loop
      vertex -0.494427 -9.3 23.4783
      vertex -0.250295 -15 23.4197
      vertex -0.250295 -9.3 23.4197
    endloop
  endfacet
  facet normal 0.233445 0 0.97237
    outer loop
      vertex -0.250295 -15 23.4197
      vertex -0.494427 -9.3 23.4783
      vertex -0.494427 -15 23.4783
    endloop
  endfacet
  facet normal 0.0784534 0 0.996918
    outer loop
      vertex -0.250295 -9.3 23.4197
      vertex 0 -15 23.4
      vertex 0 -9.3 23.4
    endloop
  endfacet
  facet normal 0.0784534 0 0.996918
    outer loop
      vertex 0 -15 23.4
      vertex -0.250295 -9.3 23.4197
      vertex -0.250295 -15 23.4197
    endloop
  endfacet
  facet normal 0.0784534 0 0.996918
    outer loop
      vertex -0.250295 -4.09191 23.4197
      vertex 0 -6.7 23.4
      vertex 0 -4.09191 23.4
    endloop
  endfacet
  facet normal 0.0784534 0 0.996918
    outer loop
      vertex 0 -6.7 23.4
      vertex -0.250295 -4.09191 23.4197
      vertex -0.250295 -6.7 23.4197
    endloop
  endfacet
  facet normal 0.760405 -0 0.649449
    outer loop
      vertex -1.29443 -15 24.0595
      vertex -1.13137 -9.3 23.8686
      vertex -1.29443 -9.3 24.0595
    endloop
  endfacet
  facet normal 0.760405 0 0.649449
    outer loop
      vertex -1.13137 -9.3 23.8686
      vertex -1.29443 -15 24.0595
      vertex -1.13137 -15 23.8686
    endloop
  endfacet
  facet normal 0.760415 -0 0.649438
    outer loop
      vertex -1.29443 -6.7 24.0595
      vertex -1.26697 -3.89933 24.0274
      vertex -1.29443 -3.88846 24.0595
    endloop
  endfacet
  facet normal 0.760404 2.54016e-07 0.649451
    outer loop
      vertex -1.29443 -6.7 24.0595
      vertex -1.13137 -3.93415 23.8686
      vertex -1.26697 -3.89933 24.0274
    endloop
  endfacet
  facet normal 0.760405 0 0.649449
    outer loop
      vertex -1.13137 -3.93415 23.8686
      vertex -1.29443 -6.7 24.0595
      vertex -1.13137 -6.7 23.8686
    endloop
  endfacet
  facet normal -0.382686 0 0.923878
    outer loop
      vertex 0.494427 -9.3 23.4783
      vertex 0.726384 -15 23.5744
      vertex 0.726384 -9.3 23.5744
    endloop
  endfacet
  facet normal -0.382686 0 0.923878
    outer loop
      vertex 0.726384 -15 23.5744
      vertex 0.494427 -9.3 23.4783
      vertex 0.494427 -15 23.4783
    endloop
  endfacet
  facet normal -0.382686 0 0.923878
    outer loop
      vertex 0.494427 -4.06197 23.4783
      vertex 0.726384 -6.7 23.5744
      vertex 0.726384 -4.03267 23.5744
    endloop
  endfacet
  facet normal -0.382686 0 0.923878
    outer loop
      vertex 0.726384 -6.7 23.5744
      vertex 0.494427 -4.06197 23.4783
      vertex 0.494427 -6.7 23.4783
    endloop
  endfacet
  facet normal -0.522499 0 0.85264
    outer loop
      vertex 0.726384 -9.3 23.5744
      vertex 0.940456 -15 23.7056
      vertex 0.940456 -9.3 23.7056
    endloop
  endfacet
  facet normal -0.522499 0 0.85264
    outer loop
      vertex 0.940456 -15 23.7056
      vertex 0.726384 -9.3 23.5744
      vertex 0.726384 -15 23.5744
    endloop
  endfacet
  facet normal -0.522498 0 0.85264
    outer loop
      vertex 0.768263 -4.02738 23.6001
      vertex 0.940456 -6.7 23.7056
      vertex 0.940456 -3.98317 23.7056
    endloop
  endfacet
  facet normal -0.5225 -1.23581e-07 0.852639
    outer loop
      vertex 0.726384 -4.03267 23.5744
      vertex 0.940456 -6.7 23.7056
      vertex 0.768263 -4.02738 23.6001
    endloop
  endfacet
  facet normal -0.522499 0 0.85264
    outer loop
      vertex 0.940456 -6.7 23.7056
      vertex 0.726384 -4.03267 23.5744
      vertex 0.726384 -6.7 23.5744
    endloop
  endfacet
  facet normal -0.760405 0 0.649449
    outer loop
      vertex 1.29443 -6.7 24.0595
      vertex 1.13137 -3.93415 23.8686
      vertex 1.13137 -6.7 23.8686
    endloop
  endfacet
  facet normal -0.760404 2.54016e-07 0.649451
    outer loop
      vertex 1.13137 -3.93415 23.8686
      vertex 1.29443 -6.7 24.0595
      vertex 1.26697 -3.89933 24.0274
    endloop
  endfacet
  facet normal -0.760415 0 0.649438
    outer loop
      vertex 1.26697 -3.89933 24.0274
      vertex 1.29443 -6.7 24.0595
      vertex 1.29443 -3.88846 24.0595
    endloop
  endfacet
  facet normal -0.760405 0 0.649449
    outer loop
      vertex 1.13137 -15 23.8686
      vertex 1.29443 -9.3 24.0595
      vertex 1.13137 -9.3 23.8686
    endloop
  endfacet
  facet normal -0.760405 0 0.649449
    outer loop
      vertex 1.29443 -9.3 24.0595
      vertex 1.13137 -15 23.8686
      vertex 1.29443 -15 24.0595
    endloop
  endfacet
  facet normal 0.5225 -1.23581e-07 0.852639
    outer loop
      vertex -0.940456 -6.7 23.7056
      vertex -0.726384 -4.03267 23.5744
      vertex -0.768263 -4.02738 23.6001
    endloop
  endfacet
  facet normal 0.522498 -0 0.85264
    outer loop
      vertex -0.940456 -6.7 23.7056
      vertex -0.768263 -4.02738 23.6001
      vertex -0.940456 -3.98317 23.7056
    endloop
  endfacet
  facet normal 0.522499 0 0.85264
    outer loop
      vertex -0.726384 -4.03267 23.5744
      vertex -0.940456 -6.7 23.7056
      vertex -0.726384 -6.7 23.5744
    endloop
  endfacet
  facet normal 0.522499 0 0.85264
    outer loop
      vertex -0.940456 -9.3 23.7056
      vertex -0.726384 -15 23.5744
      vertex -0.726384 -9.3 23.5744
    endloop
  endfacet
  facet normal 0.522499 0 0.85264
    outer loop
      vertex -0.726384 -15 23.5744
      vertex -0.940456 -9.3 23.7056
      vertex -0.940456 -15 23.7056
    endloop
  endfacet
  facet normal 0.382686 -0 0.923878
    outer loop
      vertex -0.726384 -6.7 23.5744
      vertex -0.494427 -4.06197 23.4783
      vertex -0.726384 -4.03267 23.5744
    endloop
  endfacet
  facet normal 0.382686 0 0.923878
    outer loop
      vertex -0.494427 -4.06197 23.4783
      vertex -0.726384 -6.7 23.5744
      vertex -0.494427 -6.7 23.4783
    endloop
  endfacet
  facet normal 0.382686 0 0.923878
    outer loop
      vertex -0.726384 -9.3 23.5744
      vertex -0.494427 -15 23.4783
      vertex -0.494427 -9.3 23.4783
    endloop
  endfacet
  facet normal 0.382686 0 0.923878
    outer loop
      vertex -0.494427 -15 23.4783
      vertex -0.726384 -9.3 23.5744
      vertex -0.726384 -15 23.5744
    endloop
  endfacet
  facet normal 0.852643 -0 0.522494
    outer loop
      vertex -1.42561 -15 24.2736
      vertex -1.29443 -9.3 24.0595
      vertex -1.42561 -9.3 24.2736
    endloop
  endfacet
  facet normal 0.852643 0 0.522494
    outer loop
      vertex -1.29443 -9.3 24.0595
      vertex -1.42561 -15 24.2736
      vertex -1.29443 -15 24.0595
    endloop
  endfacet
  facet normal 0.852643 -0 0.522494
    outer loop
      vertex -1.42561 -6.7 24.2736
      vertex -1.29443 -3.88846 24.0595
      vertex -1.42561 -3.83652 24.2736
    endloop
  endfacet
  facet normal 0.852643 0 0.522494
    outer loop
      vertex -1.29443 -3.88846 24.0595
      vertex -1.42561 -6.7 24.2736
      vertex -1.29443 -6.7 24.0595
    endloop
  endfacet
  facet normal 0 0 -1
    outer loop
      vertex 1.67568 66.7 27.9
      vertex 10 69.3 27.9
      vertex 10 66.7 27.9
    endloop
  endfacet
  facet normal -0 0 -1
    outer loop
      vertex 10 69.3 27.9
      vertex 1.67568 66.7 27.9
      vertex 1.67568 69.3 27.9
    endloop
  endfacet
  facet normal -0 0 1
    outer loop
      vertex 1.67568 69.3 22.1
      vertex 10 66.7 22.1
      vertex 10 69.3 22.1
    endloop
  endfacet
  facet normal 0 0 1
    outer loop
      vertex 10 66.7 22.1
      vertex 1.67568 69.3 22.1
      vertex 1.67568 66.7 22.1
    endloop
  endfacet
  facet normal 0 1 0
    outer loop
      vertex 1.52169 66.7 25.4944
      vertex 1.67568 66.7 27.9
      vertex 10 66.7 27.9
    endloop
  endfacet
  facet normal 0 1 0
    outer loop
      vertex 1.67568 66.7 27.9
      vertex 0.250295 66.7 26.5803
      vertex 0 66.7 26.6
    endloop
  endfacet
  facet normal 0 1 0
    outer loop
      vertex 1.67568 66.7 27.9
      vertex 0.494427 66.7 26.5217
      vertex 0.250295 66.7 26.5803
    endloop
  endfacet
  facet normal 0 1 0
    outer loop
      vertex 1.67568 66.7 27.9
      vertex 0.726384 66.7 26.4256
      vertex 0.494427 66.7 26.5217
    endloop
  endfacet
  facet normal 0 1 0
    outer loop
      vertex 1.67568 66.7 27.9
      vertex 0.940456 66.7 26.2944
      vertex 0.726384 66.7 26.4256
    endloop
  endfacet
  facet normal 0 1 0
    outer loop
      vertex 1.67568 66.7 27.9
      vertex 1.13137 66.7 26.1314
      vertex 0.940456 66.7 26.2944
    endloop
  endfacet
  facet normal 0 1 0
    outer loop
      vertex 1.67568 66.7 27.9
      vertex 1.29443 66.7 25.9405
      vertex 1.13137 66.7 26.1314
    endloop
  endfacet
  facet normal 0 1 0
    outer loop
      vertex 1.67568 66.7 27.9
      vertex 1.42561 66.7 25.7264
      vertex 1.29443 66.7 25.9405
    endloop
  endfacet
  facet normal 0 1 0
    outer loop
      vertex 1.67568 66.7 27.9
      vertex 1.52169 66.7 25.4944
      vertex 1.42561 66.7 25.7264
    endloop
  endfacet
  facet normal 0 1 0
    outer loop
      vertex 10 66.7 27.9
      vertex 1.5803 66.7 25.2503
      vertex 1.52169 66.7 25.4944
    endloop
  endfacet
  facet normal 0 1 0
    outer loop
      vertex 10 66.7 27.9
      vertex 1.6 66.7 25
      vertex 1.5803 66.7 25.2503
    endloop
  endfacet
  facet normal 0 1 -0
    outer loop
      vertex 10 66.7 22.1
      vertex 1.6 66.7 25
      vertex 10 66.7 27.9
    endloop
  endfacet
  facet normal 0 1 0
    outer loop
      vertex 1.6 66.7 25
      vertex 10 66.7 22.1
      vertex 1.5803 66.7 24.7497
    endloop
  endfacet
  facet normal 0 1 0
    outer loop
      vertex 1.5803 66.7 24.7497
      vertex 10 66.7 22.1
      vertex 1.52169 66.7 24.5056
    endloop
  endfacet
  facet normal 0 1 -0
    outer loop
      vertex 1.67568 66.7 22.1
      vertex 1.52169 66.7 24.5056
      vertex 10 66.7 22.1
    endloop
  endfacet
  facet normal 0 1 0
    outer loop
      vertex 1.52169 66.7 24.5056
      vertex 1.67568 66.7 22.1
      vertex 1.42561 66.7 24.2736
    endloop
  endfacet
  facet normal 0 1 0
    outer loop
      vertex 1.42561 66.7 24.2736
      vertex 1.67568 66.7 22.1
      vertex 1.29443 66.7 24.0595
    endloop
  endfacet
  facet normal 0 1 0
    outer loop
      vertex 1.13137 66.7 23.8686
      vertex 1.67568 66.7 22.1
      vertex 0.940456 66.7 23.7056
    endloop
  endfacet
  facet normal 0 1 -0
    outer loop
      vertex 1.675 66.7 22.0988
      vertex 0.494427 66.7 23.4783
      vertex 1.67568 66.7 22.1
    endloop
  endfacet
  facet normal 0 1 0
    outer loop
      vertex 0.726384 66.7 23.5744
      vertex 1.67568 66.7 22.1
      vertex 0.494427 66.7 23.4783
    endloop
  endfacet
  facet normal 0 1 0
    outer loop
      vertex 0.940456 66.7 23.7056
      vertex 1.67568 66.7 22.1
      vertex 0.726384 66.7 23.5744
    endloop
  endfacet
  facet normal 0 1 0
    outer loop
      vertex 1.29443 66.7 24.0595
      vertex 1.67568 66.7 22.1
      vertex 1.13137 66.7 23.8686
    endloop
  endfacet
  facet normal 0 1 0
    outer loop
      vertex 0 66.7 26.6
      vertex 1.675 66.7 27.9012
      vertex 1.67568 66.7 27.9
    endloop
  endfacet
  facet normal 0 1 0
    outer loop
      vertex 1.675 66.7 27.9012
      vertex 0 66.7 26.6
      vertex -1.675 66.7 27.9012
    endloop
  endfacet
  facet normal 0 1 -0
    outer loop
      vertex -0.250295 66.7 26.5803
      vertex -1.675 66.7 27.9012
      vertex 0 66.7 26.6
    endloop
  endfacet
  facet normal 0 1 -0
    outer loop
      vertex -0.494427 66.7 26.5217
      vertex -1.675 66.7 27.9012
      vertex -0.250295 66.7 26.5803
    endloop
  endfacet
  facet normal 0 1 -0
    outer loop
      vertex -0.726384 66.7 26.4256
      vertex -1.675 66.7 27.9012
      vertex -0.494427 66.7 26.5217
    endloop
  endfacet
  facet normal 0 1 -0
    outer loop
      vertex -0.940456 66.7 26.2944
      vertex -1.675 66.7 27.9012
      vertex -0.726384 66.7 26.4256
    endloop
  endfacet
  facet normal 0 1 -0
    outer loop
      vertex -1.13137 66.7 26.1314
      vertex -1.675 66.7 27.9012
      vertex -0.940456 66.7 26.2944
    endloop
  endfacet
  facet normal 0 1 -0
    outer loop
      vertex -1.29443 66.7 25.9405
      vertex -1.675 66.7 27.9012
      vertex -1.13137 66.7 26.1314
    endloop
  endfacet
  facet normal 0 1 -0
    outer loop
      vertex -1.42561 66.7 25.7264
      vertex -1.675 66.7 27.9012
      vertex -1.29443 66.7 25.9405
    endloop
  endfacet
  facet normal 0 1 0
    outer loop
      vertex -3.35 66.7 25
      vertex -1.42561 66.7 25.7264
      vertex -1.52169 66.7 25.4944
    endloop
  endfacet
  facet normal 0 1 0
    outer loop
      vertex -3.35 66.7 25
      vertex -1.52169 66.7 25.4944
      vertex -1.5803 66.7 25.2503
    endloop
  endfacet
  facet normal 0 1 0
    outer loop
      vertex -3.35 66.7 25
      vertex -1.5803 66.7 25.2503
      vertex -1.6 66.7 25
    endloop
  endfacet
  facet normal 0 1 0
    outer loop
      vertex -1.42561 66.7 25.7264
      vertex -3.35 66.7 25
      vertex -1.675 66.7 27.9012
    endloop
  endfacet
  facet normal 0 1 0
    outer loop
      vertex -1.5803 66.7 24.7497
      vertex -3.35 66.7 25
      vertex -1.6 66.7 25
    endloop
  endfacet
  facet normal 0 1 0
    outer loop
      vertex -1.52169 66.7 24.5056
      vertex -3.35 66.7 25
      vertex -1.5803 66.7 24.7497
    endloop
  endfacet
  facet normal 0 1 0
    outer loop
      vertex -1.42561 66.7 24.2736
      vertex -3.35 66.7 25
      vertex -1.52169 66.7 24.5056
    endloop
  endfacet
  facet normal 0 1 0
    outer loop
      vertex -1.675 66.7 22.0988
      vertex -1.42561 66.7 24.2736
      vertex -1.29443 66.7 24.0595
    endloop
  endfacet
  facet normal 0 1 0
    outer loop
      vertex -1.675 66.7 22.0988
      vertex -1.29443 66.7 24.0595
      vertex -1.13137 66.7 23.8686
    endloop
  endfacet
  facet normal 0 1 0
    outer loop
      vertex -1.675 66.7 22.0988
      vertex -1.13137 66.7 23.8686
      vertex -0.940456 66.7 23.7056
    endloop
  endfacet
  facet normal 0 1 0
    outer loop
      vertex -1.675 66.7 22.0988
      vertex -0.940456 66.7 23.7056
      vertex -0.726384 66.7 23.5744
    endloop
  endfacet
  facet normal 0 1 0
    outer loop
      vertex 0.494427 66.7 23.4783
      vertex 1.675 66.7 22.0988
      vertex 0.250295 66.7 23.4197
    endloop
  endfacet
  facet normal 0 1 0
    outer loop
      vertex 0.250295 66.7 23.4197
      vertex 1.675 66.7 22.0988
      vertex 0 66.7 23.4
    endloop
  endfacet
  facet normal 0 1 0
    outer loop
      vertex -1.675 66.7 22.0988
      vertex 0 66.7 23.4
      vertex 1.675 66.7 22.0988
    endloop
  endfacet
  facet normal 0 1 0
    outer loop
      vertex 0 66.7 23.4
      vertex -1.675 66.7 22.0988
      vertex -0.250295 66.7 23.4197
    endloop
  endfacet
  facet normal 0 1 0
    outer loop
      vertex -0.250295 66.7 23.4197
      vertex -1.675 66.7 22.0988
      vertex -0.494427 66.7 23.4783
    endloop
  endfacet
  facet normal 0 1 0
    outer loop
      vertex -0.494427 66.7 23.4783
      vertex -1.675 66.7 22.0988
      vertex -0.726384 66.7 23.5744
    endloop
  endfacet
  facet normal 0 1 0
    outer loop
      vertex -1.42561 66.7 24.2736
      vertex -1.675 66.7 22.0988
      vertex -3.35 66.7 25
    endloop
  endfacet
  facet normal 0 -1 0
    outer loop
      vertex 0 69.3 26.6
      vertex 1.675 69.3 27.9012
      vertex -1.675 69.3 27.9012
    endloop
  endfacet
  facet normal 0 -1 0
    outer loop
      vertex 0.494427 69.3 26.5217
      vertex 1.675 69.3 27.9012
      vertex 0.250295 69.3 26.5803
    endloop
  endfacet
  facet normal 0 -1 0
    outer loop
      vertex 0.250295 69.3 26.5803
      vertex 1.675 69.3 27.9012
      vertex 0 69.3 26.6
    endloop
  endfacet
  facet normal 0 -1 0
    outer loop
      vertex -1.675 69.3 27.9012
      vertex -0.250295 69.3 26.5803
      vertex 0 69.3 26.6
    endloop
  endfacet
  facet normal 0 -1 0
    outer loop
      vertex -1.675 69.3 27.9012
      vertex -0.494427 69.3 26.5217
      vertex -0.250295 69.3 26.5803
    endloop
  endfacet
  facet normal 0 -1 0
    outer loop
      vertex -1.675 69.3 27.9012
      vertex -0.726384 69.3 26.4256
      vertex -0.494427 69.3 26.5217
    endloop
  endfacet
  facet normal 0 -1 0
    outer loop
      vertex -1.675 69.3 27.9012
      vertex -0.940456 69.3 26.2944
      vertex -0.726384 69.3 26.4256
    endloop
  endfacet
  facet normal 0 -1 0
    outer loop
      vertex -1.675 69.3 27.9012
      vertex -1.13137 69.3 26.1314
      vertex -0.940456 69.3 26.2944
    endloop
  endfacet
  facet normal 0 -1 0
    outer loop
      vertex -1.675 69.3 27.9012
      vertex -1.29443 69.3 25.9405
      vertex -1.13137 69.3 26.1314
    endloop
  endfacet
  facet normal 0 -1 0
    outer loop
      vertex -1.675 69.3 27.9012
      vertex -1.42561 69.3 25.7264
      vertex -1.29443 69.3 25.9405
    endloop
  endfacet
  facet normal 0 -1 0
    outer loop
      vertex -3.35 69.3 25
      vertex -1.42561 69.3 25.7264
      vertex -1.675 69.3 27.9012
    endloop
  endfacet
  facet normal 0 -1 0
    outer loop
      vertex -1.42561 69.3 25.7264
      vertex -3.35 69.3 25
      vertex -1.52169 69.3 25.4944
    endloop
  endfacet
  facet normal 0 -1 0
    outer loop
      vertex -1.52169 69.3 25.4944
      vertex -3.35 69.3 25
      vertex -1.5803 69.3 25.2503
    endloop
  endfacet
  facet normal 0 -1 0
    outer loop
      vertex -3.35 69.3 25
      vertex -1.6 69.3 25
      vertex -1.5803 69.3 25.2503
    endloop
  endfacet
  facet normal 0 -1 0
    outer loop
      vertex -3.35 69.3 25
      vertex -1.5803 69.3 24.7497
      vertex -1.6 69.3 25
    endloop
  endfacet
  facet normal 0 -1 0
    outer loop
      vertex -3.35 69.3 25
      vertex -1.52169 69.3 24.5056
      vertex -1.5803 69.3 24.7497
    endloop
  endfacet
  facet normal 0 -1 0
    outer loop
      vertex -3.35 69.3 25
      vertex -1.42561 69.3 24.2736
      vertex -1.52169 69.3 24.5056
    endloop
  endfacet
  facet normal 0 -1 0
    outer loop
      vertex -1.675 69.3 22.0988
      vertex -1.42561 69.3 24.2736
      vertex -3.35 69.3 25
    endloop
  endfacet
  facet normal 0 -1 -0
    outer loop
      vertex -1.42561 69.3 24.2736
      vertex -1.675 69.3 22.0988
      vertex -1.29443 69.3 24.0595
    endloop
  endfacet
  facet normal 0 -1 -0
    outer loop
      vertex -1.29443 69.3 24.0595
      vertex -1.675 69.3 22.0988
      vertex -1.13137 69.3 23.8686
    endloop
  endfacet
  facet normal 0 -1 -0
    outer loop
      vertex -1.13137 69.3 23.8686
      vertex -1.675 69.3 22.0988
      vertex -0.940456 69.3 23.7056
    endloop
  endfacet
  facet normal 0 -1 0
    outer loop
      vertex -1.675 69.3 22.0988
      vertex 0 69.3 23.4
      vertex -0.250295 69.3 23.4197
    endloop
  endfacet
  facet normal 0 -1 0
    outer loop
      vertex -1.675 69.3 22.0988
      vertex -0.250295 69.3 23.4197
      vertex -0.494427 69.3 23.4783
    endloop
  endfacet
  facet normal 0 -1 0
    outer loop
      vertex -1.675 69.3 22.0988
      vertex -0.494427 69.3 23.4783
      vertex -0.726384 69.3 23.5744
    endloop
  endfacet
  facet normal 0 -1 -0
    outer loop
      vertex -0.940456 69.3 23.7056
      vertex -1.675 69.3 22.0988
      vertex -0.726384 69.3 23.5744
    endloop
  endfacet
  facet normal 0 -1 -0
    outer loop
      vertex 0 69.3 23.4
      vertex -1.675 69.3 22.0988
      vertex 1.675 69.3 22.0988
    endloop
  endfacet
  facet normal 0 -1 0
    outer loop
      vertex 0 69.3 23.4
      vertex 1.675 69.3 22.0988
      vertex 1.67568 69.3 22.1
    endloop
  endfacet
  facet normal 0 -1 -0
    outer loop
      vertex 1.675 69.3 27.9012
      vertex 0.494427 69.3 26.5217
      vertex 1.67568 69.3 27.9
    endloop
  endfacet
  facet normal 0 -1 0
    outer loop
      vertex 0.726384 69.3 26.4256
      vertex 1.67568 69.3 27.9
      vertex 0.494427 69.3 26.5217
    endloop
  endfacet
  facet normal 0 -1 0
    outer loop
      vertex 0.940456 69.3 26.2944
      vertex 1.67568 69.3 27.9
      vertex 0.726384 69.3 26.4256
    endloop
  endfacet
  facet normal 0 -1 0
    outer loop
      vertex 1.13137 69.3 26.1314
      vertex 1.67568 69.3 27.9
      vertex 0.940456 69.3 26.2944
    endloop
  endfacet
  facet normal 0 -1 0
    outer loop
      vertex 1.29443 69.3 25.9405
      vertex 1.67568 69.3 27.9
      vertex 1.13137 69.3 26.1314
    endloop
  endfacet
  facet normal 0 -1 0
    outer loop
      vertex 1.42561 69.3 25.7264
      vertex 1.67568 69.3 27.9
      vertex 1.29443 69.3 25.9405
    endloop
  endfacet
  facet normal 0 -1 0
    outer loop
      vertex 1.52169 69.3 25.4944
      vertex 1.67568 69.3 27.9
      vertex 1.42561 69.3 25.7264
    endloop
  endfacet
  facet normal 0 -1 -0
    outer loop
      vertex 1.67568 69.3 27.9
      vertex 1.52169 69.3 25.4944
      vertex 10 69.3 27.9
    endloop
  endfacet
  facet normal 0 -1 0
    outer loop
      vertex 1.5803 69.3 25.2503
      vertex 10 69.3 27.9
      vertex 1.52169 69.3 25.4944
    endloop
  endfacet
  facet normal 0 -1 0
    outer loop
      vertex 1.6 69.3 25
      vertex 10 69.3 27.9
      vertex 1.5803 69.3 25.2503
    endloop
  endfacet
  facet normal 0 -1 0
    outer loop
      vertex 10 69.3 22.1
      vertex 1.6 69.3 25
      vertex 1.5803 69.3 24.7497
    endloop
  endfacet
  facet normal 0 -1 0
    outer loop
      vertex 10 69.3 22.1
      vertex 1.5803 69.3 24.7497
      vertex 1.52169 69.3 24.5056
    endloop
  endfacet
  facet normal 0 -1 0
    outer loop
      vertex 1.67568 69.3 22.1
      vertex 1.52169 69.3 24.5056
      vertex 1.42561 69.3 24.2736
    endloop
  endfacet
  facet normal 0 -1 0
    outer loop
      vertex 1.67568 69.3 22.1
      vertex 1.42561 69.3 24.2736
      vertex 1.29443 69.3 24.0595
    endloop
  endfacet
  facet normal 0 -1 0
    outer loop
      vertex 1.67568 69.3 22.1
      vertex 1.29443 69.3 24.0595
      vertex 1.13137 69.3 23.8686
    endloop
  endfacet
  facet normal 0 -1 0
    outer loop
      vertex 1.67568 69.3 22.1
      vertex 1.13137 69.3 23.8686
      vertex 0.940456 69.3 23.7056
    endloop
  endfacet
  facet normal 0 -1 0
    outer loop
      vertex 1.67568 69.3 22.1
      vertex 0.940456 69.3 23.7056
      vertex 0.726384 69.3 23.5744
    endloop
  endfacet
  facet normal 0 -1 0
    outer loop
      vertex 1.67568 69.3 22.1
      vertex 0.250295 69.3 23.4197
      vertex 0 69.3 23.4
    endloop
  endfacet
  facet normal 0 -1 0
    outer loop
      vertex 1.67568 69.3 22.1
      vertex 0.494427 69.3 23.4783
      vertex 0.250295 69.3 23.4197
    endloop
  endfacet
  facet normal 0 -1 0
    outer loop
      vertex 1.67568 69.3 22.1
      vertex 0.726384 69.3 23.5744
      vertex 0.494427 69.3 23.4783
    endloop
  endfacet
  facet normal 0 -1 0
    outer loop
      vertex 1.52169 69.3 24.5056
      vertex 1.67568 69.3 22.1
      vertex 10 69.3 22.1
    endloop
  endfacet
  facet normal 0 -1 0
    outer loop
      vertex 1.6 69.3 25
      vertex 10 69.3 22.1
      vertex 10 69.3 27.9
    endloop
  endfacet
  facet normal -0.865858 0 -0.500291
    outer loop
      vertex 1.67568 66.7 27.9
      vertex 1.675 69.3 27.9012
      vertex 1.67568 69.3 27.9
    endloop
  endfacet
  facet normal -0.865858 -0 -0.500291
    outer loop
      vertex 1.675 69.3 27.9012
      vertex 1.67568 66.7 27.9
      vertex 1.675 66.7 27.9012
    endloop
  endfacet
  facet normal 0 0 -1
    outer loop
      vertex -1.675 66.7 27.9012
      vertex 1.675 69.3 27.9012
      vertex 1.675 66.7 27.9012
    endloop
  endfacet
  facet normal -0 0 -1
    outer loop
      vertex 1.675 69.3 27.9012
      vertex -1.675 66.7 27.9012
      vertex -1.675 69.3 27.9012
    endloop
  endfacet
  facet normal 0.866025 0 -0.5
    outer loop
      vertex -1.675 66.7 27.9012
      vertex -3.35 69.3 25
      vertex -1.675 69.3 27.9012
    endloop
  endfacet
  facet normal 0.866025 0 -0.5
    outer loop
      vertex -3.35 69.3 25
      vertex -1.675 66.7 27.9012
      vertex -3.35 66.7 25
    endloop
  endfacet
  facet normal 0.866025 -0 0.5
    outer loop
      vertex -3.35 66.7 25
      vertex -1.675 69.3 22.0988
      vertex -3.35 69.3 25
    endloop
  endfacet
  facet normal 0.866025 0 0.5
    outer loop
      vertex -1.675 69.3 22.0988
      vertex -3.35 66.7 25
      vertex -1.675 66.7 22.0988
    endloop
  endfacet
  facet normal -0 0 1
    outer loop
      vertex -1.675 69.3 22.0988
      vertex 1.675 66.7 22.0988
      vertex 1.675 69.3 22.0988
    endloop
  endfacet
  facet normal 0 0 1
    outer loop
      vertex 1.675 66.7 22.0988
      vertex -1.675 69.3 22.0988
      vertex -1.675 66.7 22.0988
    endloop
  endfacet
  facet normal -0.865858 0 0.500291
    outer loop
      vertex 1.675 66.7 22.0988
      vertex 1.67568 69.3 22.1
      vertex 1.675 69.3 22.0988
    endloop
  endfacet
  facet normal -0.865858 0 0.500291
    outer loop
      vertex 1.67568 69.3 22.1
      vertex 1.675 66.7 22.0988
      vertex 1.67568 66.7 22.1
    endloop
  endfacet
  facet normal -0.996917 0 -0.0784575
    outer loop
      vertex 1.6 69.3 25
      vertex 1.5803 75 25.2503
      vertex 1.6 75 25
    endloop
  endfacet
  facet normal -0.996917 -0 -0.0784575
    outer loop
      vertex 1.5803 75 25.2503
      vertex 1.6 69.3 25
      vertex 1.5803 69.3 25.2503
    endloop
  endfacet
  facet normal -0.996917 0 -0.0784575
    outer loop
      vertex 1.6 66.7 25
      vertex 1.5803 63.7753 25.2503
      vertex 1.5803 66.7 25.2503
    endloop
  endfacet
  facet normal -0.996917 0 -0.0784575
    outer loop
      vertex 1.5803 63.7753 25.2503
      vertex 1.6 66.7 25
      vertex 1.6 63.7675 25
    endloop
  endfacet
  facet normal -0.996917 0 0.0784575
    outer loop
      vertex 1.5803 63.7753 24.7497
      vertex 1.6 66.7 25
      vertex 1.5803 66.7 24.7497
    endloop
  endfacet
  facet normal -0.996917 0 0.0784575
    outer loop
      vertex 1.6 66.7 25
      vertex 1.5803 63.7753 24.7497
      vertex 1.6 63.7675 25
    endloop
  endfacet
  facet normal -0.996917 0 0.0784575
    outer loop
      vertex 1.5803 69.3 24.7497
      vertex 1.6 75 25
      vertex 1.5803 75 24.7497
    endloop
  endfacet
  facet normal -0.996917 0 0.0784575
    outer loop
      vertex 1.6 75 25
      vertex 1.5803 69.3 24.7497
      vertex 1.6 69.3 25
    endloop
  endfacet
  facet normal 0.5225 1.2358e-07 -0.852639
    outer loop
      vertex -0.940456 66.7 26.2944
      vertex -0.726384 64.0327 26.4256
      vertex -0.768263 64.0274 26.3999
    endloop
  endfacet
  facet normal 0.522498 0 -0.85264
    outer loop
      vertex -0.940456 66.7 26.2944
      vertex -0.768263 64.0274 26.3999
      vertex -0.940456 63.9832 26.2944
    endloop
  endfacet
  facet normal 0.522499 0 -0.85264
    outer loop
      vertex -0.726384 64.0327 26.4256
      vertex -0.940456 66.7 26.2944
      vertex -0.726384 66.7 26.4256
    endloop
  endfacet
  facet normal 0.522499 0 -0.85264
    outer loop
      vertex -0.940456 69.3 26.2944
      vertex -0.726384 75 26.4256
      vertex -0.726384 69.3 26.4256
    endloop
  endfacet
  facet normal 0.522499 0 -0.85264
    outer loop
      vertex -0.726384 75 26.4256
      vertex -0.940456 69.3 26.2944
      vertex -0.940456 75 26.2944
    endloop
  endfacet
  facet normal 0.923878 0 -0.382688
    outer loop
      vertex -1.42561 69.3 25.7264
      vertex -1.52169 75 25.4944
      vertex -1.42561 75 25.7264
    endloop
  endfacet
  facet normal 0.923878 0 -0.382688
    outer loop
      vertex -1.52169 75 25.4944
      vertex -1.42561 69.3 25.7264
      vertex -1.52169 69.3 25.4944
    endloop
  endfacet
  facet normal 0.923878 0 -0.382688
    outer loop
      vertex -1.42561 63.8365 25.7264
      vertex -1.52169 66.7 25.4944
      vertex -1.42561 66.7 25.7264
    endloop
  endfacet
  facet normal 0.923878 0 -0.382688
    outer loop
      vertex -1.52169 66.7 25.4944
      vertex -1.42561 63.8365 25.7264
      vertex -1.52169 63.7985 25.4944
    endloop
  endfacet
  facet normal -0.852643 0 -0.522494
    outer loop
      vertex 1.42561 69.3 25.7264
      vertex 1.29443 75 25.9405
      vertex 1.42561 75 25.7264
    endloop
  endfacet
  facet normal -0.852643 -0 -0.522494
    outer loop
      vertex 1.29443 75 25.9405
      vertex 1.42561 69.3 25.7264
      vertex 1.29443 69.3 25.9405
    endloop
  endfacet
  facet normal -0.852643 0 -0.522494
    outer loop
      vertex 1.42561 66.7 25.7264
      vertex 1.29443 63.8885 25.9405
      vertex 1.29443 66.7 25.9405
    endloop
  endfacet
  facet normal -0.852643 0 -0.522494
    outer loop
      vertex 1.29443 63.8885 25.9405
      vertex 1.42561 66.7 25.7264
      vertex 1.42561 63.8365 25.7264
    endloop
  endfacet
  facet normal -0.649447 0 -0.760407
    outer loop
      vertex 0.940456 69.3 26.2944
      vertex 1.13137 75 26.1314
      vertex 1.13137 69.3 26.1314
    endloop
  endfacet
  facet normal -0.649447 0 -0.760407
    outer loop
      vertex 1.13137 75 26.1314
      vertex 0.940456 69.3 26.2944
      vertex 0.940456 75 26.2944
    endloop
  endfacet
  facet normal -0.649447 0 -0.760407
    outer loop
      vertex 0.940456 63.9832 26.2944
      vertex 1.13137 66.7 26.1314
      vertex 1.13137 63.9341 26.1314
    endloop
  endfacet
  facet normal -0.649447 0 -0.760407
    outer loop
      vertex 1.13137 66.7 26.1314
      vertex 0.940456 63.9832 26.2944
      vertex 0.940456 66.7 26.2944
    endloop
  endfacet
  facet normal -0.760405 0 -0.649449
    outer loop
      vertex 1.29443 69.3 25.9405
      vertex 1.13137 75 26.1314
      vertex 1.29443 75 25.9405
    endloop
  endfacet
  facet normal -0.760405 -0 -0.649449
    outer loop
      vertex 1.13137 75 26.1314
      vertex 1.29443 69.3 25.9405
      vertex 1.13137 69.3 26.1314
    endloop
  endfacet
  facet normal -0.760405 0 -0.649449
    outer loop
      vertex 1.29443 66.7 25.9405
      vertex 1.13137 63.9341 26.1314
      vertex 1.13137 66.7 26.1314
    endloop
  endfacet
  facet normal -0.760404 -2.54017e-07 -0.649451
    outer loop
      vertex 1.29443 66.7 25.9405
      vertex 1.26697 63.8993 25.9726
      vertex 1.13137 63.9341 26.1314
    endloop
  endfacet
  facet normal -0.760415 0 -0.649438
    outer loop
      vertex 1.26697 63.8993 25.9726
      vertex 1.29443 66.7 25.9405
      vertex 1.29443 63.8885 25.9405
    endloop
  endfacet
  facet normal 0.996917 0 -0.0784575
    outer loop
      vertex -1.5803 69.3 25.2503
      vertex -1.6 75 25
      vertex -1.5803 75 25.2503
    endloop
  endfacet
  facet normal 0.996917 0 -0.0784575
    outer loop
      vertex -1.6 75 25
      vertex -1.5803 69.3 25.2503
      vertex -1.6 69.3 25
    endloop
  endfacet
  facet normal 0.996917 0 -0.0784575
    outer loop
      vertex -1.5803 63.7753 25.2503
      vertex -1.6 66.7 25
      vertex -1.5803 66.7 25.2503
    endloop
  endfacet
  facet normal 0.996917 0 -0.0784575
    outer loop
      vertex -1.6 66.7 25
      vertex -1.5803 63.7753 25.2503
      vertex -1.6 63.7675 25
    endloop
  endfacet
  facet normal 0.852643 0 -0.522494
    outer loop
      vertex -1.29443 63.8885 25.9405
      vertex -1.42561 66.7 25.7264
      vertex -1.29443 66.7 25.9405
    endloop
  endfacet
  facet normal 0.852643 0 -0.522494
    outer loop
      vertex -1.42561 66.7 25.7264
      vertex -1.29443 63.8885 25.9405
      vertex -1.42561 63.8365 25.7264
    endloop
  endfacet
  facet normal 0.852643 0 -0.522494
    outer loop
      vertex -1.29443 69.3 25.9405
      vertex -1.42561 75 25.7264
      vertex -1.29443 75 25.9405
    endloop
  endfacet
  facet normal 0.852643 0 -0.522494
    outer loop
      vertex -1.42561 75 25.7264
      vertex -1.29443 69.3 25.9405
      vertex -1.42561 69.3 25.7264
    endloop
  endfacet
  facet normal 0.760405 0 -0.649449
    outer loop
      vertex -1.13137 63.9341 26.1314
      vertex -1.29443 66.7 25.9405
      vertex -1.13137 66.7 26.1314
    endloop
  endfacet
  facet normal 0.760404 -2.54017e-07 -0.649451
    outer loop
      vertex -1.26697 63.8993 25.9726
      vertex -1.29443 66.7 25.9405
      vertex -1.13137 63.9341 26.1314
    endloop
  endfacet
  facet normal 0.760415 0 -0.649438
    outer loop
      vertex -1.29443 66.7 25.9405
      vertex -1.26697 63.8993 25.9726
      vertex -1.29443 63.8885 25.9405
    endloop
  endfacet
  facet normal 0.760405 0 -0.649449
    outer loop
      vertex -1.13137 69.3 26.1314
      vertex -1.29443 75 25.9405
      vertex -1.13137 75 26.1314
    endloop
  endfacet
  facet normal 0.760405 0 -0.649449
    outer loop
      vertex -1.29443 75 25.9405
      vertex -1.13137 69.3 26.1314
      vertex -1.29443 69.3 25.9405
    endloop
  endfacet
  facet normal 0.649447 0 0.760407
    outer loop
      vertex -1.13137 75 23.8686
      vertex -0.940456 69.3 23.7056
      vertex -0.940456 75 23.7056
    endloop
  endfacet
  facet normal 0.649447 0 0.760407
    outer loop
      vertex -0.940456 69.3 23.7056
      vertex -1.13137 75 23.8686
      vertex -1.13137 69.3 23.8686
    endloop
  endfacet
  facet normal 0.649447 0 0.760407
    outer loop
      vertex -1.13137 66.7 23.8686
      vertex -0.940456 63.9832 23.7056
      vertex -0.940456 66.7 23.7056
    endloop
  endfacet
  facet normal 0.649447 0 0.760407
    outer loop
      vertex -0.940456 63.9832 23.7056
      vertex -1.13137 66.7 23.8686
      vertex -1.13137 63.9341 23.8686
    endloop
  endfacet
  facet normal -0.923878 0 0.382688
    outer loop
      vertex 1.42561 69.3 24.2736
      vertex 1.52169 75 24.5056
      vertex 1.42561 75 24.2736
    endloop
  endfacet
  facet normal -0.923878 0 0.382688
    outer loop
      vertex 1.52169 75 24.5056
      vertex 1.42561 69.3 24.2736
      vertex 1.52169 69.3 24.5056
    endloop
  endfacet
  facet normal -0.923878 0 0.382688
    outer loop
      vertex 1.42561 63.8365 24.2736
      vertex 1.52169 66.7 24.5056
      vertex 1.42561 66.7 24.2736
    endloop
  endfacet
  facet normal -0.923878 0 0.382688
    outer loop
      vertex 1.52169 66.7 24.5056
      vertex 1.42561 63.8365 24.2736
      vertex 1.52169 63.7985 24.5056
    endloop
  endfacet
  facet normal 0.0784534 0 -0.996918
    outer loop
      vertex -0.250295 69.3 26.5803
      vertex 0 75 26.6
      vertex 0 69.3 26.6
    endloop
  endfacet
  facet normal 0.0784534 0 -0.996918
    outer loop
      vertex 0 75 26.6
      vertex -0.250295 69.3 26.5803
      vertex -0.250295 75 26.5803
    endloop
  endfacet
  facet normal 0.0784534 0 -0.996918
    outer loop
      vertex -0.250295 64.0919 26.5803
      vertex 0 66.7 26.6
      vertex 0 64.0919 26.6
    endloop
  endfacet
  facet normal 0.0784534 0 -0.996918
    outer loop
      vertex 0 66.7 26.6
      vertex -0.250295 64.0919 26.5803
      vertex -0.250295 66.7 26.5803
    endloop
  endfacet
  facet normal -0.233445 0 -0.97237
    outer loop
      vertex 0.250295 69.3 26.5803
      vertex 0.494427 75 26.5217
      vertex 0.494427 69.3 26.5217
    endloop
  endfacet
  facet normal -0.233445 0 -0.97237
    outer loop
      vertex 0.494427 75 26.5217
      vertex 0.250295 69.3 26.5803
      vertex 0.250295 75 26.5803
    endloop
  endfacet
  facet normal -0.233449 0 -0.972369
    outer loop
      vertex 0.257441 64.0919 26.5786
      vertex 0.494427 66.7 26.5217
      vertex 0.494427 64.062 26.5217
    endloop
  endfacet
  facet normal -0.233334 -0 -0.972397
    outer loop
      vertex 0.250295 66.7 26.5803
      vertex 0.257441 64.0919 26.5786
      vertex 0.250295 64.0919 26.5803
    endloop
  endfacet
  facet normal -0.233445 -3.23591e-07 -0.97237
    outer loop
      vertex 0.257441 64.0919 26.5786
      vertex 0.250295 66.7 26.5803
      vertex 0.494427 66.7 26.5217
    endloop
  endfacet
  facet normal -0.522499 0 -0.85264
    outer loop
      vertex 0.726384 69.3 26.4256
      vertex 0.940456 75 26.2944
      vertex 0.940456 69.3 26.2944
    endloop
  endfacet
  facet normal -0.522499 0 -0.85264
    outer loop
      vertex 0.940456 75 26.2944
      vertex 0.726384 69.3 26.4256
      vertex 0.726384 75 26.4256
    endloop
  endfacet
  facet normal -0.522498 0 -0.85264
    outer loop
      vertex 0.768263 64.0274 26.3999
      vertex 0.940456 66.7 26.2944
      vertex 0.940456 63.9832 26.2944
    endloop
  endfacet
  facet normal -0.5225 1.2358e-07 -0.852639
    outer loop
      vertex 0.726384 64.0327 26.4256
      vertex 0.940456 66.7 26.2944
      vertex 0.768263 64.0274 26.3999
    endloop
  endfacet
  facet normal -0.522499 0 -0.85264
    outer loop
      vertex 0.940456 66.7 26.2944
      vertex 0.726384 64.0327 26.4256
      vertex 0.726384 66.7 26.4256
    endloop
  endfacet
  facet normal -0.382686 0 -0.923878
    outer loop
      vertex 0.494427 69.3 26.5217
      vertex 0.726384 75 26.4256
      vertex 0.726384 69.3 26.4256
    endloop
  endfacet
  facet normal -0.382686 0 -0.923878
    outer loop
      vertex 0.726384 75 26.4256
      vertex 0.494427 69.3 26.5217
      vertex 0.494427 75 26.5217
    endloop
  endfacet
  facet normal -0.382686 0 -0.923878
    outer loop
      vertex 0.494427 64.062 26.5217
      vertex 0.726384 66.7 26.4256
      vertex 0.726384 64.0327 26.4256
    endloop
  endfacet
  facet normal -0.382686 0 -0.923878
    outer loop
      vertex 0.726384 66.7 26.4256
      vertex 0.494427 64.062 26.5217
      vertex 0.494427 66.7 26.5217
    endloop
  endfacet
  facet normal 0.97237 0 -0.233444
    outer loop
      vertex -1.52169 69.3 25.4944
      vertex -1.5803 75 25.2503
      vertex -1.52169 75 25.4944
    endloop
  endfacet
  facet normal 0.97237 0 -0.233444
    outer loop
      vertex -1.5803 75 25.2503
      vertex -1.52169 69.3 25.4944
      vertex -1.5803 69.3 25.2503
    endloop
  endfacet
  facet normal 0.97237 0 -0.233444
    outer loop
      vertex -1.52169 63.7985 25.4944
      vertex -1.5803 66.7 25.2503
      vertex -1.52169 66.7 25.4944
    endloop
  endfacet
  facet normal 0.97237 0 -0.233444
    outer loop
      vertex -1.5803 66.7 25.2503
      vertex -1.52169 63.7985 25.4944
      vertex -1.5803 63.7753 25.2503
    endloop
  endfacet
  facet normal 0.233445 0 -0.97237
    outer loop
      vertex -0.494427 69.3 26.5217
      vertex -0.250295 75 26.5803
      vertex -0.250295 69.3 26.5803
    endloop
  endfacet
  facet normal 0.233445 0 -0.97237
    outer loop
      vertex -0.250295 75 26.5803
      vertex -0.494427 69.3 26.5217
      vertex -0.494427 75 26.5217
    endloop
  endfacet
  facet normal 0.233334 0 -0.972397
    outer loop
      vertex -0.257441 64.0919 26.5786
      vertex -0.250295 66.7 26.5803
      vertex -0.250295 64.0919 26.5803
    endloop
  endfacet
  facet normal 0.233449 0 -0.972369
    outer loop
      vertex -0.494427 66.7 26.5217
      vertex -0.257441 64.0919 26.5786
      vertex -0.494427 64.062 26.5217
    endloop
  endfacet
  facet normal 0.233445 -3.23591e-07 -0.97237
    outer loop
      vertex -0.257441 64.0919 26.5786
      vertex -0.494427 66.7 26.5217
      vertex -0.250295 66.7 26.5803
    endloop
  endfacet
  facet normal 0.649447 0 -0.760407
    outer loop
      vertex -1.13137 66.7 26.1314
      vertex -0.940456 63.9832 26.2944
      vertex -1.13137 63.9341 26.1314
    endloop
  endfacet
  facet normal 0.649447 0 -0.760407
    outer loop
      vertex -0.940456 63.9832 26.2944
      vertex -1.13137 66.7 26.1314
      vertex -0.940456 66.7 26.2944
    endloop
  endfacet
  facet normal 0.649447 0 -0.760407
    outer loop
      vertex -1.13137 69.3 26.1314
      vertex -0.940456 75 26.2944
      vertex -0.940456 69.3 26.2944
    endloop
  endfacet
  facet normal 0.649447 0 -0.760407
    outer loop
      vertex -0.940456 75 26.2944
      vertex -1.13137 69.3 26.1314
      vertex -1.13137 75 26.1314
    endloop
  endfacet
  facet normal -0.97237 0 0.233444
    outer loop
      vertex 1.52169 69.3 24.5056
      vertex 1.5803 75 24.7497
      vertex 1.52169 75 24.5056
    endloop
  endfacet
  facet normal -0.97237 0 0.233444
    outer loop
      vertex 1.5803 75 24.7497
      vertex 1.52169 69.3 24.5056
      vertex 1.5803 69.3 24.7497
    endloop
  endfacet
  facet normal -0.97237 0 0.233444
    outer loop
      vertex 1.52169 63.7985 24.5056
      vertex 1.5803 66.7 24.7497
      vertex 1.52169 66.7 24.5056
    endloop
  endfacet
  facet normal -0.97237 0 0.233444
    outer loop
      vertex 1.5803 66.7 24.7497
      vertex 1.52169 63.7985 24.5056
      vertex 1.5803 63.7753 24.7497
    endloop
  endfacet
  facet normal 0.996917 -0 0.0784575
    outer loop
      vertex -1.6 69.3 25
      vertex -1.5803 75 24.7497
      vertex -1.6 75 25
    endloop
  endfacet
  facet normal 0.996917 0 0.0784575
    outer loop
      vertex -1.5803 75 24.7497
      vertex -1.6 69.3 25
      vertex -1.5803 69.3 24.7497
    endloop
  endfacet
  facet normal 0.996917 0 0.0784575
    outer loop
      vertex -1.6 66.7 25
      vertex -1.5803 63.7753 24.7497
      vertex -1.5803 66.7 24.7497
    endloop
  endfacet
  facet normal 0.996917 0 0.0784575
    outer loop
      vertex -1.5803 63.7753 24.7497
      vertex -1.6 66.7 25
      vertex -1.6 63.7675 25
    endloop
  endfacet
  facet normal 0.97237 0 0.233444
    outer loop
      vertex -1.5803 66.7 24.7497
      vertex -1.52169 63.7985 24.5056
      vertex -1.52169 66.7 24.5056
    endloop
  endfacet
  facet normal 0.97237 0 0.233444
    outer loop
      vertex -1.52169 63.7985 24.5056
      vertex -1.5803 66.7 24.7497
      vertex -1.5803 63.7753 24.7497
    endloop
  endfacet
  facet normal 0.97237 -0 0.233444
    outer loop
      vertex -1.5803 69.3 24.7497
      vertex -1.52169 75 24.5056
      vertex -1.5803 75 24.7497
    endloop
  endfacet
  facet normal 0.97237 0 0.233444
    outer loop
      vertex -1.52169 75 24.5056
      vertex -1.5803 69.3 24.7497
      vertex -1.52169 69.3 24.5056
    endloop
  endfacet
  facet normal 0.923878 0 0.382688
    outer loop
      vertex -1.52169 66.7 24.5056
      vertex -1.42561 63.8365 24.2736
      vertex -1.42561 66.7 24.2736
    endloop
  endfacet
  facet normal 0.923878 0 0.382688
    outer loop
      vertex -1.42561 63.8365 24.2736
      vertex -1.52169 66.7 24.5056
      vertex -1.52169 63.7985 24.5056
    endloop
  endfacet
  facet normal 0.923878 -0 0.382688
    outer loop
      vertex -1.52169 69.3 24.5056
      vertex -1.42561 75 24.2736
      vertex -1.52169 75 24.5056
    endloop
  endfacet
  facet normal 0.923878 0 0.382688
    outer loop
      vertex -1.42561 75 24.2736
      vertex -1.52169 69.3 24.5056
      vertex -1.42561 69.3 24.2736
    endloop
  endfacet
  facet normal -0.852643 0 0.522494
    outer loop
      vertex 1.29443 69.3 24.0595
      vertex 1.42561 75 24.2736
      vertex 1.29443 75 24.0595
    endloop
  endfacet
  facet normal -0.852643 0 0.522494
    outer loop
      vertex 1.42561 75 24.2736
      vertex 1.29443 69.3 24.0595
      vertex 1.42561 69.3 24.2736
    endloop
  endfacet
  facet normal -0.852643 0 0.522494
    outer loop
      vertex 1.29443 63.8885 24.0595
      vertex 1.42561 66.7 24.2736
      vertex 1.29443 66.7 24.0595
    endloop
  endfacet
  facet normal -0.852643 0 0.522494
    outer loop
      vertex 1.42561 66.7 24.2736
      vertex 1.29443 63.8885 24.0595
      vertex 1.42561 63.8365 24.2736
    endloop
  endfacet
  facet normal -0.0784534 0 0.996918
    outer loop
      vertex 0 66.7 23.4
      vertex 0.250295 64.0919 23.4197
      vertex 0.250295 66.7 23.4197
    endloop
  endfacet
  facet normal -0.0784534 0 0.996918
    outer loop
      vertex 0.250295 64.0919 23.4197
      vertex 0 66.7 23.4
      vertex 0 64.0919 23.4
    endloop
  endfacet
  facet normal -0.0784534 0 0.996918
    outer loop
      vertex 0 75 23.4
      vertex 0.250295 69.3 23.4197
      vertex 0.250295 75 23.4197
    endloop
  endfacet
  facet normal -0.0784534 0 0.996918
    outer loop
      vertex 0.250295 69.3 23.4197
      vertex 0 75 23.4
      vertex 0 69.3 23.4
    endloop
  endfacet
  facet normal -0.233445 0 0.97237
    outer loop
      vertex 0.250295 75 23.4197
      vertex 0.494427 69.3 23.4783
      vertex 0.494427 75 23.4783
    endloop
  endfacet
  facet normal -0.233445 0 0.97237
    outer loop
      vertex 0.494427 69.3 23.4783
      vertex 0.250295 75 23.4197
      vertex 0.250295 69.3 23.4197
    endloop
  endfacet
  facet normal -0.233449 0 0.972369
    outer loop
      vertex 0.494427 66.7 23.4783
      vertex 0.257441 64.0919 23.4214
      vertex 0.494427 64.062 23.4783
    endloop
  endfacet
  facet normal -0.233445 -3.23591e-07 0.97237
    outer loop
      vertex 0.250295 66.7 23.4197
      vertex 0.257441 64.0919 23.4214
      vertex 0.494427 66.7 23.4783
    endloop
  endfacet
  facet normal -0.233334 0 0.972397
    outer loop
      vertex 0.257441 64.0919 23.4214
      vertex 0.250295 66.7 23.4197
      vertex 0.250295 64.0919 23.4197
    endloop
  endfacet
  facet normal -0.649447 0 0.760407
    outer loop
      vertex 0.940456 63.9832 23.7056
      vertex 1.13137 66.7 23.8686
      vertex 0.940456 66.7 23.7056
    endloop
  endfacet
  facet normal -0.649447 0 0.760407
    outer loop
      vertex 1.13137 66.7 23.8686
      vertex 0.940456 63.9832 23.7056
      vertex 1.13137 63.9341 23.8686
    endloop
  endfacet
  facet normal -0.649447 0 0.760407
    outer loop
      vertex 0.940456 75 23.7056
      vertex 1.13137 69.3 23.8686
      vertex 1.13137 75 23.8686
    endloop
  endfacet
  facet normal -0.649447 0 0.760407
    outer loop
      vertex 1.13137 69.3 23.8686
      vertex 0.940456 75 23.7056
      vertex 0.940456 69.3 23.7056
    endloop
  endfacet
  facet normal -0.923878 0 -0.382688
    outer loop
      vertex 1.52169 69.3 25.4944
      vertex 1.42561 75 25.7264
      vertex 1.52169 75 25.4944
    endloop
  endfacet
  facet normal -0.923878 -0 -0.382688
    outer loop
      vertex 1.42561 75 25.7264
      vertex 1.52169 69.3 25.4944
      vertex 1.42561 69.3 25.7264
    endloop
  endfacet
  facet normal -0.923878 0 -0.382688
    outer loop
      vertex 1.52169 66.7 25.4944
      vertex 1.42561 63.8365 25.7264
      vertex 1.42561 66.7 25.7264
    endloop
  endfacet
  facet normal -0.923878 0 -0.382688
    outer loop
      vertex 1.42561 63.8365 25.7264
      vertex 1.52169 66.7 25.4944
      vertex 1.52169 63.7985 25.4944
    endloop
  endfacet
  facet normal -0.97237 0 -0.233444
    outer loop
      vertex 1.5803 69.3 25.2503
      vertex 1.52169 75 25.4944
      vertex 1.5803 75 25.2503
    endloop
  endfacet
  facet normal -0.97237 -0 -0.233444
    outer loop
      vertex 1.52169 75 25.4944
      vertex 1.5803 69.3 25.2503
      vertex 1.52169 69.3 25.4944
    endloop
  endfacet
  facet normal -0.97237 0 -0.233444
    outer loop
      vertex 1.5803 66.7 25.2503
      vertex 1.52169 63.7985 25.4944
      vertex 1.52169 66.7 25.4944
    endloop
  endfacet
  facet normal -0.97237 0 -0.233444
    outer loop
      vertex 1.52169 63.7985 25.4944
      vertex 1.5803 66.7 25.2503
      vertex 1.5803 63.7753 25.2503
    endloop
  endfacet
  facet normal -0.0784534 0 -0.996918
    outer loop
      vertex 0 69.3 26.6
      vertex 0.250295 75 26.5803
      vertex 0.250295 69.3 26.5803
    endloop
  endfacet
  facet normal -0.0784534 0 -0.996918
    outer loop
      vertex 0.250295 75 26.5803
      vertex 0 69.3 26.6
      vertex 0 75 26.6
    endloop
  endfacet
  facet normal -0.0784534 0 -0.996918
    outer loop
      vertex 0 64.0919 26.6
      vertex 0.250295 66.7 26.5803
      vertex 0.250295 64.0919 26.5803
    endloop
  endfacet
  facet normal -0.0784534 0 -0.996918
    outer loop
      vertex 0.250295 66.7 26.5803
      vertex 0 64.0919 26.6
      vertex 0 66.7 26.6
    endloop
  endfacet
  facet normal 0.382686 0 -0.923878
    outer loop
      vertex -0.726384 69.3 26.4256
      vertex -0.494427 75 26.5217
      vertex -0.494427 69.3 26.5217
    endloop
  endfacet
  facet normal 0.382686 0 -0.923878
    outer loop
      vertex -0.494427 75 26.5217
      vertex -0.726384 69.3 26.4256
      vertex -0.726384 75 26.4256
    endloop
  endfacet
  facet normal 0.382686 0 -0.923878
    outer loop
      vertex -0.726384 66.7 26.4256
      vertex -0.494427 64.062 26.5217
      vertex -0.726384 64.0327 26.4256
    endloop
  endfacet
  facet normal 0.382686 0 -0.923878
    outer loop
      vertex -0.494427 64.062 26.5217
      vertex -0.726384 66.7 26.4256
      vertex -0.494427 66.7 26.5217
    endloop
  endfacet
  facet normal 0.233445 0 0.97237
    outer loop
      vertex -0.494427 75 23.4783
      vertex -0.250295 69.3 23.4197
      vertex -0.250295 75 23.4197
    endloop
  endfacet
  facet normal 0.233445 0 0.97237
    outer loop
      vertex -0.250295 69.3 23.4197
      vertex -0.494427 75 23.4783
      vertex -0.494427 69.3 23.4783
    endloop
  endfacet
  facet normal 0.233334 0 0.972397
    outer loop
      vertex -0.250295 66.7 23.4197
      vertex -0.257441 64.0919 23.4214
      vertex -0.250295 64.0919 23.4197
    endloop
  endfacet
  facet normal 0.233445 -3.23591e-07 0.97237
    outer loop
      vertex -0.494427 66.7 23.4783
      vertex -0.257441 64.0919 23.4214
      vertex -0.250295 66.7 23.4197
    endloop
  endfacet
  facet normal 0.233449 0 0.972369
    outer loop
      vertex -0.257441 64.0919 23.4214
      vertex -0.494427 66.7 23.4783
      vertex -0.494427 64.062 23.4783
    endloop
  endfacet
  facet normal 0.0784534 0 0.996918
    outer loop
      vertex -0.250295 66.7 23.4197
      vertex 0 64.0919 23.4
      vertex 0 66.7 23.4
    endloop
  endfacet
  facet normal 0.0784534 0 0.996918
    outer loop
      vertex 0 64.0919 23.4
      vertex -0.250295 66.7 23.4197
      vertex -0.250295 64.0919 23.4197
    endloop
  endfacet
  facet normal 0.0784534 0 0.996918
    outer loop
      vertex -0.250295 75 23.4197
      vertex 0 69.3 23.4
      vertex 0 75 23.4
    endloop
  endfacet
  facet normal 0.0784534 0 0.996918
    outer loop
      vertex 0 69.3 23.4
      vertex -0.250295 75 23.4197
      vertex -0.250295 69.3 23.4197
    endloop
  endfacet
  facet normal 0.760405 0 0.649449
    outer loop
      vertex -1.29443 66.7 24.0595
      vertex -1.13137 63.9341 23.8686
      vertex -1.13137 66.7 23.8686
    endloop
  endfacet
  facet normal 0.760404 -2.54017e-07 0.649451
    outer loop
      vertex -1.29443 66.7 24.0595
      vertex -1.26697 63.8993 24.0274
      vertex -1.13137 63.9341 23.8686
    endloop
  endfacet
  facet normal 0.760415 0 0.649438
    outer loop
      vertex -1.26697 63.8993 24.0274
      vertex -1.29443 66.7 24.0595
      vertex -1.29443 63.8885 24.0595
    endloop
  endfacet
  facet normal 0.760405 -0 0.649449
    outer loop
      vertex -1.29443 69.3 24.0595
      vertex -1.13137 75 23.8686
      vertex -1.29443 75 24.0595
    endloop
  endfacet
  facet normal 0.760405 0 0.649449
    outer loop
      vertex -1.13137 75 23.8686
      vertex -1.29443 69.3 24.0595
      vertex -1.13137 69.3 23.8686
    endloop
  endfacet
  facet normal -0.382686 0 0.923878
    outer loop
      vertex 0.494427 64.062 23.4783
      vertex 0.726384 66.7 23.5744
      vertex 0.494427 66.7 23.4783
    endloop
  endfacet
  facet normal -0.382686 0 0.923878
    outer loop
      vertex 0.726384 66.7 23.5744
      vertex 0.494427 64.062 23.4783
      vertex 0.726384 64.0327 23.5744
    endloop
  endfacet
  facet normal -0.382686 0 0.923878
    outer loop
      vertex 0.494427 75 23.4783
      vertex 0.726384 69.3 23.5744
      vertex 0.726384 75 23.5744
    endloop
  endfacet
  facet normal -0.382686 0 0.923878
    outer loop
      vertex 0.726384 69.3 23.5744
      vertex 0.494427 75 23.4783
      vertex 0.494427 69.3 23.4783
    endloop
  endfacet
  facet normal -0.522498 0 0.85264
    outer loop
      vertex 0.940456 66.7 23.7056
      vertex 0.768263 64.0274 23.6001
      vertex 0.940456 63.9832 23.7056
    endloop
  endfacet
  facet normal -0.522499 0 0.85264
    outer loop
      vertex 0.726384 64.0327 23.5744
      vertex 0.940456 66.7 23.7056
      vertex 0.726384 66.7 23.5744
    endloop
  endfacet
  facet normal -0.5225 1.2358e-07 0.852639
    outer loop
      vertex 0.940456 66.7 23.7056
      vertex 0.726384 64.0327 23.5744
      vertex 0.768263 64.0274 23.6001
    endloop
  endfacet
  facet normal -0.522499 0 0.85264
    outer loop
      vertex 0.726384 75 23.5744
      vertex 0.940456 69.3 23.7056
      vertex 0.940456 75 23.7056
    endloop
  endfacet
  facet normal -0.522499 0 0.85264
    outer loop
      vertex 0.940456 69.3 23.7056
      vertex 0.726384 75 23.5744
      vertex 0.726384 69.3 23.5744
    endloop
  endfacet
  facet normal -0.760405 0 0.649449
    outer loop
      vertex 1.13137 69.3 23.8686
      vertex 1.29443 75 24.0595
      vertex 1.13137 75 23.8686
    endloop
  endfacet
  facet normal -0.760405 0 0.649449
    outer loop
      vertex 1.29443 75 24.0595
      vertex 1.13137 69.3 23.8686
      vertex 1.29443 69.3 24.0595
    endloop
  endfacet
  facet normal -0.760405 0 0.649449
    outer loop
      vertex 1.13137 63.9341 23.8686
      vertex 1.29443 66.7 24.0595
      vertex 1.13137 66.7 23.8686
    endloop
  endfacet
  facet normal -0.760404 -2.54017e-07 0.649451
    outer loop
      vertex 1.26697 63.8993 24.0274
      vertex 1.29443 66.7 24.0595
      vertex 1.13137 63.9341 23.8686
    endloop
  endfacet
  facet normal -0.760415 0 0.649438
    outer loop
      vertex 1.29443 66.7 24.0595
      vertex 1.26697 63.8993 24.0274
      vertex 1.29443 63.8885 24.0595
    endloop
  endfacet
  facet normal 0.522499 0 0.85264
    outer loop
      vertex -0.940456 75 23.7056
      vertex -0.726384 69.3 23.5744
      vertex -0.726384 75 23.5744
    endloop
  endfacet
  facet normal 0.522499 0 0.85264
    outer loop
      vertex -0.726384 69.3 23.5744
      vertex -0.940456 75 23.7056
      vertex -0.940456 69.3 23.7056
    endloop
  endfacet
  facet normal 0.522499 0 0.85264
    outer loop
      vertex -0.940456 66.7 23.7056
      vertex -0.726384 64.0327 23.5744
      vertex -0.726384 66.7 23.5744
    endloop
  endfacet
  facet normal 0.5225 1.2358e-07 0.852639
    outer loop
      vertex -0.726384 64.0327 23.5744
      vertex -0.940456 66.7 23.7056
      vertex -0.768263 64.0274 23.6001
    endloop
  endfacet
  facet normal 0.522498 0 0.85264
    outer loop
      vertex -0.768263 64.0274 23.6001
      vertex -0.940456 66.7 23.7056
      vertex -0.940456 63.9832 23.7056
    endloop
  endfacet
  facet normal 0.382686 0 0.923878
    outer loop
      vertex -0.726384 75 23.5744
      vertex -0.494427 69.3 23.4783
      vertex -0.494427 75 23.4783
    endloop
  endfacet
  facet normal 0.382686 0 0.923878
    outer loop
      vertex -0.494427 69.3 23.4783
      vertex -0.726384 75 23.5744
      vertex -0.726384 69.3 23.5744
    endloop
  endfacet
  facet normal 0.382686 0 0.923878
    outer loop
      vertex -0.726384 66.7 23.5744
      vertex -0.494427 64.062 23.4783
      vertex -0.494427 66.7 23.4783
    endloop
  endfacet
  facet normal 0.382686 0 0.923878
    outer loop
      vertex -0.494427 64.062 23.4783
      vertex -0.726384 66.7 23.5744
      vertex -0.726384 64.0327 23.5744
    endloop
  endfacet
  facet normal 0.852643 0 0.522494
    outer loop
      vertex -1.42561 66.7 24.2736
      vertex -1.29443 63.8885 24.0595
      vertex -1.29443 66.7 24.0595
    endloop
  endfacet
  facet normal 0.852643 0 0.522494
    outer loop
      vertex -1.29443 63.8885 24.0595
      vertex -1.42561 66.7 24.2736
      vertex -1.42561 63.8365 24.2736
    endloop
  endfacet
  facet normal 0.852643 -0 0.522494
    outer loop
      vertex -1.42561 69.3 24.2736
      vertex -1.29443 75 24.0595
      vertex -1.42561 75 24.2736
    endloop
  endfacet
  facet normal 0.852643 0 0.522494
    outer loop
      vertex -1.29443 75 24.0595
      vertex -1.42561 69.3 24.2736
      vertex -1.29443 69.3 24.0595
    endloop
  endfacet
  facet normal -0.998027 -0.0627903 0
    outer loop
      vertex 4.1 0 0
      vertex 4.06767 0.513865 35
      vertex 4.06767 0.513865 0
    endloop
  endfacet
  facet normal -0.998027 -0.0627903 0
    outer loop
      vertex 4.06767 0.513865 35
      vertex 4.1 0 0
      vertex 4.1 0 35
    endloop
  endfacet
  facet normal 0.998027 -0.0627903 0
    outer loop
      vertex -4.1 0 35
      vertex -4.06767 0.513865 0
      vertex -4.06767 0.513865 35
    endloop
  endfacet
  facet normal 0.998027 -0.0627903 0
    outer loop
      vertex -4.06767 0.513865 0
      vertex -4.1 0 35
      vertex -4.1 0 0
    endloop
  endfacet
  facet normal 0 -1 0
    outer loop
      vertex -0.257441 4.09191 0
      vertex 0.257441 4.09191 35
      vertex -0.257441 4.09191 35
    endloop
  endfacet
  facet normal 0 -1 -0
    outer loop
      vertex 0.257441 4.09191 35
      vertex -0.257441 4.09191 0
      vertex 0.257441 4.09191 0
    endloop
  endfacet
  facet normal 0 1 0
    outer loop
      vertex 0.250295 -4.09191 23.4197
      vertex 0.257441 -4.09191 0
      vertex 0 -4.09191 23.4
    endloop
  endfacet
  facet normal 0 1 -0
    outer loop
      vertex 0.257441 -4.09191 0
      vertex 0.250295 -4.09191 23.4197
      vertex 0.257441 -4.09191 23.4214
    endloop
  endfacet
  facet normal 0 1 0
    outer loop
      vertex -0.257441 -4.09191 0
      vertex 0 -4.09191 23.4
      vertex 0.257441 -4.09191 0
    endloop
  endfacet
  facet normal 0 1 0
    outer loop
      vertex 0 -4.09191 23.4
      vertex -0.257441 -4.09191 0
      vertex -0.250295 -4.09191 23.4197
    endloop
  endfacet
  facet normal 0 1 0
    outer loop
      vertex -0.250295 -4.09191 23.4197
      vertex -0.257441 -4.09191 0
      vertex -0.257441 -4.09191 23.4214
    endloop
  endfacet
  facet normal 0 1 0
    outer loop
      vertex 0.257441 -4.09191 35
      vertex 0 -4.09191 26.6
      vertex -0.257441 -4.09191 35
    endloop
  endfacet
  facet normal 0 1 0
    outer loop
      vertex 0.257441 -4.09191 35
      vertex 0.250295 -4.09191 26.5803
      vertex 0 -4.09191 26.6
    endloop
  endfacet
  facet normal -0 1 0
    outer loop
      vertex 0.250295 -4.09191 26.5803
      vertex 0.257441 -4.09191 35
      vertex 0.257441 -4.09191 26.5786
    endloop
  endfacet
  facet normal 0 1 -0
    outer loop
      vertex -0.250295 -4.09191 26.5803
      vertex -0.257441 -4.09191 35
      vertex 0 -4.09191 26.6
    endloop
  endfacet
  facet normal 0 1 0
    outer loop
      vertex -0.257441 -4.09191 35
      vertex -0.250295 -4.09191 26.5803
      vertex -0.257441 -4.09191 26.5786
    endloop
  endfacet
  facet normal -0.684547 -0.728969 0
    outer loop
      vertex 2.61344 3.1591 0
      vertex 2.98877 2.80664 35
      vertex 2.61344 3.1591 35
    endloop
  endfacet
  facet normal -0.684547 -0.728969 -0
    outer loop
      vertex 2.98877 2.80664 35
      vertex 2.61344 3.1591 0
      vertex 2.98877 2.80664 0
    endloop
  endfacet
  facet normal 0.684547 -0.728969 0
    outer loop
      vertex -2.98877 2.80664 0
      vertex -2.61344 3.1591 35
      vertex -2.98877 2.80664 35
    endloop
  endfacet
  facet normal 0.684547 -0.728969 0
    outer loop
      vertex -2.61344 3.1591 35
      vertex -2.98877 2.80664 0
      vertex -2.61344 3.1591 0
    endloop
  endfacet
  facet normal 0.368125 -0.929776 0
    outer loop
      vertex -1.74569 3.70979 0
      vertex -1.26697 3.89933 35
      vertex -1.74569 3.70979 35
    endloop
  endfacet
  facet normal 0.368125 -0.929776 0
    outer loop
      vertex -1.26697 3.89933 35
      vertex -1.74569 3.70979 0
      vertex -1.26697 3.89933 0
    endloop
  endfacet
  facet normal -0.904827 -0.425779 0
    outer loop
      vertex 3.81208 1.50931 0
      vertex 3.59286 1.97519 35
      vertex 3.59286 1.97519 0
    endloop
  endfacet
  facet normal -0.904827 -0.425779 0
    outer loop
      vertex 3.59286 1.97519 35
      vertex 3.81208 1.50931 0
      vertex 3.81208 1.50931 35
    endloop
  endfacet
  facet normal -0.982287 -0.187381 0
    outer loop
      vertex 4.06767 0.513865 0
      vertex 3.97119 1.01963 35
      vertex 3.97119 1.01963 0
    endloop
  endfacet
  facet normal -0.982287 -0.187381 0
    outer loop
      vertex 3.97119 1.01963 35
      vertex 4.06767 0.513865 0
      vertex 4.06767 0.513865 35
    endloop
  endfacet
  facet normal -0.368125 -0.929776 0
    outer loop
      vertex 1.26697 3.89933 0
      vertex 1.74569 3.70979 35
      vertex 1.26697 3.89933 35
    endloop
  endfacet
  facet normal -0.368125 -0.929776 -0
    outer loop
      vertex 1.74569 3.70979 35
      vertex 1.26697 3.89933 0
      vertex 1.74569 3.70979 0
    endloop
  endfacet
  facet normal -0.587786 -0.809016 0
    outer loop
      vertex 2.19689 3.46174 0
      vertex 2.61344 3.1591 35
      vertex 2.19689 3.46174 35
    endloop
  endfacet
  facet normal -0.587786 -0.809016 -0
    outer loop
      vertex 2.61344 3.1591 35
      vertex 2.19689 3.46174 0
      vertex 2.61344 3.1591 0
    endloop
  endfacet
  facet normal 0.904827 -0.425779 0
    outer loop
      vertex -3.81208 1.50931 35
      vertex -3.59286 1.97519 0
      vertex -3.59286 1.97519 35
    endloop
  endfacet
  facet normal 0.904827 -0.425779 0
    outer loop
      vertex -3.59286 1.97519 0
      vertex -3.81208 1.50931 35
      vertex -3.81208 1.50931 0
    endloop
  endfacet
  facet normal 0.844327 -0.535828 0
    outer loop
      vertex -3.59286 1.97519 35
      vertex -3.31697 2.40992 0
      vertex -3.31697 2.40992 35
    endloop
  endfacet
  facet normal 0.844327 -0.535828 0
    outer loop
      vertex -3.31697 2.40992 0
      vertex -3.59286 1.97519 35
      vertex -3.59286 1.97519 0
    endloop
  endfacet
  facet normal 0.951056 -0.309017 0
    outer loop
      vertex -3.97119 1.01963 35
      vertex -3.81208 1.50931 0
      vertex -3.81208 1.50931 35
    endloop
  endfacet
  facet normal 0.951056 -0.309017 0
    outer loop
      vertex -3.81208 1.50931 0
      vertex -3.97119 1.01963 35
      vertex -3.97119 1.01963 0
    endloop
  endfacet
  facet normal 0.481753 -0.876307 0
    outer loop
      vertex -2.19689 3.46174 0
      vertex -1.74569 3.70979 35
      vertex -2.19689 3.46174 35
    endloop
  endfacet
  facet normal 0.481753 -0.876307 0
    outer loop
      vertex -1.74569 3.70979 35
      vertex -2.19689 3.46174 0
      vertex -1.74569 3.70979 0
    endloop
  endfacet
  facet normal 0.24869 -0.968583 0
    outer loop
      vertex -1.26697 3.89933 0
      vertex -0.768263 4.02738 35
      vertex -1.26697 3.89933 35
    endloop
  endfacet
  facet normal 0.24869 -0.968583 0
    outer loop
      vertex -0.768263 4.02738 35
      vertex -1.26697 3.89933 0
      vertex -0.768263 4.02738 0
    endloop
  endfacet
  facet normal -0.125333 0.992115 0
    outer loop
      vertex 0.768263 -4.02738 0
      vertex 0.726384 -4.03267 23.5744
      vertex 0.768263 -4.02738 23.6001
    endloop
  endfacet
  facet normal -0.125333 0.992115 -3.47423e-10
    outer loop
      vertex 0.768263 -4.02738 0
      vertex 0.494427 -4.06197 23.4783
      vertex 0.726384 -4.03267 23.5744
    endloop
  endfacet
  facet normal -0.125335 0.992115 -1.72685e-08
    outer loop
      vertex 0.768263 -4.02738 0
      vertex 0.257441 -4.09191 23.4214
      vertex 0.494427 -4.06197 23.4783
    endloop
  endfacet
  facet normal -0.125334 0.992115 0
    outer loop
      vertex 0.257441 -4.09191 23.4214
      vertex 0.768263 -4.02738 0
      vertex 0.257441 -4.09191 0
    endloop
  endfacet
  facet normal -0.125334 0.992115 0
    outer loop
      vertex 0.768263 -4.02738 35
      vertex 0.257441 -4.09191 26.5786
      vertex 0.257441 -4.09191 35
    endloop
  endfacet
  facet normal -0.125335 0.992115 4.75853e-08
    outer loop
      vertex 0.768263 -4.02738 35
      vertex 0.494427 -4.06197 26.5217
      vertex 0.257441 -4.09191 26.5786
    endloop
  endfacet
  facet normal -0.125333 0.992115 9.53976e-10
    outer loop
      vertex 0.768263 -4.02738 35
      vertex 0.726384 -4.03267 26.4256
      vertex 0.494427 -4.06197 26.5217
    endloop
  endfacet
  facet normal -0.125333 0.992115 0
    outer loop
      vertex 0.726384 -4.03267 26.4256
      vertex 0.768263 -4.02738 35
      vertex 0.768263 -4.02738 26.3999
    endloop
  endfacet
  facet normal -0.951056 -0.309017 0
    outer loop
      vertex 3.97119 1.01963 0
      vertex 3.81208 1.50931 35
      vertex 3.81208 1.50931 0
    endloop
  endfacet
  facet normal -0.951056 -0.309017 0
    outer loop
      vertex 3.81208 1.50931 35
      vertex 3.97119 1.01963 0
      vertex 3.97119 1.01963 35
    endloop
  endfacet
  facet normal -0.770513 -0.637424 0
    outer loop
      vertex 3.31697 2.40992 0
      vertex 2.98877 2.80664 35
      vertex 2.98877 2.80664 0
    endloop
  endfacet
  facet normal -0.770513 -0.637424 0
    outer loop
      vertex 2.98877 2.80664 35
      vertex 3.31697 2.40992 0
      vertex 3.31697 2.40992 35
    endloop
  endfacet
  facet normal -0.844327 -0.535828 0
    outer loop
      vertex 3.59286 1.97519 0
      vertex 3.31697 2.40992 35
      vertex 3.31697 2.40992 0
    endloop
  endfacet
  facet normal -0.844327 -0.535828 0
    outer loop
      vertex 3.31697 2.40992 35
      vertex 3.59286 1.97519 0
      vertex 3.59286 1.97519 35
    endloop
  endfacet
  facet normal -0.24869 -0.968583 0
    outer loop
      vertex 0.768263 4.02738 0
      vertex 1.26697 3.89933 35
      vertex 0.768263 4.02738 35
    endloop
  endfacet
  facet normal -0.24869 -0.968583 -0
    outer loop
      vertex 1.26697 3.89933 35
      vertex 0.768263 4.02738 0
      vertex 1.26697 3.89933 0
    endloop
  endfacet
  facet normal -0.125334 -0.992115 0
    outer loop
      vertex 0.257441 4.09191 0
      vertex 0.768263 4.02738 35
      vertex 0.257441 4.09191 35
    endloop
  endfacet
  facet normal -0.125334 -0.992115 -0
    outer loop
      vertex 0.768263 4.02738 35
      vertex 0.257441 4.09191 0
      vertex 0.768263 4.02738 0
    endloop
  endfacet
  facet normal 0.770513 -0.637424 0
    outer loop
      vertex -3.31697 2.40992 35
      vertex -2.98877 2.80664 0
      vertex -2.98877 2.80664 35
    endloop
  endfacet
  facet normal 0.770513 -0.637424 0
    outer loop
      vertex -2.98877 2.80664 0
      vertex -3.31697 2.40992 35
      vertex -3.31697 2.40992 0
    endloop
  endfacet
  facet normal 0.982287 -0.187381 0
    outer loop
      vertex -4.06767 0.513865 35
      vertex -3.97119 1.01963 0
      vertex -3.97119 1.01963 35
    endloop
  endfacet
  facet normal 0.982287 -0.187381 0
    outer loop
      vertex -3.97119 1.01963 0
      vertex -4.06767 0.513865 35
      vertex -4.06767 0.513865 0
    endloop
  endfacet
  facet normal 0.587786 -0.809016 0
    outer loop
      vertex -2.61344 3.1591 0
      vertex -2.19689 3.46174 35
      vertex -2.61344 3.1591 35
    endloop
  endfacet
  facet normal 0.587786 -0.809016 0
    outer loop
      vertex -2.19689 3.46174 35
      vertex -2.61344 3.1591 0
      vertex -2.19689 3.46174 0
    endloop
  endfacet
  facet normal 0.125334 -0.992115 0
    outer loop
      vertex -0.768263 4.02738 0
      vertex -0.257441 4.09191 35
      vertex -0.768263 4.02738 35
    endloop
  endfacet
  facet normal 0.125334 -0.992115 0
    outer loop
      vertex -0.257441 4.09191 35
      vertex -0.768263 4.02738 0
      vertex -0.257441 4.09191 0
    endloop
  endfacet
  facet normal -0.998027 0.0627903 0
    outer loop
      vertex 4.06767 -0.513865 0
      vertex 4.1 0 35
      vertex 4.1 0 0
    endloop
  endfacet
  facet normal -0.998027 0.0627903 0
    outer loop
      vertex 4.1 0 35
      vertex 4.06767 -0.513865 0
      vertex 4.06767 -0.513865 35
    endloop
  endfacet
  facet normal 0.844327 0.535828 0
    outer loop
      vertex -3.31697 -2.40992 35
      vertex -3.59286 -1.97519 0
      vertex -3.59286 -1.97519 35
    endloop
  endfacet
  facet normal 0.844327 0.535828 0
    outer loop
      vertex -3.59286 -1.97519 0
      vertex -3.31697 -2.40992 35
      vertex -3.31697 -2.40992 0
    endloop
  endfacet
  facet normal 0.904827 0.425779 0
    outer loop
      vertex -3.59286 -1.97519 35
      vertex -3.81208 -1.50931 0
      vertex -3.81208 -1.50931 35
    endloop
  endfacet
  facet normal 0.904827 0.425779 0
    outer loop
      vertex -3.81208 -1.50931 0
      vertex -3.59286 -1.97519 35
      vertex -3.59286 -1.97519 0
    endloop
  endfacet
  facet normal -0.481753 0.876307 0
    outer loop
      vertex 2.19689 -3.46174 0
      vertex 1.74569 -3.70979 35
      vertex 2.19689 -3.46174 35
    endloop
  endfacet
  facet normal -0.481753 0.876307 0
    outer loop
      vertex 1.74569 -3.70979 35
      vertex 2.19689 -3.46174 0
      vertex 1.74569 -3.70979 0
    endloop
  endfacet
  facet normal -0.368125 0.929776 0
    outer loop
      vertex 1.74569 -3.70979 35
      vertex 1.26697 -3.89933 25.9726
      vertex 1.26697 -3.89933 35
    endloop
  endfacet
  facet normal -0.368123 0.929777 -1.00878e-07
    outer loop
      vertex 1.74569 -3.70979 35
      vertex 1.29443 -3.88846 25.9405
      vertex 1.26697 -3.89933 25.9726
    endloop
  endfacet
  facet normal -0.368125 0.929776 2.75974e-08
    outer loop
      vertex 1.74569 -3.70979 35
      vertex 1.42561 -3.83652 25.7264
      vertex 1.29443 -3.88846 25.9405
    endloop
  endfacet
  facet normal -0.368125 0.929776 1.36972e-08
    outer loop
      vertex 1.74569 -3.70979 35
      vertex 1.52169 -3.79848 25.4944
      vertex 1.42561 -3.83652 25.7264
    endloop
  endfacet
  facet normal -0.368122 0.929777 -5.85637e-08
    outer loop
      vertex 1.74569 -3.70979 35
      vertex 1.5803 -3.77527 25.2503
      vertex 1.52169 -3.79848 25.4944
    endloop
  endfacet
  facet normal -0.368128 0.929775 5.64893e-08
    outer loop
      vertex 1.74569 -3.70979 35
      vertex 1.6 -3.76747 25
      vertex 1.5803 -3.77527 25.2503
    endloop
  endfacet
  facet normal -0.368125 0.929776 0
    outer loop
      vertex 1.74569 -3.70979 0
      vertex 1.6 -3.76747 25
      vertex 1.74569 -3.70979 35
    endloop
  endfacet
  facet normal -0.368128 0.929775 -2.49325e-08
    outer loop
      vertex 1.74569 -3.70979 0
      vertex 1.5803 -3.77527 24.7497
      vertex 1.6 -3.76747 25
    endloop
  endfacet
  facet normal -0.368122 0.929777 2.40314e-08
    outer loop
      vertex 1.74569 -3.70979 0
      vertex 1.52169 -3.79848 24.5056
      vertex 1.5803 -3.77527 24.7497
    endloop
  endfacet
  facet normal -0.368125 0.929776 -5.49409e-09
    outer loop
      vertex 1.74569 -3.70979 0
      vertex 1.42561 -3.83652 24.2736
      vertex 1.52169 -3.79848 24.5056
    endloop
  endfacet
  facet normal -0.368125 0.929776 -1.09027e-08
    outer loop
      vertex 1.74569 -3.70979 0
      vertex 1.29443 -3.88846 24.0595
      vertex 1.42561 -3.83652 24.2736
    endloop
  endfacet
  facet normal -0.368123 0.929777 3.93367e-08
    outer loop
      vertex 1.74569 -3.70979 0
      vertex 1.26697 -3.89933 24.0274
      vertex 1.29443 -3.88846 24.0595
    endloop
  endfacet
  facet normal -0.368125 0.929776 0
    outer loop
      vertex 1.26697 -3.89933 24.0274
      vertex 1.74569 -3.70979 0
      vertex 1.26697 -3.89933 0
    endloop
  endfacet
  facet normal -0.587786 0.809016 0
    outer loop
      vertex 2.61344 -3.1591 0
      vertex 2.19689 -3.46174 35
      vertex 2.61344 -3.1591 35
    endloop
  endfacet
  facet normal -0.587786 0.809016 0
    outer loop
      vertex 2.19689 -3.46174 35
      vertex 2.61344 -3.1591 0
      vertex 2.19689 -3.46174 0
    endloop
  endfacet
  facet normal -0.684547 0.728969 0
    outer loop
      vertex 2.98877 -2.80664 0
      vertex 2.61344 -3.1591 35
      vertex 2.98877 -2.80664 35
    endloop
  endfacet
  facet normal -0.684547 0.728969 0
    outer loop
      vertex 2.61344 -3.1591 35
      vertex 2.98877 -2.80664 0
      vertex 2.61344 -3.1591 0
    endloop
  endfacet
  facet normal -0.904827 0.425779 0
    outer loop
      vertex 3.59286 -1.97519 0
      vertex 3.81208 -1.50931 35
      vertex 3.81208 -1.50931 0
    endloop
  endfacet
  facet normal -0.904827 0.425779 0
    outer loop
      vertex 3.81208 -1.50931 35
      vertex 3.59286 -1.97519 0
      vertex 3.59286 -1.97519 35
    endloop
  endfacet
  facet normal -0.481753 -0.876307 0
    outer loop
      vertex 1.74569 3.70979 0
      vertex 2.19689 3.46174 35
      vertex 1.74569 3.70979 35
    endloop
  endfacet
  facet normal -0.481753 -0.876307 -0
    outer loop
      vertex 2.19689 3.46174 35
      vertex 1.74569 3.70979 0
      vertex 2.19689 3.46174 0
    endloop
  endfacet
  facet normal 0.587786 0.809016 -0
    outer loop
      vertex -2.19689 -3.46174 0
      vertex -2.61344 -3.1591 35
      vertex -2.19689 -3.46174 35
    endloop
  endfacet
  facet normal 0.587786 0.809016 0
    outer loop
      vertex -2.61344 -3.1591 35
      vertex -2.19689 -3.46174 0
      vertex -2.61344 -3.1591 0
    endloop
  endfacet
  facet normal 0.951056 0.309017 0
    outer loop
      vertex -3.81208 -1.50931 35
      vertex -3.97119 -1.01963 0
      vertex -3.97119 -1.01963 35
    endloop
  endfacet
  facet normal 0.951056 0.309017 0
    outer loop
      vertex -3.97119 -1.01963 0
      vertex -3.81208 -1.50931 35
      vertex -3.81208 -1.50931 0
    endloop
  endfacet
  facet normal -0.248691 0.968583 0
    outer loop
      vertex 1.26697 -3.89933 0
      vertex 1.13137 -3.93415 23.8686
      vertex 1.26697 -3.89933 24.0274
    endloop
  endfacet
  facet normal -0.24869 0.968583 4.88819e-09
    outer loop
      vertex 1.26697 -3.89933 0
      vertex 0.940456 -3.98317 23.7056
      vertex 1.13137 -3.93415 23.8686
    endloop
  endfacet
  facet normal -0.24869 0.968583 -4.12309e-09
    outer loop
      vertex 1.26697 -3.89933 0
      vertex 0.768263 -4.02738 23.6001
      vertex 0.940456 -3.98317 23.7056
    endloop
  endfacet
  facet normal -0.24869 0.968583 0
    outer loop
      vertex 0.768263 -4.02738 23.6001
      vertex 1.26697 -3.89933 0
      vertex 0.768263 -4.02738 0
    endloop
  endfacet
  facet normal -0.24869 0.968583 0
    outer loop
      vertex 1.26697 -3.89933 35
      vertex 0.768263 -4.02738 26.3999
      vertex 0.768263 -4.02738 35
    endloop
  endfacet
  facet normal -0.24869 0.968583 1.10677e-08
    outer loop
      vertex 1.26697 -3.89933 35
      vertex 0.940456 -3.98317 26.2944
      vertex 0.768263 -4.02738 26.3999
    endloop
  endfacet
  facet normal -0.24869 0.968583 -1.30493e-08
    outer loop
      vertex 1.26697 -3.89933 35
      vertex 1.13137 -3.93415 26.1314
      vertex 0.940456 -3.98317 26.2944
    endloop
  endfacet
  facet normal -0.248691 0.968583 0
    outer loop
      vertex 1.13137 -3.93415 26.1314
      vertex 1.26697 -3.89933 35
      vertex 1.26697 -3.89933 25.9726
    endloop
  endfacet
  facet normal -0.770513 0.637424 0
    outer loop
      vertex 2.98877 -2.80664 0
      vertex 3.31697 -2.40992 35
      vertex 3.31697 -2.40992 0
    endloop
  endfacet
  facet normal -0.770513 0.637424 0
    outer loop
      vertex 3.31697 -2.40992 35
      vertex 2.98877 -2.80664 0
      vertex 2.98877 -2.80664 35
    endloop
  endfacet
  facet normal -0.951056 0.309017 0
    outer loop
      vertex 3.81208 -1.50931 0
      vertex 3.97119 -1.01963 35
      vertex 3.97119 -1.01963 0
    endloop
  endfacet
  facet normal -0.951056 0.309017 0
    outer loop
      vertex 3.97119 -1.01963 35
      vertex 3.81208 -1.50931 0
      vertex 3.81208 -1.50931 35
    endloop
  endfacet
  facet normal -0.982287 0.187381 0
    outer loop
      vertex 3.97119 -1.01963 0
      vertex 4.06767 -0.513865 35
      vertex 4.06767 -0.513865 0
    endloop
  endfacet
  facet normal -0.982287 0.187381 0
    outer loop
      vertex 4.06767 -0.513865 35
      vertex 3.97119 -1.01963 0
      vertex 3.97119 -1.01963 35
    endloop
  endfacet
  facet normal 0.125334 0.992115 0
    outer loop
      vertex -0.768263 -4.02738 0
      vertex -0.257441 -4.09191 23.4214
      vertex -0.257441 -4.09191 0
    endloop
  endfacet
  facet normal 0.125335 0.992115 -1.72685e-08
    outer loop
      vertex -0.257441 -4.09191 23.4214
      vertex -0.768263 -4.02738 0
      vertex -0.494427 -4.06197 23.4783
    endloop
  endfacet
  facet normal 0.125333 0.992115 -3.47423e-10
    outer loop
      vertex -0.494427 -4.06197 23.4783
      vertex -0.768263 -4.02738 0
      vertex -0.726384 -4.03267 23.5744
    endloop
  endfacet
  facet normal 0.125333 0.992115 0
    outer loop
      vertex -0.726384 -4.03267 23.5744
      vertex -0.768263 -4.02738 0
      vertex -0.768263 -4.02738 23.6001
    endloop
  endfacet
  facet normal 0.125334 0.992115 -0
    outer loop
      vertex -0.257441 -4.09191 26.5786
      vertex -0.768263 -4.02738 35
      vertex -0.257441 -4.09191 35
    endloop
  endfacet
  facet normal 0.125335 0.992115 4.75853e-08
    outer loop
      vertex -0.494427 -4.06197 26.5217
      vertex -0.768263 -4.02738 35
      vertex -0.257441 -4.09191 26.5786
    endloop
  endfacet
  facet normal 0.125333 0.992115 9.53976e-10
    outer loop
      vertex -0.726384 -4.03267 26.4256
      vertex -0.768263 -4.02738 35
      vertex -0.494427 -4.06197 26.5217
    endloop
  endfacet
  facet normal 0.125333 0.992115 0
    outer loop
      vertex -0.768263 -4.02738 35
      vertex -0.726384 -4.03267 26.4256
      vertex -0.768263 -4.02738 26.3999
    endloop
  endfacet
  facet normal 0.481753 0.876307 -0
    outer loop
      vertex -1.74569 -3.70979 0
      vertex -2.19689 -3.46174 35
      vertex -1.74569 -3.70979 35
    endloop
  endfacet
  facet normal 0.481753 0.876307 0
    outer loop
      vertex -2.19689 -3.46174 35
      vertex -1.74569 -3.70979 0
      vertex -2.19689 -3.46174 0
    endloop
  endfacet
  facet normal 0.684547 0.728969 -0
    outer loop
      vertex -2.61344 -3.1591 0
      vertex -2.98877 -2.80664 35
      vertex -2.61344 -3.1591 35
    endloop
  endfacet
  facet normal 0.684547 0.728969 0
    outer loop
      vertex -2.98877 -2.80664 35
      vertex -2.61344 -3.1591 0
      vertex -2.98877 -2.80664 0
    endloop
  endfacet
  facet normal 0.770513 0.637424 0
    outer loop
      vertex -2.98877 -2.80664 35
      vertex -3.31697 -2.40992 0
      vertex -3.31697 -2.40992 35
    endloop
  endfacet
  facet normal 0.770513 0.637424 0
    outer loop
      vertex -3.31697 -2.40992 0
      vertex -2.98877 -2.80664 35
      vertex -2.98877 -2.80664 0
    endloop
  endfacet
  facet normal 0.982287 0.187381 0
    outer loop
      vertex -3.97119 -1.01963 35
      vertex -4.06767 -0.513865 0
      vertex -4.06767 -0.513865 35
    endloop
  endfacet
  facet normal 0.982287 0.187381 0
    outer loop
      vertex -4.06767 -0.513865 0
      vertex -3.97119 -1.01963 35
      vertex -3.97119 -1.01963 0
    endloop
  endfacet
  facet normal 0.998027 0.0627903 0
    outer loop
      vertex -4.06767 -0.513865 35
      vertex -4.1 0 0
      vertex -4.1 0 35
    endloop
  endfacet
  facet normal 0.998027 0.0627903 0
    outer loop
      vertex -4.1 0 0
      vertex -4.06767 -0.513865 35
      vertex -4.06767 -0.513865 0
    endloop
  endfacet
  facet normal -0.844327 0.535828 0
    outer loop
      vertex 3.31697 -2.40992 0
      vertex 3.59286 -1.97519 35
      vertex 3.59286 -1.97519 0
    endloop
  endfacet
  facet normal -0.844327 0.535828 0
    outer loop
      vertex 3.59286 -1.97519 35
      vertex 3.31697 -2.40992 0
      vertex 3.31697 -2.40992 35
    endloop
  endfacet
  facet normal 0.24869 0.968583 0
    outer loop
      vertex -1.26697 -3.89933 0
      vertex -0.768263 -4.02738 23.6001
      vertex -0.768263 -4.02738 0
    endloop
  endfacet
  facet normal 0.24869 0.968583 -4.12309e-09
    outer loop
      vertex -0.768263 -4.02738 23.6001
      vertex -1.26697 -3.89933 0
      vertex -0.940456 -3.98317 23.7056
    endloop
  endfacet
  facet normal 0.24869 0.968583 4.88819e-09
    outer loop
      vertex -0.940456 -3.98317 23.7056
      vertex -1.26697 -3.89933 0
      vertex -1.13137 -3.93415 23.8686
    endloop
  endfacet
  facet normal 0.248691 0.968583 0
    outer loop
      vertex -1.13137 -3.93415 23.8686
      vertex -1.26697 -3.89933 0
      vertex -1.26697 -3.89933 24.0274
    endloop
  endfacet
  facet normal 0.24869 0.968583 -0
    outer loop
      vertex -0.768263 -4.02738 26.3999
      vertex -1.26697 -3.89933 35
      vertex -0.768263 -4.02738 35
    endloop
  endfacet
  facet normal 0.24869 0.968583 1.10677e-08
    outer loop
      vertex -0.940456 -3.98317 26.2944
      vertex -1.26697 -3.89933 35
      vertex -0.768263 -4.02738 26.3999
    endloop
  endfacet
  facet normal 0.24869 0.968583 -1.30493e-08
    outer loop
      vertex -1.13137 -3.93415 26.1314
      vertex -1.26697 -3.89933 35
      vertex -0.940456 -3.98317 26.2944
    endloop
  endfacet
  facet normal 0.248691 0.968583 0
    outer loop
      vertex -1.26697 -3.89933 35
      vertex -1.13137 -3.93415 26.1314
      vertex -1.26697 -3.89933 25.9726
    endloop
  endfacet
  facet normal 0.368125 0.929776 -0
    outer loop
      vertex -1.26697 -3.89933 25.9726
      vertex -1.74569 -3.70979 35
      vertex -1.26697 -3.89933 35
    endloop
  endfacet
  facet normal 0.368123 0.929777 -1.00878e-07
    outer loop
      vertex -1.29443 -3.88846 25.9405
      vertex -1.74569 -3.70979 35
      vertex -1.26697 -3.89933 25.9726
    endloop
  endfacet
  facet normal 0.368125 0.929776 2.75974e-08
    outer loop
      vertex -1.42561 -3.83652 25.7264
      vertex -1.74569 -3.70979 35
      vertex -1.29443 -3.88846 25.9405
    endloop
  endfacet
  facet normal 0.368125 0.929776 1.36972e-08
    outer loop
      vertex -1.52169 -3.79848 25.4944
      vertex -1.74569 -3.70979 35
      vertex -1.42561 -3.83652 25.7264
    endloop
  endfacet
  facet normal 0.368122 0.929777 -5.85637e-08
    outer loop
      vertex -1.5803 -3.77527 25.2503
      vertex -1.74569 -3.70979 35
      vertex -1.52169 -3.79848 25.4944
    endloop
  endfacet
  facet normal 0.368128 0.929775 5.64893e-08
    outer loop
      vertex -1.6 -3.76747 25
      vertex -1.74569 -3.70979 35
      vertex -1.5803 -3.77527 25.2503
    endloop
  endfacet
  facet normal 0.368125 0.929776 0
    outer loop
      vertex -1.74569 -3.70979 0
      vertex -1.26697 -3.89933 24.0274
      vertex -1.26697 -3.89933 0
    endloop
  endfacet
  facet normal 0.368123 0.929777 3.93367e-08
    outer loop
      vertex -1.26697 -3.89933 24.0274
      vertex -1.74569 -3.70979 0
      vertex -1.29443 -3.88846 24.0595
    endloop
  endfacet
  facet normal 0.368125 0.929776 -1.09027e-08
    outer loop
      vertex -1.29443 -3.88846 24.0595
      vertex -1.74569 -3.70979 0
      vertex -1.42561 -3.83652 24.2736
    endloop
  endfacet
  facet normal 0.368125 0.929776 -5.49409e-09
    outer loop
      vertex -1.42561 -3.83652 24.2736
      vertex -1.74569 -3.70979 0
      vertex -1.52169 -3.79848 24.5056
    endloop
  endfacet
  facet normal 0.368122 0.929777 2.40314e-08
    outer loop
      vertex -1.52169 -3.79848 24.5056
      vertex -1.74569 -3.70979 0
      vertex -1.5803 -3.77527 24.7497
    endloop
  endfacet
  facet normal 0.368128 0.929775 -2.49325e-08
    outer loop
      vertex -1.5803 -3.77527 24.7497
      vertex -1.74569 -3.70979 0
      vertex -1.6 -3.76747 25
    endloop
  endfacet
  facet normal 0.368125 0.929776 0
    outer loop
      vertex -1.6 -3.76747 25
      vertex -1.74569 -3.70979 0
      vertex -1.74569 -3.70979 35
    endloop
  endfacet
  facet normal -0.587783 -0.809019 0
    outer loop
      vertex 1.66106 32.6174 0
      vertex 1.97601 32.3886 23.2
      vertex 1.66106 32.6174 23.2
    endloop
  endfacet
  facet normal -0.587783 -0.809019 -0
    outer loop
      vertex 1.97601 32.3886 23.2
      vertex 1.66106 32.6174 0
      vertex 1.97601 32.3886 0
    endloop
  endfacet
  facet normal -0.587783 -0.809019 0
    outer loop
      vertex 1.66106 32.6174 26.8
      vertex 1.97601 32.3886 35
      vertex 1.66106 32.6174 35
    endloop
  endfacet
  facet normal -0.587783 -0.809019 -0
    outer loop
      vertex 1.97601 32.3886 35
      vertex 1.66106 32.6174 26.8
      vertex 1.97601 32.3886 26.8
    endloop
  endfacet
  facet normal 0.481752 -0.876308 0
    outer loop
      vertex -1.66106 32.6174 0
      vertex -1.31992 32.805 23.2
      vertex -1.66106 32.6174 23.2
    endloop
  endfacet
  facet normal 0.481752 -0.876308 0
    outer loop
      vertex -1.31992 32.805 23.2
      vertex -1.66106 32.6174 0
      vertex -1.31992 32.805 0
    endloop
  endfacet
  facet normal 0.481752 -0.876308 0
    outer loop
      vertex -1.66106 32.6174 26.8
      vertex -1.31992 32.805 35
      vertex -1.66106 32.6174 35
    endloop
  endfacet
  facet normal 0.481752 -0.876308 0
    outer loop
      vertex -1.31992 32.805 35
      vertex -1.66106 32.6174 26.8
      vertex -1.31992 32.805 26.8
    endloop
  endfacet
  facet normal 0.951057 -0.309016 0
    outer loop
      vertex -3.00261 30.7709 23.2
      vertex -2.88231 31.1412 0
      vertex -2.88231 31.1412 23.2
    endloop
  endfacet
  facet normal 0.951057 -0.309016 0
    outer loop
      vertex -2.88231 31.1412 0
      vertex -3.00261 30.7709 23.2
      vertex -3.00261 30.7709 0
    endloop
  endfacet
  facet normal 0.951057 -0.309016 0
    outer loop
      vertex -3.00261 30.7709 35
      vertex -2.88231 31.1412 26.8
      vertex -2.88231 31.1412 35
    endloop
  endfacet
  facet normal 0.951057 -0.309016 0
    outer loop
      vertex -2.88231 31.1412 26.8
      vertex -3.00261 30.7709 35
      vertex -3.00261 30.7709 26.8
    endloop
  endfacet
  facet normal -0.904826 -0.425782 0
    outer loop
      vertex 2.88231 31.1412 0
      vertex 2.71655 31.4934 23.2
      vertex 2.71655 31.4934 0
    endloop
  endfacet
  facet normal -0.904826 -0.425782 0
    outer loop
      vertex 2.71655 31.4934 23.2
      vertex 2.88231 31.1412 0
      vertex 2.88231 31.1412 23.2
    endloop
  endfacet
  facet normal -0.904826 -0.425782 0
    outer loop
      vertex 2.88231 31.1412 26.8
      vertex 2.71655 31.4934 35
      vertex 2.71655 31.4934 26.8
    endloop
  endfacet
  facet normal -0.904826 -0.425782 0
    outer loop
      vertex 2.71655 31.4934 35
      vertex 2.88231 31.1412 26.8
      vertex 2.88231 31.1412 35
    endloop
  endfacet
  facet normal -0.844329 -0.535826 0
    outer loop
      vertex 2.71655 31.4934 0
      vertex 2.50795 31.8221 23.2
      vertex 2.50795 31.8221 0
    endloop
  endfacet
  facet normal -0.844329 -0.535826 0
    outer loop
      vertex 2.50795 31.8221 23.2
      vertex 2.71655 31.4934 0
      vertex 2.71655 31.4934 23.2
    endloop
  endfacet
  facet normal -0.844329 -0.535826 0
    outer loop
      vertex 2.71655 31.4934 26.8
      vertex 2.50795 31.8221 35
      vertex 2.50795 31.8221 26.8
    endloop
  endfacet
  facet normal -0.844329 -0.535826 0
    outer loop
      vertex 2.50795 31.8221 35
      vertex 2.71655 31.4934 26.8
      vertex 2.71655 31.4934 35
    endloop
  endfacet
  facet normal -0.368123 -0.929777 0
    outer loop
      vertex 0.957952 32.9483 0
      vertex 1.31992 32.805 23.2
      vertex 0.957952 32.9483 23.2
    endloop
  endfacet
  facet normal -0.368123 -0.929777 -0
    outer loop
      vertex 1.31992 32.805 23.2
      vertex 0.957952 32.9483 0
      vertex 1.31992 32.805 0
    endloop
  endfacet
  facet normal -0.368123 -0.929777 0
    outer loop
      vertex 0.957952 32.9483 26.8
      vertex 1.31992 32.805 35
      vertex 0.957952 32.9483 35
    endloop
  endfacet
  facet normal -0.368123 -0.929777 -0
    outer loop
      vertex 1.31992 32.805 35
      vertex 0.957952 32.9483 26.8
      vertex 1.31992 32.805 26.8
    endloop
  endfacet
  facet normal 0 -1 0
    outer loop
      vertex -0.19465 33.0939 0
      vertex 0.19465 33.0939 23.2
      vertex -0.19465 33.0939 23.2
    endloop
  endfacet
  facet normal 0 -1 -0
    outer loop
      vertex 0.19465 33.0939 23.2
      vertex -0.19465 33.0939 0
      vertex 0.19465 33.0939 0
    endloop
  endfacet
  facet normal 0 -1 0
    outer loop
      vertex -0.19465 33.0939 26.8
      vertex 0.19465 33.0939 35
      vertex -0.19465 33.0939 35
    endloop
  endfacet
  facet normal 0 -1 -0
    outer loop
      vertex 0.19465 33.0939 35
      vertex -0.19465 33.0939 26.8
      vertex 0.19465 33.0939 26.8
    endloop
  endfacet
  facet normal 0.998027 0.0627907 0
    outer loop
      vertex -3.07555 29.6115 23.2
      vertex -3.1 30 0
      vertex -3.1 30 23.2
    endloop
  endfacet
  facet normal 0.998027 0.0627907 0
    outer loop
      vertex -3.1 30 0
      vertex -3.07555 29.6115 23.2
      vertex -3.07555 29.6115 0
    endloop
  endfacet
  facet normal 0.998027 0.0627907 0
    outer loop
      vertex -3.07555 29.6115 35
      vertex -3.1 30 26.8
      vertex -3.1 30 35
    endloop
  endfacet
  facet normal 0.998027 0.0627907 0
    outer loop
      vertex -3.1 30 26.8
      vertex -3.07555 29.6115 35
      vertex -3.07555 29.6115 26.8
    endloop
  endfacet
  facet normal 0.844329 -0.535826 0
    outer loop
      vertex -2.71655 31.4934 23.2
      vertex -2.50795 31.8221 0
      vertex -2.50795 31.8221 23.2
    endloop
  endfacet
  facet normal 0.844329 -0.535826 0
    outer loop
      vertex -2.50795 31.8221 0
      vertex -2.71655 31.4934 23.2
      vertex -2.71655 31.4934 0
    endloop
  endfacet
  facet normal 0.844329 -0.535826 0
    outer loop
      vertex -2.71655 31.4934 35
      vertex -2.50795 31.8221 26.8
      vertex -2.50795 31.8221 35
    endloop
  endfacet
  facet normal 0.844329 -0.535826 0
    outer loop
      vertex -2.50795 31.8221 26.8
      vertex -2.71655 31.4934 35
      vertex -2.71655 31.4934 26.8
    endloop
  endfacet
  facet normal 0.587783 -0.809019 0
    outer loop
      vertex -1.97601 32.3886 0
      vertex -1.66106 32.6174 23.2
      vertex -1.97601 32.3886 23.2
    endloop
  endfacet
  facet normal 0.587783 -0.809019 0
    outer loop
      vertex -1.66106 32.6174 23.2
      vertex -1.97601 32.3886 0
      vertex -1.66106 32.6174 0
    endloop
  endfacet
  facet normal 0.587783 -0.809019 0
    outer loop
      vertex -1.97601 32.3886 26.8
      vertex -1.66106 32.6174 35
      vertex -1.97601 32.3886 35
    endloop
  endfacet
  facet normal 0.587783 -0.809019 0
    outer loop
      vertex -1.66106 32.6174 35
      vertex -1.97601 32.3886 26.8
      vertex -1.66106 32.6174 26.8
    endloop
  endfacet
  facet normal 0.248694 -0.968582 0
    outer loop
      vertex -0.957952 32.9483 0
      vertex -0.580882 33.0451 23.2
      vertex -0.957952 32.9483 23.2
    endloop
  endfacet
  facet normal 0.248694 -0.968582 0
    outer loop
      vertex -0.580882 33.0451 23.2
      vertex -0.957952 32.9483 0
      vertex -0.580882 33.0451 0
    endloop
  endfacet
  facet normal 0.248694 -0.968582 0
    outer loop
      vertex -0.957952 32.9483 26.8
      vertex -0.580882 33.0451 35
      vertex -0.957952 32.9483 35
    endloop
  endfacet
  facet normal 0.248694 -0.968582 0
    outer loop
      vertex -0.580882 33.0451 35
      vertex -0.957952 32.9483 26.8
      vertex -0.580882 33.0451 26.8
    endloop
  endfacet
  facet normal -0.998027 -0.062791 0
    outer loop
      vertex 3.1 30 0
      vertex 3.07555 30.3885 23.2
      vertex 3.07555 30.3885 0
    endloop
  endfacet
  facet normal -0.998027 -0.062791 0
    outer loop
      vertex 3.07555 30.3885 23.2
      vertex 3.1 30 0
      vertex 3.1 30 23.2
    endloop
  endfacet
  facet normal -0.998027 -0.062791 0
    outer loop
      vertex 3.1 30 26.8
      vertex 3.07555 30.3885 35
      vertex 3.07555 30.3885 26.8
    endloop
  endfacet
  facet normal -0.998027 -0.062791 0
    outer loop
      vertex 3.07555 30.3885 35
      vertex 3.1 30 26.8
      vertex 3.1 30 35
    endloop
  endfacet
  facet normal -0.844329 0.535826 0
    outer loop
      vertex 2.50795 28.1779 0
      vertex 2.71655 28.5066 23.2
      vertex 2.71655 28.5066 0
    endloop
  endfacet
  facet normal -0.844329 0.535826 0
    outer loop
      vertex 2.71655 28.5066 23.2
      vertex 2.50795 28.1779 0
      vertex 2.50795 28.1779 23.2
    endloop
  endfacet
  facet normal -0.844329 0.535826 0
    outer loop
      vertex 2.50795 28.1779 26.8
      vertex 2.71655 28.5066 35
      vertex 2.71655 28.5066 26.8
    endloop
  endfacet
  facet normal -0.844329 0.535826 0
    outer loop
      vertex 2.71655 28.5066 35
      vertex 2.50795 28.1779 26.8
      vertex 2.50795 28.1779 35
    endloop
  endfacet
  facet normal -0.951057 0.309016 0
    outer loop
      vertex 2.88231 28.8588 0
      vertex 3.00261 29.2291 23.2
      vertex 3.00261 29.2291 0
    endloop
  endfacet
  facet normal -0.951057 0.309016 0
    outer loop
      vertex 3.00261 29.2291 23.2
      vertex 2.88231 28.8588 0
      vertex 2.88231 28.8588 23.2
    endloop
  endfacet
  facet normal -0.951057 0.309016 0
    outer loop
      vertex 2.88231 28.8588 26.8
      vertex 3.00261 29.2291 35
      vertex 3.00261 29.2291 26.8
    endloop
  endfacet
  facet normal -0.951057 0.309016 0
    outer loop
      vertex 3.00261 29.2291 35
      vertex 2.88231 28.8588 26.8
      vertex 2.88231 28.8588 35
    endloop
  endfacet
  facet normal -0.481755 0.876306 0
    outer loop
      vertex 1.66106 27.3826 0
      vertex 1.31992 27.195 23.2
      vertex 1.66106 27.3826 23.2
    endloop
  endfacet
  facet normal -0.481755 0.876306 0
    outer loop
      vertex 1.31992 27.195 23.2
      vertex 1.66106 27.3826 0
      vertex 1.31992 27.195 0
    endloop
  endfacet
  facet normal -0.481755 0.876306 0
    outer loop
      vertex 1.66106 27.3826 26.8
      vertex 1.31992 27.195 35
      vertex 1.66106 27.3826 35
    endloop
  endfacet
  facet normal -0.481755 0.876306 0
    outer loop
      vertex 1.31992 27.195 35
      vertex 1.66106 27.3826 26.8
      vertex 1.31992 27.195 26.8
    endloop
  endfacet
  facet normal -0.587783 0.809019 0
    outer loop
      vertex 1.97601 27.6114 0
      vertex 1.66106 27.3826 23.2
      vertex 1.97601 27.6114 23.2
    endloop
  endfacet
  facet normal -0.587783 0.809019 0
    outer loop
      vertex 1.66106 27.3826 23.2
      vertex 1.97601 27.6114 0
      vertex 1.66106 27.3826 0
    endloop
  endfacet
  facet normal -0.587783 0.809019 0
    outer loop
      vertex 1.97601 27.6114 26.8
      vertex 1.66106 27.3826 35
      vertex 1.97601 27.6114 35
    endloop
  endfacet
  facet normal -0.587783 0.809019 0
    outer loop
      vertex 1.66106 27.3826 35
      vertex 1.97601 27.6114 26.8
      vertex 1.66106 27.3826 26.8
    endloop
  endfacet
  facet normal 0 1 -0
    outer loop
      vertex 0.19465 26.9061 0
      vertex -0.19465 26.9061 23.2
      vertex 0.19465 26.9061 23.2
    endloop
  endfacet
  facet normal 0 1 0
    outer loop
      vertex -0.19465 26.9061 23.2
      vertex 0.19465 26.9061 0
      vertex -0.19465 26.9061 0
    endloop
  endfacet
  facet normal 0 1 -0
    outer loop
      vertex 0.19465 26.9061 26.8
      vertex -0.19465 26.9061 35
      vertex 0.19465 26.9061 35
    endloop
  endfacet
  facet normal 0 1 0
    outer loop
      vertex -0.19465 26.9061 35
      vertex 0.19465 26.9061 26.8
      vertex -0.19465 26.9061 26.8
    endloop
  endfacet
  facet normal 0.587783 0.809019 -0
    outer loop
      vertex -1.66106 27.3826 0
      vertex -1.97601 27.6114 23.2
      vertex -1.66106 27.3826 23.2
    endloop
  endfacet
  facet normal 0.587783 0.809019 0
    outer loop
      vertex -1.97601 27.6114 23.2
      vertex -1.66106 27.3826 0
      vertex -1.97601 27.6114 0
    endloop
  endfacet
  facet normal 0.587783 0.809019 -0
    outer loop
      vertex -1.66106 27.3826 26.8
      vertex -1.97601 27.6114 35
      vertex -1.66106 27.3826 35
    endloop
  endfacet
  facet normal 0.587783 0.809019 0
    outer loop
      vertex -1.97601 27.6114 35
      vertex -1.66106 27.3826 26.8
      vertex -1.97601 27.6114 26.8
    endloop
  endfacet
  facet normal 0.844329 0.535826 0
    outer loop
      vertex -2.50795 28.1779 23.2
      vertex -2.71655 28.5066 0
      vertex -2.71655 28.5066 23.2
    endloop
  endfacet
  facet normal 0.844329 0.535826 0
    outer loop
      vertex -2.71655 28.5066 0
      vertex -2.50795 28.1779 23.2
      vertex -2.50795 28.1779 0
    endloop
  endfacet
  facet normal 0.844329 0.535826 0
    outer loop
      vertex -2.50795 28.1779 35
      vertex -2.71655 28.5066 26.8
      vertex -2.71655 28.5066 35
    endloop
  endfacet
  facet normal 0.844329 0.535826 0
    outer loop
      vertex -2.71655 28.5066 26.8
      vertex -2.50795 28.1779 35
      vertex -2.50795 28.1779 26.8
    endloop
  endfacet
  facet normal 0.951057 0.309016 0
    outer loop
      vertex -2.88231 28.8588 23.2
      vertex -3.00261 29.2291 0
      vertex -3.00261 29.2291 23.2
    endloop
  endfacet
  facet normal 0.951057 0.309016 0
    outer loop
      vertex -3.00261 29.2291 0
      vertex -2.88231 28.8588 23.2
      vertex -2.88231 28.8588 0
    endloop
  endfacet
  facet normal 0.951057 0.309016 0
    outer loop
      vertex -2.88231 28.8588 35
      vertex -3.00261 29.2291 26.8
      vertex -3.00261 29.2291 35
    endloop
  endfacet
  facet normal 0.951057 0.309016 0
    outer loop
      vertex -3.00261 29.2291 26.8
      vertex -2.88231 28.8588 35
      vertex -2.88231 28.8588 26.8
    endloop
  endfacet
  facet normal -0.982287 -0.18738 0
    outer loop
      vertex 3.07555 30.3885 0
      vertex 3.00261 30.7709 23.2
      vertex 3.00261 30.7709 0
    endloop
  endfacet
  facet normal -0.982287 -0.18738 0
    outer loop
      vertex 3.00261 30.7709 23.2
      vertex 3.07555 30.3885 0
      vertex 3.07555 30.3885 23.2
    endloop
  endfacet
  facet normal -0.982287 -0.18738 0
    outer loop
      vertex 3.07555 30.3885 26.8
      vertex 3.00261 30.7709 35
      vertex 3.00261 30.7709 26.8
    endloop
  endfacet
  facet normal -0.982287 -0.18738 0
    outer loop
      vertex 3.00261 30.7709 35
      vertex 3.07555 30.3885 26.8
      vertex 3.07555 30.3885 35
    endloop
  endfacet
  facet normal -0.951057 -0.309016 0
    outer loop
      vertex 3.00261 30.7709 0
      vertex 2.88231 31.1412 23.2
      vertex 2.88231 31.1412 0
    endloop
  endfacet
  facet normal -0.951057 -0.309016 0
    outer loop
      vertex 2.88231 31.1412 23.2
      vertex 3.00261 30.7709 0
      vertex 3.00261 30.7709 23.2
    endloop
  endfacet
  facet normal -0.951057 -0.309016 0
    outer loop
      vertex 3.00261 30.7709 26.8
      vertex 2.88231 31.1412 35
      vertex 2.88231 31.1412 26.8
    endloop
  endfacet
  facet normal -0.951057 -0.309016 0
    outer loop
      vertex 2.88231 31.1412 35
      vertex 3.00261 30.7709 26.8
      vertex 3.00261 30.7709 35
    endloop
  endfacet
  facet normal -0.770511 -0.637427 0
    outer loop
      vertex 2.50795 31.8221 0
      vertex 2.2598 32.1221 23.2
      vertex 2.2598 32.1221 0
    endloop
  endfacet
  facet normal -0.770511 -0.637427 0
    outer loop
      vertex 2.2598 32.1221 23.2
      vertex 2.50795 31.8221 0
      vertex 2.50795 31.8221 23.2
    endloop
  endfacet
  facet normal -0.770511 -0.637427 0
    outer loop
      vertex 2.50795 31.8221 26.8
      vertex 2.2598 32.1221 35
      vertex 2.2598 32.1221 26.8
    endloop
  endfacet
  facet normal -0.770511 -0.637427 0
    outer loop
      vertex 2.2598 32.1221 35
      vertex 2.50795 31.8221 26.8
      vertex 2.50795 31.8221 35
    endloop
  endfacet
  facet normal -0.684553 -0.728963 0
    outer loop
      vertex 1.97601 32.3886 0
      vertex 2.2598 32.1221 23.2
      vertex 1.97601 32.3886 23.2
    endloop
  endfacet
  facet normal -0.684553 -0.728963 -0
    outer loop
      vertex 2.2598 32.1221 23.2
      vertex 1.97601 32.3886 0
      vertex 2.2598 32.1221 0
    endloop
  endfacet
  facet normal -0.684553 -0.728963 0
    outer loop
      vertex 1.97601 32.3886 26.8
      vertex 2.2598 32.1221 35
      vertex 1.97601 32.3886 35
    endloop
  endfacet
  facet normal -0.684553 -0.728963 -0
    outer loop
      vertex 2.2598 32.1221 35
      vertex 1.97601 32.3886 26.8
      vertex 2.2598 32.1221 26.8
    endloop
  endfacet
  facet normal -0.481752 -0.876308 0
    outer loop
      vertex 1.31992 32.805 0
      vertex 1.66106 32.6174 23.2
      vertex 1.31992 32.805 23.2
    endloop
  endfacet
  facet normal -0.481752 -0.876308 -0
    outer loop
      vertex 1.66106 32.6174 23.2
      vertex 1.31992 32.805 0
      vertex 1.66106 32.6174 0
    endloop
  endfacet
  facet normal -0.481752 -0.876308 0
    outer loop
      vertex 1.31992 32.805 26.8
      vertex 1.66106 32.6174 35
      vertex 1.31992 32.805 35
    endloop
  endfacet
  facet normal -0.481752 -0.876308 -0
    outer loop
      vertex 1.66106 32.6174 35
      vertex 1.31992 32.805 26.8
      vertex 1.66106 32.6174 26.8
    endloop
  endfacet
  facet normal -0.248694 -0.968582 0
    outer loop
      vertex 0.580882 33.0451 0
      vertex 0.957952 32.9483 23.2
      vertex 0.580882 33.0451 23.2
    endloop
  endfacet
  facet normal -0.248694 -0.968582 -0
    outer loop
      vertex 0.957952 32.9483 23.2
      vertex 0.580882 33.0451 0
      vertex 0.957952 32.9483 0
    endloop
  endfacet
  facet normal -0.248694 -0.968582 0
    outer loop
      vertex 0.580882 33.0451 26.8
      vertex 0.957952 32.9483 35
      vertex 0.580882 33.0451 35
    endloop
  endfacet
  facet normal -0.248694 -0.968582 -0
    outer loop
      vertex 0.957952 32.9483 35
      vertex 0.580882 33.0451 26.8
      vertex 0.957952 32.9483 26.8
    endloop
  endfacet
  facet normal -0.125337 -0.992114 0
    outer loop
      vertex 0.19465 33.0939 0
      vertex 0.580882 33.0451 23.2
      vertex 0.19465 33.0939 23.2
    endloop
  endfacet
  facet normal -0.125337 -0.992114 -0
    outer loop
      vertex 0.580882 33.0451 23.2
      vertex 0.19465 33.0939 0
      vertex 0.580882 33.0451 0
    endloop
  endfacet
  facet normal -0.125337 -0.992114 0
    outer loop
      vertex 0.19465 33.0939 26.8
      vertex 0.580882 33.0451 35
      vertex 0.19465 33.0939 35
    endloop
  endfacet
  facet normal -0.125337 -0.992114 -0
    outer loop
      vertex 0.580882 33.0451 35
      vertex 0.19465 33.0939 26.8
      vertex 0.580882 33.0451 26.8
    endloop
  endfacet
  facet normal 0.982287 -0.18738 0
    outer loop
      vertex -3.07555 30.3885 23.2
      vertex -3.00261 30.7709 0
      vertex -3.00261 30.7709 23.2
    endloop
  endfacet
  facet normal 0.982287 -0.18738 0
    outer loop
      vertex -3.00261 30.7709 0
      vertex -3.07555 30.3885 23.2
      vertex -3.07555 30.3885 0
    endloop
  endfacet
  facet normal 0.982287 -0.18738 0
    outer loop
      vertex -3.07555 30.3885 35
      vertex -3.00261 30.7709 26.8
      vertex -3.00261 30.7709 35
    endloop
  endfacet
  facet normal 0.982287 -0.18738 0
    outer loop
      vertex -3.00261 30.7709 26.8
      vertex -3.07555 30.3885 35
      vertex -3.07555 30.3885 26.8
    endloop
  endfacet
  facet normal 0.998027 -0.062791 0
    outer loop
      vertex -3.1 30 23.2
      vertex -3.07555 30.3885 0
      vertex -3.07555 30.3885 23.2
    endloop
  endfacet
  facet normal 0.998027 -0.062791 0
    outer loop
      vertex -3.07555 30.3885 0
      vertex -3.1 30 23.2
      vertex -3.1 30 0
    endloop
  endfacet
  facet normal 0.998027 -0.062791 0
    outer loop
      vertex -3.1 30 35
      vertex -3.07555 30.3885 26.8
      vertex -3.07555 30.3885 35
    endloop
  endfacet
  facet normal 0.998027 -0.062791 0
    outer loop
      vertex -3.07555 30.3885 26.8
      vertex -3.1 30 35
      vertex -3.1 30 26.8
    endloop
  endfacet
  facet normal 0.904826 -0.425782 0
    outer loop
      vertex -2.88231 31.1412 23.2
      vertex -2.71655 31.4934 0
      vertex -2.71655 31.4934 23.2
    endloop
  endfacet
  facet normal 0.904826 -0.425782 0
    outer loop
      vertex -2.71655 31.4934 0
      vertex -2.88231 31.1412 23.2
      vertex -2.88231 31.1412 0
    endloop
  endfacet
  facet normal 0.904826 -0.425782 0
    outer loop
      vertex -2.88231 31.1412 35
      vertex -2.71655 31.4934 26.8
      vertex -2.71655 31.4934 35
    endloop
  endfacet
  facet normal 0.904826 -0.425782 0
    outer loop
      vertex -2.71655 31.4934 26.8
      vertex -2.88231 31.1412 35
      vertex -2.88231 31.1412 26.8
    endloop
  endfacet
  facet normal 0.368123 -0.929777 0
    outer loop
      vertex -1.31992 32.805 0
      vertex -0.957952 32.9483 23.2
      vertex -1.31992 32.805 23.2
    endloop
  endfacet
  facet normal 0.368123 -0.929777 0
    outer loop
      vertex -0.957952 32.9483 23.2
      vertex -1.31992 32.805 0
      vertex -0.957952 32.9483 0
    endloop
  endfacet
  facet normal 0.368123 -0.929777 0
    outer loop
      vertex -1.31992 32.805 26.8
      vertex -0.957952 32.9483 35
      vertex -1.31992 32.805 35
    endloop
  endfacet
  facet normal 0.368123 -0.929777 0
    outer loop
      vertex -0.957952 32.9483 35
      vertex -1.31992 32.805 26.8
      vertex -0.957952 32.9483 26.8
    endloop
  endfacet
  facet normal 0.125337 -0.992114 0
    outer loop
      vertex -0.580882 33.0451 0
      vertex -0.19465 33.0939 23.2
      vertex -0.580882 33.0451 23.2
    endloop
  endfacet
  facet normal 0.125337 -0.992114 0
    outer loop
      vertex -0.19465 33.0939 23.2
      vertex -0.580882 33.0451 0
      vertex -0.19465 33.0939 0
    endloop
  endfacet
  facet normal 0.125337 -0.992114 0
    outer loop
      vertex -0.580882 33.0451 26.8
      vertex -0.19465 33.0939 35
      vertex -0.580882 33.0451 35
    endloop
  endfacet
  facet normal 0.125337 -0.992114 0
    outer loop
      vertex -0.19465 33.0939 35
      vertex -0.580882 33.0451 26.8
      vertex -0.19465 33.0939 26.8
    endloop
  endfacet
  facet normal 0.684553 -0.728963 0
    outer loop
      vertex -2.2598 32.1221 0
      vertex -1.97601 32.3886 23.2
      vertex -2.2598 32.1221 23.2
    endloop
  endfacet
  facet normal 0.684553 -0.728963 0
    outer loop
      vertex -1.97601 32.3886 23.2
      vertex -2.2598 32.1221 0
      vertex -1.97601 32.3886 0
    endloop
  endfacet
  facet normal 0.684553 -0.728963 0
    outer loop
      vertex -2.2598 32.1221 26.8
      vertex -1.97601 32.3886 35
      vertex -2.2598 32.1221 35
    endloop
  endfacet
  facet normal 0.684553 -0.728963 0
    outer loop
      vertex -1.97601 32.3886 35
      vertex -2.2598 32.1221 26.8
      vertex -1.97601 32.3886 26.8
    endloop
  endfacet
  facet normal 0.770511 -0.637427 0
    outer loop
      vertex -2.50795 31.8221 23.2
      vertex -2.2598 32.1221 0
      vertex -2.2598 32.1221 23.2
    endloop
  endfacet
  facet normal 0.770511 -0.637427 0
    outer loop
      vertex -2.2598 32.1221 0
      vertex -2.50795 31.8221 23.2
      vertex -2.50795 31.8221 0
    endloop
  endfacet
  facet normal 0.770511 -0.637427 0
    outer loop
      vertex -2.50795 31.8221 35
      vertex -2.2598 32.1221 26.8
      vertex -2.2598 32.1221 35
    endloop
  endfacet
  facet normal 0.770511 -0.637427 0
    outer loop
      vertex -2.2598 32.1221 26.8
      vertex -2.50795 31.8221 35
      vertex -2.50795 31.8221 26.8
    endloop
  endfacet
  facet normal -0.998027 0.0627907 0
    outer loop
      vertex 3.07555 29.6115 0
      vertex 3.1 30 23.2
      vertex 3.1 30 0
    endloop
  endfacet
  facet normal -0.998027 0.0627907 0
    outer loop
      vertex 3.1 30 23.2
      vertex 3.07555 29.6115 0
      vertex 3.07555 29.6115 23.2
    endloop
  endfacet
  facet normal -0.998027 0.0627907 0
    outer loop
      vertex 3.07555 29.6115 26.8
      vertex 3.1 30 35
      vertex 3.1 30 26.8
    endloop
  endfacet
  facet normal -0.998027 0.0627907 0
    outer loop
      vertex 3.1 30 35
      vertex 3.07555 29.6115 26.8
      vertex 3.07555 29.6115 35
    endloop
  endfacet
  facet normal -0.125337 0.992114 0
    outer loop
      vertex 0.580882 26.9549 0
      vertex 0.19465 26.9061 23.2
      vertex 0.580882 26.9549 23.2
    endloop
  endfacet
  facet normal -0.125337 0.992114 0
    outer loop
      vertex 0.19465 26.9061 23.2
      vertex 0.580882 26.9549 0
      vertex 0.19465 26.9061 0
    endloop
  endfacet
  facet normal -0.125337 0.992114 0
    outer loop
      vertex 0.580882 26.9549 26.8
      vertex 0.19465 26.9061 35
      vertex 0.580882 26.9549 35
    endloop
  endfacet
  facet normal -0.125337 0.992114 0
    outer loop
      vertex 0.19465 26.9061 35
      vertex 0.580882 26.9549 26.8
      vertex 0.19465 26.9061 26.8
    endloop
  endfacet
  facet normal -0.248685 0.968584 0
    outer loop
      vertex 0.957952 27.0517 0
      vertex 0.580882 26.9549 23.2
      vertex 0.957952 27.0517 23.2
    endloop
  endfacet
  facet normal -0.248685 0.968584 0
    outer loop
      vertex 0.580882 26.9549 23.2
      vertex 0.957952 27.0517 0
      vertex 0.580882 26.9549 0
    endloop
  endfacet
  facet normal -0.248685 0.968584 0
    outer loop
      vertex 0.957952 27.0517 26.8
      vertex 0.580882 26.9549 35
      vertex 0.957952 27.0517 35
    endloop
  endfacet
  facet normal -0.248685 0.968584 0
    outer loop
      vertex 0.580882 26.9549 35
      vertex 0.957952 27.0517 26.8
      vertex 0.580882 26.9549 26.8
    endloop
  endfacet
  facet normal -0.368127 0.929776 0
    outer loop
      vertex 1.31992 27.195 0
      vertex 0.957952 27.0517 23.2
      vertex 1.31992 27.195 23.2
    endloop
  endfacet
  facet normal -0.368127 0.929776 0
    outer loop
      vertex 0.957952 27.0517 23.2
      vertex 1.31992 27.195 0
      vertex 0.957952 27.0517 0
    endloop
  endfacet
  facet normal -0.368127 0.929776 0
    outer loop
      vertex 1.31992 27.195 26.8
      vertex 0.957952 27.0517 35
      vertex 1.31992 27.195 35
    endloop
  endfacet
  facet normal -0.368127 0.929776 0
    outer loop
      vertex 0.957952 27.0517 35
      vertex 1.31992 27.195 26.8
      vertex 0.957952 27.0517 26.8
    endloop
  endfacet
  facet normal -0.770513 0.637425 0
    outer loop
      vertex 2.2598 27.8779 0
      vertex 2.50795 28.1779 23.2
      vertex 2.50795 28.1779 0
    endloop
  endfacet
  facet normal -0.770513 0.637425 0
    outer loop
      vertex 2.50795 28.1779 23.2
      vertex 2.2598 27.8779 0
      vertex 2.2598 27.8779 23.2
    endloop
  endfacet
  facet normal -0.770513 0.637425 0
    outer loop
      vertex 2.2598 27.8779 26.8
      vertex 2.50795 28.1779 35
      vertex 2.50795 28.1779 26.8
    endloop
  endfacet
  facet normal -0.770513 0.637425 0
    outer loop
      vertex 2.50795 28.1779 35
      vertex 2.2598 27.8779 26.8
      vertex 2.2598 27.8779 35
    endloop
  endfacet
  facet normal -0.684548 0.728968 0
    outer loop
      vertex 2.2598 27.8779 0
      vertex 1.97601 27.6114 23.2
      vertex 2.2598 27.8779 23.2
    endloop
  endfacet
  facet normal -0.684548 0.728968 0
    outer loop
      vertex 1.97601 27.6114 23.2
      vertex 2.2598 27.8779 0
      vertex 1.97601 27.6114 0
    endloop
  endfacet
  facet normal -0.684548 0.728968 0
    outer loop
      vertex 2.2598 27.8779 26.8
      vertex 1.97601 27.6114 35
      vertex 2.2598 27.8779 35
    endloop
  endfacet
  facet normal -0.684548 0.728968 0
    outer loop
      vertex 1.97601 27.6114 35
      vertex 2.2598 27.8779 26.8
      vertex 1.97601 27.6114 26.8
    endloop
  endfacet
  facet normal 0.248685 0.968584 -0
    outer loop
      vertex -0.580882 26.9549 0
      vertex -0.957952 27.0517 23.2
      vertex -0.580882 26.9549 23.2
    endloop
  endfacet
  facet normal 0.248685 0.968584 0
    outer loop
      vertex -0.957952 27.0517 23.2
      vertex -0.580882 26.9549 0
      vertex -0.957952 27.0517 0
    endloop
  endfacet
  facet normal 0.248685 0.968584 -0
    outer loop
      vertex -0.580882 26.9549 26.8
      vertex -0.957952 27.0517 35
      vertex -0.580882 26.9549 35
    endloop
  endfacet
  facet normal 0.248685 0.968584 0
    outer loop
      vertex -0.957952 27.0517 35
      vertex -0.580882 26.9549 26.8
      vertex -0.957952 27.0517 26.8
    endloop
  endfacet
  facet normal 0.481755 0.876306 -0
    outer loop
      vertex -1.31992 27.195 0
      vertex -1.66106 27.3826 23.2
      vertex -1.31992 27.195 23.2
    endloop
  endfacet
  facet normal 0.481755 0.876306 0
    outer loop
      vertex -1.66106 27.3826 23.2
      vertex -1.31992 27.195 0
      vertex -1.66106 27.3826 0
    endloop
  endfacet
  facet normal 0.481755 0.876306 -0
    outer loop
      vertex -1.31992 27.195 26.8
      vertex -1.66106 27.3826 35
      vertex -1.31992 27.195 35
    endloop
  endfacet
  facet normal 0.481755 0.876306 0
    outer loop
      vertex -1.66106 27.3826 35
      vertex -1.31992 27.195 26.8
      vertex -1.66106 27.3826 26.8
    endloop
  endfacet
  facet normal 0.904827 0.42578 0
    outer loop
      vertex -2.71655 28.5066 23.2
      vertex -2.88231 28.8588 0
      vertex -2.88231 28.8588 23.2
    endloop
  endfacet
  facet normal 0.904827 0.42578 0
    outer loop
      vertex -2.88231 28.8588 0
      vertex -2.71655 28.5066 23.2
      vertex -2.71655 28.5066 0
    endloop
  endfacet
  facet normal 0.904827 0.42578 0
    outer loop
      vertex -2.71655 28.5066 35
      vertex -2.88231 28.8588 26.8
      vertex -2.88231 28.8588 35
    endloop
  endfacet
  facet normal 0.904827 0.42578 0
    outer loop
      vertex -2.88231 28.8588 26.8
      vertex -2.71655 28.5066 35
      vertex -2.71655 28.5066 26.8
    endloop
  endfacet
  facet normal 0.982287 0.187381 0
    outer loop
      vertex -3.00261 29.2291 23.2
      vertex -3.07555 29.6115 0
      vertex -3.07555 29.6115 23.2
    endloop
  endfacet
  facet normal 0.982287 0.187381 0
    outer loop
      vertex -3.07555 29.6115 0
      vertex -3.00261 29.2291 23.2
      vertex -3.00261 29.2291 0
    endloop
  endfacet
  facet normal 0.982287 0.187381 0
    outer loop
      vertex -3.00261 29.2291 35
      vertex -3.07555 29.6115 26.8
      vertex -3.07555 29.6115 35
    endloop
  endfacet
  facet normal 0.982287 0.187381 0
    outer loop
      vertex -3.07555 29.6115 26.8
      vertex -3.00261 29.2291 35
      vertex -3.00261 29.2291 26.8
    endloop
  endfacet
  facet normal 0.770513 0.637425 0
    outer loop
      vertex -2.2598 27.8779 23.2
      vertex -2.50795 28.1779 0
      vertex -2.50795 28.1779 23.2
    endloop
  endfacet
  facet normal 0.770513 0.637425 0
    outer loop
      vertex -2.50795 28.1779 0
      vertex -2.2598 27.8779 23.2
      vertex -2.2598 27.8779 0
    endloop
  endfacet
  facet normal 0.770513 0.637425 0
    outer loop
      vertex -2.2598 27.8779 35
      vertex -2.50795 28.1779 26.8
      vertex -2.50795 28.1779 35
    endloop
  endfacet
  facet normal 0.770513 0.637425 0
    outer loop
      vertex -2.50795 28.1779 26.8
      vertex -2.2598 27.8779 35
      vertex -2.2598 27.8779 26.8
    endloop
  endfacet
  facet normal 0.684548 0.728968 -0
    outer loop
      vertex -1.97601 27.6114 0
      vertex -2.2598 27.8779 23.2
      vertex -1.97601 27.6114 23.2
    endloop
  endfacet
  facet normal 0.684548 0.728968 0
    outer loop
      vertex -2.2598 27.8779 23.2
      vertex -1.97601 27.6114 0
      vertex -2.2598 27.8779 0
    endloop
  endfacet
  facet normal 0.684548 0.728968 -0
    outer loop
      vertex -1.97601 27.6114 26.8
      vertex -2.2598 27.8779 35
      vertex -1.97601 27.6114 35
    endloop
  endfacet
  facet normal 0.684548 0.728968 0
    outer loop
      vertex -2.2598 27.8779 35
      vertex -1.97601 27.6114 26.8
      vertex -2.2598 27.8779 26.8
    endloop
  endfacet
  facet normal -0.982287 0.187381 0
    outer loop
      vertex 3.00261 29.2291 0
      vertex 3.07555 29.6115 23.2
      vertex 3.07555 29.6115 0
    endloop
  endfacet
  facet normal -0.982287 0.187381 0
    outer loop
      vertex 3.07555 29.6115 23.2
      vertex 3.00261 29.2291 0
      vertex 3.00261 29.2291 23.2
    endloop
  endfacet
  facet normal -0.982287 0.187381 0
    outer loop
      vertex 3.00261 29.2291 26.8
      vertex 3.07555 29.6115 35
      vertex 3.07555 29.6115 26.8
    endloop
  endfacet
  facet normal -0.982287 0.187381 0
    outer loop
      vertex 3.07555 29.6115 35
      vertex 3.00261 29.2291 26.8
      vertex 3.00261 29.2291 35
    endloop
  endfacet
  facet normal -0.904827 0.42578 0
    outer loop
      vertex 2.71655 28.5066 0
      vertex 2.88231 28.8588 23.2
      vertex 2.88231 28.8588 0
    endloop
  endfacet
  facet normal -0.904827 0.42578 0
    outer loop
      vertex 2.88231 28.8588 23.2
      vertex 2.71655 28.5066 0
      vertex 2.71655 28.5066 23.2
    endloop
  endfacet
  facet normal -0.904827 0.42578 0
    outer loop
      vertex 2.71655 28.5066 26.8
      vertex 2.88231 28.8588 35
      vertex 2.88231 28.8588 26.8
    endloop
  endfacet
  facet normal -0.904827 0.42578 0
    outer loop
      vertex 2.88231 28.8588 35
      vertex 2.71655 28.5066 26.8
      vertex 2.71655 28.5066 35
    endloop
  endfacet
  facet normal 0.125337 0.992114 -0
    outer loop
      vertex -0.19465 26.9061 0
      vertex -0.580882 26.9549 23.2
      vertex -0.19465 26.9061 23.2
    endloop
  endfacet
  facet normal 0.125337 0.992114 0
    outer loop
      vertex -0.580882 26.9549 23.2
      vertex -0.19465 26.9061 0
      vertex -0.580882 26.9549 0
    endloop
  endfacet
  facet normal 0.125337 0.992114 -0
    outer loop
      vertex -0.19465 26.9061 26.8
      vertex -0.580882 26.9549 35
      vertex -0.19465 26.9061 35
    endloop
  endfacet
  facet normal 0.125337 0.992114 0
    outer loop
      vertex -0.580882 26.9549 35
      vertex -0.19465 26.9061 26.8
      vertex -0.580882 26.9549 26.8
    endloop
  endfacet
  facet normal 0.368127 0.929776 -0
    outer loop
      vertex -0.957952 27.0517 0
      vertex -1.31992 27.195 23.2
      vertex -0.957952 27.0517 23.2
    endloop
  endfacet
  facet normal 0.368127 0.929776 0
    outer loop
      vertex -1.31992 27.195 23.2
      vertex -0.957952 27.0517 0
      vertex -1.31992 27.195 0
    endloop
  endfacet
  facet normal 0.368127 0.929776 -0
    outer loop
      vertex -0.957952 27.0517 26.8
      vertex -1.31992 27.195 35
      vertex -0.957952 27.0517 35
    endloop
  endfacet
  facet normal 0.368127 0.929776 0
    outer loop
      vertex -1.31992 27.195 35
      vertex -0.957952 27.0517 26.8
      vertex -1.31992 27.195 26.8
    endloop
  endfacet
  facet normal -0.587788 -0.809015 0
    outer loop
      vertex 2.19689 63.4617 0
      vertex 2.61344 63.1591 35
      vertex 2.19689 63.4617 35
    endloop
  endfacet
  facet normal -0.587788 -0.809015 -0
    outer loop
      vertex 2.61344 63.1591 35
      vertex 2.19689 63.4617 0
      vertex 2.61344 63.1591 0
    endloop
  endfacet
  facet normal 0.982287 -0.187381 0
    outer loop
      vertex -4.06767 60.5139 35
      vertex -3.97119 61.0196 0
      vertex -3.97119 61.0196 35
    endloop
  endfacet
  facet normal 0.982287 -0.187381 0
    outer loop
      vertex -3.97119 61.0196 0
      vertex -4.06767 60.5139 35
      vertex -4.06767 60.5139 0
    endloop
  endfacet
  facet normal -0.982287 0.187381 0
    outer loop
      vertex 3.97119 58.9804 0
      vertex 4.06767 59.4861 35
      vertex 4.06767 59.4861 0
    endloop
  endfacet
  facet normal -0.982287 0.187381 0
    outer loop
      vertex 4.06767 59.4861 35
      vertex 3.97119 58.9804 0
      vertex 3.97119 58.9804 35
    endloop
  endfacet
  facet normal 0.368125 -0.929776 0
    outer loop
      vertex -1.74569 63.7098 35
      vertex -1.26697 63.8993 25.9726
      vertex -1.26697 63.8993 35
    endloop
  endfacet
  facet normal 0.368136 -0.929772 7.05311e-07
    outer loop
      vertex -1.74569 63.7098 35
      vertex -1.29443 63.8885 25.9405
      vertex -1.26697 63.8993 25.9726
    endloop
  endfacet
  facet normal 0.368114 -0.929781 -5.49904e-07
    outer loop
      vertex -1.74569 63.7098 35
      vertex -1.42561 63.8365 25.7264
      vertex -1.29443 63.8885 25.9405
    endloop
  endfacet
  facet normal 0.368118 -0.929779 -4.1273e-07
    outer loop
      vertex -1.74569 63.7098 35
      vertex -1.52169 63.7985 25.4944
      vertex -1.42561 63.8365 25.7264
    endloop
  endfacet
  facet normal 0.368162 -0.929762 7.84168e-07
    outer loop
      vertex -1.74569 63.7098 35
      vertex -1.5803 63.7753 25.2503
      vertex -1.52169 63.7985 25.4944
    endloop
  endfacet
  facet normal 0.368063 -0.929801 -1.14385e-06
    outer loop
      vertex -1.74569 63.7098 35
      vertex -1.6 63.7675 25
      vertex -1.5803 63.7753 25.2503
    endloop
  endfacet
  facet normal 0.368131 -0.929774 0
    outer loop
      vertex -1.74569 63.7098 0
      vertex -1.6 63.7675 25
      vertex -1.74569 63.7098 35
    endloop
  endfacet
  facet normal 0.368056 -0.929803 5.04858e-07
    outer loop
      vertex -1.74569 63.7098 0
      vertex -1.5803 63.7753 24.7497
      vertex -1.6 63.7675 25
    endloop
  endfacet
  facet normal 0.368163 -0.929761 -3.21779e-07
    outer loop
      vertex -1.74569 63.7098 0
      vertex -1.52169 63.7985 24.5056
      vertex -1.5803 63.7753 24.7497
    endloop
  endfacet
  facet normal 0.368117 -0.929779 1.6555e-07
    outer loop
      vertex -1.74569 63.7098 0
      vertex -1.42561 63.8365 24.2736
      vertex -1.52169 63.7985 24.5056
    endloop
  endfacet
  facet normal 0.368114 -0.929781 2.17247e-07
    outer loop
      vertex -1.74569 63.7098 0
      vertex -1.29443 63.8885 24.0595
      vertex -1.42561 63.8365 24.2736
    endloop
  endfacet
  facet normal 0.368137 -0.929772 -2.75032e-07
    outer loop
      vertex -1.74569 63.7098 0
      vertex -1.26697 63.8993 24.0274
      vertex -1.29443 63.8885 24.0595
    endloop
  endfacet
  facet normal 0.368125 -0.929776 0
    outer loop
      vertex -1.26697 63.8993 24.0274
      vertex -1.74569 63.7098 0
      vertex -1.26697 63.8993 0
    endloop
  endfacet
  facet normal 0.951056 -0.309019 0
    outer loop
      vertex -3.97119 61.0196 35
      vertex -3.81208 61.5093 0
      vertex -3.81208 61.5093 35
    endloop
  endfacet
  facet normal 0.951056 -0.309019 0
    outer loop
      vertex -3.81208 61.5093 0
      vertex -3.97119 61.0196 35
      vertex -3.97119 61.0196 0
    endloop
  endfacet
  facet normal -0.998027 0.0627902 0
    outer loop
      vertex 4.06767 59.4861 0
      vertex 4.1 60 35
      vertex 4.1 60 0
    endloop
  endfacet
  facet normal -0.998027 0.0627902 0
    outer loop
      vertex 4.1 60 35
      vertex 4.06767 59.4861 0
      vertex 4.06767 59.4861 35
    endloop
  endfacet
  facet normal -0.904828 -0.425777 0
    outer loop
      vertex 3.81208 61.5093 0
      vertex 3.59286 61.9752 35
      vertex 3.59286 61.9752 0
    endloop
  endfacet
  facet normal -0.904828 -0.425777 0
    outer loop
      vertex 3.59286 61.9752 35
      vertex 3.81208 61.5093 0
      vertex 3.81208 61.5093 35
    endloop
  endfacet
  facet normal -0.982287 -0.187381 0
    outer loop
      vertex 4.06767 60.5139 0
      vertex 3.97119 61.0196 35
      vertex 3.97119 61.0196 0
    endloop
  endfacet
  facet normal -0.982287 -0.187381 0
    outer loop
      vertex 3.97119 61.0196 35
      vertex 4.06767 60.5139 0
      vertex 4.06767 60.5139 35
    endloop
  endfacet
  facet normal -0.844328 -0.535827 0
    outer loop
      vertex 3.59286 61.9752 0
      vertex 3.31697 62.4099 35
      vertex 3.31697 62.4099 0
    endloop
  endfacet
  facet normal -0.844328 -0.535827 0
    outer loop
      vertex 3.31697 62.4099 35
      vertex 3.59286 61.9752 0
      vertex 3.59286 61.9752 35
    endloop
  endfacet
  facet normal -0.684549 -0.728967 0
    outer loop
      vertex 2.61344 63.1591 0
      vertex 2.98877 62.8066 35
      vertex 2.61344 63.1591 35
    endloop
  endfacet
  facet normal -0.684549 -0.728967 -0
    outer loop
      vertex 2.98877 62.8066 35
      vertex 2.61344 63.1591 0
      vertex 2.98877 62.8066 0
    endloop
  endfacet
  facet normal -0.368125 -0.929776 0
    outer loop
      vertex 1.26697 63.8993 25.9726
      vertex 1.74569 63.7098 35
      vertex 1.26697 63.8993 35
    endloop
  endfacet
  facet normal -0.368136 -0.929772 7.05311e-07
    outer loop
      vertex 1.29443 63.8885 25.9405
      vertex 1.74569 63.7098 35
      vertex 1.26697 63.8993 25.9726
    endloop
  endfacet
  facet normal -0.368114 -0.929781 -5.49904e-07
    outer loop
      vertex 1.42561 63.8365 25.7264
      vertex 1.74569 63.7098 35
      vertex 1.29443 63.8885 25.9405
    endloop
  endfacet
  facet normal -0.368118 -0.929779 -4.1273e-07
    outer loop
      vertex 1.52169 63.7985 25.4944
      vertex 1.74569 63.7098 35
      vertex 1.42561 63.8365 25.7264
    endloop
  endfacet
  facet normal -0.368162 -0.929762 7.84168e-07
    outer loop
      vertex 1.5803 63.7753 25.2503
      vertex 1.74569 63.7098 35
      vertex 1.52169 63.7985 25.4944
    endloop
  endfacet
  facet normal -0.368063 -0.929801 -1.14385e-06
    outer loop
      vertex 1.6 63.7675 25
      vertex 1.74569 63.7098 35
      vertex 1.5803 63.7753 25.2503
    endloop
  endfacet
  facet normal -0.368125 -0.929776 0
    outer loop
      vertex 1.74569 63.7098 0
      vertex 1.26697 63.8993 24.0274
      vertex 1.26697 63.8993 0
    endloop
  endfacet
  facet normal -0.368137 -0.929772 -2.75032e-07
    outer loop
      vertex 1.26697 63.8993 24.0274
      vertex 1.74569 63.7098 0
      vertex 1.29443 63.8885 24.0595
    endloop
  endfacet
  facet normal -0.368114 -0.929781 2.17247e-07
    outer loop
      vertex 1.29443 63.8885 24.0595
      vertex 1.74569 63.7098 0
      vertex 1.42561 63.8365 24.2736
    endloop
  endfacet
  facet normal -0.368117 -0.929779 1.6555e-07
    outer loop
      vertex 1.42561 63.8365 24.2736
      vertex 1.74569 63.7098 0
      vertex 1.52169 63.7985 24.5056
    endloop
  endfacet
  facet normal -0.368163 -0.929761 -3.21779e-07
    outer loop
      vertex 1.52169 63.7985 24.5056
      vertex 1.74569 63.7098 0
      vertex 1.5803 63.7753 24.7497
    endloop
  endfacet
  facet normal -0.368056 -0.929803 5.04858e-07
    outer loop
      vertex 1.5803 63.7753 24.7497
      vertex 1.74569 63.7098 0
      vertex 1.6 63.7675 25
    endloop
  endfacet
  facet normal -0.368131 -0.929774 0
    outer loop
      vertex 1.6 63.7675 25
      vertex 1.74569 63.7098 0
      vertex 1.74569 63.7098 35
    endloop
  endfacet
  facet normal 0 -1 -0
    outer loop
      vertex -0.250295 64.0919 23.4197
      vertex -0.257441 64.0919 0
      vertex 0 64.0919 23.4
    endloop
  endfacet
  facet normal 0 -1 0
    outer loop
      vertex -0.257441 64.0919 0
      vertex -0.250295 64.0919 23.4197
      vertex -0.257441 64.0919 23.4214
    endloop
  endfacet
  facet normal 0 -1 0
    outer loop
      vertex 0.257441 64.0919 0
      vertex 0 64.0919 23.4
      vertex -0.257441 64.0919 0
    endloop
  endfacet
  facet normal 0 -1 0
    outer loop
      vertex 0 64.0919 23.4
      vertex 0.257441 64.0919 0
      vertex 0.250295 64.0919 23.4197
    endloop
  endfacet
  facet normal 0 -1 0
    outer loop
      vertex 0.250295 64.0919 23.4197
      vertex 0.257441 64.0919 0
      vertex 0.257441 64.0919 23.4214
    endloop
  endfacet
  facet normal 0 -1 0
    outer loop
      vertex -0.257441 64.0919 35
      vertex 0 64.0919 26.6
      vertex 0.257441 64.0919 35
    endloop
  endfacet
  facet normal 0 -1 0
    outer loop
      vertex -0.257441 64.0919 35
      vertex -0.250295 64.0919 26.5803
      vertex 0 64.0919 26.6
    endloop
  endfacet
  facet normal -0 -1 0
    outer loop
      vertex -0.250295 64.0919 26.5803
      vertex -0.257441 64.0919 35
      vertex -0.257441 64.0919 26.5786
    endloop
  endfacet
  facet normal 0 -1 0
    outer loop
      vertex 0.250295 64.0919 26.5803
      vertex 0.257441 64.0919 35
      vertex 0 64.0919 26.6
    endloop
  endfacet
  facet normal 0 -1 -0
    outer loop
      vertex 0.257441 64.0919 35
      vertex 0.250295 64.0919 26.5803
      vertex 0.257441 64.0919 26.5786
    endloop
  endfacet
  facet normal 0.770511 -0.637427 0
    outer loop
      vertex -3.31697 62.4099 35
      vertex -2.98877 62.8066 0
      vertex -2.98877 62.8066 35
    endloop
  endfacet
  facet normal 0.770511 -0.637427 0
    outer loop
      vertex -2.98877 62.8066 0
      vertex -3.31697 62.4099 35
      vertex -3.31697 62.4099 0
    endloop
  endfacet
  facet normal 0.481749 -0.876309 0
    outer loop
      vertex -2.19689 63.4617 0
      vertex -1.74569 63.7098 35
      vertex -2.19689 63.4617 35
    endloop
  endfacet
  facet normal 0.481749 -0.876309 0
    outer loop
      vertex -1.74569 63.7098 35
      vertex -2.19689 63.4617 0
      vertex -1.74569 63.7098 0
    endloop
  endfacet
  facet normal 0.248697 -0.968581 0
    outer loop
      vertex -1.26697 63.8993 0
      vertex -1.13137 63.9341 23.8686
      vertex -1.26697 63.8993 24.0274
    endloop
  endfacet
  facet normal 0.248692 -0.968583 2.97241e-08
    outer loop
      vertex -1.26697 63.8993 0
      vertex -0.940456 63.9832 23.7056
      vertex -1.13137 63.9341 23.8686
    endloop
  endfacet
  facet normal 0.248673 -0.968588 3.10279e-07
    outer loop
      vertex -1.26697 63.8993 0
      vertex -0.768263 64.0274 23.6001
      vertex -0.940456 63.9832 23.7056
    endloop
  endfacet
  facet normal 0.248687 -0.968584 0
    outer loop
      vertex -0.768263 64.0274 23.6001
      vertex -1.26697 63.8993 0
      vertex -0.768263 64.0274 0
    endloop
  endfacet
  facet normal 0.248687 -0.968584 0
    outer loop
      vertex -1.26697 63.8993 35
      vertex -0.768263 64.0274 26.3999
      vertex -0.768263 64.0274 35
    endloop
  endfacet
  facet normal 0.248673 -0.968587 -8.32889e-07
    outer loop
      vertex -1.26697 63.8993 35
      vertex -0.940456 63.9832 26.2944
      vertex -0.768263 64.0274 26.3999
    endloop
  endfacet
  facet normal 0.248692 -0.968583 -7.93501e-08
    outer loop
      vertex -1.26697 63.8993 35
      vertex -1.13137 63.9341 26.1314
      vertex -0.940456 63.9832 26.2944
    endloop
  endfacet
  facet normal 0.248697 -0.968581 0
    outer loop
      vertex -1.13137 63.9341 26.1314
      vertex -1.26697 63.8993 35
      vertex -1.26697 63.8993 25.9726
    endloop
  endfacet
  facet normal -0.951056 0.309017 0
    outer loop
      vertex 3.81208 58.4907 0
      vertex 3.97119 58.9804 35
      vertex 3.97119 58.9804 0
    endloop
  endfacet
  facet normal -0.951056 0.309017 0
    outer loop
      vertex 3.97119 58.9804 35
      vertex 3.81208 58.4907 0
      vertex 3.81208 58.4907 35
    endloop
  endfacet
  facet normal -0.368118 0.929779 0
    outer loop
      vertex 1.74569 56.2902 0
      vertex 1.26697 56.1007 35
      vertex 1.74569 56.2902 35
    endloop
  endfacet
  facet normal -0.368118 0.929779 0
    outer loop
      vertex 1.26697 56.1007 35
      vertex 1.74569 56.2902 0
      vertex 1.26697 56.1007 0
    endloop
  endfacet
  facet normal -0.481754 0.876306 0
    outer loop
      vertex 2.19689 56.5383 0
      vertex 1.74569 56.2902 35
      vertex 2.19689 56.5383 35
    endloop
  endfacet
  facet normal -0.481754 0.876306 0
    outer loop
      vertex 1.74569 56.2902 35
      vertex 2.19689 56.5383 0
      vertex 1.74569 56.2902 0
    endloop
  endfacet
  facet normal 0 1 -0
    outer loop
      vertex 0.257441 55.9081 0
      vertex -0.257441 55.9081 35
      vertex 0.257441 55.9081 35
    endloop
  endfacet
  facet normal 0 1 0
    outer loop
      vertex -0.257441 55.9081 35
      vertex 0.257441 55.9081 0
      vertex -0.257441 55.9081 0
    endloop
  endfacet
  facet normal 0.587788 0.809015 -0
    outer loop
      vertex -2.19689 56.5383 0
      vertex -2.61344 56.8409 35
      vertex -2.19689 56.5383 35
    endloop
  endfacet
  facet normal 0.587788 0.809015 0
    outer loop
      vertex -2.61344 56.8409 35
      vertex -2.19689 56.5383 0
      vertex -2.61344 56.8409 0
    endloop
  endfacet
  facet normal 0.982287 0.187381 0
    outer loop
      vertex -3.97119 58.9804 35
      vertex -4.06767 59.4861 0
      vertex -4.06767 59.4861 35
    endloop
  endfacet
  facet normal 0.982287 0.187381 0
    outer loop
      vertex -4.06767 59.4861 0
      vertex -3.97119 58.9804 35
      vertex -3.97119 58.9804 0
    endloop
  endfacet
  facet normal -0.951056 -0.309019 0
    outer loop
      vertex 3.97119 61.0196 0
      vertex 3.81208 61.5093 35
      vertex 3.81208 61.5093 0
    endloop
  endfacet
  facet normal -0.951056 -0.309019 0
    outer loop
      vertex 3.81208 61.5093 35
      vertex 3.97119 61.0196 0
      vertex 3.97119 61.0196 35
    endloop
  endfacet
  facet normal -0.770511 -0.637427 0
    outer loop
      vertex 3.31697 62.4099 0
      vertex 2.98877 62.8066 35
      vertex 2.98877 62.8066 0
    endloop
  endfacet
  facet normal -0.770511 -0.637427 0
    outer loop
      vertex 2.98877 62.8066 35
      vertex 3.31697 62.4099 0
      vertex 3.31697 62.4099 35
    endloop
  endfacet
  facet normal -0.481749 -0.876309 0
    outer loop
      vertex 1.74569 63.7098 0
      vertex 2.19689 63.4617 35
      vertex 1.74569 63.7098 35
    endloop
  endfacet
  facet normal -0.481749 -0.876309 -0
    outer loop
      vertex 2.19689 63.4617 35
      vertex 1.74569 63.7098 0
      vertex 2.19689 63.4617 0
    endloop
  endfacet
  facet normal -0.248687 -0.968584 0
    outer loop
      vertex 1.26697 63.8993 0
      vertex 0.768263 64.0274 23.6001
      vertex 0.768263 64.0274 0
    endloop
  endfacet
  facet normal -0.248673 -0.968588 3.10279e-07
    outer loop
      vertex 0.768263 64.0274 23.6001
      vertex 1.26697 63.8993 0
      vertex 0.940456 63.9832 23.7056
    endloop
  endfacet
  facet normal -0.248692 -0.968583 2.97241e-08
    outer loop
      vertex 0.940456 63.9832 23.7056
      vertex 1.26697 63.8993 0
      vertex 1.13137 63.9341 23.8686
    endloop
  endfacet
  facet normal -0.248697 -0.968581 0
    outer loop
      vertex 1.13137 63.9341 23.8686
      vertex 1.26697 63.8993 0
      vertex 1.26697 63.8993 24.0274
    endloop
  endfacet
  facet normal -0.248687 -0.968584 0
    outer loop
      vertex 0.768263 64.0274 26.3999
      vertex 1.26697 63.8993 35
      vertex 0.768263 64.0274 35
    endloop
  endfacet
  facet normal -0.248673 -0.968587 -8.32889e-07
    outer loop
      vertex 0.940456 63.9832 26.2944
      vertex 1.26697 63.8993 35
      vertex 0.768263 64.0274 26.3999
    endloop
  endfacet
  facet normal -0.248692 -0.968583 -7.93501e-08
    outer loop
      vertex 1.13137 63.9341 26.1314
      vertex 1.26697 63.8993 35
      vertex 0.940456 63.9832 26.2944
    endloop
  endfacet
  facet normal -0.248697 -0.968581 -0
    outer loop
      vertex 1.26697 63.8993 35
      vertex 1.13137 63.9341 26.1314
      vertex 1.26697 63.8993 25.9726
    endloop
  endfacet
  facet normal -0.125343 -0.992113 0
    outer loop
      vertex 0.768263 64.0274 0
      vertex 0.257441 64.0919 23.4214
      vertex 0.257441 64.0919 0
    endloop
  endfacet
  facet normal -0.125331 -0.992115 2.70286e-07
    outer loop
      vertex 0.257441 64.0919 23.4214
      vertex 0.768263 64.0274 0
      vertex 0.494427 64.062 23.4783
    endloop
  endfacet
  facet normal -0.125339 -0.992114 1.69265e-07
    outer loop
      vertex 0.494427 64.062 23.4783
      vertex 0.768263 64.0274 0
      vertex 0.726384 64.0327 23.5744
    endloop
  endfacet
  facet normal -0.125433 -0.992102 0
    outer loop
      vertex 0.726384 64.0327 23.5744
      vertex 0.768263 64.0274 0
      vertex 0.768263 64.0274 23.6001
    endloop
  endfacet
  facet normal -0.125343 -0.992113 0
    outer loop
      vertex 0.257441 64.0919 26.5786
      vertex 0.768263 64.0274 35
      vertex 0.257441 64.0919 35
    endloop
  endfacet
  facet normal -0.125331 -0.992115 -7.44802e-07
    outer loop
      vertex 0.494427 64.062 26.5217
      vertex 0.768263 64.0274 35
      vertex 0.257441 64.0919 26.5786
    endloop
  endfacet
  facet normal -0.12534 -0.992114 -4.64779e-07
    outer loop
      vertex 0.726384 64.0327 26.4256
      vertex 0.768263 64.0274 35
      vertex 0.494427 64.062 26.5217
    endloop
  endfacet
  facet normal -0.125433 -0.992102 -0
    outer loop
      vertex 0.768263 64.0274 35
      vertex 0.726384 64.0327 26.4256
      vertex 0.768263 64.0274 26.3999
    endloop
  endfacet
  facet normal 0.998027 0.0627902 0
    outer loop
      vertex -4.06767 59.4861 35
      vertex -4.1 60 0
      vertex -4.1 60 35
    endloop
  endfacet
  facet normal 0.998027 0.0627902 0
    outer loop
      vertex -4.1 60 0
      vertex -4.06767 59.4861 35
      vertex -4.06767 59.4861 0
    endloop
  endfacet
  facet normal 0.904828 -0.425777 0
    outer loop
      vertex -3.81208 61.5093 35
      vertex -3.59286 61.9752 0
      vertex -3.59286 61.9752 35
    endloop
  endfacet
  facet normal 0.904828 -0.425777 0
    outer loop
      vertex -3.59286 61.9752 0
      vertex -3.81208 61.5093 35
      vertex -3.81208 61.5093 0
    endloop
  endfacet
  facet normal 0.844328 -0.535827 0
    outer loop
      vertex -3.59286 61.9752 35
      vertex -3.31697 62.4099 0
      vertex -3.31697 62.4099 35
    endloop
  endfacet
  facet normal 0.844328 -0.535827 0
    outer loop
      vertex -3.31697 62.4099 0
      vertex -3.59286 61.9752 35
      vertex -3.59286 61.9752 0
    endloop
  endfacet
  facet normal 0.125433 -0.992102 0
    outer loop
      vertex -0.768263 64.0274 0
      vertex -0.726384 64.0327 23.5744
      vertex -0.768263 64.0274 23.6001
    endloop
  endfacet
  facet normal 0.125339 -0.992114 1.69265e-07
    outer loop
      vertex -0.768263 64.0274 0
      vertex -0.494427 64.062 23.4783
      vertex -0.726384 64.0327 23.5744
    endloop
  endfacet
  facet normal 0.125331 -0.992115 2.70286e-07
    outer loop
      vertex -0.768263 64.0274 0
      vertex -0.257441 64.0919 23.4214
      vertex -0.494427 64.062 23.4783
    endloop
  endfacet
  facet normal 0.125343 -0.992113 0
    outer loop
      vertex -0.257441 64.0919 23.4214
      vertex -0.768263 64.0274 0
      vertex -0.257441 64.0919 0
    endloop
  endfacet
  facet normal 0.125343 -0.992113 0
    outer loop
      vertex -0.768263 64.0274 35
      vertex -0.257441 64.0919 26.5786
      vertex -0.257441 64.0919 35
    endloop
  endfacet
  facet normal 0.125331 -0.992115 -7.44802e-07
    outer loop
      vertex -0.768263 64.0274 35
      vertex -0.494427 64.062 26.5217
      vertex -0.257441 64.0919 26.5786
    endloop
  endfacet
  facet normal 0.12534 -0.992114 -4.64779e-07
    outer loop
      vertex -0.768263 64.0274 35
      vertex -0.726384 64.0327 26.4256
      vertex -0.494427 64.062 26.5217
    endloop
  endfacet
  facet normal 0.125433 -0.992102 0
    outer loop
      vertex -0.726384 64.0327 26.4256
      vertex -0.768263 64.0274 35
      vertex -0.768263 64.0274 26.3999
    endloop
  endfacet
  facet normal 0.587788 -0.809015 0
    outer loop
      vertex -2.61344 63.1591 0
      vertex -2.19689 63.4617 35
      vertex -2.61344 63.1591 35
    endloop
  endfacet
  facet normal 0.587788 -0.809015 0
    outer loop
      vertex -2.19689 63.4617 35
      vertex -2.61344 63.1591 0
      vertex -2.19689 63.4617 0
    endloop
  endfacet
  facet normal 0.684549 -0.728967 0
    outer loop
      vertex -2.98877 62.8066 0
      vertex -2.61344 63.1591 35
      vertex -2.98877 62.8066 35
    endloop
  endfacet
  facet normal 0.684549 -0.728967 0
    outer loop
      vertex -2.61344 63.1591 35
      vertex -2.98877 62.8066 0
      vertex -2.61344 63.1591 0
    endloop
  endfacet
  facet normal -0.998027 -0.0627902 0
    outer loop
      vertex 4.1 60 0
      vertex 4.06767 60.5139 35
      vertex 4.06767 60.5139 0
    endloop
  endfacet
  facet normal -0.998027 -0.0627902 0
    outer loop
      vertex 4.06767 60.5139 35
      vertex 4.1 60 0
      vertex 4.1 60 35
    endloop
  endfacet
  facet normal -0.125336 0.992114 0
    outer loop
      vertex 0.768263 55.9726 0
      vertex 0.257441 55.9081 35
      vertex 0.768263 55.9726 35
    endloop
  endfacet
  facet normal -0.125336 0.992114 0
    outer loop
      vertex 0.257441 55.9081 35
      vertex 0.768263 55.9726 0
      vertex 0.257441 55.9081 0
    endloop
  endfacet
  facet normal -0.770514 0.637423 0
    outer loop
      vertex 2.98877 57.1934 0
      vertex 3.31697 57.5901 35
      vertex 3.31697 57.5901 0
    endloop
  endfacet
  facet normal -0.770514 0.637423 0
    outer loop
      vertex 3.31697 57.5901 35
      vertex 2.98877 57.1934 0
      vertex 2.98877 57.1934 35
    endloop
  endfacet
  facet normal -0.248694 0.968582 0
    outer loop
      vertex 1.26697 56.1007 0
      vertex 0.768263 55.9726 35
      vertex 1.26697 56.1007 35
    endloop
  endfacet
  facet normal -0.248694 0.968582 0
    outer loop
      vertex 0.768263 55.9726 35
      vertex 1.26697 56.1007 0
      vertex 0.768263 55.9726 0
    endloop
  endfacet
  facet normal -0.587788 0.809015 0
    outer loop
      vertex 2.61344 56.8409 0
      vertex 2.19689 56.5383 35
      vertex 2.61344 56.8409 35
    endloop
  endfacet
  facet normal -0.587788 0.809015 0
    outer loop
      vertex 2.19689 56.5383 35
      vertex 2.61344 56.8409 0
      vertex 2.19689 56.5383 0
    endloop
  endfacet
  facet normal 0.248694 0.968582 -0
    outer loop
      vertex -0.768263 55.9726 0
      vertex -1.26697 56.1007 35
      vertex -0.768263 55.9726 35
    endloop
  endfacet
  facet normal 0.248694 0.968582 0
    outer loop
      vertex -1.26697 56.1007 35
      vertex -0.768263 55.9726 0
      vertex -1.26697 56.1007 0
    endloop
  endfacet
  facet normal 0.481754 0.876306 -0
    outer loop
      vertex -1.74569 56.2902 0
      vertex -2.19689 56.5383 35
      vertex -1.74569 56.2902 35
    endloop
  endfacet
  facet normal 0.481754 0.876306 0
    outer loop
      vertex -2.19689 56.5383 35
      vertex -1.74569 56.2902 0
      vertex -2.19689 56.5383 0
    endloop
  endfacet
  facet normal 0.951056 0.309017 0
    outer loop
      vertex -3.81208 58.4907 35
      vertex -3.97119 58.9804 0
      vertex -3.97119 58.9804 35
    endloop
  endfacet
  facet normal 0.951056 0.309017 0
    outer loop
      vertex -3.97119 58.9804 0
      vertex -3.81208 58.4907 35
      vertex -3.81208 58.4907 0
    endloop
  endfacet
  facet normal 0.684545 0.728971 -0
    outer loop
      vertex -2.61344 56.8409 0
      vertex -2.98877 57.1934 35
      vertex -2.61344 56.8409 35
    endloop
  endfacet
  facet normal 0.684545 0.728971 0
    outer loop
      vertex -2.98877 57.1934 35
      vertex -2.61344 56.8409 0
      vertex -2.98877 57.1934 0
    endloop
  endfacet
  facet normal 0.844328 0.535827 0
    outer loop
      vertex -3.31697 57.5901 35
      vertex -3.59286 58.0248 0
      vertex -3.59286 58.0248 35
    endloop
  endfacet
  facet normal 0.844328 0.535827 0
    outer loop
      vertex -3.59286 58.0248 0
      vertex -3.31697 57.5901 35
      vertex -3.31697 57.5901 0
    endloop
  endfacet
  facet normal 0.998027 -0.0627902 0
    outer loop
      vertex -4.1 60 35
      vertex -4.06767 60.5139 0
      vertex -4.06767 60.5139 35
    endloop
  endfacet
  facet normal 0.998027 -0.0627902 0
    outer loop
      vertex -4.06767 60.5139 0
      vertex -4.1 60 35
      vertex -4.1 60 0
    endloop
  endfacet
  facet normal -0.904827 0.42578 0
    outer loop
      vertex 3.59286 58.0248 0
      vertex 3.81208 58.4907 35
      vertex 3.81208 58.4907 0
    endloop
  endfacet
  facet normal -0.904827 0.42578 0
    outer loop
      vertex 3.81208 58.4907 35
      vertex 3.59286 58.0248 0
      vertex 3.59286 58.0248 35
    endloop
  endfacet
  facet normal -0.684545 0.728971 0
    outer loop
      vertex 2.98877 57.1934 0
      vertex 2.61344 56.8409 35
      vertex 2.98877 57.1934 35
    endloop
  endfacet
  facet normal -0.684545 0.728971 0
    outer loop
      vertex 2.61344 56.8409 35
      vertex 2.98877 57.1934 0
      vertex 2.61344 56.8409 0
    endloop
  endfacet
  facet normal 0.125336 0.992114 -0
    outer loop
      vertex -0.257441 55.9081 0
      vertex -0.768263 55.9726 35
      vertex -0.257441 55.9081 35
    endloop
  endfacet
  facet normal 0.125336 0.992114 0
    outer loop
      vertex -0.768263 55.9726 35
      vertex -0.257441 55.9081 0
      vertex -0.768263 55.9726 0
    endloop
  endfacet
  facet normal 0.368118 0.929779 -0
    outer loop
      vertex -1.26697 56.1007 0
      vertex -1.74569 56.2902 35
      vertex -1.26697 56.1007 35
    endloop
  endfacet
  facet normal 0.368118 0.929779 0
    outer loop
      vertex -1.74569 56.2902 35
      vertex -1.26697 56.1007 0
      vertex -1.74569 56.2902 0
    endloop
  endfacet
  facet normal 0.904827 0.42578 0
    outer loop
      vertex -3.59286 58.0248 35
      vertex -3.81208 58.4907 0
      vertex -3.81208 58.4907 35
    endloop
  endfacet
  facet normal 0.904827 0.42578 0
    outer loop
      vertex -3.81208 58.4907 0
      vertex -3.59286 58.0248 35
      vertex -3.59286 58.0248 0
    endloop
  endfacet
  facet normal 0.770514 0.637423 0
    outer loop
      vertex -2.98877 57.1934 35
      vertex -3.31697 57.5901 0
      vertex -3.31697 57.5901 35
    endloop
  endfacet
  facet normal 0.770514 0.637423 0
    outer loop
      vertex -3.31697 57.5901 0
      vertex -2.98877 57.1934 35
      vertex -2.98877 57.1934 0
    endloop
  endfacet
  facet normal -0.844328 0.535827 0
    outer loop
      vertex 3.31697 57.5901 0
      vertex 3.59286 58.0248 35
      vertex 3.59286 58.0248 0
    endloop
  endfacet
  facet normal -0.844328 0.535827 0
    outer loop
      vertex 3.59286 58.0248 35
      vertex 3.31697 57.5901 0
      vertex 3.31697 57.5901 35
    endloop
  endfacet
  facet normal -0.587786 -0.809016 0
    outer loop
      vertex 55.9477 39.372 0
      vertex 57.0754 38.5527 7
      vertex 55.9477 39.372 7
    endloop
  endfacet
  facet normal -0.587786 -0.809016 -0
    outer loop
      vertex 57.0754 38.5527 7
      vertex 55.9477 39.372 0
      vertex 57.0754 38.5527 0
    endloop
  endfacet
  facet normal -0.982287 0.187381 0
    outer loop
      vertex 60.7513 27.2395 0
      vertex 61.0125 28.6088 7
      vertex 61.0125 28.6088 0
    endloop
  endfacet
  facet normal -0.982287 0.187381 0
    outer loop
      vertex 61.0125 28.6088 7
      vertex 60.7513 27.2395 0
      vertex 60.7513 27.2395 7
    endloop
  endfacet
  facet normal 0.368123 -0.929777 0
    outer loop
      vertex 45.2738 40.0436 0
      vertex 46.5699 40.5567 7
      vertex 45.2738 40.0436 7
    endloop
  endfacet
  facet normal 0.368123 -0.929777 0
    outer loop
      vertex 46.5699 40.5567 7
      vertex 45.2738 40.0436 0
      vertex 46.5699 40.5567 0
    endloop
  endfacet
  facet normal 0.951056 -0.309018 0
    outer loop
      vertex 39.2487 32.7605 7
      vertex 39.6795 34.0862 0
      vertex 39.6795 34.0862 7
    endloop
  endfacet
  facet normal 0.951056 -0.309018 0
    outer loop
      vertex 39.6795 34.0862 0
      vertex 39.2487 32.7605 7
      vertex 39.2487 32.7605 0
    endloop
  endfacet
  facet normal -0.998027 0.0627888 0
    outer loop
      vertex 61.0125 28.6088 0
      vertex 61.1 30 7
      vertex 61.1 30 0
    endloop
  endfacet
  facet normal -0.998027 0.0627888 0
    outer loop
      vertex 61.1 30 7
      vertex 61.0125 28.6088 0
      vertex 61.0125 28.6088 7
    endloop
  endfacet
  facet normal -0.904828 -0.425778 0
    outer loop
      vertex 60.3205 34.0862 0
      vertex 59.727 35.3475 7
      vertex 59.727 35.3475 0
    endloop
  endfacet
  facet normal -0.904828 -0.425778 0
    outer loop
      vertex 59.727 35.3475 7
      vertex 60.3205 34.0862 0
      vertex 60.3205 34.0862 7
    endloop
  endfacet
  facet normal -0.844327 -0.535829 0
    outer loop
      vertex 59.727 35.3475 0
      vertex 58.9801 36.5244 7
      vertex 58.9801 36.5244 0
    endloop
  endfacet
  facet normal -0.844327 -0.535829 0
    outer loop
      vertex 58.9801 36.5244 7
      vertex 59.727 35.3475 0
      vertex 59.727 35.3475 7
    endloop
  endfacet
  facet normal -0.368123 -0.929777 0
    outer loop
      vertex 53.4301 40.5567 0
      vertex 54.7262 40.0436 7
      vertex 53.4301 40.5567 7
    endloop
  endfacet
  facet normal -0.368123 -0.929777 -0
    outer loop
      vertex 54.7262 40.0436 7
      vertex 53.4301 40.5567 0
      vertex 54.7262 40.0436 0
    endloop
  endfacet
  facet normal 0 -1 0
    outer loop
      vertex 49.303 41.0781 0
      vertex 50.697 41.0781 7
      vertex 49.303 41.0781 7
    endloop
  endfacet
  facet normal 0 -1 -0
    outer loop
      vertex 50.697 41.0781 7
      vertex 49.303 41.0781 0
      vertex 50.697 41.0781 0
    endloop
  endfacet
  facet normal 0.844327 -0.535829 0
    outer loop
      vertex 40.273 35.3475 7
      vertex 41.0199 36.5244 0
      vertex 41.0199 36.5244 7
    endloop
  endfacet
  facet normal 0.844327 -0.535829 0
    outer loop
      vertex 41.0199 36.5244 0
      vertex 40.273 35.3475 7
      vertex 40.273 35.3475 0
    endloop
  endfacet
  facet normal 0.125331 -0.992115 0
    outer loop
      vertex 47.9201 40.9034 0
      vertex 49.303 41.0781 7
      vertex 47.9201 40.9034 7
    endloop
  endfacet
  facet normal 0.125331 -0.992115 0
    outer loop
      vertex 49.303 41.0781 7
      vertex 47.9201 40.9034 0
      vertex 49.303 41.0781 0
    endloop
  endfacet
  facet normal -0.125334 0.992115 0
    outer loop
      vertex 52.0799 19.0966 0
      vertex 50.697 18.9219 7
      vertex 52.0799 19.0966 7
    endloop
  endfacet
  facet normal -0.125334 0.992115 0
    outer loop
      vertex 50.697 18.9219 7
      vertex 52.0799 19.0966 0
      vertex 50.697 18.9219 0
    endloop
  endfacet
  facet normal -0.951056 0.309018 0
    outer loop
      vertex 60.3205 25.9138 0
      vertex 60.7513 27.2395 7
      vertex 60.7513 27.2395 0
    endloop
  endfacet
  facet normal -0.951056 0.309018 0
    outer loop
      vertex 60.7513 27.2395 7
      vertex 60.3205 25.9138 0
      vertex 60.3205 25.9138 7
    endloop
  endfacet
  facet normal 0 1 -0
    outer loop
      vertex 50.697 18.9219 0
      vertex 49.303 18.9219 7
      vertex 50.697 18.9219 7
    endloop
  endfacet
  facet normal 0 1 0
    outer loop
      vertex 49.303 18.9219 7
      vertex 50.697 18.9219 0
      vertex 49.303 18.9219 0
    endloop
  endfacet
  facet normal 0.587785 0.809017 -0
    outer loop
      vertex 44.0523 20.628 0
      vertex 42.9246 21.4473 7
      vertex 44.0523 20.628 7
    endloop
  endfacet
  facet normal 0.587785 0.809017 0
    outer loop
      vertex 42.9246 21.4473 7
      vertex 44.0523 20.628 0
      vertex 42.9246 21.4473 0
    endloop
  endfacet
  facet normal 0.844328 0.535827 0
    outer loop
      vertex 41.0199 23.4756 7
      vertex 40.273 24.6525 0
      vertex 40.273 24.6525 7
    endloop
  endfacet
  facet normal 0.844328 0.535827 0
    outer loop
      vertex 40.273 24.6525 0
      vertex 41.0199 23.4756 7
      vertex 41.0199 23.4756 0
    endloop
  endfacet
  facet normal 0.951056 0.309018 0
    outer loop
      vertex 39.6795 25.9138 7
      vertex 39.2487 27.2395 0
      vertex 39.2487 27.2395 7
    endloop
  endfacet
  facet normal 0.951056 0.309018 0
    outer loop
      vertex 39.2487 27.2395 0
      vertex 39.6795 25.9138 7
      vertex 39.6795 25.9138 0
    endloop
  endfacet
  facet normal -0.951056 -0.309018 0
    outer loop
      vertex 60.7513 32.7605 0
      vertex 60.3205 34.0862 7
      vertex 60.3205 34.0862 0
    endloop
  endfacet
  facet normal -0.951056 -0.309018 0
    outer loop
      vertex 60.3205 34.0862 7
      vertex 60.7513 32.7605 0
      vertex 60.7513 32.7605 7
    endloop
  endfacet
  facet normal -0.770515 -0.637422 0
    outer loop
      vertex 58.9801 36.5244 0
      vertex 58.0916 37.5985 7
      vertex 58.0916 37.5985 0
    endloop
  endfacet
  facet normal -0.770515 -0.637422 0
    outer loop
      vertex 58.0916 37.5985 7
      vertex 58.9801 36.5244 0
      vertex 58.9801 36.5244 7
    endloop
  endfacet
  facet normal -0.684546 -0.72897 0
    outer loop
      vertex 57.0754 38.5527 0
      vertex 58.0916 37.5985 7
      vertex 57.0754 38.5527 7
    endloop
  endfacet
  facet normal -0.684546 -0.72897 -0
    outer loop
      vertex 58.0916 37.5985 7
      vertex 57.0754 38.5527 0
      vertex 58.0916 37.5985 0
    endloop
  endfacet
  facet normal -0.481753 -0.876307 0
    outer loop
      vertex 54.7262 40.0436 0
      vertex 55.9477 39.372 7
      vertex 54.7262 40.0436 7
    endloop
  endfacet
  facet normal -0.481753 -0.876307 -0
    outer loop
      vertex 55.9477 39.372 7
      vertex 54.7262 40.0436 0
      vertex 55.9477 39.372 0
    endloop
  endfacet
  facet normal -0.248692 -0.968583 0
    outer loop
      vertex 52.0799 40.9034 0
      vertex 53.4301 40.5567 7
      vertex 52.0799 40.9034 7
    endloop
  endfacet
  facet normal -0.248692 -0.968583 -0
    outer loop
      vertex 53.4301 40.5567 7
      vertex 52.0799 40.9034 0
      vertex 53.4301 40.5567 0
    endloop
  endfacet
  facet normal -0.125331 -0.992115 0
    outer loop
      vertex 50.697 41.0781 0
      vertex 52.0799 40.9034 7
      vertex 50.697 41.0781 7
    endloop
  endfacet
  facet normal -0.125331 -0.992115 -0
    outer loop
      vertex 52.0799 40.9034 7
      vertex 50.697 41.0781 0
      vertex 52.0799 40.9034 0
    endloop
  endfacet
  facet normal 0.998027 0.0627888 0
    outer loop
      vertex 38.9875 28.6088 7
      vertex 38.9 30 0
      vertex 38.9 30 7
    endloop
  endfacet
  facet normal 0.998027 0.0627888 0
    outer loop
      vertex 38.9 30 0
      vertex 38.9875 28.6088 7
      vertex 38.9875 28.6088 0
    endloop
  endfacet
  facet normal 0.982287 -0.187381 0
    outer loop
      vertex 38.9875 31.3912 7
      vertex 39.2487 32.7605 0
      vertex 39.2487 32.7605 7
    endloop
  endfacet
  facet normal 0.982287 -0.187381 0
    outer loop
      vertex 39.2487 32.7605 0
      vertex 38.9875 31.3912 7
      vertex 38.9875 31.3912 0
    endloop
  endfacet
  facet normal 0.904828 -0.425778 0
    outer loop
      vertex 39.6795 34.0862 7
      vertex 40.273 35.3475 0
      vertex 40.273 35.3475 7
    endloop
  endfacet
  facet normal 0.904828 -0.425778 0
    outer loop
      vertex 40.273 35.3475 0
      vertex 39.6795 34.0862 7
      vertex 39.6795 34.0862 0
    endloop
  endfacet
  facet normal 0.248692 -0.968583 0
    outer loop
      vertex 46.5699 40.5567 0
      vertex 47.9201 40.9034 7
      vertex 46.5699 40.5567 7
    endloop
  endfacet
  facet normal 0.248692 -0.968583 0
    outer loop
      vertex 47.9201 40.9034 7
      vertex 46.5699 40.5567 0
      vertex 47.9201 40.9034 0
    endloop
  endfacet
  facet normal 0.587785 -0.809017 0
    outer loop
      vertex 42.9246 38.5527 0
      vertex 44.0523 39.372 7
      vertex 42.9246 38.5527 7
    endloop
  endfacet
  facet normal 0.587785 -0.809017 0
    outer loop
      vertex 44.0523 39.372 7
      vertex 42.9246 38.5527 0
      vertex 44.0523 39.372 0
    endloop
  endfacet
  facet normal 0.684548 -0.728968 0
    outer loop
      vertex 41.9084 37.5985 0
      vertex 42.9246 38.5527 7
      vertex 41.9084 37.5985 7
    endloop
  endfacet
  facet normal 0.684548 -0.728968 0
    outer loop
      vertex 42.9246 38.5527 7
      vertex 41.9084 37.5985 0
      vertex 42.9246 38.5527 0
    endloop
  endfacet
  facet normal 0.481753 -0.876307 0
    outer loop
      vertex 44.0523 39.372 0
      vertex 45.2738 40.0436 7
      vertex 44.0523 39.372 7
    endloop
  endfacet
  facet normal 0.481753 -0.876307 0
    outer loop
      vertex 45.2738 40.0436 7
      vertex 44.0523 39.372 0
      vertex 45.2738 40.0436 0
    endloop
  endfacet
  facet normal 0.770515 -0.637422 0
    outer loop
      vertex 41.0199 36.5244 7
      vertex 41.9084 37.5985 0
      vertex 41.9084 37.5985 7
    endloop
  endfacet
  facet normal 0.770515 -0.637422 0
    outer loop
      vertex 41.9084 37.5985 0
      vertex 41.0199 36.5244 7
      vertex 41.0199 36.5244 0
    endloop
  endfacet
  facet normal -0.998027 -0.0627889 0
    outer loop
      vertex 61.1 30 0
      vertex 61.0125 31.3912 7
      vertex 61.0125 31.3912 0
    endloop
  endfacet
  facet normal -0.998027 -0.0627889 0
    outer loop
      vertex 61.0125 31.3912 7
      vertex 61.1 30 0
      vertex 61.1 30 7
    endloop
  endfacet
  facet normal -0.844328 0.535827 0
    outer loop
      vertex 58.9801 23.4756 0
      vertex 59.727 24.6525 7
      vertex 59.727 24.6525 0
    endloop
  endfacet
  facet normal -0.844328 0.535827 0
    outer loop
      vertex 59.727 24.6525 7
      vertex 58.9801 23.4756 0
      vertex 58.9801 23.4756 7
    endloop
  endfacet
  facet normal -0.904828 0.425778 0
    outer loop
      vertex 59.727 24.6525 0
      vertex 60.3205 25.9138 7
      vertex 60.3205 25.9138 0
    endloop
  endfacet
  facet normal -0.904828 0.425778 0
    outer loop
      vertex 60.3205 25.9138 7
      vertex 59.727 24.6525 0
      vertex 59.727 24.6525 7
    endloop
  endfacet
  facet normal -0.24869 0.968583 0
    outer loop
      vertex 53.4301 19.4433 0
      vertex 52.0799 19.0966 7
      vertex 53.4301 19.4433 7
    endloop
  endfacet
  facet normal -0.24869 0.968583 0
    outer loop
      vertex 52.0799 19.0966 7
      vertex 53.4301 19.4433 0
      vertex 52.0799 19.0966 0
    endloop
  endfacet
  facet normal -0.770514 0.637424 0
    outer loop
      vertex 58.0916 22.4015 0
      vertex 58.9801 23.4756 7
      vertex 58.9801 23.4756 0
    endloop
  endfacet
  facet normal -0.770514 0.637424 0
    outer loop
      vertex 58.9801 23.4756 7
      vertex 58.0916 22.4015 0
      vertex 58.0916 22.4015 7
    endloop
  endfacet
  facet normal -0.684546 0.72897 0
    outer loop
      vertex 58.0916 22.4015 0
      vertex 57.0754 21.4473 7
      vertex 58.0916 22.4015 7
    endloop
  endfacet
  facet normal -0.684546 0.72897 0
    outer loop
      vertex 57.0754 21.4473 7
      vertex 58.0916 22.4015 0
      vertex 57.0754 21.4473 0
    endloop
  endfacet
  facet normal -0.481754 0.876306 0
    outer loop
      vertex 55.9477 20.628 0
      vertex 54.7262 19.9564 7
      vertex 55.9477 20.628 7
    endloop
  endfacet
  facet normal -0.481754 0.876306 0
    outer loop
      vertex 54.7262 19.9564 7
      vertex 55.9477 20.628 0
      vertex 54.7262 19.9564 0
    endloop
  endfacet
  facet normal 0.24869 0.968583 -0
    outer loop
      vertex 47.9201 19.0966 0
      vertex 46.5699 19.4433 7
      vertex 47.9201 19.0966 7
    endloop
  endfacet
  facet normal 0.24869 0.968583 0
    outer loop
      vertex 46.5699 19.4433 7
      vertex 47.9201 19.0966 0
      vertex 46.5699 19.4433 0
    endloop
  endfacet
  facet normal 0.368125 0.929777 -0
    outer loop
      vertex 46.5699 19.4433 0
      vertex 45.2738 19.9564 7
      vertex 46.5699 19.4433 7
    endloop
  endfacet
  facet normal 0.368125 0.929777 0
    outer loop
      vertex 45.2738 19.9564 7
      vertex 46.5699 19.4433 0
      vertex 45.2738 19.9564 0
    endloop
  endfacet
  facet normal 0.904828 0.425778 0
    outer loop
      vertex 40.273 24.6525 7
      vertex 39.6795 25.9138 0
      vertex 39.6795 25.9138 7
    endloop
  endfacet
  facet normal 0.904828 0.425778 0
    outer loop
      vertex 39.6795 25.9138 0
      vertex 40.273 24.6525 7
      vertex 40.273 24.6525 0
    endloop
  endfacet
  facet normal 0.982287 0.187381 0
    outer loop
      vertex 39.2487 27.2395 7
      vertex 38.9875 28.6088 0
      vertex 38.9875 28.6088 7
    endloop
  endfacet
  facet normal 0.982287 0.187381 0
    outer loop
      vertex 38.9875 28.6088 0
      vertex 39.2487 27.2395 7
      vertex 39.2487 27.2395 0
    endloop
  endfacet
  facet normal 0.770514 0.637424 0
    outer loop
      vertex 41.9084 22.4015 7
      vertex 41.0199 23.4756 0
      vertex 41.0199 23.4756 7
    endloop
  endfacet
  facet normal 0.770514 0.637424 0
    outer loop
      vertex 41.0199 23.4756 0
      vertex 41.9084 22.4015 7
      vertex 41.9084 22.4015 0
    endloop
  endfacet
  facet normal 0.684548 0.728968 -0
    outer loop
      vertex 42.9246 21.4473 0
      vertex 41.9084 22.4015 7
      vertex 42.9246 21.4473 7
    endloop
  endfacet
  facet normal 0.684548 0.728968 0
    outer loop
      vertex 41.9084 22.4015 7
      vertex 42.9246 21.4473 0
      vertex 41.9084 22.4015 0
    endloop
  endfacet
  facet normal -0.982287 -0.187381 0
    outer loop
      vertex 61.0125 31.3912 0
      vertex 60.7513 32.7605 7
      vertex 60.7513 32.7605 0
    endloop
  endfacet
  facet normal -0.982287 -0.187381 0
    outer loop
      vertex 60.7513 32.7605 7
      vertex 61.0125 31.3912 0
      vertex 61.0125 31.3912 7
    endloop
  endfacet
  facet normal 0 0 -1
    outer loop
      vertex 56.5 30 7
      vertex 61.1 30 7
      vertex 61.0125 28.6088 7
    endloop
  endfacet
  facet normal 0 0 -1
    outer loop
      vertex 56.4487 29.1853 7
      vertex 61.0125 28.6088 7
      vertex 60.7513 27.2395 7
    endloop
  endfacet
  facet normal 0 0 -1
    outer loop
      vertex 61.1 30 7
      vertex 56.5 30 7
      vertex 61.0125 31.3912 7
    endloop
  endfacet
  facet normal 0 0 -1
    outer loop
      vertex 56.2958 28.3835 7
      vertex 60.7513 27.2395 7
      vertex 60.3205 25.9138 7
    endloop
  endfacet
  facet normal 0 0 -1
    outer loop
      vertex 56.4487 30.8147 7
      vertex 61.0125 31.3912 7
      vertex 56.5 30 7
    endloop
  endfacet
  facet normal 0 0 -1
    outer loop
      vertex 56.0435 27.6072 7
      vertex 60.3205 25.9138 7
      vertex 59.727 24.6525 7
    endloop
  endfacet
  facet normal -0 0 -1
    outer loop
      vertex 61.0125 31.3912 7
      vertex 56.4487 30.8147 7
      vertex 60.7513 32.7605 7
    endloop
  endfacet
  facet normal 0 0 -1
    outer loop
      vertex 55.696 26.8686 7
      vertex 59.727 24.6525 7
      vertex 58.9801 23.4756 7
    endloop
  endfacet
  facet normal 0 0 -1
    outer loop
      vertex 56.2958 31.6165 7
      vertex 60.7513 32.7605 7
      vertex 56.4487 30.8147 7
    endloop
  endfacet
  facet normal 0 0 -1
    outer loop
      vertex 55.2586 26.1794 7
      vertex 58.9801 23.4756 7
      vertex 58.0916 22.4015 7
    endloop
  endfacet
  facet normal -0 0 -1
    outer loop
      vertex 60.7513 32.7605 7
      vertex 56.2958 31.6165 7
      vertex 60.3205 34.0862 7
    endloop
  endfacet
  facet normal 0 0 -1
    outer loop
      vertex 54.7383 25.5504 7
      vertex 58.0916 22.4015 7
      vertex 57.0754 21.4473 7
    endloop
  endfacet
  facet normal 0 0 -1
    outer loop
      vertex 56.0435 32.3928 7
      vertex 60.3205 34.0862 7
      vertex 56.2958 31.6165 7
    endloop
  endfacet
  facet normal -0 0 -1
    outer loop
      vertex 60.3205 34.0862 7
      vertex 56.0435 32.3928 7
      vertex 59.727 35.3475 7
    endloop
  endfacet
  facet normal 0 0 -1
    outer loop
      vertex 61.0125 28.6088 7
      vertex 56.4487 29.1853 7
      vertex 56.5 30 7
    endloop
  endfacet
  facet normal 0 0 -1
    outer loop
      vertex 60.7513 27.2395 7
      vertex 56.2958 28.3835 7
      vertex 56.4487 29.1853 7
    endloop
  endfacet
  facet normal 0 0 -1
    outer loop
      vertex 60.3205 25.9138 7
      vertex 56.0435 27.6072 7
      vertex 56.2958 28.3835 7
    endloop
  endfacet
  facet normal 0 0 -1
    outer loop
      vertex 54.1433 24.9917 7
      vertex 57.0754 21.4473 7
      vertex 55.9477 20.628 7
    endloop
  endfacet
  facet normal 0 0 -1
    outer loop
      vertex 59.727 24.6525 7
      vertex 55.696 26.8686 7
      vertex 56.0435 27.6072 7
    endloop
  endfacet
  facet normal 0 0 -1
    outer loop
      vertex 58.9801 23.4756 7
      vertex 55.2586 26.1794 7
      vertex 55.696 26.8686 7
    endloop
  endfacet
  facet normal 0 0 -1
    outer loop
      vertex 58.0916 22.4015 7
      vertex 54.7383 25.5504 7
      vertex 55.2586 26.1794 7
    endloop
  endfacet
  facet normal 0 0 -1
    outer loop
      vertex 53.4829 24.5119 7
      vertex 55.9477 20.628 7
      vertex 54.7262 19.9564 7
    endloop
  endfacet
  facet normal 0 0 -1
    outer loop
      vertex 57.0754 21.4473 7
      vertex 54.1433 24.9917 7
      vertex 54.7383 25.5504 7
    endloop
  endfacet
  facet normal 0 0 -1
    outer loop
      vertex 55.9477 20.628 7
      vertex 53.4829 24.5119 7
      vertex 54.1433 24.9917 7
    endloop
  endfacet
  facet normal 0 0 -1
    outer loop
      vertex 52.7676 24.1186 7
      vertex 54.7262 19.9564 7
      vertex 53.4301 19.4433 7
    endloop
  endfacet
  facet normal 0 0 -1
    outer loop
      vertex 54.7262 19.9564 7
      vertex 52.7676 24.1186 7
      vertex 53.4829 24.5119 7
    endloop
  endfacet
  facet normal 0 0 -1
    outer loop
      vertex 52.0086 23.8181 7
      vertex 53.4301 19.4433 7
      vertex 52.0799 19.0966 7
    endloop
  endfacet
  facet normal 0 0 -1
    outer loop
      vertex 53.4301 19.4433 7
      vertex 52.0086 23.8181 7
      vertex 52.7676 24.1186 7
    endloop
  endfacet
  facet normal 0 0 -1
    outer loop
      vertex 52.0799 19.0966 7
      vertex 51.218 23.6151 7
      vertex 52.0086 23.8181 7
    endloop
  endfacet
  facet normal 0 0 -1
    outer loop
      vertex 50.697 18.9219 7
      vertex 51.218 23.6151 7
      vertex 52.0799 19.0966 7
    endloop
  endfacet
  facet normal 0 0 -1
    outer loop
      vertex 50.697 18.9219 7
      vertex 50.4081 23.5128 7
      vertex 51.218 23.6151 7
    endloop
  endfacet
  facet normal 0 0 -1
    outer loop
      vertex 50.697 18.9219 7
      vertex 49.5919 23.5128 7
      vertex 50.4081 23.5128 7
    endloop
  endfacet
  facet normal 0 0 -1
    outer loop
      vertex 49.303 18.9219 7
      vertex 49.5919 23.5128 7
      vertex 50.697 18.9219 7
    endloop
  endfacet
  facet normal 0 0 -1
    outer loop
      vertex 49.303 18.9219 7
      vertex 48.782 23.6151 7
      vertex 49.5919 23.5128 7
    endloop
  endfacet
  facet normal 0 0 -1
    outer loop
      vertex 47.9201 19.0966 7
      vertex 48.782 23.6151 7
      vertex 49.303 18.9219 7
    endloop
  endfacet
  facet normal -0 0 -1
    outer loop
      vertex 48.782 23.6151 7
      vertex 47.9201 19.0966 7
      vertex 47.9914 23.8181 7
    endloop
  endfacet
  facet normal 0 0 -1
    outer loop
      vertex 46.5699 19.4433 7
      vertex 47.9914 23.8181 7
      vertex 47.9201 19.0966 7
    endloop
  endfacet
  facet normal -0 0 -1
    outer loop
      vertex 47.9914 23.8181 7
      vertex 46.5699 19.4433 7
      vertex 47.2324 24.1186 7
    endloop
  endfacet
  facet normal 0 0 -1
    outer loop
      vertex 45.2738 19.9564 7
      vertex 47.2324 24.1186 7
      vertex 46.5699 19.4433 7
    endloop
  endfacet
  facet normal -0 0 -1
    outer loop
      vertex 47.2324 24.1186 7
      vertex 45.2738 19.9564 7
      vertex 46.5171 24.5119 7
    endloop
  endfacet
  facet normal 0 0 -1
    outer loop
      vertex 44.0523 20.628 7
      vertex 46.5171 24.5119 7
      vertex 45.2738 19.9564 7
    endloop
  endfacet
  facet normal -0 0 -1
    outer loop
      vertex 46.5171 24.5119 7
      vertex 44.0523 20.628 7
      vertex 45.8567 24.9917 7
    endloop
  endfacet
  facet normal 0 0 -1
    outer loop
      vertex 42.9246 21.4473 7
      vertex 45.8567 24.9917 7
      vertex 44.0523 20.628 7
    endloop
  endfacet
  facet normal -0 0 -1
    outer loop
      vertex 45.8567 24.9917 7
      vertex 42.9246 21.4473 7
      vertex 45.2617 25.5504 7
    endloop
  endfacet
  facet normal 0 0 -1
    outer loop
      vertex 41.9084 22.4015 7
      vertex 45.2617 25.5504 7
      vertex 42.9246 21.4473 7
    endloop
  endfacet
  facet normal -0 0 -1
    outer loop
      vertex 45.2617 25.5504 7
      vertex 41.9084 22.4015 7
      vertex 44.7414 26.1794 7
    endloop
  endfacet
  facet normal 0 0 -1
    outer loop
      vertex 41.0199 23.4756 7
      vertex 44.7414 26.1794 7
      vertex 41.9084 22.4015 7
    endloop
  endfacet
  facet normal -0 0 -1
    outer loop
      vertex 44.7414 26.1794 7
      vertex 41.0199 23.4756 7
      vertex 44.304 26.8686 7
    endloop
  endfacet
  facet normal 0 0 -1
    outer loop
      vertex 40.273 24.6525 7
      vertex 44.304 26.8686 7
      vertex 41.0199 23.4756 7
    endloop
  endfacet
  facet normal -0 0 -1
    outer loop
      vertex 44.304 26.8686 7
      vertex 40.273 24.6525 7
      vertex 43.9565 27.6072 7
    endloop
  endfacet
  facet normal 0 0 -1
    outer loop
      vertex 55.696 33.1314 7
      vertex 59.727 35.3475 7
      vertex 56.0435 32.3928 7
    endloop
  endfacet
  facet normal -0 0 -1
    outer loop
      vertex 59.727 35.3475 7
      vertex 55.696 33.1314 7
      vertex 58.9801 36.5244 7
    endloop
  endfacet
  facet normal 0 0 -1
    outer loop
      vertex 55.2586 33.8206 7
      vertex 58.9801 36.5244 7
      vertex 55.696 33.1314 7
    endloop
  endfacet
  facet normal -0 0 -1
    outer loop
      vertex 58.9801 36.5244 7
      vertex 55.2586 33.8206 7
      vertex 58.0916 37.5985 7
    endloop
  endfacet
  facet normal 0 0 -1
    outer loop
      vertex 54.7383 34.4496 7
      vertex 58.0916 37.5985 7
      vertex 55.2586 33.8206 7
    endloop
  endfacet
  facet normal -0 0 -1
    outer loop
      vertex 58.0916 37.5985 7
      vertex 54.7383 34.4496 7
      vertex 57.0754 38.5527 7
    endloop
  endfacet
  facet normal 0 0 -1
    outer loop
      vertex 54.1433 35.0083 7
      vertex 57.0754 38.5527 7
      vertex 54.7383 34.4496 7
    endloop
  endfacet
  facet normal -0 0 -1
    outer loop
      vertex 57.0754 38.5527 7
      vertex 54.1433 35.0083 7
      vertex 55.9477 39.372 7
    endloop
  endfacet
  facet normal 0 0 -1
    outer loop
      vertex 53.4829 35.4881 7
      vertex 55.9477 39.372 7
      vertex 54.1433 35.0083 7
    endloop
  endfacet
  facet normal -0 0 -1
    outer loop
      vertex 55.9477 39.372 7
      vertex 53.4829 35.4881 7
      vertex 54.7262 40.0436 7
    endloop
  endfacet
  facet normal 0 0 -1
    outer loop
      vertex 52.7676 35.8814 7
      vertex 54.7262 40.0436 7
      vertex 53.4829 35.4881 7
    endloop
  endfacet
  facet normal -0 0 -1
    outer loop
      vertex 54.7262 40.0436 7
      vertex 52.7676 35.8814 7
      vertex 53.4301 40.5567 7
    endloop
  endfacet
  facet normal 0 0 -1
    outer loop
      vertex 52.0086 36.1819 7
      vertex 53.4301 40.5567 7
      vertex 52.7676 35.8814 7
    endloop
  endfacet
  facet normal -0 0 -1
    outer loop
      vertex 53.4301 40.5567 7
      vertex 52.0086 36.1819 7
      vertex 52.0799 40.9034 7
    endloop
  endfacet
  facet normal 0 0 -1
    outer loop
      vertex 51.218 36.3849 7
      vertex 52.0799 40.9034 7
      vertex 52.0086 36.1819 7
    endloop
  endfacet
  facet normal 0 0 -1
    outer loop
      vertex 51.218 36.3849 7
      vertex 50.697 41.0781 7
      vertex 52.0799 40.9034 7
    endloop
  endfacet
  facet normal 0 0 -1
    outer loop
      vertex 50.4081 36.4872 7
      vertex 50.697 41.0781 7
      vertex 51.218 36.3849 7
    endloop
  endfacet
  facet normal 0 0 -1
    outer loop
      vertex 49.5919 36.4872 7
      vertex 50.697 41.0781 7
      vertex 50.4081 36.4872 7
    endloop
  endfacet
  facet normal 0 0 -1
    outer loop
      vertex 49.5919 36.4872 7
      vertex 49.303 41.0781 7
      vertex 50.697 41.0781 7
    endloop
  endfacet
  facet normal 0 0 -1
    outer loop
      vertex 48.782 36.3849 7
      vertex 49.303 41.0781 7
      vertex 49.5919 36.4872 7
    endloop
  endfacet
  facet normal 0 0 -1
    outer loop
      vertex 47.9201 40.9034 7
      vertex 48.782 36.3849 7
      vertex 47.9914 36.1819 7
    endloop
  endfacet
  facet normal 0 0 -1
    outer loop
      vertex 48.782 36.3849 7
      vertex 47.9201 40.9034 7
      vertex 49.303 41.0781 7
    endloop
  endfacet
  facet normal 0 0 -1
    outer loop
      vertex 46.5699 40.5567 7
      vertex 47.9914 36.1819 7
      vertex 47.2324 35.8814 7
    endloop
  endfacet
  facet normal 0 0 -1
    outer loop
      vertex 47.9914 36.1819 7
      vertex 46.5699 40.5567 7
      vertex 47.9201 40.9034 7
    endloop
  endfacet
  facet normal 0 0 -1
    outer loop
      vertex 45.2738 40.0436 7
      vertex 47.2324 35.8814 7
      vertex 46.5171 35.4881 7
    endloop
  endfacet
  facet normal 0 0 -1
    outer loop
      vertex 44.0523 39.372 7
      vertex 46.5171 35.4881 7
      vertex 45.8567 35.0083 7
    endloop
  endfacet
  facet normal 0 0 -1
    outer loop
      vertex 47.2324 35.8814 7
      vertex 45.2738 40.0436 7
      vertex 46.5699 40.5567 7
    endloop
  endfacet
  facet normal 0 0 -1
    outer loop
      vertex 42.9246 38.5527 7
      vertex 45.8567 35.0083 7
      vertex 45.2617 34.4496 7
    endloop
  endfacet
  facet normal 0 0 -1
    outer loop
      vertex 41.9084 37.5985 7
      vertex 45.2617 34.4496 7
      vertex 44.7414 33.8206 7
    endloop
  endfacet
  facet normal 0 0 -1
    outer loop
      vertex 41.0199 36.5244 7
      vertex 44.7414 33.8206 7
      vertex 44.304 33.1314 7
    endloop
  endfacet
  facet normal 0 0 -1
    outer loop
      vertex 46.5171 35.4881 7
      vertex 44.0523 39.372 7
      vertex 45.2738 40.0436 7
    endloop
  endfacet
  facet normal 0 0 -1
    outer loop
      vertex 40.273 35.3475 7
      vertex 44.304 33.1314 7
      vertex 43.9565 32.3928 7
    endloop
  endfacet
  facet normal 0 0 -1
    outer loop
      vertex 39.6795 34.0862 7
      vertex 43.9565 32.3928 7
      vertex 43.7042 31.6165 7
    endloop
  endfacet
  facet normal 0 0 -1
    outer loop
      vertex 39.2487 32.7605 7
      vertex 43.7042 31.6165 7
      vertex 43.5513 30.8147 7
    endloop
  endfacet
  facet normal 0 0 -1
    outer loop
      vertex 38.9875 31.3912 7
      vertex 43.5513 30.8147 7
      vertex 43.5 30 7
    endloop
  endfacet
  facet normal 0 0 -1
    outer loop
      vertex 39.6795 25.9138 7
      vertex 43.9565 27.6072 7
      vertex 40.273 24.6525 7
    endloop
  endfacet
  facet normal 0 0 -1
    outer loop
      vertex 45.8567 35.0083 7
      vertex 42.9246 38.5527 7
      vertex 44.0523 39.372 7
    endloop
  endfacet
  facet normal -0 0 -1
    outer loop
      vertex 43.9565 27.6072 7
      vertex 39.6795 25.9138 7
      vertex 43.7042 28.3835 7
    endloop
  endfacet
  facet normal 0 0 -1
    outer loop
      vertex 45.2617 34.4496 7
      vertex 41.9084 37.5985 7
      vertex 42.9246 38.5527 7
    endloop
  endfacet
  facet normal 0 0 -1
    outer loop
      vertex 39.2487 27.2395 7
      vertex 43.7042 28.3835 7
      vertex 39.6795 25.9138 7
    endloop
  endfacet
  facet normal 0 0 -1
    outer loop
      vertex 44.7414 33.8206 7
      vertex 41.0199 36.5244 7
      vertex 41.9084 37.5985 7
    endloop
  endfacet
  facet normal -0 0 -1
    outer loop
      vertex 43.7042 28.3835 7
      vertex 39.2487 27.2395 7
      vertex 43.5513 29.1853 7
    endloop
  endfacet
  facet normal 0 0 -1
    outer loop
      vertex 44.304 33.1314 7
      vertex 40.273 35.3475 7
      vertex 41.0199 36.5244 7
    endloop
  endfacet
  facet normal 0 0 -1
    outer loop
      vertex 38.9875 28.6088 7
      vertex 43.5513 29.1853 7
      vertex 39.2487 27.2395 7
    endloop
  endfacet
  facet normal 0 0 -1
    outer loop
      vertex 43.9565 32.3928 7
      vertex 39.6795 34.0862 7
      vertex 40.273 35.3475 7
    endloop
  endfacet
  facet normal -0 0 -1
    outer loop
      vertex 43.5513 29.1853 7
      vertex 38.9875 28.6088 7
      vertex 43.5 30 7
    endloop
  endfacet
  facet normal 0 0 -1
    outer loop
      vertex 43.7042 31.6165 7
      vertex 39.2487 32.7605 7
      vertex 39.6795 34.0862 7
    endloop
  endfacet
  facet normal 0 0 -1
    outer loop
      vertex 38.9 30 7
      vertex 43.5 30 7
      vertex 38.9875 28.6088 7
    endloop
  endfacet
  facet normal 0 0 -1
    outer loop
      vertex 43.5513 30.8147 7
      vertex 38.9875 31.3912 7
      vertex 39.2487 32.7605 7
    endloop
  endfacet
  facet normal 0 0 -1
    outer loop
      vertex 43.5 30 7
      vertex 38.9 30 7
      vertex 38.9875 31.3912 7
    endloop
  endfacet
  facet normal 0.998027 -0.0627889 0
    outer loop
      vertex 38.9 30 7
      vertex 38.9875 31.3912 0
      vertex 38.9875 31.3912 7
    endloop
  endfacet
  facet normal 0.998027 -0.0627889 0
    outer loop
      vertex 38.9875 31.3912 0
      vertex 38.9 30 7
      vertex 38.9 30 0
    endloop
  endfacet
  facet normal -0.368125 0.929777 0
    outer loop
      vertex 54.7262 19.9564 0
      vertex 53.4301 19.4433 7
      vertex 54.7262 19.9564 7
    endloop
  endfacet
  facet normal -0.368125 0.929777 0
    outer loop
      vertex 53.4301 19.4433 7
      vertex 54.7262 19.9564 0
      vertex 53.4301 19.4433 0
    endloop
  endfacet
  facet normal -0.587786 0.809016 0
    outer loop
      vertex 57.0754 21.4473 0
      vertex 55.9477 20.628 7
      vertex 57.0754 21.4473 7
    endloop
  endfacet
  facet normal -0.587786 0.809016 0
    outer loop
      vertex 55.9477 20.628 7
      vertex 57.0754 21.4473 0
      vertex 55.9477 20.628 0
    endloop
  endfacet
  facet normal 0.125334 0.992115 -0
    outer loop
      vertex 49.303 18.9219 0
      vertex 47.9201 19.0966 7
      vertex 49.303 18.9219 7
    endloop
  endfacet
  facet normal 0.125334 0.992115 0
    outer loop
      vertex 47.9201 19.0966 7
      vertex 49.303 18.9219 0
      vertex 47.9201 19.0966 0
    endloop
  endfacet
  facet normal 0.481754 0.876306 -0
    outer loop
      vertex 45.2738 19.9564 0
      vertex 44.0523 20.628 7
      vertex 45.2738 19.9564 7
    endloop
  endfacet
  facet normal 0.481754 0.876306 0
    outer loop
      vertex 44.0523 20.628 7
      vertex 45.2738 19.9564 0
      vertex 44.0523 20.628 0
    endloop
  endfacet
  facet normal -0.998027 -0.0627903 0
    outer loop
      vertex 56.5 30 7
      vertex 56.4487 30.8147 10
      vertex 56.4487 30.8147 7
    endloop
  endfacet
  facet normal -0.998027 -0.0627903 0
    outer loop
      vertex 56.4487 30.8147 10
      vertex 56.5 30 7
      vertex 56.5 30 10
    endloop
  endfacet
  facet normal 0.125337 -0.992114 0
    outer loop
      vertex 48.782 36.3849 7
      vertex 49.5919 36.4872 10
      vertex 48.782 36.3849 10
    endloop
  endfacet
  facet normal 0.125337 -0.992114 0
    outer loop
      vertex 49.5919 36.4872 10
      vertex 48.782 36.3849 7
      vertex 49.5919 36.4872 7
    endloop
  endfacet
  facet normal -0.125333 0.992115 0
    outer loop
      vertex 51.218 23.6151 7
      vertex 50.4081 23.5128 10
      vertex 51.218 23.6151 10
    endloop
  endfacet
  facet normal -0.125333 0.992115 0
    outer loop
      vertex 50.4081 23.5128 10
      vertex 51.218 23.6151 7
      vertex 50.4081 23.5128 7
    endloop
  endfacet
  facet normal -0.684548 -0.728968 0
    outer loop
      vertex 54.1433 35.0083 7
      vertex 54.7383 34.4496 10
      vertex 54.1433 35.0083 10
    endloop
  endfacet
  facet normal -0.684548 -0.728968 -0
    outer loop
      vertex 54.7383 34.4496 10
      vertex 54.1433 35.0083 7
      vertex 54.7383 34.4496 7
    endloop
  endfacet
  facet normal 0.770514 -0.637423 0
    outer loop
      vertex 44.7414 33.8206 10
      vertex 45.2617 34.4496 7
      vertex 45.2617 34.4496 10
    endloop
  endfacet
  facet normal 0.770514 -0.637423 0
    outer loop
      vertex 45.2617 34.4496 7
      vertex 44.7414 33.8206 10
      vertex 44.7414 33.8206 7
    endloop
  endfacet
  facet normal 0.481755 -0.876306 0
    outer loop
      vertex 46.5171 35.4881 7
      vertex 47.2324 35.8814 10
      vertex 46.5171 35.4881 10
    endloop
  endfacet
  facet normal 0.481755 -0.876306 0
    outer loop
      vertex 47.2324 35.8814 10
      vertex 46.5171 35.4881 7
      vertex 47.2324 35.8814 7
    endloop
  endfacet
  facet normal -0.904826 -0.425782 0
    outer loop
      vertex 56.0435 32.3928 7
      vertex 55.696 33.1314 10
      vertex 55.696 33.1314 7
    endloop
  endfacet
  facet normal -0.904826 -0.425782 0
    outer loop
      vertex 55.696 33.1314 10
      vertex 56.0435 32.3928 7
      vertex 56.0435 32.3928 10
    endloop
  endfacet
  facet normal -0.844329 -0.535826 0
    outer loop
      vertex 55.696 33.1314 7
      vertex 55.2586 33.8206 10
      vertex 55.2586 33.8206 7
    endloop
  endfacet
  facet normal -0.844329 -0.535826 0
    outer loop
      vertex 55.2586 33.8206 10
      vertex 55.696 33.1314 7
      vertex 55.696 33.1314 10
    endloop
  endfacet
  facet normal -0.24869 -0.968583 0
    outer loop
      vertex 51.218 36.3849 7
      vertex 52.0086 36.1819 10
      vertex 51.218 36.3849 10
    endloop
  endfacet
  facet normal -0.24869 -0.968583 -0
    outer loop
      vertex 52.0086 36.1819 10
      vertex 51.218 36.3849 7
      vertex 52.0086 36.1819 7
    endloop
  endfacet
  facet normal -0.125337 -0.992114 0
    outer loop
      vertex 50.4081 36.4872 7
      vertex 51.218 36.3849 10
      vertex 50.4081 36.4872 10
    endloop
  endfacet
  facet normal -0.125337 -0.992114 -0
    outer loop
      vertex 51.218 36.3849 10
      vertex 50.4081 36.4872 7
      vertex 51.218 36.3849 7
    endloop
  endfacet
  facet normal -0.481755 -0.876306 0
    outer loop
      vertex 52.7676 35.8814 7
      vertex 53.4829 35.4881 10
      vertex 52.7676 35.8814 10
    endloop
  endfacet
  facet normal -0.481755 -0.876306 -0
    outer loop
      vertex 53.4829 35.4881 10
      vertex 52.7676 35.8814 7
      vertex 53.4829 35.4881 7
    endloop
  endfacet
  facet normal 0.951056 -0.309017 0
    outer loop
      vertex 43.7042 31.6165 10
      vertex 43.9565 32.3928 7
      vertex 43.9565 32.3928 10
    endloop
  endfacet
  facet normal 0.951056 -0.309017 0
    outer loop
      vertex 43.9565 32.3928 7
      vertex 43.7042 31.6165 10
      vertex 43.7042 31.6165 7
    endloop
  endfacet
  facet normal 0.982287 -0.187381 0
    outer loop
      vertex 43.5513 30.8147 10
      vertex 43.7042 31.6165 7
      vertex 43.7042 31.6165 10
    endloop
  endfacet
  facet normal 0.982287 -0.187381 0
    outer loop
      vertex 43.7042 31.6165 7
      vertex 43.5513 30.8147 10
      vertex 43.5513 30.8147 7
    endloop
  endfacet
  facet normal 0.587784 -0.809018 0
    outer loop
      vertex 45.8567 35.0083 7
      vertex 46.5171 35.4881 10
      vertex 45.8567 35.0083 10
    endloop
  endfacet
  facet normal 0.587784 -0.809018 0
    outer loop
      vertex 46.5171 35.4881 10
      vertex 45.8567 35.0083 7
      vertex 46.5171 35.4881 7
    endloop
  endfacet
  facet normal 0.368124 -0.929777 0
    outer loop
      vertex 47.2324 35.8814 7
      vertex 47.9914 36.1819 10
      vertex 47.2324 35.8814 10
    endloop
  endfacet
  facet normal 0.368124 -0.929777 0
    outer loop
      vertex 47.9914 36.1819 10
      vertex 47.2324 35.8814 7
      vertex 47.9914 36.1819 7
    endloop
  endfacet
  facet normal -0.248692 0.968583 0
    outer loop
      vertex 52.0086 23.8181 7
      vertex 51.218 23.6151 10
      vertex 52.0086 23.8181 10
    endloop
  endfacet
  facet normal -0.248692 0.968583 0
    outer loop
      vertex 51.218 23.6151 10
      vertex 52.0086 23.8181 7
      vertex 51.218 23.6151 7
    endloop
  endfacet
  facet normal -0.481753 0.876307 0
    outer loop
      vertex 53.4829 24.5119 7
      vertex 52.7676 24.1186 10
      vertex 53.4829 24.5119 10
    endloop
  endfacet
  facet normal -0.481753 0.876307 0
    outer loop
      vertex 52.7676 24.1186 10
      vertex 53.4829 24.5119 7
      vertex 52.7676 24.1186 7
    endloop
  endfacet
  facet normal -0.951056 -0.309017 0
    outer loop
      vertex 56.2958 31.6165 7
      vertex 56.0435 32.3928 10
      vertex 56.0435 32.3928 7
    endloop
  endfacet
  facet normal -0.951056 -0.309017 0
    outer loop
      vertex 56.0435 32.3928 10
      vertex 56.2958 31.6165 7
      vertex 56.2958 31.6165 10
    endloop
  endfacet
  facet normal -0.982287 -0.187381 0
    outer loop
      vertex 56.4487 30.8147 7
      vertex 56.2958 31.6165 10
      vertex 56.2958 31.6165 7
    endloop
  endfacet
  facet normal -0.982287 -0.187381 0
    outer loop
      vertex 56.2958 31.6165 10
      vertex 56.4487 30.8147 7
      vertex 56.4487 30.8147 10
    endloop
  endfacet
  facet normal -0.770514 -0.637423 0
    outer loop
      vertex 55.2586 33.8206 7
      vertex 54.7383 34.4496 10
      vertex 54.7383 34.4496 7
    endloop
  endfacet
  facet normal -0.770514 -0.637423 0
    outer loop
      vertex 54.7383 34.4496 10
      vertex 55.2586 33.8206 7
      vertex 55.2586 33.8206 10
    endloop
  endfacet
  facet normal 0 -1 0
    outer loop
      vertex 49.5919 36.4872 7
      vertex 50.4081 36.4872 10
      vertex 49.5919 36.4872 10
    endloop
  endfacet
  facet normal 0 -1 -0
    outer loop
      vertex 50.4081 36.4872 10
      vertex 49.5919 36.4872 7
      vertex 50.4081 36.4872 7
    endloop
  endfacet
  facet normal -0.368125 -0.929776 0
    outer loop
      vertex 52.0086 36.1819 7
      vertex 52.7676 35.8814 10
      vertex 52.0086 36.1819 10
    endloop
  endfacet
  facet normal -0.368125 -0.929776 -0
    outer loop
      vertex 52.7676 35.8814 10
      vertex 52.0086 36.1819 7
      vertex 52.7676 35.8814 7
    endloop
  endfacet
  facet normal -0.587782 -0.80902 0
    outer loop
      vertex 53.4829 35.4881 7
      vertex 54.1433 35.0083 10
      vertex 53.4829 35.4881 10
    endloop
  endfacet
  facet normal -0.587782 -0.80902 -0
    outer loop
      vertex 54.1433 35.0083 10
      vertex 53.4829 35.4881 7
      vertex 54.1433 35.0083 7
    endloop
  endfacet
  facet normal 0.904826 -0.425782 0
    outer loop
      vertex 43.9565 32.3928 10
      vertex 44.304 33.1314 7
      vertex 44.304 33.1314 10
    endloop
  endfacet
  facet normal 0.904826 -0.425782 0
    outer loop
      vertex 44.304 33.1314 7
      vertex 43.9565 32.3928 10
      vertex 43.9565 32.3928 7
    endloop
  endfacet
  facet normal 0.844329 -0.535826 0
    outer loop
      vertex 44.304 33.1314 10
      vertex 44.7414 33.8206 7
      vertex 44.7414 33.8206 10
    endloop
  endfacet
  facet normal 0.844329 -0.535826 0
    outer loop
      vertex 44.7414 33.8206 7
      vertex 44.304 33.1314 10
      vertex 44.304 33.1314 7
    endloop
  endfacet
  facet normal 0.998027 -0.0627903 0
    outer loop
      vertex 43.5 30 10
      vertex 43.5513 30.8147 7
      vertex 43.5513 30.8147 10
    endloop
  endfacet
  facet normal 0.998027 -0.0627903 0
    outer loop
      vertex 43.5513 30.8147 7
      vertex 43.5 30 10
      vertex 43.5 30 7
    endloop
  endfacet
  facet normal 0.684548 -0.728968 0
    outer loop
      vertex 45.2617 34.4496 7
      vertex 45.8567 35.0083 10
      vertex 45.2617 34.4496 10
    endloop
  endfacet
  facet normal 0.684548 -0.728968 0
    outer loop
      vertex 45.8567 35.0083 10
      vertex 45.2617 34.4496 7
      vertex 45.8567 35.0083 7
    endloop
  endfacet
  facet normal 0.24869 -0.968583 0
    outer loop
      vertex 47.9914 36.1819 7
      vertex 48.782 36.3849 10
      vertex 47.9914 36.1819 10
    endloop
  endfacet
  facet normal 0.24869 -0.968583 0
    outer loop
      vertex 48.782 36.3849 10
      vertex 47.9914 36.1819 7
      vertex 48.782 36.3849 7
    endloop
  endfacet
  facet normal -0.998027 0.0627903 0
    outer loop
      vertex 56.4487 29.1853 7
      vertex 56.5 30 10
      vertex 56.5 30 7
    endloop
  endfacet
  facet normal -0.998027 0.0627903 0
    outer loop
      vertex 56.5 30 10
      vertex 56.4487 29.1853 7
      vertex 56.4487 29.1853 10
    endloop
  endfacet
  facet normal -0.770514 0.637423 0
    outer loop
      vertex 54.7383 25.5504 7
      vertex 55.2586 26.1794 10
      vertex 55.2586 26.1794 7
    endloop
  endfacet
  facet normal -0.770514 0.637423 0
    outer loop
      vertex 55.2586 26.1794 10
      vertex 54.7383 25.5504 7
      vertex 54.7383 25.5504 10
    endloop
  endfacet
  facet normal -0.951057 0.309017 0
    outer loop
      vertex 56.0435 27.6072 7
      vertex 56.2958 28.3835 10
      vertex 56.2958 28.3835 7
    endloop
  endfacet
  facet normal -0.951057 0.309017 0
    outer loop
      vertex 56.2958 28.3835 10
      vertex 56.0435 27.6072 7
      vertex 56.0435 27.6072 10
    endloop
  endfacet
  facet normal -0.982287 0.18738 0
    outer loop
      vertex 56.2958 28.3835 7
      vertex 56.4487 29.1853 10
      vertex 56.4487 29.1853 7
    endloop
  endfacet
  facet normal -0.982287 0.18738 0
    outer loop
      vertex 56.4487 29.1853 10
      vertex 56.2958 28.3835 7
      vertex 56.2958 28.3835 10
    endloop
  endfacet
  facet normal 0.844329 0.535826 0
    outer loop
      vertex 44.7414 26.1794 10
      vertex 44.304 26.8686 7
      vertex 44.304 26.8686 10
    endloop
  endfacet
  facet normal 0.844329 0.535826 0
    outer loop
      vertex 44.304 26.8686 7
      vertex 44.7414 26.1794 10
      vertex 44.7414 26.1794 7
    endloop
  endfacet
  facet normal 0.770514 0.637423 0
    outer loop
      vertex 45.2617 25.5504 10
      vertex 44.7414 26.1794 7
      vertex 44.7414 26.1794 10
    endloop
  endfacet
  facet normal 0.770514 0.637423 0
    outer loop
      vertex 44.7414 26.1794 7
      vertex 45.2617 25.5504 10
      vertex 45.2617 25.5504 7
    endloop
  endfacet
  facet normal 0.998027 0.0627903 0
    outer loop
      vertex 43.5513 29.1853 10
      vertex 43.5 30 7
      vertex 43.5 30 10
    endloop
  endfacet
  facet normal 0.998027 0.0627903 0
    outer loop
      vertex 43.5 30 7
      vertex 43.5513 29.1853 10
      vertex 43.5513 29.1853 7
    endloop
  endfacet
  facet normal -0.587783 0.809018 0
    outer loop
      vertex 54.1433 24.9917 7
      vertex 53.4829 24.5119 10
      vertex 54.1433 24.9917 10
    endloop
  endfacet
  facet normal -0.587783 0.809018 0
    outer loop
      vertex 53.4829 24.5119 10
      vertex 54.1433 24.9917 7
      vertex 53.4829 24.5119 7
    endloop
  endfacet
  facet normal -0.684548 0.728968 0
    outer loop
      vertex 54.7383 25.5504 7
      vertex 54.1433 24.9917 10
      vertex 54.7383 25.5504 10
    endloop
  endfacet
  facet normal -0.684548 0.728968 0
    outer loop
      vertex 54.1433 24.9917 10
      vertex 54.7383 25.5504 7
      vertex 54.1433 24.9917 7
    endloop
  endfacet
  facet normal -0.844329 0.535826 0
    outer loop
      vertex 55.2586 26.1794 7
      vertex 55.696 26.8686 10
      vertex 55.696 26.8686 7
    endloop
  endfacet
  facet normal -0.844329 0.535826 0
    outer loop
      vertex 55.696 26.8686 10
      vertex 55.2586 26.1794 7
      vertex 55.2586 26.1794 10
    endloop
  endfacet
  facet normal 0.684548 0.728968 -0
    outer loop
      vertex 45.8567 24.9917 7
      vertex 45.2617 25.5504 10
      vertex 45.8567 24.9917 10
    endloop
  endfacet
  facet normal 0.684548 0.728968 0
    outer loop
      vertex 45.2617 25.5504 10
      vertex 45.8567 24.9917 7
      vertex 45.2617 25.5504 7
    endloop
  endfacet
  facet normal 0.904825 0.425783 0
    outer loop
      vertex 44.304 26.8686 10
      vertex 43.9565 27.6072 7
      vertex 43.9565 27.6072 10
    endloop
  endfacet
  facet normal 0.904825 0.425783 0
    outer loop
      vertex 43.9565 27.6072 7
      vertex 44.304 26.8686 10
      vertex 44.304 26.8686 7
    endloop
  endfacet
  facet normal 0.982287 0.18738 0
    outer loop
      vertex 43.7042 28.3835 10
      vertex 43.5513 29.1853 7
      vertex 43.5513 29.1853 10
    endloop
  endfacet
  facet normal 0.982287 0.18738 0
    outer loop
      vertex 43.5513 29.1853 7
      vertex 43.7042 28.3835 10
      vertex 43.7042 28.3835 7
    endloop
  endfacet
  facet normal -0.368125 0.929776 0
    outer loop
      vertex 52.7676 24.1186 7
      vertex 52.0086 23.8181 10
      vertex 52.7676 24.1186 10
    endloop
  endfacet
  facet normal -0.368125 0.929776 0
    outer loop
      vertex 52.0086 23.8181 10
      vertex 52.7676 24.1186 7
      vertex 52.0086 23.8181 7
    endloop
  endfacet
  facet normal -0.904825 0.425783 0
    outer loop
      vertex 55.696 26.8686 7
      vertex 56.0435 27.6072 10
      vertex 56.0435 27.6072 7
    endloop
  endfacet
  facet normal -0.904825 0.425783 0
    outer loop
      vertex 56.0435 27.6072 10
      vertex 55.696 26.8686 7
      vertex 55.696 26.8686 10
    endloop
  endfacet
  facet normal 0.125333 0.992115 -0
    outer loop
      vertex 49.5919 23.5128 7
      vertex 48.782 23.6151 10
      vertex 49.5919 23.5128 10
    endloop
  endfacet
  facet normal 0.125333 0.992115 0
    outer loop
      vertex 48.782 23.6151 10
      vertex 49.5919 23.5128 7
      vertex 48.782 23.6151 7
    endloop
  endfacet
  facet normal 0.951057 0.309017 0
    outer loop
      vertex 43.9565 27.6072 10
      vertex 43.7042 28.3835 7
      vertex 43.7042 28.3835 10
    endloop
  endfacet
  facet normal 0.951057 0.309017 0
    outer loop
      vertex 43.7042 28.3835 7
      vertex 43.9565 27.6072 10
      vertex 43.9565 27.6072 7
    endloop
  endfacet
  facet normal 0.587786 0.809017 -0
    outer loop
      vertex 46.5171 24.5119 7
      vertex 45.8567 24.9917 10
      vertex 46.5171 24.5119 10
    endloop
  endfacet
  facet normal 0.587786 0.809017 0
    outer loop
      vertex 45.8567 24.9917 10
      vertex 46.5171 24.5119 7
      vertex 45.8567 24.9917 7
    endloop
  endfacet
  facet normal 0 1 -0
    outer loop
      vertex 50.4081 23.5128 7
      vertex 49.5919 23.5128 10
      vertex 50.4081 23.5128 10
    endloop
  endfacet
  facet normal 0 1 0
    outer loop
      vertex 49.5919 23.5128 10
      vertex 50.4081 23.5128 7
      vertex 49.5919 23.5128 7
    endloop
  endfacet
  facet normal 0.481753 0.876307 -0
    outer loop
      vertex 47.2324 24.1186 7
      vertex 46.5171 24.5119 10
      vertex 47.2324 24.1186 10
    endloop
  endfacet
  facet normal 0.481753 0.876307 0
    outer loop
      vertex 46.5171 24.5119 10
      vertex 47.2324 24.1186 7
      vertex 46.5171 24.5119 7
    endloop
  endfacet
  facet normal 0.248692 0.968583 -0
    outer loop
      vertex 48.782 23.6151 7
      vertex 47.9914 23.8181 10
      vertex 48.782 23.6151 10
    endloop
  endfacet
  facet normal 0.248692 0.968583 0
    outer loop
      vertex 47.9914 23.8181 10
      vertex 48.782 23.6151 7
      vertex 47.9914 23.8181 7
    endloop
  endfacet
  facet normal 0.368124 0.929777 -0
    outer loop
      vertex 47.9914 23.8181 7
      vertex 47.2324 24.1186 10
      vertex 47.9914 23.8181 10
    endloop
  endfacet
  facet normal 0.368124 0.929777 0
    outer loop
      vertex 47.2324 24.1186 10
      vertex 47.9914 23.8181 7
      vertex 47.2324 24.1186 7
    endloop
  endfacet
  facet normal 0 -0.425779 0.904827
    outer loop
      vertex -10 -18.7956 4.80923
      vertex -5 -19.0797 4.67556
      vertex -5 -18.7956 4.80923
    endloop
  endfacet
  facet normal 0 -0.425779 0.904827
    outer loop
      vertex -5 -19.0797 4.67556
      vertex -10 -18.7956 4.80923
      vertex -10 -19.0797 4.67556
    endloop
  endfacet
  facet normal 0 0.992115 0.125333
    outer loop
      vertex -5 -22.4557 6.53155
      vertex -10 -22.4951 6.84302
      vertex -5 -22.4951 6.84302
    endloop
  endfacet
  facet normal 0 0.992115 0.125333
    outer loop
      vertex -10 -22.4951 6.84302
      vertex -5 -22.4557 6.53155
      vertex -10 -22.4557 6.53155
    endloop
  endfacet
  facet normal 0 -0.535829 0.844327
    outer loop
      vertex -10 -18.5305 4.97746
      vertex -5 -18.752 4.83688
      vertex -5 -18.5305 4.97746
    endloop
  endfacet
  facet normal 1.46276e-07 -0.535826 0.844328
    outer loop
      vertex -10 -18.7956 4.80923
      vertex -5 -18.752 4.83688
      vertex -10 -18.5305 4.97746
    endloop
  endfacet
  facet normal 0 -0.535814 0.844336
    outer loop
      vertex -5 -18.752 4.83688
      vertex -10 -18.7956 4.80923
      vertex -5 -18.7956 4.80923
    endloop
  endfacet
  facet normal 0 -0.968583 0.248691
    outer loop
      vertex -10 -17.6224 6.22746
      vertex -5 -17.5443 6.53155
      vertex -10 -17.5443 6.53155
    endloop
  endfacet
  facet normal 0 -0.968583 0.248691
    outer loop
      vertex -5 -17.5443 6.53155
      vertex -10 -17.6224 6.22746
      vertex -5 -17.6224 6.22746
    endloop
  endfacet
  facet normal 0 -0.425779 -0.904827
    outer loop
      vertex -10 -19.0797 9.32444
      vertex -5 -18.7956 9.19077
      vertex -5 -19.0797 9.32444
    endloop
  endfacet
  facet normal -0 -0.425779 -0.904827
    outer loop
      vertex -5 -18.7956 9.19077
      vertex -10 -19.0797 9.32444
      vertex -10 -18.7956 9.19077
    endloop
  endfacet
  facet normal 0 -0.929776 -0.368126
    outer loop
      vertex -10 -17.6224 7.77254
      vertex -5 -17.7379 8.06445
      vertex -10 -17.7379 8.06445
    endloop
  endfacet
  facet normal 0 -0.929776 -0.368126
    outer loop
      vertex -5 -17.7379 8.06445
      vertex -10 -17.6224 7.77254
      vertex -5 -17.6224 7.77254
    endloop
  endfacet
  facet normal 0 -0.0627909 -0.998027
    outer loop
      vertex -10 -20 9.5
      vertex -5 -19.6867 9.48029
      vertex -5 -20 9.5
    endloop
  endfacet
  facet normal -0 -0.0627909 -0.998027
    outer loop
      vertex -5 -19.6867 9.48029
      vertex -10 -20 9.5
      vertex -10 -19.6867 9.48029
    endloop
  endfacet
  facet normal 0 -0.992115 -0.125333
    outer loop
      vertex -10 -17.5049 7.15698
      vertex -5 -17.5443 7.46845
      vertex -10 -17.5443 7.46845
    endloop
  endfacet
  facet normal 0 -0.992115 -0.125333
    outer loop
      vertex -5 -17.5443 7.46845
      vertex -10 -17.5049 7.15698
      vertex -5 -17.5049 7.15698
    endloop
  endfacet
  facet normal 0 -0.728968 -0.684548
    outer loop
      vertex -10 -18.0737 8.59356
      vertex -5 -18.2886 8.82242
      vertex -10 -18.2886 8.82242
    endloop
  endfacet
  facet normal 0 -0.728968 -0.684548
    outer loop
      vertex -5 -18.2886 8.82242
      vertex -10 -18.0737 8.59356
      vertex -5 -18.0737 8.59356
    endloop
  endfacet
  facet normal -0 0.0627883 0.998027
    outer loop
      vertex -10 -20 4.5
      vertex -5 -20.3133 4.51971
      vertex -5 -20 4.5
    endloop
  endfacet
  facet normal 0 0.0627883 0.998027
    outer loop
      vertex -5 -20.3133 4.51971
      vertex -10 -20 4.5
      vertex -10 -20.3133 4.51971
    endloop
  endfacet
  facet normal -0 0.425779 0.904827
    outer loop
      vertex -10 -20.9203 4.67556
      vertex -5 -21.2044 4.80923
      vertex -5 -20.9203 4.67556
    endloop
  endfacet
  facet normal 0 0.425779 0.904827
    outer loop
      vertex -5 -21.2044 4.80923
      vertex -10 -20.9203 4.67556
      vertex -10 -21.2044 4.80923
    endloop
  endfacet
  facet normal 0 -0.187383 0.982287
    outer loop
      vertex -10 -19.3783 4.57854
      vertex -5 -19.6867 4.51971
      vertex -5 -19.3783 4.57854
    endloop
  endfacet
  facet normal 0 -0.187383 0.982287
    outer loop
      vertex -5 -19.6867 4.51971
      vertex -10 -19.3783 4.57854
      vertex -10 -19.6867 4.51971
    endloop
  endfacet
  facet normal 0 -0.309017 0.951057
    outer loop
      vertex -10 -19.0797 4.67556
      vertex -5 -19.3783 4.57854
      vertex -5 -19.0797 4.67556
    endloop
  endfacet
  facet normal 0 -0.309017 0.951057
    outer loop
      vertex -5 -19.3783 4.57854
      vertex -10 -19.0797 4.67556
      vertex -10 -19.3783 4.57854
    endloop
  endfacet
  facet normal 0 -0.728968 0.684548
    outer loop
      vertex -10 -18.2886 5.17758
      vertex -5 -18.0737 5.40644
      vertex -10 -18.0737 5.40644
    endloop
  endfacet
  facet normal 0 -0.728968 0.684548
    outer loop
      vertex -5 -18.0737 5.40644
      vertex -10 -18.2886 5.17758
      vertex -5 -18.2886 5.17758
    endloop
  endfacet
  facet normal 0 -1 0
    outer loop
      vertex -10 -17.5049 6.84302
      vertex -5 -17.5049 7.15698
      vertex -10 -17.5049 7.15698
    endloop
  endfacet
  facet normal 0 -1 -0
    outer loop
      vertex -5 -17.5049 7.15698
      vertex -10 -17.5049 6.84302
      vertex -5 -17.5049 6.84302
    endloop
  endfacet
  facet normal 0 -0.992115 0.125333
    outer loop
      vertex -10 -17.5443 6.53155
      vertex -5 -17.5049 6.84302
      vertex -10 -17.5049 6.84302
    endloop
  endfacet
  facet normal 0 -0.992115 0.125333
    outer loop
      vertex -5 -17.5049 6.84302
      vertex -10 -17.5443 6.53155
      vertex -5 -17.5443 6.53155
    endloop
  endfacet
  facet normal 0 -0.929776 0.368126
    outer loop
      vertex -10 -17.7379 5.93555
      vertex -5 -17.6224 6.22746
      vertex -10 -17.6224 6.22746
    endloop
  endfacet
  facet normal 0 -0.929776 0.368126
    outer loop
      vertex -5 -17.6224 6.22746
      vertex -10 -17.7379 5.93555
      vertex -5 -17.7379 5.93555
    endloop
  endfacet
  facet normal 0 -0.809018 0.587784
    outer loop
      vertex -10 -18.0737 5.40644
      vertex -5 -17.8892 5.66043
      vertex -10 -17.8892 5.66043
    endloop
  endfacet
  facet normal 0 -0.809018 0.587784
    outer loop
      vertex -5 -17.8892 5.66043
      vertex -10 -18.0737 5.40644
      vertex -5 -18.0737 5.40644
    endloop
  endfacet
  facet normal 0 -0.187383 -0.982287
    outer loop
      vertex -10 -19.6867 9.48029
      vertex -5 -19.3783 9.42146
      vertex -5 -19.6867 9.48029
    endloop
  endfacet
  facet normal -0 -0.187383 -0.982287
    outer loop
      vertex -5 -19.3783 9.42146
      vertex -10 -19.6867 9.48029
      vertex -10 -19.3783 9.42146
    endloop
  endfacet
  facet normal 0 -0.309017 -0.951057
    outer loop
      vertex -10 -19.3783 9.42146
      vertex -5 -19.0797 9.32444
      vertex -5 -19.3783 9.42146
    endloop
  endfacet
  facet normal -0 -0.309017 -0.951057
    outer loop
      vertex -5 -19.0797 9.32444
      vertex -10 -19.3783 9.42146
      vertex -10 -19.0797 9.32444
    endloop
  endfacet
  facet normal 0 -0.535826 -0.844328
    outer loop
      vertex -10 -18.7956 9.19077
      vertex -5 -18.5305 9.02254
      vertex -5 -18.7956 9.19077
    endloop
  endfacet
  facet normal -0 -0.535826 -0.844328
    outer loop
      vertex -5 -18.5305 9.02254
      vertex -10 -18.7956 9.19077
      vertex -10 -18.5305 9.02254
    endloop
  endfacet
  facet normal 0 -0.637423 -0.770514
    outer loop
      vertex -10 -18.5305 9.02254
      vertex -5 -18.2886 8.82242
      vertex -5 -18.5305 9.02254
    endloop
  endfacet
  facet normal -0 -0.637423 -0.770514
    outer loop
      vertex -5 -18.2886 8.82242
      vertex -10 -18.5305 9.02254
      vertex -10 -18.2886 8.82242
    endloop
  endfacet
  facet normal 0 -0.0627879 0.998027
    outer loop
      vertex -10 -19.6867 4.51971
      vertex -5 -20 4.5
      vertex -5 -19.6867 4.51971
    endloop
  endfacet
  facet normal 0 -0.0627879 0.998027
    outer loop
      vertex -5 -20 4.5
      vertex -10 -19.6867 4.51971
      vertex -10 -20 4.5
    endloop
  endfacet
  facet normal -0 0.309015 0.951057
    outer loop
      vertex -10 -20.6217 4.57854
      vertex -5 -20.9203 4.67556
      vertex -5 -20.6217 4.57854
    endloop
  endfacet
  facet normal 0 0.309015 0.951057
    outer loop
      vertex -5 -20.9203 4.67556
      vertex -10 -20.6217 4.57854
      vertex -10 -20.9203 4.67556
    endloop
  endfacet
  facet normal 0 0.0627913 -0.998027
    outer loop
      vertex -10 -20.3133 9.48029
      vertex -5 -20 9.5
      vertex -5 -20.3133 9.48029
    endloop
  endfacet
  facet normal 0 0.0627913 -0.998027
    outer loop
      vertex -5 -20 9.5
      vertex -10 -20.3133 9.48029
      vertex -10 -20 9.5
    endloop
  endfacet
  facet normal 0 0.728971 0.684545
    outer loop
      vertex -5 -21.7114 5.17758
      vertex -10 -21.9263 5.40644
      vertex -5 -21.9263 5.40644
    endloop
  endfacet
  facet normal 0 0.728971 0.684545
    outer loop
      vertex -10 -21.9263 5.40644
      vertex -5 -21.7114 5.17758
      vertex -10 -21.7114 5.17758
    endloop
  endfacet
  facet normal 0 -0.809018 -0.587784
    outer loop
      vertex -10 -17.8892 8.33957
      vertex -5 -18.0737 8.59356
      vertex -10 -18.0737 8.59356
    endloop
  endfacet
  facet normal 0 -0.809018 -0.587784
    outer loop
      vertex -5 -18.0737 8.59356
      vertex -10 -17.8892 8.33957
      vertex -5 -17.8892 8.33957
    endloop
  endfacet
  facet normal 0 -0.637423 0.770514
    outer loop
      vertex -10 -18.2886 5.17758
      vertex -5 -18.5305 4.97746
      vertex -5 -18.2886 5.17758
    endloop
  endfacet
  facet normal 0 -0.637423 0.770514
    outer loop
      vertex -5 -18.5305 4.97746
      vertex -10 -18.2886 5.17758
      vertex -10 -18.5305 4.97746
    endloop
  endfacet
  facet normal 0 -0.968583 -0.248691
    outer loop
      vertex -10 -17.5443 7.46845
      vertex -5 -17.6224 7.77254
      vertex -10 -17.6224 7.77254
    endloop
  endfacet
  facet normal 0 -0.968583 -0.248691
    outer loop
      vertex -5 -17.6224 7.77254
      vertex -10 -17.5443 7.46845
      vertex -5 -17.5443 7.46845
    endloop
  endfacet
  facet normal 0 -0.876308 -0.481752
    outer loop
      vertex -10 -17.7379 8.06445
      vertex -5 -17.8892 8.33957
      vertex -10 -17.8892 8.33957
    endloop
  endfacet
  facet normal 0 -0.876308 -0.481752
    outer loop
      vertex -5 -17.8892 8.33957
      vertex -10 -17.7379 8.06445
      vertex -5 -17.7379 8.06445
    endloop
  endfacet
  facet normal 0 -0.876308 0.481752
    outer loop
      vertex -10 -17.8892 5.66043
      vertex -5 -17.7379 5.93555
      vertex -10 -17.7379 5.93555
    endloop
  endfacet
  facet normal 0 -0.876308 0.481752
    outer loop
      vertex -5 -17.7379 5.93555
      vertex -10 -17.8892 5.66043
      vertex -5 -17.8892 5.66043
    endloop
  endfacet
  facet normal -0 0.187383 0.982287
    outer loop
      vertex -10 -20.3133 4.51971
      vertex -5 -20.6217 4.57854
      vertex -5 -20.3133 4.51971
    endloop
  endfacet
  facet normal 0 0.187383 0.982287
    outer loop
      vertex -5 -20.6217 4.57854
      vertex -10 -20.3133 4.51971
      vertex -10 -20.6217 4.57854
    endloop
  endfacet
  facet normal 0 0.968581 0.248697
    outer loop
      vertex -5 -22.3776 6.22746
      vertex -10 -22.4557 6.53155
      vertex -5 -22.4557 6.53155
    endloop
  endfacet
  facet normal 0 0.968581 0.248697
    outer loop
      vertex -10 -22.4557 6.53155
      vertex -5 -22.3776 6.22746
      vertex -10 -22.3776 6.22746
    endloop
  endfacet
  facet normal -0 0.637423 0.770514
    outer loop
      vertex -10 -21.4695 4.97746
      vertex -5 -21.7114 5.17758
      vertex -5 -21.4695 4.97746
    endloop
  endfacet
  facet normal 0 0.637423 0.770514
    outer loop
      vertex -5 -21.7114 5.17758
      vertex -10 -21.4695 4.97746
      vertex -10 -21.7114 5.17758
    endloop
  endfacet
  facet normal 0 0.309015 -0.951057
    outer loop
      vertex -10 -20.9203 9.32444
      vertex -5 -20.6217 9.42146
      vertex -5 -20.9203 9.32444
    endloop
  endfacet
  facet normal 0 0.309015 -0.951057
    outer loop
      vertex -5 -20.6217 9.42146
      vertex -10 -20.9203 9.32444
      vertex -10 -20.6217 9.42146
    endloop
  endfacet
  facet normal -0 0.535831 0.844325
    outer loop
      vertex -10 -21.2044 4.80923
      vertex -5 -21.2479 4.83688
      vertex -5 -21.2044 4.80923
    endloop
  endfacet
  facet normal -6.95578e-08 0.535825 0.844329
    outer loop
      vertex -5 -21.2479 4.83688
      vertex -10 -21.2044 4.80923
      vertex -5 -21.4695 4.97746
    endloop
  endfacet
  facet normal 0 0.535826 0.844328
    outer loop
      vertex -5 -21.4695 4.97746
      vertex -10 -21.2044 4.80923
      vertex -10 -21.4695 4.97746
    endloop
  endfacet
  facet normal 0 0.637423 -0.770514
    outer loop
      vertex -10 -21.7114 8.82242
      vertex -5 -21.4695 9.02254
      vertex -5 -21.7114 8.82242
    endloop
  endfacet
  facet normal 0 0.637423 -0.770514
    outer loop
      vertex -5 -21.4695 9.02254
      vertex -10 -21.7114 8.82242
      vertex -10 -21.4695 9.02254
    endloop
  endfacet
  facet normal 0 0.929776 0.368126
    outer loop
      vertex -5 -22.2621 5.93555
      vertex -10 -22.3776 6.22746
      vertex -5 -22.3776 6.22746
    endloop
  endfacet
  facet normal 0 0.929776 0.368126
    outer loop
      vertex -10 -22.3776 6.22746
      vertex -5 -22.2621 5.93555
      vertex -10 -22.2621 5.93555
    endloop
  endfacet
  facet normal 0 0.187383 -0.982287
    outer loop
      vertex -10 -20.6217 9.42146
      vertex -5 -20.3133 9.48029
      vertex -5 -20.6217 9.42146
    endloop
  endfacet
  facet normal 0 0.187383 -0.982287
    outer loop
      vertex -5 -20.3133 9.48029
      vertex -10 -20.6217 9.42146
      vertex -10 -20.3133 9.48029
    endloop
  endfacet
  facet normal 0 0.728971 -0.684545
    outer loop
      vertex -5 -21.9263 8.59356
      vertex -10 -21.7114 8.82242
      vertex -5 -21.7114 8.82242
    endloop
  endfacet
  facet normal 0 0.728971 -0.684545
    outer loop
      vertex -10 -21.7114 8.82242
      vertex -5 -21.9263 8.59356
      vertex -10 -21.9263 8.59356
    endloop
  endfacet
  facet normal 0 0.809018 -0.587784
    outer loop
      vertex -5 -22.1108 8.33957
      vertex -10 -21.9263 8.59356
      vertex -5 -21.9263 8.59356
    endloop
  endfacet
  facet normal 0 0.809018 -0.587784
    outer loop
      vertex -10 -21.9263 8.59356
      vertex -5 -22.1108 8.33957
      vertex -10 -22.1108 8.33957
    endloop
  endfacet
  facet normal 0 0.929776 -0.368126
    outer loop
      vertex -5 -22.3776 7.77254
      vertex -10 -22.2621 8.06445
      vertex -5 -22.2621 8.06445
    endloop
  endfacet
  facet normal 0 0.929776 -0.368126
    outer loop
      vertex -10 -22.2621 8.06445
      vertex -5 -22.3776 7.77254
      vertex -10 -22.3776 7.77254
    endloop
  endfacet
  facet normal 0 0.968581 -0.248697
    outer loop
      vertex -5 -22.4557 7.46845
      vertex -10 -22.3776 7.77254
      vertex -5 -22.3776 7.77254
    endloop
  endfacet
  facet normal 0 0.968581 -0.248697
    outer loop
      vertex -10 -22.3776 7.77254
      vertex -5 -22.4557 7.46845
      vertex -10 -22.4557 7.46845
    endloop
  endfacet
  facet normal 0 0.809018 0.587784
    outer loop
      vertex -5 -21.9263 5.40644
      vertex -10 -22.1108 5.66043
      vertex -5 -22.1108 5.66043
    endloop
  endfacet
  facet normal 0 0.809018 0.587784
    outer loop
      vertex -10 -22.1108 5.66043
      vertex -5 -21.9263 5.40644
      vertex -10 -21.9263 5.40644
    endloop
  endfacet
  facet normal 0 0.876308 0.481752
    outer loop
      vertex -5 -22.1108 5.66043
      vertex -10 -22.2621 5.93555
      vertex -5 -22.2621 5.93555
    endloop
  endfacet
  facet normal 0 0.876308 0.481752
    outer loop
      vertex -10 -22.2621 5.93555
      vertex -5 -22.1108 5.66043
      vertex -10 -22.1108 5.66043
    endloop
  endfacet
  facet normal 0 0.535826 -0.844328
    outer loop
      vertex -10 -21.4695 9.02254
      vertex -5 -21.2044 9.19077
      vertex -5 -21.4695 9.02254
    endloop
  endfacet
  facet normal 0 0.535826 -0.844328
    outer loop
      vertex -5 -21.2044 9.19077
      vertex -10 -21.4695 9.02254
      vertex -10 -21.2044 9.19077
    endloop
  endfacet
  facet normal 0 0.425779 -0.904827
    outer loop
      vertex -10 -21.2044 9.19077
      vertex -5 -20.9203 9.32444
      vertex -5 -21.2044 9.19077
    endloop
  endfacet
  facet normal 0 0.425779 -0.904827
    outer loop
      vertex -5 -20.9203 9.32444
      vertex -10 -21.2044 9.19077
      vertex -10 -20.9203 9.32444
    endloop
  endfacet
  facet normal 0 0.876308 -0.481752
    outer loop
      vertex -5 -22.2621 8.06445
      vertex -10 -22.1108 8.33957
      vertex -5 -22.1108 8.33957
    endloop
  endfacet
  facet normal 0 0.876308 -0.481752
    outer loop
      vertex -10 -22.1108 8.33957
      vertex -5 -22.2621 8.06445
      vertex -10 -22.2621 8.06445
    endloop
  endfacet
  facet normal 0 1 0
    outer loop
      vertex -5 -22.4951 6.84302
      vertex -10 -22.4951 7.15698
      vertex -5 -22.4951 7.15698
    endloop
  endfacet
  facet normal 0 1 0
    outer loop
      vertex -10 -22.4951 7.15698
      vertex -5 -22.4951 6.84302
      vertex -10 -22.4951 6.84302
    endloop
  endfacet
  facet normal 0 0.992115 -0.125333
    outer loop
      vertex -5 -22.4951 7.15698
      vertex -10 -22.4557 7.46845
      vertex -5 -22.4557 7.46845
    endloop
  endfacet
  facet normal 0 0.992115 -0.125333
    outer loop
      vertex -10 -22.4557 7.46845
      vertex -5 -22.4951 7.15698
      vertex -10 -22.4951 7.15698
    endloop
  endfacet
  facet normal 0 -0.0627883 0.998027
    outer loop
      vertex -10 80.3133 4.51971
      vertex -5 80 4.5
      vertex -5 80.3133 4.51971
    endloop
  endfacet
  facet normal 0 -0.0627883 0.998027
    outer loop
      vertex -5 80 4.5
      vertex -10 80.3133 4.51971
      vertex -10 80 4.5
    endloop
  endfacet
  facet normal 0 -0.0627913 -0.998027
    outer loop
      vertex -10 80 9.5
      vertex -5 80.3133 9.48029
      vertex -5 80 9.5
    endloop
  endfacet
  facet normal -0 -0.0627913 -0.998027
    outer loop
      vertex -5 80.3133 9.48029
      vertex -10 80 9.5
      vertex -10 80.3133 9.48029
    endloop
  endfacet
  facet normal 0 0.992113 0.125345
    outer loop
      vertex -5 77.5443 6.53155
      vertex -10 77.5049 6.84302
      vertex -5 77.5049 6.84302
    endloop
  endfacet
  facet normal 0 0.992113 0.125345
    outer loop
      vertex -10 77.5049 6.84302
      vertex -5 77.5443 6.53155
      vertex -10 77.5443 6.53155
    endloop
  endfacet
  facet normal 0 -0.535832 -0.844325
    outer loop
      vertex -10 81.2044 9.19077
      vertex -5 81.4695 9.02254
      vertex -5 81.2044 9.19077
    endloop
  endfacet
  facet normal -0 -0.535832 -0.844325
    outer loop
      vertex -5 81.4695 9.02254
      vertex -10 81.2044 9.19077
      vertex -10 81.4695 9.02254
    endloop
  endfacet
  facet normal 0 -0.728961 -0.684555
    outer loop
      vertex -10 81.9263 8.59356
      vertex -5 81.7114 8.82242
      vertex -10 81.7114 8.82242
    endloop
  endfacet
  facet normal 0 -0.728961 -0.684555
    outer loop
      vertex -5 81.7114 8.82242
      vertex -10 81.9263 8.59356
      vertex -5 81.9263 8.59356
    endloop
  endfacet
  facet normal 0 -0.968581 -0.248697
    outer loop
      vertex -10 82.4557 7.46845
      vertex -5 82.3776 7.77254
      vertex -10 82.3776 7.77254
    endloop
  endfacet
  facet normal 0 -0.968581 -0.248697
    outer loop
      vertex -5 82.3776 7.77254
      vertex -10 82.4557 7.46845
      vertex -5 82.4557 7.46845
    endloop
  endfacet
  facet normal 0 -0.637423 0.770514
    outer loop
      vertex -10 81.7114 5.17758
      vertex -5 81.4695 4.97746
      vertex -5 81.7114 5.17758
    endloop
  endfacet
  facet normal 0 -0.637423 0.770514
    outer loop
      vertex -5 81.4695 4.97746
      vertex -10 81.7114 5.17758
      vertex -10 81.4695 4.97746
    endloop
  endfacet
  facet normal 0 -0.809024 0.587776
    outer loop
      vertex -10 81.9263 5.40644
      vertex -5 82.1108 5.66043
      vertex -10 82.1108 5.66043
    endloop
  endfacet
  facet normal 0 -0.809024 0.587776
    outer loop
      vertex -5 82.1108 5.66043
      vertex -10 81.9263 5.40644
      vertex -5 81.9263 5.40644
    endloop
  endfacet
  facet normal 0 -0.968581 0.248697
    outer loop
      vertex -10 82.3776 6.22746
      vertex -5 82.4557 6.53155
      vertex -10 82.4557 6.53155
    endloop
  endfacet
  facet normal 0 -0.968581 0.248697
    outer loop
      vertex -5 82.4557 6.53155
      vertex -10 82.3776 6.22746
      vertex -5 82.3776 6.22746
    endloop
  endfacet
  facet normal 0 -0.92978 0.368115
    outer loop
      vertex -10 82.2621 5.93555
      vertex -5 82.3776 6.22746
      vertex -10 82.3776 6.22746
    endloop
  endfacet
  facet normal 0 -0.92978 0.368115
    outer loop
      vertex -5 82.3776 6.22746
      vertex -10 82.2621 5.93555
      vertex -5 82.2621 5.93555
    endloop
  endfacet
  facet normal 0 -0.425779 -0.904827
    outer loop
      vertex -10 80.9203 9.32444
      vertex -5 81.2044 9.19077
      vertex -5 80.9203 9.32444
    endloop
  endfacet
  facet normal -0 -0.425779 -0.904827
    outer loop
      vertex -5 81.2044 9.19077
      vertex -10 80.9203 9.32444
      vertex -10 81.2044 9.19077
    endloop
  endfacet
  facet normal 0 -0.992116 -0.125321
    outer loop
      vertex -10 82.4951 7.15698
      vertex -5 82.4557 7.46845
      vertex -10 82.4557 7.46845
    endloop
  endfacet
  facet normal 0 -0.992116 -0.125321
    outer loop
      vertex -5 82.4557 7.46845
      vertex -10 82.4951 7.15698
      vertex -5 82.4951 7.15698
    endloop
  endfacet
  facet normal 0 0.968581 -0.248697
    outer loop
      vertex -5 77.5443 7.46845
      vertex -10 77.6224 7.77254
      vertex -5 77.6224 7.77254
    endloop
  endfacet
  facet normal 0 0.968581 -0.248697
    outer loop
      vertex -10 77.6224 7.77254
      vertex -5 77.5443 7.46845
      vertex -10 77.5443 7.46845
    endloop
  endfacet
  facet normal 0 0.92978 -0.368115
    outer loop
      vertex -5 77.6224 7.77254
      vertex -10 77.7379 8.06445
      vertex -5 77.7379 8.06445
    endloop
  endfacet
  facet normal 0 0.92978 -0.368115
    outer loop
      vertex -10 77.7379 8.06445
      vertex -5 77.6224 7.77254
      vertex -10 77.6224 7.77254
    endloop
  endfacet
  facet normal 0 0.968581 0.248697
    outer loop
      vertex -5 77.6224 6.22746
      vertex -10 77.5443 6.53155
      vertex -5 77.5443 6.53155
    endloop
  endfacet
  facet normal 0 0.968581 0.248697
    outer loop
      vertex -10 77.5443 6.53155
      vertex -5 77.6224 6.22746
      vertex -10 77.6224 6.22746
    endloop
  endfacet
  facet normal 0 0.92978 0.368115
    outer loop
      vertex -5 77.7379 5.93555
      vertex -10 77.6224 6.22746
      vertex -5 77.6224 6.22746
    endloop
  endfacet
  facet normal 0 0.92978 0.368115
    outer loop
      vertex -10 77.6224 6.22746
      vertex -5 77.7379 5.93555
      vertex -10 77.7379 5.93555
    endloop
  endfacet
  facet normal 0 -0.187381 0.982287
    outer loop
      vertex -10 80.6217 4.57854
      vertex -5 80.3133 4.51971
      vertex -5 80.6217 4.57854
    endloop
  endfacet
  facet normal 0 -0.187381 0.982287
    outer loop
      vertex -5 80.3133 4.51971
      vertex -10 80.6217 4.57854
      vertex -10 80.3133 4.51971
    endloop
  endfacet
  facet normal 0 -0.425779 0.904827
    outer loop
      vertex -10 81.2044 4.80923
      vertex -5 80.9203 4.67556
      vertex -5 81.2044 4.80923
    endloop
  endfacet
  facet normal 0 -0.425779 0.904827
    outer loop
      vertex -5 80.9203 4.67556
      vertex -10 81.2044 4.80923
      vertex -10 80.9203 4.67556
    endloop
  endfacet
  facet normal 0 -0.728961 0.684555
    outer loop
      vertex -10 81.7114 5.17758
      vertex -5 81.9263 5.40644
      vertex -10 81.9263 5.40644
    endloop
  endfacet
  facet normal 0 -0.728961 0.684555
    outer loop
      vertex -5 81.9263 5.40644
      vertex -10 81.7114 5.17758
      vertex -5 81.7114 5.17758
    endloop
  endfacet
  facet normal 0 -0.535829 0.844327
    outer loop
      vertex -10 81.4695 4.97746
      vertex -5 81.2479 4.83688
      vertex -5 81.4695 4.97746
    endloop
  endfacet
  facet normal -1.95342e-07 -0.535832 0.844325
    outer loop
      vertex -10 81.2044 4.80923
      vertex -5 81.2479 4.83688
      vertex -10 81.4695 4.97746
    endloop
  endfacet
  facet normal 0 -0.535848 0.844315
    outer loop
      vertex -5 81.2479 4.83688
      vertex -10 81.2044 4.80923
      vertex -5 81.2044 4.80923
    endloop
  endfacet
  facet normal 0 -0.992116 0.125321
    outer loop
      vertex -10 82.4557 6.53155
      vertex -5 82.4951 6.84302
      vertex -10 82.4951 6.84302
    endloop
  endfacet
  facet normal 0 -0.992116 0.125321
    outer loop
      vertex -5 82.4951 6.84302
      vertex -10 82.4557 6.53155
      vertex -5 82.4557 6.53155
    endloop
  endfacet
  facet normal 0 -0.637423 -0.770514
    outer loop
      vertex -10 81.4695 9.02254
      vertex -5 81.7114 8.82242
      vertex -5 81.4695 9.02254
    endloop
  endfacet
  facet normal -0 -0.637423 -0.770514
    outer loop
      vertex -5 81.7114 8.82242
      vertex -10 81.4695 9.02254
      vertex -10 81.7114 8.82242
    endloop
  endfacet
  facet normal 0 -0.309018 -0.951056
    outer loop
      vertex -10 80.6217 9.42146
      vertex -5 80.9203 9.32444
      vertex -5 80.6217 9.42146
    endloop
  endfacet
  facet normal -0 -0.309018 -0.951056
    outer loop
      vertex -5 80.9203 9.32444
      vertex -10 80.6217 9.42146
      vertex -10 80.9203 9.32444
    endloop
  endfacet
  facet normal 0 -0.187381 -0.982287
    outer loop
      vertex -10 80.3133 9.48029
      vertex -5 80.6217 9.42146
      vertex -5 80.3133 9.48029
    endloop
  endfacet
  facet normal -0 -0.187381 -0.982287
    outer loop
      vertex -5 80.6217 9.42146
      vertex -10 80.3133 9.48029
      vertex -10 80.6217 9.42146
    endloop
  endfacet
  facet normal 0 0.0627913 -0.998027
    outer loop
      vertex -10 79.6867 9.48029
      vertex -5 80 9.5
      vertex -5 79.6867 9.48029
    endloop
  endfacet
  facet normal 0 0.0627913 -0.998027
    outer loop
      vertex -5 80 9.5
      vertex -10 79.6867 9.48029
      vertex -10 80 9.5
    endloop
  endfacet
  facet normal 0 0.425779 -0.904827
    outer loop
      vertex -10 78.7956 9.19077
      vertex -5 79.0797 9.32444
      vertex -5 78.7956 9.19077
    endloop
  endfacet
  facet normal 0 0.425779 -0.904827
    outer loop
      vertex -5 79.0797 9.32444
      vertex -10 78.7956 9.19077
      vertex -10 79.0797 9.32444
    endloop
  endfacet
  facet normal 0 0.637435 -0.770504
    outer loop
      vertex -10 78.2886 8.82242
      vertex -5 78.5305 9.02254
      vertex -5 78.2886 8.82242
    endloop
  endfacet
  facet normal 0 0.637435 -0.770504
    outer loop
      vertex -5 78.5305 9.02254
      vertex -10 78.2886 8.82242
      vertex -10 78.5305 9.02254
    endloop
  endfacet
  facet normal -0 0.425779 0.904827
    outer loop
      vertex -10 79.0797 4.67556
      vertex -5 78.7956 4.80923
      vertex -5 79.0797 4.67556
    endloop
  endfacet
  facet normal 0 0.425779 0.904827
    outer loop
      vertex -5 78.7956 4.80923
      vertex -10 79.0797 4.67556
      vertex -10 78.7956 4.80923
    endloop
  endfacet
  facet normal -0 0.535848 0.844315
    outer loop
      vertex -10 78.7956 4.80923
      vertex -5 78.7521 4.83688
      vertex -5 78.7956 4.80923
    endloop
  endfacet
  facet normal -3.94554e-07 0.535815 0.844335
    outer loop
      vertex -5 78.7521 4.83688
      vertex -10 78.7956 4.80923
      vertex -5 78.5305 4.97746
    endloop
  endfacet
  facet normal 0 0.535821 0.844332
    outer loop
      vertex -5 78.5305 4.97746
      vertex -10 78.7956 4.80923
      vertex -10 78.5305 4.97746
    endloop
  endfacet
  facet normal 0 -0.309018 0.951056
    outer loop
      vertex -10 80.9203 4.67556
      vertex -5 80.6217 4.57854
      vertex -5 80.9203 4.67556
    endloop
  endfacet
  facet normal 0 -0.309018 0.951056
    outer loop
      vertex -5 80.6217 4.57854
      vertex -10 80.9203 4.67556
      vertex -10 80.6217 4.57854
    endloop
  endfacet
  facet normal 0 -0.92978 -0.368115
    outer loop
      vertex -10 82.3776 7.77254
      vertex -5 82.2621 8.06445
      vertex -10 82.2621 8.06445
    endloop
  endfacet
  facet normal 0 -0.92978 -0.368115
    outer loop
      vertex -5 82.2621 8.06445
      vertex -10 82.3776 7.77254
      vertex -5 82.3776 7.77254
    endloop
  endfacet
  facet normal 0 -0.8763 -0.481766
    outer loop
      vertex -10 82.2621 8.06445
      vertex -5 82.1108 8.33957
      vertex -10 82.1108 8.33957
    endloop
  endfacet
  facet normal 0 -0.8763 -0.481766
    outer loop
      vertex -5 82.1108 8.33957
      vertex -10 82.2621 8.06445
      vertex -5 82.2621 8.06445
    endloop
  endfacet
  facet normal 0 -0.8763 0.481766
    outer loop
      vertex -10 82.1108 5.66043
      vertex -5 82.2621 5.93555
      vertex -10 82.2621 5.93555
    endloop
  endfacet
  facet normal 0 -0.8763 0.481766
    outer loop
      vertex -5 82.2621 5.93555
      vertex -10 82.1108 5.66043
      vertex -5 82.1108 5.66043
    endloop
  endfacet
  facet normal -0 0.309018 0.951056
    outer loop
      vertex -10 79.3783 4.57854
      vertex -5 79.0797 4.67556
      vertex -5 79.3783 4.57854
    endloop
  endfacet
  facet normal 0 0.309018 0.951056
    outer loop
      vertex -5 79.0797 4.67556
      vertex -10 79.3783 4.57854
      vertex -10 79.0797 4.67556
    endloop
  endfacet
  facet normal -0 0.187381 0.982287
    outer loop
      vertex -10 79.6867 4.51971
      vertex -5 79.3783 4.57854
      vertex -5 79.6867 4.51971
    endloop
  endfacet
  facet normal 0 0.187381 0.982287
    outer loop
      vertex -5 79.3783 4.57854
      vertex -10 79.6867 4.51971
      vertex -10 79.3783 4.57854
    endloop
  endfacet
  facet normal -0 0.0627883 0.998027
    outer loop
      vertex -10 80 4.5
      vertex -5 79.6867 4.51971
      vertex -5 80 4.5
    endloop
  endfacet
  facet normal 0 0.0627883 0.998027
    outer loop
      vertex -5 79.6867 4.51971
      vertex -10 80 4.5
      vertex -10 79.6867 4.51971
    endloop
  endfacet
  facet normal -0 0.637435 0.770504
    outer loop
      vertex -10 78.5305 4.97746
      vertex -5 78.2886 5.17758
      vertex -5 78.5305 4.97746
    endloop
  endfacet
  facet normal 0 0.637435 0.770504
    outer loop
      vertex -5 78.2886 5.17758
      vertex -10 78.5305 4.97746
      vertex -10 78.2886 5.17758
    endloop
  endfacet
  facet normal 0 0.8763 0.481766
    outer loop
      vertex -5 77.8892 5.66043
      vertex -10 77.7379 5.93555
      vertex -5 77.7379 5.93555
    endloop
  endfacet
  facet normal 0 0.8763 0.481766
    outer loop
      vertex -10 77.7379 5.93555
      vertex -5 77.8892 5.66043
      vertex -10 77.8892 5.66043
    endloop
  endfacet
  facet normal 0 0.728961 0.684555
    outer loop
      vertex -5 78.2886 5.17758
      vertex -10 78.0737 5.40644
      vertex -5 78.0737 5.40644
    endloop
  endfacet
  facet normal 0 0.728961 0.684555
    outer loop
      vertex -10 78.0737 5.40644
      vertex -5 78.2886 5.17758
      vertex -10 78.2886 5.17758
    endloop
  endfacet
  facet normal 0 -0.809024 -0.587776
    outer loop
      vertex -10 82.1108 8.33957
      vertex -5 81.9263 8.59356
      vertex -10 81.9263 8.59356
    endloop
  endfacet
  facet normal 0 -0.809024 -0.587776
    outer loop
      vertex -5 81.9263 8.59356
      vertex -10 82.1108 8.33957
      vertex -5 82.1108 8.33957
    endloop
  endfacet
  facet normal 0 -1 0
    outer loop
      vertex -10 82.4951 6.84302
      vertex -5 82.4951 7.15698
      vertex -10 82.4951 7.15698
    endloop
  endfacet
  facet normal 0 -1 -0
    outer loop
      vertex -5 82.4951 7.15698
      vertex -10 82.4951 6.84302
      vertex -5 82.4951 6.84302
    endloop
  endfacet
  facet normal 0 0.535821 -0.844332
    outer loop
      vertex -10 78.5305 9.02254
      vertex -5 78.7956 9.19077
      vertex -5 78.5305 9.02254
    endloop
  endfacet
  facet normal 0 0.535821 -0.844332
    outer loop
      vertex -5 78.7956 9.19077
      vertex -10 78.5305 9.02254
      vertex -10 78.7956 9.19077
    endloop
  endfacet
  facet normal 0 1 0
    outer loop
      vertex -5 77.5049 6.84302
      vertex -10 77.5049 7.15698
      vertex -5 77.5049 7.15698
    endloop
  endfacet
  facet normal 0 1 0
    outer loop
      vertex -10 77.5049 7.15698
      vertex -5 77.5049 6.84302
      vertex -10 77.5049 6.84302
    endloop
  endfacet
  facet normal 0 0.992113 -0.125345
    outer loop
      vertex -5 77.5049 7.15698
      vertex -10 77.5443 7.46845
      vertex -5 77.5443 7.46845
    endloop
  endfacet
  facet normal 0 0.992113 -0.125345
    outer loop
      vertex -10 77.5443 7.46845
      vertex -5 77.5049 7.15698
      vertex -10 77.5049 7.15698
    endloop
  endfacet
  facet normal 0 0.309018 -0.951056
    outer loop
      vertex -10 79.0797 9.32444
      vertex -5 79.3783 9.42146
      vertex -5 79.0797 9.32444
    endloop
  endfacet
  facet normal 0 0.309018 -0.951056
    outer loop
      vertex -5 79.3783 9.42146
      vertex -10 79.0797 9.32444
      vertex -10 79.3783 9.42146
    endloop
  endfacet
  facet normal 0 0.187381 -0.982287
    outer loop
      vertex -10 79.3783 9.42146
      vertex -5 79.6867 9.48029
      vertex -5 79.3783 9.42146
    endloop
  endfacet
  facet normal 0 0.187381 -0.982287
    outer loop
      vertex -5 79.6867 9.48029
      vertex -10 79.3783 9.42146
      vertex -10 79.6867 9.48029
    endloop
  endfacet
  facet normal 0 0.809024 0.587776
    outer loop
      vertex -5 78.0737 5.40644
      vertex -10 77.8892 5.66043
      vertex -5 77.8892 5.66043
    endloop
  endfacet
  facet normal 0 0.809024 0.587776
    outer loop
      vertex -10 77.8892 5.66043
      vertex -5 78.0737 5.40644
      vertex -10 78.0737 5.40644
    endloop
  endfacet
  facet normal 0 0.8763 -0.481766
    outer loop
      vertex -5 77.7379 8.06445
      vertex -10 77.8892 8.33957
      vertex -5 77.8892 8.33957
    endloop
  endfacet
  facet normal 0 0.8763 -0.481766
    outer loop
      vertex -10 77.8892 8.33957
      vertex -5 77.7379 8.06445
      vertex -10 77.7379 8.06445
    endloop
  endfacet
  facet normal 0 0.809024 -0.587776
    outer loop
      vertex -5 77.8892 8.33957
      vertex -10 78.0737 8.59356
      vertex -5 78.0737 8.59356
    endloop
  endfacet
  facet normal 0 0.809024 -0.587776
    outer loop
      vertex -10 78.0737 8.59356
      vertex -5 77.8892 8.33957
      vertex -10 77.8892 8.33957
    endloop
  endfacet
  facet normal 0 0.728961 -0.684555
    outer loop
      vertex -5 78.0737 8.59356
      vertex -10 78.2886 8.82242
      vertex -5 78.2886 8.82242
    endloop
  endfacet
  facet normal 0 0.728961 -0.684555
    outer loop
      vertex -10 78.2886 8.82242
      vertex -5 78.0737 8.59356
      vertex -10 78.0737 8.59356
    endloop
  endfacet
  facet normal 0.904827 0.425779 0
    outer loop
      vertex 56.9733 32.7609 6.9
      vertex 56.5723 33.6132 0
      vertex 56.5723 33.6132 6.9
    endloop
  endfacet
  facet normal 0.904827 0.425779 0
    outer loop
      vertex 56.5723 33.6132 0
      vertex 56.9733 32.7609 6.9
      vertex 56.9733 32.7609 0
    endloop
  endfacet
  facet normal 0.844328 0.535826 0
    outer loop
      vertex 56.5723 33.6132 6.9
      vertex 56.0676 34.4084 0
      vertex 56.0676 34.4084 6.9
    endloop
  endfacet
  facet normal 0.844328 0.535826 0
    outer loop
      vertex 56.0676 34.4084 0
      vertex 56.5723 33.6132 6.9
      vertex 56.5723 33.6132 0
    endloop
  endfacet
  facet normal 0.248689 0.968583 -0
    outer loop
      vertex 52.3176 37.1329 0
      vertex 51.4054 37.3672 6.9
      vertex 52.3176 37.1329 6.9
    endloop
  endfacet
  facet normal 0.248689 0.968583 0
    outer loop
      vertex 51.4054 37.3672 6.9
      vertex 52.3176 37.1329 0
      vertex 51.4054 37.3672 0
    endloop
  endfacet
  facet normal -0.481754 0.876307 0
    outer loop
      vertex 46.8067 36.7862 0
      vertex 45.9813 36.3325 6.9
      vertex 46.8067 36.7862 6.9
    endloop
  endfacet
  facet normal -0.481754 0.876307 0
    outer loop
      vertex 45.9813 36.3325 6.9
      vertex 46.8067 36.7862 0
      vertex 45.9813 36.3325 0
    endloop
  endfacet
  facet normal -0.951057 0.309017 0
    outer loop
      vertex 42.7356 31.8652 0
      vertex 43.0267 32.7609 6.9
      vertex 43.0267 32.7609 0
    endloop
  endfacet
  facet normal -0.951057 0.309017 0
    outer loop
      vertex 43.0267 32.7609 6.9
      vertex 42.7356 31.8652 0
      vertex 42.7356 31.8652 6.9
    endloop
  endfacet
  facet normal 0.982287 -0.187382 0
    outer loop
      vertex 57.2644 28.1348 6.9
      vertex 57.4409 29.06 0
      vertex 57.4409 29.06 6.9
    endloop
  endfacet
  facet normal 0.982287 -0.187382 0
    outer loop
      vertex 57.4409 29.06 0
      vertex 57.2644 28.1348 6.9
      vertex 57.2644 28.1348 0
    endloop
  endfacet
  facet normal 0.684547 0.728969 -0
    outer loop
      vertex 55.4673 35.1341 0
      vertex 54.7807 35.7788 6.9
      vertex 55.4673 35.1341 6.9
    endloop
  endfacet
  facet normal 0.684547 0.728969 0
    outer loop
      vertex 54.7807 35.7788 6.9
      vertex 55.4673 35.1341 0
      vertex 54.7807 35.7788 0
    endloop
  endfacet
  facet normal 0.481754 0.876307 -0
    outer loop
      vertex 54.0187 36.3325 0
      vertex 53.1933 36.7862 6.9
      vertex 54.0187 36.3325 6.9
    endloop
  endfacet
  facet normal 0.481754 0.876307 0
    outer loop
      vertex 53.1933 36.7862 6.9
      vertex 54.0187 36.3325 0
      vertex 53.1933 36.7862 0
    endloop
  endfacet
  facet normal 0 0 -1
    outer loop
      vertex 57.4409 29.06 0
      vertex 57.4409 30.94 0
      vertex 57.5 30 0
    endloop
  endfacet
  facet normal 0 0 -1
    outer loop
      vertex 57.2644 28.1348 0
      vertex 57.4409 30.94 0
      vertex 57.4409 29.06 0
    endloop
  endfacet
  facet normal 0 0 -1
    outer loop
      vertex 57.2644 28.1348 0
      vertex 57.2644 31.8652 0
      vertex 57.4409 30.94 0
    endloop
  endfacet
  facet normal 0 0 -1
    outer loop
      vertex 56.9733 27.2391 0
      vertex 57.2644 31.8652 0
      vertex 57.2644 28.1348 0
    endloop
  endfacet
  facet normal 0 0 -1
    outer loop
      vertex 56.9733 27.2391 0
      vertex 56.9733 32.7609 0
      vertex 57.2644 31.8652 0
    endloop
  endfacet
  facet normal 0 0 -1
    outer loop
      vertex 56.5723 26.3868 0
      vertex 56.9733 32.7609 0
      vertex 56.9733 27.2391 0
    endloop
  endfacet
  facet normal 0 0 -1
    outer loop
      vertex 56.5723 26.3868 0
      vertex 56.5723 33.6132 0
      vertex 56.9733 32.7609 0
    endloop
  endfacet
  facet normal 0 0 -1
    outer loop
      vertex 56.0676 25.5916 0
      vertex 56.5723 33.6132 0
      vertex 56.5723 26.3868 0
    endloop
  endfacet
  facet normal 0 0 -1
    outer loop
      vertex 56.0676 25.5916 0
      vertex 56.0676 34.4084 0
      vertex 56.5723 33.6132 0
    endloop
  endfacet
  facet normal 0 0 -1
    outer loop
      vertex 55.4673 24.8659 0
      vertex 56.0676 34.4084 0
      vertex 56.0676 25.5916 0
    endloop
  endfacet
  facet normal 0 0 -1
    outer loop
      vertex 55.4673 24.8659 0
      vertex 55.4673 35.1341 0
      vertex 56.0676 34.4084 0
    endloop
  endfacet
  facet normal 0 0 -1
    outer loop
      vertex 54.7807 24.2211 0
      vertex 55.4673 35.1341 0
      vertex 55.4673 24.8659 0
    endloop
  endfacet
  facet normal 0 0 -1
    outer loop
      vertex 54.7807 24.2211 0
      vertex 54.7807 35.7788 0
      vertex 55.4673 35.1341 0
    endloop
  endfacet
  facet normal 0 0 -1
    outer loop
      vertex 54.0187 23.6675 0
      vertex 54.7807 35.7788 0
      vertex 54.7807 24.2211 0
    endloop
  endfacet
  facet normal 0 0 -1
    outer loop
      vertex 54.0187 23.6675 0
      vertex 54.0187 36.3325 0
      vertex 54.7807 35.7788 0
    endloop
  endfacet
  facet normal 0 0 -1
    outer loop
      vertex 53.1933 23.2138 0
      vertex 54.0187 36.3325 0
      vertex 54.0187 23.6675 0
    endloop
  endfacet
  facet normal 0 0 -1
    outer loop
      vertex 53.1933 23.2138 0
      vertex 53.1933 36.7862 0
      vertex 54.0187 36.3325 0
    endloop
  endfacet
  facet normal 0 0 -1
    outer loop
      vertex 52.3176 22.8671 0
      vertex 53.1933 36.7862 0
      vertex 53.1933 23.2138 0
    endloop
  endfacet
  facet normal 0 0 -1
    outer loop
      vertex 52.3176 22.8671 0
      vertex 52.3176 37.1329 0
      vertex 53.1933 36.7862 0
    endloop
  endfacet
  facet normal 0 0 -1
    outer loop
      vertex 51.4054 22.6328 0
      vertex 52.3176 37.1329 0
      vertex 52.3176 22.8671 0
    endloop
  endfacet
  facet normal 0 0 -1
    outer loop
      vertex 51.4054 22.6328 0
      vertex 51.4054 37.3672 0
      vertex 52.3176 37.1329 0
    endloop
  endfacet
  facet normal 0 0 -1
    outer loop
      vertex 50.4709 22.5148 0
      vertex 51.4054 37.3672 0
      vertex 51.4054 22.6328 0
    endloop
  endfacet
  facet normal 0 0 -1
    outer loop
      vertex 50.4709 22.5148 0
      vertex 50.4709 37.4852 0
      vertex 51.4054 37.3672 0
    endloop
  endfacet
  facet normal 0 0 -1
    outer loop
      vertex 49.5291 22.5148 0
      vertex 50.4709 37.4852 0
      vertex 50.4709 22.5148 0
    endloop
  endfacet
  facet normal 0 0 -1
    outer loop
      vertex 49.5291 22.5148 0
      vertex 49.5291 37.4852 0
      vertex 50.4709 37.4852 0
    endloop
  endfacet
  facet normal 0 0 -1
    outer loop
      vertex 48.5946 22.6328 0
      vertex 49.5291 37.4852 0
      vertex 49.5291 22.5148 0
    endloop
  endfacet
  facet normal 0 0 -1
    outer loop
      vertex 48.5946 22.6328 0
      vertex 48.5946 37.3672 0
      vertex 49.5291 37.4852 0
    endloop
  endfacet
  facet normal 0 0 -1
    outer loop
      vertex 47.6824 22.8671 0
      vertex 48.5946 37.3672 0
      vertex 48.5946 22.6328 0
    endloop
  endfacet
  facet normal 0 0 -1
    outer loop
      vertex 47.6824 22.8671 0
      vertex 47.6824 37.1329 0
      vertex 48.5946 37.3672 0
    endloop
  endfacet
  facet normal 0 0 -1
    outer loop
      vertex 46.8067 23.2138 0
      vertex 47.6824 37.1329 0
      vertex 47.6824 22.8671 0
    endloop
  endfacet
  facet normal 0 0 -1
    outer loop
      vertex 46.8067 23.2138 0
      vertex 46.8067 36.7862 0
      vertex 47.6824 37.1329 0
    endloop
  endfacet
  facet normal 0 0 -1
    outer loop
      vertex 45.9813 23.6675 0
      vertex 46.8067 36.7862 0
      vertex 46.8067 23.2138 0
    endloop
  endfacet
  facet normal 0 0 -1
    outer loop
      vertex 45.9813 23.6675 0
      vertex 45.9813 36.3325 0
      vertex 46.8067 36.7862 0
    endloop
  endfacet
  facet normal 0 0 -1
    outer loop
      vertex 45.2193 24.2211 0
      vertex 45.9813 36.3325 0
      vertex 45.9813 23.6675 0
    endloop
  endfacet
  facet normal 0 0 -1
    outer loop
      vertex 45.2193 24.2211 0
      vertex 45.2193 35.7788 0
      vertex 45.9813 36.3325 0
    endloop
  endfacet
  facet normal 0 0 -1
    outer loop
      vertex 44.5327 24.8659 0
      vertex 45.2193 35.7788 0
      vertex 45.2193 24.2211 0
    endloop
  endfacet
  facet normal 0 0 -1
    outer loop
      vertex 44.5327 24.8659 0
      vertex 44.5327 35.1341 0
      vertex 45.2193 35.7788 0
    endloop
  endfacet
  facet normal 0 0 -1
    outer loop
      vertex 43.9324 25.5916 0
      vertex 44.5327 35.1341 0
      vertex 44.5327 24.8659 0
    endloop
  endfacet
  facet normal 0 0 -1
    outer loop
      vertex 43.9324 25.5916 0
      vertex 43.9324 34.4084 0
      vertex 44.5327 35.1341 0
    endloop
  endfacet
  facet normal 0 0 -1
    outer loop
      vertex 43.4277 26.3868 0
      vertex 43.9324 34.4084 0
      vertex 43.9324 25.5916 0
    endloop
  endfacet
  facet normal 0 0 -1
    outer loop
      vertex 43.4277 26.3868 0
      vertex 43.4277 33.6132 0
      vertex 43.9324 34.4084 0
    endloop
  endfacet
  facet normal 0 0 -1
    outer loop
      vertex 43.0267 27.2391 0
      vertex 43.4277 33.6132 0
      vertex 43.4277 26.3868 0
    endloop
  endfacet
  facet normal 0 0 -1
    outer loop
      vertex 43.0267 27.2391 0
      vertex 43.0267 32.7609 0
      vertex 43.4277 33.6132 0
    endloop
  endfacet
  facet normal 0 0 -1
    outer loop
      vertex 42.7356 28.1348 0
      vertex 43.0267 32.7609 0
      vertex 43.0267 27.2391 0
    endloop
  endfacet
  facet normal 0 0 -1
    outer loop
      vertex 42.7356 28.1348 0
      vertex 42.7356 31.8652 0
      vertex 43.0267 32.7609 0
    endloop
  endfacet
  facet normal 0 0 -1
    outer loop
      vertex 42.5591 29.06 0
      vertex 42.7356 31.8652 0
      vertex 42.7356 28.1348 0
    endloop
  endfacet
  facet normal 0 0 -1
    outer loop
      vertex 42.5591 29.06 0
      vertex 42.5591 30.94 0
      vertex 42.7356 31.8652 0
    endloop
  endfacet
  facet normal 0 -0 -1
    outer loop
      vertex 42.5591 30.94 0
      vertex 42.5591 29.06 0
      vertex 42.5 30 0
    endloop
  endfacet
  facet normal -0.998027 0.06279 0
    outer loop
      vertex 42.5 30 0
      vertex 42.5591 30.94 6.9
      vertex 42.5591 30.94 0
    endloop
  endfacet
  facet normal -0.998027 0.06279 0
    outer loop
      vertex 42.5591 30.94 6.9
      vertex 42.5 30 0
      vertex 42.5 30 6.9
    endloop
  endfacet
  facet normal -0.844328 0.535826 0
    outer loop
      vertex 43.4277 33.6132 0
      vertex 43.9324 34.4084 6.9
      vertex 43.9324 34.4084 0
    endloop
  endfacet
  facet normal -0.844328 0.535826 0
    outer loop
      vertex 43.9324 34.4084 6.9
      vertex 43.4277 33.6132 0
      vertex 43.4277 33.6132 6.9
    endloop
  endfacet
  facet normal -0.587785 0.809017 0
    outer loop
      vertex 45.9813 36.3325 0
      vertex 45.2193 35.7788 6.9
      vertex 45.9813 36.3325 6.9
    endloop
  endfacet
  facet normal -0.587785 0.809017 0
    outer loop
      vertex 45.2193 35.7788 6.9
      vertex 45.9813 36.3325 0
      vertex 45.2193 35.7788 0
    endloop
  endfacet
  facet normal -0.368125 0.929776 0
    outer loop
      vertex 47.6824 37.1329 0
      vertex 46.8067 36.7862 6.9
      vertex 47.6824 37.1329 6.9
    endloop
  endfacet
  facet normal -0.368125 0.929776 0
    outer loop
      vertex 46.8067 36.7862 6.9
      vertex 47.6824 37.1329 0
      vertex 46.8067 36.7862 0
    endloop
  endfacet
  facet normal 0.998027 0.06279 0
    outer loop
      vertex 57.5 30 6.9
      vertex 57.4409 30.94 0
      vertex 57.4409 30.94 6.9
    endloop
  endfacet
  facet normal 0.998027 0.06279 0
    outer loop
      vertex 57.4409 30.94 0
      vertex 57.5 30 6.9
      vertex 57.5 30 0
    endloop
  endfacet
  facet normal -0.587782 -0.809019 0
    outer loop
      vertex 45.2193 24.2211 0
      vertex 45.9813 23.6675 6.9
      vertex 45.2193 24.2211 6.9
    endloop
  endfacet
  facet normal -0.587782 -0.809019 -0
    outer loop
      vertex 45.9813 23.6675 6.9
      vertex 45.2193 24.2211 0
      vertex 45.9813 23.6675 0
    endloop
  endfacet
  facet normal -0.844328 -0.535827 0
    outer loop
      vertex 43.9324 25.5916 0
      vertex 43.4277 26.3868 6.9
      vertex 43.4277 26.3868 0
    endloop
  endfacet
  facet normal -0.844328 -0.535827 0
    outer loop
      vertex 43.4277 26.3868 6.9
      vertex 43.9324 25.5916 0
      vertex 43.9324 25.5916 6.9
    endloop
  endfacet
  facet normal 0.951057 0.309017 0
    outer loop
      vertex 57.2644 31.8652 6.9
      vertex 56.9733 32.7609 0
      vertex 56.9733 32.7609 6.9
    endloop
  endfacet
  facet normal 0.951057 0.309017 0
    outer loop
      vertex 56.9733 32.7609 0
      vertex 57.2644 31.8652 6.9
      vertex 57.2644 31.8652 0
    endloop
  endfacet
  facet normal 0.770511 0.637426 0
    outer loop
      vertex 56.0676 34.4084 6.9
      vertex 55.4673 35.1341 0
      vertex 55.4673 35.1341 6.9
    endloop
  endfacet
  facet normal 0.770511 0.637426 0
    outer loop
      vertex 55.4673 35.1341 0
      vertex 56.0676 34.4084 6.9
      vertex 56.0676 34.4084 0
    endloop
  endfacet
  facet normal -0.125333 0.992115 0
    outer loop
      vertex 49.5291 37.4852 0
      vertex 48.5946 37.3672 6.9
      vertex 49.5291 37.4852 6.9
    endloop
  endfacet
  facet normal -0.125333 0.992115 0
    outer loop
      vertex 48.5946 37.3672 6.9
      vertex 49.5291 37.4852 0
      vertex 48.5946 37.3672 0
    endloop
  endfacet
  facet normal 0.125333 0.992115 -0
    outer loop
      vertex 51.4054 37.3672 0
      vertex 50.4709 37.4852 6.9
      vertex 51.4054 37.3672 6.9
    endloop
  endfacet
  facet normal 0.125333 0.992115 0
    outer loop
      vertex 50.4709 37.4852 6.9
      vertex 51.4054 37.3672 0
      vertex 50.4709 37.4852 0
    endloop
  endfacet
  facet normal 0.368125 0.929776 -0
    outer loop
      vertex 53.1933 36.7862 0
      vertex 52.3176 37.1329 6.9
      vertex 53.1933 36.7862 6.9
    endloop
  endfacet
  facet normal 0.368125 0.929776 0
    outer loop
      vertex 52.3176 37.1329 6.9
      vertex 53.1933 36.7862 0
      vertex 52.3176 37.1329 0
    endloop
  endfacet
  facet normal 0.587787 0.809016 -0
    outer loop
      vertex 54.7807 35.7788 0
      vertex 54.0187 36.3325 6.9
      vertex 54.7807 35.7788 6.9
    endloop
  endfacet
  facet normal 0.587787 0.809016 0
    outer loop
      vertex 54.0187 36.3325 6.9
      vertex 54.7807 35.7788 0
      vertex 54.0187 36.3325 0
    endloop
  endfacet
  facet normal 0 0 1
    outer loop
      vertex 57.4409 30.94 6.9
      vertex 57.4409 29.06 6.9
      vertex 57.5 30 6.9
    endloop
  endfacet
  facet normal 0 0 1
    outer loop
      vertex 57.2644 31.8652 6.9
      vertex 57.4409 29.06 6.9
      vertex 57.4409 30.94 6.9
    endloop
  endfacet
  facet normal 0 0 1
    outer loop
      vertex 57.2644 31.8652 6.9
      vertex 57.2644 28.1348 6.9
      vertex 57.4409 29.06 6.9
    endloop
  endfacet
  facet normal 0 0 1
    outer loop
      vertex 56.9733 32.7609 6.9
      vertex 57.2644 28.1348 6.9
      vertex 57.2644 31.8652 6.9
    endloop
  endfacet
  facet normal 0 0 1
    outer loop
      vertex 56.9733 32.7609 6.9
      vertex 56.9733 27.2391 6.9
      vertex 57.2644 28.1348 6.9
    endloop
  endfacet
  facet normal 0 0 1
    outer loop
      vertex 56.5723 33.6132 6.9
      vertex 56.9733 27.2391 6.9
      vertex 56.9733 32.7609 6.9
    endloop
  endfacet
  facet normal 0 0 1
    outer loop
      vertex 56.5723 33.6132 6.9
      vertex 56.5723 26.3868 6.9
      vertex 56.9733 27.2391 6.9
    endloop
  endfacet
  facet normal 0 0 1
    outer loop
      vertex 56.0676 34.4084 6.9
      vertex 56.5723 26.3868 6.9
      vertex 56.5723 33.6132 6.9
    endloop
  endfacet
  facet normal 0 0 1
    outer loop
      vertex 56.0676 34.4084 6.9
      vertex 56.0676 25.5916 6.9
      vertex 56.5723 26.3868 6.9
    endloop
  endfacet
  facet normal 0 0 1
    outer loop
      vertex 55.4673 35.1341 6.9
      vertex 56.0676 25.5916 6.9
      vertex 56.0676 34.4084 6.9
    endloop
  endfacet
  facet normal 0 0 1
    outer loop
      vertex 55.4673 35.1341 6.9
      vertex 55.4673 24.8659 6.9
      vertex 56.0676 25.5916 6.9
    endloop
  endfacet
  facet normal 0 0 1
    outer loop
      vertex 54.7807 35.7788 6.9
      vertex 55.4673 24.8659 6.9
      vertex 55.4673 35.1341 6.9
    endloop
  endfacet
  facet normal 0 0 1
    outer loop
      vertex 54.7807 35.7788 6.9
      vertex 54.7807 24.2211 6.9
      vertex 55.4673 24.8659 6.9
    endloop
  endfacet
  facet normal 0 0 1
    outer loop
      vertex 54.0187 36.3325 6.9
      vertex 54.7807 24.2211 6.9
      vertex 54.7807 35.7788 6.9
    endloop
  endfacet
  facet normal 0 0 1
    outer loop
      vertex 54.0187 36.3325 6.9
      vertex 54.0187 23.6675 6.9
      vertex 54.7807 24.2211 6.9
    endloop
  endfacet
  facet normal 0 0 1
    outer loop
      vertex 53.1933 36.7862 6.9
      vertex 54.0187 23.6675 6.9
      vertex 54.0187 36.3325 6.9
    endloop
  endfacet
  facet normal 0 0 1
    outer loop
      vertex 53.1933 36.7862 6.9
      vertex 53.1933 23.2138 6.9
      vertex 54.0187 23.6675 6.9
    endloop
  endfacet
  facet normal 0 0 1
    outer loop
      vertex 52.3176 37.1329 6.9
      vertex 53.1933 23.2138 6.9
      vertex 53.1933 36.7862 6.9
    endloop
  endfacet
  facet normal 0 0 1
    outer loop
      vertex 52.3176 37.1329 6.9
      vertex 52.3176 22.8671 6.9
      vertex 53.1933 23.2138 6.9
    endloop
  endfacet
  facet normal 0 0 1
    outer loop
      vertex 51.4054 37.3672 6.9
      vertex 52.3176 22.8671 6.9
      vertex 52.3176 37.1329 6.9
    endloop
  endfacet
  facet normal 0 0 1
    outer loop
      vertex 51.4054 37.3672 6.9
      vertex 51.4054 22.6328 6.9
      vertex 52.3176 22.8671 6.9
    endloop
  endfacet
  facet normal 0 0 1
    outer loop
      vertex 50.4709 37.4852 6.9
      vertex 51.4054 22.6328 6.9
      vertex 51.4054 37.3672 6.9
    endloop
  endfacet
  facet normal 0 0 1
    outer loop
      vertex 50.4709 37.4852 6.9
      vertex 50.4709 22.5148 6.9
      vertex 51.4054 22.6328 6.9
    endloop
  endfacet
  facet normal -0 0 1
    outer loop
      vertex 49.5291 37.4852 6.9
      vertex 50.4709 22.5148 6.9
      vertex 50.4709 37.4852 6.9
    endloop
  endfacet
  facet normal 0 0 1
    outer loop
      vertex 49.5291 37.4852 6.9
      vertex 49.5291 22.5148 6.9
      vertex 50.4709 22.5148 6.9
    endloop
  endfacet
  facet normal -0 0 1
    outer loop
      vertex 48.5946 37.3672 6.9
      vertex 49.5291 22.5148 6.9
      vertex 49.5291 37.4852 6.9
    endloop
  endfacet
  facet normal 0 0 1
    outer loop
      vertex 48.5946 37.3672 6.9
      vertex 48.5946 22.6328 6.9
      vertex 49.5291 22.5148 6.9
    endloop
  endfacet
  facet normal -0 0 1
    outer loop
      vertex 47.6824 37.1329 6.9
      vertex 48.5946 22.6328 6.9
      vertex 48.5946 37.3672 6.9
    endloop
  endfacet
  facet normal 0 0 1
    outer loop
      vertex 47.6824 37.1329 6.9
      vertex 47.6824 22.8671 6.9
      vertex 48.5946 22.6328 6.9
    endloop
  endfacet
  facet normal -0 0 1
    outer loop
      vertex 46.8067 36.7862 6.9
      vertex 47.6824 22.8671 6.9
      vertex 47.6824 37.1329 6.9
    endloop
  endfacet
  facet normal 0 0 1
    outer loop
      vertex 46.8067 36.7862 6.9
      vertex 46.8067 23.2138 6.9
      vertex 47.6824 22.8671 6.9
    endloop
  endfacet
  facet normal -0 0 1
    outer loop
      vertex 45.9813 36.3325 6.9
      vertex 46.8067 23.2138 6.9
      vertex 46.8067 36.7862 6.9
    endloop
  endfacet
  facet normal 0 0 1
    outer loop
      vertex 45.9813 36.3325 6.9
      vertex 45.9813 23.6675 6.9
      vertex 46.8067 23.2138 6.9
    endloop
  endfacet
  facet normal -0 0 1
    outer loop
      vertex 45.2193 35.7788 6.9
      vertex 45.9813 23.6675 6.9
      vertex 45.9813 36.3325 6.9
    endloop
  endfacet
  facet normal 0 0 1
    outer loop
      vertex 45.2193 35.7788 6.9
      vertex 45.2193 24.2211 6.9
      vertex 45.9813 23.6675 6.9
    endloop
  endfacet
  facet normal -0 0 1
    outer loop
      vertex 44.5327 35.1341 6.9
      vertex 45.2193 24.2211 6.9
      vertex 45.2193 35.7788 6.9
    endloop
  endfacet
  facet normal 0 0 1
    outer loop
      vertex 44.5327 35.1341 6.9
      vertex 44.5327 24.8659 6.9
      vertex 45.2193 24.2211 6.9
    endloop
  endfacet
  facet normal -0 0 1
    outer loop
      vertex 43.9324 34.4084 6.9
      vertex 44.5327 24.8659 6.9
      vertex 44.5327 35.1341 6.9
    endloop
  endfacet
  facet normal 0 0 1
    outer loop
      vertex 43.9324 34.4084 6.9
      vertex 43.9324 25.5916 6.9
      vertex 44.5327 24.8659 6.9
    endloop
  endfacet
  facet normal -0 0 1
    outer loop
      vertex 43.4277 33.6132 6.9
      vertex 43.9324 25.5916 6.9
      vertex 43.9324 34.4084 6.9
    endloop
  endfacet
  facet normal 0 0 1
    outer loop
      vertex 43.4277 33.6132 6.9
      vertex 43.4277 26.3868 6.9
      vertex 43.9324 25.5916 6.9
    endloop
  endfacet
  facet normal -0 0 1
    outer loop
      vertex 43.0267 32.7609 6.9
      vertex 43.4277 26.3868 6.9
      vertex 43.4277 33.6132 6.9
    endloop
  endfacet
  facet normal 0 0 1
    outer loop
      vertex 43.0267 32.7609 6.9
      vertex 43.0267 27.2391 6.9
      vertex 43.4277 26.3868 6.9
    endloop
  endfacet
  facet normal -0 0 1
    outer loop
      vertex 42.7356 31.8652 6.9
      vertex 43.0267 27.2391 6.9
      vertex 43.0267 32.7609 6.9
    endloop
  endfacet
  facet normal 0 0 1
    outer loop
      vertex 42.7356 31.8652 6.9
      vertex 42.7356 28.1348 6.9
      vertex 43.0267 27.2391 6.9
    endloop
  endfacet
  facet normal -0 0 1
    outer loop
      vertex 42.5591 30.94 6.9
      vertex 42.7356 28.1348 6.9
      vertex 42.7356 31.8652 6.9
    endloop
  endfacet
  facet normal 0 0 1
    outer loop
      vertex 42.5591 30.94 6.9
      vertex 42.5591 29.06 6.9
      vertex 42.7356 28.1348 6.9
    endloop
  endfacet
  facet normal 0 -0 1
    outer loop
      vertex 42.5591 29.06 6.9
      vertex 42.5591 30.94 6.9
      vertex 42.5 30 6.9
    endloop
  endfacet
  facet normal -0.982287 0.187382 0
    outer loop
      vertex 42.5591 30.94 0
      vertex 42.7356 31.8652 6.9
      vertex 42.7356 31.8652 0
    endloop
  endfacet
  facet normal -0.982287 0.187382 0
    outer loop
      vertex 42.7356 31.8652 6.9
      vertex 42.5591 30.94 0
      vertex 42.5591 30.94 6.9
    endloop
  endfacet
  facet normal -0.904827 0.425779 0
    outer loop
      vertex 43.0267 32.7609 0
      vertex 43.4277 33.6132 6.9
      vertex 43.4277 33.6132 0
    endloop
  endfacet
  facet normal -0.904827 0.425779 0
    outer loop
      vertex 43.4277 33.6132 6.9
      vertex 43.0267 32.7609 0
      vertex 43.0267 32.7609 6.9
    endloop
  endfacet
  facet normal -0.24869 0.968583 0
    outer loop
      vertex 48.5946 37.3672 0
      vertex 47.6824 37.1329 6.9
      vertex 48.5946 37.3672 6.9
    endloop
  endfacet
  facet normal -0.24869 0.968583 0
    outer loop
      vertex 47.6824 37.1329 6.9
      vertex 48.5946 37.3672 0
      vertex 47.6824 37.1329 0
    endloop
  endfacet
  facet normal -0.684547 0.728969 0
    outer loop
      vertex 45.2193 35.7788 0
      vertex 44.5327 35.1341 6.9
      vertex 45.2193 35.7788 6.9
    endloop
  endfacet
  facet normal -0.684547 0.728969 0
    outer loop
      vertex 44.5327 35.1341 6.9
      vertex 45.2193 35.7788 0
      vertex 44.5327 35.1341 0
    endloop
  endfacet
  facet normal -0.770513 0.637424 0
    outer loop
      vertex 43.9324 34.4084 0
      vertex 44.5327 35.1341 6.9
      vertex 44.5327 35.1341 0
    endloop
  endfacet
  facet normal -0.770513 0.637424 0
    outer loop
      vertex 44.5327 35.1341 6.9
      vertex 43.9324 34.4084 0
      vertex 43.9324 34.4084 6.9
    endloop
  endfacet
  facet normal 0.998027 -0.06279 0
    outer loop
      vertex 57.4409 29.06 6.9
      vertex 57.5 30 0
      vertex 57.5 30 6.9
    endloop
  endfacet
  facet normal 0.998027 -0.06279 0
    outer loop
      vertex 57.5 30 0
      vertex 57.4409 29.06 6.9
      vertex 57.4409 29.06 0
    endloop
  endfacet
  facet normal 0.125333 -0.992115 0
    outer loop
      vertex 50.4709 22.5148 0
      vertex 51.4054 22.6328 6.9
      vertex 50.4709 22.5148 6.9
    endloop
  endfacet
  facet normal 0.125333 -0.992115 0
    outer loop
      vertex 51.4054 22.6328 6.9
      vertex 50.4709 22.5148 0
      vertex 51.4054 22.6328 0
    endloop
  endfacet
  facet normal -0.904827 -0.425779 0
    outer loop
      vertex 43.4277 26.3868 0
      vertex 43.0267 27.2391 6.9
      vertex 43.0267 27.2391 0
    endloop
  endfacet
  facet normal -0.904827 -0.425779 0
    outer loop
      vertex 43.0267 27.2391 6.9
      vertex 43.4277 26.3868 0
      vertex 43.4277 26.3868 6.9
    endloop
  endfacet
  facet normal -0.684548 -0.728968 0
    outer loop
      vertex 44.5327 24.8659 0
      vertex 45.2193 24.2211 6.9
      vertex 44.5327 24.8659 6.9
    endloop
  endfacet
  facet normal -0.684548 -0.728968 -0
    outer loop
      vertex 45.2193 24.2211 6.9
      vertex 44.5327 24.8659 0
      vertex 45.2193 24.2211 0
    endloop
  endfacet
  facet normal 0.248691 -0.968583 0
    outer loop
      vertex 51.4054 22.6328 0
      vertex 52.3176 22.8671 6.9
      vertex 51.4054 22.6328 6.9
    endloop
  endfacet
  facet normal 0.248691 -0.968583 0
    outer loop
      vertex 52.3176 22.8671 6.9
      vertex 51.4054 22.6328 0
      vertex 52.3176 22.8671 0
    endloop
  endfacet
  facet normal 0.481755 -0.876306 0
    outer loop
      vertex 53.1933 23.2138 0
      vertex 54.0187 23.6675 6.9
      vertex 53.1933 23.2138 6.9
    endloop
  endfacet
  facet normal 0.481755 -0.876306 0
    outer loop
      vertex 54.0187 23.6675 6.9
      vertex 53.1933 23.2138 0
      vertex 54.0187 23.6675 0
    endloop
  endfacet
  facet normal 0.982287 0.187382 0
    outer loop
      vertex 57.4409 30.94 6.9
      vertex 57.2644 31.8652 0
      vertex 57.2644 31.8652 6.9
    endloop
  endfacet
  facet normal 0.982287 0.187382 0
    outer loop
      vertex 57.2644 31.8652 0
      vertex 57.4409 30.94 6.9
      vertex 57.4409 30.94 0
    endloop
  endfacet
  facet normal 0 1 -0
    outer loop
      vertex 50.4709 37.4852 0
      vertex 49.5291 37.4852 6.9
      vertex 50.4709 37.4852 6.9
    endloop
  endfacet
  facet normal 0 1 0
    outer loop
      vertex 49.5291 37.4852 6.9
      vertex 50.4709 37.4852 0
      vertex 49.5291 37.4852 0
    endloop
  endfacet
  facet normal -0.998027 -0.06279 0
    outer loop
      vertex 42.5591 29.06 0
      vertex 42.5 30 6.9
      vertex 42.5 30 0
    endloop
  endfacet
  facet normal -0.998027 -0.06279 0
    outer loop
      vertex 42.5 30 6.9
      vertex 42.5591 29.06 0
      vertex 42.5591 29.06 6.9
    endloop
  endfacet
  facet normal 0.904827 -0.425779 0
    outer loop
      vertex 56.5723 26.3868 6.9
      vertex 56.9733 27.2391 0
      vertex 56.9733 27.2391 6.9
    endloop
  endfacet
  facet normal 0.904827 -0.425779 0
    outer loop
      vertex 56.9733 27.2391 0
      vertex 56.5723 26.3868 6.9
      vertex 56.5723 26.3868 0
    endloop
  endfacet
  facet normal 0.951057 -0.309016 0
    outer loop
      vertex 56.9733 27.2391 6.9
      vertex 57.2644 28.1348 0
      vertex 57.2644 28.1348 6.9
    endloop
  endfacet
  facet normal 0.951057 -0.309016 0
    outer loop
      vertex 57.2644 28.1348 0
      vertex 56.9733 27.2391 6.9
      vertex 56.9733 27.2391 0
    endloop
  endfacet
  facet normal 0.770512 -0.637425 0
    outer loop
      vertex 55.4673 24.8659 6.9
      vertex 56.0676 25.5916 0
      vertex 56.0676 25.5916 6.9
    endloop
  endfacet
  facet normal 0.770512 -0.637425 0
    outer loop
      vertex 56.0676 25.5916 0
      vertex 55.4673 24.8659 6.9
      vertex 55.4673 24.8659 0
    endloop
  endfacet
  facet normal 0.844328 -0.535827 0
    outer loop
      vertex 56.0676 25.5916 6.9
      vertex 56.5723 26.3868 0
      vertex 56.5723 26.3868 6.9
    endloop
  endfacet
  facet normal 0.844328 -0.535827 0
    outer loop
      vertex 56.5723 26.3868 0
      vertex 56.0676 25.5916 6.9
      vertex 56.0676 25.5916 0
    endloop
  endfacet
  facet normal -0.368123 -0.929777 0
    outer loop
      vertex 46.8067 23.2138 0
      vertex 47.6824 22.8671 6.9
      vertex 46.8067 23.2138 6.9
    endloop
  endfacet
  facet normal -0.368123 -0.929777 -0
    outer loop
      vertex 47.6824 22.8671 6.9
      vertex 46.8067 23.2138 0
      vertex 47.6824 22.8671 0
    endloop
  endfacet
  facet normal -0.125333 -0.992115 0
    outer loop
      vertex 48.5946 22.6328 0
      vertex 49.5291 22.5148 6.9
      vertex 48.5946 22.6328 6.9
    endloop
  endfacet
  facet normal -0.125333 -0.992115 -0
    outer loop
      vertex 49.5291 22.5148 6.9
      vertex 48.5946 22.6328 0
      vertex 49.5291 22.5148 0
    endloop
  endfacet
  facet normal 0.368123 -0.929777 0
    outer loop
      vertex 52.3176 22.8671 0
      vertex 53.1933 23.2138 6.9
      vertex 52.3176 22.8671 6.9
    endloop
  endfacet
  facet normal 0.368123 -0.929777 0
    outer loop
      vertex 53.1933 23.2138 6.9
      vertex 52.3176 22.8671 0
      vertex 53.1933 23.2138 0
    endloop
  endfacet
  facet normal 0.684548 -0.728968 0
    outer loop
      vertex 54.7807 24.2211 0
      vertex 55.4673 24.8659 6.9
      vertex 54.7807 24.2211 6.9
    endloop
  endfacet
  facet normal 0.684548 -0.728968 0
    outer loop
      vertex 55.4673 24.8659 6.9
      vertex 54.7807 24.2211 0
      vertex 55.4673 24.8659 0
    endloop
  endfacet
  facet normal 0.587784 -0.809018 0
    outer loop
      vertex 54.0187 23.6675 0
      vertex 54.7807 24.2211 6.9
      vertex 54.0187 23.6675 6.9
    endloop
  endfacet
  facet normal 0.587784 -0.809018 0
    outer loop
      vertex 54.7807 24.2211 6.9
      vertex 54.0187 23.6675 0
      vertex 54.7807 24.2211 0
    endloop
  endfacet
  facet normal 0 -1 0
    outer loop
      vertex 49.5291 22.5148 0
      vertex 50.4709 22.5148 6.9
      vertex 49.5291 22.5148 6.9
    endloop
  endfacet
  facet normal 0 -1 -0
    outer loop
      vertex 50.4709 22.5148 6.9
      vertex 49.5291 22.5148 0
      vertex 50.4709 22.5148 0
    endloop
  endfacet
  facet normal -0.951057 -0.309016 0
    outer loop
      vertex 43.0267 27.2391 0
      vertex 42.7356 28.1348 6.9
      vertex 42.7356 28.1348 0
    endloop
  endfacet
  facet normal -0.951057 -0.309016 0
    outer loop
      vertex 42.7356 28.1348 6.9
      vertex 43.0267 27.2391 0
      vertex 43.0267 27.2391 6.9
    endloop
  endfacet
  facet normal -0.982287 -0.187382 0
    outer loop
      vertex 42.7356 28.1348 0
      vertex 42.5591 29.06 6.9
      vertex 42.5591 29.06 0
    endloop
  endfacet
  facet normal -0.982287 -0.187382 0
    outer loop
      vertex 42.5591 29.06 6.9
      vertex 42.7356 28.1348 0
      vertex 42.7356 28.1348 6.9
    endloop
  endfacet
  facet normal -0.770514 -0.637423 0
    outer loop
      vertex 44.5327 24.8659 0
      vertex 43.9324 25.5916 6.9
      vertex 43.9324 25.5916 0
    endloop
  endfacet
  facet normal -0.770514 -0.637423 0
    outer loop
      vertex 43.9324 25.5916 6.9
      vertex 44.5327 24.8659 0
      vertex 44.5327 24.8659 6.9
    endloop
  endfacet
  facet normal -0.481755 -0.876306 0
    outer loop
      vertex 45.9813 23.6675 0
      vertex 46.8067 23.2138 6.9
      vertex 45.9813 23.6675 6.9
    endloop
  endfacet
  facet normal -0.481755 -0.876306 -0
    outer loop
      vertex 46.8067 23.2138 6.9
      vertex 45.9813 23.6675 0
      vertex 46.8067 23.2138 0
    endloop
  endfacet
  facet normal -0.248692 -0.968583 0
    outer loop
      vertex 47.6824 22.8671 0
      vertex 48.5946 22.6328 6.9
      vertex 47.6824 22.8671 6.9
    endloop
  endfacet
  facet normal -0.248692 -0.968583 -0
    outer loop
      vertex 48.5946 22.6328 6.9
      vertex 47.6824 22.8671 0
      vertex 48.5946 22.6328 0
    endloop
  endfacet
endsolid OpenSCAD_Model
