solid Strider_v6
facet normal 0.0 0.0 -1.0
  outer loop
    vertex -6.027984757152789 0.7935992486978072 0.0
    vertex -6.027984757152761 -0.7935992486980187 0.0
    vertex -6.080000000000008 -1.071587263368201e-13 0.0
  endloop
endfacet
facet normal 0.0 0.0 -1.0
  outer loop
    vertex -6.027984757152761 -0.7935992486980187 0.0
    vertex -6.027984757152789 0.7935992486978072 0.0
    vertex -5.872829023837571 1.5736197942232208 0.0
  endloop
endfacet
facet normal 0.0 0.0 -1.0
  outer loop
    vertex -6.027984757152761 -0.7935992486980187 0.0
    vertex -5.872829023837571 1.5736197942232208 0.0
    vertex -5.8728290238375145 -1.5736197942234273 0.0
  endloop
endfacet
facet normal 0.0 0.0 -1.0
  outer loop
    vertex -5.8728290238375145 -1.5736197942234273 0.0
    vertex -5.872829023837571 1.5736197942232208 0.0
    vertex -5.617187557668674 2.3267152687796444 0.0
  endloop
endfacet
facet normal 0.0 0.0 -1.0
  outer loop
    vertex -5.8728290238375145 -1.5736197942234273 0.0
    vertex -5.617187557668674 2.3267152687796444 0.0
    vertex -5.617187557668589 -2.326715268779842 0.0
  endloop
endfacet
facet normal 0.0 0.0 -1.0
  outer loop
    vertex -5.617187557668589 -2.326715268779842 0.0
    vertex -5.617187557668674 2.3267152687796444 0.0
    vertex -5.265434455009437 3.0399999999999308 0.0
  endloop
endfacet
facet normal 0.0 0.0 -1.0
  outer loop
    vertex -5.617187557668589 -2.326715268779842 0.0
    vertex -5.265434455009437 3.0399999999999308 0.0
    vertex -5.26543445500934 -3.0400000000000893 0.0
  endloop
endfacet
facet normal 0.0 0.0 -1.0
  outer loop
    vertex -5.26543445500934 -3.0400000000000893 0.0
    vertex -5.265434455009437 3.0399999999999308 0.0
    vertex -4.82358830897077 3.701269488372958 0.0
  endloop
endfacet
facet normal 0.0 0.0 -1.0
  outer loop
    vertex -5.26543445500934 -3.0400000000000893 0.0
    vertex -4.82358830897077 3.701269488372958 0.0
    vertex -4.823588308970652 -3.701269488373102 0.0
  endloop
endfacet
facet normal 0.0 0.0 -1.0
  outer loop
    vertex -4.823588308970652 -3.701269488373102 0.0
    vertex -4.82358830897077 3.701269488372958 0.0
    vertex -4.299209229614276 4.299209229614153 0.0
  endloop
endfacet
facet normal 0.0 0.0 -1.0
  outer loop
    vertex -4.823588308970652 -3.701269488373102 0.0
    vertex -4.299209229614276 4.299209229614153 0.0
    vertex -4.299209229614141 -4.29920922961428 0.0
  endloop
endfacet
facet normal 0.0 0.0 -1.0
  outer loop
    vertex -4.299209229614141 -4.29920922961428 0.0
    vertex -4.299209229614276 4.299209229614153 0.0
    vertex -3.701269488373097 4.823588308970662 0.0
  endloop
endfacet
facet normal 0.0 0.0 -1.0
  outer loop
    vertex -4.299209229614141 -4.29920922961428 0.0
    vertex -3.701269488373097 4.823588308970662 0.0
    vertex -3.7012694883729456 -4.82358830897077 0.0
  endloop
endfacet
facet normal 0.0 0.0 -1.0
  outer loop
    vertex -3.7012694883729456 -4.82358830897077 0.0
    vertex -3.701269488373097 4.823588308970662 0.0
    vertex -3.0400000000000817 5.2654344550093475 0.0
  endloop
endfacet
facet normal 0.0 0.0 -1.0
  outer loop
    vertex -3.7012694883729456 -4.82358830897077 0.0
    vertex -3.0400000000000817 5.2654344550093475 0.0
    vertex -3.0399999999999174 -5.265434455009435 0.0
  endloop
endfacet
facet normal 0.0 0.0 -1.0
  outer loop
    vertex -3.0399999999999174 -5.265434455009435 0.0
    vertex -3.0400000000000817 5.2654344550093475 0.0
    vertex -2.3267152687798327 5.617187557668596 0.0
  endloop
endfacet
facet normal 0.0 0.0 -1.0
  outer loop
    vertex -3.0399999999999174 -5.265434455009435 0.0
    vertex -2.3267152687798327 5.617187557668596 0.0
    vertex -2.3267152687796586 -5.617187557668658 0.0
  endloop
endfacet
facet normal 0.0 0.0 -1.0
  outer loop
    vertex -2.3267152687796586 -5.617187557668658 0.0
    vertex -2.3267152687798327 5.617187557668596 0.0
    vertex -1.5736197942234182 5.872829023837517 0.0
  endloop
endfacet
facet normal 0.0 0.0 -1.0
  outer loop
    vertex -2.3267152687796586 -5.617187557668658 0.0
    vertex -1.5736197942234182 5.872829023837517 0.0
    vertex -1.573619794223235 -5.872829023837557 0.0
  endloop
endfacet
facet normal 0.0 0.0 -1.0
  outer loop
    vertex -1.573619794223235 -5.872829023837557 0.0
    vertex -1.5736197942234182 5.872829023837517 0.0
    vertex -0.793599248698006 6.027984757152761 0.0
  endloop
endfacet
facet normal 0.0 0.0 -1.0
  outer loop
    vertex -1.573619794223235 -5.872829023837557 0.0
    vertex -0.793599248698006 6.027984757152761 0.0
    vertex -0.7935992486978213 -6.027984757152776 0.0
  endloop
endfacet
facet normal 0.0 0.0 -1.0
  outer loop
    vertex -0.7935992486978213 -6.027984757152776 0.0
    vertex -0.793599248698006 6.027984757152761 0.0
    vertex -9.305889392408061e-14 6.080000000000005 0.0
  endloop
endfacet
facet normal 0.0 0.0 -1.0
  outer loop
    vertex -0.7935992486978213 -6.027984757152776 0.0
    vertex -9.305889392408061e-14 6.080000000000005 0.0
    vertex 9.305889392408061e-14 -6.079999999999996 0.0
  endloop
endfacet
facet normal 0.0 0.0 -1.0
  outer loop
    vertex 9.305889392408061e-14 -6.079999999999996 0.0
    vertex -9.305889392408061e-14 6.080000000000005 0.0
    vertex 0.7935992486978227 6.027984757152783 0.0
  endloop
endfacet
facet normal 0.0 0.0 -1.0
  outer loop
    vertex 9.305889392408061e-14 -6.079999999999996 0.0
    vertex 0.7935992486978227 6.027984757152783 0.0
    vertex 0.7935992486980046 -6.02798475715275 0.0
  endloop
endfacet
facet normal 0.0 0.0 -1.0
  outer loop
    vertex 0.7935992486980046 -6.02798475715275 0.0
    vertex 0.7935992486978227 6.027984757152783 0.0
    vertex 1.5736197942232377 5.8728290238375624 0.0
  endloop
endfacet
facet normal 0.0 0.0 -1.0
  outer loop
    vertex 0.7935992486980046 -6.02798475715275 0.0
    vertex 1.5736197942232377 5.8728290238375624 0.0
    vertex 1.573619794223414 -5.872829023837506 0.0
  endloop
endfacet
facet normal 0.0 0.0 -1.0
  outer loop
    vertex 1.573619794223414 -5.872829023837506 0.0
    vertex 1.5736197942232377 5.8728290238375624 0.0
    vertex 2.3267152687796613 5.617187557668658 0.0
  endloop
endfacet
facet normal 0.0 0.0 -1.0
  outer loop
    vertex 1.573619794223414 -5.872829023837506 0.0
    vertex 2.3267152687796613 5.617187557668658 0.0
    vertex 2.326715268779829 -5.617187557668583 0.0
  endloop
endfacet
facet normal 0.0 0.0 -1.0
  outer loop
    vertex 2.326715268779829 -5.617187557668583 0.0
    vertex 2.3267152687796613 5.617187557668658 0.0
    vertex 2.6641016151377523 1.9999999999999907 7.049916206369744e-16
  endloop
endfacet
facet normal 0.0 0.0 -1.0
  outer loop
    vertex 2.6641016151377523 1.9999999999999907 7.049916206369744e-16
    vertex 2.3267152687796613 5.617187557668658 0.0
    vertex 3.039999999999921 5.265434455009434 0.0
  endloop
endfacet
facet normal 0.0 0.0 -1.0
  outer loop
    vertex 2.6641016151377523 1.9999999999999907 7.049916206369744e-16
    vertex 3.039999999999921 5.265434455009434 0.0
    vertex 2.6913609541064973 2.207055236082007 7.049916206369744e-16
  endloop
endfacet
facet normal 0.0 0.0 -1.0
  outer loop
    vertex 2.6913609541064973 2.207055236082007 7.049916206369744e-16
    vertex 3.039999999999921 5.265434455009434 0.0
    vertex 2.7712812921102 2.39999999999999 7.049916206369744e-16
  endloop
endfacet
facet normal 0.0 0.0 -1.0
  outer loop
    vertex 2.7712812921102 2.39999999999999 7.049916206369744e-16
    vertex 3.039999999999921 5.265434455009434 0.0
    vertex 2.8984161901885135 2.565685424949227 7.049916206369744e-16
  endloop
endfacet
facet normal 0.0 0.0 -1.0
  outer loop
    vertex 2.8984161901885135 2.565685424949227 7.049916206369744e-16
    vertex 3.039999999999921 5.265434455009434 0.0
    vertex 3.0641016151377505 2.6928203230275414 7.049916206369744e-16
  endloop
endfacet
facet normal 0.0 0.0 -1.0
  outer loop
    vertex 3.0641016151377505 2.6928203230275414 7.049916206369744e-16
    vertex 3.039999999999921 5.265434455009434 0.0
    vertex 3.7012694883729482 4.823588308970765 0.0
  endloop
endfacet
facet normal 0.0 0.0 -1.0
  outer loop
    vertex 3.0641016151377505 2.6928203230275414 7.049916206369744e-16
    vertex 3.7012694883729482 4.823588308970765 0.0
    vertex 3.257046379055734 2.7727406610312446 7.049916206369744e-16
  endloop
endfacet
facet normal 0.0 0.0 -1.0
  outer loop
    vertex 3.257046379055734 2.7727406610312446 7.049916206369744e-16
    vertex 3.7012694883729482 4.823588308970765 0.0
    vertex 3.464101615137751 2.7999999999999905 7.049916206369744e-16
  endloop
endfacet
facet normal 0.0 0.0 -1.0
  outer loop
    vertex 3.464101615137751 2.7999999999999905 7.049916206369744e-16
    vertex 3.7012694883729482 4.823588308970765 0.0
    vertex 3.671156851219767 2.772740661031246 7.049916206369744e-16
  endloop
endfacet
facet normal 0.0 0.0 -1.0
  outer loop
    vertex 3.671156851219767 2.772740661031246 7.049916206369744e-16
    vertex 3.7012694883729482 4.823588308970765 0.0
    vertex 3.8641016151377516 2.6928203230275414 7.049916206369744e-16
  endloop
endfacet
facet normal 0.0 0.0 -1.0
  outer loop
    vertex 3.8641016151377516 2.6928203230275414 7.049916206369744e-16
    vertex 3.7012694883729482 4.823588308970765 0.0
    vertex 4.299209229614144 4.299209229614271 0.0
  endloop
endfacet
facet normal 0.0 0.0 -1.0
  outer loop
    vertex 3.8641016151377516 2.6928203230275414 7.049916206369744e-16
    vertex 4.299209229614144 4.299209229614271 0.0
    vertex 4.02978704008699 2.5656854249492285 7.049916206369744e-16
  endloop
endfacet
facet normal 0.0 0.0 -1.0
  outer loop
    vertex 4.02978704008699 2.5656854249492285 7.049916206369744e-16
    vertex 4.299209229614144 4.299209229614271 0.0
    vertex 4.156921938165303 2.3999999999999915 7.049916206369744e-16
  endloop
endfacet
facet normal 0.0 0.0 -1.0
  outer loop
    vertex 4.156921938165303 2.3999999999999915 7.049916206369744e-16
    vertex 4.299209229614144 4.299209229614271 0.0
    vertex 4.236842276169008 2.207055236082008 7.049916206369744e-16
  endloop
endfacet
facet normal 0.0 0.0 -1.0
  outer loop
    vertex 4.236842276169008 2.207055236082008 7.049916206369744e-16
    vertex 4.299209229614144 4.299209229614271 0.0
    vertex 4.264101615137752 1.999999999999992 7.049916206369744e-16
  endloop
endfacet
facet normal 0.0 0.0 -1.0
  outer loop
    vertex 2.6641016151377523 1.9999999999999907 7.049916206369744e-16
    vertex 3.0400000000000773 -5.265434455009335 0.0
    vertex 2.326715268779829 -5.617187557668583 0.0
  endloop
endfacet
facet normal 0.0 0.0 -1.0
  outer loop
    vertex 3.0400000000000773 -5.265434455009335 0.0
    vertex 2.6641016151377523 1.9999999999999907 7.049916206369744e-16
    vertex 2.6913609541064973 1.7929447639179734 7.049916206369744e-16
  endloop
endfacet
facet normal 0.0 0.0 -1.0
  outer loop
    vertex 3.0400000000000773 -5.265434455009335 0.0
    vertex 2.6913609541064973 1.7929447639179734 7.049916206369744e-16
    vertex 2.7712812921102015 1.59999999999999 7.049916206369744e-16
  endloop
endfacet
facet normal 0.0 0.0 -1.0
  outer loop
    vertex 3.0400000000000773 -5.265434455009335 0.0
    vertex 2.7712812921102015 1.59999999999999 7.049916206369744e-16
    vertex 2.898416190188515 1.4343145750507529 7.049916206369744e-16
  endloop
endfacet
facet normal 0.0 0.0 -1.0
  outer loop
    vertex 3.0400000000000773 -5.265434455009335 0.0
    vertex 2.898416190188515 1.4343145750507529 7.049916206369744e-16
    vertex 3.064101615137753 1.30717967697244 7.049916206369744e-16
  endloop
endfacet
facet normal 0.0 0.0 -1.0
  outer loop
    vertex 3.0400000000000773 -5.265434455009335 0.0
    vertex 3.064101615137753 1.30717967697244 7.049916206369744e-16
    vertex 3.7012694883730908 -4.823588308970648 0.0
  endloop
endfacet
facet normal 0.0 0.0 -1.0
  outer loop
    vertex 3.7012694883730908 -4.823588308970648 0.0
    vertex 3.064101615137753 1.30717967697244 7.049916206369744e-16
    vertex 3.2570463790557365 1.2272593389687356 7.049916206369744e-16
  endloop
endfacet
facet normal 0.0 0.0 -1.0
  outer loop
    vertex 3.7012694883730908 -4.823588308970648 0.0
    vertex 3.2570463790557365 1.2272593389687356 7.049916206369744e-16
    vertex 3.464101615137754 1.1999999999999909 7.049916206369744e-16
  endloop
endfacet
facet normal 0.0 0.0 -1.0
  outer loop
    vertex 3.7012694883730908 -4.823588308970648 0.0
    vertex 3.464101615137754 1.1999999999999909 7.049916206369744e-16
    vertex 3.6711568512197696 1.227259338968737 7.049916206369744e-16
  endloop
endfacet
facet normal 0.0 0.0 -1.0
  outer loop
    vertex 3.7012694883730908 -4.823588308970648 0.0
    vertex 3.6711568512197696 1.227259338968737 7.049916206369744e-16
    vertex 3.864101615137753 1.30717967697244 7.049916206369744e-16
  endloop
endfacet
facet normal 0.0 0.0 -1.0
  outer loop
    vertex 3.7012694883730908 -4.823588308970648 0.0
    vertex 3.864101615137753 1.30717967697244 7.049916206369744e-16
    vertex 4.299209229614268 -4.299209229614139 0.0
  endloop
endfacet
facet normal 0.0 0.0 -1.0
  outer loop
    vertex 4.299209229614268 -4.299209229614139 0.0
    vertex 3.864101615137753 1.30717967697244 7.049916206369744e-16
    vertex 4.029787040086991 1.4343145750507529 7.049916206369744e-16
  endloop
endfacet
facet normal 0.0 0.0 -1.0
  outer loop
    vertex 4.299209229614268 -4.299209229614139 0.0
    vertex 4.029787040086991 1.4343145750507529 7.049916206369744e-16
    vertex 4.156921938165304 1.5999999999999914 7.049916206369744e-16
  endloop
endfacet
facet normal 0.0 0.0 -1.0
  outer loop
    vertex 4.299209229614268 -4.299209229614139 0.0
    vertex 4.156921938165304 1.5999999999999914 7.049916206369744e-16
    vertex 4.236842276169008 1.7929447639179747 7.049916206369744e-16
  endloop
endfacet
facet normal 0.0 0.0 -1.0
  outer loop
    vertex 4.299209229614268 -4.299209229614139 0.0
    vertex 4.236842276169008 1.7929447639179747 7.049916206369744e-16
    vertex 4.264101615137752 1.999999999999992 7.049916206369744e-16
  endloop
endfacet
facet normal 0.0 0.0 -1.0
  outer loop
    vertex 4.299209229614268 -4.299209229614139 0.0
    vertex 4.264101615137752 1.999999999999992 7.049916206369744e-16
    vertex 4.299209229614144 4.299209229614271 0.0
  endloop
endfacet
facet normal 0.0 0.0 -1.0
  outer loop
    vertex 4.299209229614268 -4.299209229614139 0.0
    vertex 4.299209229614144 4.299209229614271 0.0
    vertex 4.823588308970651 3.7012694883730934 0.0
  endloop
endfacet
facet normal 0.0 0.0 -1.0
  outer loop
    vertex 4.299209229614268 -4.299209229614139 0.0
    vertex 4.823588308970651 3.7012694883730934 0.0
    vertex 4.82358830897076 -3.701269488372944 0.0
  endloop
endfacet
facet normal 0.0 0.0 -1.0
  outer loop
    vertex 4.82358830897076 -3.701269488372944 0.0
    vertex 4.823588308970651 3.7012694883730934 0.0
    vertex 5.265434455009338 3.0400000000000786 0.0
  endloop
endfacet
facet normal 0.0 0.0 -1.0
  outer loop
    vertex 4.82358830897076 -3.701269488372944 0.0
    vertex 5.265434455009338 3.0400000000000786 0.0
    vertex 5.265434455009426 -3.039999999999916 0.0
  endloop
endfacet
facet normal 0.0 0.0 -1.0
  outer loop
    vertex 5.265434455009426 -3.039999999999916 0.0
    vertex 5.265434455009338 3.0400000000000786 0.0
    vertex 5.6171875576685855 2.326715268779829 0.0
  endloop
endfacet
facet normal 0.0 0.0 -1.0
  outer loop
    vertex 5.265434455009426 -3.039999999999916 0.0
    vertex 5.6171875576685855 2.326715268779829 0.0
    vertex 5.617187557668653 -2.3267152687796573 0.0
  endloop
endfacet
facet normal 0.0 0.0 -1.0
  outer loop
    vertex 5.617187557668653 -2.3267152687796573 0.0
    vertex 5.6171875576685855 2.326715268779829 0.0
    vertex 5.8728290238375065 1.5736197942234156 0.0
  endloop
endfacet
facet normal 0.0 0.0 -1.0
  outer loop
    vertex 5.617187557668653 -2.3267152687796573 0.0
    vertex 5.8728290238375065 1.5736197942234156 0.0
    vertex 5.872829023837551 -1.5736197942232344 0.0
  endloop
endfacet
facet normal 0.0 0.0 -1.0
  outer loop
    vertex 5.872829023837551 -1.5736197942232344 0.0
    vertex 5.8728290238375065 1.5736197942234156 0.0
    vertex 6.027984757152749 0.7935992486980046 0.0
  endloop
endfacet
facet normal 0.0 0.0 -1.0
  outer loop
    vertex 5.872829023837551 -1.5736197942232344 0.0
    vertex 6.027984757152749 0.7935992486980046 0.0
    vertex 6.027984757152772 -0.7935992486978213 0.0
  endloop
endfacet
facet normal 0.0 0.0 -1.0
  outer loop
    vertex 6.027984757152772 -0.7935992486978213 0.0
    vertex 6.027984757152749 0.7935992486980046 0.0
    vertex 6.079999999999994 9.305889392408061e-14 0.0
  endloop
endfacet
facet normal 0.0 0.0 1.0
  outer loop
    vertex 2.3267152687798953 -5.617187557668553 1.6000000000000005
    vertex 2.264101615137756 2.0000000000000018 1.6000000000000005
    vertex 1.573619794223483 -5.872829023837485 1.6000000000000005
  endloop
endfacet
facet normal 0.0 0.0 1.0
  outer loop
    vertex 2.264101615137756 2.0000000000000018 1.6000000000000005
    vertex 2.3267152687798953 -5.617187557668553 1.6000000000000005
    vertex 2.304990623590872 1.6894171458769751 1.6000000000000005
  endloop
endfacet
facet normal 0.0 0.0 1.0
  outer loop
    vertex 2.304990623590872 1.6894171458769751 1.6000000000000005
    vertex 2.3267152687798953 -5.617187557668553 1.6000000000000005
    vertex 2.424871130596426 1.4000000000000004 1.6000000000000005
  endloop
endfacet
facet normal 0.0 0.0 1.0
  outer loop
    vertex 2.424871130596426 1.4000000000000004 1.6000000000000005
    vertex 2.3267152687798953 -5.617187557668553 1.6000000000000005
    vertex 3.0400000000001395 -5.265434455009298 1.6000000000000005
  endloop
endfacet
facet normal 0.0 0.0 1.0
  outer loop
    vertex 2.424871130596426 1.4000000000000004 1.6000000000000005
    vertex 3.0400000000001395 -5.265434455009298 1.6000000000000005
    vertex 2.615573477713896 1.151471862576144 1.6000000000000005
  endloop
endfacet
facet normal 0.0 0.0 1.0
  outer loop
    vertex 2.615573477713896 1.151471862576144 1.6000000000000005
    vertex 3.0400000000001395 -5.265434455009298 1.6000000000000005
    vertex 2.8641016151377494 0.9607695154586716 1.6000000000000005
  endloop
endfacet
facet normal 0.0 0.0 1.0
  outer loop
    vertex 2.8641016151377494 0.9607695154586716 1.6000000000000005
    vertex 3.0400000000001395 -5.265434455009298 1.6000000000000005
    vertex 3.1535187610147273 0.8408890084531144 1.6000000000000005
  endloop
endfacet
facet normal 0.0 0.0 1.0
  outer loop
    vertex 3.1535187610147273 0.8408890084531144 1.6000000000000005
    vertex 3.0400000000001395 -5.265434455009298 1.6000000000000005
    vertex 3.7012694883731485 -4.823588308970603 1.6000000000000005
  endloop
endfacet
facet normal 0.0 0.0 1.0
  outer loop
    vertex 3.1535187610147273 0.8408890084531144 1.6000000000000005
    vertex 3.7012694883731485 -4.823588308970603 1.6000000000000005
    vertex 3.464101615137751 0.7999999999999957 1.6000000000000005
  endloop
endfacet
facet normal 0.0 0.0 1.0
  outer loop
    vertex 3.464101615137751 0.7999999999999957 1.6000000000000005
    vertex 3.7012694883731485 -4.823588308970603 1.6000000000000005
    vertex 3.774684469260775 0.8408890084531144 1.6000000000000005
  endloop
endfacet
facet normal 0.0 0.0 1.0
  outer loop
    vertex 3.774684469260775 0.8408890084531144 1.6000000000000005
    vertex 3.7012694883731485 -4.823588308970603 1.6000000000000005
    vertex 4.299209229614322 -4.299209229614087 1.6000000000000005
  endloop
endfacet
facet normal 0.0 0.0 1.0
  outer loop
    vertex 3.774684469260775 0.8408890084531144 1.6000000000000005
    vertex 4.299209229614322 -4.299209229614087 1.6000000000000005
    vertex 4.064101615137753 0.9607695154586687 1.6000000000000005
  endloop
endfacet
facet normal 0.0 0.0 1.0
  outer loop
    vertex 4.064101615137753 0.9607695154586687 1.6000000000000005
    vertex 4.299209229614322 -4.299209229614087 1.6000000000000005
    vertex 4.312629752561609 1.1514718625761355 1.6000000000000005
  endloop
endfacet
facet normal 0.0 0.0 1.0
  outer loop
    vertex 4.312629752561609 1.1514718625761355 1.6000000000000005
    vertex 4.299209229614322 -4.299209229614087 1.6000000000000005
    vertex 4.823588308970806 -3.701269488372886 1.6000000000000005
  endloop
endfacet
facet normal 0.0 0.0 1.0
  outer loop
    vertex 4.312629752561609 1.1514718625761355 1.6000000000000005
    vertex 4.823588308970806 -3.701269488372886 1.6000000000000005
    vertex 4.503332099679079 1.3999999999999917 1.6000000000000005
  endloop
endfacet
facet normal 0.0 0.0 1.0
  outer loop
    vertex 4.503332099679079 1.3999999999999917 1.6000000000000005
    vertex 4.823588308970806 -3.701269488372886 1.6000000000000005
    vertex 4.6232126066846355 1.6894171458769667 1.6000000000000005
  endloop
endfacet
facet normal 0.0 0.0 1.0
  outer loop
    vertex 4.6232126066846355 1.6894171458769667 1.6000000000000005
    vertex 4.823588308970806 -3.701269488372886 1.6000000000000005
    vertex 4.664101615137755 1.9999999999999907 1.6000000000000005
  endloop
endfacet
facet normal 0.0 0.0 1.0
  outer loop
    vertex 4.664101615137755 1.9999999999999907 1.6000000000000005
    vertex 4.823588308970806 -3.701269488372886 1.6000000000000005
    vertex 4.823588308970616 3.70126948837315 1.6000000000000005
  endloop
endfacet
facet normal 0.0 0.0 1.0
  outer loop
    vertex 4.823588308970616 3.70126948837315 1.6000000000000005
    vertex 4.823588308970806 -3.701269488372886 1.6000000000000005
    vertex 5.265434455009308 3.040000000000141 1.6000000000000005
  endloop
endfacet
facet normal 0.0 0.0 1.0
  outer loop
    vertex 5.265434455009308 3.040000000000141 1.6000000000000005
    vertex 4.823588308970806 -3.701269488372886 1.6000000000000005
    vertex 5.265434455009465 -3.039999999999854 1.6000000000000005
  endloop
endfacet
facet normal 0.0 0.0 1.0
  outer loop
    vertex 5.265434455009308 3.040000000000141 1.6000000000000005
    vertex 5.265434455009465 -3.039999999999854 1.6000000000000005
    vertex 5.617187557668562 2.3267152687798953 1.6000000000000005
  endloop
endfacet
facet normal 0.0 0.0 1.0
  outer loop
    vertex 5.617187557668562 2.3267152687798953 1.6000000000000005
    vertex 5.265434455009465 -3.039999999999854 1.6000000000000005
    vertex 5.617187557668681 -2.326715268779591 1.6000000000000005
  endloop
endfacet
facet normal 0.0 0.0 1.0
  outer loop
    vertex 5.617187557668562 2.3267152687798953 1.6000000000000005
    vertex 5.617187557668681 -2.326715268779591 1.6000000000000005
    vertex 5.872829023837495 1.573619794223483 1.6000000000000005
  endloop
endfacet
facet normal 0.0 0.0 1.0
  outer loop
    vertex 5.872829023837495 1.573619794223483 1.6000000000000005
    vertex 5.617187557668681 -2.326715268779591 1.6000000000000005
    vertex 5.872829023837574 -1.573619794223166 1.6000000000000005
  endloop
endfacet
facet normal 0.0 0.0 1.0
  outer loop
    vertex 5.872829023837495 1.573619794223483 1.6000000000000005
    vertex 5.872829023837574 -1.573619794223166 1.6000000000000005
    vertex 6.027984757152747 0.7935992486980765 1.6000000000000005
  endloop
endfacet
facet normal 0.0 0.0 1.0
  outer loop
    vertex 6.027984757152747 0.7935992486980765 1.6000000000000005
    vertex 5.872829023837574 -1.573619794223166 1.6000000000000005
    vertex 6.027984757152786 -0.7935992486977508 1.6000000000000005
  endloop
endfacet
facet normal 0.0 0.0 1.0
  outer loop
    vertex 6.027984757152747 0.7935992486980765 1.6000000000000005
    vertex 6.027984757152786 -0.7935992486977508 1.6000000000000005
    vertex 6.079999999999999 1.6355805598777804e-13 1.6000000000000005
  endloop
endfacet
facet normal 0.0 0.0 1.0
  outer loop
    vertex -6.027984757152753 -0.7935992486980469 1.6000000000000005
    vertex -6.027984757152789 0.7935992486977819 1.6000000000000005
    vertex -6.080000000000004 -1.3253842467975118e-13 1.6000000000000005
  endloop
endfacet
facet normal 0.0 0.0 1.0
  outer loop
    vertex -6.027984757152789 0.7935992486977819 1.6000000000000005
    vertex -6.027984757152753 -0.7935992486980469 1.6000000000000005
    vertex -5.872829023837575 1.5736197942231984 1.6000000000000005
  endloop
endfacet
facet normal 0.0 0.0 1.0
  outer loop
    vertex -5.872829023837575 1.5736197942231984 1.6000000000000005
    vertex -6.027984757152753 -0.7935992486980469 1.6000000000000005
    vertex -5.872829023837502 -1.5736197942234564 1.6000000000000005
  endloop
endfacet
facet normal 0.0 0.0 1.0
  outer loop
    vertex -5.872829023837575 1.5736197942231984 1.6000000000000005
    vertex -5.872829023837502 -1.5736197942234564 1.6000000000000005
    vertex -5.6171875576686805 2.326715268779625 1.6000000000000005
  endloop
endfacet
facet normal 0.0 0.0 1.0
  outer loop
    vertex -5.6171875576686805 2.326715268779625 1.6000000000000005
    vertex -5.872829023837502 -1.5736197942234564 1.6000000000000005
    vertex -5.617187557668572 -2.3267152687798687 1.6000000000000005
  endloop
endfacet
facet normal 0.0 0.0 1.0
  outer loop
    vertex -5.6171875576686805 2.326715268779625 1.6000000000000005
    vertex -5.617187557668572 -2.3267152687798687 1.6000000000000005
    vertex -5.26543445500946 3.0399999999998886 1.6000000000000005
  endloop
endfacet
facet normal 0.0 0.0 1.0
  outer loop
    vertex -5.26543445500946 3.0399999999998886 1.6000000000000005
    vertex -5.617187557668572 -2.3267152687798687 1.6000000000000005
    vertex -5.26543445500932 -3.040000000000114 1.6000000000000005
  endloop
endfacet
facet normal 0.0 0.0 1.0
  outer loop
    vertex -5.26543445500946 3.0399999999998886 1.6000000000000005
    vertex -5.26543445500932 -3.040000000000114 1.6000000000000005
    vertex -4.823588308970798 3.7012694883729202 1.6000000000000005
  endloop
endfacet
facet normal 0.0 0.0 1.0
  outer loop
    vertex -4.823588308970798 3.7012694883729202 1.6000000000000005
    vertex -5.26543445500932 -3.040000000000114 1.6000000000000005
    vertex -4.823588308970627 -3.7012694883731267 1.6000000000000005
  endloop
endfacet
facet normal 0.0 0.0 1.0
  outer loop
    vertex -4.823588308970798 3.7012694883729202 1.6000000000000005
    vertex -4.823588308970627 -3.7012694883731267 1.6000000000000005
    vertex -4.299209229614311 4.29920922961412 1.6000000000000005
  endloop
endfacet
facet normal 0.0 0.0 1.0
  outer loop
    vertex -4.299209229614311 4.29920922961412 1.6000000000000005
    vertex -4.823588308970627 -3.7012694883731267 1.6000000000000005
    vertex -4.299209229614112 -4.2992092296143 1.6000000000000005
  endloop
endfacet
facet normal 0.0 0.0 1.0
  outer loop
    vertex -4.299209229614311 4.29920922961412 1.6000000000000005
    vertex -4.299209229614112 -4.2992092296143 1.6000000000000005
    vertex -3.7012694883731365 4.823588308970634 1.6000000000000005
  endloop
endfacet
facet normal 0.0 0.0 1.0
  outer loop
    vertex -3.7012694883731365 4.823588308970634 1.6000000000000005
    vertex -4.299209229614112 -4.2992092296143 1.6000000000000005
    vertex -3.701269488372913 -4.8235883089707885 1.6000000000000005
  endloop
endfacet
facet normal 0.0 0.0 1.0
  outer loop
    vertex -3.7012694883731365 4.823588308970634 1.6000000000000005
    vertex -3.701269488372913 -4.8235883089707885 1.6000000000000005
    vertex -3.0400000000001253 5.265434455009325 1.6000000000000005
  endloop
endfacet
facet normal 0.0 0.0 1.0
  outer loop
    vertex -3.0400000000001253 5.265434455009325 1.6000000000000005
    vertex -3.701269488372913 -4.8235883089707885 1.6000000000000005
    vertex -3.0399999999998806 -5.26543445500945 1.6000000000000005
  endloop
endfacet
facet normal 0.0 0.0 1.0
  outer loop
    vertex -3.0400000000001253 5.265434455009325 1.6000000000000005
    vertex -3.0399999999998806 -5.26543445500945 1.6000000000000005
    vertex -2.3267152687798798 5.617187557668579 1.6000000000000005
  endloop
endfacet
facet normal 0.0 0.0 1.0
  outer loop
    vertex -2.3267152687798798 5.617187557668579 1.6000000000000005
    vertex -3.0399999999998806 -5.26543445500945 1.6000000000000005
    vertex -2.3267152687795924 -5.6171875576686805 1.6000000000000005
  endloop
endfacet
facet normal 0.0 0.0 1.0
  outer loop
    vertex -2.3267152687798798 5.617187557668579 1.6000000000000005
    vertex -2.3267152687795924 -5.6171875576686805 1.6000000000000005
    vertex -1.5736197942234675 5.8728290238375065 1.6000000000000005
  endloop
endfacet
facet normal 0.0 0.0 1.0
  outer loop
    vertex -1.5736197942234675 5.8728290238375065 1.6000000000000005
    vertex -2.3267152687795924 -5.6171875576686805 1.6000000000000005
    vertex -1.573619794223166 -5.872829023837571 1.6000000000000005
  endloop
endfacet
facet normal 0.0 0.0 1.0
  outer loop
    vertex -1.5736197942234675 5.8728290238375065 1.6000000000000005
    vertex -1.573619794223166 -5.872829023837571 1.6000000000000005
    vertex -0.7935992486980582 6.027984757152757 1.6000000000000005
  endloop
endfacet
facet normal 0.0 0.0 1.0
  outer loop
    vertex -0.7935992486980582 6.027984757152757 1.6000000000000005
    vertex -1.573619794223166 -5.872829023837571 1.6000000000000005
    vertex -0.7935992486977508 -6.027984757152781 1.6000000000000005
  endloop
endfacet
facet normal 0.0 0.0 1.0
  outer loop
    vertex -0.7935992486980582 6.027984757152757 1.6000000000000005
    vertex -0.7935992486977508 -6.027984757152781 1.6000000000000005
    vertex -1.4663825709249067e-13 6.080000000000011 1.6000000000000005
  endloop
endfacet
facet normal 0.0 0.0 1.0
  outer loop
    vertex -1.4663825709249067e-13 6.080000000000011 1.6000000000000005
    vertex -0.7935992486977508 -6.027984757152781 1.6000000000000005
    vertex 1.6355805598777804e-13 -6.079999999999993 1.6000000000000005
  endloop
endfacet
facet normal 0.0 0.0 1.0
  outer loop
    vertex -1.4663825709249067e-13 6.080000000000011 1.6000000000000005
    vertex 1.6355805598777804e-13 -6.079999999999993 1.6000000000000005
    vertex 0.7935992486977663 6.027984757152797 1.6000000000000005
  endloop
endfacet
facet normal 0.0 0.0 1.0
  outer loop
    vertex 0.7935992486977663 6.027984757152797 1.6000000000000005
    vertex 1.6355805598777804e-13 -6.079999999999993 1.6000000000000005
    vertex 0.7935992486980751 -6.027984757152738 1.6000000000000005
  endloop
endfacet
facet normal 0.0 0.0 1.0
  outer loop
    vertex 0.7935992486977663 6.027984757152797 1.6000000000000005
    vertex 0.7935992486980751 -6.027984757152738 1.6000000000000005
    vertex 1.5736197942231829 5.872829023837582 1.6000000000000005
  endloop
endfacet
facet normal 0.0 0.0 1.0
  outer loop
    vertex 1.5736197942231829 5.872829023837582 1.6000000000000005
    vertex 0.7935992486980751 -6.027984757152738 1.6000000000000005
    vertex 1.573619794223483 -5.872829023837485 1.6000000000000005
  endloop
endfacet
facet normal 0.0 0.0 1.0
  outer loop
    vertex 1.5736197942231829 5.872829023837582 1.6000000000000005
    vertex 1.573619794223483 -5.872829023837485 1.6000000000000005
    vertex 2.326715268779608 5.617187557668689 1.6000000000000005
  endloop
endfacet
facet normal 0.0 0.0 1.0
  outer loop
    vertex 2.326715268779608 5.617187557668689 1.6000000000000005
    vertex 1.573619794223483 -5.872829023837485 1.6000000000000005
    vertex 2.264101615137756 2.0000000000000018 1.6000000000000005
  endloop
endfacet
facet normal 0.0 0.0 1.0
  outer loop
    vertex 2.326715268779608 5.617187557668689 1.6000000000000005
    vertex 2.264101615137756 2.0000000000000018 1.6000000000000005
    vertex 2.3049906235908746 2.3105828541230244 1.6000000000000005
  endloop
endfacet
facet normal 0.0 0.0 1.0
  outer loop
    vertex 2.326715268779608 5.617187557668689 1.6000000000000005
    vertex 2.3049906235908746 2.3105828541230244 1.6000000000000005
    vertex 2.424871130596432 2.600000000000001 1.6000000000000005
  endloop
endfacet
facet normal 0.0 0.0 1.0
  outer loop
    vertex 2.326715268779608 5.617187557668689 1.6000000000000005
    vertex 2.424871130596432 2.600000000000001 1.6000000000000005
    vertex 3.0399999999998686 5.26543445500947 1.6000000000000005
  endloop
endfacet
facet normal 0.0 0.0 1.0
  outer loop
    vertex 3.0399999999998686 5.26543445500947 1.6000000000000005
    vertex 2.424871130596432 2.600000000000001 1.6000000000000005
    vertex 2.6155734777139017 2.8485281374238545 1.6000000000000005
  endloop
endfacet
facet normal 0.0 0.0 1.0
  outer loop
    vertex 3.0399999999998686 5.26543445500947 1.6000000000000005
    vertex 2.6155734777139017 2.8485281374238545 1.6000000000000005
    vertex 2.864101615137758 3.039230484541324 1.6000000000000005
  endloop
endfacet
facet normal 0.0 0.0 1.0
  outer loop
    vertex 3.0399999999998686 5.26543445500947 1.6000000000000005
    vertex 2.864101615137758 3.039230484541324 1.6000000000000005
    vertex 3.1535187610147326 3.1591109915468785 1.6000000000000005
  endloop
endfacet
facet normal 0.0 0.0 1.0
  outer loop
    vertex 3.0399999999998686 5.26543445500947 1.6000000000000005
    vertex 3.1535187610147326 3.1591109915468785 1.6000000000000005
    vertex 3.7012694883729016 4.823588308970809 1.6000000000000005
  endloop
endfacet
facet normal 0.0 0.0 1.0
  outer loop
    vertex 3.7012694883729016 4.823588308970809 1.6000000000000005
    vertex 3.1535187610147326 3.1591109915468785 1.6000000000000005
    vertex 3.4641016151377597 3.199999999999997 1.6000000000000005
  endloop
endfacet
facet normal 0.0 0.0 1.0
  outer loop
    vertex 3.7012694883729016 4.823588308970809 1.6000000000000005
    vertex 3.4641016151377597 3.199999999999997 1.6000000000000005
    vertex 3.7746844692607833 3.1591109915468754 1.6000000000000005
  endloop
endfacet
facet normal 0.0 0.0 1.0
  outer loop
    vertex 3.7012694883729016 4.823588308970809 1.6000000000000005
    vertex 3.7746844692607833 3.1591109915468754 1.6000000000000005
    vertex 4.2992092296141005 4.299209229614324 1.6000000000000005
  endloop
endfacet
facet normal 0.0 0.0 1.0
  outer loop
    vertex 4.2992092296141005 4.299209229614324 1.6000000000000005
    vertex 3.7746844692607833 3.1591109915468754 1.6000000000000005
    vertex 4.0641016151377585 3.039230484541321 1.6000000000000005
  endloop
endfacet
facet normal 0.0 0.0 1.0
  outer loop
    vertex 4.2992092296141005 4.299209229614324 1.6000000000000005
    vertex 4.0641016151377585 3.039230484541321 1.6000000000000005
    vertex 4.312629752561615 2.8485281374238487 1.6000000000000005
  endloop
endfacet
facet normal 0.0 0.0 1.0
  outer loop
    vertex 4.2992092296141005 4.299209229614324 1.6000000000000005
    vertex 4.312629752561615 2.8485281374238487 1.6000000000000005
    vertex 4.823588308970616 3.70126948837315 1.6000000000000005
  endloop
endfacet
facet normal 0.0 0.0 1.0
  outer loop
    vertex 4.823588308970616 3.70126948837315 1.6000000000000005
    vertex 4.312629752561615 2.8485281374238487 1.6000000000000005
    vertex 4.503332099679084 2.5999999999999925 1.6000000000000005
  endloop
endfacet
facet normal 0.0 0.0 1.0
  outer loop
    vertex 4.823588308970616 3.70126948837315 1.6000000000000005
    vertex 4.503332099679084 2.5999999999999925 1.6000000000000005
    vertex 4.623212606684639 2.310582854123016 1.6000000000000005
  endloop
endfacet
facet normal 0.0 0.0 1.0
  outer loop
    vertex 4.823588308970616 3.70126948837315 1.6000000000000005
    vertex 4.623212606684639 2.310582854123016 1.6000000000000005
    vertex 4.664101615137755 1.9999999999999907 1.6000000000000005
  endloop
endfacet
facet normal 0.46672727873592584 0.5322004619635917 -0.7063485793639688
  outer loop
    vertex 4.139577717259144 5.394802713980499 0.7200000000000001
    vertex 4.299209229614144 4.299209229614271 0.0
    vertex 3.7012694883729482 4.823588308970765 0.0
  endloop
endfacet
facet normal 0.46672727873592584 0.5322004619635917 -0.7063485793639688
  outer loop
    vertex 4.299209229614144 4.299209229614271 0.0
    vertex 4.139577717259144 5.394802713980499 0.7200000000000001
    vertex 4.808326112068403 4.808326112068615 0.7200000000000001
  endloop
endfacet
facet normal 0.5322004619635763 0.46672727873594444 -0.7063485793639683
  outer loop
    vertex 4.808326112068403 4.808326112068615 0.7200000000000001
    vertex 4.823588308970651 3.7012694883730934 0.0
    vertex 4.299209229614144 4.299209229614271 0.0
  endloop
endfacet
facet normal 0.5322004619635763 0.46672727873594444 -0.7063485793639683
  outer loop
    vertex 4.823588308970651 3.7012694883730934 0.0
    vertex 4.808326112068403 4.808326112068615 0.7200000000000001
    vertex 5.39480271398029 4.139577717259404 0.7200000000000001
  endloop
endfacet
facet normal 0.04629653184615084 -0.706348579363977 -0.7063485793639781
  outer loop
    vertex 0.7935992486980046 -6.02798475715275 0.0
    vertex 9.587886040662851e-14 -6.799999999999997 0.7200000000000001
    vertex 9.305889392408061e-14 -6.079999999999996 0.0
  endloop
endfacet
facet normal 0.04629653184615084 -0.706348579363977 -0.7063485793639781
  outer loop
    vertex 9.587886040662851e-14 -6.799999999999997 0.7200000000000001
    vertex 0.7935992486980046 -6.02798475715275 0.0
    vertex 0.8875781070964437 -6.741825057341893 0.7200000000000001
  endloop
endfacet
facet normal -0.2275354805982936 -0.6702979110062831 -0.7063485793639829
  outer loop
    vertex -2.3267152687796586 -5.617187557668658 0.0
    vertex -1.7599695066970489 -6.568295618765696 0.7200000000000001
    vertex -2.602247340082523 -6.2823808210767975 0.7200000000000001
  endloop
endfacet
facet normal -0.2275354805982936 -0.6702979110062831 -0.7063485793639829
  outer loop
    vertex -1.7599695066970489 -6.568295618765696 0.7200000000000001
    vertex -2.3267152687796586 -5.617187557668658 0.0
    vertex -1.573619794223235 -5.872829023837557 0.0
  endloop
endfacet
facet normal -0.13809744904269353 -0.6942627593342351 -0.7063485793639814
  outer loop
    vertex -1.573619794223235 -5.872829023837557 0.0
    vertex -0.8875781070962562 -6.741825057341926 0.7200000000000001
    vertex -1.7599695066970489 -6.568295618765696 0.7200000000000001
  endloop
endfacet
facet normal -0.13809744904269353 -0.6942627593342351 -0.7063485793639814
  outer loop
    vertex -0.8875781070962562 -6.741825057341926 0.7200000000000001
    vertex -1.573619794223235 -5.872829023837557 0.0
    vertex -0.7935992486978213 -6.027984757152776 0.0
  endloop
endfacet
facet normal -0.04629653184612636 -0.7063485793639769 -0.7063485793639798
  outer loop
    vertex -0.7935992486978213 -6.027984757152776 0.0
    vertex 9.587886040662851e-14 -6.799999999999997 0.7200000000000001
    vertex -0.8875781070962562 -6.741825057341926 0.7200000000000001
  endloop
endfacet
facet normal -0.04629653184612636 -0.7063485793639769 -0.7063485793639798
  outer loop
    vertex 9.587886040662851e-14 -6.799999999999997 0.7200000000000001
    vertex -0.7935992486978213 -6.027984757152776 0.0
    vertex 9.305889392408061e-14 -6.079999999999996 0.0
  endloop
endfacet
facet normal 0.13809744904271984 -0.6942627593342348 -0.7063485793639767
  outer loop
    vertex 1.573619794223414 -5.872829023837506 0.0
    vertex 0.8875781070964437 -6.741825057341893 0.7200000000000001
    vertex 0.7935992486980046 -6.02798475715275 0.0
  endloop
endfacet
facet normal 0.13809744904271984 -0.6942627593342348 -0.7063485793639767
  outer loop
    vertex 0.8875781070964437 -6.741825057341893 0.7200000000000001
    vertex 1.573619794223414 -5.872829023837506 0.0
    vertex 1.75996950669723 -6.56829561876563 0.7200000000000001
  endloop
endfacet
facet normal 0.2275354805983194 -0.6702979110062828 -0.7063485793639749
  outer loop
    vertex 2.326715268779829 -5.617187557668583 0.0
    vertex 1.75996950669723 -6.56829561876563 0.7200000000000001
    vertex 1.573619794223414 -5.872829023837506 0.0
  endloop
endfacet
facet normal 0.2275354805983194 -0.6702979110062828 -0.7063485793639749
  outer loop
    vertex 1.75996950669723 -6.56829561876563 0.7200000000000001
    vertex 2.326715268779829 -5.617187557668583 0.0
    vertex 2.6022473400826938 -6.2823808210767 0.7200000000000001
  endloop
endfacet
facet normal 0.31308031699613004 -0.6348640795793221 -0.7063485793639732
  outer loop
    vertex 3.0400000000000773 -5.265434455009335 0.0
    vertex 2.6022473400826938 -6.2823808210767 0.7200000000000001
    vertex 2.326715268779829 -5.617187557668583 0.0
  endloop
endfacet
facet normal 0.31308031699613004 -0.6348640795793221 -0.7063485793639732
  outer loop
    vertex 2.6022473400826938 -6.2823808210767 0.7200000000000001
    vertex 3.0400000000000773 -5.265434455009335 0.0
    vertex 3.400000000000074 -5.88897274573412 0.7200000000000001
  endloop
endfacet
facet normal 0.3932682623678742 -0.5885675477331826 -0.7063485793639714
  outer loop
    vertex 3.7012694883730908 -4.823588308970648 0.0
    vertex 3.400000000000074 -5.88897274573412 0.7200000000000001
    vertex 3.0400000000000773 -5.265434455009335 0.0
  endloop
endfacet
facet normal 0.3932682623678742 -0.5885675477331826 -0.7063485793639714
  outer loop
    vertex 3.400000000000074 -5.88897274573412 0.7200000000000001
    vertex 3.7012694883730908 -4.823588308970648 0.0
    vertex 4.139577717259367 -5.394802713980322 0.7200000000000001
  endloop
endfacet
facet normal 0.4667272787359431 -0.5322004619635748 -0.7063485793639701
  outer loop
    vertex 4.299209229614268 -4.299209229614139 0.0
    vertex 4.139577717259367 -5.394802713980322 0.7200000000000001
    vertex 3.7012694883730908 -4.823588308970648 0.0
  endloop
endfacet
facet normal 0.4667272787359431 -0.5322004619635748 -0.7063485793639701
  outer loop
    vertex 4.139577717259367 -5.394802713980322 0.7200000000000001
    vertex 4.299209229614268 -4.299209229614139 0.0
    vertex 4.8083261120685785 -4.808326112068434 0.7200000000000001
  endloop
endfacet
facet normal 0.5322004619635916 -0.4667272787359258 -0.7063485793639691
  outer loop
    vertex 4.82358830897076 -3.701269488372944 0.0
    vertex 4.8083261120685785 -4.808326112068434 0.7200000000000001
    vertex 4.299209229614268 -4.299209229614139 0.0
  endloop
endfacet
facet normal 0.5322004619635916 -0.4667272787359258 -0.7063485793639691
  outer loop
    vertex 4.8083261120685785 -4.808326112068434 0.7200000000000001
    vertex 4.82358830897076 -3.701269488372944 0.0
    vertex 5.394802713980442 -4.139577717259199 0.7200000000000001
  endloop
endfacet
facet normal 0.588567547733199 -0.393268262367856 -0.706348579363968
  outer loop
    vertex 5.265434455009426 -3.039999999999916 0.0
    vertex 5.394802713980442 -4.139577717259199 0.7200000000000001
    vertex 4.82358830897076 -3.701269488372944 0.0
  endloop
endfacet
facet normal 0.588567547733199 -0.393268262367856 -0.706348579363968
  outer loop
    vertex 5.394802713980442 -4.139577717259199 0.7200000000000001
    vertex 5.265434455009426 -3.039999999999916 0.0
    vertex 5.888972745734214 -3.3999999999998893 0.7200000000000001
  endloop
endfacet
facet normal 0.6348640795793378 -0.31308031699611133 -0.7063485793639673
  outer loop
    vertex 5.617187557668653 -2.3267152687796573 0.0
    vertex 5.888972745734214 -3.3999999999998893 0.7200000000000001
    vertex 5.265434455009426 -3.039999999999916 0.0
  endloop
endfacet
facet normal 0.6348640795793378 -0.31308031699611133 -0.7063485793639673
  outer loop
    vertex 5.888972745734214 -3.3999999999998893 0.7200000000000001
    vertex 5.617187557668653 -2.3267152687796573 0.0
    vertex 6.282380821076766 -2.6022473400824926 0.7200000000000001
  endloop
endfacet
facet normal 0.6702979110062983 -0.2275354805982991 -0.7063485793639664
  outer loop
    vertex 5.872829023837551 -1.5736197942232344 0.0
    vertex 6.282380821076766 -2.6022473400824926 0.7200000000000001
    vertex 5.617187557668653 -2.3267152687796573 0.0
  endloop
endfacet
facet normal 0.6702979110062983 -0.2275354805982991 -0.7063485793639664
  outer loop
    vertex 6.282380821076766 -2.6022473400824926 0.7200000000000001
    vertex 5.872829023837551 -1.5736197942232344 0.0
    vertex 6.568295618765664 -1.7599695066970171 0.7200000000000001
  endloop
endfacet
facet normal 0.6942627593342499 -0.13809744904269744 -0.706348579363966
  outer loop
    vertex 6.027984757152772 -0.7935992486978213 0.0
    vertex 6.568295618765664 -1.7599695066970171 0.7200000000000001
    vertex 5.872829023837551 -1.5736197942232344 0.0
  endloop
endfacet
facet normal 0.6942627593342499 -0.13809744904269744 -0.706348579363966
  outer loop
    vertex 6.568295618765664 -1.7599695066970171 0.7200000000000001
    vertex 6.027984757152772 -0.7935992486978213 0.0
    vertex 6.741825057341896 -0.8875781070962223 0.7200000000000001
  endloop
endfacet
facet normal 0.7063485793639906 -0.04629653184612746 -0.7063485793639659
  outer loop
    vertex 6.027984757152772 -0.7935992486978213 0.0
    vertex 6.799999999999968 1.2971845819720328e-13 0.7200000000000001
    vertex 6.741825057341896 -0.8875781070962223 0.7200000000000001
  endloop
endfacet
facet normal 0.7063485793639906 -0.04629653184612746 -0.7063485793639659
  outer loop
    vertex 6.799999999999968 1.2971845819720328e-13 0.7200000000000001
    vertex 6.027984757152772 -0.7935992486978213 0.0
    vertex 6.079999999999994 9.305889392408061e-14 0.0
  endloop
endfacet
facet normal -0.6348640795793186 0.31308031699609945 -0.7063485793639898
  outer loop
    vertex -5.888972745734288 3.3999999999998782 0.7200000000000001
    vertex -5.617187557668674 2.3267152687796444 0.0
    vertex -6.282380821076838 2.602247340082482 0.7200000000000001
  endloop
endfacet
facet normal -0.6348640795793186 0.31308031699609945 -0.7063485793639898
  outer loop
    vertex -5.617187557668674 2.3267152687796444 0.0
    vertex -5.888972745734288 3.3999999999998782 0.7200000000000001
    vertex -5.265434455009437 3.0399999999999308 0.0
  endloop
endfacet
facet normal -0.6702979110062769 0.22753548059828965 -0.70634857936399
  outer loop
    vertex -6.282380821076838 2.602247340082482 0.7200000000000001
    vertex -5.872829023837571 1.5736197942232208 0.0
    vertex -6.568295618765734 1.7599695066970074 0.7200000000000001
  endloop
endfacet
facet normal -0.6702979110062769 0.22753548059828965 -0.70634857936399
  outer loop
    vertex -5.872829023837571 1.5736197942232208 0.0
    vertex -6.282380821076838 2.602247340082482 0.7200000000000001
    vertex -5.617187557668674 2.3267152687796444 0.0
  endloop
endfacet
facet normal -0.6942627593342269 0.13809744904269072 -0.7063485793639901
  outer loop
    vertex -6.568295618765734 1.7599695066970074 0.7200000000000001
    vertex -6.027984757152789 0.7935992486978072 0.0
    vertex -6.741825057341963 0.8875781070962139 0.7200000000000001
  endloop
endfacet
facet normal -0.6942627593342269 0.13809744904269072 -0.7063485793639901
  outer loop
    vertex -6.027984757152789 0.7935992486978072 0.0
    vertex -6.568295618765734 1.7599695066970074 0.7200000000000001
    vertex -5.872829023837571 1.5736197942232208 0.0
  endloop
endfacet
facet normal -0.7063485793639667 0.046296531846124506 -0.7063485793639901
  outer loop
    vertex -6.741825057341963 0.8875781070962139 0.7200000000000001
    vertex -6.080000000000008 -1.071587263368201e-13 0.0
    vertex -6.800000000000033 -1.3817835764484697e-13 0.7200000000000001
  endloop
endfacet
facet normal -0.7063485793639667 0.046296531846124506 -0.7063485793639901
  outer loop
    vertex -6.080000000000008 -1.071587263368201e-13 0.0
    vertex -6.741825057341963 0.8875781070962139 0.7200000000000001
    vertex -6.027984757152789 0.7935992486978072 0.0
  endloop
endfacet
facet normal -0.6942627593342212 -0.13809744904271762 -0.7063485793639904
  outer loop
    vertex -6.027984757152761 -0.7935992486980187 0.0
    vertex -6.568295618765662 -1.7599695066972718 0.7200000000000001
    vertex -6.741825057341926 -0.887578107096486 0.7200000000000001
  endloop
endfacet
facet normal -0.6942627593342212 -0.13809744904271762 -0.7063485793639904
  outer loop
    vertex -6.568295618765662 -1.7599695066972718 0.7200000000000001
    vertex -6.027984757152761 -0.7935992486980187 0.0
    vertex -5.8728290238375145 -1.5736197942234273 0.0
  endloop
endfacet
facet normal -0.6702979110062675 -0.22753548059831613 -0.7063485793639903
  outer loop
    vertex -5.8728290238375145 -1.5736197942234273 0.0
    vertex -6.282380821076731 -2.6022473400827346 0.7200000000000001
    vertex -6.568295618765662 -1.7599695066972718 0.7200000000000001
  endloop
endfacet
facet normal -0.6702979110062675 -0.22753548059831613 -0.7063485793639903
  outer loop
    vertex -6.282380821076731 -2.6022473400827346 0.7200000000000001
    vertex -5.8728290238375145 -1.5736197942234273 0.0
    vertex -5.617187557668589 -2.326715268779842 0.0
  endloop
endfacet
facet normal -0.6348640795793066 -0.31308031699612376 -0.7063485793639898
  outer loop
    vertex -5.617187557668589 -2.326715268779842 0.0
    vertex -5.888972745734148 -3.4000000000001145 0.7200000000000001
    vertex -6.282380821076731 -2.6022473400827346 0.7200000000000001
  endloop
endfacet
facet normal -0.6348640795793066 -0.31308031699612376 -0.7063485793639898
  outer loop
    vertex -5.888972745734148 -3.4000000000001145 0.7200000000000001
    vertex -5.617187557668589 -2.326715268779842 0.0
    vertex -5.26543445500934 -3.0400000000000893 0.0
  endloop
endfacet
facet normal -0.5885675477331673 -0.3932682623678657 -0.7063485793639889
  outer loop
    vertex -5.26543445500934 -3.0400000000000893 0.0
    vertex -5.394802713980351 -4.139577717259405 0.7200000000000001
    vertex -5.888972745734148 -3.4000000000001145 0.7200000000000001
  endloop
endfacet
facet normal -0.5885675477331673 -0.3932682623678657 -0.7063485793639889
  outer loop
    vertex -5.394802713980351 -4.139577717259405 0.7200000000000001
    vertex -5.26543445500934 -3.0400000000000893 0.0
    vertex -4.823588308970652 -3.701269488373102 0.0
  endloop
endfacet
facet normal -0.5322004619635605 -0.4667272787359319 -0.7063485793639884
  outer loop
    vertex -4.823588308970652 -3.701269488373102 0.0
    vertex -4.808326112068462 -4.808326112068616 0.7200000000000001
    vertex -5.394802713980351 -4.139577717259405 0.7200000000000001
  endloop
endfacet
facet normal -0.5322004619635605 -0.4667272787359319 -0.7063485793639884
  outer loop
    vertex -4.808326112068462 -4.808326112068616 0.7200000000000001
    vertex -4.823588308970652 -3.701269488373102 0.0
    vertex -4.299209229614141 -4.29920922961428 0.0
  endloop
endfacet
facet normal -0.46672727873591285 -0.5322004619635788 -0.7063485793639872
  outer loop
    vertex -4.299209229614141 -4.29920922961428 0.0
    vertex -4.139577717259228 -5.394802713980478 0.7200000000000001
    vertex -4.808326112068462 -4.808326112068616 0.7200000000000001
  endloop
endfacet
facet normal -0.46672727873591285 -0.5322004619635788 -0.7063485793639872
  outer loop
    vertex -4.139577717259228 -5.394802713980478 0.7200000000000001
    vertex -4.299209229614141 -4.29920922961428 0.0
    vertex -3.7012694883729456 -4.82358830897077 0.0
  endloop
endfacet
facet normal -0.39326826236784584 -0.5885675477331846 -0.7063485793639857
  outer loop
    vertex -3.7012694883729456 -4.82358830897077 0.0
    vertex -3.399999999999919 -5.888972745734247 0.7200000000000001
    vertex -4.139577717259228 -5.394802713980478 0.7200000000000001
  endloop
endfacet
facet normal -0.39326826236784584 -0.5885675477331846 -0.7063485793639857
  outer loop
    vertex -3.399999999999919 -5.888972745734247 0.7200000000000001
    vertex -3.7012694883729456 -4.82358830897077 0.0
    vertex -3.0399999999999174 -5.265434455009435 0.0
  endloop
endfacet
facet normal -0.31308031699610245 -0.6348640795793233 -0.7063485793639842
  outer loop
    vertex -3.0399999999999174 -5.265434455009435 0.0
    vertex -2.602247340082523 -6.2823808210767975 0.7200000000000001
    vertex -3.399999999999919 -5.888972745734247 0.7200000000000001
  endloop
endfacet
facet normal -0.31308031699610245 -0.6348640795793233 -0.7063485793639842
  outer loop
    vertex -2.602247340082523 -6.2823808210767975 0.7200000000000001
    vertex -3.0399999999999174 -5.265434455009435 0.0
    vertex -2.3267152687796586 -5.617187557668658 0.0
  endloop
endfacet
facet normal -0.7063485793639647 -0.046296531846152116 -0.7063485793639902
  outer loop
    vertex -6.080000000000008 -1.071587263368201e-13 0.0
    vertex -6.741825057341926 -0.887578107096486 0.7200000000000001
    vertex -6.800000000000033 -1.3817835764484697e-13 0.7200000000000001
  endloop
endfacet
facet normal -0.7063485793639647 -0.046296531846152116 -0.7063485793639902
  outer loop
    vertex -6.741825057341926 -0.887578107096486 0.7200000000000001
    vertex -6.080000000000008 -1.071587263368201e-13 0.0
    vertex -6.027984757152761 -0.7935992486980187 0.0
  endloop
endfacet
facet normal -0.4667272787359334 0.5322004619635624 -0.706348579363986
  outer loop
    vertex -4.13957771725945 5.3948027139803125 0.7200000000000001
    vertex -4.299209229614276 4.299209229614153 0.0
    vertex -4.80832611206866 4.808326112068423 0.7200000000000001
  endloop
endfacet
facet normal -0.4667272787359334 0.5322004619635624 -0.706348579363986
  outer loop
    vertex -4.299209229614276 4.299209229614153 0.0
    vertex -4.13957771725945 5.3948027139803125 0.7200000000000001
    vertex -3.701269488373097 4.823588308970662 0.0
  endloop
endfacet
facet normal 0.6942627593342452 0.1380974490427212 -0.706348579363966
  outer loop
    vertex 6.568295618765601 1.7599695066972654 0.7200000000000001
    vertex 6.027984757152749 0.7935992486980046 0.0
    vertex 5.8728290238375065 1.5736197942234156 0.0
  endloop
endfacet
facet normal 0.6942627593342452 0.1380974490427212 -0.706348579363966
  outer loop
    vertex 6.027984757152749 0.7935992486980046 0.0
    vertex 6.568295618765601 1.7599695066972654 0.7200000000000001
    vertex 6.741825057341865 0.887578107096479 0.7200000000000001
  endloop
endfacet
facet normal 0.7063485793639892 0.04629653184615082 -0.7063485793639658
  outer loop
    vertex 6.027984757152749 0.7935992486980046 0.0
    vertex 6.799999999999968 1.2971845819720328e-13 0.7200000000000001
    vertex 6.079999999999994 9.305889392408061e-14 0.0
  endloop
endfacet
facet normal 0.7063485793639892 0.04629653184615082 -0.7063485793639658
  outer loop
    vertex 6.799999999999968 1.2971845819720328e-13 0.7200000000000001
    vertex 6.027984757152749 0.7935992486980046 0.0
    vertex 6.741825057341865 0.887578107096479 0.7200000000000001
  endloop
endfacet
facet normal 0.670297911006291 0.2275354805983215 -0.7063485793639662
  outer loop
    vertex 6.2823808210766705 2.60224734008273 0.7200000000000001
    vertex 5.8728290238375065 1.5736197942234156 0.0
    vertex 5.6171875576685855 2.326715268779829 0.0
  endloop
endfacet
facet normal 0.670297911006291 0.2275354805983215 -0.7063485793639662
  outer loop
    vertex 5.8728290238375065 1.5736197942234156 0.0
    vertex 6.2823808210766705 2.60224734008273 0.7200000000000001
    vertex 6.568295618765601 1.7599695066972654 0.7200000000000001
  endloop
endfacet
facet normal 0.634864079579328 0.3130803169961325 -0.7063485793639667
  outer loop
    vertex 5.88897274573409 3.4000000000001123 0.7200000000000001
    vertex 5.6171875576685855 2.326715268779829 0.0
    vertex 5.265434455009338 3.0400000000000786 0.0
  endloop
endfacet
facet normal 0.634864079579328 0.3130803169961325 -0.7063485793639667
  outer loop
    vertex 5.6171875576685855 2.326715268779829 0.0
    vertex 5.88897274573409 3.4000000000001123 0.7200000000000001
    vertex 6.2823808210766705 2.60224734008273 0.7200000000000001
  endloop
endfacet
facet normal 0.5885675477331861 0.3932682623678764 -0.7063485793639674
  outer loop
    vertex 5.39480271398029 4.139577717259404 0.7200000000000001
    vertex 5.265434455009338 3.0400000000000786 0.0
    vertex 4.823588308970651 3.7012694883730934 0.0
  endloop
endfacet
facet normal 0.5885675477331861 0.3932682623678764 -0.7063485793639674
  outer loop
    vertex 5.265434455009338 3.0400000000000786 0.0
    vertex 5.39480271398029 4.139577717259404 0.7200000000000001
    vertex 5.88897274573409 3.4000000000001123 0.7200000000000001
  endloop
endfacet
facet normal 0.39326826236785356 0.5885675477331974 -0.7063485793639706
  outer loop
    vertex 3.399999999999833 5.888972745734264 0.7200000000000001
    vertex 3.7012694883729482 4.823588308970765 0.0
    vertex 3.039999999999921 5.265434455009434 0.0
  endloop
endfacet
facet normal 0.39326826236785356 0.5885675477331974 -0.7063485793639706
  outer loop
    vertex 3.7012694883729482 4.823588308970765 0.0
    vertex 3.399999999999833 5.888972745734264 0.7200000000000001
    vertex 4.139577717259144 5.394802713980499 0.7200000000000001
  endloop
endfacet
facet normal 0.3130803169961075 0.6348640795793344 -0.7063485793639721
  outer loop
    vertex 2.6022473400824357 6.282380821076814 0.7200000000000001
    vertex 3.039999999999921 5.265434455009434 0.0
    vertex 2.3267152687796613 5.617187557668658 0.0
  endloop
endfacet
facet normal 0.3130803169961075 0.6348640795793344 -0.7063485793639721
  outer loop
    vertex 3.039999999999921 5.265434455009434 0.0
    vertex 2.6022473400824357 6.282380821076814 0.7200000000000001
    vertex 3.399999999999833 5.888972745734264 0.7200000000000001
  endloop
endfacet
facet normal 0.22753548059829617 0.6702979110062918 -0.7063485793639738
  outer loop
    vertex 1.7599695066969607 6.568295618765709 0.7200000000000001
    vertex 2.3267152687796613 5.617187557668658 0.0
    vertex 1.5736197942232377 5.8728290238375624 0.0
  endloop
endfacet
facet normal 0.22753548059829617 0.6702979110062918 -0.7063485793639738
  outer loop
    vertex 2.3267152687796613 5.617187557668658 0.0
    vertex 1.7599695066969607 6.568295618765709 0.7200000000000001
    vertex 2.6022473400824357 6.282380821076814 0.7200000000000001
  endloop
endfacet
facet normal 0.13809744904269433 0.694262759334241 -0.7063485793639754
  outer loop
    vertex 0.8875781070961659 6.741825057341936 0.7200000000000001
    vertex 1.5736197942232377 5.8728290238375624 0.0
    vertex 0.7935992486978227 6.027984757152783 0.0
  endloop
endfacet
facet normal 0.13809744904269433 0.694262759334241 -0.7063485793639754
  outer loop
    vertex 1.5736197942232377 5.8728290238375624 0.0
    vertex 0.8875781070961659 6.741825057341936 0.7200000000000001
    vertex 1.7599695066969607 6.568295618765709 0.7200000000000001
  endloop
endfacet
facet normal 0.046296531846125775 0.7063485793639795 -0.706348579363977
  outer loop
    vertex -1.8470780460688727e-13 6.800000000000004 0.7200000000000001
    vertex 0.7935992486978227 6.027984757152783 0.0
    vertex -9.305889392408061e-14 6.080000000000005 0.0
  endloop
endfacet
facet normal 0.046296531846125775 0.7063485793639795 -0.706348579363977
  outer loop
    vertex 0.7935992486978227 6.027984757152783 0.0
    vertex -1.8470780460688727e-13 6.800000000000004 0.7200000000000001
    vertex 0.8875781070961659 6.741825057341936 0.7200000000000001
  endloop
endfacet
facet normal -0.04629653184615332 0.7063485793639767 -0.7063485793639782
  outer loop
    vertex -1.8470780460688727e-13 6.800000000000004 0.7200000000000001
    vertex -0.793599248698006 6.027984757152761 0.0
    vertex -0.8875781070965333 6.741825057341893 0.7200000000000001
  endloop
endfacet
facet normal -0.04629653184615332 0.7063485793639767 -0.7063485793639782
  outer loop
    vertex -0.793599248698006 6.027984757152761 0.0
    vertex -1.8470780460688727e-13 6.800000000000004 0.7200000000000001
    vertex -9.305889392408061e-14 6.080000000000005 0.0
  endloop
endfacet
facet normal -0.13809744904271856 0.6942627593342318 -0.7063485793639798
  outer loop
    vertex -0.8875781070965333 6.741825057341893 0.7200000000000001
    vertex -1.5736197942234182 5.872829023837517 0.0
    vertex -1.7599695066973189 6.56829561876563 0.7200000000000001
  endloop
endfacet
facet normal -0.13809744904271856 0.6942627593342318 -0.7063485793639798
  outer loop
    vertex -1.5736197942234182 5.872829023837517 0.0
    vertex -0.8875781070965333 6.741825057341893 0.7200000000000001
    vertex -0.793599248698006 6.027984757152761 0.0
  endloop
endfacet
facet normal -0.2275354805983182 0.6702979110062761 -0.7063485793639813
  outer loop
    vertex -1.7599695066973189 6.56829561876563 0.7200000000000001
    vertex -2.3267152687798327 5.617187557668596 0.0
    vertex -2.6022473400827817 6.282380821076696 0.7200000000000001
  endloop
endfacet
facet normal -0.2275354805983182 0.6702979110062761 -0.7063485793639813
  outer loop
    vertex -2.3267152687798327 5.617187557668596 0.0
    vertex -1.7599695066973189 6.56829561876563 0.7200000000000001
    vertex -1.5736197942234182 5.872829023837517 0.0
  endloop
endfacet
facet normal -0.3130803169961268 0.6348640795793127 -0.706348579363983
  outer loop
    vertex -2.6022473400827817 6.282380821076696 0.7200000000000001
    vertex -3.0400000000000817 5.2654344550093475 0.0
    vertex -3.4000000000001616 5.888972745734113 0.7200000000000001
  endloop
endfacet
facet normal -0.3130803169961268 0.6348640795793127 -0.706348579363983
  outer loop
    vertex -3.0400000000000817 5.2654344550093475 0.0
    vertex -2.6022473400827817 6.282380821076696 0.7200000000000001
    vertex -2.3267152687798327 5.617187557668596 0.0
  endloop
endfacet
facet normal -0.39326826236786766 0.5885675477331712 -0.7063485793639847
  outer loop
    vertex -3.4000000000001616 5.888972745734113 0.7200000000000001
    vertex -3.701269488373097 4.823588308970662 0.0
    vertex -4.13957771725945 5.3948027139803125 0.7200000000000001
  endloop
endfacet
facet normal -0.39326826236786766 0.5885675477331712 -0.7063485793639847
  outer loop
    vertex -3.701269488373097 4.823588308970662 0.0
    vertex -3.4000000000001616 5.888972745734113 0.7200000000000001
    vertex -3.0400000000000817 5.2654344550093475 0.0
  endloop
endfacet
facet normal -0.5885675477331822 0.3932682623678446 -0.7063485793639882
  outer loop
    vertex -5.394802713980521 4.139577717259189 0.7200000000000001
    vertex -5.265434455009437 3.0399999999999308 0.0
    vertex -5.888972745734288 3.3999999999998782 0.7200000000000001
  endloop
endfacet
facet normal -0.5885675477331822 0.3932682623678446 -0.7063485793639882
  outer loop
    vertex -5.265434455009437 3.0399999999999308 0.0
    vertex -5.394802713980521 4.139577717259189 0.7200000000000001
    vertex -4.82358830897077 3.701269488372958 0.0
  endloop
endfacet
facet normal -0.5322004619635783 0.4667272787359132 -0.7063485793639874
  outer loop
    vertex -4.80832611206866 4.808326112068423 0.7200000000000001
    vertex -4.82358830897077 3.701269488372958 0.0
    vertex -5.394802713980521 4.139577717259189 0.7200000000000001
  endloop
endfacet
facet normal -0.5322004619635783 0.4667272787359132 -0.7063485793639874
  outer loop
    vertex -4.82358830897077 3.701269488372958 0.0
    vertex -4.80832611206866 4.808326112068423 0.7200000000000001
    vertex -4.299209229614276 4.299209229614153 0.0
  endloop
endfacet
facet normal 0.4667272787359194 0.5322004619635889 0.7063485793639752
  outer loop
    vertex 4.2992092296141005 4.299209229614324 1.6000000000000005
    vertex 4.139577717259194 5.394802713980482 0.8799999999999999
    vertex 3.7012694883729016 4.823588308970809 1.6000000000000005
  endloop
endfacet
facet normal 0.4667272787359194 0.5322004619635889 0.7063485793639752
  outer loop
    vertex 4.139577717259194 5.394802713980482 0.8799999999999999
    vertex 4.2992092296141005 4.299209229614324 1.6000000000000005
    vertex 4.8083261120684275 4.8083261120686185 0.8799999999999999
  endloop
endfacet
facet normal 0.6348640795793317 -0.3130803169961029 0.7063485793639764
  outer loop
    vertex 5.888972745734245 -3.399999999999876 0.8799999999999999
    vertex 5.617187557668681 -2.326715268779591 1.6000000000000005
    vertex 5.265434455009465 -3.039999999999854 1.6000000000000005
  endloop
endfacet
facet normal 0.6348640795793317 -0.3130803169961029 0.7063485793639764
  outer loop
    vertex 5.617187557668681 -2.326715268779591 1.6000000000000005
    vertex 5.888972745734245 -3.399999999999876 0.8799999999999999
    vertex 6.2823808210767975 -2.6022473400824793 0.8799999999999999
  endloop
endfacet
facet normal -0.13809744904272073 0.6942627593342352 0.706348579363976
  outer loop
    vertex -1.5736197942234675 5.8728290238375065 1.6000000000000005
    vertex -0.8875781070964748 6.741825057341899 0.8799999999999999
    vertex -1.7599695066972612 6.5682956187656405 0.8799999999999999
  endloop
endfacet
facet normal -0.13809744904272073 0.6942627593342352 0.706348579363976
  outer loop
    vertex -0.8875781070964748 6.741825057341899 0.8799999999999999
    vertex -1.5736197942234675 5.8728290238375065 1.6000000000000005
    vertex -0.7935992486980582 6.027984757152757 1.6000000000000005
  endloop
endfacet
facet normal -0.2275354805983216 0.6702979110062807 0.7063485793639762
  outer loop
    vertex -2.3267152687798798 5.617187557668579 1.6000000000000005
    vertex -1.7599695066972612 6.5682956187656405 0.8799999999999999
    vertex -2.602247340082724 6.2823808210767105 0.8799999999999999
  endloop
endfacet
facet normal -0.2275354805983216 0.6702979110062807 0.7063485793639762
  outer loop
    vertex -1.7599695066972612 6.5682956187656405 0.8799999999999999
    vertex -2.3267152687798798 5.617187557668579 1.6000000000000005
    vertex -1.5736197942234675 5.8728290238375065 1.6000000000000005
  endloop
endfacet
facet normal -0.3130803169961301 0.6348640795793182 0.7063485793639764
  outer loop
    vertex -3.0400000000001253 5.265434455009325 1.6000000000000005
    vertex -2.602247340082724 6.2823808210767105 0.8799999999999999
    vertex -3.4000000000001065 5.888972745734129 0.8799999999999999
  endloop
endfacet
facet normal -0.3130803169961301 0.6348640795793182 0.7063485793639764
  outer loop
    vertex -2.602247340082724 6.2823808210767105 0.8799999999999999
    vertex -3.0400000000001253 5.265434455009325 1.6000000000000005
    vertex -2.3267152687798798 5.617187557668579 1.6000000000000005
  endloop
endfacet
facet normal -0.3932682623678725 0.5885675477331772 0.706348579363977
  outer loop
    vertex -3.7012694883731365 4.823588308970634 1.6000000000000005
    vertex -3.4000000000001065 5.888972745734129 0.8799999999999999
    vertex -4.139577717259397 5.394802713980336 0.8799999999999999
  endloop
endfacet
facet normal -0.3932682623678725 0.5885675477331772 0.706348579363977
  outer loop
    vertex -3.4000000000001065 5.888972745734129 0.8799999999999999
    vertex -3.7012694883731365 4.823588308970634 1.6000000000000005
    vertex -3.0400000000001253 5.265434455009325 1.6000000000000005
  endloop
endfacet
facet normal -0.4667272787359403 0.5322004619635684 0.7063485793639769
  outer loop
    vertex -4.299209229614311 4.29920922961412 1.6000000000000005
    vertex -4.139577717259397 5.394802713980336 0.8799999999999999
    vertex -4.80832611206861 4.808326112068447 0.8799999999999999
  endloop
endfacet
facet normal -0.4667272787359403 0.5322004619635684 0.7063485793639769
  outer loop
    vertex -4.139577717259397 5.394802713980336 0.8799999999999999
    vertex -4.299209229614311 4.29920922961412 1.6000000000000005
    vertex -3.7012694883731365 4.823588308970634 1.6000000000000005
  endloop
endfacet
facet normal -0.5322004619635867 0.4667272787359193 0.706348579363977
  outer loop
    vertex -4.823588308970798 3.7012694883729202 1.6000000000000005
    vertex -4.80832611206861 4.808326112068447 0.8799999999999999
    vertex -5.394802713980473 4.1395777172592165 0.8799999999999999
  endloop
endfacet
facet normal -0.5322004619635867 0.4667272787359193 0.706348579363977
  outer loop
    vertex -4.80832611206861 4.808326112068447 0.8799999999999999
    vertex -4.823588308970798 3.7012694883729202 1.6000000000000005
    vertex -4.299209229614311 4.29920922961412 1.6000000000000005
  endloop
endfacet
facet normal -0.5885675477331919 0.3932682623678498 0.7063485793639774
  outer loop
    vertex -5.26543445500946 3.0399999999998886 1.6000000000000005
    vertex -5.394802713980473 4.1395777172592165 0.8799999999999999
    vertex -5.888972745734244 3.3999999999999093 0.8799999999999999
  endloop
endfacet
facet normal -0.5885675477331919 0.3932682623678498 0.7063485793639774
  outer loop
    vertex -5.394802713980473 4.1395777172592165 0.8799999999999999
    vertex -5.26543445500946 3.0399999999998886 1.6000000000000005
    vertex -4.823588308970798 3.7012694883729202 1.6000000000000005
  endloop
endfacet
facet normal -0.31308031699610367 -0.634864079579328 0.7063485793639795
  outer loop
    vertex -2.6022473400825117 -6.282380821076788 0.8799999999999999
    vertex -3.0399999999998806 -5.26543445500945 1.6000000000000005
    vertex -3.3999999999999075 -5.888972745734233 0.8799999999999999
  endloop
endfacet
facet normal -0.31308031699610367 -0.634864079579328 0.7063485793639795
  outer loop
    vertex -3.0399999999998806 -5.26543445500945 1.6000000000000005
    vertex -2.6022473400825117 -6.282380821076788 0.8799999999999999
    vertex -2.3267152687795924 -5.6171875576686805 1.6000000000000005
  endloop
endfacet
facet normal -0.39326826236784806 -0.5885675477331911 0.706348579363979
  outer loop
    vertex -3.3999999999999075 -5.888972745734233 0.8799999999999999
    vertex -3.701269488372913 -4.8235883089707885 1.6000000000000005
    vertex -4.139577717259216 -5.394802713980463 0.8799999999999999
  endloop
endfacet
facet normal -0.39326826236784806 -0.5885675477331911 0.706348579363979
  outer loop
    vertex -3.701269488372913 -4.8235883089707885 1.6000000000000005
    vertex -3.3999999999999075 -5.888972745734233 0.8799999999999999
    vertex -3.0399999999998806 -5.26543445500945 1.6000000000000005
  endloop
endfacet
facet normal -0.4667272787359183 -0.532200461963585 0.7063485793639791
  outer loop
    vertex -4.139577717259216 -5.394802713980463 0.8799999999999999
    vertex -4.299209229614112 -4.2992092296143 1.6000000000000005
    vertex -4.808326112068447 -4.808326112068598 0.8799999999999999
  endloop
endfacet
facet normal -0.4667272787359183 -0.532200461963585 0.7063485793639791
  outer loop
    vertex -4.299209229614112 -4.2992092296143 1.6000000000000005
    vertex -4.139577717259216 -5.394802713980463 0.8799999999999999
    vertex -3.701269488372913 -4.8235883089707885 1.6000000000000005
  endloop
endfacet
facet normal -0.5322004619635664 -0.4667272787359392 0.7063485793639791
  outer loop
    vertex -4.808326112068447 -4.808326112068598 0.8799999999999999
    vertex -4.823588308970627 -3.7012694883731267 1.6000000000000005
    vertex -5.3948027139803365 -4.139577717259384 0.8799999999999999
  endloop
endfacet
facet normal -0.5322004619635664 -0.4667272787359392 0.7063485793639791
  outer loop
    vertex -4.823588308970627 -3.7012694883731267 1.6000000000000005
    vertex -4.808326112068447 -4.808326112068598 0.8799999999999999
    vertex -4.299209229614112 -4.2992092296143 1.6000000000000005
  endloop
endfacet
facet normal -0.5885675477331754 -0.3932682623678711 0.7063485793639791
  outer loop
    vertex -5.3948027139803365 -4.139577717259384 0.8799999999999999
    vertex -5.26543445500932 -3.040000000000114 1.6000000000000005
    vertex -5.888972745734132 -3.400000000000092 0.8799999999999999
  endloop
endfacet
facet normal -0.5885675477331754 -0.3932682623678711 0.7063485793639791
  outer loop
    vertex -5.26543445500932 -3.040000000000114 1.6000000000000005
    vertex -5.3948027139803365 -4.139577717259384 0.8799999999999999
    vertex -4.823588308970627 -3.7012694883731267 1.6000000000000005
  endloop
endfacet
facet normal -0.634864079579316 -0.31308031699612887 0.706348579363979
  outer loop
    vertex -5.888972745734132 -3.400000000000092 0.8799999999999999
    vertex -5.617187557668572 -2.3267152687798687 1.6000000000000005
    vertex -6.282380821076712 -2.6022473400827084 0.8799999999999999
  endloop
endfacet
facet normal -0.634864079579316 -0.31308031699612887 0.706348579363979
  outer loop
    vertex -5.617187557668572 -2.3267152687798687 1.6000000000000005
    vertex -5.888972745734132 -3.400000000000092 0.8799999999999999
    vertex -5.26543445500932 -3.040000000000114 1.6000000000000005
  endloop
endfacet
facet normal -0.6702979110062783 -0.22753548059832007 0.7063485793639788
  outer loop
    vertex -6.282380821076712 -2.6022473400827084 0.8799999999999999
    vertex -5.872829023837502 -1.5736197942234564 1.6000000000000005
    vertex -6.5682956187656405 -1.7599695066972427 0.8799999999999999
  endloop
endfacet
facet normal -0.6702979110062783 -0.22753548059832007 0.7063485793639788
  outer loop
    vertex -5.872829023837502 -1.5736197942234564 1.6000000000000005
    vertex -6.282380821076712 -2.6022473400827084 0.8799999999999999
    vertex -5.617187557668572 -2.3267152687798687 1.6000000000000005
  endloop
endfacet
facet normal -0.6942627593342325 -0.1380974490427202 0.7063485793639787
  outer loop
    vertex -6.5682956187656405 -1.7599695066972427 0.8799999999999999
    vertex -6.027984757152753 -0.7935992486980469 1.6000000000000005
    vertex -6.741825057341902 -0.887578107096455 0.8799999999999999
  endloop
endfacet
facet normal -0.6942627593342325 -0.1380974490427202 0.7063485793639787
  outer loop
    vertex -6.027984757152753 -0.7935992486980469 1.6000000000000005
    vertex -6.5682956187656405 -1.7599695066972427 0.8799999999999999
    vertex -5.872829023837502 -1.5736197942234564 1.6000000000000005
  endloop
endfacet
facet normal 0.13809744904269314 0.694262759334241 0.7063485793639757
  outer loop
    vertex 1.5736197942231829 5.872829023837582 1.6000000000000005
    vertex 0.8875781070962252 6.7418250573419325 0.8799999999999999
    vertex 0.7935992486977663 6.027984757152797 1.6000000000000005
  endloop
endfacet
facet normal 0.13809744904269314 0.694262759334241 0.7063485793639757
  outer loop
    vertex 0.8875781070962252 6.7418250573419325 0.8799999999999999
    vertex 1.5736197942231829 5.872829023837582 1.6000000000000005
    vertex 1.7599695066970171 6.568295618765703 0.8799999999999999
  endloop
endfacet
facet normal 0.0462965318461247 0.7063485793639809 0.7063485793639758
  outer loop
    vertex -1.4663825709249067e-13 6.080000000000011 1.6000000000000005
    vertex 0.8875781070962252 6.7418250573419325 0.8799999999999999
    vertex -1.2548850847338144e-13 6.800000000000007 0.8799999999999999
  endloop
endfacet
facet normal 0.0462965318461247 0.7063485793639809 0.7063485793639758
  outer loop
    vertex 0.8875781070962252 6.7418250573419325 0.8799999999999999
    vertex -1.4663825709249067e-13 6.080000000000011 1.6000000000000005
    vertex 0.7935992486977663 6.027984757152797 1.6000000000000005
  endloop
endfacet
facet normal -0.0462965318461541 0.706348579363979 0.7063485793639758
  outer loop
    vertex -0.7935992486980582 6.027984757152757 1.6000000000000005
    vertex -1.2548850847338144e-13 6.800000000000007 0.8799999999999999
    vertex -0.8875781070964748 6.741825057341899 0.8799999999999999
  endloop
endfacet
facet normal -0.0462965318461541 0.706348579363979 0.7063485793639758
  outer loop
    vertex -1.2548850847338144e-13 6.800000000000007 0.8799999999999999
    vertex -0.7935992486980582 6.027984757152757 1.6000000000000005
    vertex -1.4663825709249067e-13 6.080000000000011 1.6000000000000005
  endloop
endfacet
facet normal -0.7063485793639763 -0.04629653184615295 0.7063485793639787
  outer loop
    vertex -6.741825057341902 -0.887578107096455 0.8799999999999999
    vertex -6.080000000000004 -1.3253842467975118e-13 1.6000000000000005
    vertex -6.800000000000006 -1.0433875985427221e-13 0.8799999999999999
  endloop
endfacet
facet normal -0.7063485793639763 -0.04629653184615295 0.7063485793639787
  outer loop
    vertex -6.080000000000004 -1.3253842467975118e-13 1.6000000000000005
    vertex -6.741825057341902 -0.887578107096455 0.8799999999999999
    vertex -6.027984757152753 -0.7935992486980469 1.6000000000000005
  endloop
endfacet
facet normal -0.706348579363978 0.04629653184612536 0.7063485793639787
  outer loop
    vertex -6.080000000000004 -1.3253842467975118e-13 1.6000000000000005
    vertex -6.741825057341932 0.8875781070962477 0.8799999999999999
    vertex -6.800000000000006 -1.0433875985427221e-13 0.8799999999999999
  endloop
endfacet
facet normal -0.706348579363978 0.04629653184612536 0.7063485793639787
  outer loop
    vertex -6.741825057341932 0.8875781070962477 0.8799999999999999
    vertex -6.080000000000004 -1.3253842467975118e-13 1.6000000000000005
    vertex -6.027984757152789 0.7935992486977819 1.6000000000000005
  endloop
endfacet
facet normal -0.6942627593342378 0.13809744904269358 0.7063485793639787
  outer loop
    vertex -6.027984757152789 0.7935992486977819 1.6000000000000005
    vertex -6.568295618765699 1.759969506697041 0.8799999999999999
    vertex -6.741825057341932 0.8875781070962477 0.8799999999999999
  endloop
endfacet
facet normal -0.6942627593342378 0.13809744904269358 0.7063485793639787
  outer loop
    vertex -6.568295618765699 1.759969506697041 0.8799999999999999
    vertex -6.027984757152789 0.7935992486977819 1.6000000000000005
    vertex -5.872829023837575 1.5736197942231984 1.6000000000000005
  endloop
endfacet
facet normal -0.6702979110062877 0.22753548059829387 0.7063485793639783
  outer loop
    vertex -5.872829023837575 1.5736197942231984 1.6000000000000005
    vertex -6.282380821076798 2.602247340082513 0.8799999999999999
    vertex -6.568295618765699 1.759969506697041 0.8799999999999999
  endloop
endfacet
facet normal -0.6702979110062877 0.22753548059829387 0.7063485793639783
  outer loop
    vertex -6.282380821076798 2.602247340082513 0.8799999999999999
    vertex -5.872829023837575 1.5736197942231984 1.6000000000000005
    vertex -5.6171875576686805 2.326715268779625 1.6000000000000005
  endloop
endfacet
facet normal -0.6348640795793293 0.3130803169961046 0.7063485793639778
  outer loop
    vertex -5.6171875576686805 2.326715268779625 1.6000000000000005
    vertex -5.888972745734244 3.3999999999999093 0.8799999999999999
    vertex -6.282380821076798 2.602247340082513 0.8799999999999999
  endloop
endfacet
facet normal -0.6348640795793293 0.3130803169961046 0.7063485793639778
  outer loop
    vertex -5.888972745734244 3.3999999999999093 0.8799999999999999
    vertex -5.6171875576686805 2.326715268779625 1.6000000000000005
    vertex -5.26543445500946 3.0399999999998886 1.6000000000000005
  endloop
endfacet
facet normal 0.39326826236787465 -0.5885675477331751 0.7063485793639774
  outer loop
    vertex 3.4000000000001163 -5.888972745734107 0.8799999999999999
    vertex 3.7012694883731485 -4.823588308970603 1.6000000000000005
    vertex 3.0400000000001395 -5.265434455009298 1.6000000000000005
  endloop
endfacet
facet normal 0.39326826236787465 -0.5885675477331751 0.7063485793639774
  outer loop
    vertex 3.7012694883731485 -4.823588308970603 1.6000000000000005
    vertex 3.4000000000001163 -5.888972745734107 0.8799999999999999
    vertex 4.139577717259406 -5.394802713980309 0.8799999999999999
  endloop
endfacet
facet normal 0.46672727873594183 -0.5322004619635666 0.7063485793639772
  outer loop
    vertex 4.139577717259406 -5.394802713980309 0.8799999999999999
    vertex 4.299209229614322 -4.299209229614087 1.6000000000000005
    vertex 3.7012694883731485 -4.823588308970603 1.6000000000000005
  endloop
endfacet
facet normal 0.46672727873594183 -0.5322004619635666 0.7063485793639772
  outer loop
    vertex 4.299209229614322 -4.299209229614087 1.6000000000000005
    vertex 4.139577717259406 -5.394802713980309 0.8799999999999999
    vertex 4.808326112068615 -4.8083261120684195 0.8799999999999999
  endloop
endfacet
facet normal 0.04629653184615477 -0.7063485793639771 0.7063485793639775
  outer loop
    vertex 0.8875781070964874 -6.741825057341886 0.8799999999999999
    vertex 1.6355805598777804e-13 -6.079999999999993 1.6000000000000005
    vertex 1.071587263368201e-13 -6.799999999999994 0.8799999999999999
  endloop
endfacet
facet normal 0.04629653184615477 -0.7063485793639771 0.7063485793639775
  outer loop
    vertex 1.6355805598777804e-13 -6.079999999999993 1.6000000000000005
    vertex 0.8875781070964874 -6.741825057341886 0.8799999999999999
    vertex 0.7935992486980751 -6.027984757152738 1.6000000000000005
  endloop
endfacet
facet normal 0.6702979110062809 0.2275354805983229 0.7063485793639754
  outer loop
    vertex 5.872829023837495 1.573619794223483 1.6000000000000005
    vertex 6.282380821076696 2.602247340082736 0.8799999999999999
    vertex 5.617187557668562 2.3267152687798953 1.6000000000000005
  endloop
endfacet
facet normal 0.6702979110062809 0.2275354805983229 0.7063485793639754
  outer loop
    vertex 6.282380821076696 2.602247340082736 0.8799999999999999
    vertex 5.872829023837495 1.573619794223483 1.6000000000000005
    vertex 6.568295618765624 1.7599695066972738 0.8799999999999999
  endloop
endfacet
facet normal 0.1380974490427227 -0.6942627593342323 0.7063485793639784
  outer loop
    vertex 0.8875781070964874 -6.741825057341886 0.8799999999999999
    vertex 1.573619794223483 -5.872829023837485 1.6000000000000005
    vertex 0.7935992486980751 -6.027984757152738 1.6000000000000005
  endloop
endfacet
facet normal 0.1380974490427227 -0.6942627593342323 0.7063485793639784
  outer loop
    vertex 1.573619794223483 -5.872829023837485 1.6000000000000005
    vertex 0.8875781070964874 -6.741825057341886 0.8799999999999999
    vertex 1.7599695066972738 -6.568295618765623 0.8799999999999999
  endloop
endfacet
facet normal 0.3932682623678499 0.5885675477331944 0.7063485793639751
  outer loop
    vertex 3.7012694883729016 4.823588308970809 1.6000000000000005
    vertex 3.3999999999998867 5.88897274573425 0.8799999999999999
    vertex 3.0399999999998686 5.26543445500947 1.6000000000000005
  endloop
endfacet
facet normal 0.3932682623678499 0.5885675477331944 0.7063485793639751
  outer loop
    vertex 3.3999999999998867 5.88897274573425 0.8799999999999999
    vertex 3.7012694883729016 4.823588308970809 1.6000000000000005
    vertex 4.139577717259194 5.394802713980482 0.8799999999999999
  endloop
endfacet
facet normal 0.67029791100629 -0.2275354805982931 0.7063485793639764
  outer loop
    vertex 6.2823808210767975 -2.6022473400824793 0.8799999999999999
    vertex 5.872829023837574 -1.573619794223166 1.6000000000000005
    vertex 5.617187557668681 -2.326715268779591 1.6000000000000005
  endloop
endfacet
facet normal 0.67029791100629 -0.2275354805982931 0.7063485793639764
  outer loop
    vertex 5.872829023837574 -1.573619794223166 1.6000000000000005
    vertex 6.2823808210767975 -2.6022473400824793 0.8799999999999999
    vertex 6.568295618765695 -1.759969506697006 0.8799999999999999
  endloop
endfacet
facet normal 0.313080316996132 -0.6348640795793158 0.7063485793639779
  outer loop
    vertex 2.602247340082736 -6.28238082107669 0.8799999999999999
    vertex 3.0400000000001395 -5.265434455009298 1.6000000000000005
    vertex 2.3267152687798953 -5.617187557668553 1.6000000000000005
  endloop
endfacet
facet normal 0.313080316996132 -0.6348640795793158 0.7063485793639779
  outer loop
    vertex 3.0400000000001395 -5.265434455009298 1.6000000000000005
    vertex 2.602247340082736 -6.28238082107669 0.8799999999999999
    vertex 3.4000000000001163 -5.888972745734107 0.8799999999999999
  endloop
endfacet
facet normal 0.3130803169961049 0.6348640795793319 0.7063485793639754
  outer loop
    vertex 3.0399999999998686 5.26543445500947 1.6000000000000005
    vertex 2.6022473400824904 6.282380821076803 0.8799999999999999
    vertex 2.326715268779608 5.617187557668689 1.6000000000000005
  endloop
endfacet
facet normal 0.3130803169961049 0.6348640795793319 0.7063485793639754
  outer loop
    vertex 2.6022473400824904 6.282380821076803 0.8799999999999999
    vertex 3.0399999999998686 5.26543445500947 1.6000000000000005
    vertex 3.3999999999998867 5.88897274573425 0.8799999999999999
  endloop
endfacet
facet normal 0.6942627593342408 -0.13809744904269075 0.7063485793639763
  outer loop
    vertex 6.568295618765695 -1.759969506697006 0.8799999999999999
    vertex 6.027984757152786 -0.7935992486977508 1.6000000000000005
    vertex 5.872829023837574 -1.573619794223166 1.6000000000000005
  endloop
endfacet
facet normal 0.6942627593342408 -0.13809744904269075 0.7063485793639763
  outer loop
    vertex 6.027984757152786 -0.7935992486977508 1.6000000000000005
    vertex 6.568295618765695 -1.759969506697006 0.8799999999999999
    vertex 6.741825057341922 -0.8875781070962132 0.8799999999999999
  endloop
endfacet
facet normal 0.22753548059832318 -0.6702979110062778 0.7063485793639783
  outer loop
    vertex 1.7599695066972738 -6.568295618765623 0.8799999999999999
    vertex 2.3267152687798953 -5.617187557668553 1.6000000000000005
    vertex 1.573619794223483 -5.872829023837485 1.6000000000000005
  endloop
endfacet
facet normal 0.22753548059832318 -0.6702979110062778 0.7063485793639783
  outer loop
    vertex 2.3267152687798953 -5.617187557668553 1.6000000000000005
    vertex 1.7599695066972738 -6.568295618765623 0.8799999999999999
    vertex 2.602247340082736 -6.28238082107669 0.8799999999999999
  endloop
endfacet
facet normal 0.5885675477331778 0.39326826236787477 0.7063485793639752
  outer loop
    vertex 5.265434455009308 3.040000000000141 1.6000000000000005
    vertex 5.394802713980316 4.1395777172594075 0.8799999999999999
    vertex 4.823588308970616 3.70126948837315 1.6000000000000005
  endloop
endfacet
facet normal 0.5885675477331778 0.39326826236787477 0.7063485793639752
  outer loop
    vertex 5.394802713980316 4.1395777172594075 0.8799999999999999
    vertex 5.265434455009308 3.040000000000141 1.6000000000000005
    vertex 5.888972745734113 3.4000000000001163 0.8799999999999999
  endloop
endfacet
facet normal 0.7063485793639807 -0.04629653184612379 0.7063485793639761
  outer loop
    vertex 6.799999999999996 1.3817835764484697e-13 0.8799999999999999
    vertex 6.027984757152786 -0.7935992486977508 1.6000000000000005
    vertex 6.741825057341922 -0.8875781070962132 0.8799999999999999
  endloop
endfacet
facet normal 0.7063485793639807 -0.04629653184612379 0.7063485793639761
  outer loop
    vertex 6.027984757152786 -0.7935992486977508 1.6000000000000005
    vertex 6.799999999999996 1.3817835764484697e-13 0.8799999999999999
    vertex 6.079999999999999 1.6355805598777804e-13 1.6000000000000005
  endloop
endfacet
facet normal -0.13809744904269122 -0.6942627593342386 0.7063485793639783
  outer loop
    vertex -0.887578107096245 -6.741825057341919 0.8799999999999999
    vertex -1.573619794223166 -5.872829023837571 1.6000000000000005
    vertex -1.7599695066970384 -6.568295618765688 0.8799999999999999
  endloop
endfacet
facet normal -0.13809744904269122 -0.6942627593342386 0.7063485793639783
  outer loop
    vertex -1.573619794223166 -5.872829023837571 1.6000000000000005
    vertex -0.887578107096245 -6.741825057341919 0.8799999999999999
    vertex -0.7935992486977508 -6.027984757152781 1.6000000000000005
  endloop
endfacet
facet normal 0.7063485793639791 0.0462965318461553 0.7063485793639757
  outer loop
    vertex 6.741825057341888 0.8875781070964874 0.8799999999999999
    vertex 6.079999999999999 1.6355805598777804e-13 1.6000000000000005
    vertex 6.799999999999996 1.3817835764484697e-13 0.8799999999999999
  endloop
endfacet
facet normal 0.7063485793639791 0.0462965318461553 0.7063485793639757
  outer loop
    vertex 6.079999999999999 1.6355805598777804e-13 1.6000000000000005
    vertex 6.741825057341888 0.8875781070964874 0.8799999999999999
    vertex 6.027984757152747 0.7935992486980765 1.6000000000000005
  endloop
endfacet
facet normal -0.04629653184612405 -0.7063485793639788 0.706348579363978
  outer loop
    vertex 1.6355805598777804e-13 -6.079999999999993 1.6000000000000005
    vertex -0.887578107096245 -6.741825057341919 0.8799999999999999
    vertex 1.071587263368201e-13 -6.799999999999994 0.8799999999999999
  endloop
endfacet
facet normal -0.04629653184612405 -0.7063485793639788 0.706348579363978
  outer loop
    vertex -0.887578107096245 -6.741825057341919 0.8799999999999999
    vertex 1.6355805598777804e-13 -6.079999999999993 1.6000000000000005
    vertex -0.7935992486977508 -6.027984757152781 1.6000000000000005
  endloop
endfacet
facet normal 0.6348640795793187 0.313080316996132 0.7063485793639753
  outer loop
    vertex 5.617187557668562 2.3267152687798953 1.6000000000000005
    vertex 5.888972745734113 3.4000000000001163 0.8799999999999999
    vertex 5.265434455009308 3.040000000000141 1.6000000000000005
  endloop
endfacet
facet normal 0.6348640795793187 0.313080316996132 0.7063485793639753
  outer loop
    vertex 5.888972745734113 3.4000000000001163 0.8799999999999999
    vertex 5.617187557668562 2.3267152687798953 1.6000000000000005
    vertex 6.282380821076696 2.602247340082736 0.8799999999999999
  endloop
endfacet
facet normal 0.6942627593342353 0.138097449042722 0.7063485793639755
  outer loop
    vertex 6.027984757152747 0.7935992486980765 1.6000000000000005
    vertex 6.568295618765624 1.7599695066972738 0.8799999999999999
    vertex 5.872829023837495 1.573619794223483 1.6000000000000005
  endloop
endfacet
facet normal 0.6942627593342353 0.138097449042722 0.7063485793639755
  outer loop
    vertex 6.568295618765624 1.7599695066972738 0.8799999999999999
    vertex 6.027984757152747 0.7935992486980765 1.6000000000000005
    vertex 6.741825057341888 0.8875781070964874 0.8799999999999999
  endloop
endfacet
facet normal 0.22753548059829373 0.6702979110062904 0.7063485793639757
  outer loop
    vertex 2.326715268779608 5.617187557668689 1.6000000000000005
    vertex 1.7599695066970171 6.568295618765703 0.8799999999999999
    vertex 1.5736197942231829 5.872829023837582 1.6000000000000005
  endloop
endfacet
facet normal 0.22753548059829373 0.6702979110062904 0.7063485793639757
  outer loop
    vertex 1.7599695066970171 6.568295618765703 0.8799999999999999
    vertex 2.326715268779608 5.617187557668689 1.6000000000000005
    vertex 2.6022473400824904 6.282380821076803 0.8799999999999999
  endloop
endfacet
facet normal 0.5322004619635887 -0.46672727873591713 0.706348579363977
  outer loop
    vertex 4.808326112068615 -4.8083261120684195 0.8799999999999999
    vertex 4.823588308970806 -3.701269488372886 1.6000000000000005
    vertex 4.299209229614322 -4.299209229614087 1.6000000000000005
  endloop
endfacet
facet normal 0.5322004619635887 -0.46672727873591713 0.706348579363977
  outer loop
    vertex 4.823588308970806 -3.701269488372886 1.6000000000000005
    vertex 4.808326112068615 -4.8083261120684195 0.8799999999999999
    vertex 5.394802713980477 -4.139577717259185 0.8799999999999999
  endloop
endfacet
facet normal 0.5885675477331939 -0.3932682623678482 0.7063485793639767
  outer loop
    vertex 5.394802713980477 -4.139577717259185 0.8799999999999999
    vertex 5.265434455009465 -3.039999999999854 1.6000000000000005
    vertex 4.823588308970806 -3.701269488372886 1.6000000000000005
  endloop
endfacet
facet normal 0.5885675477331939 -0.3932682623678482 0.7063485793639767
  outer loop
    vertex 5.265434455009465 -3.039999999999854 1.6000000000000005
    vertex 5.394802713980477 -4.139577717259185 0.8799999999999999
    vertex 5.888972745734245 -3.399999999999876 0.8799999999999999
  endloop
endfacet
facet normal -0.2275354805982924 -0.6702979110062877 0.7063485793639789
  outer loop
    vertex -1.7599695066970384 -6.568295618765688 0.8799999999999999
    vertex -2.3267152687795924 -5.6171875576686805 1.6000000000000005
    vertex -2.6022473400825117 -6.282380821076788 0.8799999999999999
  endloop
endfacet
facet normal -0.2275354805982924 -0.6702979110062877 0.7063485793639789
  outer loop
    vertex -2.3267152687795924 -5.6171875576686805 1.6000000000000005
    vertex -1.7599695066970384 -6.568295618765688 0.8799999999999999
    vertex -1.573619794223166 -5.872829023837571 1.6000000000000005
  endloop
endfacet
facet normal 0.5322004619635692 0.46672727873594233 0.7063485793639751
  outer loop
    vertex 4.823588308970616 3.70126948837315 1.6000000000000005
    vertex 4.8083261120684275 4.8083261120686185 0.8799999999999999
    vertex 4.2992092296141005 4.299209229614324 1.6000000000000005
  endloop
endfacet
facet normal 0.5322004619635692 0.46672727873594233 0.7063485793639751
  outer loop
    vertex 4.8083261120684275 4.8083261120686185 0.8799999999999999
    vertex 4.823588308970616 3.70126948837315 1.6000000000000005
    vertex 5.394802713980316 4.1395777172594075 0.8799999999999999
  endloop
endfacet
facet normal 0.38268343236509117 0.9238795325112862 -2.8004516539470573e-15
  outer loop
    vertex 2.8641016151377494 0.9607695154586716 1.6000000000000005
    vertex 3.153518761014724 0.8408890084531115 0.8000000000000006
    vertex 2.8641016151377463 0.9607695154586687 0.8000000000000006
  endloop
endfacet
facet normal 0.38268343236509117 0.9238795325112862 -2.8004516539470573e-15
  outer loop
    vertex 3.153518761014724 0.8408890084531115 0.8000000000000006
    vertex 2.8641016151377494 0.9607695154586716 1.6000000000000005
    vertex 3.1535187610147273 0.8408890084531144 1.6000000000000005
  endloop
endfacet
facet normal 0.13052619222005613 0.9914448613738098 -2.929200442059011e-15
  outer loop
    vertex 3.1535187610147273 0.8408890084531144 1.6000000000000005
    vertex 3.464101615137748 0.7999999999999915 0.8000000000000006
    vertex 3.153518761014724 0.8408890084531115 0.8000000000000006
  endloop
endfacet
facet normal 0.13052619222005613 0.9914448613738098 -2.929200442059011e-15
  outer loop
    vertex 3.464101615137748 0.7999999999999915 0.8000000000000006
    vertex 3.1535187610147273 0.8408890084531144 1.6000000000000005
    vertex 3.464101615137751 0.7999999999999957 1.6000000000000005
  endloop
endfacet
facet normal -0.13052619222005396 0.9914448613738103 -2.895113378272693e-15
  outer loop
    vertex 3.464101615137751 0.7999999999999957 1.6000000000000005
    vertex 3.774684469260772 0.8408890084531101 0.8000000000000006
    vertex 3.464101615137748 0.7999999999999915 0.8000000000000006
  endloop
endfacet
facet normal -0.13052619222005396 0.9914448613738103 -2.895113378272693e-15
  outer loop
    vertex 3.774684469260772 0.8408890084531101 0.8000000000000006
    vertex 3.464101615137751 0.7999999999999957 1.6000000000000005
    vertex 3.774684469260775 0.8408890084531144 1.6000000000000005
  endloop
endfacet
facet normal -0.3826834323650835 0.9238795325112894 -2.0856075868272456e-15
  outer loop
    vertex 3.774684469260775 0.8408890084531144 1.6000000000000005
    vertex 4.06410161513775 0.9607695154586645 0.8000000000000006
    vertex 3.774684469260772 0.8408890084531101 0.8000000000000006
  endloop
endfacet
facet normal -0.3826834323650835 0.9238795325112894 -2.0856075868272456e-15
  outer loop
    vertex 4.06410161513775 0.9607695154586645 0.8000000000000006
    vertex 3.774684469260775 0.8408890084531144 1.6000000000000005
    vertex 4.064101615137753 0.9607695154586687 1.6000000000000005
  endloop
endfacet
facet normal -0.608761429008718 0.7933533402912374 -6.649834709526286e-16
  outer loop
    vertex 4.064101615137753 0.9607695154586687 1.6000000000000005
    vertex 4.312629752561606 1.1514718625761327 0.8000000000000006
    vertex 4.06410161513775 0.9607695154586645 0.8000000000000006
  endloop
endfacet
facet normal -0.608761429008718 0.7933533402912374 -6.649834709526286e-16
  outer loop
    vertex 4.312629752561606 1.1514718625761327 0.8000000000000006
    vertex 4.064101615137753 0.9607695154586687 1.6000000000000005
    vertex 4.312629752561609 1.1514718625761355 1.6000000000000005
  endloop
endfacet
facet normal -0.7933533402912332 0.6087614290087233 2.515176894368662e-16
  outer loop
    vertex 4.312629752561609 1.1514718625761355 1.6000000000000005
    vertex 4.503332099679076 1.3999999999999875 0.8000000000000006
    vertex 4.312629752561606 1.1514718625761327 0.8000000000000006
  endloop
endfacet
facet normal -0.7933533402912332 0.6087614290087233 2.515176894368662e-16
  outer loop
    vertex 4.503332099679076 1.3999999999999875 0.8000000000000006
    vertex 4.312629752561609 1.1514718625761355 1.6000000000000005
    vertex 4.503332099679079 1.3999999999999917 1.6000000000000005
  endloop
endfacet
facet normal -0.9238795325112849 0.38268343236509433 9.347933639555623e-16
  outer loop
    vertex 4.503332099679079 1.3999999999999917 1.6000000000000005
    vertex 4.623212606684633 1.6894171458769625 0.8000000000000006
    vertex 4.503332099679076 1.3999999999999875 0.8000000000000006
  endloop
endfacet
facet normal -0.9238795325112849 0.38268343236509433 9.347933639555623e-16
  outer loop
    vertex 4.623212606684633 1.6894171458769625 0.8000000000000006
    vertex 4.503332099679079 1.3999999999999917 1.6000000000000005
    vertex 4.6232126066846355 1.6894171458769667 1.6000000000000005
  endloop
endfacet
facet normal -0.9914448613738103 0.13052619222005366 1.9841767311567127e-15
  outer loop
    vertex 4.6232126066846355 1.6894171458769667 1.6000000000000005
    vertex 4.664101615137752 1.9999999999999878 0.8000000000000006
    vertex 4.623212606684633 1.6894171458769625 0.8000000000000006
  endloop
endfacet
facet normal -0.9914448613738103 0.13052619222005366 1.9841767311567127e-15
  outer loop
    vertex 4.664101615137752 1.9999999999999878 0.8000000000000006
    vertex 4.6232126066846355 1.6894171458769667 1.6000000000000005
    vertex 4.664101615137755 1.9999999999999907 1.6000000000000005
  endloop
endfacet
facet normal -0.9914448613738114 -0.13052619222004433 2.6356471694921174e-15
  outer loop
    vertex 4.664101615137755 1.9999999999999907 1.6000000000000005
    vertex 4.6232126066846355 2.3105828541230133 0.8000000000000006
    vertex 4.664101615137752 1.9999999999999878 0.8000000000000006
  endloop
endfacet
facet normal -0.9914448613738114 -0.13052619222004433 2.6356471694921174e-15
  outer loop
    vertex 4.6232126066846355 2.3105828541230133 0.8000000000000006
    vertex 4.664101615137755 1.9999999999999907 1.6000000000000005
    vertex 4.623212606684639 2.310582854123016 1.6000000000000005
  endloop
endfacet
facet normal -0.9238795325112882 -0.3826834323650863 3.295590098918247e-15
  outer loop
    vertex 4.623212606684639 2.310582854123016 1.6000000000000005
    vertex 4.503332099679081 2.599999999999988 0.8000000000000006
    vertex 4.6232126066846355 2.3105828541230133 0.8000000000000006
  endloop
endfacet
facet normal -0.9238795325112882 -0.3826834323650863 3.295590098918247e-15
  outer loop
    vertex 4.503332099679081 2.599999999999988 0.8000000000000006
    vertex 4.623212606684639 2.310582854123016 1.6000000000000005
    vertex 4.503332099679084 2.5999999999999925 1.6000000000000005
  endloop
endfacet
facet normal -0.7933533402912349 -0.608761429008721 3.556049021041058e-15
  outer loop
    vertex 4.503332099679084 2.5999999999999925 1.6000000000000005
    vertex 4.3126297525616115 2.848528137423846 0.8000000000000006
    vertex 4.503332099679081 2.599999999999988 0.8000000000000006
  endloop
endfacet
facet normal -0.7933533402912349 -0.608761429008721 3.556049021041058e-15
  outer loop
    vertex 4.3126297525616115 2.848528137423846 0.8000000000000006
    vertex 4.503332099679084 2.5999999999999925 1.6000000000000005
    vertex 4.312629752561615 2.8485281374238487 1.6000000000000005
  endloop
endfacet
facet normal -0.6087614290087269 -0.7933533402912306 3.877606886232698e-15
  outer loop
    vertex 4.312629752561615 2.8485281374238487 1.6000000000000005
    vertex 4.064101615137756 3.0392304845413167 0.8000000000000006
    vertex 4.3126297525616115 2.848528137423846 0.8000000000000006
  endloop
endfacet
facet normal -0.6087614290087269 -0.7933533402912306 3.877606886232698e-15
  outer loop
    vertex 4.064101615137756 3.0392304845413167 0.8000000000000006
    vertex 4.312629752561615 2.8485281374238487 1.6000000000000005
    vertex 4.0641016151377585 3.039230484541321 1.6000000000000005
  endloop
endfacet
facet normal -0.3826834323650886 -0.9238795325112873 3.884088564052721e-15
  outer loop
    vertex 4.0641016151377585 3.039230484541321 1.6000000000000005
    vertex 3.7746844692607806 3.1591109915468727 0.8000000000000006
    vertex 4.064101615137756 3.0392304845413167 0.8000000000000006
  endloop
endfacet
facet normal -0.3826834323650886 -0.9238795325112873 3.884088564052721e-15
  outer loop
    vertex 3.7746844692607806 3.1591109915468727 0.8000000000000006
    vertex 4.0641016151377585 3.039230484541321 1.6000000000000005
    vertex 3.7746844692607833 3.1591109915468754 1.6000000000000005
  endloop
endfacet
facet normal -0.13052619222006004 -0.9914448613738094 3.3656477309210844e-15
  outer loop
    vertex 3.7746844692607833 3.1591109915468754 1.6000000000000005
    vertex 3.4641016151377566 3.1999999999999926 0.8000000000000006
    vertex 3.7746844692607806 3.1591109915468727 0.8000000000000006
  endloop
endfacet
facet normal -0.13052619222006004 -0.9914448613738094 3.3656477309210844e-15
  outer loop
    vertex 3.4641016151377566 3.1999999999999926 0.8000000000000006
    vertex 3.7746844692607833 3.1591109915468754 1.6000000000000005
    vertex 3.4641016151377597 3.199999999999997 1.6000000000000005
  endloop
endfacet
facet normal 0.1305261922200522 -0.9914448613738105 3.333065657786011e-15
  outer loop
    vertex 3.4641016151377597 3.199999999999997 1.6000000000000005
    vertex 3.15351876101473 3.159110991546874 0.8000000000000006
    vertex 3.4641016151377566 3.1999999999999926 0.8000000000000006
  endloop
endfacet
facet normal 0.1305261922200522 -0.9914448613738105 3.333065657786011e-15
  outer loop
    vertex 3.15351876101473 3.159110991546874 0.8000000000000006
    vertex 3.4641016151377597 3.199999999999997 1.6000000000000005
    vertex 3.1535187610147326 3.1591109915468785 1.6000000000000005
  endloop
endfacet
facet normal 0.3826834323650867 -0.9238795325112881 2.6287871862790192e-15
  outer loop
    vertex 3.1535187610147326 3.1591109915468785 1.6000000000000005
    vertex 2.8641016151377547 3.03923048454132 0.8000000000000006
    vertex 3.15351876101473 3.159110991546874 0.8000000000000006
  endloop
endfacet
facet normal 0.3826834323650867 -0.9238795325112881 2.6287871862790192e-15
  outer loop
    vertex 2.8641016151377547 3.03923048454132 0.8000000000000006
    vertex 3.1535187610147326 3.1591109915468785 1.6000000000000005
    vertex 2.864101615137758 3.039230484541324 1.6000000000000005
  endloop
endfacet
facet normal 0.6087614290087212 -0.7933533402912349 1.016636807192835e-15
  outer loop
    vertex 2.864101615137758 3.039230484541324 1.6000000000000005
    vertex 2.6155734777138986 2.8485281374238514 0.8000000000000006
    vertex 2.8641016151377547 3.03923048454132 0.8000000000000006
  endloop
endfacet
facet normal 0.6087614290087212 -0.7933533402912349 1.016636807192835e-15
  outer loop
    vertex 2.6155734777138986 2.8485281374238514 0.8000000000000006
    vertex 2.864101615137758 3.039230484541324 1.6000000000000005
    vertex 2.6155734777139017 2.8485281374238545 1.6000000000000005
  endloop
endfacet
facet normal 0.7933533402912318 -0.6087614290087253 -1.628054389239933e-16
  outer loop
    vertex 2.6155734777138986 2.8485281374238514 0.8000000000000006
    vertex 2.424871130596432 2.600000000000001 1.6000000000000005
    vertex 2.4248711305964292 2.5999999999999965 0.8000000000000006
  endloop
endfacet
facet normal 0.7933533402912318 -0.6087614290087253 -1.628054389239933e-16
  outer loop
    vertex 2.424871130596432 2.600000000000001 1.6000000000000005
    vertex 2.6155734777138986 2.8485281374238514 0.8000000000000006
    vertex 2.6155734777139017 2.8485281374238545 1.6000000000000005
  endloop
endfacet
facet normal 0.9238795325112852 -0.38268343236509406 -1.0463270679695497e-15
  outer loop
    vertex 2.4248711305964292 2.5999999999999965 0.8000000000000006
    vertex 2.3049906235908746 2.3105828541230244 1.6000000000000005
    vertex 2.304990623590872 2.310582854123022 0.8000000000000006
  endloop
endfacet
facet normal 0.9238795325112852 -0.38268343236509406 -1.0463270679695497e-15
  outer loop
    vertex 2.3049906235908746 2.3105828541230244 1.6000000000000005
    vertex 2.4248711305964292 2.5999999999999965 0.8000000000000006
    vertex 2.424871130596432 2.600000000000001 1.6000000000000005
  endloop
endfacet
facet normal 0.9914448613738103 -0.13052619222005407 -1.9461346617648616e-15
  outer loop
    vertex 2.304990623590872 2.310582854123022 0.8000000000000006
    vertex 2.264101615137756 2.0000000000000018 1.6000000000000005
    vertex 2.2641016151377533 1.9999999999999978 0.8000000000000006
  endloop
endfacet
facet normal 0.9914448613738103 -0.13052619222005407 -1.9461346617648616e-15
  outer loop
    vertex 2.264101615137756 2.0000000000000018 1.6000000000000005
    vertex 2.304990623590872 2.310582854123022 0.8000000000000006
    vertex 2.3049906235908746 2.3105828541230244 1.6000000000000005
  endloop
endfacet
facet normal 0.9914448613738114 0.1305261922200442 -2.675274325108624e-15
  outer loop
    vertex 2.2641016151377533 1.9999999999999978 0.8000000000000006
    vertex 2.304990623590872 1.6894171458769751 1.6000000000000005
    vertex 2.3049906235908693 1.6894171458769724 0.8000000000000006
  endloop
endfacet
facet normal 0.9914448613738114 0.1305261922200442 -2.675274325108624e-15
  outer loop
    vertex 2.304990623590872 1.6894171458769751 1.6000000000000005
    vertex 2.2641016151377533 1.9999999999999978 0.8000000000000006
    vertex 2.264101615137756 2.0000000000000018 1.6000000000000005
  endloop
endfacet
facet normal 0.9238795325112881 0.38268343236508673 -2.9563417492090473e-15
  outer loop
    vertex 2.3049906235908693 1.6894171458769724 0.8000000000000006
    vertex 2.424871130596426 1.4000000000000004 1.6000000000000005
    vertex 2.4248711305964235 1.3999999999999975 0.8000000000000006
  endloop
endfacet
facet normal 0.9238795325112881 0.38268343236508673 -2.9563417492090473e-15
  outer loop
    vertex 2.424871130596426 1.4000000000000004 1.6000000000000005
    vertex 2.3049906235908693 1.6894171458769724 0.8000000000000006
    vertex 2.304990623590872 1.6894171458769751 1.6000000000000005
  endloop
endfacet
facet normal 0.7933533402912348 0.6087614290087211 -3.4673367705281943e-15
  outer loop
    vertex 2.4248711305964235 1.3999999999999975 0.8000000000000006
    vertex 2.615573477713896 1.151471862576144 1.6000000000000005
    vertex 2.615573477713893 1.1514718625761398 0.8000000000000006
  endloop
endfacet
facet normal 0.7933533402912348 0.6087614290087211 -3.4673367705281943e-15
  outer loop
    vertex 2.615573477713896 1.151471862576144 1.6000000000000005
    vertex 2.4248711305964235 1.3999999999999975 0.8000000000000006
    vertex 2.424871130596426 1.4000000000000004 1.6000000000000005
  endloop
endfacet
facet normal 0.6087614290087308 0.7933533402912274 -3.530770718982072e-15
  outer loop
    vertex 2.615573477713896 1.151471862576144 1.6000000000000005
    vertex 2.8641016151377463 0.9607695154586687 0.8000000000000006
    vertex 2.615573477713893 1.1514718625761398 0.8000000000000006
  endloop
endfacet
facet normal 0.6087614290087308 0.7933533402912274 -3.530770718982072e-15
  outer loop
    vertex 2.8641016151377463 0.9607695154586687 0.8000000000000006
    vertex 2.615573477713896 1.151471862576144 1.6000000000000005
    vertex 2.8641016151377494 0.9607695154586716 1.6000000000000005
  endloop
endfacet
facet normal 0.0 0.0 1.0
  outer loop
    vertex 2.3049906235908693 1.6894171458769724 0.8000000000000006
    vertex 2.304990623590872 2.310582854123022 0.8000000000000006
    vertex 2.2641016151377533 1.9999999999999978 0.8000000000000006
  endloop
endfacet
facet normal 0.0 0.0 1.0
  outer loop
    vertex 2.304990623590872 2.310582854123022 0.8000000000000006
    vertex 2.3049906235908693 1.6894171458769724 0.8000000000000006
    vertex 2.4248711305964235 1.3999999999999975 0.8000000000000006
  endloop
endfacet
facet normal 0.0 0.0 1.0
  outer loop
    vertex 2.304990623590872 2.310582854123022 0.8000000000000006
    vertex 2.4248711305964235 1.3999999999999975 0.8000000000000006
    vertex 2.4248711305964292 2.5999999999999965 0.8000000000000006
  endloop
endfacet
facet normal 0.0 0.0 1.0
  outer loop
    vertex 2.4248711305964292 2.5999999999999965 0.8000000000000006
    vertex 2.4248711305964235 1.3999999999999975 0.8000000000000006
    vertex 2.615573477713893 1.1514718625761398 0.8000000000000006
  endloop
endfacet
facet normal 0.0 0.0 1.0
  outer loop
    vertex 2.4248711305964292 2.5999999999999965 0.8000000000000006
    vertex 2.615573477713893 1.1514718625761398 0.8000000000000006
    vertex 2.6155734777138986 2.8485281374238514 0.8000000000000006
  endloop
endfacet
facet normal 0.0 0.0 1.0
  outer loop
    vertex 2.6155734777138986 2.8485281374238514 0.8000000000000006
    vertex 2.615573477713893 1.1514718625761398 0.8000000000000006
    vertex 2.6641016151377523 1.999999999999992 0.8000000000000006
  endloop
endfacet
facet normal 0.0 0.0 1.0
  outer loop
    vertex 2.6641016151377523 1.999999999999992 0.8000000000000006
    vertex 2.615573477713893 1.1514718625761398 0.8000000000000006
    vertex 2.6913609541064973 1.7929447639179747 0.8000000000000006
  endloop
endfacet
facet normal 0.0 0.0 1.0
  outer loop
    vertex 2.6913609541064973 1.7929447639179747 0.8000000000000006
    vertex 2.615573477713893 1.1514718625761398 0.8000000000000006
    vertex 2.8641016151377463 0.9607695154586687 0.8000000000000006
  endloop
endfacet
facet normal 0.0 0.0 1.0
  outer loop
    vertex 2.6913609541064973 1.7929447639179747 0.8000000000000006
    vertex 2.8641016151377463 0.9607695154586687 0.8000000000000006
    vertex 2.7712812921102032 1.5999999999999914 0.8000000000000006
  endloop
endfacet
facet normal 0.0 0.0 1.0
  outer loop
    vertex 2.7712812921102032 1.5999999999999914 0.8000000000000006
    vertex 2.8641016151377463 0.9607695154586687 0.8000000000000006
    vertex 2.898416190188516 1.4343145750507544 0.8000000000000006
  endloop
endfacet
facet normal 0.0 0.0 1.0
  outer loop
    vertex 2.898416190188516 1.4343145750507544 0.8000000000000006
    vertex 2.8641016151377463 0.9607695154586687 0.8000000000000006
    vertex 3.153518761014724 0.8408890084531115 0.8000000000000006
  endloop
endfacet
facet normal 0.0 0.0 1.0
  outer loop
    vertex 2.898416190188516 1.4343145750507544 0.8000000000000006
    vertex 3.153518761014724 0.8408890084531115 0.8000000000000006
    vertex 3.0641016151377545 1.3071796769724413 0.8000000000000006
  endloop
endfacet
facet normal 0.0 0.0 1.0
  outer loop
    vertex 3.0641016151377545 1.3071796769724413 0.8000000000000006
    vertex 3.153518761014724 0.8408890084531115 0.8000000000000006
    vertex 3.257046379055738 1.227259338968737 0.8000000000000006
  endloop
endfacet
facet normal 0.0 0.0 1.0
  outer loop
    vertex 3.257046379055738 1.227259338968737 0.8000000000000006
    vertex 3.153518761014724 0.8408890084531115 0.8000000000000006
    vertex 3.464101615137748 0.7999999999999915 0.8000000000000006
  endloop
endfacet
facet normal 0.0 0.0 1.0
  outer loop
    vertex 3.257046379055738 1.227259338968737 0.8000000000000006
    vertex 3.464101615137748 0.7999999999999915 0.8000000000000006
    vertex 3.464101615137754 1.1999999999999922 0.8000000000000006
  endloop
endfacet
facet normal 0.0 0.0 1.0
  outer loop
    vertex 3.464101615137754 1.1999999999999922 0.8000000000000006
    vertex 3.464101615137748 0.7999999999999915 0.8000000000000006
    vertex 3.774684469260772 0.8408890084531101 0.8000000000000006
  endloop
endfacet
facet normal 0.0 0.0 1.0
  outer loop
    vertex 3.464101615137754 1.1999999999999922 0.8000000000000006
    vertex 3.774684469260772 0.8408890084531101 0.8000000000000006
    vertex 3.6711568512197696 1.2272593389687385 0.8000000000000006
  endloop
endfacet
facet normal 0.0 0.0 1.0
  outer loop
    vertex 3.6711568512197696 1.2272593389687385 0.8000000000000006
    vertex 3.774684469260772 0.8408890084531101 0.8000000000000006
    vertex 3.864101615137753 1.3071796769724413 0.8000000000000006
  endloop
endfacet
facet normal 0.0 0.0 1.0
  outer loop
    vertex 3.864101615137753 1.3071796769724413 0.8000000000000006
    vertex 3.774684469260772 0.8408890084531101 0.8000000000000006
    vertex 4.06410161513775 0.9607695154586645 0.8000000000000006
  endloop
endfacet
facet normal 0.0 0.0 1.0
  outer loop
    vertex 3.864101615137753 1.3071796769724413 0.8000000000000006
    vertex 4.06410161513775 0.9607695154586645 0.8000000000000006
    vertex 4.029787040086991 1.4343145750507544 0.8000000000000006
  endloop
endfacet
facet normal 0.0 0.0 1.0
  outer loop
    vertex 4.029787040086991 1.4343145750507544 0.8000000000000006
    vertex 4.06410161513775 0.9607695154586645 0.8000000000000006
    vertex 4.156921938165304 1.5999999999999928 0.8000000000000006
  endloop
endfacet
facet normal 0.0 0.0 1.0
  outer loop
    vertex 4.156921938165304 1.5999999999999928 0.8000000000000006
    vertex 4.06410161513775 0.9607695154586645 0.8000000000000006
    vertex 4.312629752561606 1.1514718625761327 0.8000000000000006
  endloop
endfacet
facet normal 0.0 0.0 1.0
  outer loop
    vertex 4.156921938165304 1.5999999999999928 0.8000000000000006
    vertex 4.312629752561606 1.1514718625761327 0.8000000000000006
    vertex 4.236842276169008 1.792944763917976 0.8000000000000006
  endloop
endfacet
facet normal 0.0 0.0 1.0
  outer loop
    vertex 4.236842276169008 1.792944763917976 0.8000000000000006
    vertex 4.312629752561606 1.1514718625761327 0.8000000000000006
    vertex 4.264101615137752 1.9999999999999936 0.8000000000000006
  endloop
endfacet
facet normal 0.0 0.0 1.0
  outer loop
    vertex 2.6155734777138986 2.8485281374238514 0.8000000000000006
    vertex 2.6913609541064973 2.207055236082008 0.8000000000000006
    vertex 2.8641016151377547 3.03923048454132 0.8000000000000006
  endloop
endfacet
facet normal 0.0 0.0 1.0
  outer loop
    vertex 2.6913609541064973 2.207055236082008 0.8000000000000006
    vertex 2.6155734777138986 2.8485281374238514 0.8000000000000006
    vertex 2.6641016151377523 1.999999999999992 0.8000000000000006
  endloop
endfacet
facet normal 0.0 0.0 1.0
  outer loop
    vertex 2.8641016151377547 3.03923048454132 0.8000000000000006
    vertex 2.6913609541064973 2.207055236082008 0.8000000000000006
    vertex 2.7712812921102 2.3999999999999915 0.8000000000000006
  endloop
endfacet
facet normal 0.0 0.0 1.0
  outer loop
    vertex 2.8641016151377547 3.03923048454132 0.8000000000000006
    vertex 2.7712812921102 2.3999999999999915 0.8000000000000006
    vertex 2.8984161901885135 2.56568542494923 0.8000000000000006
  endloop
endfacet
facet normal 0.0 0.0 1.0
  outer loop
    vertex 2.8641016151377547 3.03923048454132 0.8000000000000006
    vertex 2.8984161901885135 2.56568542494923 0.8000000000000006
    vertex 3.15351876101473 3.159110991546874 0.8000000000000006
  endloop
endfacet
facet normal 0.0 0.0 1.0
  outer loop
    vertex 3.15351876101473 3.159110991546874 0.8000000000000006
    vertex 2.8984161901885135 2.56568542494923 0.8000000000000006
    vertex 3.064101615137752 2.6928203230275427 0.8000000000000006
  endloop
endfacet
facet normal 0.0 0.0 1.0
  outer loop
    vertex 3.15351876101473 3.159110991546874 0.8000000000000006
    vertex 3.064101615137752 2.6928203230275427 0.8000000000000006
    vertex 3.257046379055735 2.772740661031246 0.8000000000000006
  endloop
endfacet
facet normal 0.0 0.0 1.0
  outer loop
    vertex 3.15351876101473 3.159110991546874 0.8000000000000006
    vertex 3.257046379055735 2.772740661031246 0.8000000000000006
    vertex 3.4641016151377566 3.1999999999999926 0.8000000000000006
  endloop
endfacet
facet normal 0.0 0.0 1.0
  outer loop
    vertex 3.4641016151377566 3.1999999999999926 0.8000000000000006
    vertex 3.257046379055735 2.772740661031246 0.8000000000000006
    vertex 3.464101615137751 2.799999999999992 0.8000000000000006
  endloop
endfacet
facet normal 0.0 0.0 1.0
  outer loop
    vertex 3.4641016151377566 3.1999999999999926 0.8000000000000006
    vertex 3.464101615137751 2.799999999999992 0.8000000000000006
    vertex 3.671156851219767 2.7727406610312473 0.8000000000000006
  endloop
endfacet
facet normal 0.0 0.0 1.0
  outer loop
    vertex 3.4641016151377566 3.1999999999999926 0.8000000000000006
    vertex 3.671156851219767 2.7727406610312473 0.8000000000000006
    vertex 3.7746844692607806 3.1591109915468727 0.8000000000000006
  endloop
endfacet
facet normal 0.0 0.0 1.0
  outer loop
    vertex 3.7746844692607806 3.1591109915468727 0.8000000000000006
    vertex 3.671156851219767 2.7727406610312473 0.8000000000000006
    vertex 3.864101615137753 2.6928203230275427 0.8000000000000006
  endloop
endfacet
facet normal 0.0 0.0 1.0
  outer loop
    vertex 3.7746844692607806 3.1591109915468727 0.8000000000000006
    vertex 3.864101615137753 2.6928203230275427 0.8000000000000006
    vertex 4.064101615137756 3.0392304845413167 0.8000000000000006
  endloop
endfacet
facet normal 0.0 0.0 1.0
  outer loop
    vertex 4.064101615137756 3.0392304845413167 0.8000000000000006
    vertex 3.864101615137753 2.6928203230275427 0.8000000000000006
    vertex 4.029787040086991 2.56568542494923 0.8000000000000006
  endloop
endfacet
facet normal 0.0 0.0 1.0
  outer loop
    vertex 4.064101615137756 3.0392304845413167 0.8000000000000006
    vertex 4.029787040086991 2.56568542494923 0.8000000000000006
    vertex 4.156921938165304 2.399999999999993 0.8000000000000006
  endloop
endfacet
facet normal 0.0 0.0 1.0
  outer loop
    vertex 4.064101615137756 3.0392304845413167 0.8000000000000006
    vertex 4.156921938165304 2.399999999999993 0.8000000000000006
    vertex 4.3126297525616115 2.848528137423846 0.8000000000000006
  endloop
endfacet
facet normal 0.0 0.0 1.0
  outer loop
    vertex 4.3126297525616115 2.848528137423846 0.8000000000000006
    vertex 4.156921938165304 2.399999999999993 0.8000000000000006
    vertex 4.236842276169008 2.2070552360820095 0.8000000000000006
  endloop
endfacet
facet normal 0.0 0.0 1.0
  outer loop
    vertex 4.3126297525616115 2.848528137423846 0.8000000000000006
    vertex 4.236842276169008 2.2070552360820095 0.8000000000000006
    vertex 4.264101615137752 1.9999999999999936 0.8000000000000006
  endloop
endfacet
facet normal 0.0 0.0 1.0
  outer loop
    vertex 4.3126297525616115 2.848528137423846 0.8000000000000006
    vertex 4.264101615137752 1.9999999999999936 0.8000000000000006
    vertex 4.312629752561606 1.1514718625761327 0.8000000000000006
  endloop
endfacet
facet normal 0.0 0.0 1.0
  outer loop
    vertex 4.3126297525616115 2.848528137423846 0.8000000000000006
    vertex 4.312629752561606 1.1514718625761327 0.8000000000000006
    vertex 4.503332099679076 1.3999999999999875 0.8000000000000006
  endloop
endfacet
facet normal 0.0 0.0 1.0
  outer loop
    vertex 4.3126297525616115 2.848528137423846 0.8000000000000006
    vertex 4.503332099679076 1.3999999999999875 0.8000000000000006
    vertex 4.503332099679081 2.599999999999988 0.8000000000000006
  endloop
endfacet
facet normal 0.0 0.0 1.0
  outer loop
    vertex 4.503332099679081 2.599999999999988 0.8000000000000006
    vertex 4.503332099679076 1.3999999999999875 0.8000000000000006
    vertex 4.623212606684633 1.6894171458769625 0.8000000000000006
  endloop
endfacet
facet normal 0.0 0.0 1.0
  outer loop
    vertex 4.503332099679081 2.599999999999988 0.8000000000000006
    vertex 4.623212606684633 1.6894171458769625 0.8000000000000006
    vertex 4.6232126066846355 2.3105828541230133 0.8000000000000006
  endloop
endfacet
facet normal 0.0 0.0 1.0
  outer loop
    vertex 4.6232126066846355 2.3105828541230133 0.8000000000000006
    vertex 4.623212606684633 1.6894171458769625 0.8000000000000006
    vertex 4.664101615137752 1.9999999999999878 0.8000000000000006
  endloop
endfacet
facet normal -0.3826834323650889 -0.9238795325112871 3.1364730866864384e-15
  outer loop
    vertex 3.864101615137753 2.6928203230275427 0.8000000000000006
    vertex 3.671156851219767 2.772740661031246 7.049916206369744e-16
    vertex 3.8641016151377516 2.6928203230275414 7.049916206369744e-16
  endloop
endfacet
facet normal -0.3826834323650889 -0.9238795325112871 3.1364730866864384e-15
  outer loop
    vertex 3.671156851219767 2.772740661031246 7.049916206369744e-16
    vertex 3.864101615137753 2.6928203230275427 0.8000000000000006
    vertex 3.671156851219767 2.7727406610312473 0.8000000000000006
  endloop
endfacet
facet normal -0.6087614290087199 -0.7933533402912357 3.972064513754152e-15
  outer loop
    vertex 4.029787040086991 2.56568542494923 0.8000000000000006
    vertex 3.8641016151377516 2.6928203230275414 7.049916206369744e-16
    vertex 4.02978704008699 2.5656854249492285 7.049916206369744e-16
  endloop
endfacet
facet normal -0.6087614290087199 -0.7933533402912357 3.972064513754152e-15
  outer loop
    vertex 3.8641016151377516 2.6928203230275414 7.049916206369744e-16
    vertex 4.029787040086991 2.56568542494923 0.8000000000000006
    vertex 3.864101615137753 2.6928203230275427 0.8000000000000006
  endloop
endfacet
facet normal -0.7933533402912331 -0.6087614290087234 3.972064513754154e-15
  outer loop
    vertex 4.156921938165304 2.399999999999993 0.8000000000000006
    vertex 4.02978704008699 2.5656854249492285 7.049916206369744e-16
    vertex 4.156921938165303 2.3999999999999915 7.049916206369744e-16
  endloop
endfacet
facet normal -0.7933533402912331 -0.6087614290087234 3.972064513754154e-15
  outer loop
    vertex 4.02978704008699 2.5656854249492285 7.049916206369744e-16
    vertex 4.156921938165304 2.399999999999993 0.8000000000000006
    vertex 4.029787040086991 2.56568542494923 0.8000000000000006
  endloop
endfacet
facet normal -0.9238795325112868 -0.3826834323650896 2.3846632567255873e-15
  outer loop
    vertex 4.236842276169008 2.2070552360820095 0.8000000000000006
    vertex 4.156921938165303 2.3999999999999915 7.049916206369744e-16
    vertex 4.236842276169008 2.207055236082008 7.049916206369744e-16
  endloop
endfacet
facet normal -0.9238795325112868 -0.3826834323650896 2.3846632567255873e-15
  outer loop
    vertex 4.156921938165303 2.3999999999999915 7.049916206369744e-16
    vertex 4.236842276169008 2.2070552360820095 0.8000000000000006
    vertex 4.156921938165304 2.399999999999993 0.8000000000000006
  endloop
endfacet
facet normal -0.9914448613738107 -0.13052619222004946 3.6976891448876645e-16
  outer loop
    vertex 4.264101615137752 1.9999999999999936 0.8000000000000006
    vertex 4.236842276169008 2.207055236082008 7.049916206369744e-16
    vertex 4.264101615137752 1.999999999999992 7.049916206369744e-16
  endloop
endfacet
facet normal -0.9914448613738107 -0.13052619222004946 3.6976891448876645e-16
  outer loop
    vertex 4.236842276169008 2.207055236082008 7.049916206369744e-16
    vertex 4.264101615137752 1.9999999999999936 0.8000000000000006
    vertex 4.236842276169008 2.2070552360820095 0.8000000000000006
  endloop
endfacet
facet normal -0.9914448613738109 0.13052619222004863 -3.6976891448876404e-16
  outer loop
    vertex 4.236842276169008 1.792944763917976 0.8000000000000006
    vertex 4.264101615137752 1.999999999999992 7.049916206369744e-16
    vertex 4.236842276169008 1.7929447639179747 7.049916206369744e-16
  endloop
endfacet
facet normal -0.9914448613738109 0.13052619222004863 -3.6976891448876404e-16
  outer loop
    vertex 4.264101615137752 1.999999999999992 7.049916206369744e-16
    vertex 4.236842276169008 1.792944763917976 0.8000000000000006
    vertex 4.264101615137752 1.9999999999999936 0.8000000000000006
  endloop
endfacet
facet normal -0.9238795325112881 0.38268343236508673 -1.0841076030159223e-15
  outer loop
    vertex 4.156921938165304 1.5999999999999928 0.8000000000000006
    vertex 4.236842276169008 1.7929447639179747 7.049916206369744e-16
    vertex 4.156921938165304 1.5999999999999914 7.049916206369744e-16
  endloop
endfacet
facet normal -0.9238795325112881 0.38268343236508673 -1.0841076030159223e-15
  outer loop
    vertex 4.236842276169008 1.7929447639179747 7.049916206369744e-16
    vertex 4.156921938165304 1.5999999999999928 0.8000000000000006
    vertex 4.236842276169008 1.792944763917976 0.8000000000000006
  endloop
endfacet
facet normal -0.7933533402912357 0.6087614290087199 -1.7245661499700746e-15
  outer loop
    vertex 4.029787040086991 1.4343145750507544 0.8000000000000006
    vertex 4.156921938165304 1.5999999999999914 7.049916206369744e-16
    vertex 4.029787040086991 1.4343145750507529 7.049916206369744e-16
  endloop
endfacet
facet normal -0.7933533402912357 0.6087614290087199 -1.7245661499700746e-15
  outer loop
    vertex 4.156921938165304 1.5999999999999914 7.049916206369744e-16
    vertex 4.029787040086991 1.4343145750507544 0.8000000000000006
    vertex 4.156921938165304 1.5999999999999928 0.8000000000000006
  endloop
endfacet
facet normal -0.6087614290087201 0.7933533402912357 -2.2474983637840776e-15
  outer loop
    vertex 3.864101615137753 1.3071796769724413 0.8000000000000006
    vertex 4.029787040086991 1.4343145750507529 7.049916206369744e-16
    vertex 3.864101615137753 1.30717967697244 7.049916206369744e-16
  endloop
endfacet
facet normal -0.6087614290087201 0.7933533402912357 -2.2474983637840776e-15
  outer loop
    vertex 4.029787040086991 1.4343145750507529 7.049916206369744e-16
    vertex 3.864101615137753 1.3071796769724413 0.8000000000000006
    vertex 4.029787040086991 1.4343145750507544 0.8000000000000006
  endloop
endfacet
facet normal -0.3826834323650867 0.9238795325112881 -2.601111307419316e-15
  outer loop
    vertex 3.6711568512197696 1.2272593389687385 0.8000000000000006
    vertex 3.864101615137753 1.30717967697244 7.049916206369744e-16
    vertex 3.6711568512197696 1.227259338968737 7.049916206369744e-16
  endloop
endfacet
facet normal -0.3826834323650867 0.9238795325112881 -2.601111307419316e-15
  outer loop
    vertex 3.864101615137753 1.30717967697244 7.049916206369744e-16
    vertex 3.6711568512197696 1.2272593389687385 0.8000000000000006
    vertex 3.864101615137753 1.3071796769724413 0.8000000000000006
  endloop
endfacet
facet normal -0.13052619222005615 0.9914448613738098 -2.795670633759219e-15
  outer loop
    vertex 3.464101615137754 1.1999999999999922 0.8000000000000006
    vertex 3.6711568512197696 1.227259338968737 7.049916206369744e-16
    vertex 3.464101615137754 1.1999999999999909 7.049916206369744e-16
  endloop
endfacet
facet normal -0.13052619222005615 0.9914448613738098 -2.795670633759219e-15
  outer loop
    vertex 3.6711568512197696 1.227259338968737 7.049916206369744e-16
    vertex 3.464101615137754 1.1999999999999922 0.8000000000000006
    vertex 3.6711568512197696 1.2272593389687385 0.8000000000000006
  endloop
endfacet
facet normal 0.13052619222004902 0.9914448613738107 -2.980555091003604e-15
  outer loop
    vertex 3.257046379055738 1.227259338968737 0.8000000000000006
    vertex 3.464101615137754 1.1999999999999909 7.049916206369744e-16
    vertex 3.2570463790557365 1.2272593389687356 7.049916206369744e-16
  endloop
endfacet
facet normal 0.13052619222004902 0.9914448613738107 -2.980555091003604e-15
  outer loop
    vertex 3.464101615137754 1.1999999999999909 7.049916206369744e-16
    vertex 3.257046379055738 1.227259338968737 0.8000000000000006
    vertex 3.464101615137754 1.1999999999999922 0.8000000000000006
  endloop
endfacet
facet normal 0.38268343236509256 0.9238795325112857 -3.685218910435248e-15
  outer loop
    vertex 3.0641016151377545 1.3071796769724413 0.8000000000000006
    vertex 3.2570463790557365 1.2272593389687356 7.049916206369744e-16
    vertex 3.064101615137753 1.30717967697244 7.049916206369744e-16
  endloop
endfacet
facet normal 0.38268343236509256 0.9238795325112857 -3.685218910435248e-15
  outer loop
    vertex 3.2570463790557365 1.2272593389687356 7.049916206369744e-16
    vertex 3.0641016151377545 1.3071796769724413 0.8000000000000006
    vertex 3.257046379055738 1.227259338968737 0.8000000000000006
  endloop
endfacet
facet normal 0.6087614290087199 0.7933533402912357 -3.972064513754152e-15
  outer loop
    vertex 2.898416190188516 1.4343145750507544 0.8000000000000006
    vertex 3.064101615137753 1.30717967697244 7.049916206369744e-16
    vertex 2.898416190188515 1.4343145750507529 7.049916206369744e-16
  endloop
endfacet
facet normal 0.6087614290087199 0.7933533402912357 -3.972064513754152e-15
  outer loop
    vertex 3.064101615137753 1.30717967697244 7.049916206369744e-16
    vertex 2.898416190188516 1.4343145750507544 0.8000000000000006
    vertex 3.0641016151377545 1.3071796769724413 0.8000000000000006
  endloop
endfacet
facet normal 0.7933533402912331 0.6087614290087234 -3.972064513754154e-15
  outer loop
    vertex 2.7712812921102015 1.59999999999999 7.049916206369744e-16
    vertex 2.898416190188516 1.4343145750507544 0.8000000000000006
    vertex 2.898416190188515 1.4343145750507529 7.049916206369744e-16
  endloop
endfacet
facet normal 0.7933533402912331 0.6087614290087234 -3.972064513754154e-15
  outer loop
    vertex 2.898416190188516 1.4343145750507544 0.8000000000000006
    vertex 2.7712812921102015 1.59999999999999 7.049916206369744e-16
    vertex 2.7712812921102032 1.5999999999999914 0.8000000000000006
  endloop
endfacet
facet normal 0.9238795325112844 0.38268343236509533 -2.3846632567256e-15
  outer loop
    vertex 2.6913609541064973 1.7929447639179734 7.049916206369744e-16
    vertex 2.7712812921102032 1.5999999999999914 0.8000000000000006
    vertex 2.7712812921102015 1.59999999999999 7.049916206369744e-16
  endloop
endfacet
facet normal 0.9238795325112844 0.38268343236509533 -2.3846632567256e-15
  outer loop
    vertex 2.7712812921102032 1.5999999999999914 0.8000000000000006
    vertex 2.6913609541064973 1.7929447639179734 7.049916206369744e-16
    vertex 2.6913609541064973 1.7929447639179747 0.8000000000000006
  endloop
endfacet
facet normal 0.9914448613738109 0.13052619222004863 -3.6976891448876404e-16
  outer loop
    vertex 2.6641016151377523 1.9999999999999907 7.049916206369744e-16
    vertex 2.6913609541064973 1.7929447639179747 0.8000000000000006
    vertex 2.6913609541064973 1.7929447639179734 7.049916206369744e-16
  endloop
endfacet
facet normal 0.9914448613738109 0.13052619222004863 -3.6976891448876404e-16
  outer loop
    vertex 2.6913609541064973 1.7929447639179747 0.8000000000000006
    vertex 2.6641016151377523 1.9999999999999907 7.049916206369744e-16
    vertex 2.6641016151377523 1.999999999999992 0.8000000000000006
  endloop
endfacet
facet normal 0.9914448613738107 -0.13052619222004946 3.6976891448876645e-16
  outer loop
    vertex 2.6913609541064973 2.207055236082007 7.049916206369744e-16
    vertex 2.6641016151377523 1.999999999999992 0.8000000000000006
    vertex 2.6641016151377523 1.9999999999999907 7.049916206369744e-16
  endloop
endfacet
facet normal 0.9914448613738107 -0.13052619222004946 3.6976891448876645e-16
  outer loop
    vertex 2.6641016151377523 1.999999999999992 0.8000000000000006
    vertex 2.6913609541064973 2.207055236082007 7.049916206369744e-16
    vertex 2.6913609541064973 2.207055236082008 0.8000000000000006
  endloop
endfacet
facet normal 0.9238795325112881 -0.38268343236508673 1.0841076030159223e-15
  outer loop
    vertex 2.7712812921102 2.39999999999999 7.049916206369744e-16
    vertex 2.6913609541064973 2.207055236082008 0.8000000000000006
    vertex 2.6913609541064973 2.207055236082007 7.049916206369744e-16
  endloop
endfacet
facet normal 0.9238795325112881 -0.38268343236508673 1.0841076030159223e-15
  outer loop
    vertex 2.6913609541064973 2.207055236082008 0.8000000000000006
    vertex 2.7712812921102 2.39999999999999 7.049916206369744e-16
    vertex 2.7712812921102 2.3999999999999915 0.8000000000000006
  endloop
endfacet
facet normal 0.7933533402912343 -0.6087614290087218 2.5762037548935756e-15
  outer loop
    vertex 2.8984161901885135 2.565685424949227 7.049916206369744e-16
    vertex 2.7712812921102 2.3999999999999915 0.8000000000000006
    vertex 2.7712812921102 2.39999999999999 7.049916206369744e-16
  endloop
endfacet
facet normal 0.7933533402912343 -0.6087614290087218 2.5762037548935756e-15
  outer loop
    vertex 2.7712812921102 2.3999999999999915 0.8000000000000006
    vertex 2.8984161901885135 2.565685424949227 7.049916206369744e-16
    vertex 2.8984161901885135 2.56568542494923 0.8000000000000006
  endloop
endfacet
facet normal 0.6087614290087238 -0.7933533402912327 2.4950910240010357e-15
  outer loop
    vertex 3.064101615137752 2.6928203230275427 0.8000000000000006
    vertex 2.8984161901885135 2.565685424949227 7.049916206369744e-16
    vertex 3.0641016151377505 2.6928203230275414 7.049916206369744e-16
  endloop
endfacet
facet normal 0.6087614290087238 -0.7933533402912327 2.4950910240010357e-15
  outer loop
    vertex 2.8984161901885135 2.565685424949227 7.049916206369744e-16
    vertex 3.064101615137752 2.6928203230275427 0.8000000000000006
    vertex 2.8984161901885135 2.56568542494923 0.8000000000000006
  endloop
endfacet
facet normal 0.38268343236508673 -0.9238795325112881 1.5170037044033933e-15
  outer loop
    vertex 3.257046379055735 2.772740661031246 0.8000000000000006
    vertex 3.0641016151377505 2.6928203230275414 7.049916206369744e-16
    vertex 3.257046379055734 2.7727406610312446 7.049916206369744e-16
  endloop
endfacet
facet normal 0.38268343236508673 -0.9238795325112881 1.5170037044033933e-15
  outer loop
    vertex 3.0641016151377505 2.6928203230275414 7.049916206369744e-16
    vertex 3.257046379055735 2.772740661031246 0.8000000000000006
    vertex 3.064101615137752 2.6928203230275427 0.8000000000000006
  endloop
endfacet
facet normal 0.1305261922200557 -0.9914448613738098 2.610786176514827e-15
  outer loop
    vertex 3.464101615137751 2.799999999999992 0.8000000000000006
    vertex 3.257046379055734 2.7727406610312446 7.049916206369744e-16
    vertex 3.464101615137751 2.7999999999999905 7.049916206369744e-16
  endloop
endfacet
facet normal 0.1305261922200557 -0.9914448613738098 2.610786176514827e-15
  outer loop
    vertex 3.257046379055734 2.7727406610312446 7.049916206369744e-16
    vertex 3.464101615137751 2.799999999999992 0.8000000000000006
    vertex 3.257046379055735 2.772740661031246 0.8000000000000006
  endloop
endfacet
facet normal -0.1305261922200495 -0.9914448613738107 2.7956706337592214e-15
  outer loop
    vertex 3.671156851219767 2.7727406610312473 0.8000000000000006
    vertex 3.464101615137751 2.7999999999999905 7.049916206369744e-16
    vertex 3.671156851219767 2.772740661031246 7.049916206369744e-16
  endloop
endfacet
facet normal -0.1305261922200495 -0.9914448613738107 2.7956706337592214e-15
  outer loop
    vertex 3.464101615137751 2.7999999999999905 7.049916206369744e-16
    vertex 3.671156851219767 2.7727406610312473 0.8000000000000006
    vertex 3.464101615137751 2.799999999999992 0.8000000000000006
  endloop
endfacet
facet normal 0.3214394653031424 0.9469301294951122 -6.396364950687917e-14
  outer loop
    vertex 1.7599695066970171 6.568295618765703 0.8799999999999999
    vertex 2.6022473400824357 6.282380821076814 0.7200000000000001
    vertex 1.7599695066969607 6.568295618765709 0.7200000000000001
  endloop
endfacet
facet normal 0.3214394653031424 0.9469301294951122 -6.396364950687917e-14
  outer loop
    vertex 2.6022473400824357 6.282380821076814 0.7200000000000001
    vertex 1.7599695066970171 6.568295618765703 0.8799999999999999
    vertex 2.6022473400824904 6.282380821076803 0.8799999999999999
  endloop
endfacet
facet normal 0.4422886902189832 0.8968727415326972 -8.525982289694205e-14
  outer loop
    vertex 2.6022473400824904 6.282380821076803 0.8799999999999999
    vertex 3.399999999999833 5.888972745734264 0.7200000000000001
    vertex 2.6022473400824357 6.282380821076814 0.7200000000000001
  endloop
endfacet
facet normal 0.4422886902189832 0.8968727415326972 -8.525982289694205e-14
  outer loop
    vertex 3.399999999999833 5.888972745734264 0.7200000000000001
    vertex 2.6022473400824904 6.282380821076803 0.8799999999999999
    vertex 3.3999999999998867 5.88897274573425 0.8799999999999999
  endloop
endfacet
facet normal 0.5555702330195847 0.8314696123025569 -1.0132467848952712e-13
  outer loop
    vertex 3.3999999999998867 5.88897274573425 0.8799999999999999
    vertex 4.139577717259144 5.394802713980499 0.7200000000000001
    vertex 3.399999999999833 5.888972745734264 0.7200000000000001
  endloop
endfacet
facet normal 0.5555702330195847 0.8314696123025569 -1.0132467848952712e-13
  outer loop
    vertex 4.139577717259144 5.394802713980499 0.7200000000000001
    vertex 3.3999999999998867 5.88897274573425 0.8799999999999999
    vertex 4.139577717259194 5.394802713980482 0.8799999999999999
  endloop
endfacet
facet normal 0.8314696123025349 0.5555702330196176 -1.4069473619152312e-13
  outer loop
    vertex 5.39480271398029 4.139577717259404 0.7200000000000001
    vertex 5.888972745734113 3.4000000000001163 0.8799999999999999
    vertex 5.88897274573409 3.4000000000001123 0.7200000000000001
  endloop
endfacet
facet normal 0.8314696123025349 0.5555702330196176 -1.4069473619152312e-13
  outer loop
    vertex 5.888972745734113 3.4000000000001163 0.8799999999999999
    vertex 5.39480271398029 4.139577717259404 0.7200000000000001
    vertex 5.394802713980316 4.1395777172594075 0.8799999999999999
  endloop
endfacet
facet normal 0.8968727415326799 0.4422886902190182 -1.490025724362271e-13
  outer loop
    vertex 5.88897274573409 3.4000000000001123 0.7200000000000001
    vertex 6.282380821076696 2.602247340082736 0.8799999999999999
    vertex 6.2823808210766705 2.60224734008273 0.7200000000000001
  endloop
endfacet
facet normal 0.8968727415326799 0.4422886902190182 -1.490025724362271e-13
  outer loop
    vertex 6.282380821076696 2.602247340082736 0.8799999999999999
    vertex 5.88897274573409 3.4000000000001123 0.7200000000000001
    vertex 5.888972745734113 3.4000000000001163 0.8799999999999999
  endloop
endfacet
facet normal 0.9469301294950997 0.32143946530317946 -1.581810465479065e-13
  outer loop
    vertex 6.2823808210766705 2.60224734008273 0.7200000000000001
    vertex 6.568295618765624 1.7599695066972738 0.8799999999999999
    vertex 6.568295618765601 1.7599695066972654 0.7200000000000001
  endloop
endfacet
facet normal 0.9469301294950997 0.32143946530317946 -1.581810465479065e-13
  outer loop
    vertex 6.568295618765624 1.7599695066972738 0.8799999999999999
    vertex 6.2823808210766705 2.60224734008273 0.7200000000000001
    vertex 6.282380821076696 2.602247340082736 0.8799999999999999
  endloop
endfacet
facet normal 0.9807852804032268 0.19509032201614715 -1.601398353209499e-13
  outer loop
    vertex 6.568295618765601 1.7599695066972654 0.7200000000000001
    vertex 6.741825057341888 0.8875781070964874 0.8799999999999999
    vertex 6.741825057341865 0.887578107096479 0.7200000000000001
  endloop
endfacet
facet normal 0.9807852804032268 0.19509032201614715 -1.601398353209499e-13
  outer loop
    vertex 6.741825057341888 0.8875781070964874 0.8799999999999999
    vertex 6.568295618765601 1.7599695066972654 0.7200000000000001
    vertex 6.568295618765624 1.7599695066972738 0.8799999999999999
  endloop
endfacet
facet normal 0.9978589232386025 0.06540312923016135 -1.6141446302513839e-13
  outer loop
    vertex 6.741825057341865 0.887578107096479 0.7200000000000001
    vertex 6.799999999999996 1.3817835764484697e-13 0.8799999999999999
    vertex 6.799999999999968 1.2971845819720328e-13 0.7200000000000001
  endloop
endfacet
facet normal 0.9978589232386025 0.06540312923016135 -1.6141446302513839e-13
  outer loop
    vertex 6.799999999999996 1.3817835764484697e-13 0.8799999999999999
    vertex 6.741825057341865 0.887578107096479 0.7200000000000001
    vertex 6.741825057341888 0.8875781070964874 0.8799999999999999
  endloop
endfacet
facet normal 0.9978589232386049 -0.06540312923012324 -1.6358794766836336e-13
  outer loop
    vertex 6.799999999999968 1.2971845819720328e-13 0.7200000000000001
    vertex 6.741825057341922 -0.8875781070962132 0.8799999999999999
    vertex 6.741825057341896 -0.8875781070962223 0.7200000000000001
  endloop
endfacet
facet normal 0.9978589232386049 -0.06540312923012324 -1.6358794766836336e-13
  outer loop
    vertex 6.741825057341922 -0.8875781070962132 0.8799999999999999
    vertex 6.799999999999968 1.2971845819720328e-13 0.7200000000000001
    vertex 6.799999999999996 1.3817835764484697e-13 0.8799999999999999
  endloop
endfacet
facet normal 0.9807852804032343 -0.19509032201610974 -1.6033252299640385e-13
  outer loop
    vertex 6.741825057341896 -0.8875781070962223 0.7200000000000001
    vertex 6.568295618765695 -1.759969506697006 0.8799999999999999
    vertex 6.568295618765664 -1.7599695066970171 0.7200000000000001
  endloop
endfacet
facet normal 0.9807852804032343 -0.19509032201610974 -1.6033252299640385e-13
  outer loop
    vertex 6.568295618765695 -1.759969506697006 0.8799999999999999
    vertex 6.741825057341896 -0.8875781070962223 0.7200000000000001
    vertex 6.741825057341922 -0.8875781070962132 0.8799999999999999
  endloop
endfacet
facet normal 0.6593458151000835 -0.7518398074789646 -9.24725398402464e-14
  outer loop
    vertex 4.808326112068615 -4.8083261120684195 0.8799999999999999
    vertex 4.139577717259367 -5.394802713980322 0.7200000000000001
    vertex 4.8083261120685785 -4.808326112068434 0.7200000000000001
  endloop
endfacet
facet normal 0.6593458151000835 -0.7518398074789646 -9.24725398402464e-14
  outer loop
    vertex 4.139577717259367 -5.394802713980322 0.7200000000000001
    vertex 4.808326112068615 -4.8083261120684195 0.8799999999999999
    vertex 4.139577717259406 -5.394802713980309 0.8799999999999999
  endloop
endfacet
facet normal 0.9469301294951118 -0.3214394653031436 -1.5040067215912955e-13
  outer loop
    vertex 6.568295618765664 -1.7599695066970171 0.7200000000000001
    vertex 6.2823808210767975 -2.6022473400824793 0.8799999999999999
    vertex 6.282380821076766 -2.6022473400824926 0.7200000000000001
  endloop
endfacet
facet normal 0.9469301294951118 -0.3214394653031436 -1.5040067215912955e-13
  outer loop
    vertex 6.2823808210767975 -2.6022473400824793 0.8799999999999999
    vertex 6.568295618765664 -1.7599695066970171 0.7200000000000001
    vertex 6.568295618765695 -1.759969506697006 0.8799999999999999
  endloop
endfacet
facet normal 0.8314696123025558 -0.5555702330195863 -1.2437174088748235e-13
  outer loop
    vertex 5.888972745734214 -3.3999999999998893 0.7200000000000001
    vertex 5.394802713980477 -4.139577717259185 0.8799999999999999
    vertex 5.394802713980442 -4.139577717259199 0.7200000000000001
  endloop
endfacet
facet normal 0.8314696123025558 -0.5555702330195863 -1.2437174088748235e-13
  outer loop
    vertex 5.394802713980477 -4.139577717259185 0.8799999999999999
    vertex 5.888972745734214 -3.3999999999998893 0.7200000000000001
    vertex 5.888972745734245 -3.399999999999876 0.8799999999999999
  endloop
endfacet
facet normal 0.7518398074789904 -0.659345815100054 -1.0720907758499262e-13
  outer loop
    vertex 5.394802713980442 -4.139577717259199 0.7200000000000001
    vertex 4.808326112068615 -4.8083261120684195 0.8799999999999999
    vertex 4.8083261120685785 -4.808326112068434 0.7200000000000001
  endloop
endfacet
facet normal 0.7518398074789904 -0.659345815100054 -1.0720907758499262e-13
  outer loop
    vertex 4.808326112068615 -4.8083261120684195 0.8799999999999999
    vertex 5.394802713980442 -4.139577717259199 0.7200000000000001
    vertex 5.394802713980477 -4.139577717259185 0.8799999999999999
  endloop
endfacet
facet normal -0.6593458151000834 0.7518398074789648 1.044640869313562e-13
  outer loop
    vertex -4.80832611206861 4.808326112068447 0.8799999999999999
    vertex -4.13957771725945 5.3948027139803125 0.7200000000000001
    vertex -4.80832611206866 4.808326112068423 0.7200000000000001
  endloop
endfacet
facet normal -0.6593458151000834 0.7518398074789648 1.044640869313562e-13
  outer loop
    vertex -4.13957771725945 5.3948027139803125 0.7200000000000001
    vertex -4.80832611206861 4.808326112068447 0.8799999999999999
    vertex -4.139577717259397 5.394802713980336 0.8799999999999999
  endloop
endfacet
facet normal -0.5555702330196183 0.8314696123025345 8.282632003858018e-14
  outer loop
    vertex -4.139577717259397 5.394802713980336 0.8799999999999999
    vertex -3.4000000000001616 5.888972745734113 0.7200000000000001
    vertex -4.13957771725945 5.3948027139803125 0.7200000000000001
  endloop
endfacet
facet normal -0.5555702330196183 0.8314696123025345 8.282632003858018e-14
  outer loop
    vertex -3.4000000000001616 5.888972745734113 0.7200000000000001
    vertex -4.139577717259397 5.394802713980336 0.8799999999999999
    vertex -3.4000000000001065 5.888972745734129 0.8799999999999999
  endloop
endfacet
facet normal -0.19509032201614646 0.980785280403227 1.9591116686796396e-14
  outer loop
    vertex -1.7599695066972612 6.5682956187656405 0.8799999999999999
    vertex -0.8875781070965333 6.741825057341893 0.7200000000000001
    vertex -1.7599695066973189 6.56829561876563 0.7200000000000001
  endloop
endfacet
facet normal -0.19509032201614646 0.980785280403227 1.9591116686796396e-14
  outer loop
    vertex -0.8875781070965333 6.741825057341893 0.7200000000000001
    vertex -1.7599695066972612 6.5682956187656405 0.8799999999999999
    vertex -0.8875781070964748 6.741825057341899 0.8799999999999999
  endloop
endfacet
facet normal -0.9469301294950999 -0.32143946530317885 1.7380441771776884e-13
  outer loop
    vertex -6.282380821076712 -2.6022473400827084 0.8799999999999999
    vertex -6.568295618765662 -1.7599695066972718 0.7200000000000001
    vertex -6.282380821076731 -2.6022473400827346 0.7200000000000001
  endloop
endfacet
facet normal -0.9469301294950999 -0.32143946530317885 1.7380441771776884e-13
  outer loop
    vertex -6.568295618765662 -1.7599695066972718 0.7200000000000001
    vertex -6.282380821076712 -2.6022473400827084 0.8799999999999999
    vertex -6.5682956187656405 -1.7599695066972427 0.8799999999999999
  endloop
endfacet
facet normal -0.8968727415326802 -0.4422886902190178 1.6601126955305158e-13
  outer loop
    vertex -5.888972745734132 -3.400000000000092 0.8799999999999999
    vertex -6.282380821076731 -2.6022473400827346 0.7200000000000001
    vertex -5.888972745734148 -3.4000000000001145 0.7200000000000001
  endloop
endfacet
facet normal -0.8968727415326802 -0.4422886902190178 1.6601126955305158e-13
  outer loop
    vertex -6.282380821076731 -2.6022473400827346 0.7200000000000001
    vertex -5.888972745734132 -3.400000000000092 0.8799999999999999
    vertex -6.282380821076712 -2.6022473400827084 0.8799999999999999
  endloop
endfacet
facet normal -0.8314696123025356 -0.5555702330196169 1.5531897897168038e-13
  outer loop
    vertex -5.3948027139803365 -4.139577717259384 0.8799999999999999
    vertex -5.888972745734148 -3.4000000000001145 0.7200000000000001
    vertex -5.394802713980351 -4.139577717259405 0.7200000000000001
  endloop
endfacet
facet normal -0.8314696123025356 -0.5555702330196169 1.5531897897168038e-13
  outer loop
    vertex -5.888972745734148 -3.4000000000001145 0.7200000000000001
    vertex -5.3948027139803365 -4.139577717259384 0.8799999999999999
    vertex -5.888972745734132 -3.400000000000092 0.8799999999999999
  endloop
endfacet
facet normal -0.7518398074789653 -0.6593458151000828 1.4795755156260856e-13
  outer loop
    vertex -4.808326112068447 -4.808326112068598 0.8799999999999999
    vertex -5.394802713980351 -4.139577717259405 0.7200000000000001
    vertex -4.808326112068462 -4.808326112068616 0.7200000000000001
  endloop
endfacet
facet normal -0.7518398074789653 -0.6593458151000828 1.4795755156260856e-13
  outer loop
    vertex -5.394802713980351 -4.139577717259405 0.7200000000000001
    vertex -4.808326112068447 -4.808326112068598 0.8799999999999999
    vertex -5.3948027139803365 -4.139577717259384 0.8799999999999999
  endloop
endfacet
facet normal -0.6593458151000551 -0.7518398074789895 1.3322052191768632e-13
  outer loop
    vertex -4.139577717259216 -5.394802713980463 0.8799999999999999
    vertex -4.808326112068462 -4.808326112068616 0.7200000000000001
    vertex -4.139577717259228 -5.394802713980478 0.7200000000000001
  endloop
endfacet
facet normal -0.6593458151000551 -0.7518398074789895 1.3322052191768632e-13
  outer loop
    vertex -4.808326112068462 -4.808326112068616 0.7200000000000001
    vertex -4.139577717259216 -5.394802713980463 0.8799999999999999
    vertex -4.808326112068447 -4.808326112068598 0.8799999999999999
  endloop
endfacet
facet normal -0.555570233019587 -0.8314696123025556 1.1529415500707377e-13
  outer loop
    vertex -3.3999999999999075 -5.888972745734233 0.8799999999999999
    vertex -4.139577717259228 -5.394802713980478 0.7200000000000001
    vertex -3.399999999999919 -5.888972745734247 0.7200000000000001
  endloop
endfacet
facet normal -0.555570233019587 -0.8314696123025556 1.1529415500707377e-13
  outer loop
    vertex -4.139577717259228 -5.394802713980478 0.7200000000000001
    vertex -3.3999999999999075 -5.888972745734233 0.8799999999999999
    vertex -4.139577717259216 -5.394802713980463 0.8799999999999999
  endloop
endfacet
facet normal -0.44228869021898526 -0.8968727415326962 9.591211464960728e-14
  outer loop
    vertex -2.6022473400825117 -6.282380821076788 0.8799999999999999
    vertex -3.399999999999919 -5.888972745734247 0.7200000000000001
    vertex -2.602247340082523 -6.2823808210767975 0.7200000000000001
  endloop
endfacet
facet normal -0.44228869021898526 -0.8968727415326962 9.591211464960728e-14
  outer loop
    vertex -3.399999999999919 -5.888972745734247 0.7200000000000001
    vertex -2.6022473400825117 -6.282380821076788 0.8799999999999999
    vertex -3.3999999999999075 -5.888972745734233 0.8799999999999999
  endloop
endfacet
facet normal 0.8968727415326968 -0.4422886902189841 -1.3682784104259933e-13
  outer loop
    vertex 6.282380821076766 -2.6022473400824926 0.7200000000000001
    vertex 5.888972745734245 -3.399999999999876 0.8799999999999999
    vertex 5.888972745734214 -3.3999999999998893 0.7200000000000001
  endloop
endfacet
facet normal 0.8968727415326968 -0.4422886902189841 -1.3682784104259933e-13
  outer loop
    vertex 5.888972745734245 -3.399999999999876 0.8799999999999999
    vertex 6.282380821076766 -2.6022473400824926 0.7200000000000001
    vertex 6.2823808210767975 -2.6022473400824793 0.8799999999999999
  endloop
endfacet
facet normal -0.06540312923012483 -0.9978589232386047 3.985818487085568e-14
  outer loop
    vertex 1.071587263368201e-13 -6.799999999999994 0.8799999999999999
    vertex -0.8875781070962562 -6.741825057341926 0.7200000000000001
    vertex 9.587886040662851e-14 -6.799999999999997 0.7200000000000001
  endloop
endfacet
facet normal -0.06540312923012483 -0.9978589232386047 3.985818487085568e-14
  outer loop
    vertex -0.8875781070962562 -6.741825057341926 0.7200000000000001
    vertex 1.071587263368201e-13 -6.799999999999994 0.8799999999999999
    vertex -0.887578107096245 -6.741825057341919 0.8799999999999999
  endloop
endfacet
facet normal -0.19509032201611068 -0.9807852804032341 6.095196306821338e-14
  outer loop
    vertex -0.887578107096245 -6.741825057341919 0.8799999999999999
    vertex -1.7599695066970489 -6.568295618765696 0.7200000000000001
    vertex -0.8875781070962562 -6.741825057341926 0.7200000000000001
  endloop
endfacet
facet normal -0.19509032201611068 -0.9807852804032341 6.095196306821338e-14
  outer loop
    vertex -1.7599695066970489 -6.568295618765696 0.7200000000000001
    vertex -0.887578107096245 -6.741825057341919 0.8799999999999999
    vertex -1.7599695066970384 -6.568295618765688 0.8799999999999999
  endloop
endfacet
facet normal -0.8968727415326968 0.44228869021898437 1.5227244861673664e-13
  outer loop
    vertex -6.282380821076798 2.602247340082513 0.8799999999999999
    vertex -5.888972745734288 3.3999999999998782 0.7200000000000001
    vertex -6.282380821076838 2.602247340082482 0.7200000000000001
  endloop
endfacet
facet normal -0.8968727415326968 0.44228869021898437 1.5227244861673664e-13
  outer loop
    vertex -5.888972745734288 3.3999999999998782 0.7200000000000001
    vertex -6.282380821076798 2.602247340082513 0.8799999999999999
    vertex -5.888972745734244 3.3999999999999093 0.8799999999999999
  endloop
endfacet
facet normal 0.06540312923016019 -0.9978589232386025 2.371890572305282e-14
  outer loop
    vertex 0.8875781070964874 -6.741825057341886 0.8799999999999999
    vertex 9.587886040662851e-14 -6.799999999999997 0.7200000000000001
    vertex 0.8875781070964437 -6.741825057341893 0.7200000000000001
  endloop
endfacet
facet normal 0.06540312923016019 -0.9978589232386025 2.371890572305282e-14
  outer loop
    vertex 9.587886040662851e-14 -6.799999999999997 0.7200000000000001
    vertex 0.8875781070964874 -6.741825057341886 0.8799999999999999
    vertex 1.071587263368201e-13 -6.799999999999994 0.8799999999999999
  endloop
endfacet
facet normal -0.4422886902190182 0.8968727415326799 6.698535422945942e-14
  outer loop
    vertex -3.4000000000001065 5.888972745734129 0.8799999999999999
    vertex -2.6022473400827817 6.282380821076696 0.7200000000000001
    vertex -3.4000000000001616 5.888972745734113 0.7200000000000001
  endloop
endfacet
facet normal -0.4422886902190182 0.8968727415326799 6.698535422945942e-14
  outer loop
    vertex -2.6022473400827817 6.282380821076696 0.7200000000000001
    vertex -3.4000000000001065 5.888972745734129 0.8799999999999999
    vertex -2.602247340082724 6.2823808210767105 0.8799999999999999
  endloop
endfacet
facet normal -0.3214394653031447 -0.9469301294951115 7.582650560949265e-14
  outer loop
    vertex -1.7599695066970384 -6.568295618765688 0.8799999999999999
    vertex -2.602247340082523 -6.2823808210767975 0.7200000000000001
    vertex -1.7599695066970489 -6.568295618765696 0.7200000000000001
  endloop
endfacet
facet normal -0.3214394653031447 -0.9469301294951115 7.582650560949265e-14
  outer loop
    vertex -2.602247340082523 -6.2823808210767975 0.7200000000000001
    vertex -1.7599695066970384 -6.568295618765688 0.8799999999999999
    vertex -2.6022473400825117 -6.282380821076788 0.8799999999999999
  endloop
endfacet
facet normal -0.75183980747899 0.6593458151000544 1.2447590110489734e-13
  outer loop
    vertex -5.394802713980473 4.1395777172592165 0.8799999999999999
    vertex -4.80832611206866 4.808326112068423 0.7200000000000001
    vertex -5.394802713980521 4.139577717259189 0.7200000000000001
  endloop
endfacet
facet normal -0.75183980747899 0.6593458151000544 1.2447590110489734e-13
  outer loop
    vertex -4.80832611206866 4.808326112068423 0.7200000000000001
    vertex -5.394802713980473 4.1395777172592165 0.8799999999999999
    vertex -4.80832611206861 4.808326112068447 0.8799999999999999
  endloop
endfacet
facet normal -0.8314696123025556 0.555570233019587 1.3835434536257396e-13
  outer loop
    vertex -5.888972745734244 3.3999999999999093 0.8799999999999999
    vertex -5.394802713980521 4.139577717259189 0.7200000000000001
    vertex -5.888972745734288 3.3999999999998782 0.7200000000000001
  endloop
endfacet
facet normal -0.8314696123025556 0.555570233019587 1.3835434536257396e-13
  outer loop
    vertex -5.394802713980521 4.139577717259189 0.7200000000000001
    vertex -5.888972745734244 3.3999999999999093 0.8799999999999999
    vertex -5.394802713980473 4.1395777172592165 0.8799999999999999
  endloop
endfacet
facet normal -0.9978589232386049 0.06540312923012405 1.6664284375075224e-13
  outer loop
    vertex -6.800000000000006 -1.0433875985427221e-13 0.8799999999999999
    vertex -6.741825057341963 0.8875781070962139 0.7200000000000001
    vertex -6.800000000000033 -1.3817835764484697e-13 0.7200000000000001
  endloop
endfacet
facet normal -0.9978589232386049 0.06540312923012405 1.6664284375075224e-13
  outer loop
    vertex -6.741825057341963 0.8875781070962139 0.7200000000000001
    vertex -6.800000000000006 -1.0433875985427221e-13 0.8799999999999999
    vertex -6.741825057341932 0.8875781070962477 0.8799999999999999
  endloop
endfacet
facet normal -0.9469301294951118 0.32143946530314366 1.587148115014484e-13
  outer loop
    vertex -6.568295618765699 1.759969506697041 0.8799999999999999
    vertex -6.282380821076838 2.602247340082482 0.7200000000000001
    vertex -6.568295618765734 1.7599695066970074 0.7200000000000001
  endloop
endfacet
facet normal -0.9469301294951118 0.32143946530314366 1.587148115014484e-13
  outer loop
    vertex -6.282380821076838 2.602247340082482 0.7200000000000001
    vertex -6.568295618765699 1.759969506697041 0.8799999999999999
    vertex -6.282380821076798 2.602247340082513 0.8799999999999999
  endloop
endfacet
facet normal -0.9807852804032341 0.19509032201611048 1.6217939075288849e-13
  outer loop
    vertex -6.741825057341932 0.8875781070962477 0.8799999999999999
    vertex -6.568295618765734 1.7599695066970074 0.7200000000000001
    vertex -6.741825057341963 0.8875781070962139 0.7200000000000001
  endloop
endfacet
facet normal -0.9807852804032341 0.19509032201611048 1.6217939075288849e-13
  outer loop
    vertex -6.568295618765734 1.7599695066970074 0.7200000000000001
    vertex -6.741825057341932 0.8875781070962477 0.8799999999999999
    vertex -6.568295618765699 1.759969506697041 0.8799999999999999
  endloop
endfacet
facet normal 0.32143946530318035 -0.9469301294950992 -3.5558007442974814e-14
  outer loop
    vertex 2.602247340082736 -6.28238082107669 0.8799999999999999
    vertex 1.75996950669723 -6.56829561876563 0.7200000000000001
    vertex 2.6022473400826938 -6.2823808210767 0.7200000000000001
  endloop
endfacet
facet normal 0.32143946530318035 -0.9469301294950992 -3.5558007442974814e-14
  outer loop
    vertex 1.75996950669723 -6.56829561876563 0.7200000000000001
    vertex 2.602247340082736 -6.28238082107669 0.8799999999999999
    vertex 1.7599695066972738 -6.568295618765623 0.8799999999999999
  endloop
endfacet
facet normal -0.9978589232386025 -0.0654031292301613 1.7127621670809695e-13
  outer loop
    vertex -6.741825057341902 -0.887578107096455 0.8799999999999999
    vertex -6.800000000000033 -1.3817835764484697e-13 0.7200000000000001
    vertex -6.741825057341926 -0.887578107096486 0.7200000000000001
  endloop
endfacet
facet normal -0.9978589232386025 -0.0654031292301613 1.7127621670809695e-13
  outer loop
    vertex -6.800000000000033 -1.3817835764484697e-13 0.7200000000000001
    vertex -6.741825057341902 -0.887578107096455 0.8799999999999999
    vertex -6.800000000000006 -1.0433875985427221e-13 0.8799999999999999
  endloop
endfacet
facet normal 0.6593458151000543 0.7518398074789902 -1.2518738464605725e-13
  outer loop
    vertex 4.139577717259194 5.394802713980482 0.8799999999999999
    vertex 4.808326112068403 4.808326112068615 0.7200000000000001
    vertex 4.139577717259144 5.394802713980499 0.7200000000000001
  endloop
endfacet
facet normal 0.6593458151000543 0.7518398074789902 -1.2518738464605725e-13
  outer loop
    vertex 4.808326112068403 4.808326112068615 0.7200000000000001
    vertex 4.139577717259194 5.394802713980482 0.8799999999999999
    vertex 4.8083261120684275 4.8083261120686185 0.8799999999999999
  endloop
endfacet
facet normal 0.1950903220161479 -0.9807852804032265 -1.0426137768856727e-14
  outer loop
    vertex 1.7599695066972738 -6.568295618765623 0.8799999999999999
    vertex 0.8875781070964437 -6.741825057341893 0.7200000000000001
    vertex 1.75996950669723 -6.56829561876563 0.7200000000000001
  endloop
endfacet
facet normal 0.1950903220161479 -0.9807852804032265 -1.0426137768856727e-14
  outer loop
    vertex 0.8875781070964437 -6.741825057341893 0.7200000000000001
    vertex 1.7599695066972738 -6.568295618765623 0.8799999999999999
    vertex 0.8875781070964874 -6.741825057341886 0.8799999999999999
  endloop
endfacet
facet normal 0.195090322016109 0.9807852804032343 -4.056446182546362e-14
  outer loop
    vertex 0.8875781070962252 6.7418250573419325 0.8799999999999999
    vertex 1.7599695066969607 6.568295618765709 0.7200000000000001
    vertex 0.8875781070961659 6.741825057341936 0.7200000000000001
  endloop
endfacet
facet normal 0.195090322016109 0.9807852804032343 -4.056446182546362e-14
  outer loop
    vertex 1.7599695066969607 6.568295618765709 0.7200000000000001
    vertex 0.8875781070962252 6.7418250573419325 0.8799999999999999
    vertex 1.7599695066970171 6.568295618765703 0.8799999999999999
  endloop
endfacet
facet normal 0.5555702330196182 -0.8314696123025345 -7.406239662526588e-14
  outer loop
    vertex 4.139577717259406 -5.394802713980309 0.8799999999999999
    vertex 3.400000000000074 -5.88897274573412 0.7200000000000001
    vertex 4.139577717259367 -5.394802713980322 0.7200000000000001
  endloop
endfacet
facet normal 0.5555702330196182 -0.8314696123025345 -7.406239662526588e-14
  outer loop
    vertex 3.400000000000074 -5.88897274573412 0.7200000000000001
    vertex 4.139577717259406 -5.394802713980309 0.8799999999999999
    vertex 3.4000000000001163 -5.888972745734107 0.8799999999999999
  endloop
endfacet
facet normal 0.4422886902190189 -0.8968727415326796 -5.313728112363489e-14
  outer loop
    vertex 3.4000000000001163 -5.888972745734107 0.8799999999999999
    vertex 2.6022473400826938 -6.2823808210767 0.7200000000000001
    vertex 3.400000000000074 -5.88897274573412 0.7200000000000001
  endloop
endfacet
facet normal 0.4422886902190189 -0.8968727415326796 -5.313728112363489e-14
  outer loop
    vertex 2.6022473400826938 -6.2823808210767 0.7200000000000001
    vertex 3.4000000000001163 -5.888972745734107 0.8799999999999999
    vertex 2.602247340082736 -6.28238082107669 0.8799999999999999
  endloop
endfacet
facet normal 0.7518398074789648 0.6593458151000832 -1.3054144062616897e-13
  outer loop
    vertex 4.808326112068403 4.808326112068615 0.7200000000000001
    vertex 5.394802713980316 4.1395777172594075 0.8799999999999999
    vertex 5.39480271398029 4.139577717259404 0.7200000000000001
  endloop
endfacet
facet normal 0.7518398074789648 0.6593458151000832 -1.3054144062616897e-13
  outer loop
    vertex 5.394802713980316 4.1395777172594075 0.8799999999999999
    vertex 4.808326112068403 4.808326112068615 0.7200000000000001
    vertex 4.8083261120684275 4.8083261120686185 0.8799999999999999
  endloop
endfacet
facet normal -0.3214394653031811 0.946930129495099 4.582180450314359e-14
  outer loop
    vertex -2.602247340082724 6.2823808210767105 0.8799999999999999
    vertex -1.7599695066973189 6.56829561876563 0.7200000000000001
    vertex -2.6022473400827817 6.282380821076696 0.7200000000000001
  endloop
endfacet
facet normal -0.3214394653031811 0.946930129495099 4.582180450314359e-14
  outer loop
    vertex -1.7599695066973189 6.56829561876563 0.7200000000000001
    vertex -2.602247340082724 6.2823808210767105 0.8799999999999999
    vertex -1.7599695066972612 6.5682956187656405 0.8799999999999999
  endloop
endfacet
facet normal -0.0654031292301645 0.9978589232386023 -2.2777703108052896e-15
  outer loop
    vertex -0.8875781070964748 6.741825057341899 0.8799999999999999
    vertex -1.8470780460688727e-13 6.800000000000004 0.7200000000000001
    vertex -0.8875781070965333 6.741825057341893 0.7200000000000001
  endloop
endfacet
facet normal -0.0654031292301645 0.9978589232386023 -2.2777703108052896e-15
  outer loop
    vertex -1.8470780460688727e-13 6.800000000000004 0.7200000000000001
    vertex -0.8875781070964748 6.741825057341899 0.8799999999999999
    vertex -1.2548850847338144e-13 6.800000000000007 0.8799999999999999
  endloop
endfacet
facet normal 0.06540312923012254 0.9978589232386049 -1.9693018333511917e-14
  outer loop
    vertex -1.2548850847338144e-13 6.800000000000007 0.8799999999999999
    vertex 0.8875781070961659 6.741825057341936 0.7200000000000001
    vertex -1.8470780460688727e-13 6.800000000000004 0.7200000000000001
  endloop
endfacet
facet normal 0.06540312923012254 0.9978589232386049 -1.9693018333511917e-14
  outer loop
    vertex 0.8875781070961659 6.741825057341936 0.7200000000000001
    vertex -1.2548850847338144e-13 6.800000000000007 0.8799999999999999
    vertex 0.8875781070962252 6.7418250573419325 0.8799999999999999
  endloop
endfacet
facet normal -0.980785280403227 -0.1950903220161463 1.7465357281049554e-13
  outer loop
    vertex -6.5682956187656405 -1.7599695066972427 0.8799999999999999
    vertex -6.741825057341926 -0.887578107096486 0.7200000000000001
    vertex -6.568295618765662 -1.7599695066972718 0.7200000000000001
  endloop
endfacet
facet normal -0.980785280403227 -0.1950903220161463 1.7465357281049554e-13
  outer loop
    vertex -6.741825057341926 -0.887578107096486 0.7200000000000001
    vertex -6.5682956187656405 -1.7599695066972427 0.8799999999999999
    vertex -6.741825057341902 -0.887578107096455 0.8799999999999999
  endloop
endfacet
endsolid Strider_v6
