solid Strider_v6
facet normal 0.0 0.0 1.0
  outer loop
    vertex -1.5995016987334194 -5.969421606466481 1.6000000000000012
    vertex -1.800000000000008 -3.999999999999987 1.6000000000000012
    vertex -2.364983612016102 -5.709575510919813 1.6000000000000012
  endloop
endfacet
facet normal 0.0 0.0 1.0
  outer loop
    vertex -1.800000000000008 -3.999999999999987 1.6000000000000012
    vertex -1.5995016987334194 -5.969421606466481 1.6000000000000012
    vertex -1.7386664873203328 -4.465874281184524 1.6000000000000012
  endloop
endfacet
facet normal 0.0 0.0 1.0
  outer loop
    vertex -1.7386664873203328 -4.465874281184524 1.6000000000000012
    vertex -1.5995016987334194 -5.969421606466481 1.6000000000000012
    vertex -1.5588457268120013 -4.899999999999988 1.6000000000000012
  endloop
endfacet
facet normal 0.0 0.0 1.0
  outer loop
    vertex -1.5588457268120013 -4.899999999999988 1.6000000000000012
    vertex -1.5995016987334194 -5.969421606466481 1.6000000000000012
    vertex -0.8066518679197571 -6.127129243290166 1.6000000000000012
  endloop
endfacet
facet normal 0.0 0.0 1.0
  outer loop
    vertex -1.5588457268120013 -4.899999999999988 1.6000000000000012
    vertex -0.8066518679197571 -6.127129243290166 1.6000000000000012
    vertex -1.2727922061357984 -5.272792206135775 1.6000000000000012
  endloop
endfacet
facet normal 0.0 0.0 1.0
  outer loop
    vertex -1.2727922061357984 -5.272792206135775 1.6000000000000012
    vertex -0.8066518679197571 -6.127129243290166 1.6000000000000012
    vertex -0.9000000000000139 -5.55884572681198 1.6000000000000012
  endloop
endfacet
facet normal 0.0 0.0 1.0
  outer loop
    vertex -0.9000000000000139 -5.55884572681198 1.6000000000000012
    vertex -0.8066518679197571 -6.127129243290166 1.6000000000000012
    vertex -0.46587428118455143 -5.738666487320316 1.6000000000000012
  endloop
endfacet
facet normal 0.0 0.0 1.0
  outer loop
    vertex -0.46587428118455143 -5.738666487320316 1.6000000000000012
    vertex -0.8066518679197571 -6.127129243290166 1.6000000000000012
    vertex 1.6355805598777804e-13 -6.179999999999995 1.6000000000000012
  endloop
endfacet
facet normal 0.0 0.0 1.0
  outer loop
    vertex -0.46587428118455143 -5.738666487320316 1.6000000000000012
    vertex 1.6355805598777804e-13 -6.179999999999995 1.6000000000000012
    vertex -1.4099832412739488e-14 -5.7999999999999945 1.6000000000000012
  endloop
endfacet
facet normal 0.0 0.0 1.0
  outer loop
    vertex -1.4099832412739488e-14 -5.7999999999999945 1.6000000000000012
    vertex 1.6355805598777804e-13 -6.179999999999995 1.6000000000000012
    vertex 0.46587428118452323 -5.738666487320319 1.6000000000000012
  endloop
endfacet
facet normal 0.0 0.0 1.0
  outer loop
    vertex 0.46587428118452323 -5.738666487320319 1.6000000000000012
    vertex 1.6355805598777804e-13 -6.179999999999995 1.6000000000000012
    vertex 0.8066518679200799 -6.127129243290121 1.6000000000000012
  endloop
endfacet
facet normal 0.0 0.0 1.0
  outer loop
    vertex 0.46587428118452323 -5.738666487320319 1.6000000000000012
    vertex 0.8066518679200799 -6.127129243290121 1.6000000000000012
    vertex 0.899999999999987 -5.558845726811986 1.6000000000000012
  endloop
endfacet
facet normal 0.0 0.0 1.0
  outer loop
    vertex 0.899999999999987 -5.558845726811986 1.6000000000000012
    vertex 0.8066518679200799 -6.127129243290121 1.6000000000000012
    vertex 1.5995016987337338 -5.969421606466394 1.6000000000000012
  endloop
endfacet
facet normal 0.0 0.0 1.0
  outer loop
    vertex 0.899999999999987 -5.558845726811986 1.6000000000000012
    vertex 1.5995016987337338 -5.969421606466394 1.6000000000000012
    vertex 1.2727922061357728 -5.272792206135784 1.6000000000000012
  endloop
endfacet
facet normal 0.0 0.0 1.0
  outer loop
    vertex 1.2727922061357728 -5.272792206135784 1.6000000000000012
    vertex 1.5995016987337338 -5.969421606466394 1.6000000000000012
    vertex 1.5588457268119773 -4.8999999999999995 1.6000000000000012
  endloop
endfacet
facet normal 0.0 0.0 1.0
  outer loop
    vertex 1.5588457268119773 -4.8999999999999995 1.6000000000000012
    vertex 1.5995016987337338 -5.969421606466394 1.6000000000000012
    vertex 1.738666487320313 -4.465874281184537 1.6000000000000012
  endloop
endfacet
facet normal 0.0 0.0 1.0
  outer loop
    vertex 1.738666487320313 -4.465874281184537 1.6000000000000012
    vertex 1.5995016987337338 -5.969421606466394 1.6000000000000012
    vertex 2.364983612016402 -5.7095755109196835 1.6000000000000012
  endloop
endfacet
facet normal 0.0 0.0 1.0
  outer loop
    vertex 1.738666487320313 -4.465874281184537 1.6000000000000012
    vertex 2.364983612016402 -5.7095755109196835 1.6000000000000012
    vertex 1.7999999999999912 -4.000000000000002 1.6000000000000012
  endloop
endfacet
facet normal 0.0 0.0 1.0
  outer loop
    vertex 1.7999999999999912 -4.000000000000002 1.6000000000000012
    vertex 2.364983612016402 -5.7095755109196835 1.6000000000000012
    vertex 2.2641016151377533 1.9999999999999962 1.6000000000000012
  endloop
endfacet
facet normal 0.0 0.0 1.0
  outer loop
    vertex 2.2641016151377533 1.9999999999999962 1.6000000000000012
    vertex 2.364983612016402 -5.7095755109196835 1.6000000000000012
    vertex 2.3049906235908693 1.689417145876971 1.6000000000000012
  endloop
endfacet
facet normal 0.0 0.0 1.0
  outer loop
    vertex 2.3049906235908693 1.689417145876971 1.6000000000000012
    vertex 2.364983612016402 -5.7095755109196835 1.6000000000000012
    vertex 2.4248711305964235 1.399999999999996 1.6000000000000012
  endloop
endfacet
facet normal 0.0 0.0 1.0
  outer loop
    vertex 2.4248711305964235 1.399999999999996 1.6000000000000012
    vertex 2.364983612016402 -5.7095755109196835 1.6000000000000012
    vertex 3.0900000000001366 -5.352036995387743 1.6000000000000012
  endloop
endfacet
facet normal 0.0 0.0 1.0
  outer loop
    vertex 2.4248711305964235 1.399999999999996 1.6000000000000012
    vertex 3.0900000000001366 -5.352036995387743 1.6000000000000012
    vertex 2.6155734777138915 1.1514718625761384 1.6000000000000012
  endloop
endfacet
facet normal 0.0 0.0 1.0
  outer loop
    vertex 2.6155734777138915 1.1514718625761384 1.6000000000000012
    vertex 3.0900000000001366 -5.352036995387743 1.6000000000000012
    vertex 2.8641016151377463 0.9607695154586674 1.6000000000000012
  endloop
endfacet
facet normal 0.0 0.0 1.0
  outer loop
    vertex 2.8641016151377463 0.9607695154586674 1.6000000000000012
    vertex 3.0900000000001366 -5.352036995387743 1.6000000000000012
    vertex 3.153518761014724 0.8408890084531101 1.6000000000000012
  endloop
endfacet
facet normal 0.0 0.0 1.0
  outer loop
    vertex 3.153518761014724 0.8408890084531101 1.6000000000000012
    vertex 3.0900000000001366 -5.352036995387743 1.6000000000000012
    vertex 3.762145631274017 -4.902923642999728 1.6000000000000012
  endloop
endfacet
facet normal 0.0 0.0 1.0
  outer loop
    vertex 3.153518761014724 0.8408890084531101 1.6000000000000012
    vertex 3.762145631274017 -4.902923642999728 1.6000000000000012
    vertex 3.464101615137748 0.79999999999999 1.6000000000000012
  endloop
endfacet
facet normal 0.0 0.0 1.0
  outer loop
    vertex 3.464101615137748 0.79999999999999 1.6000000000000012
    vertex 3.762145631274017 -4.902923642999728 1.6000000000000012
    vertex 3.774684469260772 0.8408890084531088 1.6000000000000012
  endloop
endfacet
facet normal 0.0 0.0 1.0
  outer loop
    vertex 3.774684469260772 0.8408890084531088 1.6000000000000012
    vertex 3.762145631274017 -4.902923642999728 1.6000000000000012
    vertex 4.369919907732974 -4.369919907732743 1.6000000000000012
  endloop
endfacet
facet normal 0.0 0.0 1.0
  outer loop
    vertex 3.774684469260772 0.8408890084531088 1.6000000000000012
    vertex 4.369919907732974 -4.369919907732743 1.6000000000000012
    vertex 4.064101615137749 0.9607695154586632 1.6000000000000012
  endloop
endfacet
facet normal 0.0 0.0 1.0
  outer loop
    vertex 4.064101615137749 0.9607695154586632 1.6000000000000012
    vertex 4.369919907732974 -4.369919907732743 1.6000000000000012
    vertex 4.312629752561606 1.1514718625761313 1.6000000000000012
  endloop
endfacet
facet normal 0.0 0.0 1.0
  outer loop
    vertex 4.312629752561606 1.1514718625761313 1.6000000000000012
    vertex 4.369919907732974 -4.369919907732743 1.6000000000000012
    vertex 4.503332099679076 1.3999999999999861 1.6000000000000012
  endloop
endfacet
facet normal 0.0 0.0 1.0
  outer loop
    vertex 4.503332099679076 1.3999999999999861 1.6000000000000012
    vertex 4.369919907732974 -4.369919907732743 1.6000000000000012
    vertex 4.902923642999925 -3.762145631273759 1.6000000000000012
  endloop
endfacet
facet normal 0.0 0.0 1.0
  outer loop
    vertex 4.503332099679076 1.3999999999999861 1.6000000000000012
    vertex 4.902923642999925 -3.762145631273759 1.6000000000000012
    vertex 4.623212606684633 1.6894171458769611 1.6000000000000012
  endloop
endfacet
facet normal 0.0 0.0 1.0
  outer loop
    vertex 4.623212606684633 1.6894171458769611 1.6000000000000012
    vertex 4.902923642999925 -3.762145631273759 1.6000000000000012
    vertex 4.664101615137752 1.9999999999999865 1.6000000000000012
  endloop
endfacet
facet normal 0.0 0.0 1.0
  outer loop
    vertex 4.664101615137752 1.9999999999999865 1.6000000000000012
    vertex 4.902923642999925 -3.762145631273759 1.6000000000000012
    vertex 4.902923642999733 3.76214563127402 1.6000000000000012
  endloop
endfacet
facet normal 0.0 0.0 1.0
  outer loop
    vertex 4.902923642999733 3.76214563127402 1.6000000000000012
    vertex 4.902923642999925 -3.762145631273759 1.6000000000000012
    vertex 5.352036995387746 3.090000000000138 1.6000000000000012
  endloop
endfacet
facet normal 0.0 0.0 1.0
  outer loop
    vertex 5.352036995387746 3.090000000000138 1.6000000000000012
    vertex 4.902923642999925 -3.762145631273759 1.6000000000000012
    vertex 5.352036995387905 -3.0899999999998546 1.6000000000000012
  endloop
endfacet
facet normal 0.0 0.0 1.0
  outer loop
    vertex 5.352036995387746 3.090000000000138 1.6000000000000012
    vertex 5.352036995387905 -3.0899999999998546 1.6000000000000012
    vertex 5.709575510919686 2.3649836120164034 1.6000000000000012
  endloop
endfacet
facet normal 0.0 0.0 1.0
  outer loop
    vertex 5.709575510919686 2.3649836120164034 1.6000000000000012
    vertex 5.352036995387905 -3.0899999999998546 1.6000000000000012
    vertex 5.709575510919807 -2.364983612016101 1.6000000000000012
  endloop
endfacet
facet normal 0.0 0.0 1.0
  outer loop
    vertex 5.709575510919686 2.3649836120164034 1.6000000000000012
    vertex 5.709575510919807 -2.364983612016101 1.6000000000000012
    vertex 5.969421606466394 1.5995016987337338 1.6000000000000012
  endloop
endfacet
facet normal 0.0 0.0 1.0
  outer loop
    vertex 5.969421606466394 1.5995016987337338 1.6000000000000012
    vertex 5.709575510919807 -2.364983612016101 1.6000000000000012
    vertex 5.969421606466476 -1.5995016987334185 1.6000000000000012
  endloop
endfacet
facet normal 0.0 0.0 1.0
  outer loop
    vertex 5.969421606466394 1.5995016987337338 1.6000000000000012
    vertex 5.969421606466476 -1.5995016987334185 1.6000000000000012
    vertex 6.1271292432901205 0.8066518679200799 1.6000000000000012
  endloop
endfacet
facet normal 0.0 0.0 1.0
  outer loop
    vertex 6.1271292432901205 0.8066518679200799 1.6000000000000012
    vertex 5.969421606466476 -1.5995016987334185 1.6000000000000012
    vertex 6.127129243290162 -0.8066518679197571 1.6000000000000012
  endloop
endfacet
facet normal 0.0 0.0 1.0
  outer loop
    vertex 6.1271292432901205 0.8066518679200799 1.6000000000000012
    vertex 6.127129243290162 -0.8066518679197571 1.6000000000000012
    vertex 6.1799999999999935 1.6355805598777804e-13 1.6000000000000012
  endloop
endfacet
facet normal 0.0 0.0 1.0
  outer loop
    vertex -6.127129243290136 -0.8066518679200574 1.6000000000000012
    vertex -6.127129243290174 0.806651867919781 1.6000000000000012
    vertex -6.180000000000007 -1.4099832412739488e-13 1.6000000000000012
  endloop
endfacet
facet normal 0.0 0.0 1.0
  outer loop
    vertex -6.127129243290174 0.806651867919781 1.6000000000000012
    vertex -6.127129243290136 -0.8066518679200574 1.6000000000000012
    vertex -5.969421606466485 1.5995016987334432 1.6000000000000012
  endloop
endfacet
facet normal 0.0 0.0 1.0
  outer loop
    vertex -5.969421606466485 1.5995016987334432 1.6000000000000012
    vertex -6.127129243290136 -0.8066518679200574 1.6000000000000012
    vertex -5.969421606466411 -1.5995016987337147 1.6000000000000012
  endloop
endfacet
facet normal 0.0 0.0 1.0
  outer loop
    vertex -5.969421606466485 1.5995016987334432 1.6000000000000012
    vertex -5.969421606466411 -1.5995016987337147 1.6000000000000012
    vertex -5.709575510919813 2.364983612016127 1.6000000000000012
  endloop
endfacet
facet normal 0.0 0.0 1.0
  outer loop
    vertex -5.709575510919813 2.364983612016127 1.6000000000000012
    vertex -5.969421606466411 -1.5995016987337147 1.6000000000000012
    vertex -5.709575510919704 -2.364983612016384 1.6000000000000012
  endloop
endfacet
facet normal 0.0 0.0 1.0
  outer loop
    vertex -5.709575510919813 2.364983612016127 1.6000000000000012
    vertex -5.709575510919704 -2.364983612016384 1.6000000000000012
    vertex -5.352036995387909 3.08999999999988 1.6000000000000012
  endloop
endfacet
facet normal 0.0 0.0 1.0
  outer loop
    vertex -5.352036995387909 3.08999999999988 1.6000000000000012
    vertex -5.709575510919704 -2.364983612016384 1.6000000000000012
    vertex -5.352036995387765 -3.09000000000012 1.6000000000000012
  endloop
endfacet
facet normal 0.0 0.0 1.0
  outer loop
    vertex -5.352036995387909 3.08999999999988 1.6000000000000012
    vertex -5.352036995387765 -3.09000000000012 1.6000000000000012
    vertex -4.902923642999927 3.762145631273784 1.6000000000000012
  endloop
endfacet
facet normal 0.0 0.0 1.0
  outer loop
    vertex -4.902923642999927 3.762145631273784 1.6000000000000012
    vertex -5.352036995387765 -3.09000000000012 1.6000000000000012
    vertex -4.902923642999752 -3.7621456312740036 1.6000000000000012
  endloop
endfacet
facet normal 0.0 0.0 1.0
  outer loop
    vertex -4.902923642999927 3.762145631273784 1.6000000000000012
    vertex -4.902923642999752 -3.7621456312740036 1.6000000000000012
    vertex -4.369919907732971 4.3699199077327675 1.6000000000000012
  endloop
endfacet
facet normal 0.0 0.0 1.0
  outer loop
    vertex -4.369919907732971 4.3699199077327675 1.6000000000000012
    vertex -4.902923642999752 -3.7621456312740036 1.6000000000000012
    vertex -4.369919907732769 -4.369919907732961 1.6000000000000012
  endloop
endfacet
facet normal 0.0 0.0 1.0
  outer loop
    vertex -4.369919907732971 4.3699199077327675 1.6000000000000012
    vertex -4.369919907732769 -4.369919907732961 1.6000000000000012
    vertex -3.7621456312740142 4.90292364299975 1.6000000000000012
  endloop
endfacet
facet normal 0.0 0.0 1.0
  outer loop
    vertex -3.7621456312740142 4.90292364299975 1.6000000000000012
    vertex -4.369919907732769 -4.369919907732961 1.6000000000000012
    vertex -3.762145631273786 -4.902923642999916 1.6000000000000012
  endloop
endfacet
facet normal 0.0 0.0 1.0
  outer loop
    vertex -3.7621456312740142 4.90292364299975 1.6000000000000012
    vertex -3.762145631273786 -4.902923642999916 1.6000000000000012
    vertex -3.090000000000131 5.3520369953877625 1.6000000000000012
  endloop
endfacet
facet normal 0.0 0.0 1.0
  outer loop
    vertex -3.090000000000131 5.3520369953877625 1.6000000000000012
    vertex -3.762145631273786 -4.902923642999916 1.6000000000000012
    vertex -3.089999999999882 -5.3520369953878975 1.6000000000000012
  endloop
endfacet
facet normal 0.0 0.0 1.0
  outer loop
    vertex -3.090000000000131 5.3520369953877625 1.6000000000000012
    vertex -3.089999999999882 -5.3520369953878975 1.6000000000000012
    vertex -2.364983612016395 5.7095755109197 1.6000000000000012
  endloop
endfacet
facet normal 0.0 0.0 1.0
  outer loop
    vertex -2.364983612016395 5.7095755109197 1.6000000000000012
    vertex -3.089999999999882 -5.3520369953878975 1.6000000000000012
    vertex -2.364983612016102 -5.709575510919813 1.6000000000000012
  endloop
endfacet
facet normal 0.0 0.0 1.0
  outer loop
    vertex -2.364983612016395 5.7095755109197 1.6000000000000012
    vertex -2.364983612016102 -5.709575510919813 1.6000000000000012
    vertex -1.599501698733726 5.969421606466408 1.6000000000000012
  endloop
endfacet
facet normal 0.0 0.0 1.0
  outer loop
    vertex -1.599501698733726 5.969421606466408 1.6000000000000012
    vertex -2.364983612016102 -5.709575510919813 1.6000000000000012
    vertex -1.800000000000008 -3.999999999999987 1.6000000000000012
  endloop
endfacet
facet normal 0.0 0.0 1.0
  outer loop
    vertex -1.599501698733726 5.969421606466408 1.6000000000000012
    vertex -1.800000000000008 -3.999999999999987 1.6000000000000012
    vertex -1.73866648732033 -3.53412571881545 1.6000000000000012
  endloop
endfacet
facet normal 0.0 0.0 1.0
  outer loop
    vertex -1.599501698733726 5.969421606466408 1.6000000000000012
    vertex -1.73866648732033 -3.53412571881545 1.6000000000000012
    vertex -1.5588457268119942 -3.0999999999999885 1.6000000000000012
  endloop
endfacet
facet normal 0.0 0.0 1.0
  outer loop
    vertex -1.599501698733726 5.969421606466408 1.6000000000000012
    vertex -1.5588457268119942 -3.0999999999999885 1.6000000000000012
    vertex -0.8066518679200715 6.127129243290134 1.6000000000000012
  endloop
endfacet
facet normal 0.0 0.0 1.0
  outer loop
    vertex -0.8066518679200715 6.127129243290134 1.6000000000000012
    vertex -1.5588457268119942 -3.0999999999999885 1.6000000000000012
    vertex -1.2727922061357893 -2.727207793864204 1.6000000000000012
  endloop
endfacet
facet normal 0.0 0.0 1.0
  outer loop
    vertex -0.8066518679200715 6.127129243290134 1.6000000000000012
    vertex -1.2727922061357893 -2.727207793864204 1.6000000000000012
    vertex -0.9000000000000026 -2.441154273188001 1.6000000000000012
  endloop
endfacet
facet normal 0.0 0.0 1.0
  outer loop
    vertex -0.8066518679200715 6.127129243290134 1.6000000000000012
    vertex -0.9000000000000026 -2.441154273188001 1.6000000000000012
    vertex -0.4658742811845387 -2.26133351267967 1.6000000000000012
  endloop
endfacet
facet normal 0.0 0.0 1.0
  outer loop
    vertex -0.8066518679200715 6.127129243290134 1.6000000000000012
    vertex -0.4658742811845387 -2.26133351267967 1.6000000000000012
    vertex -1.5509815654013437e-13 6.180000000000005 1.6000000000000012
  endloop
endfacet
facet normal 0.0 0.0 1.0
  outer loop
    vertex -1.5509815654013437e-13 6.180000000000005 1.6000000000000012
    vertex -0.4658742811845387 -2.26133351267967 1.6000000000000012
    vertex -1.4099832412739487e-15 -2.1999999999999944 1.6000000000000012
  endloop
endfacet
facet normal 0.0 0.0 1.0
  outer loop
    vertex -1.5509815654013437e-13 6.180000000000005 1.6000000000000012
    vertex -1.4099832412739487e-15 -2.1999999999999944 1.6000000000000012
    vertex 0.8066518679197641 6.127129243290171 1.6000000000000012
  endloop
endfacet
facet normal 0.0 0.0 1.0
  outer loop
    vertex 0.8066518679197641 6.127129243290171 1.6000000000000012
    vertex -1.4099832412739487e-15 -2.1999999999999944 1.6000000000000012
    vertex 0.4658742811845387 -2.261333512679674 1.6000000000000012
  endloop
endfacet
facet normal 0.0 0.0 1.0
  outer loop
    vertex 0.8066518679197641 6.127129243290171 1.6000000000000012
    vertex 0.4658742811845387 -2.261333512679674 1.6000000000000012
    vertex 0.8999999999999998 -2.4411542731880096 1.6000000000000012
  endloop
endfacet
facet normal 0.0 0.0 1.0
  outer loop
    vertex 0.8066518679197641 6.127129243290171 1.6000000000000012
    vertex 0.8999999999999998 -2.4411542731880096 1.6000000000000012
    vertex 1.5995016987334263 5.969421606466485 1.6000000000000012
  endloop
endfacet
facet normal 0.0 0.0 1.0
  outer loop
    vertex 1.5995016987334263 5.969421606466485 1.6000000000000012
    vertex 0.8999999999999998 -2.4411542731880096 1.6000000000000012
    vertex 1.2727922061357828 -2.7272077938642147 1.6000000000000012
  endloop
endfacet
facet normal 0.0 0.0 1.0
  outer loop
    vertex 1.5995016987334263 5.969421606466485 1.6000000000000012
    vertex 1.2727922061357828 -2.7272077938642147 1.6000000000000012
    vertex 1.5588457268119857 -3.1000000000000014 1.6000000000000012
  endloop
endfacet
facet normal 0.0 0.0 1.0
  outer loop
    vertex 1.5995016987334263 5.969421606466485 1.6000000000000012
    vertex 1.5588457268119857 -3.1000000000000014 1.6000000000000012
    vertex 1.738666487320316 -3.5341257188154644 1.6000000000000012
  endloop
endfacet
facet normal 0.0 0.0 1.0
  outer loop
    vertex 1.5995016987334263 5.969421606466485 1.6000000000000012
    vertex 1.738666487320316 -3.5341257188154644 1.6000000000000012
    vertex 2.364983612016109 5.709575510919813 1.6000000000000012
  endloop
endfacet
facet normal 0.0 0.0 1.0
  outer loop
    vertex 2.364983612016109 5.709575510919813 1.6000000000000012
    vertex 1.738666487320316 -3.5341257188154644 1.6000000000000012
    vertex 1.7999999999999912 -4.000000000000002 1.6000000000000012
  endloop
endfacet
facet normal 0.0 0.0 1.0
  outer loop
    vertex 2.364983612016109 5.709575510919813 1.6000000000000012
    vertex 1.7999999999999912 -4.000000000000002 1.6000000000000012
    vertex 2.2641016151377533 1.9999999999999962 1.6000000000000012
  endloop
endfacet
facet normal 0.0 0.0 1.0
  outer loop
    vertex 2.364983612016109 5.709575510919813 1.6000000000000012
    vertex 2.2641016151377533 1.9999999999999962 1.6000000000000012
    vertex 2.304990623590872 2.3105828541230204 1.6000000000000012
  endloop
endfacet
facet normal 0.0 0.0 1.0
  outer loop
    vertex 2.364983612016109 5.709575510919813 1.6000000000000012
    vertex 2.304990623590872 2.3105828541230204 1.6000000000000012
    vertex 2.4248711305964292 2.599999999999995 1.6000000000000012
  endloop
endfacet
facet normal 0.0 0.0 1.0
  outer loop
    vertex 2.364983612016109 5.709575510919813 1.6000000000000012
    vertex 2.4248711305964292 2.599999999999995 1.6000000000000012
    vertex 3.0899999999998613 5.352036995387911 1.6000000000000012
  endloop
endfacet
facet normal 0.0 0.0 1.0
  outer loop
    vertex 3.0899999999998613 5.352036995387911 1.6000000000000012
    vertex 2.4248711305964292 2.599999999999995 1.6000000000000012
    vertex 2.6155734777138986 2.84852813742385 1.6000000000000012
  endloop
endfacet
facet normal 0.0 0.0 1.0
  outer loop
    vertex 3.0899999999998613 5.352036995387911 1.6000000000000012
    vertex 2.6155734777138986 2.84852813742385 1.6000000000000012
    vertex 2.8641016151377547 3.039230484541318 1.6000000000000012
  endloop
endfacet
facet normal 0.0 0.0 1.0
  outer loop
    vertex 3.0899999999998613 5.352036995387911 1.6000000000000012
    vertex 2.8641016151377547 3.039230484541318 1.6000000000000012
    vertex 3.15351876101473 3.1591109915468727 1.6000000000000012
  endloop
endfacet
facet normal 0.0 0.0 1.0
  outer loop
    vertex 3.0899999999998613 5.352036995387911 1.6000000000000012
    vertex 3.15351876101473 3.1591109915468727 1.6000000000000012
    vertex 3.7621456312737647 4.90292364299993 1.6000000000000012
  endloop
endfacet
facet normal 0.0 0.0 1.0
  outer loop
    vertex 3.7621456312737647 4.90292364299993 1.6000000000000012
    vertex 3.15351876101473 3.1591109915468727 1.6000000000000012
    vertex 3.4641016151377553 3.1999999999999913 1.6000000000000012
  endloop
endfacet
facet normal 0.0 0.0 1.0
  outer loop
    vertex 3.7621456312737647 4.90292364299993 1.6000000000000012
    vertex 3.4641016151377553 3.1999999999999913 1.6000000000000012
    vertex 3.7746844692607806 3.1591109915468714 1.6000000000000012
  endloop
endfacet
facet normal 0.0 0.0 1.0
  outer loop
    vertex 3.7621456312737647 4.90292364299993 1.6000000000000012
    vertex 3.7746844692607806 3.1591109915468714 1.6000000000000012
    vertex 4.369919907732748 4.3699199077329745 1.6000000000000012
  endloop
endfacet
facet normal 0.0 0.0 1.0
  outer loop
    vertex 4.369919907732748 4.3699199077329745 1.6000000000000012
    vertex 3.7746844692607806 3.1591109915468714 1.6000000000000012
    vertex 4.064101615137756 3.0392304845413154 1.6000000000000012
  endloop
endfacet
facet normal 0.0 0.0 1.0
  outer loop
    vertex 4.369919907732748 4.3699199077329745 1.6000000000000012
    vertex 4.064101615137756 3.0392304845413154 1.6000000000000012
    vertex 4.3126297525616115 2.8485281374238447 1.6000000000000012
  endloop
endfacet
facet normal 0.0 0.0 1.0
  outer loop
    vertex 4.369919907732748 4.3699199077329745 1.6000000000000012
    vertex 4.3126297525616115 2.8485281374238447 1.6000000000000012
    vertex 4.50333209967908 2.5999999999999868 1.6000000000000012
  endloop
endfacet
facet normal 0.0 0.0 1.0
  outer loop
    vertex 4.369919907732748 4.3699199077329745 1.6000000000000012
    vertex 4.50333209967908 2.5999999999999868 1.6000000000000012
    vertex 4.902923642999733 3.76214563127402 1.6000000000000012
  endloop
endfacet
facet normal 0.0 0.0 1.0
  outer loop
    vertex 4.902923642999733 3.76214563127402 1.6000000000000012
    vertex 4.50333209967908 2.5999999999999868 1.6000000000000012
    vertex 4.6232126066846355 2.310582854123012 1.6000000000000012
  endloop
endfacet
facet normal 0.0 0.0 1.0
  outer loop
    vertex 4.902923642999733 3.76214563127402 1.6000000000000012
    vertex 4.6232126066846355 2.310582854123012 1.6000000000000012
    vertex 4.664101615137752 1.9999999999999865 1.6000000000000012
  endloop
endfacet
facet normal 0.0 0.0 1.0
  outer loop
    vertex -1.7386664873203328 -4.465874281184524 7.600000000000001
    vertex -1.73866648732033 -3.53412571881545 7.600000000000001
    vertex -1.800000000000008 -3.999999999999987 7.600000000000001
  endloop
endfacet
facet normal 0.0 0.0 1.0
  outer loop
    vertex -1.73866648732033 -3.53412571881545 7.600000000000001
    vertex -1.7386664873203328 -4.465874281184524 7.600000000000001
    vertex -1.5588457268120013 -4.899999999999988 7.600000000000001
  endloop
endfacet
facet normal 0.0 0.0 1.0
  outer loop
    vertex -1.73866648732033 -3.53412571881545 7.600000000000001
    vertex -1.5588457268120013 -4.899999999999988 7.600000000000001
    vertex -1.5588457268119942 -3.0999999999999885 7.600000000000001
  endloop
endfacet
facet normal 0.0 0.0 1.0
  outer loop
    vertex -1.5588457268119942 -3.0999999999999885 7.600000000000001
    vertex -1.5588457268120013 -4.899999999999988 7.600000000000001
    vertex -1.2727922061357984 -5.272792206135775 7.600000000000001
  endloop
endfacet
facet normal 0.0 0.0 1.0
  outer loop
    vertex -1.5588457268119942 -3.0999999999999885 7.600000000000001
    vertex -1.2727922061357984 -5.272792206135775 7.600000000000001
    vertex -1.2727922061357893 -2.727207793864204 7.600000000000001
  endloop
endfacet
facet normal 0.0 0.0 1.0
  outer loop
    vertex -1.2727922061357893 -2.727207793864204 7.600000000000001
    vertex -1.2727922061357984 -5.272792206135775 7.600000000000001
    vertex -0.9000000000000139 -5.55884572681198 7.600000000000001
  endloop
endfacet
facet normal 0.0 0.0 1.0
  outer loop
    vertex -1.2727922061357893 -2.727207793864204 7.600000000000001
    vertex -0.9000000000000139 -5.55884572681198 7.600000000000001
    vertex -0.9000000000000026 -2.441154273188001 7.600000000000001
  endloop
endfacet
facet normal 0.0 0.0 1.0
  outer loop
    vertex -0.9000000000000026 -2.441154273188001 7.600000000000001
    vertex -0.9000000000000139 -5.55884572681198 7.600000000000001
    vertex -0.46587428118455143 -5.738666487320316 7.600000000000001
  endloop
endfacet
facet normal 0.0 0.0 1.0
  outer loop
    vertex -0.9000000000000026 -2.441154273188001 7.600000000000001
    vertex -0.46587428118455143 -5.738666487320316 7.600000000000001
    vertex -0.6000000000000087 -3.9999999999999942 7.600000000000001
  endloop
endfacet
facet normal 0.0 0.0 1.0
  outer loop
    vertex -0.6000000000000087 -3.9999999999999942 7.600000000000001
    vertex -0.46587428118455143 -5.738666487320316 7.600000000000001
    vertex -0.5795554957734494 -4.155291427061507 7.600000000000001
  endloop
endfacet
facet normal 0.0 0.0 1.0
  outer loop
    vertex -0.5795554957734494 -4.155291427061507 7.600000000000001
    vertex -0.46587428118455143 -5.738666487320316 7.600000000000001
    vertex -0.5196152422706722 -4.299999999999995 7.600000000000001
  endloop
endfacet
facet normal 0.0 0.0 1.0
  outer loop
    vertex -0.5196152422706722 -4.299999999999995 7.600000000000001
    vertex -0.46587428118455143 -5.738666487320316 7.600000000000001
    vertex -0.42426406871193745 -4.424264068711923 7.600000000000001
  endloop
endfacet
facet normal 0.0 0.0 1.0
  outer loop
    vertex -0.42426406871193745 -4.424264068711923 7.600000000000001
    vertex -0.46587428118455143 -5.738666487320316 7.600000000000001
    vertex -1.4099832412739488e-14 -5.7999999999999945 7.600000000000001
  endloop
endfacet
facet normal 0.0 0.0 1.0
  outer loop
    vertex -0.42426406871193745 -4.424264068711923 7.600000000000001
    vertex -1.4099832412739488e-14 -5.7999999999999945 7.600000000000001
    vertex -0.3000000000000079 -4.519615242270658 7.600000000000001
  endloop
endfacet
facet normal 0.0 0.0 1.0
  outer loop
    vertex -0.3000000000000079 -4.519615242270658 7.600000000000001
    vertex -1.4099832412739488e-14 -5.7999999999999945 7.600000000000001
    vertex -0.15529142706152044 -4.579555495773435 7.600000000000001
  endloop
endfacet
facet normal 0.0 0.0 1.0
  outer loop
    vertex -0.15529142706152044 -4.579555495773435 7.600000000000001
    vertex -1.4099832412739488e-14 -5.7999999999999945 7.600000000000001
    vertex -8.459899447643692e-15 -4.599999999999994 7.600000000000001
  endloop
endfacet
facet normal 0.0 0.0 1.0
  outer loop
    vertex -8.459899447643692e-15 -4.599999999999994 7.600000000000001
    vertex -1.4099832412739488e-14 -5.7999999999999945 7.600000000000001
    vertex 0.46587428118452323 -5.738666487320319 7.600000000000001
  endloop
endfacet
facet normal 0.0 0.0 1.0
  outer loop
    vertex -8.459899447643692e-15 -4.599999999999994 7.600000000000001
    vertex 0.46587428118452323 -5.738666487320319 7.600000000000001
    vertex 0.1552914270615035 -4.579555495773435 7.600000000000001
  endloop
endfacet
facet normal 0.0 0.0 1.0
  outer loop
    vertex 0.1552914270615035 -4.579555495773435 7.600000000000001
    vertex 0.46587428118452323 -5.738666487320319 7.600000000000001
    vertex 0.299999999999991 -4.519615242270658 7.600000000000001
  endloop
endfacet
facet normal 0.0 0.0 1.0
  outer loop
    vertex 0.299999999999991 -4.519615242270658 7.600000000000001
    vertex 0.46587428118452323 -5.738666487320319 7.600000000000001
    vertex 0.42426406871192057 -4.424264068711923 7.600000000000001
  endloop
endfacet
facet normal 0.0 0.0 1.0
  outer loop
    vertex 0.42426406871192057 -4.424264068711923 7.600000000000001
    vertex 0.46587428118452323 -5.738666487320319 7.600000000000001
    vertex 0.5196152422706539 -4.299999999999995 7.600000000000001
  endloop
endfacet
facet normal 0.0 0.0 1.0
  outer loop
    vertex 0.5196152422706539 -4.299999999999995 7.600000000000001
    vertex 0.46587428118452323 -5.738666487320319 7.600000000000001
    vertex 0.899999999999987 -5.558845726811986 7.600000000000001
  endloop
endfacet
facet normal 0.0 0.0 1.0
  outer loop
    vertex 0.5196152422706539 -4.299999999999995 7.600000000000001
    vertex 0.899999999999987 -5.558845726811986 7.600000000000001
    vertex 0.5795554957734326 -4.155291427061507 7.600000000000001
  endloop
endfacet
facet normal 0.0 0.0 1.0
  outer loop
    vertex 0.5795554957734326 -4.155291427061507 7.600000000000001
    vertex 0.899999999999987 -5.558845726811986 7.600000000000001
    vertex 0.5999999999999919 -3.9999999999999942 7.600000000000001
  endloop
endfacet
facet normal 0.0 0.0 1.0
  outer loop
    vertex -0.6000000000000087 -3.9999999999999942 7.600000000000001
    vertex -0.4658742811845387 -2.26133351267967 7.600000000000001
    vertex -0.9000000000000026 -2.441154273188001 7.600000000000001
  endloop
endfacet
facet normal 0.0 0.0 1.0
  outer loop
    vertex -0.4658742811845387 -2.26133351267967 7.600000000000001
    vertex -0.6000000000000087 -3.9999999999999942 7.600000000000001
    vertex -0.5795554957734494 -3.8447085729384822 7.600000000000001
  endloop
endfacet
facet normal 0.0 0.0 1.0
  outer loop
    vertex -0.4658742811845387 -2.26133351267967 7.600000000000001
    vertex -0.5795554957734494 -3.8447085729384822 7.600000000000001
    vertex -0.5196152422706708 -3.699999999999995 7.600000000000001
  endloop
endfacet
facet normal 0.0 0.0 1.0
  outer loop
    vertex -0.4658742811845387 -2.26133351267967 7.600000000000001
    vertex -0.5196152422706708 -3.699999999999995 7.600000000000001
    vertex -0.42426406871193745 -3.5757359312880665 7.600000000000001
  endloop
endfacet
facet normal 0.0 0.0 1.0
  outer loop
    vertex -0.4658742811845387 -2.26133351267967 7.600000000000001
    vertex -0.42426406871193745 -3.5757359312880665 7.600000000000001
    vertex -1.4099832412739487e-15 -2.1999999999999944 7.600000000000001
  endloop
endfacet
facet normal 0.0 0.0 1.0
  outer loop
    vertex -1.4099832412739487e-15 -2.1999999999999944 7.600000000000001
    vertex -0.42426406871193745 -3.5757359312880665 7.600000000000001
    vertex -0.3000000000000079 -3.4803847577293303 7.600000000000001
  endloop
endfacet
facet normal 0.0 0.0 1.0
  outer loop
    vertex -1.4099832412739487e-15 -2.1999999999999944 7.600000000000001
    vertex -0.3000000000000079 -3.4803847577293303 7.600000000000001
    vertex -0.15529142706152044 -3.420444504226553 7.600000000000001
  endloop
endfacet
facet normal 0.0 0.0 1.0
  outer loop
    vertex -1.4099832412739487e-15 -2.1999999999999944 7.600000000000001
    vertex -0.15529142706152044 -3.420444504226553 7.600000000000001
    vertex -8.459899447643692e-15 -3.3999999999999937 7.600000000000001
  endloop
endfacet
facet normal 0.0 0.0 1.0
  outer loop
    vertex -1.4099832412739487e-15 -2.1999999999999944 7.600000000000001
    vertex -8.459899447643692e-15 -3.3999999999999937 7.600000000000001
    vertex 0.15529142706150492 -3.420444504226553 7.600000000000001
  endloop
endfacet
facet normal 0.0 0.0 1.0
  outer loop
    vertex -1.4099832412739487e-15 -2.1999999999999944 7.600000000000001
    vertex 0.15529142706150492 -3.420444504226553 7.600000000000001
    vertex 0.4658742811845387 -2.261333512679674 7.600000000000001
  endloop
endfacet
facet normal 0.0 0.0 1.0
  outer loop
    vertex 0.4658742811845387 -2.261333512679674 7.600000000000001
    vertex 0.15529142706150492 -3.420444504226553 7.600000000000001
    vertex 0.2999999999999924 -3.4803847577293316 7.600000000000001
  endloop
endfacet
facet normal 0.0 0.0 1.0
  outer loop
    vertex 0.4658742811845387 -2.261333512679674 7.600000000000001
    vertex 0.2999999999999924 -3.4803847577293316 7.600000000000001
    vertex 0.42426406871192057 -3.5757359312880665 7.600000000000001
  endloop
endfacet
facet normal 0.0 0.0 1.0
  outer loop
    vertex 0.4658742811845387 -2.261333512679674 7.600000000000001
    vertex 0.42426406871192057 -3.5757359312880665 7.600000000000001
    vertex 0.5196152422706554 -3.699999999999995 7.600000000000001
  endloop
endfacet
facet normal 0.0 0.0 1.0
  outer loop
    vertex 0.4658742811845387 -2.261333512679674 7.600000000000001
    vertex 0.5196152422706554 -3.699999999999995 7.600000000000001
    vertex 0.8999999999999998 -2.4411542731880096 7.600000000000001
  endloop
endfacet
facet normal 0.0 0.0 1.0
  outer loop
    vertex 0.8999999999999998 -2.4411542731880096 7.600000000000001
    vertex 0.5196152422706554 -3.699999999999995 7.600000000000001
    vertex 0.5795554957734326 -3.8447085729384822 7.600000000000001
  endloop
endfacet
facet normal 0.0 0.0 1.0
  outer loop
    vertex 0.8999999999999998 -2.4411542731880096 7.600000000000001
    vertex 0.5795554957734326 -3.8447085729384822 7.600000000000001
    vertex 0.5999999999999919 -3.9999999999999942 7.600000000000001
  endloop
endfacet
facet normal 0.0 0.0 1.0
  outer loop
    vertex 0.8999999999999998 -2.4411542731880096 7.600000000000001
    vertex 0.5999999999999919 -3.9999999999999942 7.600000000000001
    vertex 0.899999999999987 -5.558845726811986 7.600000000000001
  endloop
endfacet
facet normal 0.0 0.0 1.0
  outer loop
    vertex 0.8999999999999998 -2.4411542731880096 7.600000000000001
    vertex 0.899999999999987 -5.558845726811986 7.600000000000001
    vertex 1.2727922061357728 -5.272792206135784 7.600000000000001
  endloop
endfacet
facet normal 0.0 0.0 1.0
  outer loop
    vertex 0.8999999999999998 -2.4411542731880096 7.600000000000001
    vertex 1.2727922061357728 -5.272792206135784 7.600000000000001
    vertex 1.2727922061357828 -2.7272077938642147 7.600000000000001
  endloop
endfacet
facet normal 0.0 0.0 1.0
  outer loop
    vertex 1.2727922061357828 -2.7272077938642147 7.600000000000001
    vertex 1.2727922061357728 -5.272792206135784 7.600000000000001
    vertex 1.5588457268119773 -4.8999999999999995 7.600000000000001
  endloop
endfacet
facet normal 0.0 0.0 1.0
  outer loop
    vertex 1.2727922061357828 -2.7272077938642147 7.600000000000001
    vertex 1.5588457268119773 -4.8999999999999995 7.600000000000001
    vertex 1.5588457268119857 -3.1000000000000014 7.600000000000001
  endloop
endfacet
facet normal 0.0 0.0 1.0
  outer loop
    vertex 1.5588457268119857 -3.1000000000000014 7.600000000000001
    vertex 1.5588457268119773 -4.8999999999999995 7.600000000000001
    vertex 1.738666487320313 -4.465874281184537 7.600000000000001
  endloop
endfacet
facet normal 0.0 0.0 1.0
  outer loop
    vertex 1.5588457268119857 -3.1000000000000014 7.600000000000001
    vertex 1.738666487320313 -4.465874281184537 7.600000000000001
    vertex 1.738666487320316 -3.5341257188154644 7.600000000000001
  endloop
endfacet
facet normal 0.0 0.0 1.0
  outer loop
    vertex 1.738666487320316 -3.5341257188154644 7.600000000000001
    vertex 1.738666487320313 -4.465874281184537 7.600000000000001
    vertex 1.7999999999999912 -4.000000000000002 7.600000000000001
  endloop
endfacet
facet normal 0.13052619222005632 0.9914448613738098 0.0
  outer loop
    vertex -1.4099832412739487e-15 -2.1999999999999944 7.600000000000001
    vertex 0.4658742811845387 -2.261333512679674 1.6000000000000012
    vertex -1.4099832412739487e-15 -2.1999999999999944 1.6000000000000012
  endloop
endfacet
facet normal 0.13052619222005632 0.9914448613738098 0.0
  outer loop
    vertex 0.4658742811845387 -2.261333512679674 1.6000000000000012
    vertex -1.4099832412739487e-15 -2.1999999999999944 7.600000000000001
    vertex 0.4658742811845387 -2.261333512679674 7.600000000000001
  endloop
endfacet
facet normal -0.13052619222004766 0.9914448613738109 0.0
  outer loop
    vertex -0.4658742811845387 -2.26133351267967 7.600000000000001
    vertex -1.4099832412739487e-15 -2.1999999999999944 1.6000000000000012
    vertex -0.4658742811845387 -2.26133351267967 1.6000000000000012
  endloop
endfacet
facet normal -0.13052619222004766 0.9914448613738109 0.0
  outer loop
    vertex -1.4099832412739487e-15 -2.1999999999999944 1.6000000000000012
    vertex -0.4658742811845387 -2.26133351267967 7.600000000000001
    vertex -1.4099832412739487e-15 -2.1999999999999944 7.600000000000001
  endloop
endfacet
facet normal -0.3826834323650866 0.9238795325112881 0.0
  outer loop
    vertex -0.9000000000000026 -2.441154273188001 7.600000000000001
    vertex -0.4658742811845387 -2.26133351267967 1.6000000000000012
    vertex -0.9000000000000026 -2.441154273188001 1.6000000000000012
  endloop
endfacet
facet normal -0.3826834323650866 0.9238795325112881 0.0
  outer loop
    vertex -0.4658742811845387 -2.26133351267967 1.6000000000000012
    vertex -0.9000000000000026 -2.441154273188001 7.600000000000001
    vertex -0.4658742811845387 -2.26133351267967 7.600000000000001
  endloop
endfacet
facet normal -0.6087614290087177 0.7933533402912375 0.0
  outer loop
    vertex -1.2727922061357893 -2.727207793864204 7.600000000000001
    vertex -0.9000000000000026 -2.441154273188001 1.6000000000000012
    vertex -1.2727922061357893 -2.727207793864204 1.6000000000000012
  endloop
endfacet
facet normal -0.6087614290087177 0.7933533402912375 0.0
  outer loop
    vertex -0.9000000000000026 -2.441154273188001 1.6000000000000012
    vertex -1.2727922061357893 -2.727207793864204 7.600000000000001
    vertex -0.9000000000000026 -2.441154273188001 7.600000000000001
  endloop
endfacet
facet normal -0.7933533402912331 0.6087614290087233 0.0
  outer loop
    vertex -1.2727922061357893 -2.727207793864204 7.600000000000001
    vertex -1.5588457268119942 -3.0999999999999885 1.6000000000000012
    vertex -1.5588457268119942 -3.0999999999999885 7.600000000000001
  endloop
endfacet
facet normal -0.7933533402912331 0.6087614290087233 0.0
  outer loop
    vertex -1.5588457268119942 -3.0999999999999885 1.6000000000000012
    vertex -1.2727922061357893 -2.727207793864204 7.600000000000001
    vertex -1.2727922061357893 -2.727207793864204 1.6000000000000012
  endloop
endfacet
facet normal -0.9238795325112852 0.382683432365094 0.0
  outer loop
    vertex -1.5588457268119942 -3.0999999999999885 7.600000000000001
    vertex -1.73866648732033 -3.53412571881545 1.6000000000000012
    vertex -1.73866648732033 -3.53412571881545 7.600000000000001
  endloop
endfacet
facet normal -0.9238795325112852 0.382683432365094 0.0
  outer loop
    vertex -1.73866648732033 -3.53412571881545 1.6000000000000012
    vertex -1.5588457268119942 -3.0999999999999885 7.600000000000001
    vertex -1.5588457268119942 -3.0999999999999885 1.6000000000000012
  endloop
endfacet
facet normal -0.99144486137381 0.13052619222005502 0.0
  outer loop
    vertex -1.73866648732033 -3.53412571881545 7.600000000000001
    vertex -1.800000000000008 -3.999999999999987 1.6000000000000012
    vertex -1.800000000000008 -3.999999999999987 7.600000000000001
  endloop
endfacet
facet normal -0.99144486137381 0.13052619222005502 0.0
  outer loop
    vertex -1.800000000000008 -3.999999999999987 1.6000000000000012
    vertex -1.73866648732033 -3.53412571881545 7.600000000000001
    vertex -1.73866648732033 -3.53412571881545 1.6000000000000012
  endloop
endfacet
facet normal -0.9914448613738109 -0.13052619222004766 0.0
  outer loop
    vertex -1.800000000000008 -3.999999999999987 7.600000000000001
    vertex -1.7386664873203328 -4.465874281184524 1.6000000000000012
    vertex -1.7386664873203328 -4.465874281184524 7.600000000000001
  endloop
endfacet
facet normal -0.9914448613738109 -0.13052619222004766 0.0
  outer loop
    vertex -1.7386664873203328 -4.465874281184524 1.6000000000000012
    vertex -1.800000000000008 -3.999999999999987 7.600000000000001
    vertex -1.800000000000008 -3.999999999999987 1.6000000000000012
  endloop
endfacet
facet normal -0.9238795325112884 -0.38268343236508634 0.0
  outer loop
    vertex -1.7386664873203328 -4.465874281184524 7.600000000000001
    vertex -1.5588457268120013 -4.899999999999988 1.6000000000000012
    vertex -1.5588457268120013 -4.899999999999988 7.600000000000001
  endloop
endfacet
facet normal -0.9238795325112884 -0.38268343236508634 0.0
  outer loop
    vertex -1.5588457268120013 -4.899999999999988 1.6000000000000012
    vertex -1.7386664873203328 -4.465874281184524 7.600000000000001
    vertex -1.7386664873203328 -4.465874281184524 1.6000000000000012
  endloop
endfacet
facet normal -0.7933533402912378 -0.6087614290087174 0.0
  outer loop
    vertex -1.5588457268120013 -4.899999999999988 7.600000000000001
    vertex -1.2727922061357984 -5.272792206135775 1.6000000000000012
    vertex -1.2727922061357984 -5.272792206135775 7.600000000000001
  endloop
endfacet
facet normal -0.7933533402912378 -0.6087614290087174 0.0
  outer loop
    vertex -1.2727922061357984 -5.272792206135775 1.6000000000000012
    vertex -1.5588457268120013 -4.899999999999988 7.600000000000001
    vertex -1.5588457268120013 -4.899999999999988 1.6000000000000012
  endloop
endfacet
facet normal -0.6087614290087227 -0.7933533402912336 0.0
  outer loop
    vertex -0.9000000000000139 -5.55884572681198 7.600000000000001
    vertex -1.2727922061357984 -5.272792206135775 1.6000000000000012
    vertex -0.9000000000000139 -5.55884572681198 1.6000000000000012
  endloop
endfacet
facet normal -0.6087614290087227 -0.7933533402912336 0.0
  outer loop
    vertex -1.2727922061357984 -5.272792206135775 1.6000000000000012
    vertex -0.9000000000000139 -5.55884572681198 7.600000000000001
    vertex -1.2727922061357984 -5.272792206135775 7.600000000000001
  endloop
endfacet
facet normal -0.3826834323650935 -0.9238795325112854 0.0
  outer loop
    vertex -0.46587428118455143 -5.738666487320316 7.600000000000001
    vertex -0.9000000000000139 -5.55884572681198 1.6000000000000012
    vertex -0.46587428118455143 -5.738666487320316 1.6000000000000012
  endloop
endfacet
facet normal -0.3826834323650935 -0.9238795325112854 0.0
  outer loop
    vertex -0.9000000000000139 -5.55884572681198 1.6000000000000012
    vertex -0.46587428118455143 -5.738666487320316 7.600000000000001
    vertex -0.9000000000000139 -5.55884572681198 7.600000000000001
  endloop
endfacet
facet normal -0.13052619222005496 -0.99144486137381 0.0
  outer loop
    vertex -1.4099832412739488e-14 -5.7999999999999945 7.600000000000001
    vertex -0.46587428118455143 -5.738666487320316 1.6000000000000012
    vertex -1.4099832412739488e-14 -5.7999999999999945 1.6000000000000012
  endloop
endfacet
facet normal -0.13052619222005496 -0.99144486137381 0.0
  outer loop
    vertex -0.46587428118455143 -5.738666487320316 1.6000000000000012
    vertex -1.4099832412739488e-14 -5.7999999999999945 7.600000000000001
    vertex -0.46587428118455143 -5.738666487320316 7.600000000000001
  endloop
endfacet
facet normal 0.130526192220049 -0.9914448613738107 0.0
  outer loop
    vertex 0.46587428118452323 -5.738666487320319 7.600000000000001
    vertex -1.4099832412739488e-14 -5.7999999999999945 1.6000000000000012
    vertex 0.46587428118452323 -5.738666487320319 1.6000000000000012
  endloop
endfacet
facet normal 0.130526192220049 -0.9914448613738107 0.0
  outer loop
    vertex -1.4099832412739488e-14 -5.7999999999999945 1.6000000000000012
    vertex 0.46587428118452323 -5.738666487320319 7.600000000000001
    vertex -1.4099832412739488e-14 -5.7999999999999945 7.600000000000001
  endloop
endfacet
facet normal 0.38268343236508745 -0.9238795325112878 0.0
  outer loop
    vertex 0.899999999999987 -5.558845726811986 7.600000000000001
    vertex 0.46587428118452323 -5.738666487320319 1.6000000000000012
    vertex 0.899999999999987 -5.558845726811986 1.6000000000000012
  endloop
endfacet
facet normal 0.38268343236508745 -0.9238795325112878 0.0
  outer loop
    vertex 0.46587428118452323 -5.738666487320319 1.6000000000000012
    vertex 0.899999999999987 -5.558845726811986 7.600000000000001
    vertex 0.46587428118452323 -5.738666487320319 7.600000000000001
  endloop
endfacet
facet normal 0.6087614290087178 -0.7933533402912376 0.0
  outer loop
    vertex 1.2727922061357728 -5.272792206135784 7.600000000000001
    vertex 0.899999999999987 -5.558845726811986 1.6000000000000012
    vertex 1.2727922061357728 -5.272792206135784 1.6000000000000012
  endloop
endfacet
facet normal 0.6087614290087178 -0.7933533402912376 0.0
  outer loop
    vertex 0.899999999999987 -5.558845726811986 1.6000000000000012
    vertex 1.2727922061357728 -5.272792206135784 7.600000000000001
    vertex 0.899999999999987 -5.558845726811986 7.600000000000001
  endloop
endfacet
facet normal 0.7933533402912334 -0.608761429008723 0.0
  outer loop
    vertex 1.5588457268119773 -4.8999999999999995 1.6000000000000012
    vertex 1.2727922061357728 -5.272792206135784 7.600000000000001
    vertex 1.2727922061357728 -5.272792206135784 1.6000000000000012
  endloop
endfacet
facet normal 0.7933533402912334 -0.608761429008723 0.0
  outer loop
    vertex 1.2727922061357728 -5.272792206135784 7.600000000000001
    vertex 1.5588457268119773 -4.8999999999999995 1.6000000000000012
    vertex 1.5588457268119773 -4.8999999999999995 7.600000000000001
  endloop
endfacet
facet normal 0.9238795325112854 -0.38268343236509345 0.0
  outer loop
    vertex 1.738666487320313 -4.465874281184537 1.6000000000000012
    vertex 1.5588457268119773 -4.8999999999999995 7.600000000000001
    vertex 1.5588457268119773 -4.8999999999999995 1.6000000000000012
  endloop
endfacet
facet normal 0.9238795325112854 -0.38268343236509345 0.0
  outer loop
    vertex 1.5588457268119773 -4.8999999999999995 7.600000000000001
    vertex 1.738666487320313 -4.465874281184537 1.6000000000000012
    vertex 1.738666487320313 -4.465874281184537 7.600000000000001
  endloop
endfacet
facet normal 0.99144486137381 -0.1305261922200554 0.0
  outer loop
    vertex 1.7999999999999912 -4.000000000000002 1.6000000000000012
    vertex 1.738666487320313 -4.465874281184537 7.600000000000001
    vertex 1.738666487320313 -4.465874281184537 1.6000000000000012
  endloop
endfacet
facet normal 0.99144486137381 -0.1305261922200554 0.0
  outer loop
    vertex 1.738666487320313 -4.465874281184537 7.600000000000001
    vertex 1.7999999999999912 -4.000000000000002 1.6000000000000012
    vertex 1.7999999999999912 -4.000000000000002 7.600000000000001
  endloop
endfacet
facet normal 0.9914448613738109 0.13052619222004766 0.0
  outer loop
    vertex 1.738666487320316 -3.5341257188154644 1.6000000000000012
    vertex 1.7999999999999912 -4.000000000000002 7.600000000000001
    vertex 1.7999999999999912 -4.000000000000002 1.6000000000000012
  endloop
endfacet
facet normal 0.9914448613738109 0.13052619222004766 0.0
  outer loop
    vertex 1.7999999999999912 -4.000000000000002 7.600000000000001
    vertex 1.738666487320316 -3.5341257188154644 1.6000000000000012
    vertex 1.738666487320316 -3.5341257188154644 7.600000000000001
  endloop
endfacet
facet normal 0.9238795325112888 0.3826834323650852 0.0
  outer loop
    vertex 1.5588457268119857 -3.1000000000000014 1.6000000000000012
    vertex 1.738666487320316 -3.5341257188154644 7.600000000000001
    vertex 1.738666487320316 -3.5341257188154644 1.6000000000000012
  endloop
endfacet
facet normal 0.9238795325112888 0.3826834323650852 0.0
  outer loop
    vertex 1.738666487320316 -3.5341257188154644 7.600000000000001
    vertex 1.5588457268119857 -3.1000000000000014 1.6000000000000012
    vertex 1.5588457268119857 -3.1000000000000014 7.600000000000001
  endloop
endfacet
facet normal 0.7933533402912383 0.6087614290087165 0.0
  outer loop
    vertex 1.2727922061357828 -2.7272077938642147 1.6000000000000012
    vertex 1.5588457268119857 -3.1000000000000014 7.600000000000001
    vertex 1.5588457268119857 -3.1000000000000014 1.6000000000000012
  endloop
endfacet
facet normal 0.7933533402912383 0.6087614290087165 0.0
  outer loop
    vertex 1.5588457268119857 -3.1000000000000014 7.600000000000001
    vertex 1.2727922061357828 -2.7272077938642147 1.6000000000000012
    vertex 1.2727922061357828 -2.7272077938642147 7.600000000000001
  endloop
endfacet
facet normal 0.6087614290087247 0.7933533402912322 0.0
  outer loop
    vertex 0.8999999999999998 -2.4411542731880096 7.600000000000001
    vertex 1.2727922061357828 -2.7272077938642147 1.6000000000000012
    vertex 0.8999999999999998 -2.4411542731880096 1.6000000000000012
  endloop
endfacet
facet normal 0.6087614290087247 0.7933533402912322 0.0
  outer loop
    vertex 1.2727922061357828 -2.7272077938642147 1.6000000000000012
    vertex 0.8999999999999998 -2.4411542731880096 7.600000000000001
    vertex 1.2727922061357828 -2.7272077938642147 7.600000000000001
  endloop
endfacet
facet normal 0.38268343236509467 0.9238795325112846 0.0
  outer loop
    vertex 0.4658742811845387 -2.261333512679674 7.600000000000001
    vertex 0.8999999999999998 -2.4411542731880096 1.6000000000000012
    vertex 0.4658742811845387 -2.261333512679674 1.6000000000000012
  endloop
endfacet
facet normal 0.38268343236509467 0.9238795325112846 0.0
  outer loop
    vertex 0.8999999999999998 -2.4411542731880096 1.6000000000000012
    vertex 0.4658742811845387 -2.261333512679674 7.600000000000001
    vertex 0.8999999999999998 -2.4411542731880096 7.600000000000001
  endloop
endfacet
facet normal 0.0 0.0 1.0
  outer loop
    vertex 2.3049906235908693 1.689417145876971 0.8000000000000006
    vertex 2.304990623590872 2.3105828541230204 0.8000000000000006
    vertex 2.2641016151377533 1.9999999999999962 0.8000000000000006
  endloop
endfacet
facet normal 0.0 0.0 1.0
  outer loop
    vertex 2.304990623590872 2.3105828541230204 0.8000000000000006
    vertex 2.3049906235908693 1.689417145876971 0.8000000000000006
    vertex 2.4248711305964235 1.399999999999996 0.8000000000000006
  endloop
endfacet
facet normal 0.0 0.0 1.0
  outer loop
    vertex 2.304990623590872 2.3105828541230204 0.8000000000000006
    vertex 2.4248711305964235 1.399999999999996 0.8000000000000006
    vertex 2.4248711305964292 2.599999999999995 0.8000000000000006
  endloop
endfacet
facet normal 0.0 0.0 1.0
  outer loop
    vertex 2.4248711305964292 2.599999999999995 0.8000000000000006
    vertex 2.4248711305964235 1.399999999999996 0.8000000000000006
    vertex 2.6155734777138915 1.1514718625761384 0.8000000000000006
  endloop
endfacet
facet normal 0.0 0.0 1.0
  outer loop
    vertex 2.4248711305964292 2.599999999999995 0.8000000000000006
    vertex 2.6155734777138915 1.1514718625761384 0.8000000000000006
    vertex 2.6155734777138986 2.84852813742385 0.8000000000000006
  endloop
endfacet
facet normal 0.0 0.0 1.0
  outer loop
    vertex 2.6155734777138986 2.84852813742385 0.8000000000000006
    vertex 2.6155734777138915 1.1514718625761384 0.8000000000000006
    vertex 2.6641016151377523 1.9999999999999907 0.8000000000000006
  endloop
endfacet
facet normal 0.0 0.0 1.0
  outer loop
    vertex 2.6641016151377523 1.9999999999999907 0.8000000000000006
    vertex 2.6155734777138915 1.1514718625761384 0.8000000000000006
    vertex 2.6913609541064973 1.7929447639179734 0.8000000000000006
  endloop
endfacet
facet normal 0.0 0.0 1.0
  outer loop
    vertex 2.6913609541064973 1.7929447639179734 0.8000000000000006
    vertex 2.6155734777138915 1.1514718625761384 0.8000000000000006
    vertex 2.8641016151377463 0.9607695154586674 0.8000000000000006
  endloop
endfacet
facet normal 0.0 0.0 1.0
  outer loop
    vertex 2.6913609541064973 1.7929447639179734 0.8000000000000006
    vertex 2.8641016151377463 0.9607695154586674 0.8000000000000006
    vertex 2.7712812921102015 1.59999999999999 0.8000000000000006
  endloop
endfacet
facet normal 0.0 0.0 1.0
  outer loop
    vertex 2.7712812921102015 1.59999999999999 0.8000000000000006
    vertex 2.8641016151377463 0.9607695154586674 0.8000000000000006
    vertex 2.898416190188515 1.4343145750507529 0.8000000000000006
  endloop
endfacet
facet normal 0.0 0.0 1.0
  outer loop
    vertex 2.898416190188515 1.4343145750507529 0.8000000000000006
    vertex 2.8641016151377463 0.9607695154586674 0.8000000000000006
    vertex 3.153518761014724 0.8408890084531101 0.8000000000000006
  endloop
endfacet
facet normal 0.0 0.0 1.0
  outer loop
    vertex 2.898416190188515 1.4343145750507529 0.8000000000000006
    vertex 3.153518761014724 0.8408890084531101 0.8000000000000006
    vertex 3.064101615137753 1.30717967697244 0.8000000000000006
  endloop
endfacet
facet normal 0.0 0.0 1.0
  outer loop
    vertex 3.064101615137753 1.30717967697244 0.8000000000000006
    vertex 3.153518761014724 0.8408890084531101 0.8000000000000006
    vertex 3.2570463790557365 1.2272593389687356 0.8000000000000006
  endloop
endfacet
facet normal 0.0 0.0 1.0
  outer loop
    vertex 3.2570463790557365 1.2272593389687356 0.8000000000000006
    vertex 3.153518761014724 0.8408890084531101 0.8000000000000006
    vertex 3.464101615137748 0.79999999999999 0.8000000000000006
  endloop
endfacet
facet normal 0.0 0.0 1.0
  outer loop
    vertex 3.2570463790557365 1.2272593389687356 0.8000000000000006
    vertex 3.464101615137748 0.79999999999999 0.8000000000000006
    vertex 3.464101615137754 1.1999999999999909 0.8000000000000006
  endloop
endfacet
facet normal 0.0 0.0 1.0
  outer loop
    vertex 3.464101615137754 1.1999999999999909 0.8000000000000006
    vertex 3.464101615137748 0.79999999999999 0.8000000000000006
    vertex 3.774684469260772 0.8408890084531088 0.8000000000000006
  endloop
endfacet
facet normal 0.0 0.0 1.0
  outer loop
    vertex 3.464101615137754 1.1999999999999909 0.8000000000000006
    vertex 3.774684469260772 0.8408890084531088 0.8000000000000006
    vertex 3.6711568512197696 1.227259338968737 0.8000000000000006
  endloop
endfacet
facet normal 0.0 0.0 1.0
  outer loop
    vertex 3.6711568512197696 1.227259338968737 0.8000000000000006
    vertex 3.774684469260772 0.8408890084531088 0.8000000000000006
    vertex 3.864101615137753 1.30717967697244 0.8000000000000006
  endloop
endfacet
facet normal 0.0 0.0 1.0
  outer loop
    vertex 3.864101615137753 1.30717967697244 0.8000000000000006
    vertex 3.774684469260772 0.8408890084531088 0.8000000000000006
    vertex 4.064101615137749 0.9607695154586632 0.8000000000000006
  endloop
endfacet
facet normal 0.0 0.0 1.0
  outer loop
    vertex 3.864101615137753 1.30717967697244 0.8000000000000006
    vertex 4.064101615137749 0.9607695154586632 0.8000000000000006
    vertex 4.029787040086991 1.4343145750507529 0.8000000000000006
  endloop
endfacet
facet normal 0.0 0.0 1.0
  outer loop
    vertex 4.029787040086991 1.4343145750507529 0.8000000000000006
    vertex 4.064101615137749 0.9607695154586632 0.8000000000000006
    vertex 4.156921938165304 1.5999999999999914 0.8000000000000006
  endloop
endfacet
facet normal 0.0 0.0 1.0
  outer loop
    vertex 4.156921938165304 1.5999999999999914 0.8000000000000006
    vertex 4.064101615137749 0.9607695154586632 0.8000000000000006
    vertex 4.312629752561606 1.1514718625761313 0.8000000000000006
  endloop
endfacet
facet normal 0.0 0.0 1.0
  outer loop
    vertex 4.156921938165304 1.5999999999999914 0.8000000000000006
    vertex 4.312629752561606 1.1514718625761313 0.8000000000000006
    vertex 4.236842276169008 1.7929447639179747 0.8000000000000006
  endloop
endfacet
facet normal 0.0 0.0 1.0
  outer loop
    vertex 4.236842276169008 1.7929447639179747 0.8000000000000006
    vertex 4.312629752561606 1.1514718625761313 0.8000000000000006
    vertex 4.264101615137752 1.999999999999992 0.8000000000000006
  endloop
endfacet
facet normal 0.0 0.0 1.0
  outer loop
    vertex 2.6155734777138986 2.84852813742385 0.8000000000000006
    vertex 2.6913609541064973 2.207055236082007 0.8000000000000006
    vertex 2.8641016151377547 3.039230484541318 0.8000000000000006
  endloop
endfacet
facet normal 0.0 0.0 1.0
  outer loop
    vertex 2.6913609541064973 2.207055236082007 0.8000000000000006
    vertex 2.6155734777138986 2.84852813742385 0.8000000000000006
    vertex 2.6641016151377523 1.9999999999999907 0.8000000000000006
  endloop
endfacet
facet normal 0.0 0.0 1.0
  outer loop
    vertex 2.8641016151377547 3.039230484541318 0.8000000000000006
    vertex 2.6913609541064973 2.207055236082007 0.8000000000000006
    vertex 2.7712812921102 2.39999999999999 0.8000000000000006
  endloop
endfacet
facet normal 0.0 0.0 1.0
  outer loop
    vertex 2.8641016151377547 3.039230484541318 0.8000000000000006
    vertex 2.7712812921102 2.39999999999999 0.8000000000000006
    vertex 2.8984161901885135 2.5656854249492285 0.8000000000000006
  endloop
endfacet
facet normal 0.0 0.0 1.0
  outer loop
    vertex 2.8641016151377547 3.039230484541318 0.8000000000000006
    vertex 2.8984161901885135 2.5656854249492285 0.8000000000000006
    vertex 3.15351876101473 3.1591109915468727 0.8000000000000006
  endloop
endfacet
facet normal 0.0 0.0 1.0
  outer loop
    vertex 3.15351876101473 3.1591109915468727 0.8000000000000006
    vertex 2.8984161901885135 2.5656854249492285 0.8000000000000006
    vertex 3.0641016151377505 2.6928203230275414 0.8000000000000006
  endloop
endfacet
facet normal 0.0 0.0 1.0
  outer loop
    vertex 3.15351876101473 3.1591109915468727 0.8000000000000006
    vertex 3.0641016151377505 2.6928203230275414 0.8000000000000006
    vertex 3.257046379055734 2.7727406610312446 0.8000000000000006
  endloop
endfacet
facet normal 0.0 0.0 1.0
  outer loop
    vertex 3.15351876101473 3.1591109915468727 0.8000000000000006
    vertex 3.257046379055734 2.7727406610312446 0.8000000000000006
    vertex 3.4641016151377553 3.1999999999999913 0.8000000000000006
  endloop
endfacet
facet normal 0.0 0.0 1.0
  outer loop
    vertex 3.4641016151377553 3.1999999999999913 0.8000000000000006
    vertex 3.257046379055734 2.7727406610312446 0.8000000000000006
    vertex 3.464101615137751 2.7999999999999905 0.8000000000000006
  endloop
endfacet
facet normal 0.0 0.0 1.0
  outer loop
    vertex 3.4641016151377553 3.1999999999999913 0.8000000000000006
    vertex 3.464101615137751 2.7999999999999905 0.8000000000000006
    vertex 3.671156851219767 2.772740661031246 0.8000000000000006
  endloop
endfacet
facet normal 0.0 0.0 1.0
  outer loop
    vertex 3.4641016151377553 3.1999999999999913 0.8000000000000006
    vertex 3.671156851219767 2.772740661031246 0.8000000000000006
    vertex 3.7746844692607806 3.1591109915468714 0.8000000000000006
  endloop
endfacet
facet normal 0.0 0.0 1.0
  outer loop
    vertex 3.7746844692607806 3.1591109915468714 0.8000000000000006
    vertex 3.671156851219767 2.772740661031246 0.8000000000000006
    vertex 3.8641016151377516 2.6928203230275414 0.8000000000000006
  endloop
endfacet
facet normal 0.0 0.0 1.0
  outer loop
    vertex 3.7746844692607806 3.1591109915468714 0.8000000000000006
    vertex 3.8641016151377516 2.6928203230275414 0.8000000000000006
    vertex 4.064101615137756 3.0392304845413154 0.8000000000000006
  endloop
endfacet
facet normal 0.0 0.0 1.0
  outer loop
    vertex 4.064101615137756 3.0392304845413154 0.8000000000000006
    vertex 3.8641016151377516 2.6928203230275414 0.8000000000000006
    vertex 4.02978704008699 2.5656854249492285 0.8000000000000006
  endloop
endfacet
facet normal 0.0 0.0 1.0
  outer loop
    vertex 4.064101615137756 3.0392304845413154 0.8000000000000006
    vertex 4.02978704008699 2.5656854249492285 0.8000000000000006
    vertex 4.156921938165303 2.3999999999999915 0.8000000000000006
  endloop
endfacet
facet normal 0.0 0.0 1.0
  outer loop
    vertex 4.064101615137756 3.0392304845413154 0.8000000000000006
    vertex 4.156921938165303 2.3999999999999915 0.8000000000000006
    vertex 4.3126297525616115 2.8485281374238447 0.8000000000000006
  endloop
endfacet
facet normal 0.0 0.0 1.0
  outer loop
    vertex 4.3126297525616115 2.8485281374238447 0.8000000000000006
    vertex 4.156921938165303 2.3999999999999915 0.8000000000000006
    vertex 4.236842276169008 2.207055236082008 0.8000000000000006
  endloop
endfacet
facet normal 0.0 0.0 1.0
  outer loop
    vertex 4.3126297525616115 2.8485281374238447 0.8000000000000006
    vertex 4.236842276169008 2.207055236082008 0.8000000000000006
    vertex 4.264101615137752 1.999999999999992 0.8000000000000006
  endloop
endfacet
facet normal 0.0 0.0 1.0
  outer loop
    vertex 4.3126297525616115 2.8485281374238447 0.8000000000000006
    vertex 4.264101615137752 1.999999999999992 0.8000000000000006
    vertex 4.312629752561606 1.1514718625761313 0.8000000000000006
  endloop
endfacet
facet normal 0.0 0.0 1.0
  outer loop
    vertex 4.3126297525616115 2.8485281374238447 0.8000000000000006
    vertex 4.312629752561606 1.1514718625761313 0.8000000000000006
    vertex 4.503332099679076 1.3999999999999861 0.8000000000000006
  endloop
endfacet
facet normal 0.0 0.0 1.0
  outer loop
    vertex 4.3126297525616115 2.8485281374238447 0.8000000000000006
    vertex 4.503332099679076 1.3999999999999861 0.8000000000000006
    vertex 4.50333209967908 2.5999999999999868 0.8000000000000006
  endloop
endfacet
facet normal 0.0 0.0 1.0
  outer loop
    vertex 4.50333209967908 2.5999999999999868 0.8000000000000006
    vertex 4.503332099679076 1.3999999999999861 0.8000000000000006
    vertex 4.623212606684633 1.6894171458769611 0.8000000000000006
  endloop
endfacet
facet normal 0.0 0.0 1.0
  outer loop
    vertex 4.50333209967908 2.5999999999999868 0.8000000000000006
    vertex 4.623212606684633 1.6894171458769611 0.8000000000000006
    vertex 4.6232126066846355 2.310582854123012 0.8000000000000006
  endloop
endfacet
facet normal 0.0 0.0 1.0
  outer loop
    vertex 4.6232126066846355 2.310582854123012 0.8000000000000006
    vertex 4.623212606684633 1.6894171458769611 0.8000000000000006
    vertex 4.664101615137752 1.9999999999999865 0.8000000000000006
  endloop
endfacet
facet normal 0.0 0.0 1.0
  outer loop
    vertex -0.5795554957734494 -4.155291427061507 1.6000000000000012
    vertex -0.5795554957734494 -3.8447085729384822 1.6000000000000012
    vertex -0.6000000000000087 -3.9999999999999942 1.6000000000000012
  endloop
endfacet
facet normal 0.0 0.0 1.0
  outer loop
    vertex -0.5795554957734494 -3.8447085729384822 1.6000000000000012
    vertex -0.5795554957734494 -4.155291427061507 1.6000000000000012
    vertex -0.5196152422706722 -4.299999999999995 1.6000000000000012
  endloop
endfacet
facet normal 0.0 0.0 1.0
  outer loop
    vertex -0.5795554957734494 -3.8447085729384822 1.6000000000000012
    vertex -0.5196152422706722 -4.299999999999995 1.6000000000000012
    vertex -0.5196152422706708 -3.699999999999995 1.6000000000000012
  endloop
endfacet
facet normal 0.0 0.0 1.0
  outer loop
    vertex -0.5196152422706708 -3.699999999999995 1.6000000000000012
    vertex -0.5196152422706722 -4.299999999999995 1.6000000000000012
    vertex -0.42426406871193745 -4.424264068711923 1.6000000000000012
  endloop
endfacet
facet normal 0.0 0.0 1.0
  outer loop
    vertex -0.5196152422706708 -3.699999999999995 1.6000000000000012
    vertex -0.42426406871193745 -4.424264068711923 1.6000000000000012
    vertex -0.42426406871193745 -3.5757359312880665 1.6000000000000012
  endloop
endfacet
facet normal 0.0 0.0 1.0
  outer loop
    vertex -0.42426406871193745 -3.5757359312880665 1.6000000000000012
    vertex -0.42426406871193745 -4.424264068711923 1.6000000000000012
    vertex -0.3000000000000079 -4.519615242270658 1.6000000000000012
  endloop
endfacet
facet normal 0.0 0.0 1.0
  outer loop
    vertex -0.42426406871193745 -3.5757359312880665 1.6000000000000012
    vertex -0.3000000000000079 -4.519615242270658 1.6000000000000012
    vertex -0.3000000000000079 -3.4803847577293303 1.6000000000000012
  endloop
endfacet
facet normal 0.0 0.0 1.0
  outer loop
    vertex -0.3000000000000079 -3.4803847577293303 1.6000000000000012
    vertex -0.3000000000000079 -4.519615242270658 1.6000000000000012
    vertex -0.15529142706152044 -4.579555495773435 1.6000000000000012
  endloop
endfacet
facet normal 0.0 0.0 1.0
  outer loop
    vertex -0.3000000000000079 -3.4803847577293303 1.6000000000000012
    vertex -0.15529142706152044 -4.579555495773435 1.6000000000000012
    vertex -0.15529142706152044 -3.420444504226553 1.6000000000000012
  endloop
endfacet
facet normal 0.0 0.0 1.0
  outer loop
    vertex -0.15529142706152044 -3.420444504226553 1.6000000000000012
    vertex -0.15529142706152044 -4.579555495773435 1.6000000000000012
    vertex -8.459899447643692e-15 -4.599999999999994 1.6000000000000012
  endloop
endfacet
facet normal 0.0 0.0 1.0
  outer loop
    vertex -0.15529142706152044 -3.420444504226553 1.6000000000000012
    vertex -8.459899447643692e-15 -4.599999999999994 1.6000000000000012
    vertex -8.459899447643692e-15 -3.3999999999999937 1.6000000000000012
  endloop
endfacet
facet normal 0.0 0.0 1.0
  outer loop
    vertex -8.459899447643692e-15 -3.3999999999999937 1.6000000000000012
    vertex -8.459899447643692e-15 -4.599999999999994 1.6000000000000012
    vertex 0.1552914270615035 -4.579555495773435 1.6000000000000012
  endloop
endfacet
facet normal 0.0 0.0 1.0
  outer loop
    vertex -8.459899447643692e-15 -3.3999999999999937 1.6000000000000012
    vertex 0.1552914270615035 -4.579555495773435 1.6000000000000012
    vertex 0.15529142706150492 -3.420444504226553 1.6000000000000012
  endloop
endfacet
facet normal 0.0 0.0 1.0
  outer loop
    vertex 0.15529142706150492 -3.420444504226553 1.6000000000000012
    vertex 0.1552914270615035 -4.579555495773435 1.6000000000000012
    vertex 0.299999999999991 -4.519615242270658 1.6000000000000012
  endloop
endfacet
facet normal 0.0 0.0 1.0
  outer loop
    vertex 0.15529142706150492 -3.420444504226553 1.6000000000000012
    vertex 0.299999999999991 -4.519615242270658 1.6000000000000012
    vertex 0.2999999999999924 -3.4803847577293316 1.6000000000000012
  endloop
endfacet
facet normal 0.0 0.0 1.0
  outer loop
    vertex 0.2999999999999924 -3.4803847577293316 1.6000000000000012
    vertex 0.299999999999991 -4.519615242270658 1.6000000000000012
    vertex 0.42426406871192057 -4.424264068711923 1.6000000000000012
  endloop
endfacet
facet normal 0.0 0.0 1.0
  outer loop
    vertex 0.2999999999999924 -3.4803847577293316 1.6000000000000012
    vertex 0.42426406871192057 -4.424264068711923 1.6000000000000012
    vertex 0.42426406871192057 -3.5757359312880665 1.6000000000000012
  endloop
endfacet
facet normal 0.0 0.0 1.0
  outer loop
    vertex 0.42426406871192057 -3.5757359312880665 1.6000000000000012
    vertex 0.42426406871192057 -4.424264068711923 1.6000000000000012
    vertex 0.5196152422706539 -4.299999999999995 1.6000000000000012
  endloop
endfacet
facet normal 0.0 0.0 1.0
  outer loop
    vertex 0.42426406871192057 -3.5757359312880665 1.6000000000000012
    vertex 0.5196152422706539 -4.299999999999995 1.6000000000000012
    vertex 0.5196152422706554 -3.699999999999995 1.6000000000000012
  endloop
endfacet
facet normal 0.0 0.0 1.0
  outer loop
    vertex 0.5196152422706554 -3.699999999999995 1.6000000000000012
    vertex 0.5196152422706539 -4.299999999999995 1.6000000000000012
    vertex 0.5795554957734326 -4.155291427061507 1.6000000000000012
  endloop
endfacet
facet normal 0.0 0.0 1.0
  outer loop
    vertex 0.5196152422706554 -3.699999999999995 1.6000000000000012
    vertex 0.5795554957734326 -4.155291427061507 1.6000000000000012
    vertex 0.5795554957734326 -3.8447085729384822 1.6000000000000012
  endloop
endfacet
facet normal 0.0 0.0 1.0
  outer loop
    vertex 0.5795554957734326 -3.8447085729384822 1.6000000000000012
    vertex 0.5795554957734326 -4.155291427061507 1.6000000000000012
    vertex 0.5999999999999919 -3.9999999999999942 1.6000000000000012
  endloop
endfacet
facet normal 0.9914448613738103 0.1305261922200528 0.0
  outer loop
    vertex -0.6000000000000087 -3.9999999999999942 1.6000000000000012
    vertex -0.5795554957734494 -4.155291427061507 7.600000000000001
    vertex -0.5795554957734494 -4.155291427061507 1.6000000000000012
  endloop
endfacet
facet normal 0.9914448613738103 0.1305261922200528 0.0
  outer loop
    vertex -0.5795554957734494 -4.155291427061507 7.600000000000001
    vertex -0.6000000000000087 -3.9999999999999942 1.6000000000000012
    vertex -0.6000000000000087 -3.9999999999999942 7.600000000000001
  endloop
endfacet
facet normal 0.9238795325112881 0.3826834323650867 0.0
  outer loop
    vertex -0.5795554957734494 -4.155291427061507 1.6000000000000012
    vertex -0.5196152422706722 -4.299999999999995 7.600000000000001
    vertex -0.5196152422706722 -4.299999999999995 1.6000000000000012
  endloop
endfacet
facet normal 0.9238795325112881 0.3826834323650867 0.0
  outer loop
    vertex -0.5196152422706722 -4.299999999999995 7.600000000000001
    vertex -0.5795554957734494 -4.155291427061507 1.6000000000000012
    vertex -0.5795554957734494 -4.155291427061507 7.600000000000001
  endloop
endfacet
facet normal 0.7933533402912342 0.6087614290087222 0.0
  outer loop
    vertex -0.5196152422706722 -4.299999999999995 1.6000000000000012
    vertex -0.42426406871193745 -4.424264068711923 7.600000000000001
    vertex -0.42426406871193745 -4.424264068711923 1.6000000000000012
  endloop
endfacet
facet normal 0.7933533402912342 0.6087614290087222 0.0
  outer loop
    vertex -0.42426406871193745 -4.424264068711923 7.600000000000001
    vertex -0.5196152422706722 -4.299999999999995 1.6000000000000012
    vertex -0.5196152422706722 -4.299999999999995 7.600000000000001
  endloop
endfacet
facet normal 0.6087614290087179 0.7933533402912374 0.0
  outer loop
    vertex -0.42426406871193745 -4.424264068711923 7.600000000000001
    vertex -0.3000000000000079 -4.519615242270658 1.6000000000000012
    vertex -0.42426406871193745 -4.424264068711923 1.6000000000000012
  endloop
endfacet
facet normal 0.6087614290087179 0.7933533402912374 0.0
  outer loop
    vertex -0.3000000000000079 -4.519615242270658 1.6000000000000012
    vertex -0.42426406871193745 -4.424264068711923 7.600000000000001
    vertex -0.3000000000000079 -4.519615242270658 7.600000000000001
  endloop
endfacet
facet normal 0.3826834323650867 0.9238795325112881 0.0
  outer loop
    vertex -0.3000000000000079 -4.519615242270658 7.600000000000001
    vertex -0.15529142706152044 -4.579555495773435 1.6000000000000012
    vertex -0.3000000000000079 -4.519615242270658 1.6000000000000012
  endloop
endfacet
facet normal 0.3826834323650867 0.9238795325112881 0.0
  outer loop
    vertex -0.15529142706152044 -4.579555495773435 1.6000000000000012
    vertex -0.3000000000000079 -4.519615242270658 7.600000000000001
    vertex -0.15529142706152044 -4.579555495773435 7.600000000000001
  endloop
endfacet
facet normal 0.13052619222005393 0.9914448613738103 0.0
  outer loop
    vertex -0.15529142706152044 -4.579555495773435 7.600000000000001
    vertex -8.459899447643692e-15 -4.599999999999994 1.6000000000000012
    vertex -0.15529142706152044 -4.579555495773435 1.6000000000000012
  endloop
endfacet
facet normal 0.13052619222005393 0.9914448613738103 0.0
  outer loop
    vertex -8.459899447643692e-15 -4.599999999999994 1.6000000000000012
    vertex -0.15529142706152044 -4.579555495773435 7.600000000000001
    vertex -8.459899447643692e-15 -4.599999999999994 7.600000000000001
  endloop
endfacet
facet normal -0.13052619222005393 0.9914448613738103 0.0
  outer loop
    vertex -8.459899447643692e-15 -4.599999999999994 7.600000000000001
    vertex 0.1552914270615035 -4.579555495773435 1.6000000000000012
    vertex -8.459899447643692e-15 -4.599999999999994 1.6000000000000012
  endloop
endfacet
facet normal -0.13052619222005393 0.9914448613738103 0.0
  outer loop
    vertex 0.1552914270615035 -4.579555495773435 1.6000000000000012
    vertex -8.459899447643692e-15 -4.599999999999994 7.600000000000001
    vertex 0.1552914270615035 -4.579555495773435 7.600000000000001
  endloop
endfacet
facet normal -0.3826834323650867 0.9238795325112881 0.0
  outer loop
    vertex 0.1552914270615035 -4.579555495773435 7.600000000000001
    vertex 0.299999999999991 -4.519615242270658 1.6000000000000012
    vertex 0.1552914270615035 -4.579555495773435 1.6000000000000012
  endloop
endfacet
facet normal -0.3826834323650867 0.9238795325112881 0.0
  outer loop
    vertex 0.299999999999991 -4.519615242270658 1.6000000000000012
    vertex 0.1552914270615035 -4.579555495773435 7.600000000000001
    vertex 0.299999999999991 -4.519615242270658 7.600000000000001
  endloop
endfacet
facet normal -0.6087614290087179 0.7933533402912374 0.0
  outer loop
    vertex 0.299999999999991 -4.519615242270658 7.600000000000001
    vertex 0.42426406871192057 -4.424264068711923 1.6000000000000012
    vertex 0.299999999999991 -4.519615242270658 1.6000000000000012
  endloop
endfacet
facet normal -0.6087614290087179 0.7933533402912374 0.0
  outer loop
    vertex 0.42426406871192057 -4.424264068711923 1.6000000000000012
    vertex 0.299999999999991 -4.519615242270658 7.600000000000001
    vertex 0.42426406871192057 -4.424264068711923 7.600000000000001
  endloop
endfacet
facet normal -0.7933533402912385 0.6087614290087165 0.0
  outer loop
    vertex 0.5196152422706539 -4.299999999999995 7.600000000000001
    vertex 0.42426406871192057 -4.424264068711923 1.6000000000000012
    vertex 0.42426406871192057 -4.424264068711923 7.600000000000001
  endloop
endfacet
facet normal -0.7933533402912385 0.6087614290087165 0.0
  outer loop
    vertex 0.42426406871192057 -4.424264068711923 1.6000000000000012
    vertex 0.5196152422706539 -4.299999999999995 7.600000000000001
    vertex 0.5196152422706539 -4.299999999999995 1.6000000000000012
  endloop
endfacet
facet normal -0.9238795325112849 0.38268343236509433 0.0
  outer loop
    vertex 0.5795554957734326 -4.155291427061507 7.600000000000001
    vertex 0.5196152422706539 -4.299999999999995 1.6000000000000012
    vertex 0.5196152422706539 -4.299999999999995 7.600000000000001
  endloop
endfacet
facet normal -0.9238795325112849 0.38268343236509433 0.0
  outer loop
    vertex 0.5196152422706539 -4.299999999999995 1.6000000000000012
    vertex 0.5795554957734326 -4.155291427061507 7.600000000000001
    vertex 0.5795554957734326 -4.155291427061507 1.6000000000000012
  endloop
endfacet
facet normal -0.9914448613738103 0.1305261922200528 0.0
  outer loop
    vertex 0.5999999999999919 -3.9999999999999942 7.600000000000001
    vertex 0.5795554957734326 -4.155291427061507 1.6000000000000012
    vertex 0.5795554957734326 -4.155291427061507 7.600000000000001
  endloop
endfacet
facet normal -0.9914448613738103 0.1305261922200528 0.0
  outer loop
    vertex 0.5795554957734326 -4.155291427061507 1.6000000000000012
    vertex 0.5999999999999919 -3.9999999999999942 7.600000000000001
    vertex 0.5999999999999919 -3.9999999999999942 1.6000000000000012
  endloop
endfacet
facet normal -0.9914448613738103 -0.13052619222005393 0.0
  outer loop
    vertex 0.5795554957734326 -3.8447085729384822 7.600000000000001
    vertex 0.5999999999999919 -3.9999999999999942 1.6000000000000012
    vertex 0.5999999999999919 -3.9999999999999942 7.600000000000001
  endloop
endfacet
facet normal -0.9914448613738103 -0.13052619222005393 0.0
  outer loop
    vertex 0.5999999999999919 -3.9999999999999942 1.6000000000000012
    vertex 0.5795554957734326 -3.8447085729384822 7.600000000000001
    vertex 0.5795554957734326 -3.8447085729384822 1.6000000000000012
  endloop
endfacet
facet normal -0.9238795325112881 -0.3826834323650867 0.0
  outer loop
    vertex 0.5196152422706554 -3.699999999999995 7.600000000000001
    vertex 0.5795554957734326 -3.8447085729384822 1.6000000000000012
    vertex 0.5795554957734326 -3.8447085729384822 7.600000000000001
  endloop
endfacet
facet normal -0.9238795325112881 -0.3826834323650867 0.0
  outer loop
    vertex 0.5795554957734326 -3.8447085729384822 1.6000000000000012
    vertex 0.5196152422706554 -3.699999999999995 7.600000000000001
    vertex 0.5196152422706554 -3.699999999999995 1.6000000000000012
  endloop
endfacet
facet normal -0.7933533402912342 -0.6087614290087222 0.0
  outer loop
    vertex 0.42426406871192057 -3.5757359312880665 7.600000000000001
    vertex 0.5196152422706554 -3.699999999999995 1.6000000000000012
    vertex 0.5196152422706554 -3.699999999999995 7.600000000000001
  endloop
endfacet
facet normal -0.7933533402912342 -0.6087614290087222 0.0
  outer loop
    vertex 0.5196152422706554 -3.699999999999995 1.6000000000000012
    vertex 0.42426406871192057 -3.5757359312880665 7.600000000000001
    vertex 0.42426406871192057 -3.5757359312880665 1.6000000000000012
  endloop
endfacet
facet normal -0.6087614290087222 -0.7933533402912342 0.0
  outer loop
    vertex 0.42426406871192057 -3.5757359312880665 7.600000000000001
    vertex 0.2999999999999924 -3.4803847577293316 1.6000000000000012
    vertex 0.42426406871192057 -3.5757359312880665 1.6000000000000012
  endloop
endfacet
facet normal -0.6087614290087222 -0.7933533402912342 0.0
  outer loop
    vertex 0.2999999999999924 -3.4803847577293316 1.6000000000000012
    vertex 0.42426406871192057 -3.5757359312880665 7.600000000000001
    vertex 0.2999999999999924 -3.4803847577293316 7.600000000000001
  endloop
endfacet
facet normal -0.38268343236509433 -0.9238795325112849 0.0
  outer loop
    vertex 0.2999999999999924 -3.4803847577293316 7.600000000000001
    vertex 0.15529142706150492 -3.420444504226553 1.6000000000000012
    vertex 0.2999999999999924 -3.4803847577293316 1.6000000000000012
  endloop
endfacet
facet normal -0.38268343236509433 -0.9238795325112849 0.0
  outer loop
    vertex 0.15529142706150492 -3.420444504226553 1.6000000000000012
    vertex 0.2999999999999924 -3.4803847577293316 7.600000000000001
    vertex 0.15529142706150492 -3.420444504226553 7.600000000000001
  endloop
endfacet
facet normal -0.1305261922200528 -0.9914448613738103 0.0
  outer loop
    vertex 0.15529142706150492 -3.420444504226553 7.600000000000001
    vertex -8.459899447643692e-15 -3.3999999999999937 1.6000000000000012
    vertex 0.15529142706150492 -3.420444504226553 1.6000000000000012
  endloop
endfacet
facet normal -0.1305261922200528 -0.9914448613738103 0.0
  outer loop
    vertex -8.459899447643692e-15 -3.3999999999999937 1.6000000000000012
    vertex 0.15529142706150492 -3.420444504226553 7.600000000000001
    vertex -8.459899447643692e-15 -3.3999999999999937 7.600000000000001
  endloop
endfacet
facet normal 0.13052619222005393 -0.9914448613738103 0.0
  outer loop
    vertex -8.459899447643692e-15 -3.3999999999999937 7.600000000000001
    vertex -0.15529142706152044 -3.420444504226553 1.6000000000000012
    vertex -8.459899447643692e-15 -3.3999999999999937 1.6000000000000012
  endloop
endfacet
facet normal 0.13052619222005393 -0.9914448613738103 0.0
  outer loop
    vertex -0.15529142706152044 -3.420444504226553 1.6000000000000012
    vertex -8.459899447643692e-15 -3.3999999999999937 7.600000000000001
    vertex -0.15529142706152044 -3.420444504226553 7.600000000000001
  endloop
endfacet
facet normal 0.3826834323650867 -0.9238795325112881 0.0
  outer loop
    vertex -0.15529142706152044 -3.420444504226553 7.600000000000001
    vertex -0.3000000000000079 -3.4803847577293303 1.6000000000000012
    vertex -0.15529142706152044 -3.420444504226553 1.6000000000000012
  endloop
endfacet
facet normal 0.3826834323650867 -0.9238795325112881 0.0
  outer loop
    vertex -0.3000000000000079 -3.4803847577293303 1.6000000000000012
    vertex -0.15529142706152044 -3.420444504226553 7.600000000000001
    vertex -0.3000000000000079 -3.4803847577293303 7.600000000000001
  endloop
endfacet
facet normal 0.6087614290087235 -0.7933533402912331 0.0
  outer loop
    vertex -0.3000000000000079 -3.4803847577293303 7.600000000000001
    vertex -0.42426406871193745 -3.5757359312880665 1.6000000000000012
    vertex -0.3000000000000079 -3.4803847577293303 1.6000000000000012
  endloop
endfacet
facet normal 0.6087614290087235 -0.7933533402912331 0.0
  outer loop
    vertex -0.42426406871193745 -3.5757359312880665 1.6000000000000012
    vertex -0.3000000000000079 -3.4803847577293303 7.600000000000001
    vertex -0.42426406871193745 -3.5757359312880665 7.600000000000001
  endloop
endfacet
facet normal 0.7933533402912385 -0.6087614290087165 0.0
  outer loop
    vertex -0.42426406871193745 -3.5757359312880665 1.6000000000000012
    vertex -0.5196152422706708 -3.699999999999995 7.600000000000001
    vertex -0.5196152422706708 -3.699999999999995 1.6000000000000012
  endloop
endfacet
facet normal 0.7933533402912385 -0.6087614290087165 0.0
  outer loop
    vertex -0.5196152422706708 -3.699999999999995 7.600000000000001
    vertex -0.42426406871193745 -3.5757359312880665 1.6000000000000012
    vertex -0.42426406871193745 -3.5757359312880665 7.600000000000001
  endloop
endfacet
facet normal 0.9238795325112849 -0.38268343236509433 0.0
  outer loop
    vertex -0.5196152422706708 -3.699999999999995 1.6000000000000012
    vertex -0.5795554957734494 -3.8447085729384822 7.600000000000001
    vertex -0.5795554957734494 -3.8447085729384822 1.6000000000000012
  endloop
endfacet
facet normal 0.9238795325112849 -0.38268343236509433 0.0
  outer loop
    vertex -0.5795554957734494 -3.8447085729384822 7.600000000000001
    vertex -0.5196152422706708 -3.699999999999995 1.6000000000000012
    vertex -0.5196152422706708 -3.699999999999995 7.600000000000001
  endloop
endfacet
facet normal 0.9914448613738103 -0.13052619222005393 0.0
  outer loop
    vertex -0.5795554957734494 -3.8447085729384822 1.6000000000000012
    vertex -0.6000000000000087 -3.9999999999999942 7.600000000000001
    vertex -0.6000000000000087 -3.9999999999999942 1.6000000000000012
  endloop
endfacet
facet normal 0.9914448613738103 -0.13052619222005393 0.0
  outer loop
    vertex -0.6000000000000087 -3.9999999999999942 7.600000000000001
    vertex -0.5795554957734494 -3.8447085729384822 1.6000000000000012
    vertex -0.5795554957734494 -3.8447085729384822 7.600000000000001
  endloop
endfacet
facet normal -0.3826834323650901 -0.9238795325112867 0.0
  outer loop
    vertex 3.8641016151377516 2.6928203230275414 0.8000000000000006
    vertex 3.671156851219767 2.772740661031246 7.049916206369744e-16
    vertex 3.8641016151377516 2.6928203230275414 7.049916206369744e-16
  endloop
endfacet
facet normal -0.3826834323650901 -0.9238795325112867 0.0
  outer loop
    vertex 3.671156851219767 2.772740661031246 7.049916206369744e-16
    vertex 3.8641016151377516 2.6928203230275414 0.8000000000000006
    vertex 3.671156851219767 2.772740661031246 0.8000000000000006
  endloop
endfacet
facet normal -0.13052619222004952 -0.9914448613738107 0.0
  outer loop
    vertex 3.671156851219767 2.772740661031246 0.8000000000000006
    vertex 3.464101615137751 2.7999999999999905 7.049916206369744e-16
    vertex 3.671156851219767 2.772740661031246 7.049916206369744e-16
  endloop
endfacet
facet normal -0.13052619222004952 -0.9914448613738107 0.0
  outer loop
    vertex 3.464101615137751 2.7999999999999905 7.049916206369744e-16
    vertex 3.671156851219767 2.772740661031246 0.8000000000000006
    vertex 3.464101615137751 2.7999999999999905 0.8000000000000006
  endloop
endfacet
facet normal 0.13052619222005526 -0.99144486137381 0.0
  outer loop
    vertex 3.464101615137751 2.7999999999999905 0.8000000000000006
    vertex 3.257046379055734 2.7727406610312446 7.049916206369744e-16
    vertex 3.464101615137751 2.7999999999999905 7.049916206369744e-16
  endloop
endfacet
facet normal 0.13052619222005526 -0.99144486137381 0.0
  outer loop
    vertex 3.257046379055734 2.7727406610312446 7.049916206369744e-16
    vertex 3.464101615137751 2.7999999999999905 0.8000000000000006
    vertex 3.257046379055734 2.7727406610312446 0.8000000000000006
  endloop
endfacet
facet normal 0.3826834323650867 -0.9238795325112881 0.0
  outer loop
    vertex 3.257046379055734 2.7727406610312446 0.8000000000000006
    vertex 3.0641016151377505 2.6928203230275414 7.049916206369744e-16
    vertex 3.257046379055734 2.7727406610312446 7.049916206369744e-16
  endloop
endfacet
facet normal 0.3826834323650867 -0.9238795325112881 0.0
  outer loop
    vertex 3.0641016151377505 2.6928203230275414 7.049916206369744e-16
    vertex 3.257046379055734 2.7727406610312446 0.8000000000000006
    vertex 3.0641016151377505 2.6928203230275414 0.8000000000000006
  endloop
endfacet
facet normal 0.6087614290087253 -0.7933533402912316 1.123749181892032e-15
  outer loop
    vertex 3.0641016151377505 2.6928203230275414 0.8000000000000006
    vertex 2.8984161901885135 2.565685424949227 7.049916206369744e-16
    vertex 3.0641016151377505 2.6928203230275414 7.049916206369744e-16
  endloop
endfacet
facet normal 0.6087614290087253 -0.7933533402912316 1.123749181892032e-15
  outer loop
    vertex 2.8984161901885135 2.565685424949227 7.049916206369744e-16
    vertex 3.0641016151377505 2.6928203230275414 0.8000000000000006
    vertex 2.8984161901885135 2.5656854249492285 0.8000000000000006
  endloop
endfacet
facet normal 0.7933533402912344 -0.6087614290087217 8.516376049234953e-16
  outer loop
    vertex 2.8984161901885135 2.565685424949227 7.049916206369744e-16
    vertex 2.7712812921102 2.39999999999999 0.8000000000000006
    vertex 2.7712812921102 2.39999999999999 7.049916206369744e-16
  endloop
endfacet
facet normal 0.7933533402912344 -0.6087614290087217 8.516376049234953e-16
  outer loop
    vertex 2.7712812921102 2.39999999999999 0.8000000000000006
    vertex 2.8984161901885135 2.565685424949227 7.049916206369744e-16
    vertex 2.8984161901885135 2.5656854249492285 0.8000000000000006
  endloop
endfacet
facet normal 0.9238795325112881 -0.3826834323650867 0.0
  outer loop
    vertex 2.7712812921102 2.39999999999999 7.049916206369744e-16
    vertex 2.6913609541064973 2.207055236082007 0.8000000000000006
    vertex 2.6913609541064973 2.207055236082007 7.049916206369744e-16
  endloop
endfacet
facet normal 0.9238795325112881 -0.3826834323650867 0.0
  outer loop
    vertex 2.6913609541064973 2.207055236082007 0.8000000000000006
    vertex 2.7712812921102 2.39999999999999 7.049916206369744e-16
    vertex 2.7712812921102 2.39999999999999 0.8000000000000006
  endloop
endfacet
facet normal 0.9914448613738107 -0.13052619222004952 0.0
  outer loop
    vertex 2.6913609541064973 2.207055236082007 7.049916206369744e-16
    vertex 2.6641016151377523 1.9999999999999907 0.8000000000000006
    vertex 2.6641016151377523 1.9999999999999907 7.049916206369744e-16
  endloop
endfacet
facet normal 0.9914448613738107 -0.13052619222004952 0.0
  outer loop
    vertex 2.6641016151377523 1.9999999999999907 0.8000000000000006
    vertex 2.6913609541064973 2.207055236082007 7.049916206369744e-16
    vertex 2.6913609541064973 2.207055236082007 0.8000000000000006
  endloop
endfacet
facet normal 0.9914448613738109 0.1305261922200486 0.0
  outer loop
    vertex 2.6641016151377523 1.9999999999999907 7.049916206369744e-16
    vertex 2.6913609541064973 1.7929447639179734 0.8000000000000006
    vertex 2.6913609541064973 1.7929447639179734 7.049916206369744e-16
  endloop
endfacet
facet normal 0.9914448613738109 0.1305261922200486 0.0
  outer loop
    vertex 2.6913609541064973 1.7929447639179734 0.8000000000000006
    vertex 2.6641016151377523 1.9999999999999907 7.049916206369744e-16
    vertex 2.6641016151377523 1.9999999999999907 0.8000000000000006
  endloop
endfacet
facet normal 0.9238795325112857 0.38268343236509256 0.0
  outer loop
    vertex 2.6913609541064973 1.7929447639179734 7.049916206369744e-16
    vertex 2.7712812921102015 1.59999999999999 0.8000000000000006
    vertex 2.7712812921102015 1.59999999999999 7.049916206369744e-16
  endloop
endfacet
facet normal 0.9238795325112857 0.38268343236509256 0.0
  outer loop
    vertex 2.7712812921102015 1.59999999999999 0.8000000000000006
    vertex 2.6913609541064973 1.7929447639179734 7.049916206369744e-16
    vertex 2.6913609541064973 1.7929447639179734 0.8000000000000006
  endloop
endfacet
facet normal 0.7933533402912332 0.6087614290087232 0.0
  outer loop
    vertex 2.7712812921102015 1.59999999999999 7.049916206369744e-16
    vertex 2.898416190188515 1.4343145750507529 0.8000000000000006
    vertex 2.898416190188515 1.4343145750507529 7.049916206369744e-16
  endloop
endfacet
facet normal 0.7933533402912332 0.6087614290087232 0.0
  outer loop
    vertex 2.898416190188515 1.4343145750507529 0.8000000000000006
    vertex 2.7712812921102015 1.59999999999999 7.049916206369744e-16
    vertex 2.7712812921102015 1.59999999999999 0.8000000000000006
  endloop
endfacet
facet normal 0.60876142900872 0.7933533402912357 0.0
  outer loop
    vertex 2.898416190188515 1.4343145750507529 0.8000000000000006
    vertex 3.064101615137753 1.30717967697244 7.049916206369744e-16
    vertex 2.898416190188515 1.4343145750507529 7.049916206369744e-16
  endloop
endfacet
facet normal 0.60876142900872 0.7933533402912357 0.0
  outer loop
    vertex 3.064101615137753 1.30717967697244 7.049916206369744e-16
    vertex 2.898416190188515 1.4343145750507529 0.8000000000000006
    vertex 3.064101615137753 1.30717967697244 0.8000000000000006
  endloop
endfacet
facet normal 0.38268343236509256 0.9238795325112857 0.0
  outer loop
    vertex 3.064101615137753 1.30717967697244 0.8000000000000006
    vertex 3.2570463790557365 1.2272593389687356 7.049916206369744e-16
    vertex 3.064101615137753 1.30717967697244 7.049916206369744e-16
  endloop
endfacet
facet normal 0.38268343236509256 0.9238795325112857 0.0
  outer loop
    vertex 3.2570463790557365 1.2272593389687356 7.049916206369744e-16
    vertex 3.064101615137753 1.30717967697244 0.8000000000000006
    vertex 3.2570463790557365 1.2272593389687356 0.8000000000000006
  endloop
endfacet
facet normal 0.1305261922200486 0.9914448613738109 0.0
  outer loop
    vertex 3.2570463790557365 1.2272593389687356 0.8000000000000006
    vertex 3.464101615137754 1.1999999999999909 7.049916206369744e-16
    vertex 3.2570463790557365 1.2272593389687356 7.049916206369744e-16
  endloop
endfacet
facet normal 0.1305261922200486 0.9914448613738109 0.0
  outer loop
    vertex 3.464101615137754 1.1999999999999909 7.049916206369744e-16
    vertex 3.2570463790557365 1.2272593389687356 0.8000000000000006
    vertex 3.464101615137754 1.1999999999999909 0.8000000000000006
  endloop
endfacet
facet normal -0.13052619222005615 0.9914448613738098 0.0
  outer loop
    vertex 3.464101615137754 1.1999999999999909 0.8000000000000006
    vertex 3.6711568512197696 1.227259338968737 7.049916206369744e-16
    vertex 3.464101615137754 1.1999999999999909 7.049916206369744e-16
  endloop
endfacet
facet normal -0.13052619222005615 0.9914448613738098 0.0
  outer loop
    vertex 3.6711568512197696 1.227259338968737 7.049916206369744e-16
    vertex 3.464101615137754 1.1999999999999909 0.8000000000000006
    vertex 3.6711568512197696 1.227259338968737 0.8000000000000006
  endloop
endfacet
facet normal -0.3826834323650867 0.9238795325112881 0.0
  outer loop
    vertex 3.6711568512197696 1.227259338968737 0.8000000000000006
    vertex 3.864101615137753 1.30717967697244 7.049916206369744e-16
    vertex 3.6711568512197696 1.227259338968737 7.049916206369744e-16
  endloop
endfacet
facet normal -0.3826834323650867 0.9238795325112881 0.0
  outer loop
    vertex 3.864101615137753 1.30717967697244 7.049916206369744e-16
    vertex 3.6711568512197696 1.227259338968737 0.8000000000000006
    vertex 3.864101615137753 1.30717967697244 0.8000000000000006
  endloop
endfacet
facet normal -0.60876142900872 0.7933533402912357 0.0
  outer loop
    vertex 3.864101615137753 1.30717967697244 0.8000000000000006
    vertex 4.029787040086991 1.4343145750507529 7.049916206369744e-16
    vertex 3.864101615137753 1.30717967697244 7.049916206369744e-16
  endloop
endfacet
facet normal -0.60876142900872 0.7933533402912357 0.0
  outer loop
    vertex 4.029787040086991 1.4343145750507529 7.049916206369744e-16
    vertex 3.864101615137753 1.30717967697244 0.8000000000000006
    vertex 4.029787040086991 1.4343145750507529 0.8000000000000006
  endloop
endfacet
facet normal -0.7933533402912357 0.60876142900872 0.0
  outer loop
    vertex 4.156921938165304 1.5999999999999914 0.8000000000000006
    vertex 4.029787040086991 1.4343145750507529 7.049916206369744e-16
    vertex 4.029787040086991 1.4343145750507529 0.8000000000000006
  endloop
endfacet
facet normal -0.7933533402912357 0.60876142900872 0.0
  outer loop
    vertex 4.029787040086991 1.4343145750507529 7.049916206369744e-16
    vertex 4.156921938165304 1.5999999999999914 0.8000000000000006
    vertex 4.156921938165304 1.5999999999999914 7.049916206369744e-16
  endloop
endfacet
facet normal -0.9238795325112881 0.3826834323650867 0.0
  outer loop
    vertex 4.236842276169008 1.7929447639179747 0.8000000000000006
    vertex 4.156921938165304 1.5999999999999914 7.049916206369744e-16
    vertex 4.156921938165304 1.5999999999999914 0.8000000000000006
  endloop
endfacet
facet normal -0.9238795325112881 0.3826834323650867 0.0
  outer loop
    vertex 4.156921938165304 1.5999999999999914 7.049916206369744e-16
    vertex 4.236842276169008 1.7929447639179747 0.8000000000000006
    vertex 4.236842276169008 1.7929447639179747 7.049916206369744e-16
  endloop
endfacet
facet normal -0.9914448613738109 0.1305261922200486 0.0
  outer loop
    vertex 4.264101615137752 1.999999999999992 0.8000000000000006
    vertex 4.236842276169008 1.7929447639179747 7.049916206369744e-16
    vertex 4.236842276169008 1.7929447639179747 0.8000000000000006
  endloop
endfacet
facet normal -0.9914448613738109 0.1305261922200486 0.0
  outer loop
    vertex 4.236842276169008 1.7929447639179747 7.049916206369744e-16
    vertex 4.264101615137752 1.999999999999992 0.8000000000000006
    vertex 4.264101615137752 1.999999999999992 7.049916206369744e-16
  endloop
endfacet
facet normal -0.9914448613738107 -0.13052619222004952 0.0
  outer loop
    vertex 4.236842276169008 2.207055236082008 0.8000000000000006
    vertex 4.264101615137752 1.999999999999992 7.049916206369744e-16
    vertex 4.264101615137752 1.999999999999992 0.8000000000000006
  endloop
endfacet
facet normal -0.9914448613738107 -0.13052619222004952 0.0
  outer loop
    vertex 4.264101615137752 1.999999999999992 7.049916206369744e-16
    vertex 4.236842276169008 2.207055236082008 0.8000000000000006
    vertex 4.236842276169008 2.207055236082008 7.049916206369744e-16
  endloop
endfacet
facet normal -0.9238795325112857 -0.38268343236509256 0.0
  outer loop
    vertex 4.156921938165303 2.3999999999999915 0.8000000000000006
    vertex 4.236842276169008 2.207055236082008 7.049916206369744e-16
    vertex 4.236842276169008 2.207055236082008 0.8000000000000006
  endloop
endfacet
facet normal -0.9238795325112857 -0.38268343236509256 0.0
  outer loop
    vertex 4.236842276169008 2.207055236082008 7.049916206369744e-16
    vertex 4.156921938165303 2.3999999999999915 0.8000000000000006
    vertex 4.156921938165303 2.3999999999999915 7.049916206369744e-16
  endloop
endfacet
facet normal -0.7933533402912332 -0.6087614290087232 0.0
  outer loop
    vertex 4.02978704008699 2.5656854249492285 0.8000000000000006
    vertex 4.156921938165303 2.3999999999999915 7.049916206369744e-16
    vertex 4.156921938165303 2.3999999999999915 0.8000000000000006
  endloop
endfacet
facet normal -0.7933533402912332 -0.6087614290087232 0.0
  outer loop
    vertex 4.156921938165303 2.3999999999999915 7.049916206369744e-16
    vertex 4.02978704008699 2.5656854249492285 0.8000000000000006
    vertex 4.02978704008699 2.5656854249492285 7.049916206369744e-16
  endloop
endfacet
facet normal -0.60876142900872 -0.7933533402912357 0.0
  outer loop
    vertex 4.02978704008699 2.5656854249492285 0.8000000000000006
    vertex 3.8641016151377516 2.6928203230275414 7.049916206369744e-16
    vertex 4.02978704008699 2.5656854249492285 7.049916206369744e-16
  endloop
endfacet
facet normal -0.60876142900872 -0.7933533402912357 0.0
  outer loop
    vertex 3.8641016151377516 2.6928203230275414 7.049916206369744e-16
    vertex 4.02978704008699 2.5656854249492285 0.8000000000000006
    vertex 3.8641016151377516 2.6928203230275414 0.8000000000000006
  endloop
endfacet
facet normal -0.3932682623678716 0.5885675477331762 0.7063485793639782
  outer loop
    vertex -3.7621456312740142 4.90292364299975 1.6000000000000012
    vertex -3.4500000000001045 5.975575286112575 0.8800000000000003
    vertex -4.200453860160268 5.4741380480094595 0.8800000000000003
  endloop
endfacet
facet normal -0.3932682623678716 0.5885675477331762 0.7063485793639782
  outer loop
    vertex -3.4500000000001045 5.975575286112575 0.8800000000000003
    vertex -3.7621456312740142 4.90292364299975 1.6000000000000012
    vertex -3.090000000000131 5.3520369953877625 1.6000000000000012
  endloop
endfacet
facet normal -0.4667272787359395 0.5322004619635677 0.7063485793639779
  outer loop
    vertex -4.369919907732971 4.3699199077327675 1.6000000000000012
    vertex -4.200453860160268 5.4741380480094595 0.8800000000000003
    vertex -4.879036790187263 4.8790367901871035 0.8800000000000003
  endloop
endfacet
facet normal -0.4667272787359395 0.5322004619635677 0.7063485793639779
  outer loop
    vertex -4.200453860160268 5.4741380480094595 0.8800000000000003
    vertex -4.369919907732971 4.3699199077327675 1.6000000000000012
    vertex -3.7621456312740142 4.90292364299975 1.6000000000000012
  endloop
endfacet
facet normal -0.7063485793639767 -0.04629653184615315 0.7063485793639782
  outer loop
    vertex -6.840969543479286 -0.9006307263184584 0.8800000000000003
    vertex -6.180000000000007 -1.4099832412739488e-13 1.6000000000000012
    vertex -6.900000000000008 -1.0292877661299825e-13 0.8800000000000003
  endloop
endfacet
facet normal -0.7063485793639767 -0.04629653184615315 0.7063485793639782
  outer loop
    vertex -6.180000000000007 -1.4099832412739488e-13 1.6000000000000012
    vertex -6.840969543479286 -0.9006307263184584 0.8800000000000003
    vertex -6.127129243290136 -0.8066518679200574 1.6000000000000012
  endloop
endfacet
facet normal -0.7063485793639784 0.046296531846126 0.7063485793639782
  outer loop
    vertex -6.127129243290174 0.806651867919781 1.6000000000000012
    vertex -6.900000000000008 -1.0292877661299825e-13 0.8800000000000003
    vertex -6.180000000000007 -1.4099832412739488e-13 1.6000000000000012
  endloop
endfacet
facet normal -0.7063485793639784 0.046296531846126 0.7063485793639782
  outer loop
    vertex -6.900000000000008 -1.0292877661299825e-13 0.8800000000000003
    vertex -6.127129243290174 0.806651867919781 1.6000000000000012
    vertex -6.840969543479313 0.9006307263182554 0.8800000000000003
  endloop
endfacet
facet normal -0.46672727873591896 -0.5322004619635855 0.7063485793639781
  outer loop
    vertex -4.200453860160093 -5.4741380480095865 0.8800000000000003
    vertex -4.369919907732769 -4.369919907732961 1.6000000000000012
    vertex -4.879036790187107 -4.879036790187252 0.8800000000000003
  endloop
endfacet
facet normal -0.46672727873591896 -0.5322004619635855 0.7063485793639781
  outer loop
    vertex -4.369919907732769 -4.369919907732961 1.6000000000000012
    vertex -4.200453860160093 -5.4741380480095865 0.8800000000000003
    vertex -3.762145631273786 -4.902923642999916 1.6000000000000012
  endloop
endfacet
facet normal -0.532200461963568 -0.46672727873593933 0.7063485793639778
  outer loop
    vertex -4.879036790187107 -4.879036790187252 0.8800000000000003
    vertex -4.902923642999752 -3.7621456312740036 1.6000000000000012
    vertex -5.474138048009464 -4.2004538601602555 0.8800000000000003
  endloop
endfacet
facet normal -0.532200461963568 -0.46672727873593933 0.7063485793639778
  outer loop
    vertex -4.902923642999752 -3.7621456312740036 1.6000000000000012
    vertex -4.879036790187107 -4.879036790187252 0.8800000000000003
    vertex -4.369919907732769 -4.369919907732961 1.6000000000000012
  endloop
endfacet
facet normal -0.5885675477331763 -0.3932682623678719 0.706348579363978
  outer loop
    vertex -5.474138048009464 -4.2004538601602555 0.8800000000000003
    vertex -5.352036995387765 -3.09000000000012 1.6000000000000012
    vertex -5.97557528611258 -3.4500000000000903 0.8800000000000003
  endloop
endfacet
facet normal -0.5885675477331763 -0.3932682623678719 0.706348579363978
  outer loop
    vertex -5.352036995387765 -3.09000000000012 1.6000000000000012
    vertex -5.474138048009464 -4.2004538601602555 0.8800000000000003
    vertex -4.902923642999752 -3.7621456312740036 1.6000000000000012
  endloop
endfacet
facet normal -0.6348640795793167 -0.31308031699612965 0.7063485793639782
  outer loop
    vertex -5.97557528611258 -3.4500000000000903 0.8800000000000003
    vertex -5.709575510919704 -2.364983612016384 1.6000000000000012
    vertex -6.374768774327846 -2.6405156833192156 0.8800000000000003
  endloop
endfacet
facet normal -0.6348640795793167 -0.31308031699612965 0.7063485793639782
  outer loop
    vertex -5.709575510919704 -2.364983612016384 1.6000000000000012
    vertex -5.97557528611258 -3.4500000000000903 0.8800000000000003
    vertex -5.352036995387765 -3.09000000000012 1.6000000000000012
  endloop
endfacet
facet normal -0.6702979110062791 -0.22753548059831943 0.7063485793639782
  outer loop
    vertex -6.374768774327846 -2.6405156833192156 0.8800000000000003
    vertex -5.969421606466411 -1.5995016987337147 1.6000000000000012
    vertex -6.664888201394551 -1.7858514112074935 0.8800000000000003
  endloop
endfacet
facet normal -0.6702979110062791 -0.22753548059831943 0.7063485793639782
  outer loop
    vertex -5.969421606466411 -1.5995016987337147 1.6000000000000012
    vertex -6.374768774327846 -2.6405156833192156 0.8800000000000003
    vertex -5.709575510919704 -2.364983612016384 1.6000000000000012
  endloop
endfacet
facet normal -0.6942627593342334 -0.13809744904271948 0.7063485793639781
  outer loop
    vertex -6.664888201394551 -1.7858514112074935 0.8800000000000003
    vertex -6.127129243290136 -0.8066518679200574 1.6000000000000012
    vertex -6.840969543479286 -0.9006307263184584 0.8800000000000003
  endloop
endfacet
facet normal -0.6942627593342334 -0.13809744904271948 0.7063485793639781
  outer loop
    vertex -6.127129243290136 -0.8066518679200574 1.6000000000000012
    vertex -6.664888201394551 -1.7858514112074935 0.8800000000000003
    vertex -5.969421606466411 -1.5995016987337147 1.6000000000000012
  endloop
endfacet
facet normal 0.04629653184615466 -0.7063485793639774 0.7063485793639773
  outer loop
    vertex 0.8066518679200799 -6.127129243290121 1.6000000000000012
    vertex 1.0151879337172431e-13 -6.899999999999996 0.8800000000000003
    vertex 0.9006307263184881 -6.84096954347927 0.8800000000000003
  endloop
endfacet
facet normal 0.04629653184615466 -0.7063485793639774 0.7063485793639773
  outer loop
    vertex 1.0151879337172431e-13 -6.899999999999996 0.8800000000000003
    vertex 0.8066518679200799 -6.127129243290121 1.6000000000000012
    vertex 1.6355805598777804e-13 -6.179999999999995 1.6000000000000012
  endloop
endfacet
facet normal 0.6702979110062786 0.22753548059832165 0.7063485793639781
  outer loop
    vertex 5.969421606466394 1.5995016987337338 1.6000000000000012
    vertex 6.374768774327825 2.6405156833192396 0.8800000000000003
    vertex 5.709575510919686 2.3649836120164034 1.6000000000000012
  endloop
endfacet
facet normal 0.6702979110062786 0.22753548059832165 0.7063485793639781
  outer loop
    vertex 6.374768774327825 2.6405156833192396 0.8800000000000003
    vertex 5.969421606466394 1.5995016987337338 1.6000000000000012
    vertex 6.664888201394532 1.7858514112075201 0.8800000000000003
  endloop
endfacet
facet normal 0.5322004619635881 -0.4667272787359163 0.7063485793639781
  outer loop
    vertex 4.879036790187267 -4.8790367901870795 0.8800000000000003
    vertex 4.902923642999925 -3.762145631273759 1.6000000000000012
    vertex 4.369919907732974 -4.369919907732743 1.6000000000000012
  endloop
endfacet
facet normal 0.5322004619635881 -0.4667272787359163 0.7063485793639781
  outer loop
    vertex 4.902923642999925 -3.762145631273759 1.6000000000000012
    vertex 4.879036790187267 -4.8790367901870795 0.8800000000000003
    vertex 5.474138048009598 -4.200453860160062 0.8800000000000003
  endloop
endfacet
facet normal 0.5885675477331922 -0.39326826236784784 0.7063485793639782
  outer loop
    vertex 5.474138048009598 -4.200453860160062 0.8800000000000003
    vertex 5.352036995387905 -3.0899999999998546 1.6000000000000012
    vertex 4.902923642999925 -3.762145631273759 1.6000000000000012
  endloop
endfacet
facet normal 0.5885675477331922 -0.39326826236784784 0.7063485793639782
  outer loop
    vertex 5.352036995387905 -3.0899999999998546 1.6000000000000012
    vertex 5.474138048009598 -4.200453860160062 0.8800000000000003
    vertex 5.975575286112687 -3.4499999999998807 0.8800000000000003
  endloop
endfacet
facet normal -0.22753548059829265 -0.6702979110062884 0.7063485793639779
  outer loop
    vertex -1.785851411207296 -6.664888201394596 0.8800000000000003
    vertex -2.364983612016102 -5.709575510919813 1.6000000000000012
    vertex -2.640515683319026 -6.374768774327917 0.8800000000000003
  endloop
endfacet
facet normal -0.22753548059829265 -0.6702979110062884 0.7063485793639779
  outer loop
    vertex -2.364983612016102 -5.709575510919813 1.6000000000000012
    vertex -1.785851411207296 -6.664888201394596 0.8800000000000003
    vertex -1.5995016987334194 -5.969421606466481 1.6000000000000012
  endloop
endfacet
facet normal 0.5322004619635667 0.46672727873594005 0.7063485793639783
  outer loop
    vertex 4.902923642999733 3.76214563127402 1.6000000000000012
    vertex 4.879036790187085 4.8790367901872695 0.8800000000000003
    vertex 4.369919907732748 4.3699199077329745 1.6000000000000012
  endloop
endfacet
facet normal 0.5322004619635667 0.46672727873594005 0.7063485793639783
  outer loop
    vertex 4.879036790187085 4.8790367901872695 0.8800000000000003
    vertex 4.902923642999733 3.76214563127402 1.6000000000000012
    vertex 5.47413804800944 4.200453860160276 0.8800000000000003
  endloop
endfacet
facet normal 0.4667272787359177 0.5322004619635864 0.7063485793639782
  outer loop
    vertex 4.369919907732748 4.3699199077329745 1.6000000000000012
    vertex 4.200453860160068 5.474138048009601 0.8800000000000003
    vertex 3.7621456312737647 4.90292364299993 1.6000000000000012
  endloop
endfacet
facet normal 0.4667272787359177 0.5322004619635864 0.7063485793639782
  outer loop
    vertex 4.200453860160068 5.474138048009601 0.8800000000000003
    vertex 4.369919907732748 4.3699199077329745 1.6000000000000012
    vertex 4.879036790187085 4.8790367901872695 0.8800000000000003
  endloop
endfacet
facet normal 0.6348640795793302 -0.31308031699610267 0.7063485793639781
  outer loop
    vertex 5.975575286112687 -3.4499999999998807 0.8800000000000003
    vertex 5.709575510919807 -2.364983612016101 1.6000000000000012
    vertex 5.352036995387905 -3.0899999999998546 1.6000000000000012
  endloop
endfacet
facet normal 0.6348640795793302 -0.31308031699610267 0.7063485793639781
  outer loop
    vertex 5.709575510919807 -2.364983612016101 1.6000000000000012
    vertex 5.975575286112687 -3.4499999999998807 0.8800000000000003
    vertex 6.37476877432792 -2.6405156833189927 0.8800000000000003
  endloop
endfacet
facet normal 0.13809744904272261 -0.6942627593342329 0.706348579363978
  outer loop
    vertex 0.9006307263184881 -6.84096954347927 0.8800000000000003
    vertex 1.5995016987337338 -5.969421606466394 1.6000000000000012
    vertex 0.8066518679200799 -6.127129243290121 1.6000000000000012
  endloop
endfacet
facet normal 0.13809744904272261 -0.6942627593342329 0.706348579363978
  outer loop
    vertex 1.5995016987337338 -5.969421606466394 1.6000000000000012
    vertex 0.9006307263184881 -6.84096954347927 0.8800000000000003
    vertex 1.7858514112075217 -6.664888201394532 0.8800000000000003
  endloop
endfacet
facet normal 0.39326826236784895 0.5885675477331919 0.7063485793639779
  outer loop
    vertex 3.7621456312737647 4.90292364299993 1.6000000000000012
    vertex 3.449999999999889 5.975575286112694 0.8800000000000003
    vertex 3.0899999999998613 5.352036995387911 1.6000000000000012
  endloop
endfacet
facet normal 0.39326826236784895 0.5885675477331919 0.7063485793639779
  outer loop
    vertex 3.449999999999889 5.975575286112694 0.8800000000000003
    vertex 3.7621456312737647 4.90292364299993 1.6000000000000012
    vertex 4.200453860160068 5.474138048009601 0.8800000000000003
  endloop
endfacet
facet normal 0.6702979110062885 -0.22753548059829257 0.706348579363978
  outer loop
    vertex 6.37476877432792 -2.6405156833189927 0.8800000000000003
    vertex 5.969421606466476 -1.5995016987334185 1.6000000000000012
    vertex 5.709575510919807 -2.364983612016101 1.6000000000000012
  endloop
endfacet
facet normal 0.6702979110062885 -0.22753548059829257 0.706348579363978
  outer loop
    vertex 5.969421606466476 -1.5995016987334185 1.6000000000000012
    vertex 6.37476877432792 -2.6405156833189927 0.8800000000000003
    vertex 6.664888201394599 -1.785851411207262 0.8800000000000003
  endloop
endfacet
facet normal 0.3130803169961316 -0.6348640795793157 0.7063485793639782
  outer loop
    vertex 2.640515683319241 -6.374768774327822 0.8800000000000003
    vertex 3.0900000000001366 -5.352036995387743 1.6000000000000012
    vertex 2.364983612016402 -5.7095755109196835 1.6000000000000012
  endloop
endfacet
facet normal 0.3130803169961316 -0.6348640795793157 0.7063485793639782
  outer loop
    vertex 3.0900000000001366 -5.352036995387743 1.6000000000000012
    vertex 2.640515683319241 -6.374768774327822 0.8800000000000003
    vertex 3.450000000000112 -5.975575286112554 0.8800000000000003
  endloop
endfacet
facet normal 0.3130803169961037 0.6348640795793294 0.7063485793639781
  outer loop
    vertex 3.0899999999998613 5.352036995387911 1.6000000000000012
    vertex 2.640515683319003 6.374768774327929 0.8800000000000003
    vertex 2.364983612016109 5.709575510919813 1.6000000000000012
  endloop
endfacet
facet normal 0.3130803169961037 0.6348640795793294 0.7063485793639781
  outer loop
    vertex 2.640515683319003 6.374768774327929 0.8800000000000003
    vertex 3.0899999999998613 5.352036995387911 1.6000000000000012
    vertex 3.449999999999889 5.975575286112694 0.8800000000000003
  endloop
endfacet
facet normal 0.6942627593342389 -0.13809744904269108 0.7063485793639782
  outer loop
    vertex 6.664888201394599 -1.785851411207262 0.8800000000000003
    vertex 6.127129243290162 -0.8066518679197571 1.6000000000000012
    vertex 5.969421606466476 -1.5995016987334185 1.6000000000000012
  endloop
endfacet
facet normal 0.6942627593342389 -0.13809744904269108 0.7063485793639782
  outer loop
    vertex 6.127129243290162 -0.8066518679197571 1.6000000000000012
    vertex 6.664888201394599 -1.785851411207262 0.8800000000000003
    vertex 6.840969543479304 -0.9006307263182229 0.8800000000000003
  endloop
endfacet
facet normal 0.22753548059829337 0.670297911006288 0.7063485793639782
  outer loop
    vertex 2.364983612016109 5.709575510919813 1.6000000000000012
    vertex 1.785851411207272 6.664888201394608 0.8800000000000003
    vertex 1.5995016987334263 5.969421606466485 1.6000000000000012
  endloop
endfacet
facet normal 0.22753548059829337 0.670297911006288 0.7063485793639782
  outer loop
    vertex 1.785851411207272 6.664888201394608 0.8800000000000003
    vertex 2.364983612016109 5.709575510919813 1.6000000000000012
    vertex 2.640515683319003 6.374768774327929 0.8800000000000003
  endloop
endfacet
facet normal 0.13809744904269255 0.6942627593342386 0.7063485793639782
  outer loop
    vertex 1.5995016987334263 5.969421606466485 1.6000000000000012
    vertex 0.9006307263182328 6.8409695434793125 0.8800000000000003
    vertex 0.8066518679197641 6.127129243290171 1.6000000000000012
  endloop
endfacet
facet normal 0.13809744904269255 0.6942627593342386 0.7063485793639782
  outer loop
    vertex 0.9006307263182328 6.8409695434793125 0.8800000000000003
    vertex 1.5995016987334263 5.969421606466485 1.6000000000000012
    vertex 1.785851411207272 6.664888201394608 0.8800000000000003
  endloop
endfacet
facet normal 0.04629653184612546 0.7063485793639782 0.7063485793639783
  outer loop
    vertex 0.8066518679197641 6.127129243290171 1.6000000000000012
    vertex -1.2266854199083353e-13 6.9000000000000075 0.8800000000000003
    vertex -1.5509815654013437e-13 6.180000000000005 1.6000000000000012
  endloop
endfacet
facet normal 0.04629653184612546 0.7063485793639782 0.7063485793639783
  outer loop
    vertex -1.2266854199083353e-13 6.9000000000000075 0.8800000000000003
    vertex 0.8066518679197641 6.127129243290171 1.6000000000000012
    vertex 0.9006307263182328 6.8409695434793125 0.8800000000000003
  endloop
endfacet
facet normal -0.046296531846153836 0.7063485793639767 0.7063485793639781
  outer loop
    vertex -0.8066518679200715 6.127129243290134 1.6000000000000012
    vertex -1.2266854199083353e-13 6.9000000000000075 0.8800000000000003
    vertex -0.9006307263184775 6.840969543479281 0.8800000000000003
  endloop
endfacet
facet normal -0.046296531846153836 0.7063485793639767 0.7063485793639781
  outer loop
    vertex -1.2266854199083353e-13 6.9000000000000075 0.8800000000000003
    vertex -0.8066518679200715 6.127129243290134 1.6000000000000012
    vertex -1.5509815654013437e-13 6.180000000000005 1.6000000000000012
  endloop
endfacet
facet normal -0.1380974490427203 0.6942627593342335 0.7063485793639778
  outer loop
    vertex -1.599501698733726 5.969421606466408 1.6000000000000012
    vertex -0.9006307263184775 6.840969543479281 0.8800000000000003
    vertex -1.7858514112075103 6.664888201394546 0.8800000000000003
  endloop
endfacet
facet normal -0.1380974490427203 0.6942627593342335 0.7063485793639778
  outer loop
    vertex -0.9006307263184775 6.840969543479281 0.8800000000000003
    vertex -1.599501698733726 5.969421606466408 1.6000000000000012
    vertex -0.8066518679200715 6.127129243290134 1.6000000000000012
  endloop
endfacet
facet normal -0.22753548059832007 0.6702979110062791 0.706348579363978
  outer loop
    vertex -2.364983612016395 5.7095755109197 1.6000000000000012
    vertex -1.7858514112075103 6.664888201394546 0.8800000000000003
    vertex -2.640515683319231 6.374768774327842 0.8800000000000003
  endloop
endfacet
facet normal -0.22753548059832007 0.6702979110062791 0.706348579363978
  outer loop
    vertex -1.7858514112075103 6.664888201394546 0.8800000000000003
    vertex -2.364983612016395 5.7095755109197 1.6000000000000012
    vertex -1.599501698733726 5.969421606466408 1.6000000000000012
  endloop
endfacet
facet normal -0.31308031699612915 0.6348640795793167 0.7063485793639784
  outer loop
    vertex -3.090000000000131 5.3520369953877625 1.6000000000000012
    vertex -2.640515683319231 6.374768774327842 0.8800000000000003
    vertex -3.4500000000001045 5.975575286112575 0.8800000000000003
  endloop
endfacet
facet normal -0.31308031699612915 0.6348640795793167 0.7063485793639784
  outer loop
    vertex -2.640515683319231 6.374768774327842 0.8800000000000003
    vertex -3.090000000000131 5.3520369953877625 1.6000000000000012
    vertex -2.364983612016395 5.7095755109197 1.6000000000000012
  endloop
endfacet
facet normal -0.6942627593342383 0.1380974490426937 0.7063485793639782
  outer loop
    vertex -6.127129243290174 0.806651867919781 1.6000000000000012
    vertex -6.664888201394606 1.785851411207296 0.8800000000000003
    vertex -6.840969543479313 0.9006307263182554 0.8800000000000003
  endloop
endfacet
facet normal -0.6942627593342383 0.1380974490426937 0.7063485793639782
  outer loop
    vertex -6.664888201394606 1.785851411207296 0.8800000000000003
    vertex -6.127129243290174 0.806651867919781 1.6000000000000012
    vertex -5.969421606466485 1.5995016987334432 1.6000000000000012
  endloop
endfacet
facet normal -0.6702979110062874 0.2275354805982941 0.7063485793639785
  outer loop
    vertex -5.969421606466485 1.5995016987334432 1.6000000000000012
    vertex -6.3747687743279275 2.6405156833190238 0.8800000000000003
    vertex -6.664888201394606 1.785851411207296 0.8800000000000003
  endloop
endfacet
facet normal -0.6702979110062874 0.2275354805982941 0.7063485793639785
  outer loop
    vertex -6.3747687743279275 2.6405156833190238 0.8800000000000003
    vertex -5.969421606466485 1.5995016987334432 1.6000000000000012
    vertex -5.709575510919813 2.364983612016127 1.6000000000000012
  endloop
endfacet
facet normal -0.634864079579329 0.3130803169961051 0.7063485793639781
  outer loop
    vertex -5.709575510919813 2.364983612016127 1.6000000000000012
    vertex -5.975575286112687 3.449999999999912 0.8800000000000003
    vertex -6.3747687743279275 2.6405156833190238 0.8800000000000003
  endloop
endfacet
facet normal -0.634864079579329 0.3130803169961051 0.7063485793639781
  outer loop
    vertex -5.975575286112687 3.449999999999912 0.8800000000000003
    vertex -5.709575510919813 2.364983612016127 1.6000000000000012
    vertex -5.352036995387909 3.08999999999988 1.6000000000000012
  endloop
endfacet
facet normal 0.3932682623678745 -0.5885675477331744 0.7063485793639783
  outer loop
    vertex 3.450000000000112 -5.975575286112554 0.8800000000000003
    vertex 3.762145631274017 -4.902923642999728 1.6000000000000012
    vertex 3.0900000000001366 -5.352036995387743 1.6000000000000012
  endloop
endfacet
facet normal 0.3932682623678745 -0.5885675477331744 0.7063485793639783
  outer loop
    vertex 3.762145631274017 -4.902923642999728 1.6000000000000012
    vertex 3.450000000000112 -5.975575286112554 0.8800000000000003
    vertex 4.200453860160274 -5.4741380480094355 0.8800000000000003
  endloop
endfacet
facet normal 0.4667272787359404 -0.5322004619635667 0.7063485793639781
  outer loop
    vertex 4.200453860160274 -5.4741380480094355 0.8800000000000003
    vertex 4.369919907732974 -4.369919907732743 1.6000000000000012
    vertex 3.762145631274017 -4.902923642999728 1.6000000000000012
  endloop
endfacet
facet normal 0.4667272787359404 -0.5322004619635667 0.7063485793639781
  outer loop
    vertex 4.369919907732974 -4.369919907732743 1.6000000000000012
    vertex 4.200453860160274 -5.4741380480094355 0.8800000000000003
    vertex 4.879036790187267 -4.8790367901870795 0.8800000000000003
  endloop
endfacet
facet normal 0.7063485793639787 -0.046296531846124055 0.7063485793639781
  outer loop
    vertex 6.899999999999996 1.3253842467975118e-13 0.8800000000000003
    vertex 6.127129243290162 -0.8066518679197571 1.6000000000000012
    vertex 6.840969543479304 -0.9006307263182229 0.8800000000000003
  endloop
endfacet
facet normal 0.7063485793639787 -0.046296531846124055 0.7063485793639781
  outer loop
    vertex 6.127129243290162 -0.8066518679197571 1.6000000000000012
    vertex 6.899999999999996 1.3253842467975118e-13 0.8800000000000003
    vertex 6.1799999999999935 1.6355805598777804e-13 1.6000000000000012
  endloop
endfacet
facet normal -0.13809744904269233 -0.6942627593342388 0.706348579363978
  outer loop
    vertex -0.9006307263182554 -6.840969543479303 0.8800000000000003
    vertex -1.5995016987334194 -5.969421606466481 1.6000000000000012
    vertex -1.785851411207296 -6.664888201394596 0.8800000000000003
  endloop
endfacet
facet normal -0.13809744904269233 -0.6942627593342388 0.706348579363978
  outer loop
    vertex -1.5995016987334194 -5.969421606466481 1.6000000000000012
    vertex -0.9006307263182554 -6.840969543479303 0.8800000000000003
    vertex -0.8066518679197571 -6.127129243290166 1.6000000000000012
  endloop
endfacet
facet normal 0.7063485793639765 0.04629653184615497 0.7063485793639782
  outer loop
    vertex 6.1799999999999935 1.6355805598777804e-13 1.6000000000000012
    vertex 6.84096954347927 0.9006307263184866 0.8800000000000003
    vertex 6.1271292432901205 0.8066518679200799 1.6000000000000012
  endloop
endfacet
facet normal 0.7063485793639765 0.04629653184615497 0.7063485793639782
  outer loop
    vertex 6.84096954347927 0.9006307263184866 0.8800000000000003
    vertex 6.1799999999999935 1.6355805598777804e-13 1.6000000000000012
    vertex 6.899999999999996 1.3253842467975118e-13 0.8800000000000003
  endloop
endfacet
facet normal -0.0462965318461241 -0.706348579363979 0.7063485793639777
  outer loop
    vertex 1.6355805598777804e-13 -6.179999999999995 1.6000000000000012
    vertex -0.9006307263182554 -6.840969543479303 0.8800000000000003
    vertex 1.0151879337172431e-13 -6.899999999999996 0.8800000000000003
  endloop
endfacet
facet normal -0.0462965318461241 -0.706348579363979 0.7063485793639777
  outer loop
    vertex -0.9006307263182554 -6.840969543479303 0.8800000000000003
    vertex 1.6355805598777804e-13 -6.179999999999995 1.6000000000000012
    vertex -0.8066518679197571 -6.127129243290166 1.6000000000000012
  endloop
endfacet
facet normal 0.6348640795793165 0.3130803169961303 0.706348579363978
  outer loop
    vertex 5.709575510919686 2.3649836120164034 1.6000000000000012
    vertex 5.975575286112558 3.450000000000112 0.8800000000000003
    vertex 5.352036995387746 3.090000000000138 1.6000000000000012
  endloop
endfacet
facet normal 0.6348640795793165 0.3130803169961303 0.706348579363978
  outer loop
    vertex 5.975575286112558 3.450000000000112 0.8800000000000003
    vertex 5.709575510919686 2.3649836120164034 1.6000000000000012
    vertex 6.374768774327825 2.6405156833192396 0.8800000000000003
  endloop
endfacet
facet normal 0.694262759334233 0.13809744904272173 0.706348579363978
  outer loop
    vertex 6.1271292432901205 0.8066518679200799 1.6000000000000012
    vertex 6.664888201394532 1.7858514112075201 0.8800000000000003
    vertex 5.969421606466394 1.5995016987337338 1.6000000000000012
  endloop
endfacet
facet normal 0.694262759334233 0.13809744904272173 0.706348579363978
  outer loop
    vertex 6.664888201394532 1.7858514112075201 0.8800000000000003
    vertex 6.1271292432901205 0.8066518679200799 1.6000000000000012
    vertex 6.84096954347927 0.9006307263184866 0.8800000000000003
  endloop
endfacet
facet normal -0.3932682623678488 -0.5885675477331915 0.7063485793639782
  outer loop
    vertex -3.449999999999913 -5.975575286112677 0.8800000000000003
    vertex -3.762145631273786 -4.902923642999916 1.6000000000000012
    vertex -4.200453860160093 -5.4741380480095865 0.8800000000000003
  endloop
endfacet
facet normal -0.3932682623678488 -0.5885675477331915 0.7063485793639782
  outer loop
    vertex -3.762145631273786 -4.902923642999916 1.6000000000000012
    vertex -3.449999999999913 -5.975575286112677 0.8800000000000003
    vertex -3.089999999999882 -5.3520369953878975 1.6000000000000012
  endloop
endfacet
facet normal -0.532200461963586 0.4667272787359188 0.7063485793639779
  outer loop
    vertex -4.902923642999927 3.762145631273784 1.6000000000000012
    vertex -4.879036790187263 4.8790367901871035 0.8800000000000003
    vertex -5.474138048009596 4.200453860160091 0.8800000000000003
  endloop
endfacet
facet normal -0.532200461963586 0.4667272787359188 0.7063485793639779
  outer loop
    vertex -4.879036790187263 4.8790367901871035 0.8800000000000003
    vertex -4.902923642999927 3.762145631273784 1.6000000000000012
    vertex -4.369919907732971 4.3699199077327675 1.6000000000000012
  endloop
endfacet
facet normal -0.5885675477331912 0.3932682623678498 0.7063485793639779
  outer loop
    vertex -5.352036995387909 3.08999999999988 1.6000000000000012
    vertex -5.474138048009596 4.200453860160091 0.8800000000000003
    vertex -5.975575286112687 3.449999999999912 0.8800000000000003
  endloop
endfacet
facet normal -0.5885675477331912 0.3932682623678498 0.7063485793639779
  outer loop
    vertex -5.474138048009596 4.200453860160091 0.8800000000000003
    vertex -5.352036995387909 3.08999999999988 1.6000000000000012
    vertex -4.902923642999927 3.762145631273784 1.6000000000000012
  endloop
endfacet
facet normal -0.31308031699610445 -0.6348640795793288 0.7063485793639784
  outer loop
    vertex -2.640515683319026 -6.374768774327917 0.8800000000000003
    vertex -3.089999999999882 -5.3520369953878975 1.6000000000000012
    vertex -3.449999999999913 -5.975575286112677 0.8800000000000003
  endloop
endfacet
facet normal -0.31308031699610445 -0.6348640795793288 0.7063485793639784
  outer loop
    vertex -3.089999999999882 -5.3520369953878975 1.6000000000000012
    vertex -2.640515683319026 -6.374768774327917 0.8800000000000003
    vertex -2.364983612016102 -5.709575510919813 1.6000000000000012
  endloop
endfacet
facet normal 0.22753548059832301 -0.6702979110062781 0.7063485793639781
  outer loop
    vertex 1.7858514112075217 -6.664888201394532 0.8800000000000003
    vertex 2.364983612016402 -5.7095755109196835 1.6000000000000012
    vertex 1.5995016987337338 -5.969421606466394 1.6000000000000012
  endloop
endfacet
facet normal 0.22753548059832301 -0.6702979110062781 0.7063485793639781
  outer loop
    vertex 2.364983612016402 -5.7095755109196835 1.6000000000000012
    vertex 1.7858514112075217 -6.664888201394532 0.8800000000000003
    vertex 2.640515683319241 -6.374768774327822 0.8800000000000003
  endloop
endfacet
facet normal 0.5885675477331755 0.3932682623678729 0.7063485793639781
  outer loop
    vertex 5.352036995387746 3.090000000000138 1.6000000000000012
    vertex 5.47413804800944 4.200453860160276 0.8800000000000003
    vertex 4.902923642999733 3.76214563127402 1.6000000000000012
  endloop
endfacet
facet normal 0.5885675477331755 0.3932682623678729 0.7063485793639781
  outer loop
    vertex 5.47413804800944 4.200453860160276 0.8800000000000003
    vertex 5.352036995387746 3.090000000000138 1.6000000000000012
    vertex 5.975575286112558 3.450000000000112 0.8800000000000003
  endloop
endfacet
facet normal -0.6087614290087172 0.7933533402912377 0.0
  outer loop
    vertex 4.064101615137749 0.9607695154586632 1.6000000000000012
    vertex 4.312629752561606 1.1514718625761313 0.8000000000000006
    vertex 4.064101615137749 0.9607695154586632 0.8000000000000006
  endloop
endfacet
facet normal -0.6087614290087172 0.7933533402912377 0.0
  outer loop
    vertex 4.312629752561606 1.1514718625761313 0.8000000000000006
    vertex 4.064101615137749 0.9607695154586632 1.6000000000000012
    vertex 4.312629752561606 1.1514718625761313 1.6000000000000012
  endloop
endfacet
facet normal -0.3826834323650852 0.9238795325112888 0.0
  outer loop
    vertex 3.774684469260772 0.8408890084531088 1.6000000000000012
    vertex 4.064101615137749 0.9607695154586632 0.8000000000000006
    vertex 3.774684469260772 0.8408890084531088 0.8000000000000006
  endloop
endfacet
facet normal -0.3826834323650852 0.9238795325112888 0.0
  outer loop
    vertex 4.064101615137749 0.9607695154586632 0.8000000000000006
    vertex 3.774684469260772 0.8408890084531088 1.6000000000000012
    vertex 4.064101615137749 0.9607695154586632 1.6000000000000012
  endloop
endfacet
facet normal -0.13052619222005396 0.9914448613738103 0.0
  outer loop
    vertex 3.464101615137748 0.79999999999999 1.6000000000000012
    vertex 3.774684469260772 0.8408890084531088 0.8000000000000006
    vertex 3.464101615137748 0.79999999999999 0.8000000000000006
  endloop
endfacet
facet normal -0.13052619222005396 0.9914448613738103 0.0
  outer loop
    vertex 3.774684469260772 0.8408890084531088 0.8000000000000006
    vertex 3.464101615137748 0.79999999999999 1.6000000000000012
    vertex 3.774684469260772 0.8408890084531088 1.6000000000000012
  endloop
endfacet
facet normal 0.13052619222005835 0.9914448613738096 0.0
  outer loop
    vertex 3.153518761014724 0.8408890084531101 1.6000000000000012
    vertex 3.464101615137748 0.79999999999999 0.8000000000000006
    vertex 3.153518761014724 0.8408890084531101 0.8000000000000006
  endloop
endfacet
facet normal 0.13052619222005835 0.9914448613738096 0.0
  outer loop
    vertex 3.464101615137748 0.79999999999999 0.8000000000000006
    vertex 3.153518761014724 0.8408890084531101 1.6000000000000012
    vertex 3.464101615137748 0.79999999999999 1.6000000000000012
  endloop
endfacet
facet normal 0.38268343236509117 0.9238795325112862 0.0
  outer loop
    vertex 2.8641016151377463 0.9607695154586674 1.6000000000000012
    vertex 3.153518761014724 0.8408890084531101 0.8000000000000006
    vertex 2.8641016151377463 0.9607695154586674 0.8000000000000006
  endloop
endfacet
facet normal 0.38268343236509117 0.9238795325112862 0.0
  outer loop
    vertex 3.153518761014724 0.8408890084531101 0.8000000000000006
    vertex 2.8641016151377463 0.9607695154586674 1.6000000000000012
    vertex 3.153518761014724 0.8408890084531101 1.6000000000000012
  endloop
endfacet
facet normal 0.6087614290087272 0.7933533402912302 0.0
  outer loop
    vertex 2.6155734777138915 1.1514718625761384 1.6000000000000012
    vertex 2.8641016151377463 0.9607695154586674 0.8000000000000006
    vertex 2.6155734777138915 1.1514718625761384 0.8000000000000006
  endloop
endfacet
facet normal 0.6087614290087272 0.7933533402912302 0.0
  outer loop
    vertex 2.8641016151377463 0.9607695154586674 0.8000000000000006
    vertex 2.6155734777138915 1.1514718625761384 1.6000000000000012
    vertex 2.8641016151377463 0.9607695154586674 1.6000000000000012
  endloop
endfacet
facet normal 0.7933533402912377 0.6087614290087172 0.0
  outer loop
    vertex 2.4248711305964235 1.399999999999996 0.8000000000000006
    vertex 2.6155734777138915 1.1514718625761384 1.6000000000000012
    vertex 2.6155734777138915 1.1514718625761384 0.8000000000000006
  endloop
endfacet
facet normal 0.7933533402912377 0.6087614290087172 0.0
  outer loop
    vertex 2.6155734777138915 1.1514718625761384 1.6000000000000012
    vertex 2.4248711305964235 1.399999999999996 0.8000000000000006
    vertex 2.4248711305964235 1.399999999999996 1.6000000000000012
  endloop
endfacet
facet normal 0.9238795325112881 0.38268343236508673 0.0
  outer loop
    vertex 2.3049906235908693 1.689417145876971 0.8000000000000006
    vertex 2.4248711305964235 1.399999999999996 1.6000000000000012
    vertex 2.4248711305964235 1.399999999999996 0.8000000000000006
  endloop
endfacet
facet normal 0.9238795325112881 0.38268343236508673 0.0
  outer loop
    vertex 2.4248711305964235 1.399999999999996 1.6000000000000012
    vertex 2.3049906235908693 1.689417145876971 0.8000000000000006
    vertex 2.3049906235908693 1.689417145876971 1.6000000000000012
  endloop
endfacet
facet normal 0.9914448613738114 0.1305261922200445 0.0
  outer loop
    vertex 2.2641016151377533 1.9999999999999962 0.8000000000000006
    vertex 2.3049906235908693 1.689417145876971 1.6000000000000012
    vertex 2.3049906235908693 1.689417145876971 0.8000000000000006
  endloop
endfacet
facet normal 0.9914448613738114 0.1305261922200445 0.0
  outer loop
    vertex 2.3049906235908693 1.689417145876971 1.6000000000000012
    vertex 2.2641016151377533 1.9999999999999962 0.8000000000000006
    vertex 2.2641016151377533 1.9999999999999962 1.6000000000000012
  endloop
endfacet
facet normal 0.9914448613738103 -0.13052619222005396 0.0
  outer loop
    vertex 2.304990623590872 2.3105828541230204 0.8000000000000006
    vertex 2.2641016151377533 1.9999999999999962 1.6000000000000012
    vertex 2.2641016151377533 1.9999999999999962 0.8000000000000006
  endloop
endfacet
facet normal 0.9914448613738103 -0.13052619222005396 0.0
  outer loop
    vertex 2.2641016151377533 1.9999999999999962 1.6000000000000012
    vertex 2.304990623590872 2.3105828541230204 0.8000000000000006
    vertex 2.304990623590872 2.3105828541230204 1.6000000000000012
  endloop
endfacet
facet normal 0.9238795325112849 -0.38268343236509433 0.0
  outer loop
    vertex 2.4248711305964292 2.599999999999995 0.8000000000000006
    vertex 2.304990623590872 2.3105828541230204 1.6000000000000012
    vertex 2.304990623590872 2.3105828541230204 0.8000000000000006
  endloop
endfacet
facet normal 0.9238795325112849 -0.38268343236509433 0.0
  outer loop
    vertex 2.304990623590872 2.3105828541230204 1.6000000000000012
    vertex 2.4248711305964292 2.599999999999995 0.8000000000000006
    vertex 2.4248711305964292 2.599999999999995 1.6000000000000012
  endloop
endfacet
facet normal 0.7933533402912325 -0.6087614290087243 0.0
  outer loop
    vertex 2.6155734777138986 2.84852813742385 0.8000000000000006
    vertex 2.4248711305964292 2.599999999999995 1.6000000000000012
    vertex 2.4248711305964292 2.599999999999995 0.8000000000000006
  endloop
endfacet
facet normal 0.7933533402912325 -0.6087614290087243 0.0
  outer loop
    vertex 2.4248711305964292 2.599999999999995 1.6000000000000012
    vertex 2.6155734777138986 2.84852813742385 0.8000000000000006
    vertex 2.6155734777138986 2.84852813742385 1.6000000000000012
  endloop
endfacet
facet normal 0.6087614290087193 -0.7933533402912363 0.0
  outer loop
    vertex 2.8641016151377547 3.039230484541318 1.6000000000000012
    vertex 2.6155734777138986 2.84852813742385 0.8000000000000006
    vertex 2.8641016151377547 3.039230484541318 0.8000000000000006
  endloop
endfacet
facet normal 0.6087614290087193 -0.7933533402912363 0.0
  outer loop
    vertex 2.6155734777138986 2.84852813742385 0.8000000000000006
    vertex 2.8641016151377547 3.039230484541318 1.6000000000000012
    vertex 2.6155734777138986 2.84852813742385 1.6000000000000012
  endloop
endfacet
facet normal 0.38268343236508673 -0.9238795325112881 0.0
  outer loop
    vertex 3.15351876101473 3.1591109915468727 1.6000000000000012
    vertex 2.8641016151377547 3.039230484541318 0.8000000000000006
    vertex 3.15351876101473 3.1591109915468727 0.8000000000000006
  endloop
endfacet
facet normal 0.38268343236508673 -0.9238795325112881 0.0
  outer loop
    vertex 2.8641016151377547 3.039230484541318 0.8000000000000006
    vertex 3.15351876101473 3.1591109915468727 1.6000000000000012
    vertex 2.8641016151377547 3.039230484541318 1.6000000000000012
  endloop
endfacet
facet normal 0.13052619222005335 -0.9914448613738103 0.0
  outer loop
    vertex 3.4641016151377553 3.1999999999999913 1.6000000000000012
    vertex 3.15351876101473 3.1591109915468727 0.8000000000000006
    vertex 3.4641016151377553 3.1999999999999913 0.8000000000000006
  endloop
endfacet
facet normal 0.13052619222005335 -0.9914448613738103 0.0
  outer loop
    vertex 3.15351876101473 3.1591109915468727 0.8000000000000006
    vertex 3.4641016151377553 3.1999999999999913 1.6000000000000012
    vertex 3.15351876101473 3.1591109915468727 1.6000000000000012
  endloop
endfacet
facet normal -0.13052619222005776 -0.9914448613738096 0.0
  outer loop
    vertex 3.7746844692607806 3.1591109915468714 1.6000000000000012
    vertex 3.4641016151377553 3.1999999999999913 0.8000000000000006
    vertex 3.7746844692607806 3.1591109915468714 0.8000000000000006
  endloop
endfacet
facet normal -0.13052619222005776 -0.9914448613738096 0.0
  outer loop
    vertex 3.4641016151377553 3.1999999999999913 0.8000000000000006
    vertex 3.7746844692607806 3.1591109915468714 1.6000000000000012
    vertex 3.4641016151377553 3.1999999999999913 1.6000000000000012
  endloop
endfacet
facet normal -0.38268343236509056 -0.9238795325112865 0.0
  outer loop
    vertex 4.064101615137756 3.0392304845413154 1.6000000000000012
    vertex 3.7746844692607806 3.1591109915468714 0.8000000000000006
    vertex 4.064101615137756 3.0392304845413154 0.8000000000000006
  endloop
endfacet
facet normal -0.38268343236509056 -0.9238795325112865 0.0
  outer loop
    vertex 3.7746844692607806 3.1591109915468714 0.8000000000000006
    vertex 4.064101615137756 3.0392304845413154 1.6000000000000012
    vertex 3.7746844692607806 3.1591109915468714 1.6000000000000012
  endloop
endfacet
facet normal -0.6087614290087251 -0.793353340291232 0.0
  outer loop
    vertex 4.3126297525616115 2.8485281374238447 1.6000000000000012
    vertex 4.064101615137756 3.0392304845413154 0.8000000000000006
    vertex 4.3126297525616115 2.8485281374238447 0.8000000000000006
  endloop
endfacet
facet normal -0.6087614290087251 -0.793353340291232 0.0
  outer loop
    vertex 4.064101615137756 3.0392304845413154 0.8000000000000006
    vertex 4.3126297525616115 2.8485281374238447 1.6000000000000012
    vertex 4.064101615137756 3.0392304845413154 1.6000000000000012
  endloop
endfacet
facet normal -0.7933533402912377 -0.6087614290087172 0.0
  outer loop
    vertex 4.3126297525616115 2.8485281374238447 1.6000000000000012
    vertex 4.50333209967908 2.5999999999999868 0.8000000000000006
    vertex 4.50333209967908 2.5999999999999868 1.6000000000000012
  endloop
endfacet
facet normal -0.7933533402912377 -0.6087614290087172 0.0
  outer loop
    vertex 4.50333209967908 2.5999999999999868 0.8000000000000006
    vertex 4.3126297525616115 2.8485281374238447 1.6000000000000012
    vertex 4.3126297525616115 2.8485281374238447 0.8000000000000006
  endloop
endfacet
facet normal -0.9238795325112865 -0.38268343236509056 0.0
  outer loop
    vertex 4.50333209967908 2.5999999999999868 1.6000000000000012
    vertex 4.6232126066846355 2.310582854123012 0.8000000000000006
    vertex 4.6232126066846355 2.310582854123012 1.6000000000000012
  endloop
endfacet
facet normal -0.9238795325112865 -0.38268343236509056 0.0
  outer loop
    vertex 4.6232126066846355 2.310582854123012 0.8000000000000006
    vertex 4.50333209967908 2.5999999999999868 1.6000000000000012
    vertex 4.50333209967908 2.5999999999999868 0.8000000000000006
  endloop
endfacet
facet normal -0.9914448613738114 -0.1305261922200445 0.0
  outer loop
    vertex 4.6232126066846355 2.310582854123012 1.6000000000000012
    vertex 4.664101615137752 1.9999999999999865 0.8000000000000006
    vertex 4.664101615137752 1.9999999999999865 1.6000000000000012
  endloop
endfacet
facet normal -0.9914448613738114 -0.1305261922200445 0.0
  outer loop
    vertex 4.664101615137752 1.9999999999999865 0.8000000000000006
    vertex 4.6232126066846355 2.310582854123012 1.6000000000000012
    vertex 4.6232126066846355 2.310582854123012 0.8000000000000006
  endloop
endfacet
facet normal -0.9914448613738103 0.13052619222005335 0.0
  outer loop
    vertex 4.664101615137752 1.9999999999999865 1.6000000000000012
    vertex 4.623212606684633 1.6894171458769611 0.8000000000000006
    vertex 4.623212606684633 1.6894171458769611 1.6000000000000012
  endloop
endfacet
facet normal -0.9914448613738103 0.13052619222005335 0.0
  outer loop
    vertex 4.623212606684633 1.6894171458769611 0.8000000000000006
    vertex 4.664101615137752 1.9999999999999865 1.6000000000000012
    vertex 4.664101615137752 1.9999999999999865 0.8000000000000006
  endloop
endfacet
facet normal -0.9238795325112849 0.38268343236509433 0.0
  outer loop
    vertex 4.623212606684633 1.6894171458769611 1.6000000000000012
    vertex 4.503332099679076 1.3999999999999861 0.8000000000000006
    vertex 4.503332099679076 1.3999999999999861 1.6000000000000012
  endloop
endfacet
facet normal -0.9238795325112849 0.38268343236509433 0.0
  outer loop
    vertex 4.503332099679076 1.3999999999999861 0.8000000000000006
    vertex 4.623212606684633 1.6894171458769611 1.6000000000000012
    vertex 4.623212606684633 1.6894171458769611 0.8000000000000006
  endloop
endfacet
facet normal -0.7933533402912325 0.6087614290087243 0.0
  outer loop
    vertex 4.503332099679076 1.3999999999999861 1.6000000000000012
    vertex 4.312629752561606 1.1514718625761313 0.8000000000000006
    vertex 4.312629752561606 1.1514718625761313 1.6000000000000012
  endloop
endfacet
facet normal -0.7933533402912325 0.6087614290087243 0.0
  outer loop
    vertex 4.312629752561606 1.1514718625761313 0.8000000000000006
    vertex 4.503332099679076 1.3999999999999861 1.6000000000000012
    vertex 4.503332099679076 1.3999999999999861 0.8000000000000006
  endloop
endfacet
facet normal -0.06540312923016044 0.9978589232386025 -4.101022700075163e-15
  outer loop
    vertex -0.9006307263184775 6.840969543479281 0.8800000000000003
    vertex -1.0151879337172431e-13 6.9000000000000075 0.7200000000000004
    vertex -0.900630726318457 6.840969543479281 0.7200000000000004
  endloop
endfacet
facet normal -0.06540312923016044 0.9978589232386025 -4.101022700075163e-15
  outer loop
    vertex -1.0151879337172431e-13 6.9000000000000075 0.7200000000000004
    vertex -0.9006307263184775 6.840969543479281 0.8800000000000003
    vertex -1.2266854199083353e-13 6.9000000000000075 0.8800000000000003
  endloop
endfacet
facet normal -0.1950903220161441 0.9807852804032274 -1.2472901815588012e-14
  outer loop
    vertex -1.7858514112075103 6.664888201394546 0.8800000000000003
    vertex -0.900630726318457 6.840969543479281 0.7200000000000004
    vertex -1.7858514112074892 6.6648882013945485 0.7200000000000004
  endloop
endfacet
facet normal -0.1950903220161441 0.9807852804032274 -1.2472901815588012e-14
  outer loop
    vertex -0.900630726318457 6.840969543479281 0.7200000000000004
    vertex -1.7858514112075103 6.664888201394546 0.8800000000000003
    vertex -0.9006307263184775 6.840969543479281 0.8800000000000003
  endloop
endfacet
facet normal -0.7518398074789877 0.659345815100057 -8.140059486883188e-14
  outer loop
    vertex -4.879036790187263 4.8790367901871035 0.8800000000000003
    vertex -5.474138048009576 4.200453860160094 0.7200000000000004
    vertex -5.474138048009596 4.200453860160091 0.8800000000000003
  endloop
endfacet
facet normal -0.7518398074789877 0.659345815100057 -8.140059486883188e-14
  outer loop
    vertex -5.474138048009576 4.200453860160094 0.7200000000000004
    vertex -4.879036790187263 4.8790367901871035 0.8800000000000003
    vertex -4.879036790187243 4.879036790187108 0.7200000000000004
  endloop
endfacet
facet normal -0.8968727415326813 -0.44228869021901585 -1.1212130166155687e-13
  outer loop
    vertex -6.374768774327846 -2.6405156833192156 0.8800000000000003
    vertex -5.975575286112561 -3.4500000000000894 0.7200000000000004
    vertex -5.97557528611258 -3.4500000000000903 0.8800000000000003
  endloop
endfacet
facet normal -0.8968727415326813 -0.44228869021901585 -1.1212130166155687e-13
  outer loop
    vertex -5.975575286112561 -3.4500000000000894 0.7200000000000004
    vertex -6.374768774327846 -2.6405156833192156 0.8800000000000003
    vertex -6.374768774327825 -2.6405156833192165 0.7200000000000004
  endloop
endfacet
facet normal -0.5555702330196152 0.8314696123025365 -6.112531321956434e-14
  outer loop
    vertex -4.200453860160268 5.4741380480094595 0.8800000000000003
    vertex -3.4500000000000832 5.975575286112578 0.7200000000000004
    vertex -4.2004538601602475 5.474138048009462 0.7200000000000004
  endloop
endfacet
facet normal -0.5555702330196152 0.8314696123025365 -6.112531321956434e-14
  outer loop
    vertex -3.4500000000000832 5.975575286112578 0.7200000000000004
    vertex -4.200453860160268 5.4741380480094595 0.8800000000000003
    vertex -3.4500000000001045 5.975575286112575 0.8800000000000003
  endloop
endfacet
facet normal 0.3214394653031449 0.9469301294951115 4.105996296244171e-14
  outer loop
    vertex 1.785851411207272 6.664888201394608 0.8800000000000003
    vertex 2.6405156833190238 6.374768774327929 0.7200000000000004
    vertex 1.7858514112072932 6.664888201394608 0.7200000000000004
  endloop
endfacet
facet normal 0.3214394653031449 0.9469301294951115 4.105996296244171e-14
  outer loop
    vertex 2.6405156833190238 6.374768774327929 0.7200000000000004
    vertex 1.785851411207272 6.664888201394608 0.8800000000000003
    vertex 2.640515683319003 6.374768774327929 0.8800000000000003
  endloop
endfacet
facet normal -0.6593458151000813 0.7518398074789665 -7.087044401664923e-14
  outer loop
    vertex -4.879036790187263 4.8790367901871035 0.8800000000000003
    vertex -4.2004538601602475 5.474138048009462 0.7200000000000004
    vertex -4.879036790187243 4.879036790187108 0.7200000000000004
  endloop
endfacet
facet normal -0.6593458151000813 0.7518398074789665 -7.087044401664923e-14
  outer loop
    vertex -4.2004538601602475 5.474138048009462 0.7200000000000004
    vertex -4.879036790187263 4.8790367901871035 0.8800000000000003
    vertex -4.200453860160268 5.4741380480094595 0.8800000000000003
  endloop
endfacet
facet normal -0.8314696123025537 0.5555702330195896 -9.090015302297698e-14
  outer loop
    vertex -5.474138048009596 4.200453860160091 0.8800000000000003
    vertex -5.97557528611267 3.449999999999913 0.7200000000000004
    vertex -5.975575286112687 3.449999999999912 0.8800000000000003
  endloop
endfacet
facet normal -0.8314696123025537 0.5555702330195896 -9.090015302297698e-14
  outer loop
    vertex -5.97557528611267 3.449999999999913 0.7200000000000004
    vertex -5.474138048009596 4.200453860160091 0.8800000000000003
    vertex -5.474138048009576 4.200453860160094 0.7200000000000004
  endloop
endfacet
facet normal -0.9469301294951007 -0.3214394653031762 -1.1961238719325614e-13
  outer loop
    vertex -6.374768774327846 -2.6405156833192156 0.8800000000000003
    vertex -6.664888201394532 -1.7858514112074935 0.7200000000000004
    vertex -6.374768774327825 -2.6405156833192165 0.7200000000000004
  endloop
endfacet
facet normal -0.9469301294951007 -0.3214394653031762 -1.1961238719325614e-13
  outer loop
    vertex -6.664888201394532 -1.7858514112074935 0.7200000000000004
    vertex -6.374768774327846 -2.6405156833192156 0.8800000000000003
    vertex -6.664888201394551 -1.7858514112074935 0.8800000000000003
  endloop
endfacet
facet normal -0.32143946530314516 -0.9469301294951112 -5.22635598659292e-14
  outer loop
    vertex -1.785851411207296 -6.664888201394596 0.8800000000000003
    vertex -2.6405156833190078 -6.374768774327915 0.7200000000000004
    vertex -1.7858514112072452 -6.664888201394603 0.7200000000000004
  endloop
endfacet
facet normal -0.32143946530314516 -0.9469301294951112 -5.22635598659292e-14
  outer loop
    vertex -2.6405156833190078 -6.374768774327915 0.7200000000000004
    vertex -1.785851411207296 -6.664888201394596 0.8800000000000003
    vertex -2.640515683319026 -6.374768774327917 0.8800000000000003
  endloop
endfacet
facet normal -0.32143946530317685 0.9469301294951005 -2.9376828874751443e-14
  outer loop
    vertex -2.640515683319231 6.374768774327842 0.8800000000000003
    vertex -1.7858514112074892 6.6648882013945485 0.7200000000000004
    vertex -2.6405156833192107 6.374768774327842 0.7200000000000004
  endloop
endfacet
facet normal -0.32143946530317685 0.9469301294951005 -2.9376828874751443e-14
  outer loop
    vertex -1.7858514112074892 6.6648882013945485 0.7200000000000004
    vertex -2.640515683319231 6.374768774327842 0.8800000000000003
    vertex -1.7858514112075103 6.664888201394546 0.8800000000000003
  endloop
endfacet
facet normal 0.8314696123025352 0.555570233019617 9.46558089326837e-14
  outer loop
    vertex 5.4741380480094595 4.200453860160274 0.7200000000000004
    vertex 5.975575286112558 3.450000000000112 0.8800000000000003
    vertex 5.975575286112575 3.450000000000112 0.7200000000000004
  endloop
endfacet
facet normal 0.8314696123025352 0.555570233019617 9.46558089326837e-14
  outer loop
    vertex 5.975575286112558 3.450000000000112 0.8800000000000003
    vertex 5.4741380480094595 4.200453860160274 0.7200000000000004
    vertex 5.47413804800944 4.200453860160276 0.8800000000000003
  endloop
endfacet
facet normal 0.7518398074789661 0.6593458151000817 8.688066546643007e-14
  outer loop
    vertex 4.879036790187104 4.8790367901872695 0.7200000000000004
    vertex 5.47413804800944 4.200453860160276 0.8800000000000003
    vertex 5.4741380480094595 4.200453860160274 0.7200000000000004
  endloop
endfacet
facet normal 0.7518398074789661 0.6593458151000817 8.688066546643007e-14
  outer loop
    vertex 5.47413804800944 4.200453860160276 0.8800000000000003
    vertex 4.879036790187104 4.8790367901872695 0.7200000000000004
    vertex 4.879036790187085 4.8790367901872695 0.8800000000000003
  endloop
endfacet
facet normal 0.44228869021898615 0.8968727415326957 5.4505879601733515e-14
  outer loop
    vertex 2.640515683319003 6.374768774327929 0.8800000000000003
    vertex 3.449999999999909 5.975575286112691 0.7200000000000004
    vertex 2.6405156833190238 6.374768774327929 0.7200000000000004
  endloop
endfacet
facet normal 0.44228869021898615 0.8968727415326957 5.4505879601733515e-14
  outer loop
    vertex 3.449999999999909 5.975575286112691 0.7200000000000004
    vertex 2.640515683319003 6.374768774327929 0.8800000000000003
    vertex 3.449999999999889 5.975575286112694 0.8800000000000003
  endloop
endfacet
facet normal -0.19509032201611107 -0.9807852804032339 -3.0860935025153685e-14
  outer loop
    vertex -0.9006307263182554 -6.840969543479303 0.8800000000000003
    vertex -1.7858514112072452 -6.664888201394603 0.7200000000000004
    vertex -0.9006307263182061 -6.840969543479305 0.7200000000000004
  endloop
endfacet
facet normal -0.19509032201611107 -0.9807852804032339 -3.0860935025153685e-14
  outer loop
    vertex -1.7858514112072452 -6.664888201394603 0.7200000000000004
    vertex -0.9006307263182554 -6.840969543479303 0.8800000000000003
    vertex -1.785851411207296 -6.664888201394596 0.8800000000000003
  endloop
endfacet
facet normal 0.06540312923012687 0.9978589232386047 8.499648049462682e-15
  outer loop
    vertex -1.2266854199083353e-13 6.9000000000000075 0.8800000000000003
    vertex 0.900630726318254 6.8409695434793125 0.7200000000000004
    vertex -1.0151879337172431e-13 6.9000000000000075 0.7200000000000004
  endloop
endfacet
facet normal 0.06540312923012687 0.9978589232386047 8.499648049462682e-15
  outer loop
    vertex 0.900630726318254 6.8409695434793125 0.7200000000000004
    vertex -1.2266854199083353e-13 6.9000000000000075 0.8800000000000003
    vertex 0.9006307263182328 6.8409695434793125 0.8800000000000003
  endloop
endfacet
facet normal -0.06540312923012447 -0.9978589232386047 -1.5705667014645248e-14
  outer loop
    vertex 1.0151879337172431e-13 -6.899999999999996 0.8800000000000003
    vertex -0.9006307263182061 -6.840969543479305 0.7200000000000004
    vertex 1.4945822357503855e-13 -6.899999999999994 0.7200000000000004
  endloop
endfacet
facet normal -0.06540312923012447 -0.9978589232386047 -1.5705667014645248e-14
  outer loop
    vertex -0.9006307263182061 -6.840969543479305 0.7200000000000004
    vertex 1.0151879337172431e-13 -6.899999999999996 0.8800000000000003
    vertex -0.9006307263182554 -6.840969543479303 0.8800000000000003
  endloop
endfacet
facet normal 0.6593458151000552 0.7518398074789894 7.967814976048325e-14
  outer loop
    vertex 4.200453860160068 5.474138048009601 0.8800000000000003
    vertex 4.879036790187104 4.8790367901872695 0.7200000000000004
    vertex 4.200453860160089 5.474138048009601 0.7200000000000004
  endloop
endfacet
facet normal 0.6593458151000552 0.7518398074789894 7.967814976048325e-14
  outer loop
    vertex 4.879036790187104 4.8790367901872695 0.7200000000000004
    vertex 4.200453860160068 5.474138048009601 0.8800000000000003
    vertex 4.879036790187085 4.8790367901872695 0.8800000000000003
  endloop
endfacet
facet normal 0.19509032201611196 0.9807852804032339 2.5062225101393604e-14
  outer loop
    vertex 0.9006307263182328 6.8409695434793125 0.8800000000000003
    vertex 1.7858514112072932 6.664888201394608 0.7200000000000004
    vertex 0.900630726318254 6.8409695434793125 0.7200000000000004
  endloop
endfacet
facet normal 0.19509032201611196 0.9807852804032339 2.5062225101393604e-14
  outer loop
    vertex 1.7858514112072932 6.664888201394608 0.7200000000000004
    vertex 0.9006307263182328 6.8409695434793125 0.8800000000000003
    vertex 1.785851411207272 6.664888201394608 0.8800000000000003
  endloop
endfacet
facet normal 0.7518398074789902 -0.6593458151000544 7.788341463644107e-14
  outer loop
    vertex 4.879036790187284 -4.879036790187078 0.7200000000000004
    vertex 5.474138048009598 -4.200453860160062 0.8800000000000003
    vertex 4.879036790187267 -4.8790367901870795 0.8800000000000003
  endloop
endfacet
facet normal 0.7518398074789902 -0.6593458151000544 7.788341463644107e-14
  outer loop
    vertex 5.474138048009598 -4.200453860160062 0.8800000000000003
    vertex 4.879036790187284 -4.879036790187078 0.7200000000000004
    vertex 5.474138048009615 -4.200453860160063 0.7200000000000004
  endloop
endfacet
facet normal 0.5555702330195879 0.8314696123025548 6.737038875821457e-14
  outer loop
    vertex 3.449999999999889 5.975575286112694 0.8800000000000003
    vertex 4.200453860160089 5.474138048009601 0.7200000000000004
    vertex 3.449999999999909 5.975575286112691 0.7200000000000004
  endloop
endfacet
facet normal 0.5555702330195879 0.8314696123025548 6.737038875821457e-14
  outer loop
    vertex 4.200453860160089 5.474138048009601 0.7200000000000004
    vertex 3.449999999999889 5.975575286112694 0.8800000000000003
    vertex 4.200453860160068 5.474138048009601 0.8800000000000003
  endloop
endfacet
facet normal 0.6593458151000835 -0.7518398074789645 6.489620950182942e-14
  outer loop
    vertex 4.879036790187267 -4.8790367901870795 0.8800000000000003
    vertex 4.200453860160291 -5.4741380480094355 0.7200000000000004
    vertex 4.879036790187284 -4.879036790187078 0.7200000000000004
  endloop
endfacet
facet normal 0.6593458151000835 -0.7518398074789645 6.489620950182942e-14
  outer loop
    vertex 4.200453860160291 -5.4741380480094355 0.7200000000000004
    vertex 4.879036790187267 -4.8790367901870795 0.8800000000000003
    vertex 4.200453860160274 -5.4741380480094355 0.8800000000000003
  endloop
endfacet
facet normal -0.9807852804032274 -0.19509032201614365 -1.162663053461763e-13
  outer loop
    vertex -6.840969543479286 -0.9006307263184584 0.8800000000000003
    vertex -6.664888201394532 -1.7858514112074935 0.7200000000000004
    vertex -6.664888201394551 -1.7858514112074935 0.8800000000000003
  endloop
endfacet
facet normal -0.9807852804032274 -0.19509032201614365 -1.162663053461763e-13
  outer loop
    vertex -6.664888201394532 -1.7858514112074935 0.7200000000000004
    vertex -6.840969543479286 -0.9006307263184584 0.8800000000000003
    vertex -6.840969543479267 -0.9006307263184584 0.7200000000000004
  endloop
endfacet
facet normal 0.5555702330196187 -0.8314696123025344 5.451049366954838e-14
  outer loop
    vertex 4.200453860160274 -5.4741380480094355 0.8800000000000003
    vertex 3.4500000000001276 -5.975575286112554 0.7200000000000004
    vertex 4.200453860160291 -5.4741380480094355 0.7200000000000004
  endloop
endfacet
facet normal 0.5555702330196187 -0.8314696123025344 5.451049366954838e-14
  outer loop
    vertex 3.4500000000001276 -5.975575286112554 0.7200000000000004
    vertex 4.200453860160274 -5.4741380480094355 0.8800000000000003
    vertex 3.450000000000112 -5.975575286112554 0.8800000000000003
  endloop
endfacet
facet normal 0.8968727415326807 0.442288690219017 1.0277112329103763e-13
  outer loop
    vertex 5.975575286112575 3.450000000000112 0.7200000000000004
    vertex 6.374768774327825 2.6405156833192396 0.8800000000000003
    vertex 6.374768774327842 2.6405156833192396 0.7200000000000004
  endloop
endfacet
facet normal 0.8968727415326807 0.442288690219017 1.0277112329103763e-13
  outer loop
    vertex 6.374768774327825 2.6405156833192396 0.8800000000000003
    vertex 5.975575286112575 3.450000000000112 0.7200000000000004
    vertex 5.975575286112558 3.450000000000112 0.8800000000000003
  endloop
endfacet
facet normal 0.9469301294950997 0.3214394653031792 1.0771265054762052e-13
  outer loop
    vertex 6.374768774327842 2.6405156833192396 0.7200000000000004
    vertex 6.664888201394532 1.7858514112075201 0.8800000000000003
    vertex 6.664888201394551 1.7858514112075188 0.7200000000000004
  endloop
endfacet
facet normal 0.9469301294950997 0.3214394653031792 1.0771265054762052e-13
  outer loop
    vertex 6.664888201394532 1.7858514112075201 0.8800000000000003
    vertex 6.374768774327842 2.6405156833192396 0.7200000000000004
    vertex 6.374768774327825 2.6405156833192396 0.8800000000000003
  endloop
endfacet
facet normal 0.980785280403227 0.19509032201614623 1.1097868776295662e-13
  outer loop
    vertex 6.664888201394551 1.7858514112075188 0.7200000000000004
    vertex 6.84096954347927 0.9006307263184866 0.8800000000000003
    vertex 6.840969543479287 0.9006307263184852 0.7200000000000004
  endloop
endfacet
facet normal 0.980785280403227 0.19509032201614623 1.1097868776295662e-13
  outer loop
    vertex 6.84096954347927 0.9006307263184866 0.8800000000000003
    vertex 6.664888201394551 1.7858514112075188 0.7200000000000004
    vertex 6.664888201394532 1.7858514112075201 0.8800000000000003
  endloop
endfacet
facet normal -0.4422886902190158 0.8968727415326813 -4.7752091589016236e-14
  outer loop
    vertex -3.4500000000001045 5.975575286112575 0.8800000000000003
    vertex -2.6405156833192107 6.374768774327842 0.7200000000000004
    vertex -3.4500000000000832 5.975575286112578 0.7200000000000004
  endloop
endfacet
facet normal -0.4422886902190158 0.8968727415326813 -4.7752091589016236e-14
  outer loop
    vertex -2.6405156833192107 6.374768774327842 0.7200000000000004
    vertex -3.4500000000001045 5.975575286112575 0.8800000000000003
    vertex -2.640515683319231 6.374768774327842 0.8800000000000003
  endloop
endfacet
facet normal -0.896872741532695 0.44228869021898787 -9.770846571588155e-14
  outer loop
    vertex -5.975575286112687 3.449999999999912 0.8800000000000003
    vertex -6.37476877432791 2.640515683319027 0.7200000000000004
    vertex -6.3747687743279275 2.6405156833190238 0.8800000000000003
  endloop
endfacet
facet normal -0.896872741532695 0.44228869021898787 -9.770846571588155e-14
  outer loop
    vertex -6.37476877432791 2.640515683319027 0.7200000000000004
    vertex -5.975575286112687 3.449999999999912 0.8800000000000003
    vertex -5.97557528611267 3.449999999999913 0.7200000000000004
  endloop
endfacet
facet normal -0.9469301294951108 0.3214394653031465 -1.0771265054762188e-13
  outer loop
    vertex -6.664888201394606 1.785851411207296 0.8800000000000003
    vertex -6.37476877432791 2.640515683319027 0.7200000000000004
    vertex -6.6648882013945885 1.7858514112072945 0.7200000000000004
  endloop
endfacet
facet normal -0.9469301294951108 0.3214394653031465 -1.0771265054762188e-13
  outer loop
    vertex -6.37476877432791 2.640515683319027 0.7200000000000004
    vertex -6.664888201394606 1.785851411207296 0.8800000000000003
    vertex -6.3747687743279275 2.6405156833190238 0.8800000000000003
  endloop
endfacet
facet normal -0.9978589232386025 -0.06540312923015876 -1.1851975843837959e-13
  outer loop
    vertex -6.900000000000008 -1.0292877661299825e-13 0.8800000000000003
    vertex -6.840969543479267 -0.9006307263184584 0.7200000000000004
    vertex -6.840969543479286 -0.9006307263184584 0.8800000000000003
  endloop
endfacet
facet normal -0.9978589232386025 -0.06540312923015876 -1.1851975843837959e-13
  outer loop
    vertex -6.840969543479267 -0.9006307263184584 0.7200000000000004
    vertex -6.900000000000008 -1.0292877661299825e-13 0.8800000000000003
    vertex -6.899999999999989 -1.0292877661299825e-13 0.7200000000000004
  endloop
endfacet
facet normal -0.9807852804032334 0.1950903220161132 -1.1315278763041634e-13
  outer loop
    vertex -6.840969543479313 0.9006307263182554 0.8800000000000003
    vertex -6.6648882013945885 1.7858514112072945 0.7200000000000004
    vertex -6.840969543479296 0.900630726318254 0.7200000000000004
  endloop
endfacet
facet normal -0.9807852804032334 0.1950903220161132 -1.1315278763041634e-13
  outer loop
    vertex -6.6648882013945885 1.7858514112072945 0.7200000000000004
    vertex -6.840969543479313 0.9006307263182554 0.8800000000000003
    vertex -6.664888201394606 1.785851411207296 0.8800000000000003
  endloop
endfacet
facet normal -0.9978589232386045 0.06540312923012752 -1.1894366376154882e-13
  outer loop
    vertex -6.840969543479313 0.9006307263182554 0.8800000000000003
    vertex -6.899999999999989 -1.0292877661299825e-13 0.7200000000000004
    vertex -6.900000000000008 -1.0292877661299825e-13 0.8800000000000003
  endloop
endfacet
facet normal -0.9978589232386045 0.06540312923012752 -1.1894366376154882e-13
  outer loop
    vertex -6.899999999999989 -1.0292877661299825e-13 0.7200000000000004
    vertex -6.840969543479313 0.9006307263182554 0.8800000000000003
    vertex -6.840969543479296 0.900630726318254 0.7200000000000004
  endloop
endfacet
facet normal 0.8968727415326968 -0.4422886902189842 9.966800607502489e-14
  outer loop
    vertex 6.374768774327941 -2.6405156833189944 0.7200000000000004
    vertex 5.975575286112687 -3.4499999999998807 0.8800000000000003
    vertex 5.975575286112704 -3.4499999999998816 0.7200000000000004
  endloop
endfacet
facet normal 0.8968727415326968 -0.4422886902189842 9.966800607502489e-14
  outer loop
    vertex 5.975575286112687 -3.4499999999998807 0.8800000000000003
    vertex 6.374768774327941 -2.6405156833189944 0.7200000000000004
    vertex 6.37476877432792 -2.6405156833189927 0.8800000000000003
  endloop
endfacet
facet normal -0.44228869021898787 -0.896872741532695 -5.970291853323288e-14
  outer loop
    vertex -2.640515683319026 -6.374768774327917 0.8800000000000003
    vertex -3.4499999999998945 -5.975575286112675 0.7200000000000004
    vertex -2.6405156833190078 -6.374768774327915 0.7200000000000004
  endloop
endfacet
facet normal -0.44228869021898787 -0.896872741532695 -5.970291853323288e-14
  outer loop
    vertex -3.4499999999998945 -5.975575286112675 0.7200000000000004
    vertex -2.640515683319026 -6.374768774327917 0.8800000000000003
    vertex -3.449999999999913 -5.975575286112677 0.8800000000000003
  endloop
endfacet
facet normal -0.5555702330195882 -0.8314696123025546 -7.644113661658871e-14
  outer loop
    vertex -3.449999999999913 -5.975575286112677 0.8800000000000003
    vertex -4.200453860160075 -5.474138048009583 0.7200000000000004
    vertex -3.4499999999998945 -5.975575286112675 0.7200000000000004
  endloop
endfacet
facet normal -0.5555702330195882 -0.8314696123025546 -7.644113661658871e-14
  outer loop
    vertex -4.200453860160075 -5.474138048009583 0.7200000000000004
    vertex -3.449999999999913 -5.975575286112677 0.8800000000000003
    vertex -4.200453860160093 -5.4741380480095865 0.8800000000000003
  endloop
endfacet
facet normal -0.6593458151000575 -0.7518398074789874 -8.5962895899001e-14
  outer loop
    vertex -4.200453860160093 -5.4741380480095865 0.8800000000000003
    vertex -4.879036790187089 -4.87903679018725 0.7200000000000004
    vertex -4.200453860160075 -5.474138048009583 0.7200000000000004
  endloop
endfacet
facet normal -0.6593458151000575 -0.7518398074789874 -8.5962895899001e-14
  outer loop
    vertex -4.879036790187089 -4.87903679018725 0.7200000000000004
    vertex -4.200453860160093 -5.4741380480095865 0.8800000000000003
    vertex -4.879036790187107 -4.879036790187252 0.8800000000000003
  endloop
endfacet
facet normal 0.06540312923016157 -0.9978589232386023 4.281708389161149e-15
  outer loop
    vertex 0.9006307263184881 -6.84096954347927 0.8800000000000003
    vertex 1.4945822357503855e-13 -6.899999999999994 0.7200000000000004
    vertex 0.9006307263185036 -6.840969543479268 0.7200000000000004
  endloop
endfacet
facet normal 0.06540312923016157 -0.9978589232386023 4.281708389161149e-15
  outer loop
    vertex 1.4945822357503855e-13 -6.899999999999994 0.7200000000000004
    vertex 0.9006307263184881 -6.84096954347927 0.8800000000000003
    vertex 1.0151879337172431e-13 -6.899999999999996 0.8800000000000003
  endloop
endfacet
facet normal -0.8314696123025365 -0.5555702330196154 -1.026686511738386e-13
  outer loop
    vertex -5.97557528611258 -3.4500000000000903 0.8800000000000003
    vertex -5.474138048009444 -4.200453860160254 0.7200000000000004
    vertex -5.474138048009464 -4.2004538601602555 0.8800000000000003
  endloop
endfacet
facet normal -0.8314696123025365 -0.5555702330196154 -1.026686511738386e-13
  outer loop
    vertex -5.474138048009444 -4.200453860160254 0.7200000000000004
    vertex -5.97557528611258 -3.4500000000000903 0.8800000000000003
    vertex -5.975575286112561 -3.4500000000000894 0.7200000000000004
  endloop
endfacet
facet normal -0.7518398074789666 -0.6593458151000813 -9.335832342414487e-14
  outer loop
    vertex -5.474138048009464 -4.2004538601602555 0.8800000000000003
    vertex -4.879036790187089 -4.87903679018725 0.7200000000000004
    vertex -4.879036790187107 -4.879036790187252 0.8800000000000003
  endloop
endfacet
facet normal -0.7518398074789666 -0.6593458151000813 -9.335832342414487e-14
  outer loop
    vertex -4.879036790187089 -4.87903679018725 0.7200000000000004
    vertex -5.474138048009464 -4.2004538601602555 0.8800000000000003
    vertex -5.474138048009444 -4.200453860160254 0.7200000000000004
  endloop
endfacet
facet normal 0.19509032201614787 -0.9807852804032265 1.0464304804583033e-14
  outer loop
    vertex 1.7858514112075217 -6.664888201394532 0.8800000000000003
    vertex 0.9006307263185036 -6.840969543479268 0.7200000000000004
    vertex 1.7858514112075372 -6.664888201394531 0.7200000000000004
  endloop
endfacet
facet normal 0.19509032201614787 -0.9807852804032265 1.0464304804583033e-14
  outer loop
    vertex 0.9006307263185036 -6.840969543479268 0.7200000000000004
    vertex 1.7858514112075217 -6.664888201394532 0.8800000000000003
    vertex 0.9006307263184881 -6.84096954347927 0.8800000000000003
  endloop
endfacet
facet normal 0.3214394653031803 -0.9469301294950995 2.7359025659880836e-14
  outer loop
    vertex 2.640515683319241 -6.374768774327822 0.8800000000000003
    vertex 1.7858514112075372 -6.664888201394531 0.7200000000000004
    vertex 2.640515683319255 -6.374768774327822 0.7200000000000004
  endloop
endfacet
facet normal 0.3214394653031803 -0.9469301294950995 2.7359025659880836e-14
  outer loop
    vertex 1.7858514112075372 -6.664888201394531 0.7200000000000004
    vertex 2.640515683319241 -6.374768774327822 0.8800000000000003
    vertex 1.7858514112075217 -6.664888201394532 0.8800000000000003
  endloop
endfacet
facet normal 0.44228869021901934 -0.8968727415326795 4.083482029083924e-14
  outer loop
    vertex 3.450000000000112 -5.975575286112554 0.8800000000000003
    vertex 2.640515683319255 -6.374768774327822 0.7200000000000004
    vertex 3.4500000000001276 -5.975575286112554 0.7200000000000004
  endloop
endfacet
facet normal 0.44228869021901934 -0.8968727415326795 4.083482029083924e-14
  outer loop
    vertex 2.640515683319255 -6.374768774327822 0.7200000000000004
    vertex 3.450000000000112 -5.975575286112554 0.8800000000000003
    vertex 2.640515683319241 -6.374768774327822 0.8800000000000003
  endloop
endfacet
facet normal 0.8314696123025559 -0.5555702330195865 9.040699543138726e-14
  outer loop
    vertex 5.975575286112704 -3.4499999999998816 0.7200000000000004
    vertex 5.474138048009598 -4.200453860160062 0.8800000000000003
    vertex 5.474138048009615 -4.200453860160063 0.7200000000000004
  endloop
endfacet
facet normal 0.8314696123025559 -0.5555702330195865 9.040699543138726e-14
  outer loop
    vertex 5.474138048009598 -4.200453860160062 0.8800000000000003
    vertex 5.975575286112704 -3.4499999999998816 0.7200000000000004
    vertex 5.975575286112687 -3.4499999999998807 0.8800000000000003
  endloop
endfacet
facet normal 0.9469301294951116 -0.32143946530314416 1.0671795770568642e-13
  outer loop
    vertex 6.664888201394616 -1.7858514112072637 0.7200000000000004
    vertex 6.37476877432792 -2.6405156833189927 0.8800000000000003
    vertex 6.374768774327941 -2.6405156833189944 0.7200000000000004
  endloop
endfacet
facet normal 0.9469301294951116 -0.32143946530314416 1.0671795770568642e-13
  outer loop
    vertex 6.37476877432792 -2.6405156833189927 0.8800000000000003
    vertex 6.664888201394616 -1.7858514112072637 0.7200000000000004
    vertex 6.664888201394599 -1.785851411207262 0.8800000000000003
  endloop
endfacet
facet normal 0.9807852804032343 -0.19509032201610887 1.0486015719961695e-13
  outer loop
    vertex 6.8409695434793205 -0.9006307263182244 0.7200000000000004
    vertex 6.664888201394599 -1.785851411207262 0.8800000000000003
    vertex 6.664888201394616 -1.7858514112072637 0.7200000000000004
  endloop
endfacet
facet normal 0.9807852804032343 -0.19509032201610887 1.0486015719961695e-13
  outer loop
    vertex 6.664888201394599 -1.785851411207262 0.8800000000000003
    vertex 6.8409695434793205 -0.9006307263182244 0.7200000000000004
    vertex 6.840969543479304 -0.9006307263182229 0.8800000000000003
  endloop
endfacet
facet normal 0.9978589232386047 -0.06540312923012528 1.0603818304752039e-13
  outer loop
    vertex 6.900000000000013 1.3112844143847723e-13 0.7200000000000004
    vertex 6.840969543479304 -0.9006307263182229 0.8800000000000003
    vertex 6.8409695434793205 -0.9006307263182244 0.7200000000000004
  endloop
endfacet
facet normal 0.9978589232386047 -0.06540312923012528 1.0603818304752039e-13
  outer loop
    vertex 6.840969543479304 -0.9006307263182229 0.8800000000000003
    vertex 6.900000000000013 1.3112844143847723e-13 0.7200000000000004
    vertex 6.899999999999996 1.3253842467975118e-13 0.8800000000000003
  endloop
endfacet
facet normal 0.9978589232386023 0.06540312923016199 1.0923055085506938e-13
  outer loop
    vertex 6.840969543479287 0.9006307263184852 0.7200000000000004
    vertex 6.899999999999996 1.3253842467975118e-13 0.8800000000000003
    vertex 6.900000000000013 1.3112844143847723e-13 0.7200000000000004
  endloop
endfacet
facet normal 0.9978589232386023 0.06540312923016199 1.0923055085506938e-13
  outer loop
    vertex 6.899999999999996 1.3253842467975118e-13 0.8800000000000003
    vertex 6.840969543479287 0.9006307263184852 0.7200000000000004
    vertex 6.84096954347927 0.9006307263184866 0.8800000000000003
  endloop
endfacet
facet normal 0.4667272787359161 0.5322004619635794 -0.7063485793639847
  outer loop
    vertex 4.200453860160089 5.474138048009601 0.7200000000000004
    vertex 4.369919907732797 4.3699199077329265 0.0
    vertex 3.7621456312738197 4.902923642999888 0.0
  endloop
endfacet
facet normal 0.4667272787359161 0.5322004619635794 -0.7063485793639847
  outer loop
    vertex 4.369919907732797 4.3699199077329265 0.0
    vertex 4.200453860160089 5.474138048009601 0.7200000000000004
    vertex 4.879036790187104 4.8790367901872695 0.7200000000000004
  endloop
endfacet
facet normal 0.5322004619635645 0.46672727873593217 -0.7063485793639853
  outer loop
    vertex 4.879036790187104 4.8790367901872695 0.7200000000000004
    vertex 4.902923642999774 3.762145631273965 0.0
    vertex 4.369919907732797 4.3699199077329265 0.0
  endloop
endfacet
facet normal 0.5322004619635645 0.46672727873593217 -0.7063485793639853
  outer loop
    vertex 4.902923642999774 3.762145631273965 0.0
    vertex 4.879036790187104 4.8790367901872695 0.7200000000000004
    vertex 5.4741380480094595 4.200453860160274 0.7200000000000004
  endloop
endfacet
facet normal 0.04629653184615194 -0.7063485793639771 -0.7063485793639778
  outer loop
    vertex 0.8066518679200109 -6.12712924329013 0.0
    vertex 1.4945822357503855e-13 -6.899999999999994 0.7200000000000004
    vertex 9.305889392408061e-14 -6.179999999999995 0.0
  endloop
endfacet
facet normal 0.04629653184615194 -0.7063485793639771 -0.7063485793639778
  outer loop
    vertex 1.4945822357503855e-13 -6.899999999999994 0.7200000000000004
    vertex 0.8066518679200109 -6.12712924329013 0.0
    vertex 0.9006307263185036 -6.840969543479268 0.7200000000000004
  endloop
endfacet
facet normal -0.6942627593342426 -0.13809744904272003 -0.7063485793639689
  outer loop
    vertex -6.127129243290141 -0.806651867920025 0.0
    vertex -6.664888201394532 -1.7858514112074935 0.7200000000000004
    vertex -6.840969543479267 -0.9006307263184584 0.7200000000000004
  endloop
endfacet
facet normal -0.6942627593342426 -0.13809744904272003 -0.7063485793639689
  outer loop
    vertex -6.664888201394532 -1.7858514112074935 0.7200000000000004
    vertex -6.127129243290141 -0.806651867920025 0.0
    vertex -5.969421606466421 -1.59950169873368 0.0
  endloop
endfacet
facet normal -0.6702979110062881 -0.22753548059832154 -0.706348579363969
  outer loop
    vertex -5.969421606466421 -1.59950169873368 0.0
    vertex -6.374768774327825 -2.6405156833192165 0.7200000000000004
    vertex -6.664888201394532 -1.7858514112074935 0.7200000000000004
  endloop
endfacet
facet normal -0.6702979110062881 -0.22753548059832154 -0.706348579363969
  outer loop
    vertex -6.374768774327825 -2.6405156833192165 0.7200000000000004
    vertex -5.969421606466421 -1.59950169873368 0.0
    vertex -5.709575510919717 -2.3649836120163514 0.0
  endloop
endfacet
facet normal -0.6348640795793256 -0.3130803169961311 -0.7063485793639696
  outer loop
    vertex -5.709575510919717 -2.3649836120163514 0.0
    vertex -5.975575286112561 -3.4500000000000894 0.7200000000000004
    vertex -6.374768774327825 -2.6405156833192165 0.7200000000000004
  endloop
endfacet
facet normal -0.6348640795793256 -0.3130803169961311 -0.7063485793639696
  outer loop
    vertex -5.975575286112561 -3.4500000000000894 0.7200000000000004
    vertex -5.709575510919717 -2.3649836120163514 0.0
    vertex -5.352036995387784 -3.09000000000009 0.0
  endloop
endfacet
facet normal -0.5885675477331836 -0.3932682623678751 -0.7063485793639701
  outer loop
    vertex -5.352036995387784 -3.09000000000009 0.0
    vertex -5.474138048009444 -4.200453860160254 0.7200000000000004
    vertex -5.975575286112561 -3.4500000000000894 0.7200000000000004
  endloop
endfacet
facet normal -0.5885675477331836 -0.3932682623678751 -0.7063485793639701
  outer loop
    vertex -5.474138048009444 -4.200453860160254 0.7200000000000004
    vertex -5.352036995387784 -3.09000000000009 0.0
    vertex -4.902923642999775 -3.762145631273974 0.0
  endloop
endfacet
facet normal -0.5322004619635748 -0.4667272787359424 -0.7063485793639706
  outer loop
    vertex -4.902923642999775 -3.762145631273974 0.0
    vertex -4.879036790187089 -4.87903679018725 0.7200000000000004
    vertex -5.474138048009444 -4.200453860160254 0.7200000000000004
  endloop
endfacet
facet normal -0.5322004619635748 -0.4667272787359424 -0.7063485793639706
  outer loop
    vertex -4.879036790187089 -4.87903679018725 0.7200000000000004
    vertex -4.902923642999775 -3.762145631273974 0.0
    vertex -4.369919907732796 -4.3699199077329345 0.0
  endloop
endfacet
facet normal -0.4667272787359243 -0.5322004619635897 -0.7063485793639713
  outer loop
    vertex -4.369919907732796 -4.3699199077329345 0.0
    vertex -4.200453860160075 -5.474138048009583 0.7200000000000004
    vertex -4.879036790187089 -4.87903679018725 0.7200000000000004
  endloop
endfacet
facet normal -0.4667272787359243 -0.5322004619635897 -0.7063485793639713
  outer loop
    vertex -4.200453860160075 -5.474138048009583 0.7200000000000004
    vertex -4.369919907732796 -4.3699199077329345 0.0
    vertex -3.7621456312738166 -4.902923642999892 0.0
  endloop
endfacet
facet normal -0.39326826236785434 -0.5885675477331949 -0.7063485793639723
  outer loop
    vertex -3.7621456312738166 -4.902923642999892 0.0
    vertex -3.4499999999998945 -5.975575286112675 0.7200000000000004
    vertex -4.200453860160075 -5.474138048009583 0.7200000000000004
  endloop
endfacet
facet normal -0.39326826236785434 -0.5885675477331949 -0.7063485793639723
  outer loop
    vertex -3.4499999999998945 -5.975575286112675 0.7200000000000004
    vertex -3.7621456312738166 -4.902923642999892 0.0
    vertex -3.0899999999999164 -5.352036995387879 0.0
  endloop
endfacet
facet normal -0.3130803169961093 -0.6348640795793322 -0.7063485793639731
  outer loop
    vertex -3.0899999999999164 -5.352036995387879 0.0
    vertex -2.6405156833190078 -6.374768774327915 0.7200000000000004
    vertex -3.4499999999998945 -5.975575286112675 0.7200000000000004
  endloop
endfacet
facet normal -0.3130803169961093 -0.6348640795793322 -0.7063485793639731
  outer loop
    vertex -2.6405156833190078 -6.374768774327915 0.7200000000000004
    vertex -3.0899999999999164 -5.352036995387879 0.0
    vertex -2.3649836120161667 -5.709575510919787 0.0
  endloop
endfacet
facet normal -0.7063485793639861 -0.046296531846151484 -0.7063485793639688
  outer loop
    vertex -6.899999999999989 -1.0292877661299825e-13 0.7200000000000004
    vertex -6.127129243290141 -0.806651867920025 0.0
    vertex -6.840969543479267 -0.9006307263184584 0.7200000000000004
  endloop
endfacet
facet normal -0.7063485793639861 -0.046296531846151484 -0.7063485793639688
  outer loop
    vertex -6.127129243290141 -0.806651867920025 0.0
    vertex -6.899999999999989 -1.0292877661299825e-13 0.7200000000000004
    vertex -6.180000000000007 -1.071587263368201e-13 0.0
  endloop
endfacet
facet normal -0.4667272787359406 0.5322004619635738 -0.7063485793639724
  outer loop
    vertex -4.2004538601602475 5.474138048009462 0.7200000000000004
    vertex -4.369919907732931 4.369919907732807 0.0
    vertex -4.879036790187243 4.879036790187108 0.7200000000000004
  endloop
endfacet
facet normal -0.4667272787359406 0.5322004619635738 -0.7063485793639724
  outer loop
    vertex -4.369919907732931 4.369919907732807 0.0
    vertex -4.2004538601602475 5.474138048009462 0.7200000000000004
    vertex -3.762145631273969 4.902923642999785 0.0
  endloop
endfacet
facet normal -0.5322004619635887 0.4667272787359253 -0.7063485793639717
  outer loop
    vertex -4.879036790187243 4.879036790187108 0.7200000000000004
    vertex -4.902923642999892 3.7621456312738295 0.0
    vertex -5.474138048009576 4.200453860160094 0.7200000000000004
  endloop
endfacet
facet normal -0.5322004619635887 0.4667272787359253 -0.7063485793639717
  outer loop
    vertex -4.902923642999892 3.7621456312738295 0.0
    vertex -4.879036790187243 4.879036790187108 0.7200000000000004
    vertex -4.369919907732931 4.369919907732807 0.0
  endloop
endfacet
facet normal -0.5885675477331953 0.3932682623678561 -0.706348579363971
  outer loop
    vertex -5.474138048009576 4.200453860160094 0.7200000000000004
    vertex -5.35203699538788 3.0899999999999292 0.0
    vertex -5.97557528611267 3.449999999999913 0.7200000000000004
  endloop
endfacet
facet normal -0.5885675477331953 0.3932682623678561 -0.706348579363971
  outer loop
    vertex -5.35203699538788 3.0899999999999292 0.0
    vertex -5.474138048009576 4.200453860160094 0.7200000000000004
    vertex -4.902923642999892 3.7621456312738295 0.0
  endloop
endfacet
facet normal -0.6348640795793341 0.31308031699611044 -0.706348579363971
  outer loop
    vertex -5.97557528611267 3.449999999999913 0.7200000000000004
    vertex -5.709575510919803 2.3649836120161525 0.0
    vertex -6.37476877432791 2.640515683319027 0.7200000000000004
  endloop
endfacet
facet normal -0.6348640795793341 0.31308031699611044 -0.706348579363971
  outer loop
    vertex -5.709575510919803 2.3649836120161525 0.0
    vertex -5.97557528611267 3.449999999999913 0.7200000000000004
    vertex -5.35203699538788 3.0899999999999292 0.0
  endloop
endfacet
facet normal 0.22753548059831813 -0.6702979110062771 -0.7063485793639804
  outer loop
    vertex 2.3649836120163386 -5.70957551091971 0.0
    vertex 1.7858514112075372 -6.664888201394531 0.7200000000000004
    vertex 1.599501698733666 -5.969421606466412 0.0
  endloop
endfacet
facet normal 0.22753548059831813 -0.6702979110062771 -0.7063485793639804
  outer loop
    vertex 1.7858514112075372 -6.664888201394531 0.7200000000000004
    vertex 2.3649836120163386 -5.70957551091971 0.0
    vertex 2.640515683319255 -6.374768774327822 0.7200000000000004
  endloop
endfacet
facet normal 0.6702979110062791 -0.22753548059829282 -0.7063485793639867
  outer loop
    vertex 5.969421606466459 -1.5995016987334862 0.0
    vertex 6.374768774327941 -2.6405156833189944 0.7200000000000004
    vertex 5.709575510919779 -2.3649836120161654 0.0
  endloop
endfacet
facet normal 0.6702979110062791 -0.22753548059829282 -0.7063485793639867
  outer loop
    vertex 6.374768774327941 -2.6405156833189944 0.7200000000000004
    vertex 5.969421606466459 -1.5995016987334862 0.0
    vertex 6.664888201394616 -1.7858514112072637 0.7200000000000004
  endloop
endfacet
facet normal 0.6942627593342299 -0.13809744904269264 -0.7063485793639867
  outer loop
    vertex 6.127129243290151 -0.8066518679198247 0.0
    vertex 6.664888201394616 -1.7858514112072637 0.7200000000000004
    vertex 5.969421606466459 -1.5995016987334862 0.0
  endloop
endfacet
facet normal 0.6942627593342299 -0.13809744904269264 -0.7063485793639867
  outer loop
    vertex 6.664888201394616 -1.7858514112072637 0.7200000000000004
    vertex 6.127129243290151 -0.8066518679198247 0.0
    vertex 6.8409695434793205 -0.9006307263182244 0.7200000000000004
  endloop
endfacet
facet normal 0.7063485793639698 -0.04629653184612708 -0.7063485793639869
  outer loop
    vertex 6.1799999999999935 9.305889392408061e-14 0.0
    vertex 6.8409695434793205 -0.9006307263182244 0.7200000000000004
    vertex 6.127129243290151 -0.8066518679198247 0.0
  endloop
endfacet
facet normal 0.7063485793639698 -0.04629653184612708 -0.7063485793639869
  outer loop
    vertex 6.8409695434793205 -0.9006307263182244 0.7200000000000004
    vertex 6.1799999999999935 9.305889392408061e-14 0.0
    vertex 6.900000000000013 1.3112844143847723e-13 0.7200000000000004
  endloop
endfacet
facet normal 0.706348579363968 0.046296531846150235 -0.7063485793639871
  outer loop
    vertex 6.840969543479287 0.9006307263184852 0.7200000000000004
    vertex 6.1799999999999935 9.305889392408061e-14 0.0
    vertex 6.1271292432901285 0.8066518679200094 0.0
  endloop
endfacet
facet normal 0.706348579363968 0.046296531846150235 -0.7063485793639871
  outer loop
    vertex 6.1799999999999935 9.305889392408061e-14 0.0
    vertex 6.840969543479287 0.9006307263184852 0.7200000000000004
    vertex 6.900000000000013 1.3112844143847723e-13 0.7200000000000004
  endloop
endfacet
facet normal 0.6942627593342249 0.13809744904271629 -0.706348579363987
  outer loop
    vertex 6.664888201394551 1.7858514112075188 0.7200000000000004
    vertex 6.1271292432901285 0.8066518679200094 0.0
    vertex 5.969421606466411 1.5995016987336674 0.0
  endloop
endfacet
facet normal 0.6942627593342249 0.13809744904271629 -0.706348579363987
  outer loop
    vertex 6.1271292432901285 0.8066518679200094 0.0
    vertex 6.664888201394551 1.7858514112075188 0.7200000000000004
    vertex 6.840969543479287 0.9006307263184852 0.7200000000000004
  endloop
endfacet
facet normal 0.670297911006272 0.22753548059831524 -0.7063485793639864
  outer loop
    vertex 6.374768774327842 2.6405156833192396 0.7200000000000004
    vertex 5.969421606466411 1.5995016987336674 0.0
    vertex 5.709575510919711 2.3649836120163386 0.0
  endloop
endfacet
facet normal 0.670297911006272 0.22753548059831524 -0.7063485793639864
  outer loop
    vertex 5.969421606466411 1.5995016987336674 0.0
    vertex 6.374768774327842 2.6405156833192396 0.7200000000000004
    vertex 6.664888201394551 1.7858514112075188 0.7200000000000004
  endloop
endfacet
facet normal 0.6348640795793109 0.3130803169961237 -0.7063485793639861
  outer loop
    vertex 5.975575286112575 3.450000000000112 0.7200000000000004
    vertex 5.709575510919711 2.3649836120163386 0.0
    vertex 5.352036995387781 3.0900000000000785 0.0
  endloop
endfacet
facet normal 0.6348640795793109 0.3130803169961237 -0.7063485793639861
  outer loop
    vertex 5.709575510919711 2.3649836120163386 0.0
    vertex 5.975575286112575 3.450000000000112 0.7200000000000004
    vertex 6.374768774327842 2.6405156833192396 0.7200000000000004
  endloop
endfacet
facet normal 0.588567547733171 0.3932682623678662 -0.7063485793639857
  outer loop
    vertex 5.4741380480094595 4.200453860160274 0.7200000000000004
    vertex 5.352036995387781 3.0900000000000785 0.0
    vertex 4.902923642999774 3.762145631273965 0.0
  endloop
endfacet
facet normal 0.588567547733171 0.3932682623678662 -0.7063485793639857
  outer loop
    vertex 5.352036995387781 3.0900000000000785 0.0
    vertex 5.4741380480094595 4.200453860160274 0.7200000000000004
    vertex 5.975575286112575 3.450000000000112 0.7200000000000004
  endloop
endfacet
facet normal 0.3932682623678484 0.5885675477331853 -0.7063485793639837
  outer loop
    vertex 3.449999999999909 5.975575286112691 0.7200000000000004
    vertex 3.7621456312738197 4.902923642999888 0.0
    vertex 3.0899999999999195 5.352036995387877 0.0
  endloop
endfacet
facet normal 0.3932682623678484 0.5885675477331853 -0.7063485793639837
  outer loop
    vertex 3.7621456312738197 4.902923642999888 0.0
    vertex 3.449999999999909 5.975575286112691 0.7200000000000004
    vertex 4.200453860160089 5.474138048009601 0.7200000000000004
  endloop
endfacet
facet normal 0.3130803169961053 0.6348640795793234 -0.7063485793639828
  outer loop
    vertex 2.6405156833190238 6.374768774327929 0.7200000000000004
    vertex 3.0899999999999195 5.352036995387877 0.0
    vertex 2.3649836120161694 5.709575510919787 0.0
  endloop
endfacet
facet normal 0.3130803169961053 0.6348640795793234 -0.7063485793639828
  outer loop
    vertex 3.0899999999999195 5.352036995387877 0.0
    vertex 2.6405156833190238 6.374768774327929 0.7200000000000004
    vertex 3.449999999999909 5.975575286112691 0.7200000000000004
  endloop
endfacet
facet normal 0.22753548059829498 0.6702979110062838 -0.7063485793639815
  outer loop
    vertex 1.7858514112072932 6.664888201394608 0.7200000000000004
    vertex 2.3649836120161694 5.709575510919787 0.0
    vertex 1.5995016987334885 5.969421606466468 0.0
  endloop
endfacet
facet normal 0.22753548059829498 0.6702979110062838 -0.7063485793639815
  outer loop
    vertex 2.3649836120161694 5.709575510919787 0.0
    vertex 1.7858514112072932 6.664888201394608 0.7200000000000004
    vertex 2.6405156833190238 6.374768774327929 0.7200000000000004
  endloop
endfacet
facet normal 0.1380974490426958 0.6942627593342358 -0.7063485793639802
  outer loop
    vertex 0.900630726318254 6.8409695434793125 0.7200000000000004
    vertex 1.5995016987334885 5.969421606466468 0.0
    vertex 0.8066518679198261 6.127129243290162 0.0
  endloop
endfacet
facet normal 0.1380974490426958 0.6942627593342358 -0.7063485793639802
  outer loop
    vertex 1.5995016987334885 5.969421606466468 0.0
    vertex 0.900630726318254 6.8409695434793125 0.7200000000000004
    vertex 1.7858514112072932 6.664888201394608 0.7200000000000004
  endloop
endfacet
facet normal 0.046296531846128176 0.7063485793639774 -0.7063485793639791
  outer loop
    vertex 0.900630726318254 6.8409695434793125 0.7200000000000004
    vertex -9.305889392408061e-14 6.180000000000005 0.0
    vertex -1.0151879337172431e-13 6.9000000000000075 0.7200000000000004
  endloop
endfacet
facet normal 0.046296531846128176 0.7063485793639774 -0.7063485793639791
  outer loop
    vertex -9.305889392408061e-14 6.180000000000005 0.0
    vertex 0.900630726318254 6.8409695434793125 0.7200000000000004
    vertex 0.8066518679198261 6.127129243290162 0.0
  endloop
endfacet
facet normal -0.04629653184614988 0.7063485793639771 -0.7063485793639779
  outer loop
    vertex -1.0151879337172431e-13 6.9000000000000075 0.7200000000000004
    vertex -0.8066518679200123 6.12712924329014 0.0
    vertex -0.900630726318457 6.840969543479281 0.7200000000000004
  endloop
endfacet
facet normal -0.04629653184614988 0.7063485793639771 -0.7063485793639779
  outer loop
    vertex -0.8066518679200123 6.12712924329014 0.0
    vertex -1.0151879337172431e-13 6.9000000000000075 0.7200000000000004
    vertex -9.305889392408061e-14 6.180000000000005 0.0
  endloop
endfacet
facet normal -0.1380974490427173 0.694262759334235 -0.7063485793639769
  outer loop
    vertex -0.900630726318457 6.840969543479281 0.7200000000000004
    vertex -1.5995016987336703 5.9694216064664225 0.0
    vertex -1.7858514112074892 6.6648882013945485 0.7200000000000004
  endloop
endfacet
facet normal -0.1380974490427173 0.694262759334235 -0.7063485793639769
  outer loop
    vertex -1.5995016987336703 5.9694216064664225 0.0
    vertex -0.900630726318457 6.840969543479281 0.7200000000000004
    vertex -0.8066518679200123 6.12712924329014 0.0
  endloop
endfacet
facet normal -0.2275354805983179 0.6702979110062822 -0.7063485793639758
  outer loop
    vertex -1.7858514112074892 6.6648882013945485 0.7200000000000004
    vertex -2.364983612016341 5.709575510919723 0.0
    vertex -2.6405156833192107 6.374768774327842 0.7200000000000004
  endloop
endfacet
facet normal -0.2275354805983179 0.6702979110062822 -0.7063485793639758
  outer loop
    vertex -2.364983612016341 5.709575510919723 0.0
    vertex -1.7858514112074892 6.6648882013945485 0.7200000000000004
    vertex -1.5995016987336703 5.9694216064664225 0.0
  endloop
endfacet
facet normal -0.3130803169961283 0.6348640795793216 -0.7063485793639744
  outer loop
    vertex -2.6405156833192107 6.374768774327842 0.7200000000000004
    vertex -3.0900000000000816 5.352036995387792 0.0
    vertex -3.4500000000000832 5.975575286112578 0.7200000000000004
  endloop
endfacet
facet normal -0.3130803169961283 0.6348640795793216 -0.7063485793639744
  outer loop
    vertex -3.0900000000000816 5.352036995387792 0.0
    vertex -2.6405156833192107 6.374768774327842 0.7200000000000004
    vertex -2.364983612016341 5.709575510919723 0.0
  endloop
endfacet
facet normal -0.3932682623678718 0.588567547733182 -0.7063485793639733
  outer loop
    vertex -3.4500000000000832 5.975575286112578 0.7200000000000004
    vertex -3.762145631273969 4.902923642999785 0.0
    vertex -4.2004538601602475 5.474138048009462 0.7200000000000004
  endloop
endfacet
facet normal -0.3932682623678718 0.588567547733182 -0.7063485793639733
  outer loop
    vertex -3.762145631273969 4.902923642999785 0.0
    vertex -3.4500000000000832 5.975575286112578 0.7200000000000004
    vertex -3.0900000000000816 5.352036995387792 0.0
  endloop
endfacet
facet normal -0.22753548059829634 -0.6702979110062915 -0.7063485793639738
  outer loop
    vertex -2.3649836120161667 -5.709575510919787 0.0
    vertex -1.7858514112072452 -6.664888201394603 0.7200000000000004
    vertex -2.6405156833190078 -6.374768774327915 0.7200000000000004
  endloop
endfacet
facet normal -0.22753548059829634 -0.6702979110062915 -0.7063485793639738
  outer loop
    vertex -1.7858514112072452 -6.664888201394603 0.7200000000000004
    vertex -2.3649836120161667 -5.709575510919787 0.0
    vertex -1.5995016987334862 -5.969421606466464 0.0
  endloop
endfacet
facet normal -0.1380974490426946 -0.6942627593342409 -0.7063485793639755
  outer loop
    vertex -1.5995016987334862 -5.969421606466464 0.0
    vertex -0.9006307263182061 -6.840969543479305 0.7200000000000004
    vertex -1.7858514112072452 -6.664888201394603 0.7200000000000004
  endloop
endfacet
facet normal -0.1380974490426946 -0.6942627593342409 -0.7063485793639755
  outer loop
    vertex -0.9006307263182061 -6.840969543479305 0.7200000000000004
    vertex -1.5995016987334862 -5.969421606466464 0.0
    vertex -0.8066518679198247 -6.127129243290158 0.0
  endloop
endfacet
facet normal -0.046296531846125706 -0.70634857936398 -0.7063485793639767
  outer loop
    vertex 1.4945822357503855e-13 -6.899999999999994 0.7200000000000004
    vertex -0.8066518679198247 -6.127129243290158 0.0
    vertex 9.305889392408061e-14 -6.179999999999995 0.0
  endloop
endfacet
facet normal -0.046296531846125706 -0.70634857936398 -0.7063485793639767
  outer loop
    vertex -0.8066518679198247 -6.127129243290158 0.0
    vertex 1.4945822357503855e-13 -6.899999999999994 0.7200000000000004
    vertex -0.9006307263182061 -6.840969543479305 0.7200000000000004
  endloop
endfacet
facet normal 0.13809744904271903 -0.6942627593342323 -0.7063485793639792
  outer loop
    vertex 1.599501698733666 -5.969421606466412 0.0
    vertex 0.9006307263185036 -6.840969543479268 0.7200000000000004
    vertex 0.8066518679200109 -6.12712924329013 0.0
  endloop
endfacet
facet normal 0.13809744904271903 -0.6942627593342323 -0.7063485793639792
  outer loop
    vertex 0.9006307263185036 -6.840969543479268 0.7200000000000004
    vertex 1.599501698733666 -5.969421606466412 0.0
    vertex 1.7858514112075372 -6.664888201394531 0.7200000000000004
  endloop
endfacet
facet normal 0.3130803169961271 -0.6348640795793142 -0.7063485793639815
  outer loop
    vertex 3.090000000000077 -5.3520369953877776 0.0
    vertex 2.640515683319255 -6.374768774327822 0.7200000000000004
    vertex 2.3649836120163386 -5.70957551091971 0.0
  endloop
endfacet
facet normal 0.3130803169961271 -0.6348640795793142 -0.7063485793639815
  outer loop
    vertex 2.640515683319255 -6.374768774327822 0.7200000000000004
    vertex 3.090000000000077 -5.3520369953877776 0.0
    vertex 3.4500000000001276 -5.975575286112554 0.7200000000000004
  endloop
endfacet
facet normal 0.3932682623678686 -0.5885675477331734 -0.7063485793639823
  outer loop
    vertex 3.762145631273962 -4.902923642999771 0.0
    vertex 3.4500000000001276 -5.975575286112554 0.7200000000000004
    vertex 3.090000000000077 -5.3520369953877776 0.0
  endloop
endfacet
facet normal 0.3932682623678686 -0.5885675477331734 -0.7063485793639823
  outer loop
    vertex 3.4500000000001276 -5.975575286112554 0.7200000000000004
    vertex 3.762145631273962 -4.902923642999771 0.0
    vertex 4.200453860160291 -5.4741380480094355 0.7200000000000004
  endloop
endfacet
facet normal 0.46672727873593517 -0.5322004619635643 -0.7063485793639833
  outer loop
    vertex 4.369919907732923 -4.369919907732792 0.0
    vertex 4.200453860160291 -5.4741380480094355 0.7200000000000004
    vertex 3.762145631273962 -4.902923642999771 0.0
  endloop
endfacet
facet normal 0.46672727873593517 -0.5322004619635643 -0.7063485793639833
  outer loop
    vertex 4.200453860160291 -5.4741380480094355 0.7200000000000004
    vertex 4.369919907732923 -4.369919907732792 0.0
    vertex 4.879036790187284 -4.879036790187078 0.7200000000000004
  endloop
endfacet
facet normal 0.53220046196358 -0.46672727873591624 -0.7063485793639842
  outer loop
    vertex 4.902923642999884 -3.762145631273815 0.0
    vertex 4.879036790187284 -4.879036790187078 0.7200000000000004
    vertex 4.369919907732923 -4.369919907732792 0.0
  endloop
endfacet
facet normal 0.53220046196358 -0.46672727873591624 -0.7063485793639842
  outer loop
    vertex 4.879036790187284 -4.879036790187078 0.7200000000000004
    vertex 4.902923642999884 -3.762145631273815 0.0
    vertex 5.474138048009615 -4.200453860160063 0.7200000000000004
  endloop
endfacet
facet normal 0.588567547733185 -0.39326826236784646 -0.706348579363985
  outer loop
    vertex 5.352036995387871 -3.089999999999915 0.0
    vertex 5.474138048009615 -4.200453860160063 0.7200000000000004
    vertex 4.902923642999884 -3.762145631273815 0.0
  endloop
endfacet
facet normal 0.588567547733185 -0.39326826236784646 -0.706348579363985
  outer loop
    vertex 5.474138048009615 -4.200453860160063 0.7200000000000004
    vertex 5.352036995387871 -3.089999999999915 0.0
    vertex 5.975575286112704 -3.4499999999998816 0.7200000000000004
  endloop
endfacet
facet normal 0.6348640795793212 -0.3130803169961028 -0.7063485793639859
  outer loop
    vertex 5.709575510919779 -2.3649836120161654 0.0
    vertex 5.975575286112704 -3.4499999999998816 0.7200000000000004
    vertex 5.352036995387871 -3.089999999999915 0.0
  endloop
endfacet
facet normal 0.6348640795793212 -0.3130803169961028 -0.7063485793639859
  outer loop
    vertex 5.975575286112704 -3.4499999999998816 0.7200000000000004
    vertex 5.709575510919779 -2.3649836120161654 0.0
    vertex 6.374768774327941 -2.6405156833189944 0.7200000000000004
  endloop
endfacet
facet normal -0.6702979110062953 0.2275354805982982 -0.7063485793639697
  outer loop
    vertex -6.37476877432791 2.640515683319027 0.7200000000000004
    vertex -5.9694216064664785 1.599501698733473 0.0
    vertex -6.6648882013945885 1.7858514112072945 0.7200000000000004
  endloop
endfacet
facet normal -0.6702979110062953 0.2275354805982982 -0.7063485793639697
  outer loop
    vertex -5.9694216064664785 1.599501698733473 0.0
    vertex -6.37476877432791 2.640515683319027 0.7200000000000004
    vertex -5.709575510919803 2.3649836120161525 0.0
  endloop
endfacet
facet normal -0.6942627593342469 0.1380974490426967 -0.7063485793639692
  outer loop
    vertex -6.6648882013945885 1.7858514112072945 0.7200000000000004
    vertex -6.12712924329017 0.8066518679198106 0.0
    vertex -6.840969543479296 0.900630726318254 0.7200000000000004
  endloop
endfacet
facet normal -0.6942627593342469 0.1380974490426967 -0.7063485793639692
  outer loop
    vertex -6.12712924329017 0.8066518679198106 0.0
    vertex -6.6648882013945885 1.7858514112072945 0.7200000000000004
    vertex -5.9694216064664785 1.599501698733473 0.0
  endloop
endfacet
facet normal -0.7063485793639876 0.04629653184612772 -0.7063485793639689
  outer loop
    vertex -6.899999999999989 -1.0292877661299825e-13 0.7200000000000004
    vertex -6.12712924329017 0.8066518679198106 0.0
    vertex -6.180000000000007 -1.071587263368201e-13 0.0
  endloop
endfacet
facet normal -0.7063485793639876 0.04629653184612772 -0.7063485793639689
  outer loop
    vertex -6.12712924329017 0.8066518679198106 0.0
    vertex -6.899999999999989 -1.0292877661299825e-13 0.7200000000000004
    vertex -6.840969543479296 0.900630726318254 0.7200000000000004
  endloop
endfacet
facet normal 0.0 0.0 -1.0
  outer loop
    vertex -6.12712924329017 0.8066518679198106 0.0
    vertex -6.127129243290141 -0.806651867920025 0.0
    vertex -6.180000000000007 -1.071587263368201e-13 0.0
  endloop
endfacet
facet normal 0.0 0.0 -1.0
  outer loop
    vertex -6.127129243290141 -0.806651867920025 0.0
    vertex -6.12712924329017 0.8066518679198106 0.0
    vertex -5.9694216064664785 1.599501698733473 0.0
  endloop
endfacet
facet normal 0.0 0.0 -1.0
  outer loop
    vertex -6.127129243290141 -0.806651867920025 0.0
    vertex -5.9694216064664785 1.599501698733473 0.0
    vertex -5.969421606466421 -1.59950169873368 0.0
  endloop
endfacet
facet normal 0.0 0.0 -1.0
  outer loop
    vertex -5.969421606466421 -1.59950169873368 0.0
    vertex -5.9694216064664785 1.599501698733473 0.0
    vertex -5.709575510919803 2.3649836120161525 0.0
  endloop
endfacet
facet normal 0.0 0.0 -1.0
  outer loop
    vertex -5.969421606466421 -1.59950169873368 0.0
    vertex -5.709575510919803 2.3649836120161525 0.0
    vertex -5.709575510919717 -2.3649836120163514 0.0
  endloop
endfacet
facet normal 0.0 0.0 -1.0
  outer loop
    vertex -5.709575510919717 -2.3649836120163514 0.0
    vertex -5.709575510919803 2.3649836120161525 0.0
    vertex -5.35203699538788 3.0899999999999292 0.0
  endloop
endfacet
facet normal 0.0 0.0 -1.0
  outer loop
    vertex -5.709575510919717 -2.3649836120163514 0.0
    vertex -5.35203699538788 3.0899999999999292 0.0
    vertex -5.352036995387784 -3.09000000000009 0.0
  endloop
endfacet
facet normal 0.0 0.0 -1.0
  outer loop
    vertex -5.352036995387784 -3.09000000000009 0.0
    vertex -5.35203699538788 3.0899999999999292 0.0
    vertex -4.902923642999892 3.7621456312738295 0.0
  endloop
endfacet
facet normal 0.0 0.0 -1.0
  outer loop
    vertex -5.352036995387784 -3.09000000000009 0.0
    vertex -4.902923642999892 3.7621456312738295 0.0
    vertex -4.902923642999775 -3.762145631273974 0.0
  endloop
endfacet
facet normal 0.0 0.0 -1.0
  outer loop
    vertex -4.902923642999775 -3.762145631273974 0.0
    vertex -4.902923642999892 3.7621456312738295 0.0
    vertex -4.369919907732931 4.369919907732807 0.0
  endloop
endfacet
facet normal 0.0 0.0 -1.0
  outer loop
    vertex -4.902923642999775 -3.762145631273974 0.0
    vertex -4.369919907732931 4.369919907732807 0.0
    vertex -4.369919907732796 -4.3699199077329345 0.0
  endloop
endfacet
facet normal 0.0 0.0 -1.0
  outer loop
    vertex -4.369919907732796 -4.3699199077329345 0.0
    vertex -4.369919907732931 4.369919907732807 0.0
    vertex -3.762145631273969 4.902923642999785 0.0
  endloop
endfacet
facet normal 0.0 0.0 -1.0
  outer loop
    vertex -4.369919907732796 -4.3699199077329345 0.0
    vertex -3.762145631273969 4.902923642999785 0.0
    vertex -3.7621456312738166 -4.902923642999892 0.0
  endloop
endfacet
facet normal 0.0 0.0 -1.0
  outer loop
    vertex -3.7621456312738166 -4.902923642999892 0.0
    vertex -3.762145631273969 4.902923642999785 0.0
    vertex -3.0900000000000816 5.352036995387792 0.0
  endloop
endfacet
facet normal 0.0 0.0 -1.0
  outer loop
    vertex -3.7621456312738166 -4.902923642999892 0.0
    vertex -3.0900000000000816 5.352036995387792 0.0
    vertex -3.0899999999999164 -5.352036995387879 0.0
  endloop
endfacet
facet normal 0.0 0.0 -1.0
  outer loop
    vertex -3.0899999999999164 -5.352036995387879 0.0
    vertex -3.0900000000000816 5.352036995387792 0.0
    vertex -2.364983612016341 5.709575510919723 0.0
  endloop
endfacet
facet normal 0.0 0.0 -1.0
  outer loop
    vertex -3.0899999999999164 -5.352036995387879 0.0
    vertex -2.364983612016341 5.709575510919723 0.0
    vertex -2.3649836120161667 -5.709575510919787 0.0
  endloop
endfacet
facet normal 0.0 0.0 -1.0
  outer loop
    vertex -2.3649836120161667 -5.709575510919787 0.0
    vertex -2.364983612016341 5.709575510919723 0.0
    vertex -1.5995016987336703 5.9694216064664225 0.0
  endloop
endfacet
facet normal 0.0 0.0 -1.0
  outer loop
    vertex -2.3649836120161667 -5.709575510919787 0.0
    vertex -1.5995016987336703 5.9694216064664225 0.0
    vertex -1.5995016987334862 -5.969421606466464 0.0
  endloop
endfacet
facet normal 0.0 0.0 -1.0
  outer loop
    vertex -1.5995016987334862 -5.969421606466464 0.0
    vertex -1.5995016987336703 5.9694216064664225 0.0
    vertex -0.8066518679200123 6.12712924329014 0.0
  endloop
endfacet
facet normal 0.0 0.0 -1.0
  outer loop
    vertex -1.5995016987334862 -5.969421606466464 0.0
    vertex -0.8066518679200123 6.12712924329014 0.0
    vertex -0.8066518679198247 -6.127129243290158 0.0
  endloop
endfacet
facet normal 0.0 0.0 -1.0
  outer loop
    vertex -0.8066518679198247 -6.127129243290158 0.0
    vertex -0.8066518679200123 6.12712924329014 0.0
    vertex -9.305889392408061e-14 6.180000000000005 0.0
  endloop
endfacet
facet normal 0.0 0.0 -1.0
  outer loop
    vertex -0.8066518679198247 -6.127129243290158 0.0
    vertex -9.305889392408061e-14 6.180000000000005 0.0
    vertex 9.305889392408061e-14 -6.179999999999995 0.0
  endloop
endfacet
facet normal 0.0 0.0 -1.0
  outer loop
    vertex 9.305889392408061e-14 -6.179999999999995 0.0
    vertex -9.305889392408061e-14 6.180000000000005 0.0
    vertex 0.8066518679198261 6.127129243290162 0.0
  endloop
endfacet
facet normal 0.0 0.0 -1.0
  outer loop
    vertex 9.305889392408061e-14 -6.179999999999995 0.0
    vertex 0.8066518679198261 6.127129243290162 0.0
    vertex 0.8066518679200109 -6.12712924329013 0.0
  endloop
endfacet
facet normal 0.0 0.0 -1.0
  outer loop
    vertex 0.8066518679200109 -6.12712924329013 0.0
    vertex 0.8066518679198261 6.127129243290162 0.0
    vertex 1.5995016987334885 5.969421606466468 0.0
  endloop
endfacet
facet normal 0.0 0.0 -1.0
  outer loop
    vertex 0.8066518679200109 -6.12712924329013 0.0
    vertex 1.5995016987334885 5.969421606466468 0.0
    vertex 1.599501698733666 -5.969421606466412 0.0
  endloop
endfacet
facet normal 0.0 0.0 -1.0
  outer loop
    vertex 1.599501698733666 -5.969421606466412 0.0
    vertex 1.5995016987334885 5.969421606466468 0.0
    vertex 2.3649836120161694 5.709575510919787 0.0
  endloop
endfacet
facet normal 0.0 0.0 -1.0
  outer loop
    vertex 1.599501698733666 -5.969421606466412 0.0
    vertex 2.3649836120161694 5.709575510919787 0.0
    vertex 2.3649836120163386 -5.70957551091971 0.0
  endloop
endfacet
facet normal 0.0 0.0 -1.0
  outer loop
    vertex 2.3649836120163386 -5.70957551091971 0.0
    vertex 2.3649836120161694 5.709575510919787 0.0
    vertex 2.6641016151377523 1.9999999999999907 7.049916206369744e-16
  endloop
endfacet
facet normal 0.0 0.0 -1.0
  outer loop
    vertex 2.6641016151377523 1.9999999999999907 7.049916206369744e-16
    vertex 2.3649836120161694 5.709575510919787 0.0
    vertex 3.0899999999999195 5.352036995387877 0.0
  endloop
endfacet
facet normal 0.0 0.0 -1.0
  outer loop
    vertex 2.6641016151377523 1.9999999999999907 7.049916206369744e-16
    vertex 3.0899999999999195 5.352036995387877 0.0
    vertex 2.6913609541064973 2.207055236082007 7.049916206369744e-16
  endloop
endfacet
facet normal 0.0 0.0 -1.0
  outer loop
    vertex 2.6913609541064973 2.207055236082007 7.049916206369744e-16
    vertex 3.0899999999999195 5.352036995387877 0.0
    vertex 2.7712812921102 2.39999999999999 7.049916206369744e-16
  endloop
endfacet
facet normal 0.0 0.0 -1.0
  outer loop
    vertex 2.7712812921102 2.39999999999999 7.049916206369744e-16
    vertex 3.0899999999999195 5.352036995387877 0.0
    vertex 2.8984161901885135 2.565685424949227 7.049916206369744e-16
  endloop
endfacet
facet normal 0.0 0.0 -1.0
  outer loop
    vertex 2.8984161901885135 2.565685424949227 7.049916206369744e-16
    vertex 3.0899999999999195 5.352036995387877 0.0
    vertex 3.0641016151377505 2.6928203230275414 7.049916206369744e-16
  endloop
endfacet
facet normal 0.0 0.0 -1.0
  outer loop
    vertex 3.0641016151377505 2.6928203230275414 7.049916206369744e-16
    vertex 3.0899999999999195 5.352036995387877 0.0
    vertex 3.257046379055734 2.7727406610312446 7.049916206369744e-16
  endloop
endfacet
facet normal 0.0 0.0 -1.0
  outer loop
    vertex 3.257046379055734 2.7727406610312446 7.049916206369744e-16
    vertex 3.0899999999999195 5.352036995387877 0.0
    vertex 3.7621456312738197 4.902923642999888 0.0
  endloop
endfacet
facet normal 0.0 0.0 -1.0
  outer loop
    vertex 3.257046379055734 2.7727406610312446 7.049916206369744e-16
    vertex 3.7621456312738197 4.902923642999888 0.0
    vertex 3.464101615137751 2.7999999999999905 7.049916206369744e-16
  endloop
endfacet
facet normal 0.0 0.0 -1.0
  outer loop
    vertex 3.464101615137751 2.7999999999999905 7.049916206369744e-16
    vertex 3.7621456312738197 4.902923642999888 0.0
    vertex 3.671156851219767 2.772740661031246 7.049916206369744e-16
  endloop
endfacet
facet normal 0.0 0.0 -1.0
  outer loop
    vertex 3.671156851219767 2.772740661031246 7.049916206369744e-16
    vertex 3.7621456312738197 4.902923642999888 0.0
    vertex 3.8641016151377516 2.6928203230275414 7.049916206369744e-16
  endloop
endfacet
facet normal 0.0 0.0 -1.0
  outer loop
    vertex 3.8641016151377516 2.6928203230275414 7.049916206369744e-16
    vertex 3.7621456312738197 4.902923642999888 0.0
    vertex 4.369919907732797 4.3699199077329265 0.0
  endloop
endfacet
facet normal 0.0 0.0 -1.0
  outer loop
    vertex 3.8641016151377516 2.6928203230275414 7.049916206369744e-16
    vertex 4.369919907732797 4.3699199077329265 0.0
    vertex 4.02978704008699 2.5656854249492285 7.049916206369744e-16
  endloop
endfacet
facet normal 0.0 0.0 -1.0
  outer loop
    vertex 4.02978704008699 2.5656854249492285 7.049916206369744e-16
    vertex 4.369919907732797 4.3699199077329265 0.0
    vertex 4.156921938165303 2.3999999999999915 7.049916206369744e-16
  endloop
endfacet
facet normal 0.0 0.0 -1.0
  outer loop
    vertex 4.156921938165303 2.3999999999999915 7.049916206369744e-16
    vertex 4.369919907732797 4.3699199077329265 0.0
    vertex 4.236842276169008 2.207055236082008 7.049916206369744e-16
  endloop
endfacet
facet normal 0.0 0.0 -1.0
  outer loop
    vertex 4.236842276169008 2.207055236082008 7.049916206369744e-16
    vertex 4.369919907732797 4.3699199077329265 0.0
    vertex 4.264101615137752 1.999999999999992 7.049916206369744e-16
  endloop
endfacet
facet normal 0.0 0.0 -1.0
  outer loop
    vertex 2.6641016151377523 1.9999999999999907 7.049916206369744e-16
    vertex 3.090000000000077 -5.3520369953877776 0.0
    vertex 2.3649836120163386 -5.70957551091971 0.0
  endloop
endfacet
facet normal 0.0 0.0 -1.0
  outer loop
    vertex 3.090000000000077 -5.3520369953877776 0.0
    vertex 2.6641016151377523 1.9999999999999907 7.049916206369744e-16
    vertex 2.6913609541064973 1.7929447639179734 7.049916206369744e-16
  endloop
endfacet
facet normal 0.0 0.0 -1.0
  outer loop
    vertex 3.090000000000077 -5.3520369953877776 0.0
    vertex 2.6913609541064973 1.7929447639179734 7.049916206369744e-16
    vertex 2.7712812921102015 1.59999999999999 7.049916206369744e-16
  endloop
endfacet
facet normal 0.0 0.0 -1.0
  outer loop
    vertex 3.090000000000077 -5.3520369953877776 0.0
    vertex 2.7712812921102015 1.59999999999999 7.049916206369744e-16
    vertex 2.898416190188515 1.4343145750507529 7.049916206369744e-16
  endloop
endfacet
facet normal 0.0 0.0 -1.0
  outer loop
    vertex 3.090000000000077 -5.3520369953877776 0.0
    vertex 2.898416190188515 1.4343145750507529 7.049916206369744e-16
    vertex 3.064101615137753 1.30717967697244 7.049916206369744e-16
  endloop
endfacet
facet normal 0.0 0.0 -1.0
  outer loop
    vertex 3.090000000000077 -5.3520369953877776 0.0
    vertex 3.064101615137753 1.30717967697244 7.049916206369744e-16
    vertex 3.2570463790557365 1.2272593389687356 7.049916206369744e-16
  endloop
endfacet
facet normal 0.0 0.0 -1.0
  outer loop
    vertex 3.090000000000077 -5.3520369953877776 0.0
    vertex 3.2570463790557365 1.2272593389687356 7.049916206369744e-16
    vertex 3.762145631273962 -4.902923642999771 0.0
  endloop
endfacet
facet normal 0.0 0.0 -1.0
  outer loop
    vertex 3.762145631273962 -4.902923642999771 0.0
    vertex 3.2570463790557365 1.2272593389687356 7.049916206369744e-16
    vertex 3.464101615137754 1.1999999999999909 7.049916206369744e-16
  endloop
endfacet
facet normal 0.0 0.0 -1.0
  outer loop
    vertex 3.762145631273962 -4.902923642999771 0.0
    vertex 3.464101615137754 1.1999999999999909 7.049916206369744e-16
    vertex 3.6711568512197696 1.227259338968737 7.049916206369744e-16
  endloop
endfacet
facet normal 0.0 0.0 -1.0
  outer loop
    vertex 3.762145631273962 -4.902923642999771 0.0
    vertex 3.6711568512197696 1.227259338968737 7.049916206369744e-16
    vertex 3.864101615137753 1.30717967697244 7.049916206369744e-16
  endloop
endfacet
facet normal 0.0 0.0 -1.0
  outer loop
    vertex 3.762145631273962 -4.902923642999771 0.0
    vertex 3.864101615137753 1.30717967697244 7.049916206369744e-16
    vertex 4.369919907732923 -4.369919907732792 0.0
  endloop
endfacet
facet normal 0.0 0.0 -1.0
  outer loop
    vertex 4.369919907732923 -4.369919907732792 0.0
    vertex 3.864101615137753 1.30717967697244 7.049916206369744e-16
    vertex 4.029787040086991 1.4343145750507529 7.049916206369744e-16
  endloop
endfacet
facet normal 0.0 0.0 -1.0
  outer loop
    vertex 4.369919907732923 -4.369919907732792 0.0
    vertex 4.029787040086991 1.4343145750507529 7.049916206369744e-16
    vertex 4.156921938165304 1.5999999999999914 7.049916206369744e-16
  endloop
endfacet
facet normal 0.0 0.0 -1.0
  outer loop
    vertex 4.369919907732923 -4.369919907732792 0.0
    vertex 4.156921938165304 1.5999999999999914 7.049916206369744e-16
    vertex 4.236842276169008 1.7929447639179747 7.049916206369744e-16
  endloop
endfacet
facet normal 0.0 0.0 -1.0
  outer loop
    vertex 4.369919907732923 -4.369919907732792 0.0
    vertex 4.236842276169008 1.7929447639179747 7.049916206369744e-16
    vertex 4.264101615137752 1.999999999999992 7.049916206369744e-16
  endloop
endfacet
facet normal 0.0 0.0 -1.0
  outer loop
    vertex 4.369919907732923 -4.369919907732792 0.0
    vertex 4.264101615137752 1.999999999999992 7.049916206369744e-16
    vertex 4.369919907732797 4.3699199077329265 0.0
  endloop
endfacet
facet normal 0.0 0.0 -1.0
  outer loop
    vertex 4.369919907732923 -4.369919907732792 0.0
    vertex 4.369919907732797 4.3699199077329265 0.0
    vertex 4.902923642999774 3.762145631273965 0.0
  endloop
endfacet
facet normal 0.0 0.0 -1.0
  outer loop
    vertex 4.369919907732923 -4.369919907732792 0.0
    vertex 4.902923642999774 3.762145631273965 0.0
    vertex 4.902923642999884 -3.762145631273815 0.0
  endloop
endfacet
facet normal 0.0 0.0 -1.0
  outer loop
    vertex 4.902923642999884 -3.762145631273815 0.0
    vertex 4.902923642999774 3.762145631273965 0.0
    vertex 5.352036995387781 3.0900000000000785 0.0
  endloop
endfacet
facet normal 0.0 0.0 -1.0
  outer loop
    vertex 4.902923642999884 -3.762145631273815 0.0
    vertex 5.352036995387781 3.0900000000000785 0.0
    vertex 5.352036995387871 -3.089999999999915 0.0
  endloop
endfacet
facet normal 0.0 0.0 -1.0
  outer loop
    vertex 5.352036995387871 -3.089999999999915 0.0
    vertex 5.352036995387781 3.0900000000000785 0.0
    vertex 5.709575510919711 2.3649836120163386 0.0
  endloop
endfacet
facet normal 0.0 0.0 -1.0
  outer loop
    vertex 5.352036995387871 -3.089999999999915 0.0
    vertex 5.709575510919711 2.3649836120163386 0.0
    vertex 5.709575510919779 -2.3649836120161654 0.0
  endloop
endfacet
facet normal 0.0 0.0 -1.0
  outer loop
    vertex 5.709575510919779 -2.3649836120161654 0.0
    vertex 5.709575510919711 2.3649836120163386 0.0
    vertex 5.969421606466411 1.5995016987336674 0.0
  endloop
endfacet
facet normal 0.0 0.0 -1.0
  outer loop
    vertex 5.709575510919779 -2.3649836120161654 0.0
    vertex 5.969421606466411 1.5995016987336674 0.0
    vertex 5.969421606466459 -1.5995016987334862 0.0
  endloop
endfacet
facet normal 0.0 0.0 -1.0
  outer loop
    vertex 5.969421606466459 -1.5995016987334862 0.0
    vertex 5.969421606466411 1.5995016987336674 0.0
    vertex 6.1271292432901285 0.8066518679200094 0.0
  endloop
endfacet
facet normal 0.0 0.0 -1.0
  outer loop
    vertex 5.969421606466459 -1.5995016987334862 0.0
    vertex 6.1271292432901285 0.8066518679200094 0.0
    vertex 6.127129243290151 -0.8066518679198247 0.0
  endloop
endfacet
facet normal 0.0 0.0 -1.0
  outer loop
    vertex 6.127129243290151 -0.8066518679198247 0.0
    vertex 6.1271292432901285 0.8066518679200094 0.0
    vertex 6.1799999999999935 9.305889392408061e-14 0.0
  endloop
endfacet
endsolid Strider_v6
