solid Candle Support
   facet normal 2.395171e-001 -9.708921e-001 0.000000e+000
      outer loop
         vertex 1.500000e+000 -6.221736e+000 2.800000e+001
         vertex 1.500000e+000 -6.221736e+000 0.000000e+000
         vertex 1.598600e+000 -6.197134e+000 0.000000e+000
      endloop
   endfacet
   facet normal 2.446527e-001 -9.696108e-001 0.000000e+000
      outer loop
         vertex 1.500000e+000 -6.221736e+000 2.800000e+001
         vertex 1.598600e+000 -6.197134e+000 0.000000e+000
         vertex 1.598600e+000 -6.197134e+000 2.800000e+001
      endloop
   endfacet
   facet normal 2.549029e-001 -9.669666e-001 0.000000e+000
      outer loop
         vertex 1.598600e+000 -6.197134e+000 2.800000e+001
         vertex 1.598600e+000 -6.197134e+000 0.000000e+000
         vertex 1.696798e+000 -6.170970e+000 0.000000e+000
      endloop
   endfacet
   facet normal 2.600175e-001 -9.656039e-001 0.000000e+000
      outer loop
         vertex 1.598600e+000 -6.197134e+000 2.800000e+001
         vertex 1.696798e+000 -6.170970e+000 0.000000e+000
         vertex 1.696798e+000 -6.170970e+000 2.800000e+001
      endloop
   endfacet
   facet normal 2.702244e-001 -9.627974e-001 0.000000e+000
      outer loop
         vertex 1.696798e+000 -6.170970e+000 2.800000e+001
         vertex 1.696798e+000 -6.170970e+000 0.000000e+000
         vertex 1.794567e+000 -6.143250e+000 0.000000e+000
      endloop
   endfacet
   facet normal 2.753167e-001 -9.613536e-001 0.000000e+000
      outer loop
         vertex 1.696798e+000 -6.170970e+000 2.800000e+001
         vertex 1.794567e+000 -6.143250e+000 0.000000e+000
         vertex 1.794567e+000 -6.143250e+000 2.800000e+001
      endloop
   endfacet
   facet normal 2.854778e-001 -9.583853e-001 0.000000e+000
      outer loop
         vertex 1.794567e+000 -6.143250e+000 2.800000e+001
         vertex 1.794567e+000 -6.143250e+000 0.000000e+000
         vertex 1.891884e+000 -6.113982e+000 0.000000e+000
      endloop
   endfacet
   facet normal 2.905465e-001 -9.568609e-001 0.000000e+000
      outer loop
         vertex 1.794567e+000 -6.143250e+000 2.800000e+001
         vertex 1.891884e+000 -6.113982e+000 0.000000e+000
         vertex 1.891884e+000 -6.113982e+000 2.800000e+001
      endloop
   endfacet
   facet normal 3.006591e-001 -9.537317e-001 0.000000e+000
      outer loop
         vertex 1.891884e+000 -6.113982e+000 2.800000e+001
         vertex 1.891884e+000 -6.113982e+000 0.000000e+000
         vertex 1.988725e+000 -6.083171e+000 0.000000e+000
      endloop
   endfacet
   facet normal 3.057030e-001 -9.521269e-001 0.000000e+000
      outer loop
         vertex 1.891884e+000 -6.113982e+000 2.800000e+001
         vertex 1.988725e+000 -6.083171e+000 0.000000e+000
         vertex 1.988725e+000 -6.083171e+000 2.800000e+001
      endloop
   endfacet
   facet normal 3.157647e-001 -9.488375e-001 0.000000e+000
      outer loop
         vertex 1.988725e+000 -6.083171e+000 2.800000e+001
         vertex 1.988725e+000 -6.083171e+000 0.000000e+000
         vertex 2.085063e+000 -6.050828e+000 0.000000e+000
      endloop
   endfacet
   facet normal 3.207825e-001 -9.471529e-001 0.000000e+000
      outer loop
         vertex 1.988725e+000 -6.083171e+000 2.800000e+001
         vertex 2.085063e+000 -6.050828e+000 0.000000e+000
         vertex 2.085063e+000 -6.050828e+000 2.800000e+001
      endloop
   endfacet
   facet normal 3.307907e-001 -9.437042e-001 0.000000e+000
      outer loop
         vertex 2.085063e+000 -6.050828e+000 2.800000e+001
         vertex 2.085063e+000 -6.050828e+000 0.000000e+000
         vertex 2.180876e+000 -6.016958e+000 0.000000e+000
      endloop
   endfacet
   facet normal 3.357811e-001 -9.419401e-001 0.000000e+000
      outer loop
         vertex 2.085063e+000 -6.050828e+000 2.800000e+001
         vertex 2.180876e+000 -6.016958e+000 0.000000e+000
         vertex 2.180876e+000 -6.016958e+000 2.800000e+001
      endloop
   endfacet
   facet normal 3.457332e-001 -9.383329e-001 0.000000e+000
      outer loop
         vertex 2.180876e+000 -6.016958e+000 2.800000e+001
         vertex 2.180876e+000 -6.016958e+000 0.000000e+000
         vertex 2.276139e+000 -5.981571e+000 0.000000e+000
      endloop
   endfacet
   facet normal 3.506950e-001 -9.364897e-001 0.000000e+000
      outer loop
         vertex 2.180876e+000 -6.016958e+000 2.800000e+001
         vertex 2.276139e+000 -5.981571e+000 0.000000e+000
         vertex 2.276139e+000 -5.981571e+000 2.800000e+001
      endloop
   endfacet
   facet normal 3.605887e-001 -9.327250e-001 0.000000e+000
      outer loop
         vertex 2.276139e+000 -5.981571e+000 2.800000e+001
         vertex 2.276139e+000 -5.981571e+000 0.000000e+000
         vertex 2.370829e+000 -5.944676e+000 0.000000e+000
      endloop
   endfacet
   facet normal 3.655205e-001 -9.308033e-001 0.000000e+000
      outer loop
         vertex 2.276139e+000 -5.981571e+000 2.800000e+001
         vertex 2.370829e+000 -5.944676e+000 0.000000e+000
         vertex 2.370829e+000 -5.944676e+000 2.800000e+001
      endloop
   endfacet
   facet normal 3.753531e-001 -9.268819e-001 0.000000e+000
      outer loop
         vertex 2.370829e+000 -5.944676e+000 2.800000e+001
         vertex 2.370829e+000 -5.944676e+000 0.000000e+000
         vertex 2.464920e+000 -5.906282e+000 0.000000e+000
      endloop
   endfacet
   facet normal 3.802538e-001 -9.248822e-001 0.000000e+000
      outer loop
         vertex 2.370829e+000 -5.944676e+000 2.800000e+001
         vertex 2.464920e+000 -5.906282e+000 0.000000e+000
         vertex 2.464920e+000 -5.906282e+000 2.800000e+001
      endloop
   endfacet
   facet normal 3.900229e-001 -9.208052e-001 0.000000e+000
      outer loop
         vertex 2.464920e+000 -5.906282e+000 2.800000e+001
         vertex 2.464920e+000 -5.906282e+000 0.000000e+000
         vertex 2.558390e+000 -5.866399e+000 0.000000e+000
      endloop
   endfacet
   facet normal 3.948913e-001 -9.187279e-001 0.000000e+000
      outer loop
         vertex 2.464920e+000 -5.906282e+000 2.800000e+001
         vertex 2.558390e+000 -5.866399e+000 0.000000e+000
         vertex 2.558390e+000 -5.866399e+000 2.800000e+001
      endloop
   endfacet
   facet normal 4.045944e-001 -9.144962e-001 0.000000e+000
      outer loop
         vertex 2.558390e+000 -5.866399e+000 2.800000e+001
         vertex 2.558390e+000 -5.866399e+000 0.000000e+000
         vertex 2.651215e+000 -5.825037e+000 0.000000e+000
      endloop
   endfacet
   facet normal 4.094292e-001 -9.123420e-001 0.000000e+000
      outer loop
         vertex 2.558390e+000 -5.866399e+000 2.800000e+001
         vertex 2.651215e+000 -5.825037e+000 0.000000e+000
         vertex 2.651215e+000 -5.825037e+000 2.800000e+001
      endloop
   endfacet
   facet normal 4.190639e-001 -9.079568e-001 0.000000e+000
      outer loop
         vertex 2.651215e+000 -5.825037e+000 2.800000e+001
         vertex 2.651215e+000 -5.825037e+000 0.000000e+000
         vertex 2.743371e+000 -5.782207e+000 0.000000e+000
      endloop
   endfacet
   facet normal 4.238639e-001 -9.057260e-001 0.000000e+000
      outer loop
         vertex 2.651215e+000 -5.825037e+000 2.800000e+001
         vertex 2.743371e+000 -5.782207e+000 0.000000e+000
         vertex 2.743371e+000 -5.782207e+000 2.800000e+001
      endloop
   endfacet
   facet normal 4.334278e-001 -9.011884e-001 0.000000e+000
      outer loop
         vertex 2.743371e+000 -5.782207e+000 2.800000e+001
         vertex 2.743371e+000 -5.782207e+000 0.000000e+000
         vertex 2.834836e+000 -5.737918e+000 0.000000e+000
      endloop
   endfacet
   facet normal 4.381917e-001 -8.988816e-001 0.000000e+000
      outer loop
         vertex 2.743371e+000 -5.782207e+000 2.800000e+001
         vertex 2.834836e+000 -5.737918e+000 0.000000e+000
         vertex 2.834836e+000 -5.737918e+000 2.800000e+001
      endloop
   endfacet
   facet normal 4.476823e-001 -8.941927e-001 0.000000e+000
      outer loop
         vertex 2.834836e+000 -5.737918e+000 2.800000e+001
         vertex 2.834836e+000 -5.737918e+000 0.000000e+000
         vertex 2.925586e+000 -5.692183e+000 0.000000e+000
      endloop
   endfacet
   facet normal 4.524090e-001 -8.918106e-001 0.000000e+000
      outer loop
         vertex 2.834836e+000 -5.737918e+000 2.800000e+001
         vertex 2.925586e+000 -5.692183e+000 0.000000e+000
         vertex 2.925586e+000 -5.692183e+000 2.800000e+001
      endloop
   endfacet
   facet normal 4.618239e-001 -8.869717e-001 0.000000e+000
      outer loop
         vertex 2.925586e+000 -5.692183e+000 2.800000e+001
         vertex 2.925586e+000 -5.692183e+000 0.000000e+000
         vertex 3.015599e+000 -5.645012e+000 0.000000e+000
      endloop
   endfacet
   facet normal 4.665123e-001 -8.845147e-001 0.000000e+000
      outer loop
         vertex 2.925586e+000 -5.692183e+000 2.800000e+001
         vertex 3.015599e+000 -5.645012e+000 0.000000e+000
         vertex 3.015599e+000 -5.645012e+000 2.800000e+001
      endloop
   endfacet
   facet normal 4.758492e-001 -8.795269e-001 0.000000e+000
      outer loop
         vertex 3.015599e+000 -5.645012e+000 2.800000e+001
         vertex 3.015599e+000 -5.645012e+000 0.000000e+000
         vertex 3.104851e+000 -5.596418e+000 0.000000e+000
      endloop
   endfacet
   facet normal 4.804979e-001 -8.769959e-001 0.000000e+000
      outer loop
         vertex 3.015599e+000 -5.645012e+000 2.800000e+001
         vertex 3.104851e+000 -5.596418e+000 0.000000e+000
         vertex 3.104851e+000 -5.596418e+000 2.800000e+001
      endloop
   endfacet
   facet normal 4.897544e-001 -8.718604e-001 0.000000e+000
      outer loop
         vertex 3.104851e+000 -5.596418e+000 2.800000e+001
         vertex 3.104851e+000 -5.596418e+000 0.000000e+000
         vertex 3.193320e+000 -5.546414e+000 0.000000e+000
      endloop
   endfacet
   facet normal 4.943624e-001 -8.692560e-001 0.000000e+000
      outer loop
         vertex 3.104851e+000 -5.596418e+000 2.800000e+001
         vertex 3.193320e+000 -5.546414e+000 0.000000e+000
         vertex 3.193320e+000 -5.546414e+000 2.800000e+001
      endloop
   endfacet
   facet normal 5.035362e-001 -8.639742e-001 0.000000e+000
      outer loop
         vertex 3.193320e+000 -5.546414e+000 2.800000e+001
         vertex 3.193320e+000 -5.546414e+000 0.000000e+000
         vertex 3.280984e+000 -5.495011e+000 0.000000e+000
      endloop
   endfacet
   facet normal 5.081022e-001 -8.612968e-001 0.000000e+000
      outer loop
         vertex 3.193320e+000 -5.546414e+000 2.800000e+001
         vertex 3.280984e+000 -5.495011e+000 0.000000e+000
         vertex 3.280984e+000 -5.495011e+000 2.800000e+001
      endloop
   endfacet
   facet normal 5.171911e-001 -8.558699e-001 0.000000e+000
      outer loop
         vertex 3.280984e+000 -5.495011e+000 2.800000e+001
         vertex 3.280984e+000 -5.495011e+000 0.000000e+000
         vertex 3.367821e+000 -5.442222e+000 0.000000e+000
      endloop
   endfacet
   facet normal 5.217139e-001 -8.531206e-001 0.000000e+000
      outer loop
         vertex 3.280984e+000 -5.495011e+000 2.800000e+001
         vertex 3.367821e+000 -5.442222e+000 0.000000e+000
         vertex 3.367821e+000 -5.442222e+000 2.800000e+001
      endloop
   endfacet
   facet normal 5.307155e-001 -8.475500e-001 0.000000e+000
      outer loop
         vertex 3.367821e+000 -5.442222e+000 2.800000e+001
         vertex 3.367821e+000 -5.442222e+000 0.000000e+000
         vertex 3.453809e+000 -5.388061e+000 0.000000e+000
      endloop
   endfacet
   facet normal 5.351942e-001 -8.447291e-001 0.000000e+000
      outer loop
         vertex 3.367821e+000 -5.442222e+000 2.800000e+001
         vertex 3.453809e+000 -5.388061e+000 0.000000e+000
         vertex 3.453809e+000 -5.388061e+000 2.800000e+001
      endloop
   endfacet
   facet normal 5.441061e-001 -8.390164e-001 0.000000e+000
      outer loop
         vertex 3.453809e+000 -5.388061e+000 2.800000e+001
         vertex 3.453809e+000 -5.388061e+000 0.000000e+000
         vertex 3.538926e+000 -5.332542e+000 0.000000e+000
      endloop
   endfacet
   facet normal 5.485394e-001 -8.361247e-001 0.000000e+000
      outer loop
         vertex 3.453809e+000 -5.388061e+000 2.800000e+001
         vertex 3.538926e+000 -5.332542e+000 0.000000e+000
         vertex 3.538926e+000 -5.332542e+000 2.800000e+001
      endloop
   endfacet
   facet normal 5.573595e-001 -8.302712e-001 0.000000e+000
      outer loop
         vertex 3.538926e+000 -5.332542e+000 2.800000e+001
         vertex 3.538926e+000 -5.332542e+000 0.000000e+000
         vertex 3.623151e+000 -5.275678e+000 0.000000e+000
      endloop
   endfacet
   facet normal 5.617462e-001 -8.273095e-001 0.000000e+000
      outer loop
         vertex 3.538926e+000 -5.332542e+000 2.800000e+001
         vertex 3.623151e+000 -5.275678e+000 0.000000e+000
         vertex 3.623151e+000 -5.275678e+000 2.800000e+001
      endloop
   endfacet
   facet normal 5.704724e-001 -8.213168e-001 0.000000e+000
      outer loop
         vertex 3.623151e+000 -5.275678e+000 2.800000e+001
         vertex 3.623151e+000 -5.275678e+000 0.000000e+000
         vertex 3.706461e+000 -5.217484e+000 0.000000e+000
      endloop
   endfacet
   facet normal 5.748116e-001 -8.182858e-001 0.000000e+000
      outer loop
         vertex 3.623151e+000 -5.275678e+000 2.800000e+001
         vertex 3.706461e+000 -5.217484e+000 0.000000e+000
         vertex 3.706461e+000 -5.217484e+000 2.800000e+001
      endloop
   endfacet
   facet normal 5.834414e-001 -8.121552e-001 0.000000e+000
      outer loop
         vertex 3.706461e+000 -5.217484e+000 2.800000e+001
         vertex 3.706461e+000 -5.217484e+000 0.000000e+000
         vertex 3.788838e+000 -5.157975e+000 0.000000e+000
      endloop
   endfacet
   facet normal 5.877320e-001 -8.090557e-001 0.000000e+000
      outer loop
         vertex 3.706461e+000 -5.217484e+000 2.800000e+001
         vertex 3.788838e+000 -5.157975e+000 0.000000e+000
         vertex 3.788838e+000 -5.157975e+000 2.800000e+001
      endloop
   endfacet
   facet normal 5.962633e-001 -8.027889e-001 0.000000e+000
      outer loop
         vertex 3.788838e+000 -5.157975e+000 2.800000e+001
         vertex 3.788838e+000 -5.157975e+000 0.000000e+000
         vertex 3.870260e+000 -5.097165e+000 0.000000e+000
      endloop
   endfacet
   facet normal 6.005042e-001 -7.996216e-001 0.000000e+000
      outer loop
         vertex 3.788838e+000 -5.157975e+000 2.800000e+001
         vertex 3.870260e+000 -5.097165e+000 0.000000e+000
         vertex 3.870260e+000 -5.097165e+000 2.800000e+001
      endloop
   endfacet
   facet normal 6.089350e-001 -7.932202e-001 0.000000e+000
      outer loop
         vertex 3.870260e+000 -5.097165e+000 2.800000e+001
         vertex 3.870260e+000 -5.097165e+000 0.000000e+000
         vertex 3.950705e+000 -5.035070e+000 0.000000e+000
      endloop
   endfacet
   facet normal 6.131250e-001 -7.899859e-001 0.000000e+000
      outer loop
         vertex 3.870260e+000 -5.097165e+000 2.800000e+001
         vertex 3.950705e+000 -5.035070e+000 0.000000e+000
         vertex 3.950705e+000 -5.035070e+000 2.800000e+001
      endloop
   endfacet
   facet normal 6.214530e-001 -7.834513e-001 0.000000e+000
      outer loop
         vertex 3.950705e+000 -5.035070e+000 2.800000e+001
         vertex 3.950705e+000 -5.035070e+000 0.000000e+000
         vertex 4.030155e+000 -4.971705e+000 0.000000e+000
      endloop
   endfacet
   facet normal 6.255912e-001 -7.801511e-001 0.000000e+000
      outer loop
         vertex 3.950705e+000 -5.035070e+000 2.800000e+001
         vertex 4.030155e+000 -4.971705e+000 0.000000e+000
         vertex 4.030155e+000 -4.971705e+000 2.800000e+001
      endloop
   endfacet
   facet normal 6.338145e-001 -7.734851e-001 0.000000e+000
      outer loop
         vertex 4.030155e+000 -4.971705e+000 2.800000e+001
         vertex 4.030155e+000 -4.971705e+000 0.000000e+000
         vertex 4.108588e+000 -4.907087e+000 0.000000e+000
      endloop
   endfacet
   facet normal 6.378997e-001 -7.701195e-001 0.000000e+000
      outer loop
         vertex 4.030155e+000 -4.971705e+000 2.800000e+001
         vertex 4.108588e+000 -4.907087e+000 0.000000e+000
         vertex 4.108588e+000 -4.907087e+000 2.800000e+001
      endloop
   endfacet
   facet normal 6.460161e-001 -7.633238e-001 0.000000e+000
      outer loop
         vertex 4.108588e+000 -4.907087e+000 2.800000e+001
         vertex 4.108588e+000 -4.907087e+000 0.000000e+000
         vertex 4.185985e+000 -4.841232e+000 0.000000e+000
      endloop
   endfacet
   facet normal 6.500474e-001 -7.598937e-001 0.000000e+000
      outer loop
         vertex 4.108588e+000 -4.907087e+000 2.800000e+001
         vertex 4.185985e+000 -4.841232e+000 0.000000e+000
         vertex 4.185985e+000 -4.841232e+000 2.800000e+001
      endloop
   endfacet
   facet normal 6.580548e-001 -7.529700e-001 0.000000e+000
      outer loop
         vertex 4.185985e+000 -4.841232e+000 2.800000e+001
         vertex 4.185985e+000 -4.841232e+000 0.000000e+000
         vertex 4.262327e+000 -4.774156e+000 0.000000e+000
      endloop
   endfacet
   facet normal 6.620311e-001 -7.494764e-001 0.000000e+000
      outer loop
         vertex 4.185985e+000 -4.841232e+000 2.800000e+001
         vertex 4.262327e+000 -4.774156e+000 0.000000e+000
         vertex 4.262327e+000 -4.774156e+000 2.800000e+001
      endloop
   endfacet
   facet normal 6.699277e-001 -7.424265e-001 0.000000e+000
      outer loop
         vertex 4.262327e+000 -4.774156e+000 2.800000e+001
         vertex 4.262327e+000 -4.774156e+000 0.000000e+000
         vertex 4.337595e+000 -4.705876e+000 0.000000e+000
      endloop
   endfacet
   facet normal 6.738479e-001 -7.388701e-001 0.000000e+000
      outer loop
         vertex 4.262327e+000 -4.774156e+000 2.800000e+001
         vertex 4.337595e+000 -4.705876e+000 0.000000e+000
         vertex 4.337595e+000 -4.705876e+000 2.800000e+001
      endloop
   endfacet
   facet normal 6.816314e-001 -7.316957e-001 0.000000e+000
      outer loop
         vertex 4.337595e+000 -4.705876e+000 2.800000e+001
         vertex 4.337595e+000 -4.705876e+000 0.000000e+000
         vertex 4.411768e+000 -4.636410e+000 0.000000e+000
      endloop
   endfacet
   facet normal 6.854948e-001 -7.280775e-001 0.000000e+000
      outer loop
         vertex 4.337595e+000 -4.705876e+000 2.800000e+001
         vertex 4.411768e+000 -4.636410e+000 0.000000e+000
         vertex 4.411768e+000 -4.636410e+000 2.800000e+001
      endloop
   endfacet
   facet normal 6.931635e-001 -7.207804e-001 0.000000e+000
      outer loop
         vertex 4.411768e+000 -4.636410e+000 2.800000e+001
         vertex 4.411768e+000 -4.636410e+000 0.000000e+000
         vertex 4.484830e+000 -4.565775e+000 0.000000e+000
      endloop
   endfacet
   facet normal 6.969689e-001 -7.171014e-001 0.000000e+000
      outer loop
         vertex 4.411768e+000 -4.636410e+000 2.800000e+001
         vertex 4.484830e+000 -4.565775e+000 0.000000e+000
         vertex 4.484830e+000 -4.565775e+000 2.800000e+001
      endloop
   endfacet
   facet normal 7.045208e-001 -7.096834e-001 0.000000e+000
      outer loop
         vertex 4.484830e+000 -4.565775e+000 2.800000e+001
         vertex 4.484830e+000 -4.565775e+000 0.000000e+000
         vertex 4.556760e+000 -4.493989e+000 0.000000e+000
      endloop
   endfacet
   facet normal 7.082672e-001 -7.059444e-001 0.000000e+000
      outer loop
         vertex 4.484830e+000 -4.565775e+000 2.800000e+001
         vertex 4.556760e+000 -4.493989e+000 0.000000e+000
         vertex 4.556760e+000 -4.493989e+000 2.800000e+001
      endloop
   endfacet
   facet normal 7.157004e-001 -6.984074e-001 0.000000e+000
      outer loop
         vertex 4.556760e+000 -4.493989e+000 2.800000e+001
         vertex 4.556760e+000 -4.493989e+000 0.000000e+000
         vertex 4.627542e+000 -4.421069e+000 0.000000e+000
      endloop
   endfacet
   facet normal 7.193871e-001 -6.946095e-001 0.000000e+000
      outer loop
         vertex 4.556760e+000 -4.493989e+000 2.800000e+001
         vertex 4.627542e+000 -4.421069e+000 0.000000e+000
         vertex 4.627542e+000 -4.421069e+000 2.800000e+001
      endloop
   endfacet
   facet normal 7.266997e-001 -6.869554e-001 0.000000e+000
      outer loop
         vertex 4.627542e+000 -4.421069e+000 2.800000e+001
         vertex 4.627542e+000 -4.421069e+000 0.000000e+000
         vertex 4.697157e+000 -4.347035e+000 0.000000e+000
      endloop
   endfacet
   facet normal 7.303255e-001 -6.830993e-001 0.000000e+000
      outer loop
         vertex 4.627542e+000 -4.421069e+000 2.800000e+001
         vertex 4.697157e+000 -4.347035e+000 0.000000e+000
         vertex 4.697157e+000 -4.347035e+000 2.800000e+001
      endloop
   endfacet
   facet normal 7.375156e-001 -6.753302e-001 0.000000e+000
      outer loop
         vertex 4.697157e+000 -4.347035e+000 2.800000e+001
         vertex 4.697157e+000 -4.347035e+000 0.000000e+000
         vertex 4.765588e+000 -4.271905e+000 0.000000e+000
      endloop
   endfacet
   facet normal 7.410797e-001 -6.714171e-001 0.000000e+000
      outer loop
         vertex 4.697157e+000 -4.347035e+000 2.800000e+001
         vertex 4.765588e+000 -4.271905e+000 0.000000e+000
         vertex 4.765588e+000 -4.271905e+000 2.800000e+001
      endloop
   endfacet
   facet normal 7.481456e-001 -6.635346e-001 0.000000e+000
      outer loop
         vertex 4.765588e+000 -4.271905e+000 2.800000e+001
         vertex 4.765588e+000 -4.271905e+000 0.000000e+000
         vertex 4.832817e+000 -4.195698e+000 0.000000e+000
      endloop
   endfacet
   facet normal 7.516472e-001 -6.595654e-001 0.000000e+000
      outer loop
         vertex 4.765588e+000 -4.271905e+000 2.800000e+001
         vertex 4.832817e+000 -4.195698e+000 0.000000e+000
         vertex 4.832817e+000 -4.195698e+000 2.800000e+001
      endloop
   endfacet
   facet normal 7.585869e-001 -6.515719e-001 0.000000e+000
      outer loop
         vertex 4.832817e+000 -4.195698e+000 2.800000e+001
         vertex 4.832817e+000 -4.195698e+000 0.000000e+000
         vertex 4.898828e+000 -4.118433e+000 0.000000e+000
      endloop
   endfacet
   facet normal 7.620251e-001 -6.475475e-001 0.000000e+000
      outer loop
         vertex 4.832817e+000 -4.195698e+000 2.800000e+001
         vertex 4.898828e+000 -4.118433e+000 0.000000e+000
         vertex 4.898828e+000 -4.118433e+000 2.800000e+001
      endloop
   endfacet
   facet normal 7.688370e-001 -6.394448e-001 0.000000e+000
      outer loop
         vertex 4.898828e+000 -4.118433e+000 2.800000e+001
         vertex 4.898828e+000 -4.118433e+000 0.000000e+000
         vertex 4.963603e+000 -4.040130e+000 0.000000e+000
      endloop
   endfacet
   facet normal 7.722108e-001 -6.353664e-001 0.000000e+000
      outer loop
         vertex 4.898828e+000 -4.118433e+000 2.800000e+001
         vertex 4.963603e+000 -4.040130e+000 0.000000e+000
         vertex 4.963603e+000 -4.040130e+000 2.800000e+001
      endloop
   endfacet
   facet normal 7.788934e-001 -6.271564e-001 0.000000e+000
      outer loop
         vertex 4.963603e+000 -4.040130e+000 2.800000e+001
         vertex 4.963603e+000 -4.040130e+000 0.000000e+000
         vertex 5.027127e+000 -3.960807e+000 0.000000e+000
      endloop
   endfacet
   facet normal 7.822019e-001 -6.230250e-001 0.000000e+000
      outer loop
         vertex 4.963603e+000 -4.040130e+000 2.800000e+001
         vertex 5.027127e+000 -3.960807e+000 0.000000e+000
         vertex 5.027127e+000 -3.960807e+000 2.800000e+001
      endloop
   endfacet
   facet normal 7.887533e-001 -6.147100e-001 0.000000e+000
      outer loop
         vertex 5.027127e+000 -3.960807e+000 2.800000e+001
         vertex 5.027127e+000 -3.960807e+000 0.000000e+000
         vertex 5.089383e+000 -3.880487e+000 0.000000e+000
      endloop
   endfacet
   facet normal 7.919958e-001 -6.105266e-001 0.000000e+000
      outer loop
         vertex 5.027127e+000 -3.960807e+000 2.800000e+001
         vertex 5.089383e+000 -3.880487e+000 0.000000e+000
         vertex 5.089383e+000 -3.880487e+000 2.800000e+001
      endloop
   endfacet
   facet normal 7.984142e-001 -6.021087e-001 0.000000e+000
      outer loop
         vertex 5.089383e+000 -3.880487e+000 2.800000e+001
         vertex 5.089383e+000 -3.880487e+000 0.000000e+000
         vertex 5.150357e+000 -3.799188e+000 0.000000e+000
      endloop
   endfacet
   facet normal 8.015900e-001 -5.978742e-001 0.000000e+000
      outer loop
         vertex 5.089383e+000 -3.880487e+000 2.800000e+001
         vertex 5.150357e+000 -3.799188e+000 0.000000e+000
         vertex 5.150357e+000 -3.799188e+000 2.800000e+001
      endloop
   endfacet
   facet normal 8.078740e-001 -5.893553e-001 0.000000e+000
      outer loop
         vertex 5.150357e+000 -3.799188e+000 2.800000e+001
         vertex 5.150357e+000 -3.799188e+000 0.000000e+000
         vertex 5.210032e+000 -3.716931e+000 0.000000e+000
      endloop
   endfacet
   facet normal 8.109820e-001 -5.850710e-001 0.000000e+000
      outer loop
         vertex 5.150357e+000 -3.799188e+000 2.800000e+001
         vertex 5.210032e+000 -3.716931e+000 0.000000e+000
         vertex 5.210032e+000 -3.716931e+000 2.800000e+001
      endloop
   endfacet
   facet normal 8.171299e-001 -5.764536e-001 0.000000e+000
      outer loop
         vertex 5.210032e+000 -3.716931e+000 2.800000e+001
         vertex 5.210032e+000 -3.716931e+000 0.000000e+000
         vertex 5.268393e+000 -3.633737e+000 0.000000e+000
      endloop
   endfacet
   facet normal 8.201697e-001 -5.721203e-001 0.000000e+000
      outer loop
         vertex 5.210032e+000 -3.716931e+000 2.800000e+001
         vertex 5.268393e+000 -3.633737e+000 0.000000e+000
         vertex 5.268393e+000 -3.633737e+000 2.800000e+001
      endloop
   endfacet
   facet normal 8.261799e-001 -5.634063e-001 0.000000e+000
      outer loop
         vertex 5.268393e+000 -3.633737e+000 2.800000e+001
         vertex 5.268393e+000 -3.633737e+000 0.000000e+000
         vertex 5.325426e+000 -3.549626e+000 0.000000e+000
      endloop
   endfacet
   facet normal 8.291505e-001 -5.590255e-001 0.000000e+000
      outer loop
         vertex 5.268393e+000 -3.633737e+000 2.800000e+001
         vertex 5.325426e+000 -3.549626e+000 0.000000e+000
         vertex 5.325426e+000 -3.549626e+000 2.800000e+001
      endloop
   endfacet
   facet normal 8.350216e-001 -5.502172e-001 0.000000e+000
      outer loop
         vertex 5.325426e+000 -3.549626e+000 2.800000e+001
         vertex 5.325426e+000 -3.549626e+000 0.000000e+000
         vertex 5.381115e+000 -3.464621e+000 0.000000e+000
      endloop
   endfacet
   facet normal 8.379222e-001 -5.457897e-001 0.000000e+000
      outer loop
         vertex 5.325426e+000 -3.549626e+000 2.800000e+001
         vertex 5.381115e+000 -3.464621e+000 0.000000e+000
         vertex 5.381115e+000 -3.464621e+000 2.800000e+001
      endloop
   endfacet
   facet normal 8.436528e-001 -5.368892e-001 0.000000e+000
      outer loop
         vertex 5.381115e+000 -3.464621e+000 2.800000e+001
         vertex 5.381115e+000 -3.464621e+000 0.000000e+000
         vertex 5.435449e+000 -3.378742e+000 0.000000e+000
      endloop
   endfacet
   facet normal 8.464827e-001 -5.324163e-001 0.000000e+000
      outer loop
         vertex 5.381115e+000 -3.464621e+000 2.800000e+001
         vertex 5.435449e+000 -3.378742e+000 0.000000e+000
         vertex 5.435449e+000 -3.378742e+000 2.800000e+001
      endloop
   endfacet
   facet normal 8.520712e-001 -5.234259e-001 0.000000e+000
      outer loop
         vertex 5.435449e+000 -3.378742e+000 2.800000e+001
         vertex 5.435449e+000 -3.378742e+000 0.000000e+000
         vertex 5.488411e+000 -3.292011e+000 0.000000e+000
      endloop
   endfacet
   facet normal 8.548298e-001 -5.189086e-001 0.000000e+000
      outer loop
         vertex 5.435449e+000 -3.378742e+000 2.800000e+001
         vertex 5.488411e+000 -3.292011e+000 0.000000e+000
         vertex 5.488411e+000 -3.292011e+000 2.800000e+001
      endloop
   endfacet
   facet normal 8.602748e-001 -5.098307e-001 0.000000e+000
      outer loop
         vertex 5.488411e+000 -3.292011e+000 2.800000e+001
         vertex 5.488411e+000 -3.292011e+000 0.000000e+000
         vertex 5.539990e+000 -3.204451e+000 0.000000e+000
      endloop
   endfacet
   facet normal 8.629613e-001 -5.052700e-001 0.000000e+000
      outer loop
         vertex 5.488411e+000 -3.292011e+000 2.800000e+001
         vertex 5.539990e+000 -3.204451e+000 0.000000e+000
         vertex 5.539990e+000 -3.204451e+000 2.800000e+001
      endloop
   endfacet
   facet normal 8.682615e-001 -4.961068e-001 0.000000e+000
      outer loop
         vertex 5.539990e+000 -3.204451e+000 2.800000e+001
         vertex 5.539990e+000 -3.204451e+000 0.000000e+000
         vertex 5.590173e+000 -3.116082e+000 0.000000e+000
      endloop
   endfacet
   facet normal 8.708752e-001 -4.915041e-001 0.000000e+000
      outer loop
         vertex 5.539990e+000 -3.204451e+000 2.800000e+001
         vertex 5.590173e+000 -3.116082e+000 0.000000e+000
         vertex 5.590173e+000 -3.116082e+000 2.800000e+001
      endloop
   endfacet
   facet normal 8.760293e-001 -4.822579e-001 0.000000e+000
      outer loop
         vertex 5.590173e+000 -3.116082e+000 2.800000e+001
         vertex 5.590173e+000 -3.116082e+000 0.000000e+000
         vertex 5.638946e+000 -3.026927e+000 0.000000e+000
      endloop
   endfacet
   facet normal 8.785696e-001 -4.776143e-001 0.000000e+000
      outer loop
         vertex 5.590173e+000 -3.116082e+000 2.800000e+001
         vertex 5.638946e+000 -3.026927e+000 0.000000e+000
         vertex 5.638946e+000 -3.026927e+000 2.800000e+001
      endloop
   endfacet
   facet normal 8.835762e-001 -4.682874e-001 0.000000e+000
      outer loop
         vertex 5.638946e+000 -3.026927e+000 2.800000e+001
         vertex 5.638946e+000 -3.026927e+000 0.000000e+000
         vertex 5.686296e+000 -2.937010e+000 0.000000e+000
      endloop
   endfacet
   facet normal 8.860425e-001 -4.636041e-001 0.000000e+000
      outer loop
         vertex 5.638946e+000 -3.026927e+000 2.800000e+001
         vertex 5.686296e+000 -2.937010e+000 0.000000e+000
         vertex 5.686296e+000 -2.937010e+000 2.800000e+001
      endloop
   endfacet
   facet normal 8.909004e-001 -4.541988e-001 0.000000e+000
      outer loop
         vertex 5.686296e+000 -2.937010e+000 2.800000e+001
         vertex 5.686296e+000 -2.937010e+000 0.000000e+000
         vertex 5.732214e+000 -2.846352e+000 0.000000e+000
      endloop
   endfacet
   facet normal 8.932920e-001 -4.494769e-001 0.000000e+000
      outer loop
         vertex 5.686296e+000 -2.937010e+000 2.800000e+001
         vertex 5.732214e+000 -2.846352e+000 0.000000e+000
         vertex 5.732214e+000 -2.846352e+000 2.800000e+001
      endloop
   endfacet
   facet normal 8.979999e-001 -4.399957e-001 0.000000e+000
      outer loop
         vertex 5.732214e+000 -2.846352e+000 2.800000e+001
         vertex 5.732214e+000 -2.846352e+000 0.000000e+000
         vertex 5.776686e+000 -2.754977e+000 0.000000e+000
      endloop
   endfacet
   facet normal 9.003162e-001 -4.352364e-001 0.000000e+000
      outer loop
         vertex 5.732214e+000 -2.846352e+000 2.800000e+001
         vertex 5.776686e+000 -2.754977e+000 0.000000e+000
         vertex 5.776686e+000 -2.754977e+000 2.800000e+001
      endloop
   endfacet
   facet normal 9.048730e-001 -4.256817e-001 0.000000e+000
      outer loop
         vertex 5.776686e+000 -2.754977e+000 2.800000e+001
         vertex 5.776686e+000 -2.754977e+000 0.000000e+000
         vertex 5.819702e+000 -2.662906e+000 0.000000e+000
      endloop
   endfacet
   facet normal 9.071134e-001 -4.208862e-001 0.000000e+000
      outer loop
         vertex 5.776686e+000 -2.754977e+000 2.800000e+001
         vertex 5.819702e+000 -2.662906e+000 0.000000e+000
         vertex 5.819702e+000 -2.662906e+000 2.800000e+001
      endloop
   endfacet
   facet normal 9.115179e-001 -4.112603e-001 0.000000e+000
      outer loop
         vertex 5.819702e+000 -2.662906e+000 2.800000e+001
         vertex 5.819702e+000 -2.662906e+000 0.000000e+000
         vertex 5.861250e+000 -2.570164e+000 0.000000e+000
      endloop
   endfacet
   facet normal 9.136820e-001 -4.064299e-001 0.000000e+000
      outer loop
         vertex 5.819702e+000 -2.662906e+000 2.800000e+001
         vertex 5.861250e+000 -2.570164e+000 0.000000e+000
         vertex 5.861250e+000 -2.570164e+000 2.800000e+001
      endloop
   endfacet
   facet normal 9.179331e-001 -3.967352e-001 0.000000e+000
      outer loop
         vertex 5.861250e+000 -2.570164e+000 2.800000e+001
         vertex 5.861250e+000 -2.570164e+000 0.000000e+000
         vertex 5.901321e+000 -2.476775e+000 0.000000e+000
      endloop
   endfacet
   facet normal 9.200202e-001 -3.918711e-001 0.000000e+000
      outer loop
         vertex 5.861250e+000 -2.570164e+000 2.800000e+001
         vertex 5.901321e+000 -2.476775e+000 0.000000e+000
         vertex 5.901321e+000 -2.476775e+000 2.800000e+001
      endloop
   endfacet
   facet normal 9.241167e-001 -3.821102e-001 0.000000e+000
      outer loop
         vertex 5.901321e+000 -2.476775e+000 2.800000e+001
         vertex 5.901321e+000 -2.476775e+000 0.000000e+000
         vertex 5.939903e+000 -2.382761e+000 0.000000e+000
      endloop
   endfacet
   facet normal 9.261264e-001 -3.772135e-001 0.000000e+000
      outer loop
         vertex 5.901321e+000 -2.476775e+000 2.800000e+001
         vertex 5.939903e+000 -2.382761e+000 0.000000e+000
         vertex 5.939903e+000 -2.382761e+000 2.800000e+001
      endloop
   endfacet
   facet normal 9.300675e-001 -3.673888e-001 0.000000e+000
      outer loop
         vertex 5.939903e+000 -2.382761e+000 2.800000e+001
         vertex 5.939903e+000 -2.382761e+000 0.000000e+000
         vertex 5.976988e+000 -2.288146e+000 0.000000e+000
      endloop
   endfacet
   facet normal 9.319990e-001 -3.624608e-001 0.000000e+000
      outer loop
         vertex 5.939903e+000 -2.382761e+000 2.800000e+001
         vertex 5.976988e+000 -2.288146e+000 0.000000e+000
         vertex 5.976988e+000 -2.288146e+000 2.800000e+001
      endloop
   endfacet
   facet normal 9.357837e-001 -3.525747e-001 0.000000e+000
      outer loop
         vertex 5.976988e+000 -2.288146e+000 2.800000e+001
         vertex 5.976988e+000 -2.288146e+000 0.000000e+000
         vertex 6.012567e+000 -2.192954e+000 0.000000e+000
      endloop
   endfacet
   facet normal 9.376367e-001 -3.476167e-001 0.000000e+000
      outer loop
         vertex 5.976988e+000 -2.288146e+000 2.800000e+001
         vertex 6.012567e+000 -2.192954e+000 0.000000e+000
         vertex 6.012567e+000 -2.192954e+000 2.800000e+001
      endloop
   endfacet
   facet normal 9.412639e-001 -3.376718e-001 0.000000e+000
      outer loop
         vertex 6.012567e+000 -2.192954e+000 2.800000e+001
         vertex 6.012567e+000 -2.192954e+000 0.000000e+000
         vertex 6.046628e+000 -2.097209e+000 0.000000e+000
      endloop
   endfacet
   facet normal 9.430380e-001 -3.326849e-001 0.000000e+000
      outer loop
         vertex 6.012567e+000 -2.192954e+000 2.800000e+001
         vertex 6.046628e+000 -2.097209e+000 0.000000e+000
         vertex 6.046628e+000 -2.097209e+000 2.800000e+001
      endloop
   endfacet
   facet normal 9.465069e-001 -3.226837e-001 0.000000e+000
      outer loop
         vertex 6.046628e+000 -2.097209e+000 2.800000e+001
         vertex 6.046628e+000 -2.097209e+000 0.000000e+000
         vertex 6.079166e+000 -2.000935e+000 0.000000e+000
      endloop
   endfacet
   facet normal 9.482016e-001 -3.176693e-001 0.000000e+000
      outer loop
         vertex 6.046628e+000 -2.097209e+000 2.800000e+001
         vertex 6.079166e+000 -2.000935e+000 0.000000e+000
         vertex 6.079166e+000 -2.000935e+000 2.800000e+001
      endloop
   endfacet
   facet normal 9.515111e-001 -3.076142e-001 0.000000e+000
      outer loop
         vertex 6.079166e+000 -2.000935e+000 2.800000e+001
         vertex 6.079166e+000 -2.000935e+000 0.000000e+000
         vertex 6.110170e+000 -1.904157e+000 0.000000e+000
      endloop
   endfacet
   facet normal 9.531261e-001 -3.025736e-001 0.000000e+000
      outer loop
         vertex 6.079166e+000 -2.000935e+000 2.800000e+001
         vertex 6.110170e+000 -1.904157e+000 0.000000e+000
         vertex 6.110170e+000 -1.904157e+000 2.800000e+001
      endloop
   endfacet
   facet normal 9.562755e-001 -2.924673e-001 0.000000e+000
      outer loop
         vertex 6.110170e+000 -1.904157e+000 2.800000e+001
         vertex 6.110170e+000 -1.904157e+000 0.000000e+000
         vertex 6.139635e+000 -1.806899e+000 0.000000e+000
      endloop
   endfacet
   facet normal 9.578102e-001 -2.874016e-001 0.000000e+000
      outer loop
         vertex 6.110170e+000 -1.904157e+000 2.800000e+001
         vertex 6.139635e+000 -1.806899e+000 0.000000e+000
         vertex 6.139635e+000 -1.806899e+000 2.800000e+001
      endloop
   endfacet
   facet normal 9.607989e-001 -2.772465e-001 0.000000e+000
      outer loop
         vertex 6.139635e+000 -1.806899e+000 2.800000e+001
         vertex 6.139635e+000 -1.806899e+000 0.000000e+000
         vertex 6.167551e+000 -1.709186e+000 0.000000e+000
      endloop
   endfacet
   facet normal 9.622528e-001 -2.721572e-001 0.000000e+000
      outer loop
         vertex 6.139635e+000 -1.806899e+000 2.800000e+001
         vertex 6.167551e+000 -1.709186e+000 0.000000e+000
         vertex 6.167551e+000 -1.709186e+000 2.800000e+001
      endloop
   endfacet
   facet normal 9.650799e-001 -2.619559e-001 0.000000e+000
      outer loop
         vertex 6.167551e+000 -1.709186e+000 2.800000e+001
         vertex 6.167551e+000 -1.709186e+000 0.000000e+000
         vertex 6.193912e+000 -1.611041e+000 0.000000e+000
      endloop
   endfacet
   facet normal 9.664528e-001 -2.568440e-001 0.000000e+000
      outer loop
         vertex 6.167551e+000 -1.709186e+000 2.800000e+001
         vertex 6.193912e+000 -1.611041e+000 0.000000e+000
         vertex 6.193912e+000 -1.611041e+000 2.800000e+001
      endloop
   endfacet
   facet normal 9.691175e-001 -2.465992e-001 0.000000e+000
      outer loop
         vertex 6.193912e+000 -1.611041e+000 2.800000e+001
         vertex 6.193912e+000 -1.611041e+000 0.000000e+000
         vertex 6.218711e+000 -1.512490e+000 0.000000e+000
      endloop
   endfacet
   facet normal 9.704093e-001 -2.414662e-001 0.000000e+000
      outer loop
         vertex 6.193912e+000 -1.611041e+000 2.800000e+001
         vertex 6.218711e+000 -1.512490e+000 0.000000e+000
         vertex 6.218711e+000 -1.512490e+000 2.800000e+001
      endloop
   endfacet
   facet normal 9.729109e-001 -2.311803e-001 0.000000e+000
      outer loop
         vertex 6.218711e+000 -1.512490e+000 2.800000e+001
         vertex 6.218711e+000 -1.512490e+000 0.000000e+000
         vertex 6.241943e+000 -1.413558e+000 0.000000e+000
      endloop
   endfacet
   facet normal 9.741210e-001 -2.260275e-001 0.000000e+000
      outer loop
         vertex 6.218711e+000 -1.512490e+000 2.800000e+001
         vertex 6.241943e+000 -1.413558e+000 0.000000e+000
         vertex 6.241943e+000 -1.413558e+000 2.800000e+001
      endloop
   endfacet
   facet normal 9.764590e-001 -2.157032e-001 0.000000e+000
      outer loop
         vertex 6.241943e+000 -1.413558e+000 2.800000e+001
         vertex 6.241943e+000 -1.413558e+000 0.000000e+000
         vertex 6.263601e+000 -1.314269e+000 0.000000e+000
      endloop
   endfacet
   facet normal 9.775870e-001 -2.105318e-001 0.000000e+000
      outer loop
         vertex 6.241943e+000 -1.413558e+000 2.800000e+001
         vertex 6.263601e+000 -1.314269e+000 0.000000e+000
         vertex 6.263601e+000 -1.314269e+000 2.800000e+001
      endloop
   endfacet
   facet normal 9.797608e-001 -2.001716e-001 0.000000e+000
      outer loop
         vertex 6.263601e+000 -1.314269e+000 2.800000e+001
         vertex 6.263601e+000 -1.314269e+000 0.000000e+000
         vertex 6.283679e+000 -1.214649e+000 0.000000e+000
      endloop
   endfacet
   facet normal 9.808066e-001 -1.949829e-001 0.000000e+000
      outer loop
         vertex 6.263601e+000 -1.314269e+000 2.800000e+001
         vertex 6.283679e+000 -1.214649e+000 0.000000e+000
         vertex 6.283679e+000 -1.214649e+000 2.800000e+001
      endloop
   endfacet
   facet normal 9.828157e-001 -1.845896e-001 0.000000e+000
      outer loop
         vertex 6.283679e+000 -1.214649e+000 2.800000e+001
         vertex 6.283679e+000 -1.214649e+000 0.000000e+000
         vertex 6.302174e+000 -1.114723e+000 0.000000e+000
      endloop
   endfacet
   facet normal 9.837790e-001 -1.793850e-001 0.000000e+000
      outer loop
         vertex 6.283679e+000 -1.214649e+000 2.800000e+001
         vertex 6.302174e+000 -1.114723e+000 0.000000e+000
         vertex 6.302174e+000 -1.114723e+000 2.800000e+001
      endloop
   endfacet
   facet normal 9.856227e-001 -1.689611e-001 0.000000e+000
      outer loop
         vertex 6.302174e+000 -1.114723e+000 2.800000e+001
         vertex 6.302174e+000 -1.114723e+000 0.000000e+000
         vertex 6.319079e+000 -1.014516e+000 0.000000e+000
      endloop
   endfacet
   facet normal 9.865032e-001 -1.637418e-001 0.000000e+000
      outer loop
         vertex 6.302174e+000 -1.114723e+000 2.800000e+001
         vertex 6.319079e+000 -1.014516e+000 0.000000e+000
         vertex 6.319079e+000 -1.014516e+000 2.800000e+001
      endloop
   endfacet
   facet normal 9.881812e-001 -1.532899e-001 0.000000e+000
      outer loop
         vertex 6.319079e+000 -1.014516e+000 2.800000e+001
         vertex 6.319079e+000 -1.014516e+000 0.000000e+000
         vertex 6.334391e+000 -9.140527e-001 0.000000e+000
      endloop
   endfacet
   facet normal 9.889788e-001 -1.480573e-001 0.000000e+000
      outer loop
         vertex 6.319079e+000 -1.014516e+000 2.800000e+001
         vertex 6.334391e+000 -9.140527e-001 0.000000e+000
         vertex 6.334391e+000 -9.140527e-001 2.800000e+001
      endloop
   endfacet
   facet normal 9.904907e-001 -1.375801e-001 0.000000e+000
      outer loop
         vertex 6.334391e+000 -9.140527e-001 2.800000e+001
         vertex 6.334391e+000 -9.140527e-001 0.000000e+000
         vertex 6.348105e+000 -8.133591e-001 0.000000e+000
      endloop
   endfacet
   facet normal 9.912050e-001 -1.323355e-001 0.000000e+000
      outer loop
         vertex 6.334391e+000 -9.140527e-001 2.800000e+001
         vertex 6.348105e+000 -8.133591e-001 0.000000e+000
         vertex 6.348105e+000 -8.133591e-001 2.800000e+001
      endloop
   endfacet
   facet normal 9.925503e-001 -1.218356e-001 0.000000e+000
      outer loop
         vertex 6.348105e+000 -8.133591e-001 2.800000e+001
         vertex 6.348105e+000 -8.133591e-001 0.000000e+000
         vertex 6.360220e+000 -7.124606e-001 0.000000e+000
      endloop
   endfacet
   facet normal 9.931813e-001 -1.165804e-001 0.000000e+000
      outer loop
         vertex 6.348105e+000 -8.133591e-001 2.800000e+001
         vertex 6.360220e+000 -7.124606e-001 0.000000e+000
         vertex 6.360220e+000 -7.124606e-001 2.800000e+001
      endloop
   endfacet
   facet normal 9.943597e-001 -1.060604e-001 0.000000e+000
      outer loop
         vertex 6.360220e+000 -7.124606e-001 2.800000e+001
         vertex 6.360220e+000 -7.124606e-001 0.000000e+000
         vertex 6.370731e+000 -6.113824e-001 0.000000e+000
      endloop
   endfacet
   facet normal 9.949071e-001 -1.007958e-001 0.000000e+000
      outer loop
         vertex 6.360220e+000 -7.124606e-001 2.800000e+001
         vertex 6.370731e+000 -6.113824e-001 0.000000e+000
         vertex 6.370731e+000 -6.113824e-001 2.800000e+001
      endloop
   endfacet
   facet normal 9.959184e-001 -9.025851e-002 0.000000e+000
      outer loop
         vertex 6.370731e+000 -6.113824e-001 2.800000e+001
         vertex 6.370731e+000 -6.113824e-001 0.000000e+000
         vertex 6.379635e+000 -5.101500e-001 0.000000e+000
      endloop
   endfacet
   facet normal 9.963822e-001 -8.498584e-002 0.000000e+000
      outer loop
         vertex 6.370731e+000 -6.113824e-001 2.800000e+001
         vertex 6.379635e+000 -5.101500e-001 0.000000e+000
         vertex 6.379635e+000 -5.101500e-001 2.800000e+001
      endloop
   endfacet
   facet normal 9.972260e-001 -7.443380e-002 0.000000e+000
      outer loop
         vertex 6.379635e+000 -5.101500e-001 2.800000e+001
         vertex 6.379635e+000 -5.101500e-001 0.000000e+000
         vertex 6.386931e+000 -4.087890e-001 0.000000e+000
      endloop
   endfacet
   facet normal 9.976060e-001 -6.915444e-002 0.000000e+000
      outer loop
         vertex 6.379635e+000 -5.101500e-001 2.800000e+001
         vertex 6.386931e+000 -4.087890e-001 0.000000e+000
         vertex 6.386931e+000 -4.087890e-001 2.800000e+001
      endloop
   endfacet
   facet normal 9.982821e-001 -5.859033e-002 0.000000e+000
      outer loop
         vertex 6.386931e+000 -4.087890e-001 2.800000e+001
         vertex 6.386931e+000 -4.087890e-001 0.000000e+000
         vertex 6.392617e+000 -3.073249e-001 0.000000e+000
      endloop
   endfacet
   facet normal 9.985783e-001 -5.330560e-002 0.000000e+000
      outer loop
         vertex 6.386931e+000 -4.087890e-001 2.800000e+001
         vertex 6.392617e+000 -3.073249e-001 0.000000e+000
         vertex 6.392617e+000 -3.073249e-001 2.800000e+001
      endloop
   endfacet
   facet normal 9.990866e-001 -4.273209e-002 0.000000e+000
      outer loop
         vertex 6.392617e+000 -3.073249e-001 2.800000e+001
         vertex 6.392617e+000 -3.073249e-001 0.000000e+000
         vertex 6.396691e+000 -2.057834e-001 0.000000e+000
      endloop
   endfacet
   facet normal 9.992988e-001 -3.744332e-002 0.000000e+000
      outer loop
         vertex 6.392617e+000 -3.073249e-001 2.800000e+001
         vertex 6.396691e+000 -2.057834e-001 0.000000e+000
         vertex 6.396691e+000 -2.057834e-001 2.800000e+001
      endloop
   endfacet
   facet normal 9.996392e-001 -2.686308e-002 0.000000e+000
      outer loop
         vertex 6.396691e+000 -2.057834e-001 2.800000e+001
         vertex 6.396691e+000 -2.057834e-001 0.000000e+000
         vertex 6.399152e+000 -1.041899e-001 0.000000e+000
      endloop
   endfacet
   facet normal 9.997673e-001 -2.157160e-002 0.000000e+000
      outer loop
         vertex 6.396691e+000 -2.057834e-001 2.800000e+001
         vertex 6.399152e+000 -1.041899e-001 0.000000e+000
         vertex 6.399152e+000 -1.041899e-001 2.800000e+001
      endloop
   endfacet
   facet normal 9.999397e-001 -1.098729e-002 0.000000e+000
      outer loop
         vertex 6.399152e+000 -1.041899e-001 2.800000e+001
         vertex 6.399152e+000 -1.041899e-001 0.000000e+000
         vertex 6.399999e+000 -2.570200e-003 0.000000e+000
      endloop
   endfacet
   facet normal 9.999838e-001 -5.694446e-003 0.000000e+000
      outer loop
         vertex 6.399152e+000 -1.041899e-001 2.800000e+001
         vertex 6.399999e+000 -2.570200e-003 0.000000e+000
         vertex 6.399999e+000 -2.570200e-003 2.800000e+001
      endloop
   endfacet
   facet normal 9.999881e-001 4.891271e-003 0.000000e+000
      outer loop
         vertex 6.399999e+000 -2.570200e-003 2.800000e+001
         vertex 6.399999e+000 -2.570200e-003 0.000000e+000
         vertex 6.399233e+000 9.905016e-002 0.000000e+000
      endloop
   endfacet
   facet normal 9.999481e-001 1.018415e-002 0.000000e+000
      outer loop
         vertex 6.399999e+000 -2.570200e-003 2.800000e+001
         vertex 6.399233e+000 9.905016e-002 0.000000e+000
         vertex 6.399233e+000 9.905016e-002 2.800000e+001
      endloop
   endfacet
   facet normal 9.997844e-001 2.076860e-002 0.000000e+000
      outer loop
         vertex 6.399233e+000 9.905016e-002 2.800000e+001
         vertex 6.399233e+000 9.905016e-002 0.000000e+000
         vertex 6.396854e+000 2.006456e-001 0.000000e+000
      endloop
   endfacet
   facet normal 9.996604e-001 2.606017e-002 0.000000e+000
      outer loop
         vertex 6.399233e+000 9.905016e-002 2.800000e+001
         vertex 6.396854e+000 2.006456e-001 0.000000e+000
         vertex 6.396854e+000 2.006456e-001 2.800000e+001
      endloop
   endfacet
   facet normal 9.993286e-001 3.664069e-002 0.000000e+000
      outer loop
         vertex 6.396854e+000 2.006456e-001 2.800000e+001
         vertex 6.396854e+000 2.006456e-001 0.000000e+000
         vertex 6.392862e+000 3.021903e-001 0.000000e+000
      endloop
   endfacet
   facet normal 9.991206e-001 4.192962e-002 0.000000e+000
      outer loop
         vertex 6.396854e+000 2.006456e-001 2.800000e+001
         vertex 6.392862e+000 3.021903e-001 0.000000e+000
         vertex 6.392862e+000 3.021903e-001 2.800000e+001
      endloop
   endfacet
   facet normal 9.986207e-001 5.250354e-002 0.000000e+000
      outer loop
         vertex 6.392862e+000 3.021903e-001 2.800000e+001
         vertex 6.392862e+000 3.021903e-001 0.000000e+000
         vertex 6.387258e+000 4.036590e-001 0.000000e+000
      endloop
   endfacet
   facet normal 9.983289e-001 5.778851e-002 0.000000e+000
      outer loop
         vertex 6.392862e+000 3.021903e-001 2.800000e+001
         vertex 6.387258e+000 4.036590e-001 0.000000e+000
         vertex 6.387258e+000 4.036590e-001 2.800000e+001
      endloop
   endfacet
   facet normal 9.976612e-001 6.835315e-002 0.000000e+000
      outer loop
         vertex 6.387258e+000 4.036590e-001 2.800000e+001
         vertex 6.387258e+000 4.036590e-001 0.000000e+000
         vertex 6.380043e+000 5.050258e-001 0.000000e+000
      endloop
   endfacet
   facet normal 9.972855e-001 7.363282e-002 0.000000e+000
      outer loop
         vertex 6.387258e+000 4.036590e-001 2.800000e+001
         vertex 6.380043e+000 5.050258e-001 0.000000e+000
         vertex 6.380043e+000 5.050258e-001 2.800000e+001
      endloop
   endfacet
   facet normal 9.964501e-001 8.418552e-002 0.000000e+000
      outer loop
         vertex 6.380043e+000 5.050258e-001 2.800000e+001
         vertex 6.380043e+000 5.050258e-001 0.000000e+000
         vertex 6.371220e+000 6.062652e-001 0.000000e+000
      endloop
   endfacet
   facet normal 9.959906e-001 8.945856e-002 0.000000e+000
      outer loop
         vertex 6.380043e+000 5.050258e-001 2.800000e+001
         vertex 6.371220e+000 6.062652e-001 0.000000e+000
         vertex 6.371220e+000 6.062652e-001 2.800000e+001
      endloop
   endfacet
   facet normal 9.949878e-001 9.999668e-002 0.000000e+000
      outer loop
         vertex 6.371220e+000 6.062652e-001 2.800000e+001
         vertex 6.371220e+000 6.062652e-001 0.000000e+000
         vertex 6.360790e+000 7.073519e-001 0.000000e+000
      endloop
   endfacet
   facet normal 9.944445e-001 1.052618e-001 0.000000e+000
      outer loop
         vertex 6.371220e+000 6.062652e-001 2.800000e+001
         vertex 6.360790e+000 7.073519e-001 0.000000e+000
         vertex 6.360790e+000 7.073519e-001 2.800000e+001
      endloop
   endfacet
   facet normal 9.932746e-001 1.157826e-001 0.000000e+000
      outer loop
         vertex 6.360790e+000 7.073519e-001 2.800000e+001
         vertex 6.360790e+000 7.073519e-001 0.000000e+000
         vertex 6.348757e+000 8.082602e-001 0.000000e+000
      endloop
   endfacet
   facet normal 9.926479e-001 1.210384e-001 0.000000e+000
      outer loop
         vertex 6.360790e+000 7.073519e-001 2.800000e+001
         vertex 6.348757e+000 8.082602e-001 0.000000e+000
         vertex 6.348757e+000 8.082602e-001 2.800000e+001
      endloop
   endfacet
   facet normal 9.913110e-001 1.315394e-001 0.000000e+000
      outer loop
         vertex 6.348757e+000 8.082602e-001 2.800000e+001
         vertex 6.348757e+000 8.082602e-001 0.000000e+000
         vertex 6.335123e+000 9.089647e-001 0.000000e+000
      endloop
   endfacet
   facet normal 9.906009e-001 1.367845e-001 0.000000e+000
      outer loop
         vertex 6.348757e+000 8.082602e-001 2.800000e+001
         vertex 6.335123e+000 9.089647e-001 0.000000e+000
         vertex 6.335123e+000 9.089647e-001 2.800000e+001
      endloop
   endfacet
   facet normal 9.890974e-001 1.472630e-001 0.000000e+000
      outer loop
         vertex 6.335123e+000 9.089647e-001 2.800000e+001
         vertex 6.335123e+000 9.089647e-001 0.000000e+000
         vertex 6.319891e+000 1.009440e+000 0.000000e+000
      endloop
   endfacet
   facet normal 9.883041e-001 1.524962e-001 0.000000e+000
      outer loop
         vertex 6.335123e+000 9.089647e-001 2.800000e+001
         vertex 6.319891e+000 1.009440e+000 0.000000e+000
         vertex 6.319891e+000 1.009440e+000 2.800000e+001
      endloop
   endfacet
   facet normal 9.866345e-001 1.629494e-001 0.000000e+000
      outer loop
         vertex 6.319891e+000 1.009440e+000 2.800000e+001
         vertex 6.319891e+000 1.009440e+000 0.000000e+000
         vertex 6.303067e+000 1.109661e+000 0.000000e+000
      endloop
   endfacet
   facet normal 9.857581e-001 1.681694e-001 0.000000e+000
      outer loop
         vertex 6.319891e+000 1.009440e+000 2.800000e+001
         vertex 6.303067e+000 1.109661e+000 0.000000e+000
         vertex 6.303067e+000 1.109661e+000 2.800000e+001
      endloop
   endfacet
   facet normal 9.839227e-001 1.785948e-001 0.000000e+000
      outer loop
         vertex 6.303067e+000 1.109661e+000 2.800000e+001
         vertex 6.303067e+000 1.109661e+000 0.000000e+000
         vertex 6.284653e+000 1.209602e+000 0.000000e+000
      endloop
   endfacet
   facet normal 9.829636e-001 1.838002e-001 0.000000e+000
      outer loop
         vertex 6.303067e+000 1.109661e+000 2.800000e+001
         vertex 6.284653e+000 1.209602e+000 0.000000e+000
         vertex 6.284653e+000 1.209602e+000 2.800000e+001
      endloop
   endfacet
   facet normal 9.809629e-001 1.941951e-001 0.000000e+000
      outer loop
         vertex 6.284653e+000 1.209602e+000 2.800000e+001
         vertex 6.284653e+000 1.209602e+000 0.000000e+000
         vertex 6.264655e+000 1.309238e+000 0.000000e+000
      endloop
   endfacet
   facet normal 9.799213e-001 1.993846e-001 0.000000e+000
      outer loop
         vertex 6.284653e+000 1.209602e+000 2.800000e+001
         vertex 6.264655e+000 1.309238e+000 0.000000e+000
         vertex 6.264655e+000 1.309238e+000 2.800000e+001
      endloop
   endfacet
   facet normal 9.777558e-001 2.097465e-001 0.000000e+000
      outer loop
         vertex 6.264655e+000 1.309238e+000 2.800000e+001
         vertex 6.264655e+000 1.309238e+000 0.000000e+000
         vertex 6.243077e+000 1.408544e+000 0.000000e+000
      endloop
   endfacet
   facet normal 9.766319e-001 2.149188e-001 0.000000e+000
      outer loop
         vertex 6.264655e+000 1.309238e+000 2.800000e+001
         vertex 6.243077e+000 1.408544e+000 0.000000e+000
         vertex 6.243077e+000 1.408544e+000 2.800000e+001
      endloop
   endfacet
   facet normal 9.743022e-001 2.252450e-001 0.000000e+000
      outer loop
         vertex 6.243077e+000 1.408544e+000 2.800000e+001
         vertex 6.243077e+000 1.408544e+000 0.000000e+000
         vertex 6.219924e+000 1.507495e+000 0.000000e+000
      endloop
   endfacet
   facet normal 9.730963e-001 2.303988e-001 0.000000e+000
      outer loop
         vertex 6.243077e+000 1.408544e+000 2.800000e+001
         vertex 6.219924e+000 1.507495e+000 0.000000e+000
         vertex 6.219924e+000 1.507495e+000 2.800000e+001
      endloop
   endfacet
   facet normal 9.706029e-001 2.406867e-001 0.000000e+000
      outer loop
         vertex 6.219924e+000 1.507495e+000 2.800000e+001
         vertex 6.219924e+000 1.507495e+000 0.000000e+000
         vertex 6.195204e+000 1.606065e+000 0.000000e+000
      endloop
   endfacet
   facet normal 9.693154e-001 2.458207e-001 0.000000e+000
      outer loop
         vertex 6.219924e+000 1.507495e+000 2.800000e+001
         vertex 6.195204e+000 1.606065e+000 0.000000e+000
         vertex 6.195204e+000 1.606065e+000 2.800000e+001
      endloop
   endfacet
   facet normal 9.666588e-001 2.560677e-001 0.000000e+000
      outer loop
         vertex 6.195204e+000 1.606065e+000 2.800000e+001
         vertex 6.195204e+000 1.606065e+000 0.000000e+000
         vertex 6.168922e+000 1.704231e+000 0.000000e+000
      endloop
   endfacet
   facet normal 9.652900e-001 2.611807e-001 0.000000e+000
      outer loop
         vertex 6.195204e+000 1.606065e+000 2.800000e+001
         vertex 6.168922e+000 1.704231e+000 0.000000e+000
         vertex 6.168922e+000 1.704231e+000 2.800000e+001
      endloop
   endfacet
   facet normal 9.624711e-001 2.713842e-001 0.000000e+000
      outer loop
         vertex 6.168922e+000 1.704231e+000 2.800000e+001
         vertex 6.168922e+000 1.704231e+000 0.000000e+000
         vertex 6.141084e+000 1.801967e+000 0.000000e+000
      endloop
   endfacet
   facet normal 9.610212e-001 2.764747e-001 0.000000e+000
      outer loop
         vertex 6.168922e+000 1.704231e+000 2.800000e+001
         vertex 6.141084e+000 1.801967e+000 0.000000e+000
         vertex 6.141084e+000 1.801967e+000 2.800000e+001
      endloop
   endfacet
   facet normal 9.580407e-001 2.866322e-001 0.000000e+000
      outer loop
         vertex 6.141084e+000 1.801967e+000 2.800000e+001
         vertex 6.141084e+000 1.801967e+000 0.000000e+000
         vertex 6.111698e+000 1.899249e+000 0.000000e+000
      endloop
   endfacet
   facet normal 9.565102e-001 2.916991e-001 0.000000e+000
      outer loop
         vertex 6.141084e+000 1.801967e+000 2.800000e+001
         vertex 6.111698e+000 1.899249e+000 0.000000e+000
         vertex 6.111698e+000 1.899249e+000 2.800000e+001
      endloop
   endfacet
   facet normal 9.533688e-001 3.018080e-001 0.000000e+000
      outer loop
         vertex 6.111698e+000 1.899249e+000 2.800000e+001
         vertex 6.111698e+000 1.899249e+000 0.000000e+000
         vertex 6.080771e+000 1.996052e+000 0.000000e+000
      endloop
   endfacet
   facet normal 9.517579e-001 3.068499e-001 0.000000e+000
      outer loop
         vertex 6.111698e+000 1.899249e+000 2.800000e+001
         vertex 6.080771e+000 1.996052e+000 0.000000e+000
         vertex 6.080771e+000 1.996052e+000 2.800000e+001
      endloop
   endfacet
   facet normal 9.484564e-001 3.169076e-001 0.000000e+000
      outer loop
         vertex 6.080771e+000 1.996052e+000 2.800000e+001
         vertex 6.080771e+000 1.996052e+000 0.000000e+000
         vertex 6.048311e+000 2.092352e+000 0.000000e+000
      endloop
   endfacet
   facet normal 9.467657e-001 3.219234e-001 0.000000e+000
      outer loop
         vertex 6.080771e+000 1.996052e+000 2.800000e+001
         vertex 6.048311e+000 2.092352e+000 0.000000e+000
         vertex 6.048311e+000 2.092352e+000 2.800000e+001
      endloop
   endfacet
   facet normal 9.433049e-001 3.319274e-001 0.000000e+000
      outer loop
         vertex 6.048311e+000 2.092352e+000 2.800000e+001
         vertex 6.048311e+000 2.092352e+000 0.000000e+000
         vertex 6.014326e+000 2.188124e+000 0.000000e+000
      endloop
   endfacet
   facet normal 9.415349e-001 3.369157e-001 0.000000e+000
      outer loop
         vertex 6.048311e+000 2.092352e+000 2.800000e+001
         vertex 6.014326e+000 2.188124e+000 0.000000e+000
         vertex 6.014326e+000 2.188124e+000 2.800000e+001
      endloop
   endfacet
   facet normal 9.379157e-001 3.468635e-001 0.000000e+000
      outer loop
         vertex 6.014326e+000 2.188124e+000 2.800000e+001
         vertex 6.014326e+000 2.188124e+000 0.000000e+000
         vertex 5.978824e+000 2.283344e+000 0.000000e+000
      endloop
   endfacet
   facet normal 9.360666e-001 3.518230e-001 0.000000e+000
      outer loop
         vertex 6.014326e+000 2.188124e+000 2.800000e+001
         vertex 5.978824e+000 2.283344e+000 0.000000e+000
         vertex 5.978824e+000 2.283344e+000 2.800000e+001
      endloop
   endfacet
   facet normal 9.322898e-001 3.617121e-001 0.000000e+000
      outer loop
         vertex 5.978824e+000 2.283344e+000 2.800000e+001
         vertex 5.978824e+000 2.283344e+000 0.000000e+000
         vertex 5.941815e+000 2.377989e+000 0.000000e+000
      endloop
   endfacet
   facet normal 9.303622e-001 3.666417e-001 0.000000e+000
      outer loop
         vertex 5.978824e+000 2.283344e+000 2.800000e+001
         vertex 5.941815e+000 2.377989e+000 0.000000e+000
         vertex 5.941815e+000 2.377989e+000 2.800000e+001
      endloop
   endfacet
   facet normal 9.264290e-001 3.764695e-001 0.000000e+000
      outer loop
         vertex 5.941815e+000 2.377989e+000 2.800000e+001
         vertex 5.941815e+000 2.377989e+000 0.000000e+000
         vertex 5.903308e+000 2.472034e+000 0.000000e+000
      endloop
   endfacet
   facet normal 9.244234e-001 3.813678e-001 0.000000e+000
      outer loop
         vertex 5.941815e+000 2.377989e+000 2.800000e+001
         vertex 5.903308e+000 2.472034e+000 0.000000e+000
         vertex 5.903308e+000 2.472034e+000 2.800000e+001
      endloop
   endfacet
   facet normal 9.203346e-001 3.911320e-001 0.000000e+000
      outer loop
         vertex 5.903308e+000 2.472034e+000 2.800000e+001
         vertex 5.903308e+000 2.472034e+000 0.000000e+000
         vertex 5.863313e+000 2.565456e+000 0.000000e+000
      endloop
   endfacet
   facet normal 9.182515e-001 3.959979e-001 0.000000e+000
      outer loop
         vertex 5.903308e+000 2.472034e+000 2.800000e+001
         vertex 5.863313e+000 2.565456e+000 0.000000e+000
         vertex 5.863313e+000 2.565456e+000 2.800000e+001
      endloop
   endfacet
   facet normal 9.140081e-001 4.056959e-001 0.000000e+000
      outer loop
         vertex 5.863313e+000 2.565456e+000 2.800000e+001
         vertex 5.863313e+000 2.565456e+000 0.000000e+000
         vertex 5.821839e+000 2.658231e+000 0.000000e+000
      endloop
   endfacet
   facet normal 9.118479e-001 4.105281e-001 0.000000e+000
      outer loop
         vertex 5.863313e+000 2.565456e+000 2.800000e+001
         vertex 5.821839e+000 2.658231e+000 0.000000e+000
         vertex 5.821839e+000 2.658231e+000 2.800000e+001
      endloop
   endfacet
   facet normal 9.074512e-001 4.201575e-001 0.000000e+000
      outer loop
         vertex 5.821839e+000 2.658231e+000 2.800000e+001
         vertex 5.821839e+000 2.658231e+000 0.000000e+000
         vertex 5.778897e+000 2.750336e+000 0.000000e+000
      endloop
   endfacet
   facet normal 9.052145e-001 4.249547e-001 0.000000e+000
      outer loop
         vertex 5.821839e+000 2.658231e+000 2.800000e+001
         vertex 5.778897e+000 2.750336e+000 0.000000e+000
         vertex 5.778897e+000 2.750336e+000 2.800000e+001
      endloop
   endfacet
   facet normal 9.006655e-001 4.345131e-001 0.000000e+000
      outer loop
         vertex 5.778897e+000 2.750336e+000 2.800000e+001
         vertex 5.778897e+000 2.750336e+000 0.000000e+000
         vertex 5.734499e+000 2.841747e+000 0.000000e+000
      endloop
   endfacet
   facet normal 8.983530e-001 4.392743e-001 0.000000e+000
      outer loop
         vertex 5.778897e+000 2.750336e+000 2.800000e+001
         vertex 5.734499e+000 2.841747e+000 0.000000e+000
         vertex 5.734499e+000 2.841747e+000 2.800000e+001
      endloop
   endfacet
   facet normal 8.936527e-001 4.487593e-001 0.000000e+000
      outer loop
         vertex 5.734499e+000 2.841747e+000 2.800000e+001
         vertex 5.734499e+000 2.841747e+000 0.000000e+000
         vertex 5.688654e+000 2.932442e+000 0.000000e+000
      endloop
   endfacet
   facet normal 8.912649e-001 4.534831e-001 0.000000e+000
      outer loop
         vertex 5.734499e+000 2.841747e+000 2.800000e+001
         vertex 5.688654e+000 2.932442e+000 0.000000e+000
         vertex 5.688654e+000 2.932442e+000 2.800000e+001
      endloop
   endfacet
   facet normal 8.864146e-001 4.628922e-001 0.000000e+000
      outer loop
         vertex 5.688654e+000 2.932442e+000 2.800000e+001
         vertex 5.688654e+000 2.932442e+000 0.000000e+000
         vertex 5.641375e+000 3.022398e+000 0.000000e+000
      endloop
   endfacet
   facet normal 8.839521e-001 4.675775e-001 0.000000e+000
      outer loop
         vertex 5.688654e+000 2.932442e+000 2.800000e+001
         vertex 5.641375e+000 3.022398e+000 0.000000e+000
         vertex 5.641375e+000 3.022398e+000 2.800000e+001
      endloop
   endfacet
   facet normal 8.789530e-001 4.769084e-001 0.000000e+000
      outer loop
         vertex 5.641375e+000 3.022398e+000 2.800000e+001
         vertex 5.641375e+000 3.022398e+000 0.000000e+000
         vertex 5.592674e+000 3.111591e+000 0.000000e+000
      endloop
   endfacet
   facet normal 8.764164e-001 4.815541e-001 0.000000e+000
      outer loop
         vertex 5.641375e+000 3.022398e+000 2.800000e+001
         vertex 5.592674e+000 3.111591e+000 0.000000e+000
         vertex 5.592674e+000 3.111591e+000 2.800000e+001
      endloop
   endfacet
   facet normal 8.712697e-001 4.908045e-001 0.000000e+000
      outer loop
         vertex 5.592674e+000 3.111591e+000 2.800000e+001
         vertex 5.592674e+000 3.111591e+000 0.000000e+000
         vertex 5.542563e+000 3.200000e+000 0.000000e+000
      endloop
   endfacet
   facet normal 8.686597e-001 4.954093e-001 0.000000e+000
      outer loop
         vertex 5.592674e+000 3.111591e+000 2.800000e+001
         vertex 5.542563e+000 3.200000e+000 0.000000e+000
         vertex 5.542563e+000 3.200000e+000 2.800000e+001
      endloop
   endfacet
   facet normal 0.000000e+000 0.000000e+000 1.000000e+000
      outer loop
         vertex -2.613491e+000 -2.174779e+000 2.800000e+001
         vertex -2.647826e+000 -2.132842e+000 2.800000e+001
         vertex -6.399999e+000 -2.570200e-003 2.800000e+001
      endloop
   endfacet
   facet normal 0.000000e+000 0.000000e+000 1.000000e+000
      outer loop
         vertex -6.399999e+000 -2.570200e-003 2.800000e+001
         vertex -6.399152e+000 -1.041899e-001 2.800000e+001
         vertex 1.500000e+000 -6.221736e+000 2.800000e+001
      endloop
   endfacet
   facet normal 0.000000e+000 0.000000e+000 1.000000e+000
      outer loop
         vertex 1.500000e+000 -6.221736e+000 2.800000e+001
         vertex -6.399152e+000 -1.041899e-001 2.800000e+001
         vertex -6.396691e+000 -2.057834e-001 2.800000e+001
      endloop
   endfacet
   facet normal 0.000000e+000 0.000000e+000 1.000000e+000
      outer loop
         vertex 1.500000e+000 -6.221736e+000 2.800000e+001
         vertex -6.396691e+000 -2.057834e-001 2.800000e+001
         vertex -6.392617e+000 -3.073249e-001 2.800000e+001
      endloop
   endfacet
   facet normal 0.000000e+000 0.000000e+000 1.000000e+000
      outer loop
         vertex -1.794567e+000 -6.143250e+000 2.800000e+001
         vertex -1.696798e+000 -6.170970e+000 2.800000e+001
         vertex 1.500000e+000 -6.221736e+000 2.800000e+001
      endloop
   endfacet
   facet normal 0.000000e+000 0.000000e+000 1.000000e+000
      outer loop
         vertex -8.500000e+000 -2.650000e+001 2.800000e+001
         vertex -1.054944e+001 -2.345472e+001 2.800000e+001
         vertex -1.070750e+001 -2.346855e+001 2.800000e+001
      endloop
   endfacet
   facet normal 0.000000e+000 0.000000e+000 1.000000e+000
      outer loop
         vertex -5.000000e+001 -2.350000e+001 2.800000e+001
         vertex -5.000000e+001 -2.650000e+001 2.800000e+001
         vertex -1.150000e+001 -2.350000e+001 2.800000e+001
      endloop
   endfacet
   facet normal 0.000000e+000 0.000000e+000 1.000000e+000
      outer loop
         vertex -1.150000e+001 -2.350000e+001 2.800000e+001
         vertex -5.000000e+001 -2.650000e+001 2.800000e+001
         vertex -8.500000e+000 -2.650000e+001 2.800000e+001
      endloop
   endfacet
   facet normal 0.000000e+000 0.000000e+000 1.000000e+000
      outer loop
         vertex -1.150000e+001 -2.350000e+001 2.800000e+001
         vertex -8.500000e+000 -2.650000e+001 2.800000e+001
         vertex -1.134134e+001 -2.349874e+001 2.800000e+001
      endloop
   endfacet
   facet normal 0.000000e+000 0.000000e+000 1.000000e+000
      outer loop
         vertex -1.134134e+001 -2.349874e+001 2.800000e+001
         vertex -8.500000e+000 -2.650000e+001 2.800000e+001
         vertex -1.118272e+001 -2.349497e+001 2.800000e+001
      endloop
   endfacet
   facet normal 0.000000e+000 0.000000e+000 1.000000e+000
      outer loop
         vertex -6.392617e+000 -3.073249e-001 2.800000e+001
         vertex -6.386931e+000 -4.087890e-001 2.800000e+001
         vertex 1.500000e+000 -6.221736e+000 2.800000e+001
      endloop
   endfacet
   facet normal 0.000000e+000 0.000000e+000 1.000000e+000
      outer loop
         vertex 1.500000e+000 -6.221736e+000 2.800000e+001
         vertex -6.386931e+000 -4.087890e-001 2.800000e+001
         vertex -6.379635e+000 -5.101500e-001 2.800000e+001
      endloop
   endfacet
   facet normal 0.000000e+000 0.000000e+000 1.000000e+000
      outer loop
         vertex 1.500000e+000 -6.221736e+000 2.800000e+001
         vertex -6.379635e+000 -5.101500e-001 2.800000e+001
         vertex -6.370731e+000 -6.113824e-001 2.800000e+001
      endloop
   endfacet
   facet normal 0.000000e+000 0.000000e+000 1.000000e+000
      outer loop
         vertex 1.500000e+000 -6.221736e+000 2.800000e+001
         vertex -4.627542e+000 -4.421069e+000 2.800000e+001
         vertex -4.556760e+000 -4.493989e+000 2.800000e+001
      endloop
   endfacet
   facet normal 0.000000e+000 0.000000e+000 1.000000e+000
      outer loop
         vertex -4.556760e+000 -4.493989e+000 2.800000e+001
         vertex -4.484830e+000 -4.565775e+000 2.800000e+001
         vertex 1.500000e+000 -6.221736e+000 2.800000e+001
      endloop
   endfacet
   facet normal 0.000000e+000 0.000000e+000 1.000000e+000
      outer loop
         vertex 1.500000e+000 -6.221736e+000 2.800000e+001
         vertex -4.484830e+000 -4.565775e+000 2.800000e+001
         vertex -4.411768e+000 -4.636410e+000 2.800000e+001
      endloop
   endfacet
   facet normal 0.000000e+000 0.000000e+000 1.000000e+000
      outer loop
         vertex 1.500000e+000 -6.221736e+000 2.800000e+001
         vertex -4.411768e+000 -4.636410e+000 2.800000e+001
         vertex -4.337595e+000 -4.705876e+000 2.800000e+001
      endloop
   endfacet
   facet normal 0.000000e+000 0.000000e+000 1.000000e+000
      outer loop
         vertex -2.558390e+000 -5.866399e+000 2.800000e+001
         vertex -2.464920e+000 -5.906282e+000 2.800000e+001
         vertex 1.500000e+000 -6.221736e+000 2.800000e+001
      endloop
   endfacet
   facet normal 0.000000e+000 0.000000e+000 1.000000e+000
      outer loop
         vertex -1.794567e+000 -6.143250e+000 2.800000e+001
         vertex 1.500000e+000 -6.221736e+000 2.800000e+001
         vertex -1.891884e+000 -6.113982e+000 2.800000e+001
      endloop
   endfacet
   facet normal 0.000000e+000 0.000000e+000 1.000000e+000
      outer loop
         vertex -1.070750e+001 -2.346855e+001 2.800000e+001
         vertex -1.086576e+001 -2.347987e+001 2.800000e+001
         vertex -8.500000e+000 -2.650000e+001 2.800000e+001
      endloop
   endfacet
   facet normal 0.000000e+000 0.000000e+000 1.000000e+000
      outer loop
         vertex -8.500000e+000 -2.650000e+001 2.800000e+001
         vertex -1.086576e+001 -2.347987e+001 2.800000e+001
         vertex -1.102418e+001 -2.348867e+001 2.800000e+001
      endloop
   endfacet
   facet normal 0.000000e+000 0.000000e+000 1.000000e+000
      outer loop
         vertex -8.500000e+000 -2.650000e+001 2.800000e+001
         vertex -1.102418e+001 -2.348867e+001 2.800000e+001
         vertex -1.118272e+001 -2.349497e+001 2.800000e+001
      endloop
   endfacet
   facet normal 0.000000e+000 0.000000e+000 1.000000e+000
      outer loop
         vertex 3.644377e-015 -3.400000e+000 2.800000e+001
         vertex -5.419774e-002 -3.399568e+000 2.800000e+001
         vertex 1.500000e+000 -6.221736e+000 2.800000e+001
      endloop
   endfacet
   facet normal 0.000000e+000 0.000000e+000 1.000000e+000
      outer loop
         vertex -1.014127e+000 -3.245234e+000 2.800000e+001
         vertex -1.065729e+000 -3.228656e+000 2.800000e+001
         vertex 1.500000e+000 -6.221736e+000 2.800000e+001
      endloop
   endfacet
   facet normal 0.000000e+000 0.000000e+000 1.000000e+000
      outer loop
         vertex 1.500000e+000 -6.221736e+000 2.800000e+001
         vertex -1.065729e+000 -3.228656e+000 2.800000e+001
         vertex -1.117060e+000 -3.211258e+000 2.800000e+001
      endloop
   endfacet
   facet normal 0.000000e+000 0.000000e+000 1.000000e+000
      outer loop
         vertex 1.500000e+000 -6.221736e+000 2.800000e+001
         vertex -1.117060e+000 -3.211258e+000 2.800000e+001
         vertex -1.168108e+000 -3.193043e+000 2.800000e+001
      endloop
   endfacet
   facet normal 0.000000e+000 0.000000e+000 1.000000e+000
      outer loop
         vertex -2.647826e+000 -2.132842e+000 2.800000e+001
         vertex -2.681489e+000 -2.090364e+000 2.800000e+001
         vertex -6.399999e+000 -2.570200e-003 2.800000e+001
      endloop
   endfacet
   facet normal 0.000000e+000 0.000000e+000 1.000000e+000
      outer loop
         vertex -6.399999e+000 -2.570200e-003 2.800000e+001
         vertex -2.681489e+000 -2.090364e+000 2.800000e+001
         vertex -2.714469e+000 -2.047354e+000 2.800000e+001
      endloop
   endfacet
   facet normal 0.000000e+000 0.000000e+000 1.000000e+000
      outer loop
         vertex -6.399999e+000 -2.570200e-003 2.800000e+001
         vertex -2.714469e+000 -2.047354e+000 2.800000e+001
         vertex -2.746760e+000 -2.003824e+000 2.800000e+001
      endloop
   endfacet
   facet normal 0.000000e+000 0.000000e+000 1.000000e+000
      outer loop
         vertex -3.236435e+000 -1.041869e+000 2.800000e+001
         vertex -3.252631e+000 -9.901463e-001 2.800000e+001
         vertex -6.399999e+000 -2.570200e-003 2.800000e+001
      endloop
   endfacet
   facet normal 0.000000e+000 0.000000e+000 1.000000e+000
      outer loop
         vertex -6.399999e+000 -2.570200e-003 2.800000e+001
         vertex -3.252631e+000 -9.901463e-001 2.800000e+001
         vertex -3.268001e+000 -9.381719e-001 2.800000e+001
      endloop
   endfacet
   facet normal 0.000000e+000 0.000000e+000 1.000000e+000
      outer loop
         vertex -6.399999e+000 -2.570200e-003 2.800000e+001
         vertex -3.268001e+000 -9.381719e-001 2.800000e+001
         vertex -3.282541e+000 -8.859591e-001 2.800000e+001
      endloop
   endfacet
   facet normal 0.000000e+000 0.000000e+000 1.000000e+000
      outer loop
         vertex -3.342661e+000 -6.217852e-001 2.800000e+001
         vertex -6.399999e+000 -2.570200e-003 2.800000e+001
         vertex -3.332325e+000 -6.749900e-001 2.800000e+001
      endloop
   endfacet
   facet normal 0.000000e+000 0.000000e+000 1.000000e+000
      outer loop
         vertex -3.332325e+000 -6.749900e-001 2.800000e+001
         vertex -6.399999e+000 -2.570200e-003 2.800000e+001
         vertex -3.321142e+000 -7.280232e-001 2.800000e+001
      endloop
   endfacet
   facet normal 0.000000e+000 0.000000e+000 1.000000e+000
      outer loop
         vertex -6.141084e+000 1.801967e+000 2.800000e+001
         vertex -6.168922e+000 1.704231e+000 2.800000e+001
         vertex -3.283583e+000 8.820891e-001 2.800000e+001
      endloop
   endfacet
   facet normal 0.000000e+000 0.000000e+000 1.000000e+000
      outer loop
         vertex -5.901321e+000 -2.476775e+000 2.800000e+001
         vertex -5.861250e+000 -2.570164e+000 2.800000e+001
         vertex 1.500000e+000 -6.221736e+000 2.800000e+001
      endloop
   endfacet
   facet normal 0.000000e+000 0.000000e+000 1.000000e+000
      outer loop
         vertex 1.500000e+000 -6.221736e+000 2.800000e+001
         vertex -5.861250e+000 -2.570164e+000 2.800000e+001
         vertex -5.819702e+000 -2.662906e+000 2.800000e+001
      endloop
   endfacet
   facet normal 0.000000e+000 0.000000e+000 1.000000e+000
      outer loop
         vertex 1.500000e+000 -6.221736e+000 2.800000e+001
         vertex -5.819702e+000 -2.662906e+000 2.800000e+001
         vertex -5.776686e+000 -2.754977e+000 2.800000e+001
      endloop
   endfacet
   facet normal 0.000000e+000 0.000000e+000 1.000000e+000
      outer loop
         vertex -5.776686e+000 -2.754977e+000 2.800000e+001
         vertex -5.732214e+000 -2.846352e+000 2.800000e+001
         vertex 1.500000e+000 -6.221736e+000 2.800000e+001
      endloop
   endfacet
   facet normal 0.000000e+000 0.000000e+000 1.000000e+000
      outer loop
         vertex 1.500000e+000 -6.221736e+000 2.800000e+001
         vertex -5.732214e+000 -2.846352e+000 2.800000e+001
         vertex -5.686296e+000 -2.937010e+000 2.800000e+001
      endloop
   endfacet
   facet normal 0.000000e+000 0.000000e+000 1.000000e+000
      outer loop
         vertex 1.500000e+000 -6.221736e+000 2.800000e+001
         vertex -5.686296e+000 -2.937010e+000 2.800000e+001
         vertex -5.638946e+000 -3.026927e+000 2.800000e+001
      endloop
   endfacet
   facet normal 0.000000e+000 0.000000e+000 1.000000e+000
      outer loop
         vertex -2.746760e+000 -2.003824e+000 2.800000e+001
         vertex -2.778353e+000 -1.959784e+000 2.800000e+001
         vertex -6.399999e+000 -2.570200e-003 2.800000e+001
      endloop
   endfacet
   facet normal 0.000000e+000 0.000000e+000 1.000000e+000
      outer loop
         vertex -6.399999e+000 -2.570200e-003 2.800000e+001
         vertex -2.778353e+000 -1.959784e+000 2.800000e+001
         vertex -2.809240e+000 -1.915247e+000 2.800000e+001
      endloop
   endfacet
   facet normal 0.000000e+000 0.000000e+000 1.000000e+000
      outer loop
         vertex -6.399999e+000 -2.570200e-003 2.800000e+001
         vertex -2.809240e+000 -1.915247e+000 2.800000e+001
         vertex -2.839413e+000 -1.870223e+000 2.800000e+001
      endloop
   endfacet
   facet normal 0.000000e+000 0.000000e+000 1.000000e+000
      outer loop
         vertex -2.839413e+000 -1.870223e+000 2.800000e+001
         vertex -2.868865e+000 -1.824724e+000 2.800000e+001
         vertex -6.399999e+000 -2.570200e-003 2.800000e+001
      endloop
   endfacet
   facet normal 0.000000e+000 0.000000e+000 1.000000e+000
      outer loop
         vertex -6.399999e+000 -2.570200e-003 2.800000e+001
         vertex -2.868865e+000 -1.824724e+000 2.800000e+001
         vertex -2.897587e+000 -1.778760e+000 2.800000e+001
      endloop
   endfacet
   facet normal 0.000000e+000 0.000000e+000 1.000000e+000
      outer loop
         vertex -6.399999e+000 -2.570200e-003 2.800000e+001
         vertex -2.897587e+000 -1.778760e+000 2.800000e+001
         vertex -2.925573e+000 -1.732345e+000 2.800000e+001
      endloop
   endfacet
   facet normal 0.000000e+000 0.000000e+000 1.000000e+000
      outer loop
         vertex -3.282541e+000 -8.859591e-001 2.800000e+001
         vertex -3.296247e+000 -8.335211e-001 2.800000e+001
         vertex -6.399999e+000 -2.570200e-003 2.800000e+001
      endloop
   endfacet
   facet normal 0.000000e+000 0.000000e+000 1.000000e+000
      outer loop
         vertex -6.399999e+000 -2.570200e-003 2.800000e+001
         vertex -3.296247e+000 -8.335211e-001 2.800000e+001
         vertex -3.309115e+000 -7.808714e-001 2.800000e+001
      endloop
   endfacet
   facet normal 0.000000e+000 0.000000e+000 1.000000e+000
      outer loop
         vertex -6.399999e+000 -2.570200e-003 2.800000e+001
         vertex -3.309115e+000 -7.808714e-001 2.800000e+001
         vertex -3.321142e+000 -7.280232e-001 2.800000e+001
      endloop
   endfacet
   facet normal 0.000000e+000 0.000000e+000 1.000000e+000
      outer loop
         vertex -3.342661e+000 -6.217852e-001 2.800000e+001
         vertex -3.352148e+000 -5.684226e-001 2.800000e+001
         vertex -6.399999e+000 -2.570200e-003 2.800000e+001
      endloop
   endfacet
   facet normal 0.000000e+000 0.000000e+000 1.000000e+000
      outer loop
         vertex -6.399999e+000 -2.570200e-003 2.800000e+001
         vertex -3.352148e+000 -5.684226e-001 2.800000e+001
         vertex -3.360783e+000 -5.149153e-001 2.800000e+001
      endloop
   endfacet
   facet normal 0.000000e+000 0.000000e+000 1.000000e+000
      outer loop
         vertex -6.399999e+000 -2.570200e-003 2.800000e+001
         vertex -3.360783e+000 -5.149153e-001 2.800000e+001
         vertex -3.368564e+000 -4.612773e-001 2.800000e+001
      endloop
   endfacet
   facet normal 0.000000e+000 0.000000e+000 1.000000e+000
      outer loop
         vertex -6.399999e+000 -2.570200e-003 2.800000e+001
         vertex -3.386764e+000 -2.997146e-001 2.800000e+001
         vertex -3.391112e+000 -2.456898e-001 2.800000e+001
      endloop
   endfacet
   facet normal 0.000000e+000 0.000000e+000 1.000000e+000
      outer loop
         vertex -6.012567e+000 -2.192954e+000 2.800000e+001
         vertex -5.976988e+000 -2.288146e+000 2.800000e+001
         vertex 1.500000e+000 -6.221736e+000 2.800000e+001
      endloop
   endfacet
   facet normal 0.000000e+000 0.000000e+000 1.000000e+000
      outer loop
         vertex 1.500000e+000 -6.221736e+000 2.800000e+001
         vertex -5.976988e+000 -2.288146e+000 2.800000e+001
         vertex -5.939903e+000 -2.382761e+000 2.800000e+001
      endloop
   endfacet
   facet normal 0.000000e+000 0.000000e+000 1.000000e+000
      outer loop
         vertex 1.500000e+000 -6.221736e+000 2.800000e+001
         vertex -5.939903e+000 -2.382761e+000 2.800000e+001
         vertex -5.901321e+000 -2.476775e+000 2.800000e+001
      endloop
   endfacet
   facet normal 0.000000e+000 0.000000e+000 1.000000e+000
      outer loop
         vertex -5.027127e+000 -3.960807e+000 2.800000e+001
         vertex 1.500000e+000 -6.221736e+000 2.800000e+001
         vertex -5.089383e+000 -3.880487e+000 2.800000e+001
      endloop
   endfacet
   facet normal 0.000000e+000 0.000000e+000 1.000000e+000
      outer loop
         vertex -5.089383e+000 -3.880487e+000 2.800000e+001
         vertex 1.500000e+000 -6.221736e+000 2.800000e+001
         vertex -5.150357e+000 -3.799188e+000 2.800000e+001
      endloop
   endfacet
   facet normal 0.000000e+000 0.000000e+000 1.000000e+000
      outer loop
         vertex -4.337595e+000 -4.705876e+000 2.800000e+001
         vertex -4.262327e+000 -4.774156e+000 2.800000e+001
         vertex 1.500000e+000 -6.221736e+000 2.800000e+001
      endloop
   endfacet
   facet normal 0.000000e+000 0.000000e+000 1.000000e+000
      outer loop
         vertex 1.500000e+000 -6.221736e+000 2.800000e+001
         vertex -4.262327e+000 -4.774156e+000 2.800000e+001
         vertex -4.185985e+000 -4.841232e+000 2.800000e+001
      endloop
   endfacet
   facet normal 0.000000e+000 0.000000e+000 1.000000e+000
      outer loop
         vertex 1.500000e+000 -6.221736e+000 2.800000e+001
         vertex -4.185985e+000 -4.841232e+000 2.800000e+001
         vertex -4.108588e+000 -4.907087e+000 2.800000e+001
      endloop
   endfacet
   facet normal 0.000000e+000 0.000000e+000 1.000000e+000
      outer loop
         vertex -2.180876e+000 -6.016958e+000 2.800000e+001
         vertex -2.085063e+000 -6.050828e+000 2.800000e+001
         vertex 1.500000e+000 -6.221736e+000 2.800000e+001
      endloop
   endfacet
   facet normal 0.000000e+000 0.000000e+000 1.000000e+000
      outer loop
         vertex 1.500000e+000 -6.221736e+000 2.800000e+001
         vertex -2.085063e+000 -6.050828e+000 2.800000e+001
         vertex -1.988725e+000 -6.083171e+000 2.800000e+001
      endloop
   endfacet
   facet normal 0.000000e+000 0.000000e+000 1.000000e+000
      outer loop
         vertex 1.500000e+000 -6.221736e+000 2.800000e+001
         vertex -1.988725e+000 -6.083171e+000 2.800000e+001
         vertex -1.891884e+000 -6.113982e+000 2.800000e+001
      endloop
   endfacet
   facet normal 0.000000e+000 0.000000e+000 1.000000e+000
      outer loop
         vertex -8.229320e+000 -2.295001e+001 2.800000e+001
         vertex -7.076851e+000 -2.639821e+001 2.800000e+001
         vertex -6.919986e+000 -2.637439e+001 2.800000e+001
      endloop
   endfacet
   facet normal 0.000000e+000 0.000000e+000 1.000000e+000
      outer loop
         vertex -9.451933e+000 -2.328802e+001 2.800000e+001
         vertex -9.607488e+000 -2.331929e+001 2.800000e+001
         vertex -8.500000e+000 -2.650000e+001 2.800000e+001
      endloop
   endfacet
   facet normal 0.000000e+000 0.000000e+000 1.000000e+000
      outer loop
         vertex -5.419774e-002 -3.399568e+000 2.800000e+001
         vertex -1.083817e-001 -3.398272e+000 2.800000e+001
         vertex 1.500000e+000 -6.221736e+000 2.800000e+001
      endloop
   endfacet
   facet normal 0.000000e+000 0.000000e+000 1.000000e+000
      outer loop
         vertex 1.500000e+000 -6.221736e+000 2.800000e+001
         vertex -1.083817e-001 -3.398272e+000 2.800000e+001
         vertex -1.625381e-001 -3.396113e+000 2.800000e+001
      endloop
   endfacet
   facet normal 0.000000e+000 0.000000e+000 1.000000e+000
      outer loop
         vertex 1.500000e+000 -6.221736e+000 2.800000e+001
         vertex -1.625381e-001 -3.396113e+000 2.800000e+001
         vertex -2.166533e-001 -3.393090e+000 2.800000e+001
      endloop
   endfacet
   facet normal 0.000000e+000 0.000000e+000 1.000000e+000
      outer loop
         vertex -2.166533e-001 -3.393090e+000 2.800000e+001
         vertex -2.707133e-001 -3.389205e+000 2.800000e+001
         vertex 1.500000e+000 -6.221736e+000 2.800000e+001
      endloop
   endfacet
   facet normal 0.000000e+000 0.000000e+000 1.000000e+000
      outer loop
         vertex 1.500000e+000 -6.221736e+000 2.800000e+001
         vertex -2.707133e-001 -3.389205e+000 2.800000e+001
         vertex -3.247046e-001 -3.384459e+000 2.800000e+001
      endloop
   endfacet
   facet normal 0.000000e+000 0.000000e+000 1.000000e+000
      outer loop
         vertex 1.500000e+000 -6.221736e+000 2.800000e+001
         vertex -3.247046e-001 -3.384459e+000 2.800000e+001
         vertex -3.786134e-001 -3.378854e+000 2.800000e+001
      endloop
   endfacet
   facet normal 0.000000e+000 0.000000e+000 1.000000e+000
      outer loop
         vertex -1.168108e+000 -3.193043e+000 2.800000e+001
         vertex -1.218858e+000 -3.174017e+000 2.800000e+001
         vertex 1.500000e+000 -6.221736e+000 2.800000e+001
      endloop
   endfacet
   facet normal 0.000000e+000 0.000000e+000 1.000000e+000
      outer loop
         vertex 1.500000e+000 -6.221736e+000 2.800000e+001
         vertex -1.218858e+000 -3.174017e+000 2.800000e+001
         vertex -1.269298e+000 -3.154185e+000 2.800000e+001
      endloop
   endfacet
   facet normal 0.000000e+000 0.000000e+000 1.000000e+000
      outer loop
         vertex 1.500000e+000 -6.221736e+000 2.800000e+001
         vertex -1.269298e+000 -3.154185e+000 2.800000e+001
         vertex -1.319416e+000 -3.133551e+000 2.800000e+001
      endloop
   endfacet
   facet normal 0.000000e+000 0.000000e+000 1.000000e+000
      outer loop
         vertex -3.182927e+000 -1.195397e+000 2.800000e+001
         vertex -6.399999e+000 -2.570200e-003 2.800000e+001
         vertex -3.163468e+000 -1.245982e+000 2.800000e+001
      endloop
   endfacet
   facet normal 0.000000e+000 0.000000e+000 1.000000e+000
      outer loop
         vertex -3.163468e+000 -1.245982e+000 2.800000e+001
         vertex -6.399999e+000 -2.570200e-003 2.800000e+001
         vertex -3.143204e+000 -1.296251e+000 2.800000e+001
      endloop
   endfacet
   facet normal 0.000000e+000 0.000000e+000 1.000000e+000
      outer loop
         vertex -3.182927e+000 -1.195397e+000 2.800000e+001
         vertex -3.201578e+000 -1.144507e+000 2.800000e+001
         vertex -6.399999e+000 -2.570200e-003 2.800000e+001
      endloop
   endfacet
   facet normal 0.000000e+000 0.000000e+000 1.000000e+000
      outer loop
         vertex -6.399999e+000 -2.570200e-003 2.800000e+001
         vertex -3.201578e+000 -1.144507e+000 2.800000e+001
         vertex -3.219415e+000 -1.093327e+000 2.800000e+001
      endloop
   endfacet
   facet normal 0.000000e+000 0.000000e+000 1.000000e+000
      outer loop
         vertex -6.399999e+000 -2.570200e-003 2.800000e+001
         vertex -3.219415e+000 -1.093327e+000 2.800000e+001
         vertex -3.236435e+000 -1.041869e+000 2.800000e+001
      endloop
   endfacet
   facet normal 0.000000e+000 0.000000e+000 1.000000e+000
      outer loop
         vertex -3.368564e+000 -4.612773e-001 2.800000e+001
         vertex -3.375489e+000 -4.075221e-001 2.800000e+001
         vertex -6.399999e+000 -2.570200e-003 2.800000e+001
      endloop
   endfacet
   facet normal 0.000000e+000 0.000000e+000 1.000000e+000
      outer loop
         vertex -6.399999e+000 -2.570200e-003 2.800000e+001
         vertex -3.375489e+000 -4.075221e-001 2.800000e+001
         vertex -3.381556e+000 -3.536633e-001 2.800000e+001
      endloop
   endfacet
   facet normal 0.000000e+000 0.000000e+000 1.000000e+000
      outer loop
         vertex -6.399999e+000 -2.570200e-003 2.800000e+001
         vertex -3.381556e+000 -3.536633e-001 2.800000e+001
         vertex -3.386764e+000 -2.997146e-001 2.800000e+001
      endloop
   endfacet
   facet normal 0.000000e+000 0.000000e+000 1.000000e+000
      outer loop
         vertex -6.283679e+000 -1.214649e+000 2.800000e+001
         vertex -6.263601e+000 -1.314269e+000 2.800000e+001
         vertex 1.500000e+000 -6.221736e+000 2.800000e+001
      endloop
   endfacet
   facet normal 0.000000e+000 0.000000e+000 1.000000e+000
      outer loop
         vertex -6.263601e+000 -1.314269e+000 2.800000e+001
         vertex -6.241943e+000 -1.413558e+000 2.800000e+001
         vertex 1.500000e+000 -6.221736e+000 2.800000e+001
      endloop
   endfacet
   facet normal 0.000000e+000 0.000000e+000 1.000000e+000
      outer loop
         vertex 1.500000e+000 -6.221736e+000 2.800000e+001
         vertex -6.241943e+000 -1.413558e+000 2.800000e+001
         vertex -6.218711e+000 -1.512490e+000 2.800000e+001
      endloop
   endfacet
   facet normal 0.000000e+000 0.000000e+000 1.000000e+000
      outer loop
         vertex 1.500000e+000 -6.221736e+000 2.800000e+001
         vertex -6.218711e+000 -1.512490e+000 2.800000e+001
         vertex -6.193912e+000 -1.611041e+000 2.800000e+001
      endloop
   endfacet
   facet normal 0.000000e+000 0.000000e+000 1.000000e+000
      outer loop
         vertex -6.193912e+000 -1.611041e+000 2.800000e+001
         vertex -6.167551e+000 -1.709186e+000 2.800000e+001
         vertex 1.500000e+000 -6.221736e+000 2.800000e+001
      endloop
   endfacet
   facet normal 0.000000e+000 0.000000e+000 1.000000e+000
      outer loop
         vertex 1.500000e+000 -6.221736e+000 2.800000e+001
         vertex -6.167551e+000 -1.709186e+000 2.800000e+001
         vertex -6.139635e+000 -1.806899e+000 2.800000e+001
      endloop
   endfacet
   facet normal 0.000000e+000 0.000000e+000 1.000000e+000
      outer loop
         vertex 1.500000e+000 -6.221736e+000 2.800000e+001
         vertex -6.139635e+000 -1.806899e+000 2.800000e+001
         vertex -6.110170e+000 -1.904157e+000 2.800000e+001
      endloop
   endfacet
   facet normal 0.000000e+000 0.000000e+000 1.000000e+000
      outer loop
         vertex -5.027127e+000 -3.960807e+000 2.800000e+001
         vertex -4.963603e+000 -4.040130e+000 2.800000e+001
         vertex 1.500000e+000 -6.221736e+000 2.800000e+001
      endloop
   endfacet
   facet normal 0.000000e+000 0.000000e+000 1.000000e+000
      outer loop
         vertex 1.500000e+000 -6.221736e+000 2.800000e+001
         vertex -4.963603e+000 -4.040130e+000 2.800000e+001
         vertex -4.898828e+000 -4.118433e+000 2.800000e+001
      endloop
   endfacet
   facet normal 0.000000e+000 0.000000e+000 1.000000e+000
      outer loop
         vertex 1.500000e+000 -6.221736e+000 2.800000e+001
         vertex -4.898828e+000 -4.118433e+000 2.800000e+001
         vertex -4.832817e+000 -4.195698e+000 2.800000e+001
      endloop
   endfacet
   facet normal 0.000000e+000 0.000000e+000 1.000000e+000
      outer loop
         vertex -2.834836e+000 -5.737918e+000 2.800000e+001
         vertex -2.743371e+000 -5.782207e+000 2.800000e+001
         vertex 1.500000e+000 -6.221736e+000 2.800000e+001
      endloop
   endfacet
   facet normal 0.000000e+000 0.000000e+000 1.000000e+000
      outer loop
         vertex 1.500000e+000 -6.221736e+000 2.800000e+001
         vertex -2.743371e+000 -5.782207e+000 2.800000e+001
         vertex -2.651215e+000 -5.825037e+000 2.800000e+001
      endloop
   endfacet
   facet normal 0.000000e+000 0.000000e+000 1.000000e+000
      outer loop
         vertex 1.500000e+000 -6.221736e+000 2.800000e+001
         vertex -2.651215e+000 -5.825037e+000 2.800000e+001
         vertex -2.558390e+000 -5.866399e+000 2.800000e+001
      endloop
   endfacet
   facet normal 0.000000e+000 0.000000e+000 1.000000e+000
      outer loop
         vertex -2.464920e+000 -5.906282e+000 2.800000e+001
         vertex -2.370829e+000 -5.944676e+000 2.800000e+001
         vertex 1.500000e+000 -6.221736e+000 2.800000e+001
      endloop
   endfacet
   facet normal 0.000000e+000 0.000000e+000 1.000000e+000
      outer loop
         vertex 1.500000e+000 -6.221736e+000 2.800000e+001
         vertex -2.370829e+000 -5.944676e+000 2.800000e+001
         vertex -2.276139e+000 -5.981571e+000 2.800000e+001
      endloop
   endfacet
   facet normal 0.000000e+000 0.000000e+000 1.000000e+000
      outer loop
         vertex 1.500000e+000 -6.221736e+000 2.800000e+001
         vertex -2.276139e+000 -5.981571e+000 2.800000e+001
         vertex -2.180876e+000 -6.016958e+000 2.800000e+001
      endloop
   endfacet
   facet normal 0.000000e+000 0.000000e+000 1.000000e+000
      outer loop
         vertex -5.443903e+000 -2.145762e+001 2.800000e+001
         vertex -2.829401e+000 -2.473676e+001 2.800000e+001
         vertex -5.318410e+000 -2.136053e+001 2.800000e+001
      endloop
   endfacet
   facet normal 0.000000e+000 0.000000e+000 1.000000e+000
      outer loop
         vertex -5.318410e+000 -2.136053e+001 2.800000e+001
         vertex -2.829401e+000 -2.473676e+001 2.800000e+001
         vertex -2.699431e+000 -2.464576e+001 2.800000e+001
      endloop
   endfacet
   facet normal 0.000000e+000 0.000000e+000 1.000000e+000
      outer loop
         vertex -5.318410e+000 -2.136053e+001 2.800000e+001
         vertex -2.699431e+000 -2.464576e+001 2.800000e+001
         vertex -5.194474e+000 -2.126147e+001 2.800000e+001
      endloop
   endfacet
   facet normal 0.000000e+000 0.000000e+000 1.000000e+000
      outer loop
         vertex -6.777289e+000 -2.231453e+001 2.800000e+001
         vertex -4.783376e+000 -2.578368e+001 2.800000e+001
         vertex -6.638033e+000 -2.223849e+001 2.800000e+001
      endloop
   endfacet
   facet normal 0.000000e+000 0.000000e+000 1.000000e+000
      outer loop
         vertex -6.638033e+000 -2.223849e+001 2.800000e+001
         vertex -4.783376e+000 -2.578368e+001 2.800000e+001
         vertex -4.636549e+000 -2.572354e+001 2.800000e+001
      endloop
   endfacet
   facet normal 0.000000e+000 0.000000e+000 1.000000e+000
      outer loop
         vertex -6.638033e+000 -2.223849e+001 2.800000e+001
         vertex -4.636549e+000 -2.572354e+001 2.800000e+001
         vertex -6.500000e+000 -2.216025e+001 2.800000e+001
      endloop
   endfacet
   facet normal 0.000000e+000 0.000000e+000 1.000000e+000
      outer loop
         vertex -6.500000e+000 -2.216025e+001 2.800000e+001
         vertex -4.636549e+000 -2.572354e+001 2.800000e+001
         vertex -4.490695e+000 -2.566109e+001 2.800000e+001
      endloop
   endfacet
   facet normal 0.000000e+000 0.000000e+000 1.000000e+000
      outer loop
         vertex -6.500000e+000 -2.216025e+001 2.800000e+001
         vertex -4.490695e+000 -2.566109e+001 2.800000e+001
         vertex -6.363226e+000 -2.207983e+001 2.800000e+001
      endloop
   endfacet
   facet normal 0.000000e+000 0.000000e+000 1.000000e+000
      outer loop
         vertex -7.783375e+000 -2.278368e+001 2.800000e+001
         vertex -6.296895e+000 -2.625430e+001 2.800000e+001
         vertex -7.636549e+000 -2.272354e+001 2.800000e+001
      endloop
   endfacet
   facet normal 0.000000e+000 0.000000e+000 1.000000e+000
      outer loop
         vertex -7.636549e+000 -2.272354e+001 2.800000e+001
         vertex -6.296895e+000 -2.625430e+001 2.800000e+001
         vertex -6.142410e+000 -2.621812e+001 2.800000e+001
      endloop
   endfacet
   facet normal 0.000000e+000 0.000000e+000 1.000000e+000
      outer loop
         vertex -7.636549e+000 -2.272354e+001 2.800000e+001
         vertex -6.142410e+000 -2.621812e+001 2.800000e+001
         vertex -7.490695e+000 -2.266109e+001 2.800000e+001
      endloop
   endfacet
   facet normal 0.000000e+000 0.000000e+000 1.000000e+000
      outer loop
         vertex -8.229320e+000 -2.295001e+001 2.800000e+001
         vertex -6.919986e+000 -2.637439e+001 2.800000e+001
         vertex -8.079799e+000 -2.289693e+001 2.800000e+001
      endloop
   endfacet
   facet normal 0.000000e+000 0.000000e+000 1.000000e+000
      outer loop
         vertex -8.079799e+000 -2.289693e+001 2.800000e+001
         vertex -6.919986e+000 -2.637439e+001 2.800000e+001
         vertex -6.763518e+000 -2.634808e+001 2.800000e+001
      endloop
   endfacet
   facet normal 0.000000e+000 0.000000e+000 1.000000e+000
      outer loop
         vertex -8.079799e+000 -2.289693e+001 2.800000e+001
         vertex -6.763518e+000 -2.634808e+001 2.800000e+001
         vertex -7.931138e+000 -2.284148e+001 2.800000e+001
      endloop
   endfacet
   facet normal 0.000000e+000 0.000000e+000 1.000000e+000
      outer loop
         vertex -7.931138e+000 -2.284148e+001 2.800000e+001
         vertex -6.763518e+000 -2.634808e+001 2.800000e+001
         vertex -6.607487e+000 -2.631929e+001 2.800000e+001
      endloop
   endfacet
   facet normal 0.000000e+000 0.000000e+000 1.000000e+000
      outer loop
         vertex -7.931138e+000 -2.284148e+001 2.800000e+001
         vertex -6.607487e+000 -2.631929e+001 2.800000e+001
         vertex -7.783375e+000 -2.278368e+001 2.800000e+001
      endloop
   endfacet
   facet normal 0.000000e+000 0.000000e+000 1.000000e+000
      outer loop
         vertex -7.783375e+000 -2.278368e+001 2.800000e+001
         vertex -6.607487e+000 -2.631929e+001 2.800000e+001
         vertex -6.451933e+000 -2.628802e+001 2.800000e+001
      endloop
   endfacet
   facet normal 0.000000e+000 0.000000e+000 1.000000e+000
      outer loop
         vertex -7.783375e+000 -2.278368e+001 2.800000e+001
         vertex -6.451933e+000 -2.628802e+001 2.800000e+001
         vertex -6.296895e+000 -2.625430e+001 2.800000e+001
      endloop
   endfacet
   facet normal 0.000000e+000 0.000000e+000 1.000000e+000
      outer loop
         vertex -7.076851e+000 -2.639821e+001 2.800000e+001
         vertex -8.229320e+000 -2.295001e+001 2.800000e+001
         vertex -7.234076e+000 -2.641955e+001 2.800000e+001
      endloop
   endfacet
   facet normal 0.000000e+000 0.000000e+000 1.000000e+000
      outer loop
         vertex -7.234076e+000 -2.641955e+001 2.800000e+001
         vertex -8.229320e+000 -2.295001e+001 2.800000e+001
         vertex -8.379665e+000 -2.300071e+001 2.800000e+001
      endloop
   endfacet
   facet normal 0.000000e+000 0.000000e+000 1.000000e+000
      outer loop
         vertex -7.234076e+000 -2.641955e+001 2.800000e+001
         vertex -8.379665e+000 -2.300071e+001 2.800000e+001
         vertex -7.391618e+000 -2.643839e+001 2.800000e+001
      endloop
   endfacet
   facet normal 0.000000e+000 0.000000e+000 1.000000e+000
      outer loop
         vertex -7.391618e+000 -2.643839e+001 2.800000e+001
         vertex -8.379665e+000 -2.300071e+001 2.800000e+001
         vertex -8.530796e+000 -2.304902e+001 2.800000e+001
      endloop
   endfacet
   facet normal 0.000000e+000 0.000000e+000 1.000000e+000
      outer loop
         vertex -7.391618e+000 -2.643839e+001 2.800000e+001
         vertex -8.530796e+000 -2.304902e+001 2.800000e+001
         vertex -7.549439e+000 -2.645472e+001 2.800000e+001
      endloop
   endfacet
   facet normal 0.000000e+000 0.000000e+000 1.000000e+000
      outer loop
         vertex -7.549439e+000 -2.645472e+001 2.800000e+001
         vertex -8.530796e+000 -2.304902e+001 2.800000e+001
         vertex -7.707500e+000 -2.646855e+001 2.800000e+001
      endloop
   endfacet
   facet normal 0.000000e+000 0.000000e+000 1.000000e+000
      outer loop
         vertex -7.707500e+000 -2.646855e+001 2.800000e+001
         vertex -8.530796e+000 -2.304902e+001 2.800000e+001
         vertex -8.682674e+000 -2.309493e+001 2.800000e+001
      endloop
   endfacet
   facet normal 0.000000e+000 0.000000e+000 1.000000e+000
      outer loop
         vertex -7.707500e+000 -2.646855e+001 2.800000e+001
         vertex -8.682674e+000 -2.309493e+001 2.800000e+001
         vertex -7.865760e+000 -2.647987e+001 2.800000e+001
      endloop
   endfacet
   facet normal 0.000000e+000 0.000000e+000 1.000000e+000
      outer loop
         vertex -7.865760e+000 -2.647987e+001 2.800000e+001
         vertex -8.682674e+000 -2.309493e+001 2.800000e+001
         vertex -8.835261e+000 -2.313842e+001 2.800000e+001
      endloop
   endfacet
   facet normal 0.000000e+000 0.000000e+000 1.000000e+000
      outer loop
         vertex -7.865760e+000 -2.647987e+001 2.800000e+001
         vertex -8.835261e+000 -2.313842e+001 2.800000e+001
         vertex -8.024181e+000 -2.648867e+001 2.800000e+001
      endloop
   endfacet
   facet normal 0.000000e+000 0.000000e+000 1.000000e+000
      outer loop
         vertex -8.024181e+000 -2.648867e+001 2.800000e+001
         vertex -8.835261e+000 -2.313842e+001 2.800000e+001
         vertex -8.988520e+000 -2.317949e+001 2.800000e+001
      endloop
   endfacet
   facet normal 0.000000e+000 0.000000e+000 1.000000e+000
      outer loop
         vertex -8.024181e+000 -2.648867e+001 2.800000e+001
         vertex -8.988520e+000 -2.317949e+001 2.800000e+001
         vertex -8.182720e+000 -2.649496e+001 2.800000e+001
      endloop
   endfacet
   facet normal 0.000000e+000 0.000000e+000 1.000000e+000
      outer loop
         vertex -9.607488e+000 -2.331929e+001 2.800000e+001
         vertex -9.763518e+000 -2.334808e+001 2.800000e+001
         vertex -8.500000e+000 -2.650000e+001 2.800000e+001
      endloop
   endfacet
   facet normal 0.000000e+000 0.000000e+000 1.000000e+000
      outer loop
         vertex -8.500000e+000 -2.650000e+001 2.800000e+001
         vertex -9.763518e+000 -2.334808e+001 2.800000e+001
         vertex -9.919986e+000 -2.337439e+001 2.800000e+001
      endloop
   endfacet
   facet normal 0.000000e+000 0.000000e+000 1.000000e+000
      outer loop
         vertex -8.500000e+000 -2.650000e+001 2.800000e+001
         vertex -9.919986e+000 -2.337439e+001 2.800000e+001
         vertex -1.007685e+001 -2.339821e+001 2.800000e+001
      endloop
   endfacet
   facet normal 0.000000e+000 0.000000e+000 1.000000e+000
      outer loop
         vertex -1.007685e+001 -2.339821e+001 2.800000e+001
         vertex -1.023408e+001 -2.341955e+001 2.800000e+001
         vertex -8.500000e+000 -2.650000e+001 2.800000e+001
      endloop
   endfacet
   facet normal 0.000000e+000 0.000000e+000 1.000000e+000
      outer loop
         vertex -8.500000e+000 -2.650000e+001 2.800000e+001
         vertex -1.023408e+001 -2.341955e+001 2.800000e+001
         vertex -1.039162e+001 -2.343839e+001 2.800000e+001
      endloop
   endfacet
   facet normal 0.000000e+000 0.000000e+000 1.000000e+000
      outer loop
         vertex -8.500000e+000 -2.650000e+001 2.800000e+001
         vertex -1.039162e+001 -2.343839e+001 2.800000e+001
         vertex -1.054944e+001 -2.345472e+001 2.800000e+001
      endloop
   endfacet
   facet normal 0.000000e+000 0.000000e+000 1.000000e+000
      outer loop
         vertex 6.995680e-001 -3.327252e+000 2.800000e+001
         vertex 1.500000e+000 -6.221736e+000 2.800000e+001
         vertex 7.525172e-001 -3.315678e+000 2.800000e+001
      endloop
   endfacet
   facet normal 0.000000e+000 0.000000e+000 1.000000e+000
      outer loop
         vertex 7.525172e-001 -3.315678e+000 2.800000e+001
         vertex 1.500000e+000 -6.221736e+000 2.800000e+001
         vertex 8.052751e-001 -3.303261e+000 2.800000e+001
      endloop
   endfacet
   facet normal 0.000000e+000 0.000000e+000 1.000000e+000
      outer loop
         vertex 1.500000e+000 -6.221736e+000 2.800000e+001
         vertex 5.397077e-001 -3.356891e+000 2.800000e+001
         vertex 4.861286e-001 -3.365067e+000 2.800000e+001
      endloop
   endfacet
   facet normal 0.000000e+000 0.000000e+000 1.000000e+000
      outer loop
         vertex 1.500000e+000 -6.221736e+000 2.800000e+001
         vertex -5.397077e-001 -3.356891e+000 2.800000e+001
         vertex -5.931497e-001 -3.347861e+000 2.800000e+001
      endloop
   endfacet
   facet normal 0.000000e+000 0.000000e+000 1.000000e+000
      outer loop
         vertex -8.578285e-001 -3.290004e+000 2.800000e+001
         vertex 1.500000e+000 -6.221736e+000 2.800000e+001
         vertex -8.052751e-001 -3.303261e+000 2.800000e+001
      endloop
   endfacet
   facet normal 0.000000e+000 0.000000e+000 1.000000e+000
      outer loop
         vertex -8.052751e-001 -3.303261e+000 2.800000e+001
         vertex 1.500000e+000 -6.221736e+000 2.800000e+001
         vertex -7.525172e-001 -3.315678e+000 2.800000e+001
      endloop
   endfacet
   facet normal 0.000000e+000 0.000000e+000 1.000000e+000
      outer loop
         vertex -2.194010e+000 -2.597368e+000 2.800000e+001
         vertex -2.235135e+000 -2.562064e+000 2.800000e+001
         vertex -6.399999e+000 -2.570200e-003 2.800000e+001
      endloop
   endfacet
   facet normal 0.000000e+000 0.000000e+000 1.000000e+000
      outer loop
         vertex -6.399999e+000 -2.570200e-003 2.800000e+001
         vertex -2.235135e+000 -2.562064e+000 2.800000e+001
         vertex -2.275692e+000 -2.526109e+000 2.800000e+001
      endloop
   endfacet
   facet normal 0.000000e+000 0.000000e+000 1.000000e+000
      outer loop
         vertex -6.399999e+000 -2.570200e-003 2.800000e+001
         vertex -2.275692e+000 -2.526109e+000 2.800000e+001
         vertex -2.315670e+000 -2.489512e+000 2.800000e+001
      endloop
   endfacet
   facet normal 0.000000e+000 0.000000e+000 1.000000e+000
      outer loop
         vertex -2.506537e+000 -2.297231e+000 2.800000e+001
         vertex -6.399999e+000 -2.570200e-003 2.800000e+001
         vertex -2.469599e+000 -2.336895e+000 2.800000e+001
      endloop
   endfacet
   facet normal 0.000000e+000 0.000000e+000 1.000000e+000
      outer loop
         vertex -2.469599e+000 -2.336895e+000 2.800000e+001
         vertex -6.399999e+000 -2.570200e-003 2.800000e+001
         vertex -2.432034e+000 -2.375965e+000 2.800000e+001
      endloop
   endfacet
   facet normal 0.000000e+000 0.000000e+000 1.000000e+000
      outer loop
         vertex -2.506537e+000 -2.297231e+000 2.800000e+001
         vertex -2.542838e+000 -2.256984e+000 2.800000e+001
         vertex -6.399999e+000 -2.570200e-003 2.800000e+001
      endloop
   endfacet
   facet normal 0.000000e+000 0.000000e+000 1.000000e+000
      outer loop
         vertex -6.399999e+000 -2.570200e-003 2.800000e+001
         vertex -2.542838e+000 -2.256984e+000 2.800000e+001
         vertex -2.578492e+000 -2.216163e+000 2.800000e+001
      endloop
   endfacet
   facet normal 0.000000e+000 0.000000e+000 1.000000e+000
      outer loop
         vertex -6.399999e+000 -2.570200e-003 2.800000e+001
         vertex -2.578492e+000 -2.216163e+000 2.800000e+001
         vertex -2.613491e+000 -2.174779e+000 2.800000e+001
      endloop
   endfacet
   facet normal 0.000000e+000 0.000000e+000 1.000000e+000
      outer loop
         vertex -2.925573e+000 -1.732345e+000 2.800000e+001
         vertex -2.952816e+000 -1.685490e+000 2.800000e+001
         vertex -6.399999e+000 -2.570200e-003 2.800000e+001
      endloop
   endfacet
   facet normal 0.000000e+000 0.000000e+000 1.000000e+000
      outer loop
         vertex -6.399999e+000 -2.570200e-003 2.800000e+001
         vertex -2.952816e+000 -1.685490e+000 2.800000e+001
         vertex -2.979308e+000 -1.638207e+000 2.800000e+001
      endloop
   endfacet
   facet normal 0.000000e+000 0.000000e+000 1.000000e+000
      outer loop
         vertex -6.399999e+000 -2.570200e-003 2.800000e+001
         vertex -2.979308e+000 -1.638207e+000 2.800000e+001
         vertex -3.005044e+000 -1.590507e+000 2.800000e+001
      endloop
   endfacet
   facet normal 0.000000e+000 0.000000e+000 1.000000e+000
      outer loop
         vertex -3.077643e+000 -1.445031e+000 2.800000e+001
         vertex -3.100286e+000 -1.395788e+000 2.800000e+001
         vertex -6.399999e+000 -2.570200e-003 2.800000e+001
      endloop
   endfacet
   facet normal 0.000000e+000 0.000000e+000 1.000000e+000
      outer loop
         vertex -6.399999e+000 -2.570200e-003 2.800000e+001
         vertex -3.100286e+000 -1.395788e+000 2.800000e+001
         vertex -3.122142e+000 -1.346191e+000 2.800000e+001
      endloop
   endfacet
   facet normal 0.000000e+000 0.000000e+000 1.000000e+000
      outer loop
         vertex -6.399999e+000 -2.570200e-003 2.800000e+001
         vertex -3.122142e+000 -1.346191e+000 2.800000e+001
         vertex -3.143204e+000 -1.296251e+000 2.800000e+001
      endloop
   endfacet
   facet normal 0.000000e+000 0.000000e+000 1.000000e+000
      outer loop
         vertex -3.391112e+000 -2.456898e-001 2.800000e+001
         vertex -3.394597e+000 -1.916025e-001 2.800000e+001
         vertex -6.399999e+000 -2.570200e-003 2.800000e+001
      endloop
   endfacet
   facet normal 0.000000e+000 0.000000e+000 1.000000e+000
      outer loop
         vertex -6.399999e+000 -2.570200e-003 2.800000e+001
         vertex -3.394597e+000 -1.916025e-001 2.800000e+001
         vertex -3.397220e+000 -1.374665e-001 2.800000e+001
      endloop
   endfacet
   facet normal 0.000000e+000 0.000000e+000 1.000000e+000
      outer loop
         vertex -6.399999e+000 -2.570200e-003 2.800000e+001
         vertex -3.397220e+000 -1.374665e-001 2.800000e+001
         vertex -3.398980e+000 -8.329565e-002 2.800000e+001
      endloop
   endfacet
   facet normal 0.000000e+000 0.000000e+000 1.000000e+000
      outer loop
         vertex -5.638946e+000 -3.026927e+000 2.800000e+001
         vertex -5.590173e+000 -3.116082e+000 2.800000e+001
         vertex 1.500000e+000 -6.221736e+000 2.800000e+001
      endloop
   endfacet
   facet normal 0.000000e+000 0.000000e+000 1.000000e+000
      outer loop
         vertex 1.500000e+000 -6.221736e+000 2.800000e+001
         vertex -5.590173e+000 -3.116082e+000 2.800000e+001
         vertex -5.539990e+000 -3.204451e+000 2.800000e+001
      endloop
   endfacet
   facet normal 0.000000e+000 0.000000e+000 1.000000e+000
      outer loop
         vertex 1.500000e+000 -6.221736e+000 2.800000e+001
         vertex -5.539990e+000 -3.204451e+000 2.800000e+001
         vertex -5.488411e+000 -3.292011e+000 2.800000e+001
      endloop
   endfacet
   facet normal 0.000000e+000 0.000000e+000 1.000000e+000
      outer loop
         vertex -5.488411e+000 -3.292011e+000 2.800000e+001
         vertex -5.435449e+000 -3.378742e+000 2.800000e+001
         vertex 1.500000e+000 -6.221736e+000 2.800000e+001
      endloop
   endfacet
   facet normal 0.000000e+000 0.000000e+000 1.000000e+000
      outer loop
         vertex 1.500000e+000 -6.221736e+000 2.800000e+001
         vertex -5.435449e+000 -3.378742e+000 2.800000e+001
         vertex -5.381115e+000 -3.464621e+000 2.800000e+001
      endloop
   endfacet
   facet normal 0.000000e+000 0.000000e+000 1.000000e+000
      outer loop
         vertex 1.500000e+000 -6.221736e+000 2.800000e+001
         vertex -5.381115e+000 -3.464621e+000 2.800000e+001
         vertex -5.325426e+000 -3.549626e+000 2.800000e+001
      endloop
   endfacet
   facet normal 0.000000e+000 0.000000e+000 1.000000e+000
      outer loop
         vertex -4.832817e+000 -4.195698e+000 2.800000e+001
         vertex -4.765588e+000 -4.271905e+000 2.800000e+001
         vertex 1.500000e+000 -6.221736e+000 2.800000e+001
      endloop
   endfacet
   facet normal 0.000000e+000 0.000000e+000 1.000000e+000
      outer loop
         vertex 1.500000e+000 -6.221736e+000 2.800000e+001
         vertex -4.765588e+000 -4.271905e+000 2.800000e+001
         vertex -4.697157e+000 -4.347035e+000 2.800000e+001
      endloop
   endfacet
   facet normal 0.000000e+000 0.000000e+000 1.000000e+000
      outer loop
         vertex 1.500000e+000 -6.221736e+000 2.800000e+001
         vertex -4.697157e+000 -4.347035e+000 2.800000e+001
         vertex -4.627542e+000 -4.421069e+000 2.800000e+001
      endloop
   endfacet
   facet normal 0.000000e+000 0.000000e+000 1.000000e+000
      outer loop
         vertex -4.108588e+000 -4.907087e+000 2.800000e+001
         vertex -4.030155e+000 -4.971705e+000 2.800000e+001
         vertex 1.500000e+000 -6.221736e+000 2.800000e+001
      endloop
   endfacet
   facet normal 0.000000e+000 0.000000e+000 1.000000e+000
      outer loop
         vertex 1.500000e+000 -6.221736e+000 2.800000e+001
         vertex -4.030155e+000 -4.971705e+000 2.800000e+001
         vertex -3.950705e+000 -5.035070e+000 2.800000e+001
      endloop
   endfacet
   facet normal 0.000000e+000 0.000000e+000 1.000000e+000
      outer loop
         vertex 1.500000e+000 -6.221736e+000 2.800000e+001
         vertex -3.950705e+000 -5.035070e+000 2.800000e+001
         vertex -3.870260e+000 -5.097165e+000 2.800000e+001
      endloop
   endfacet
   facet normal 0.000000e+000 0.000000e+000 1.000000e+000
      outer loop
         vertex -3.870260e+000 -5.097165e+000 2.800000e+001
         vertex -3.788838e+000 -5.157975e+000 2.800000e+001
         vertex 1.500000e+000 -6.221736e+000 2.800000e+001
      endloop
   endfacet
   facet normal 0.000000e+000 0.000000e+000 1.000000e+000
      outer loop
         vertex 1.500000e+000 -6.221736e+000 2.800000e+001
         vertex -3.788838e+000 -5.157975e+000 2.800000e+001
         vertex -3.706461e+000 -5.217484e+000 2.800000e+001
      endloop
   endfacet
   facet normal 0.000000e+000 0.000000e+000 1.000000e+000
      outer loop
         vertex 1.500000e+000 -6.221736e+000 2.800000e+001
         vertex -3.706461e+000 -5.217484e+000 2.800000e+001
         vertex -3.623151e+000 -5.275678e+000 2.800000e+001
      endloop
   endfacet
   facet normal 0.000000e+000 0.000000e+000 1.000000e+000
      outer loop
         vertex -3.623151e+000 -5.275678e+000 2.800000e+001
         vertex -3.538926e+000 -5.332542e+000 2.800000e+001
         vertex 1.500000e+000 -6.221736e+000 2.800000e+001
      endloop
   endfacet
   facet normal 0.000000e+000 0.000000e+000 1.000000e+000
      outer loop
         vertex 1.500000e+000 -6.221736e+000 2.800000e+001
         vertex -3.538926e+000 -5.332542e+000 2.800000e+001
         vertex -3.453809e+000 -5.388061e+000 2.800000e+001
      endloop
   endfacet
   facet normal 0.000000e+000 0.000000e+000 1.000000e+000
      outer loop
         vertex 1.500000e+000 -6.221736e+000 2.800000e+001
         vertex -3.453809e+000 -5.388061e+000 2.800000e+001
         vertex -3.367821e+000 -5.442222e+000 2.800000e+001
      endloop
   endfacet
   facet normal 0.000000e+000 0.000000e+000 1.000000e+000
      outer loop
         vertex 1.500000e+000 -1.650000e+001 2.800000e+001
         vertex -1.580452e+000 -1.476592e+001 2.800000e+001
         vertex -1.601786e+000 -1.492315e+001 2.800000e+001
      endloop
   endfacet
   facet normal 0.000000e+000 0.000000e+000 1.000000e+000
      outer loop
         vertex -1.601786e+000 -1.492315e+001 2.800000e+001
         vertex -1.625611e+000 -1.508001e+001 2.800000e+001
         vertex 1.500000e+000 -1.650000e+001 2.800000e+001
      endloop
   endfacet
   facet normal 0.000000e+000 0.000000e+000 1.000000e+000
      outer loop
         vertex 1.500000e+000 -1.650000e+001 2.800000e+001
         vertex -1.625611e+000 -1.508001e+001 2.800000e+001
         vertex -1.651922e+000 -1.523648e+001 2.800000e+001
      endloop
   endfacet
   facet normal 0.000000e+000 0.000000e+000 1.000000e+000
      outer loop
         vertex 1.500000e+000 -1.650000e+001 2.800000e+001
         vertex -1.651922e+000 -1.523648e+001 2.800000e+001
         vertex -1.680713e+000 -1.539251e+001 2.800000e+001
      endloop
   endfacet
   facet normal 0.000000e+000 0.000000e+000 1.000000e+000
      outer loop
         vertex -1.680713e+000 -1.539251e+001 2.800000e+001
         vertex -1.711976e+000 -1.554807e+001 2.800000e+001
         vertex 1.500000e+000 -1.650000e+001 2.800000e+001
      endloop
   endfacet
   facet normal 0.000000e+000 0.000000e+000 1.000000e+000
      outer loop
         vertex 1.500000e+000 -1.650000e+001 2.800000e+001
         vertex -1.711976e+000 -1.554807e+001 2.800000e+001
         vertex -1.745702e+000 -1.570310e+001 2.800000e+001
      endloop
   endfacet
   facet normal 0.000000e+000 0.000000e+000 1.000000e+000
      outer loop
         vertex 1.500000e+000 -1.650000e+001 2.800000e+001
         vertex -1.745702e+000 -1.570310e+001 2.800000e+001
         vertex 1.498741e+000 -1.665866e+001 2.800000e+001
      endloop
   endfacet
   facet normal 0.000000e+000 0.000000e+000 1.000000e+000
      outer loop
         vertex 1.498741e+000 -1.665866e+001 2.800000e+001
         vertex -1.745702e+000 -1.570310e+001 2.800000e+001
         vertex -1.781884e+000 -1.585759e+001 2.800000e+001
      endloop
   endfacet
   facet normal 0.000000e+000 0.000000e+000 1.000000e+000
      outer loop
         vertex 1.498741e+000 -1.665866e+001 2.800000e+001
         vertex -1.781884e+000 -1.585759e+001 2.800000e+001
         vertex 1.494965e+000 -1.681728e+001 2.800000e+001
      endloop
   endfacet
   facet normal 0.000000e+000 0.000000e+000 1.000000e+000
      outer loop
         vertex 1.494965e+000 -1.681728e+001 2.800000e+001
         vertex -1.781884e+000 -1.585759e+001 2.800000e+001
         vertex -1.820513e+000 -1.601148e+001 2.800000e+001
      endloop
   endfacet
   facet normal 0.000000e+000 0.000000e+000 1.000000e+000
      outer loop
         vertex 1.494965e+000 -1.681728e+001 2.800000e+001
         vertex -1.820513e+000 -1.601148e+001 2.800000e+001
         vertex 1.488673e+000 -1.697582e+001 2.800000e+001
      endloop
   endfacet
   facet normal 0.000000e+000 0.000000e+000 1.000000e+000
      outer loop
         vertex 1.488673e+000 -1.697582e+001 2.800000e+001
         vertex -1.820513e+000 -1.601148e+001 2.800000e+001
         vertex -1.861578e+000 -1.616474e+001 2.800000e+001
      endloop
   endfacet
   facet normal 0.000000e+000 0.000000e+000 1.000000e+000
      outer loop
         vertex -1.999289e+000 -1.662033e+001 2.800000e+001
         vertex 1.438385e+000 -1.760838e+001 2.800000e+001
         vertex -1.950978e+000 -1.646920e+001 2.800000e+001
      endloop
   endfacet
   facet normal 0.000000e+000 0.000000e+000 1.000000e+000
      outer loop
         vertex -1.950978e+000 -1.646920e+001 2.800000e+001
         vertex 1.438385e+000 -1.760838e+001 2.800000e+001
         vertex 1.454719e+000 -1.745056e+001 2.800000e+001
      endloop
   endfacet
   facet normal 0.000000e+000 0.000000e+000 1.000000e+000
      outer loop
         vertex -1.950978e+000 -1.646920e+001 2.800000e+001
         vertex 1.454719e+000 -1.745056e+001 2.800000e+001
         vertex -1.905070e+000 -1.631733e+001 2.800000e+001
      endloop
   endfacet
   facet normal 0.000000e+000 0.000000e+000 1.000000e+000
      outer loop
         vertex -1.905070e+000 -1.631733e+001 2.800000e+001
         vertex 1.454719e+000 -1.745056e+001 2.800000e+001
         vertex 1.468548e+000 -1.729250e+001 2.800000e+001
      endloop
   endfacet
   facet normal 0.000000e+000 0.000000e+000 1.000000e+000
      outer loop
         vertex -1.905070e+000 -1.631733e+001 2.800000e+001
         vertex 1.468548e+000 -1.729250e+001 2.800000e+001
         vertex -1.861578e+000 -1.616474e+001 2.800000e+001
      endloop
   endfacet
   facet normal 0.000000e+000 0.000000e+000 1.000000e+000
      outer loop
         vertex -1.861578e+000 -1.616474e+001 2.800000e+001
         vertex 1.468548e+000 -1.729250e+001 2.800000e+001
         vertex 1.479867e+000 -1.713424e+001 2.800000e+001
      endloop
   endfacet
   facet normal 0.000000e+000 0.000000e+000 1.000000e+000
      outer loop
         vertex -1.861578e+000 -1.616474e+001 2.800000e+001
         vertex 1.479867e+000 -1.713424e+001 2.800000e+001
         vertex 1.488673e+000 -1.697582e+001 2.800000e+001
      endloop
   endfacet
   facet normal 0.000000e+000 0.000000e+000 1.000000e+000
      outer loop
         vertex -5.829401e+000 -2.173676e+001 2.800000e+001
         vertex -3.363226e+000 -2.507983e+001 2.800000e+001
         vertex -5.699431e+000 -2.164576e+001 2.800000e+001
      endloop
   endfacet
   facet normal 0.000000e+000 0.000000e+000 1.000000e+000
      outer loop
         vertex -5.699431e+000 -2.164576e+001 2.800000e+001
         vertex -3.363226e+000 -2.507983e+001 2.800000e+001
         vertex -3.227746e+000 -2.499726e+001 2.800000e+001
      endloop
   endfacet
   facet normal 0.000000e+000 0.000000e+000 1.000000e+000
      outer loop
         vertex -5.699431e+000 -2.164576e+001 2.800000e+001
         vertex -3.227746e+000 -2.499726e+001 2.800000e+001
         vertex -5.570920e+000 -2.155270e+001 2.800000e+001
      endloop
   endfacet
   facet normal 0.000000e+000 0.000000e+000 1.000000e+000
      outer loop
         vertex -5.570920e+000 -2.155270e+001 2.800000e+001
         vertex -3.227746e+000 -2.499726e+001 2.800000e+001
         vertex -3.093592e+000 -2.491254e+001 2.800000e+001
      endloop
   endfacet
   facet normal 0.000000e+000 0.000000e+000 1.000000e+000
      outer loop
         vertex -5.570920e+000 -2.155270e+001 2.800000e+001
         vertex -3.093592e+000 -2.491254e+001 2.800000e+001
         vertex -5.443903e+000 -2.145762e+001 2.800000e+001
      endloop
   endfacet
   facet normal 0.000000e+000 0.000000e+000 1.000000e+000
      outer loop
         vertex -5.443903e+000 -2.145762e+001 2.800000e+001
         vertex -3.093592e+000 -2.491254e+001 2.800000e+001
         vertex -2.960799e+000 -2.482570e+001 2.800000e+001
      endloop
   endfacet
   facet normal 0.000000e+000 0.000000e+000 1.000000e+000
      outer loop
         vertex -5.443903e+000 -2.145762e+001 2.800000e+001
         vertex -2.960799e+000 -2.482570e+001 2.800000e+001
         vertex -2.829401e+000 -2.473676e+001 2.800000e+001
      endloop
   endfacet
   facet normal 0.000000e+000 0.000000e+000 1.000000e+000
      outer loop
         vertex -6.093592e+000 -2.191253e+001 2.800000e+001
         vertex -3.777289e+000 -2.531453e+001 2.800000e+001
         vertex -5.960799e+000 -2.182570e+001 2.800000e+001
      endloop
   endfacet
   facet normal 0.000000e+000 0.000000e+000 1.000000e+000
      outer loop
         vertex -5.960799e+000 -2.182570e+001 2.800000e+001
         vertex -3.777289e+000 -2.531453e+001 2.800000e+001
         vertex -3.638033e+000 -2.523849e+001 2.800000e+001
      endloop
   endfacet
   facet normal 0.000000e+000 0.000000e+000 1.000000e+000
      outer loop
         vertex -5.960799e+000 -2.182570e+001 2.800000e+001
         vertex -3.638033e+000 -2.523849e+001 2.800000e+001
         vertex -5.829401e+000 -2.173676e+001 2.800000e+001
      endloop
   endfacet
   facet normal 0.000000e+000 0.000000e+000 1.000000e+000
      outer loop
         vertex -5.829401e+000 -2.173676e+001 2.800000e+001
         vertex -3.638033e+000 -2.523849e+001 2.800000e+001
         vertex -3.500000e+000 -2.516026e+001 2.800000e+001
      endloop
   endfacet
   facet normal 0.000000e+000 0.000000e+000 1.000000e+000
      outer loop
         vertex -5.829401e+000 -2.173676e+001 2.800000e+001
         vertex -3.500000e+000 -2.516026e+001 2.800000e+001
         vertex -3.363226e+000 -2.507983e+001 2.800000e+001
      endloop
   endfacet
   facet normal 0.000000e+000 0.000000e+000 1.000000e+000
      outer loop
         vertex -4.490695e+000 -2.566109e+001 2.800000e+001
         vertex -4.345850e+000 -2.559632e+001 2.800000e+001
         vertex -6.363226e+000 -2.207983e+001 2.800000e+001
      endloop
   endfacet
   facet normal 0.000000e+000 0.000000e+000 1.000000e+000
      outer loop
         vertex -6.363226e+000 -2.207983e+001 2.800000e+001
         vertex -4.345850e+000 -2.559632e+001 2.800000e+001
         vertex -4.202051e+000 -2.552927e+001 2.800000e+001
      endloop
   endfacet
   facet normal 0.000000e+000 0.000000e+000 1.000000e+000
      outer loop
         vertex -6.363226e+000 -2.207983e+001 2.800000e+001
         vertex -4.202051e+000 -2.552927e+001 2.800000e+001
         vertex -6.227745e+000 -2.199725e+001 2.800000e+001
      endloop
   endfacet
   facet normal 0.000000e+000 0.000000e+000 1.000000e+000
      outer loop
         vertex -6.227745e+000 -2.199725e+001 2.800000e+001
         vertex -4.202051e+000 -2.552927e+001 2.800000e+001
         vertex -4.059334e+000 -2.545994e+001 2.800000e+001
      endloop
   endfacet
   facet normal 0.000000e+000 0.000000e+000 1.000000e+000
      outer loop
         vertex -6.227745e+000 -2.199725e+001 2.800000e+001
         vertex -4.059334e+000 -2.545994e+001 2.800000e+001
         vertex -6.093592e+000 -2.191253e+001 2.800000e+001
      endloop
   endfacet
   facet normal 0.000000e+000 0.000000e+000 1.000000e+000
      outer loop
         vertex -6.093592e+000 -2.191253e+001 2.800000e+001
         vertex -4.059334e+000 -2.545994e+001 2.800000e+001
         vertex -3.917735e+000 -2.538836e+001 2.800000e+001
      endloop
   endfacet
   facet normal 0.000000e+000 0.000000e+000 1.000000e+000
      outer loop
         vertex -6.093592e+000 -2.191253e+001 2.800000e+001
         vertex -3.917735e+000 -2.538836e+001 2.800000e+001
         vertex -3.777289e+000 -2.531453e+001 2.800000e+001
      endloop
   endfacet
   facet normal 0.000000e+000 0.000000e+000 1.000000e+000
      outer loop
         vertex -7.059334e+000 -2.245994e+001 2.800000e+001
         vertex -5.229321e+000 -2.595001e+001 2.800000e+001
         vertex -6.917735e+000 -2.238835e+001 2.800000e+001
      endloop
   endfacet
   facet normal 0.000000e+000 0.000000e+000 1.000000e+000
      outer loop
         vertex -6.917735e+000 -2.238835e+001 2.800000e+001
         vertex -5.229321e+000 -2.595001e+001 2.800000e+001
         vertex -5.079798e+000 -2.589692e+001 2.800000e+001
      endloop
   endfacet
   facet normal 0.000000e+000 0.000000e+000 1.000000e+000
      outer loop
         vertex -6.917735e+000 -2.238835e+001 2.800000e+001
         vertex -5.079798e+000 -2.589692e+001 2.800000e+001
         vertex -6.777289e+000 -2.231453e+001 2.800000e+001
      endloop
   endfacet
   facet normal 0.000000e+000 0.000000e+000 1.000000e+000
      outer loop
         vertex -6.777289e+000 -2.231453e+001 2.800000e+001
         vertex -5.079798e+000 -2.589692e+001 2.800000e+001
         vertex -4.931138e+000 -2.584148e+001 2.800000e+001
      endloop
   endfacet
   facet normal 0.000000e+000 0.000000e+000 1.000000e+000
      outer loop
         vertex -6.777289e+000 -2.231453e+001 2.800000e+001
         vertex -4.931138e+000 -2.584148e+001 2.800000e+001
         vertex -4.783376e+000 -2.578368e+001 2.800000e+001
      endloop
   endfacet
   facet normal 0.000000e+000 0.000000e+000 1.000000e+000
      outer loop
         vertex -6.142410e+000 -2.621812e+001 2.800000e+001
         vertex -5.988520e+000 -2.617949e+001 2.800000e+001
         vertex -7.490695e+000 -2.266109e+001 2.800000e+001
      endloop
   endfacet
   facet normal 0.000000e+000 0.000000e+000 1.000000e+000
      outer loop
         vertex -7.490695e+000 -2.266109e+001 2.800000e+001
         vertex -5.988520e+000 -2.617949e+001 2.800000e+001
         vertex -5.835262e+000 -2.613842e+001 2.800000e+001
      endloop
   endfacet
   facet normal 0.000000e+000 0.000000e+000 1.000000e+000
      outer loop
         vertex -7.490695e+000 -2.266109e+001 2.800000e+001
         vertex -5.835262e+000 -2.613842e+001 2.800000e+001
         vertex -7.345850e+000 -2.259632e+001 2.800000e+001
      endloop
   endfacet
   facet normal 0.000000e+000 0.000000e+000 1.000000e+000
      outer loop
         vertex -7.345850e+000 -2.259632e+001 2.800000e+001
         vertex -5.835262e+000 -2.613842e+001 2.800000e+001
         vertex -5.682674e+000 -2.609493e+001 2.800000e+001
      endloop
   endfacet
   facet normal 0.000000e+000 0.000000e+000 1.000000e+000
      outer loop
         vertex -7.345850e+000 -2.259632e+001 2.800000e+001
         vertex -5.682674e+000 -2.609493e+001 2.800000e+001
         vertex -7.202051e+000 -2.252926e+001 2.800000e+001
      endloop
   endfacet
   facet normal 0.000000e+000 0.000000e+000 1.000000e+000
      outer loop
         vertex -7.202051e+000 -2.252926e+001 2.800000e+001
         vertex -5.682674e+000 -2.609493e+001 2.800000e+001
         vertex -5.530797e+000 -2.604902e+001 2.800000e+001
      endloop
   endfacet
   facet normal 0.000000e+000 0.000000e+000 1.000000e+000
      outer loop
         vertex -7.202051e+000 -2.252926e+001 2.800000e+001
         vertex -5.530797e+000 -2.604902e+001 2.800000e+001
         vertex -7.059334e+000 -2.245994e+001 2.800000e+001
      endloop
   endfacet
   facet normal 0.000000e+000 0.000000e+000 1.000000e+000
      outer loop
         vertex -7.059334e+000 -2.245994e+001 2.800000e+001
         vertex -5.530797e+000 -2.604902e+001 2.800000e+001
         vertex -5.379666e+000 -2.600071e+001 2.800000e+001
      endloop
   endfacet
   facet normal 0.000000e+000 0.000000e+000 1.000000e+000
      outer loop
         vertex -7.059334e+000 -2.245994e+001 2.800000e+001
         vertex -5.379666e+000 -2.600071e+001 2.800000e+001
         vertex -5.229321e+000 -2.595001e+001 2.800000e+001
      endloop
   endfacet
   facet normal 0.000000e+000 0.000000e+000 1.000000e+000
      outer loop
         vertex 6.995680e-001 -3.327252e+000 2.800000e+001
         vertex 6.464409e-001 -3.337981e+000 2.800000e+001
         vertex 1.500000e+000 -6.221736e+000 2.800000e+001
      endloop
   endfacet
   facet normal 0.000000e+000 0.000000e+000 1.000000e+000
      outer loop
         vertex 1.500000e+000 -6.221736e+000 2.800000e+001
         vertex 6.464409e-001 -3.337981e+000 2.800000e+001
         vertex 5.931497e-001 -3.347861e+000 2.800000e+001
      endloop
   endfacet
   facet normal 0.000000e+000 0.000000e+000 1.000000e+000
      outer loop
         vertex 1.500000e+000 -6.221736e+000 2.800000e+001
         vertex 5.931497e-001 -3.347861e+000 2.800000e+001
         vertex 5.397077e-001 -3.356891e+000 2.800000e+001
      endloop
   endfacet
   facet normal 0.000000e+000 0.000000e+000 1.000000e+000
      outer loop
         vertex 4.861286e-001 -3.365067e+000 2.800000e+001
         vertex 4.324259e-001 -3.372389e+000 2.800000e+001
         vertex 1.500000e+000 -6.221736e+000 2.800000e+001
      endloop
   endfacet
   facet normal 0.000000e+000 0.000000e+000 1.000000e+000
      outer loop
         vertex 1.500000e+000 -6.221736e+000 2.800000e+001
         vertex 4.324259e-001 -3.372389e+000 2.800000e+001
         vertex 3.786134e-001 -3.378854e+000 2.800000e+001
      endloop
   endfacet
   facet normal 0.000000e+000 0.000000e+000 1.000000e+000
      outer loop
         vertex 1.500000e+000 -6.221736e+000 2.800000e+001
         vertex 3.786134e-001 -3.378854e+000 2.800000e+001
         vertex 3.247046e-001 -3.384459e+000 2.800000e+001
      endloop
   endfacet
   facet normal 0.000000e+000 0.000000e+000 1.000000e+000
      outer loop
         vertex 3.247046e-001 -3.384459e+000 2.800000e+001
         vertex 2.707133e-001 -3.389205e+000 2.800000e+001
         vertex 1.500000e+000 -6.221736e+000 2.800000e+001
      endloop
   endfacet
   facet normal 0.000000e+000 0.000000e+000 1.000000e+000
      outer loop
         vertex 1.500000e+000 -6.221736e+000 2.800000e+001
         vertex 2.707133e-001 -3.389205e+000 2.800000e+001
         vertex 2.166533e-001 -3.393090e+000 2.800000e+001
      endloop
   endfacet
   facet normal 0.000000e+000 0.000000e+000 1.000000e+000
      outer loop
         vertex 1.500000e+000 -6.221736e+000 2.800000e+001
         vertex 2.166533e-001 -3.393090e+000 2.800000e+001
         vertex 1.625381e-001 -3.396113e+000 2.800000e+001
      endloop
   endfacet
   facet normal 0.000000e+000 0.000000e+000 1.000000e+000
      outer loop
         vertex -3.786134e-001 -3.378854e+000 2.800000e+001
         vertex -4.324259e-001 -3.372389e+000 2.800000e+001
         vertex 1.500000e+000 -6.221736e+000 2.800000e+001
      endloop
   endfacet
   facet normal 0.000000e+000 0.000000e+000 1.000000e+000
      outer loop
         vertex 1.500000e+000 -6.221736e+000 2.800000e+001
         vertex -4.324259e-001 -3.372389e+000 2.800000e+001
         vertex -4.861286e-001 -3.365067e+000 2.800000e+001
      endloop
   endfacet
   facet normal 0.000000e+000 0.000000e+000 1.000000e+000
      outer loop
         vertex 1.500000e+000 -6.221736e+000 2.800000e+001
         vertex -4.861286e-001 -3.365067e+000 2.800000e+001
         vertex -5.397077e-001 -3.356891e+000 2.800000e+001
      endloop
   endfacet
   facet normal 0.000000e+000 0.000000e+000 1.000000e+000
      outer loop
         vertex -8.578285e-001 -3.290004e+000 2.800000e+001
         vertex -9.101639e-001 -3.275912e+000 2.800000e+001
         vertex 1.500000e+000 -6.221736e+000 2.800000e+001
      endloop
   endfacet
   facet normal 0.000000e+000 0.000000e+000 1.000000e+000
      outer loop
         vertex 1.500000e+000 -6.221736e+000 2.800000e+001
         vertex -9.101639e-001 -3.275912e+000 2.800000e+001
         vertex -9.622679e-001 -3.260988e+000 2.800000e+001
      endloop
   endfacet
   facet normal 0.000000e+000 0.000000e+000 1.000000e+000
      outer loop
         vertex 1.500000e+000 -6.221736e+000 2.800000e+001
         vertex -9.622679e-001 -3.260988e+000 2.800000e+001
         vertex -1.014127e+000 -3.245234e+000 2.800000e+001
      endloop
   endfacet
   facet normal 0.000000e+000 0.000000e+000 1.000000e+000
      outer loop
         vertex -1.319416e+000 -3.133551e+000 2.800000e+001
         vertex -1.369199e+000 -3.112120e+000 2.800000e+001
         vertex 1.500000e+000 -6.221736e+000 2.800000e+001
      endloop
   endfacet
   facet normal 0.000000e+000 0.000000e+000 1.000000e+000
      outer loop
         vertex 1.500000e+000 -6.221736e+000 2.800000e+001
         vertex -1.369199e+000 -3.112120e+000 2.800000e+001
         vertex -1.418634e+000 -3.089899e+000 2.800000e+001
      endloop
   endfacet
   facet normal 0.000000e+000 0.000000e+000 1.000000e+000
      outer loop
         vertex 1.500000e+000 -6.221736e+000 2.800000e+001
         vertex -1.418634e+000 -3.089899e+000 2.800000e+001
         vertex -1.467708e+000 -3.066893e+000 2.800000e+001
      endloop
   endfacet
   facet normal 0.000000e+000 0.000000e+000 1.000000e+000
      outer loop
         vertex -2.315670e+000 -2.489512e+000 2.800000e+001
         vertex -2.355060e+000 -2.452283e+000 2.800000e+001
         vertex -6.399999e+000 -2.570200e-003 2.800000e+001
      endloop
   endfacet
   facet normal 0.000000e+000 0.000000e+000 1.000000e+000
      outer loop
         vertex -6.399999e+000 -2.570200e-003 2.800000e+001
         vertex -2.355060e+000 -2.452283e+000 2.800000e+001
         vertex -2.393851e+000 -2.414431e+000 2.800000e+001
      endloop
   endfacet
   facet normal 0.000000e+000 0.000000e+000 1.000000e+000
      outer loop
         vertex -6.399999e+000 -2.570200e-003 2.800000e+001
         vertex -2.393851e+000 -2.414431e+000 2.800000e+001
         vertex -2.432034e+000 -2.375965e+000 2.800000e+001
      endloop
   endfacet
   facet normal 0.000000e+000 0.000000e+000 1.000000e+000
      outer loop
         vertex -3.005044e+000 -1.590507e+000 2.800000e+001
         vertex -3.030015e+000 -1.542403e+000 2.800000e+001
         vertex -6.399999e+000 -2.570200e-003 2.800000e+001
      endloop
   endfacet
   facet normal 0.000000e+000 0.000000e+000 1.000000e+000
      outer loop
         vertex -6.399999e+000 -2.570200e-003 2.800000e+001
         vertex -3.030015e+000 -1.542403e+000 2.800000e+001
         vertex -3.054217e+000 -1.493907e+000 2.800000e+001
      endloop
   endfacet
   facet normal 0.000000e+000 0.000000e+000 1.000000e+000
      outer loop
         vertex -6.399999e+000 -2.570200e-003 2.800000e+001
         vertex -3.054217e+000 -1.493907e+000 2.800000e+001
         vertex -3.077643e+000 -1.445031e+000 2.800000e+001
      endloop
   endfacet
   facet normal 0.000000e+000 0.000000e+000 1.000000e+000
      outer loop
         vertex -3.710795e+000 2.142428e+000 2.800000e+001
         vertex -5.542563e+000 3.200000e+000 2.800000e+001
         vertex -5.592674e+000 3.111591e+000 2.800000e+001
      endloop
   endfacet
   facet normal 0.000000e+000 0.000000e+000 1.000000e+000
      outer loop
         vertex -6.370731e+000 -6.113824e-001 2.800000e+001
         vertex -6.360220e+000 -7.124606e-001 2.800000e+001
         vertex 1.500000e+000 -6.221736e+000 2.800000e+001
      endloop
   endfacet
   facet normal 0.000000e+000 0.000000e+000 1.000000e+000
      outer loop
         vertex 1.500000e+000 -6.221736e+000 2.800000e+001
         vertex -6.360220e+000 -7.124606e-001 2.800000e+001
         vertex -6.348105e+000 -8.133591e-001 2.800000e+001
      endloop
   endfacet
   facet normal 0.000000e+000 0.000000e+000 1.000000e+000
      outer loop
         vertex 1.500000e+000 -6.221736e+000 2.800000e+001
         vertex -6.348105e+000 -8.133591e-001 2.800000e+001
         vertex -6.334391e+000 -9.140527e-001 2.800000e+001
      endloop
   endfacet
   facet normal 0.000000e+000 0.000000e+000 1.000000e+000
      outer loop
         vertex -6.110170e+000 -1.904157e+000 2.800000e+001
         vertex -6.079166e+000 -2.000935e+000 2.800000e+001
         vertex 1.500000e+000 -6.221736e+000 2.800000e+001
      endloop
   endfacet
   facet normal 0.000000e+000 0.000000e+000 1.000000e+000
      outer loop
         vertex 1.500000e+000 -6.221736e+000 2.800000e+001
         vertex -6.079166e+000 -2.000935e+000 2.800000e+001
         vertex -6.046628e+000 -2.097209e+000 2.800000e+001
      endloop
   endfacet
   facet normal 0.000000e+000 0.000000e+000 1.000000e+000
      outer loop
         vertex 1.500000e+000 -6.221736e+000 2.800000e+001
         vertex -6.046628e+000 -2.097209e+000 2.800000e+001
         vertex -6.012567e+000 -2.192954e+000 2.800000e+001
      endloop
   endfacet
   facet normal 0.000000e+000 0.000000e+000 1.000000e+000
      outer loop
         vertex -5.325426e+000 -3.549626e+000 2.800000e+001
         vertex -5.268393e+000 -3.633737e+000 2.800000e+001
         vertex 1.500000e+000 -6.221736e+000 2.800000e+001
      endloop
   endfacet
   facet normal 0.000000e+000 0.000000e+000 1.000000e+000
      outer loop
         vertex 1.500000e+000 -6.221736e+000 2.800000e+001
         vertex -5.268393e+000 -3.633737e+000 2.800000e+001
         vertex -5.210032e+000 -3.716931e+000 2.800000e+001
      endloop
   endfacet
   facet normal 0.000000e+000 0.000000e+000 1.000000e+000
      outer loop
         vertex 1.500000e+000 -6.221736e+000 2.800000e+001
         vertex -5.210032e+000 -3.716931e+000 2.800000e+001
         vertex -5.150357e+000 -3.799188e+000 2.800000e+001
      endloop
   endfacet
   facet normal 0.000000e+000 0.000000e+000 1.000000e+000
      outer loop
         vertex -8.182720e+000 -2.649496e+001 2.800000e+001
         vertex -8.988520e+000 -2.317949e+001 2.800000e+001
         vertex -8.341340e+000 -2.649874e+001 2.800000e+001
      endloop
   endfacet
   facet normal 0.000000e+000 0.000000e+000 1.000000e+000
      outer loop
         vertex -8.341340e+000 -2.649874e+001 2.800000e+001
         vertex -8.988520e+000 -2.317949e+001 2.800000e+001
         vertex -9.142411e+000 -2.321811e+001 2.800000e+001
      endloop
   endfacet
   facet normal 0.000000e+000 0.000000e+000 1.000000e+000
      outer loop
         vertex -8.341340e+000 -2.649874e+001 2.800000e+001
         vertex -9.142411e+000 -2.321811e+001 2.800000e+001
         vertex -8.500000e+000 -2.650000e+001 2.800000e+001
      endloop
   endfacet
   facet normal 0.000000e+000 0.000000e+000 1.000000e+000
      outer loop
         vertex -8.500000e+000 -2.650000e+001 2.800000e+001
         vertex -9.142411e+000 -2.321811e+001 2.800000e+001
         vertex -9.296895e+000 -2.325430e+001 2.800000e+001
      endloop
   endfacet
   facet normal 0.000000e+000 0.000000e+000 1.000000e+000
      outer loop
         vertex -8.500000e+000 -2.650000e+001 2.800000e+001
         vertex -9.296895e+000 -2.325430e+001 2.800000e+001
         vertex -9.451933e+000 -2.328802e+001 2.800000e+001
      endloop
   endfacet
   facet normal 0.000000e+000 0.000000e+000 1.000000e+000
      outer loop
         vertex 1.625381e-001 -3.396113e+000 2.800000e+001
         vertex 1.083817e-001 -3.398272e+000 2.800000e+001
         vertex 1.500000e+000 -6.221736e+000 2.800000e+001
      endloop
   endfacet
   facet normal 0.000000e+000 0.000000e+000 1.000000e+000
      outer loop
         vertex 1.500000e+000 -6.221736e+000 2.800000e+001
         vertex 1.083817e-001 -3.398272e+000 2.800000e+001
         vertex 5.419774e-002 -3.399568e+000 2.800000e+001
      endloop
   endfacet
   facet normal 0.000000e+000 0.000000e+000 1.000000e+000
      outer loop
         vertex 1.500000e+000 -6.221736e+000 2.800000e+001
         vertex 5.419774e-002 -3.399568e+000 2.800000e+001
         vertex 3.644377e-015 -3.400000e+000 2.800000e+001
      endloop
   endfacet
   facet normal 0.000000e+000 0.000000e+000 1.000000e+000
      outer loop
         vertex -5.931497e-001 -3.347861e+000 2.800000e+001
         vertex -6.464409e-001 -3.337981e+000 2.800000e+001
         vertex 1.500000e+000 -6.221736e+000 2.800000e+001
      endloop
   endfacet
   facet normal 0.000000e+000 0.000000e+000 1.000000e+000
      outer loop
         vertex 1.500000e+000 -6.221736e+000 2.800000e+001
         vertex -6.464409e-001 -3.337981e+000 2.800000e+001
         vertex -6.995680e-001 -3.327252e+000 2.800000e+001
      endloop
   endfacet
   facet normal 0.000000e+000 0.000000e+000 1.000000e+000
      outer loop
         vertex 1.500000e+000 -6.221736e+000 2.800000e+001
         vertex -6.995680e-001 -3.327252e+000 2.800000e+001
         vertex -7.525172e-001 -3.315678e+000 2.800000e+001
      endloop
   endfacet
   facet normal 0.000000e+000 0.000000e+000 1.000000e+000
      outer loop
         vertex -1.467708e+000 -3.066893e+000 2.800000e+001
         vertex -1.516410e+000 -3.043107e+000 2.800000e+001
         vertex 1.500000e+000 -6.221736e+000 2.800000e+001
      endloop
   endfacet
   facet normal 0.000000e+000 0.000000e+000 1.000000e+000
      outer loop
         vertex 1.500000e+000 -6.221736e+000 2.800000e+001
         vertex -1.516410e+000 -3.043107e+000 2.800000e+001
         vertex -1.564726e+000 -3.018548e+000 2.800000e+001
      endloop
   endfacet
   facet normal 0.000000e+000 0.000000e+000 1.000000e+000
      outer loop
         vertex 1.500000e+000 -6.221736e+000 2.800000e+001
         vertex -1.564726e+000 -3.018548e+000 2.800000e+001
         vertex -1.612644e+000 -2.993222e+000 2.800000e+001
      endloop
   endfacet
   facet normal 0.000000e+000 0.000000e+000 1.000000e+000
      outer loop
         vertex -1.612644e+000 -2.993222e+000 2.800000e+001
         vertex -1.660153e+000 -2.967135e+000 2.800000e+001
         vertex 1.500000e+000 -6.221736e+000 2.800000e+001
      endloop
   endfacet
   facet normal 0.000000e+000 0.000000e+000 1.000000e+000
      outer loop
         vertex 1.500000e+000 -6.221736e+000 2.800000e+001
         vertex -1.660153e+000 -2.967135e+000 2.800000e+001
         vertex -1.707239e+000 -2.940295e+000 2.800000e+001
      endloop
   endfacet
   facet normal 0.000000e+000 0.000000e+000 1.000000e+000
      outer loop
         vertex 1.500000e+000 -6.221736e+000 2.800000e+001
         vertex -1.707239e+000 -2.940295e+000 2.800000e+001
         vertex -1.753892e+000 -2.912707e+000 2.800000e+001
      endloop
   endfacet
   facet normal 0.000000e+000 0.000000e+000 1.000000e+000
      outer loop
         vertex -6.080771e+000 1.996052e+000 2.800000e+001
         vertex -6.111698e+000 1.899249e+000 2.800000e+001
         vertex -3.710795e+000 2.142428e+000 2.800000e+001
      endloop
   endfacet
   facet normal 0.000000e+000 0.000000e+000 1.000000e+000
      outer loop
         vertex -3.710795e+000 2.142428e+000 2.800000e+001
         vertex -6.111698e+000 1.899249e+000 2.800000e+001
         vertex -6.141084e+000 1.801967e+000 2.800000e+001
      endloop
   endfacet
   facet normal 0.000000e+000 0.000000e+000 1.000000e+000
      outer loop
         vertex -3.710795e+000 2.142428e+000 2.800000e+001
         vertex -6.141084e+000 1.801967e+000 2.800000e+001
         vertex -3.697029e+000 2.134333e+000 2.800000e+001
      endloop
   endfacet
   facet normal 0.000000e+000 0.000000e+000 1.000000e+000
      outer loop
         vertex -6.334391e+000 -9.140527e-001 2.800000e+001
         vertex -6.319079e+000 -1.014516e+000 2.800000e+001
         vertex 1.500000e+000 -6.221736e+000 2.800000e+001
      endloop
   endfacet
   facet normal 0.000000e+000 0.000000e+000 1.000000e+000
      outer loop
         vertex 1.500000e+000 -6.221736e+000 2.800000e+001
         vertex -6.319079e+000 -1.014516e+000 2.800000e+001
         vertex -6.302174e+000 -1.114723e+000 2.800000e+001
      endloop
   endfacet
   facet normal 0.000000e+000 0.000000e+000 1.000000e+000
      outer loop
         vertex 1.500000e+000 -6.221736e+000 2.800000e+001
         vertex -6.302174e+000 -1.114723e+000 2.800000e+001
         vertex -6.283679e+000 -1.214649e+000 2.800000e+001
      endloop
   endfacet
   facet normal 0.000000e+000 0.000000e+000 1.000000e+000
      outer loop
         vertex -3.367821e+000 -5.442222e+000 2.800000e+001
         vertex -3.280984e+000 -5.495011e+000 2.800000e+001
         vertex 1.500000e+000 -6.221736e+000 2.800000e+001
      endloop
   endfacet
   facet normal 0.000000e+000 0.000000e+000 1.000000e+000
      outer loop
         vertex 1.500000e+000 -6.221736e+000 2.800000e+001
         vertex -3.280984e+000 -5.495011e+000 2.800000e+001
         vertex -3.193320e+000 -5.546414e+000 2.800000e+001
      endloop
   endfacet
   facet normal 0.000000e+000 0.000000e+000 1.000000e+000
      outer loop
         vertex 1.500000e+000 -6.221736e+000 2.800000e+001
         vertex -3.193320e+000 -5.546414e+000 2.800000e+001
         vertex -3.104851e+000 -5.596418e+000 2.800000e+001
      endloop
   endfacet
   facet normal 0.000000e+000 0.000000e+000 1.000000e+000
      outer loop
         vertex -3.104851e+000 -5.596418e+000 2.800000e+001
         vertex -3.015599e+000 -5.645012e+000 2.800000e+001
         vertex 1.500000e+000 -6.221736e+000 2.800000e+001
      endloop
   endfacet
   facet normal 0.000000e+000 0.000000e+000 1.000000e+000
      outer loop
         vertex 1.500000e+000 -6.221736e+000 2.800000e+001
         vertex -3.015599e+000 -5.645012e+000 2.800000e+001
         vertex -2.925586e+000 -5.692183e+000 2.800000e+001
      endloop
   endfacet
   facet normal 0.000000e+000 0.000000e+000 1.000000e+000
      outer loop
         vertex 1.500000e+000 -6.221736e+000 2.800000e+001
         vertex -2.925586e+000 -5.692183e+000 2.800000e+001
         vertex -2.834836e+000 -5.737918e+000 2.800000e+001
      endloop
   endfacet
   facet normal 0.000000e+000 0.000000e+000 1.000000e+000
      outer loop
         vertex 6.111698e+000 1.899249e+000 2.800000e+001
         vertex 6.080771e+000 1.996052e+000 2.800000e+001
         vertex 3.710795e+000 2.142428e+000 2.800000e+001
      endloop
   endfacet
   facet normal 0.000000e+000 0.000000e+000 1.000000e+000
      outer loop
         vertex 3.397380e+000 1.334619e-001 2.800000e+001
         vertex 6.392862e+000 3.021903e-001 2.800000e+001
         vertex 3.394820e+000 1.876009e-001 2.800000e+001
      endloop
   endfacet
   facet normal 0.000000e+000 0.000000e+000 1.000000e+000
      outer loop
         vertex 3.394820e+000 1.876009e-001 2.800000e+001
         vertex 6.392862e+000 3.021903e-001 2.800000e+001
         vertex 6.387258e+000 4.036590e-001 2.800000e+001
      endloop
   endfacet
   facet normal 0.000000e+000 0.000000e+000 1.000000e+000
      outer loop
         vertex 3.394820e+000 1.876009e-001 2.800000e+001
         vertex 6.387258e+000 4.036590e-001 2.800000e+001
         vertex 3.391399e+000 2.416922e-001 2.800000e+001
      endloop
   endfacet
   facet normal 0.000000e+000 0.000000e+000 1.000000e+000
      outer loop
         vertex 3.391399e+000 2.416922e-001 2.800000e+001
         vertex 6.387258e+000 4.036590e-001 2.800000e+001
         vertex 6.380043e+000 5.050258e-001 2.800000e+001
      endloop
   endfacet
   facet normal 0.000000e+000 0.000000e+000 1.000000e+000
      outer loop
         vertex 3.391399e+000 2.416922e-001 2.800000e+001
         vertex 6.380043e+000 5.050258e-001 2.800000e+001
         vertex 3.387115e+000 2.957221e-001 2.800000e+001
      endloop
   endfacet
   facet normal 0.000000e+000 0.000000e+000 1.000000e+000
      outer loop
         vertex 3.387115e+000 2.957221e-001 2.800000e+001
         vertex 6.380043e+000 5.050258e-001 2.800000e+001
         vertex 6.371220e+000 6.062652e-001 2.800000e+001
      endloop
   endfacet
   facet normal 0.000000e+000 0.000000e+000 1.000000e+000
      outer loop
         vertex 3.387115e+000 2.957221e-001 2.800000e+001
         vertex 6.371220e+000 6.062652e-001 2.800000e+001
         vertex 3.381971e+000 3.496769e-001 2.800000e+001
      endloop
   endfacet
   facet normal 0.000000e+000 0.000000e+000 1.000000e+000
      outer loop
         vertex 3.381971e+000 3.496769e-001 2.800000e+001
         vertex 6.371220e+000 6.062652e-001 2.800000e+001
         vertex 6.360790e+000 7.073519e-001 2.800000e+001
      endloop
   endfacet
   facet normal 0.000000e+000 0.000000e+000 1.000000e+000
      outer loop
         vertex 3.381971e+000 3.496769e-001 2.800000e+001
         vertex 6.360790e+000 7.073519e-001 2.800000e+001
         vertex 3.375967e+000 4.035428e-001 2.800000e+001
      endloop
   endfacet
   facet normal 0.000000e+000 0.000000e+000 1.000000e+000
      outer loop
         vertex 3.375967e+000 4.035428e-001 2.800000e+001
         vertex 6.360790e+000 7.073519e-001 2.800000e+001
         vertex 6.348757e+000 8.082602e-001 2.800000e+001
      endloop
   endfacet
   facet normal 0.000000e+000 0.000000e+000 1.000000e+000
      outer loop
         vertex 3.375967e+000 4.035428e-001 2.800000e+001
         vertex 6.348757e+000 8.082602e-001 2.800000e+001
         vertex 3.369105e+000 4.573062e-001 2.800000e+001
      endloop
   endfacet
   facet normal 0.000000e+000 0.000000e+000 1.000000e+000
      outer loop
         vertex 3.369105e+000 4.573062e-001 2.800000e+001
         vertex 6.348757e+000 8.082602e-001 2.800000e+001
         vertex 6.335123e+000 9.089647e-001 2.800000e+001
      endloop
   endfacet
   facet normal 0.000000e+000 0.000000e+000 1.000000e+000
      outer loop
         vertex 3.369105e+000 4.573062e-001 2.800000e+001
         vertex 6.335123e+000 9.089647e-001 2.800000e+001
         vertex 3.361388e+000 5.109534e-001 2.800000e+001
      endloop
   endfacet
   facet normal 0.000000e+000 0.000000e+000 1.000000e+000
      outer loop
         vertex 3.361388e+000 5.109534e-001 2.800000e+001
         vertex 6.335123e+000 9.089647e-001 2.800000e+001
         vertex 6.319891e+000 1.009440e+000 2.800000e+001
      endloop
   endfacet
   facet normal 0.000000e+000 0.000000e+000 1.000000e+000
      outer loop
         vertex 3.361388e+000 5.109534e-001 2.800000e+001
         vertex 6.319891e+000 1.009440e+000 2.800000e+001
         vertex 3.352816e+000 5.644706e-001 2.800000e+001
      endloop
   endfacet
   facet normal 0.000000e+000 0.000000e+000 1.000000e+000
      outer loop
         vertex 3.352816e+000 5.644706e-001 2.800000e+001
         vertex 6.319891e+000 1.009440e+000 2.800000e+001
         vertex 6.303067e+000 1.109661e+000 2.800000e+001
      endloop
   endfacet
   facet normal 0.000000e+000 0.000000e+000 1.000000e+000
      outer loop
         vertex 3.352816e+000 5.644706e-001 2.800000e+001
         vertex 6.303067e+000 1.109661e+000 2.800000e+001
         vertex 3.343392e+000 6.178446e-001 2.800000e+001
      endloop
   endfacet
   facet normal 0.000000e+000 0.000000e+000 1.000000e+000
      outer loop
         vertex 3.343392e+000 6.178446e-001 2.800000e+001
         vertex 6.303067e+000 1.109661e+000 2.800000e+001
         vertex 6.284653e+000 1.209602e+000 2.800000e+001
      endloop
   endfacet
   facet normal 0.000000e+000 0.000000e+000 1.000000e+000
      outer loop
         vertex 3.343392e+000 6.178446e-001 2.800000e+001
         vertex 6.284653e+000 1.209602e+000 2.800000e+001
         vertex 3.333118e+000 6.710615e-001 2.800000e+001
      endloop
   endfacet
   facet normal 0.000000e+000 0.000000e+000 1.000000e+000
      outer loop
         vertex 3.333118e+000 6.710615e-001 2.800000e+001
         vertex 6.284653e+000 1.209602e+000 2.800000e+001
         vertex 6.264655e+000 1.309238e+000 2.800000e+001
      endloop
   endfacet
   facet normal 0.000000e+000 0.000000e+000 1.000000e+000
      outer loop
         vertex 3.333118e+000 6.710615e-001 2.800000e+001
         vertex 6.264655e+000 1.309238e+000 2.800000e+001
         vertex 3.321998e+000 7.241078e-001 2.800000e+001
      endloop
   endfacet
   facet normal 0.000000e+000 0.000000e+000 1.000000e+000
      outer loop
         vertex 3.321998e+000 7.241078e-001 2.800000e+001
         vertex 6.264655e+000 1.309238e+000 2.800000e+001
         vertex 6.243077e+000 1.408544e+000 2.800000e+001
      endloop
   endfacet
   facet normal 0.000000e+000 0.000000e+000 1.000000e+000
      outer loop
         vertex 3.321998e+000 7.241078e-001 2.800000e+001
         vertex 6.243077e+000 1.408544e+000 2.800000e+001
         vertex 3.310033e+000 7.769701e-001 2.800000e+001
      endloop
   endfacet
   facet normal 0.000000e+000 0.000000e+000 1.000000e+000
      outer loop
         vertex 3.310033e+000 7.769701e-001 2.800000e+001
         vertex 6.243077e+000 1.408544e+000 2.800000e+001
         vertex 6.219924e+000 1.507495e+000 2.800000e+001
      endloop
   endfacet
   facet normal 0.000000e+000 0.000000e+000 1.000000e+000
      outer loop
         vertex 3.310033e+000 7.769701e-001 2.800000e+001
         vertex 6.219924e+000 1.507495e+000 2.800000e+001
         vertex 3.297227e+000 8.296350e-001 2.800000e+001
      endloop
   endfacet
   facet normal 0.000000e+000 0.000000e+000 1.000000e+000
      outer loop
         vertex 3.297227e+000 8.296350e-001 2.800000e+001
         vertex 6.219924e+000 1.507495e+000 2.800000e+001
         vertex 6.195204e+000 1.606065e+000 2.800000e+001
      endloop
   endfacet
   facet normal 0.000000e+000 0.000000e+000 1.000000e+000
      outer loop
         vertex 3.297227e+000 8.296350e-001 2.800000e+001
         vertex 6.195204e+000 1.606065e+000 2.800000e+001
         vertex 3.283583e+000 8.820891e-001 2.800000e+001
      endloop
   endfacet
   facet normal 0.000000e+000 0.000000e+000 1.000000e+000
      outer loop
         vertex 3.283583e+000 8.820891e-001 2.800000e+001
         vertex 6.195204e+000 1.606065e+000 2.800000e+001
         vertex 6.168922e+000 1.704231e+000 2.800000e+001
      endloop
   endfacet
   facet normal 0.000000e+000 0.000000e+000 1.000000e+000
      outer loop
         vertex 3.283583e+000 8.820891e-001 2.800000e+001
         vertex 6.168922e+000 1.704231e+000 2.800000e+001
         vertex 3.269105e+000 9.343190e-001 2.800000e+001
      endloop
   endfacet
   facet normal 0.000000e+000 0.000000e+000 1.000000e+000
      outer loop
         vertex 3.269105e+000 9.343190e-001 2.800000e+001
         vertex 6.168922e+000 1.704231e+000 2.800000e+001
         vertex 6.141084e+000 1.801967e+000 2.800000e+001
      endloop
   endfacet
   facet normal 0.000000e+000 0.000000e+000 1.000000e+000
      outer loop
         vertex -3.398980e+000 -8.329565e-002 2.800000e+001
         vertex -3.399875e+000 -2.910359e-002 2.800000e+001
         vertex -6.399999e+000 -2.570200e-003 2.800000e+001
      endloop
   endfacet
   facet normal 0.000000e+000 0.000000e+000 1.000000e+000
      outer loop
         vertex -6.399999e+000 -2.570200e-003 2.800000e+001
         vertex -3.399875e+000 -2.910359e-002 2.800000e+001
         vertex -3.399907e+000 2.509586e-002 2.800000e+001
      endloop
   endfacet
   facet normal 0.000000e+000 0.000000e+000 1.000000e+000
      outer loop
         vertex -6.399999e+000 -2.570200e-003 2.800000e+001
         vertex -3.399907e+000 2.509586e-002 2.800000e+001
         vertex -6.399233e+000 9.905016e-002 2.800000e+001
      endloop
   endfacet
   facet normal 0.000000e+000 0.000000e+000 1.000000e+000
      outer loop
         vertex -6.399233e+000 9.905016e-002 2.800000e+001
         vertex -3.399907e+000 2.509586e-002 2.800000e+001
         vertex -3.399075e+000 7.928894e-002 2.800000e+001
      endloop
   endfacet
   facet normal 0.000000e+000 0.000000e+000 1.000000e+000
      outer loop
         vertex -6.399233e+000 9.905016e-002 2.800000e+001
         vertex -3.399075e+000 7.928894e-002 2.800000e+001
         vertex -6.396854e+000 2.006456e-001 2.800000e+001
      endloop
   endfacet
   facet normal 0.000000e+000 0.000000e+000 1.000000e+000
      outer loop
         vertex -6.396854e+000 2.006456e-001 2.800000e+001
         vertex -3.399075e+000 7.928894e-002 2.800000e+001
         vertex -3.397380e+000 1.334619e-001 2.800000e+001
      endloop
   endfacet
   facet normal 0.000000e+000 0.000000e+000 1.000000e+000
      outer loop
         vertex -6.396854e+000 2.006456e-001 2.800000e+001
         vertex -3.397380e+000 1.334619e-001 2.800000e+001
         vertex -6.392862e+000 3.021903e-001 2.800000e+001
      endloop
   endfacet
   facet normal 0.000000e+000 0.000000e+000 1.000000e+000
      outer loop
         vertex -6.392862e+000 3.021903e-001 2.800000e+001
         vertex -3.397380e+000 1.334619e-001 2.800000e+001
         vertex -3.394820e+000 1.876009e-001 2.800000e+001
      endloop
   endfacet
   facet normal 0.000000e+000 0.000000e+000 1.000000e+000
      outer loop
         vertex -3.283583e+000 8.820891e-001 2.800000e+001
         vertex -6.168922e+000 1.704231e+000 2.800000e+001
         vertex -3.297227e+000 8.296350e-001 2.800000e+001
      endloop
   endfacet
   facet normal 0.000000e+000 0.000000e+000 1.000000e+000
      outer loop
         vertex -3.297227e+000 8.296350e-001 2.800000e+001
         vertex -6.168922e+000 1.704231e+000 2.800000e+001
         vertex -6.195204e+000 1.606065e+000 2.800000e+001
      endloop
   endfacet
   facet normal 0.000000e+000 0.000000e+000 1.000000e+000
      outer loop
         vertex -3.297227e+000 8.296350e-001 2.800000e+001
         vertex -6.195204e+000 1.606065e+000 2.800000e+001
         vertex -3.310033e+000 7.769701e-001 2.800000e+001
      endloop
   endfacet
   facet normal 0.000000e+000 0.000000e+000 1.000000e+000
      outer loop
         vertex -3.310033e+000 7.769701e-001 2.800000e+001
         vertex -6.195204e+000 1.606065e+000 2.800000e+001
         vertex -6.219924e+000 1.507495e+000 2.800000e+001
      endloop
   endfacet
   facet normal 0.000000e+000 0.000000e+000 1.000000e+000
      outer loop
         vertex -3.310033e+000 7.769701e-001 2.800000e+001
         vertex -6.219924e+000 1.507495e+000 2.800000e+001
         vertex -3.321998e+000 7.241078e-001 2.800000e+001
      endloop
   endfacet
   facet normal 0.000000e+000 0.000000e+000 1.000000e+000
      outer loop
         vertex -3.321998e+000 7.241078e-001 2.800000e+001
         vertex -6.219924e+000 1.507495e+000 2.800000e+001
         vertex -6.243077e+000 1.408544e+000 2.800000e+001
      endloop
   endfacet
   facet normal 0.000000e+000 0.000000e+000 1.000000e+000
      outer loop
         vertex -3.321998e+000 7.241078e-001 2.800000e+001
         vertex -6.243077e+000 1.408544e+000 2.800000e+001
         vertex -3.333118e+000 6.710615e-001 2.800000e+001
      endloop
   endfacet
   facet normal 0.000000e+000 0.000000e+000 1.000000e+000
      outer loop
         vertex -3.333118e+000 6.710615e-001 2.800000e+001
         vertex -6.243077e+000 1.408544e+000 2.800000e+001
         vertex -6.264655e+000 1.309238e+000 2.800000e+001
      endloop
   endfacet
   facet normal 0.000000e+000 0.000000e+000 1.000000e+000
      outer loop
         vertex -3.333118e+000 6.710615e-001 2.800000e+001
         vertex -6.264655e+000 1.309238e+000 2.800000e+001
         vertex -3.343392e+000 6.178446e-001 2.800000e+001
      endloop
   endfacet
   facet normal 0.000000e+000 0.000000e+000 1.000000e+000
      outer loop
         vertex -3.343392e+000 6.178446e-001 2.800000e+001
         vertex -6.264655e+000 1.309238e+000 2.800000e+001
         vertex -6.284653e+000 1.209602e+000 2.800000e+001
      endloop
   endfacet
   facet normal 0.000000e+000 0.000000e+000 1.000000e+000
      outer loop
         vertex -3.343392e+000 6.178446e-001 2.800000e+001
         vertex -6.284653e+000 1.209602e+000 2.800000e+001
         vertex -3.352816e+000 5.644706e-001 2.800000e+001
      endloop
   endfacet
   facet normal 0.000000e+000 0.000000e+000 1.000000e+000
      outer loop
         vertex -3.352816e+000 5.644706e-001 2.800000e+001
         vertex -6.284653e+000 1.209602e+000 2.800000e+001
         vertex -6.303067e+000 1.109661e+000 2.800000e+001
      endloop
   endfacet
   facet normal 0.000000e+000 0.000000e+000 1.000000e+000
      outer loop
         vertex -3.352816e+000 5.644706e-001 2.800000e+001
         vertex -6.303067e+000 1.109661e+000 2.800000e+001
         vertex -3.361388e+000 5.109534e-001 2.800000e+001
      endloop
   endfacet
   facet normal 0.000000e+000 0.000000e+000 1.000000e+000
      outer loop
         vertex -3.361388e+000 5.109534e-001 2.800000e+001
         vertex -6.303067e+000 1.109661e+000 2.800000e+001
         vertex -6.319891e+000 1.009440e+000 2.800000e+001
      endloop
   endfacet
   facet normal 0.000000e+000 0.000000e+000 1.000000e+000
      outer loop
         vertex -3.361388e+000 5.109534e-001 2.800000e+001
         vertex -6.319891e+000 1.009440e+000 2.800000e+001
         vertex -3.369105e+000 4.573062e-001 2.800000e+001
      endloop
   endfacet
   facet normal 0.000000e+000 0.000000e+000 1.000000e+000
      outer loop
         vertex -3.369105e+000 4.573062e-001 2.800000e+001
         vertex -6.319891e+000 1.009440e+000 2.800000e+001
         vertex -6.335123e+000 9.089647e-001 2.800000e+001
      endloop
   endfacet
   facet normal 0.000000e+000 0.000000e+000 1.000000e+000
      outer loop
         vertex -3.369105e+000 4.573062e-001 2.800000e+001
         vertex -6.335123e+000 9.089647e-001 2.800000e+001
         vertex -3.375967e+000 4.035428e-001 2.800000e+001
      endloop
   endfacet
   facet normal 0.000000e+000 0.000000e+000 1.000000e+000
      outer loop
         vertex -3.375967e+000 4.035428e-001 2.800000e+001
         vertex -6.335123e+000 9.089647e-001 2.800000e+001
         vertex -6.348757e+000 8.082602e-001 2.800000e+001
      endloop
   endfacet
   facet normal 0.000000e+000 0.000000e+000 1.000000e+000
      outer loop
         vertex -3.375967e+000 4.035428e-001 2.800000e+001
         vertex -6.348757e+000 8.082602e-001 2.800000e+001
         vertex -3.381971e+000 3.496769e-001 2.800000e+001
      endloop
   endfacet
   facet normal 0.000000e+000 0.000000e+000 1.000000e+000
      outer loop
         vertex -3.381971e+000 3.496769e-001 2.800000e+001
         vertex -6.348757e+000 8.082602e-001 2.800000e+001
         vertex -6.360790e+000 7.073519e-001 2.800000e+001
      endloop
   endfacet
   facet normal 0.000000e+000 0.000000e+000 1.000000e+000
      outer loop
         vertex -3.381971e+000 3.496769e-001 2.800000e+001
         vertex -6.360790e+000 7.073519e-001 2.800000e+001
         vertex -3.387115e+000 2.957221e-001 2.800000e+001
      endloop
   endfacet
   facet normal 0.000000e+000 0.000000e+000 1.000000e+000
      outer loop
         vertex -3.387115e+000 2.957221e-001 2.800000e+001
         vertex -6.360790e+000 7.073519e-001 2.800000e+001
         vertex -6.371220e+000 6.062652e-001 2.800000e+001
      endloop
   endfacet
   facet normal 0.000000e+000 0.000000e+000 1.000000e+000
      outer loop
         vertex -3.387115e+000 2.957221e-001 2.800000e+001
         vertex -6.371220e+000 6.062652e-001 2.800000e+001
         vertex -3.391399e+000 2.416922e-001 2.800000e+001
      endloop
   endfacet
   facet normal 0.000000e+000 0.000000e+000 1.000000e+000
      outer loop
         vertex -3.391399e+000 2.416922e-001 2.800000e+001
         vertex -6.371220e+000 6.062652e-001 2.800000e+001
         vertex -6.380043e+000 5.050258e-001 2.800000e+001
      endloop
   endfacet
   facet normal 0.000000e+000 0.000000e+000 1.000000e+000
      outer loop
         vertex -3.391399e+000 2.416922e-001 2.800000e+001
         vertex -6.380043e+000 5.050258e-001 2.800000e+001
         vertex -3.394820e+000 1.876009e-001 2.800000e+001
      endloop
   endfacet
   facet normal 0.000000e+000 0.000000e+000 1.000000e+000
      outer loop
         vertex -3.394820e+000 1.876009e-001 2.800000e+001
         vertex -6.380043e+000 5.050258e-001 2.800000e+001
         vertex -6.387258e+000 4.036590e-001 2.800000e+001
      endloop
   endfacet
   facet normal 0.000000e+000 0.000000e+000 1.000000e+000
      outer loop
         vertex -3.394820e+000 1.876009e-001 2.800000e+001
         vertex -6.387258e+000 4.036590e-001 2.800000e+001
         vertex -6.392862e+000 3.021903e-001 2.800000e+001
      endloop
   endfacet
   facet normal 0.000000e+000 0.000000e+000 1.000000e+000
      outer loop
         vertex -6.141084e+000 1.801967e+000 2.800000e+001
         vertex -3.211056e+000 1.253581e+000 2.800000e+001
         vertex -3.210819e+000 1.269549e+000 2.800000e+001
      endloop
   endfacet
   facet normal 0.000000e+000 0.000000e+000 1.000000e+000
      outer loop
         vertex -5.592674e+000 3.111591e+000 2.800000e+001
         vertex -5.641375e+000 3.022398e+000 2.800000e+001
         vertex -3.710795e+000 2.142428e+000 2.800000e+001
      endloop
   endfacet
   facet normal 0.000000e+000 0.000000e+000 1.000000e+000
      outer loop
         vertex -3.710795e+000 2.142428e+000 2.800000e+001
         vertex -5.641375e+000 3.022398e+000 2.800000e+001
         vertex -5.688654e+000 2.932442e+000 2.800000e+001
      endloop
   endfacet
   facet normal 0.000000e+000 0.000000e+000 1.000000e+000
      outer loop
         vertex -3.710795e+000 2.142428e+000 2.800000e+001
         vertex -5.688654e+000 2.932442e+000 2.800000e+001
         vertex -5.734499e+000 2.841747e+000 2.800000e+001
      endloop
   endfacet
   facet normal 0.000000e+000 0.000000e+000 1.000000e+000
      outer loop
         vertex -5.734499e+000 2.841747e+000 2.800000e+001
         vertex -5.778897e+000 2.750336e+000 2.800000e+001
         vertex -3.710795e+000 2.142428e+000 2.800000e+001
      endloop
   endfacet
   facet normal 0.000000e+000 0.000000e+000 1.000000e+000
      outer loop
         vertex -3.710795e+000 2.142428e+000 2.800000e+001
         vertex -5.778897e+000 2.750336e+000 2.800000e+001
         vertex -5.821839e+000 2.658231e+000 2.800000e+001
      endloop
   endfacet
   facet normal 0.000000e+000 0.000000e+000 1.000000e+000
      outer loop
         vertex -3.710795e+000 2.142428e+000 2.800000e+001
         vertex -5.821839e+000 2.658231e+000 2.800000e+001
         vertex -5.863313e+000 2.565456e+000 2.800000e+001
      endloop
   endfacet
   facet normal 0.000000e+000 0.000000e+000 1.000000e+000
      outer loop
         vertex 1.500000e+000 -1.650000e+001 2.800000e+001
         vertex -1.501259e+000 -1.365866e+001 2.800000e+001
         vertex -1.505035e+000 -1.381728e+001 2.800000e+001
      endloop
   endfacet
   facet normal 0.000000e+000 0.000000e+000 1.000000e+000
      outer loop
         vertex -1.505035e+000 -1.381728e+001 2.800000e+001
         vertex -1.511327e+000 -1.397582e+001 2.800000e+001
         vertex 1.500000e+000 -1.650000e+001 2.800000e+001
      endloop
   endfacet
   facet normal 0.000000e+000 0.000000e+000 1.000000e+000
      outer loop
         vertex 1.500000e+000 -1.650000e+001 2.800000e+001
         vertex -1.511327e+000 -1.397582e+001 2.800000e+001
         vertex -1.520133e+000 -1.413424e+001 2.800000e+001
      endloop
   endfacet
   facet normal 0.000000e+000 0.000000e+000 1.000000e+000
      outer loop
         vertex 1.500000e+000 -1.650000e+001 2.800000e+001
         vertex -1.520133e+000 -1.413424e+001 2.800000e+001
         vertex -1.531452e+000 -1.429250e+001 2.800000e+001
      endloop
   endfacet
   facet normal 0.000000e+000 0.000000e+000 1.000000e+000
      outer loop
         vertex -2.276457e+000 -1.736345e+001 2.800000e+001
         vertex 1.254298e+000 -1.870310e+001 2.800000e+001
         vertex -2.216321e+000 -1.721663e+001 2.800000e+001
      endloop
   endfacet
   facet normal 0.000000e+000 0.000000e+000 1.000000e+000
      outer loop
         vertex -2.216321e+000 -1.721663e+001 2.800000e+001
         vertex 1.254298e+000 -1.870310e+001 2.800000e+001
         vertex 1.288024e+000 -1.854807e+001 2.800000e+001
      endloop
   endfacet
   facet normal 0.000000e+000 0.000000e+000 1.000000e+000
      outer loop
         vertex -2.216321e+000 -1.721663e+001 2.800000e+001
         vertex 1.288024e+000 -1.854807e+001 2.800000e+001
         vertex -2.158521e+000 -1.706886e+001 2.800000e+001
      endloop
   endfacet
   facet normal 0.000000e+000 0.000000e+000 1.000000e+000
      outer loop
         vertex -2.158521e+000 -1.706886e+001 2.800000e+001
         vertex 1.288024e+000 -1.854807e+001 2.800000e+001
         vertex 1.319287e+000 -1.839251e+001 2.800000e+001
      endloop
   endfacet
   facet normal 0.000000e+000 0.000000e+000 1.000000e+000
      outer loop
         vertex -2.158521e+000 -1.706886e+001 2.800000e+001
         vertex 1.319287e+000 -1.839251e+001 2.800000e+001
         vertex -2.103074e+000 -1.692020e+001 2.800000e+001
      endloop
   endfacet
   facet normal 0.000000e+000 0.000000e+000 1.000000e+000
      outer loop
         vertex -4.951393e+000 -2.105750e+001 2.800000e+001
         vertex -2.072124e+000 -2.416044e+001 2.800000e+001
         vertex -4.832310e+000 -2.095264e+001 2.800000e+001
      endloop
   endfacet
   facet normal 0.000000e+000 0.000000e+000 1.000000e+000
      outer loop
         vertex -4.832310e+000 -2.095264e+001 2.800000e+001
         vertex -2.072124e+000 -2.416044e+001 2.800000e+001
         vertex -1.951393e+000 -2.405750e+001 2.800000e+001
      endloop
   endfacet
   facet normal 0.000000e+000 0.000000e+000 1.000000e+000
      outer loop
         vertex -4.832310e+000 -2.095264e+001 2.800000e+001
         vertex -1.951393e+000 -2.405750e+001 2.800000e+001
         vertex -4.714906e+000 -2.084592e+001 2.800000e+001
      endloop
   endfacet
   facet normal 0.000000e+000 0.000000e+000 1.000000e+000
      outer loop
         vertex -4.714906e+000 -2.084592e+001 2.800000e+001
         vertex -1.951393e+000 -2.405750e+001 2.800000e+001
         vertex -1.832310e+000 -2.395264e+001 2.800000e+001
      endloop
   endfacet
   facet normal 0.000000e+000 0.000000e+000 1.000000e+000
      outer loop
         vertex -4.714906e+000 -2.084592e+001 2.800000e+001
         vertex -1.832310e+000 -2.395264e+001 2.800000e+001
         vertex -4.599210e+000 -2.073734e+001 2.800000e+001
      endloop
   endfacet
   facet normal 0.000000e+000 0.000000e+000 1.000000e+000
      outer loop
         vertex -2.699431e+000 -2.464576e+001 2.800000e+001
         vertex -2.570921e+000 -2.455270e+001 2.800000e+001
         vertex -5.194474e+000 -2.126147e+001 2.800000e+001
      endloop
   endfacet
   facet normal 0.000000e+000 0.000000e+000 1.000000e+000
      outer loop
         vertex -5.194474e+000 -2.126147e+001 2.800000e+001
         vertex -2.570921e+000 -2.455270e+001 2.800000e+001
         vertex -2.443903e+000 -2.445762e+001 2.800000e+001
      endloop
   endfacet
   facet normal 0.000000e+000 0.000000e+000 1.000000e+000
      outer loop
         vertex -5.194474e+000 -2.126147e+001 2.800000e+001
         vertex -2.443903e+000 -2.445762e+001 2.800000e+001
         vertex -5.072124e+000 -2.116044e+001 2.800000e+001
      endloop
   endfacet
   facet normal 0.000000e+000 0.000000e+000 1.000000e+000
      outer loop
         vertex -5.072124e+000 -2.116044e+001 2.800000e+001
         vertex -2.443903e+000 -2.445762e+001 2.800000e+001
         vertex -2.318410e+000 -2.436053e+001 2.800000e+001
      endloop
   endfacet
   facet normal 0.000000e+000 0.000000e+000 1.000000e+000
      outer loop
         vertex -5.072124e+000 -2.116044e+001 2.800000e+001
         vertex -2.318410e+000 -2.436053e+001 2.800000e+001
         vertex -4.951393e+000 -2.105750e+001 2.800000e+001
      endloop
   endfacet
   facet normal 0.000000e+000 0.000000e+000 1.000000e+000
      outer loop
         vertex -4.951393e+000 -2.105750e+001 2.800000e+001
         vertex -2.318410e+000 -2.436053e+001 2.800000e+001
         vertex -2.194473e+000 -2.426147e+001 2.800000e+001
      endloop
   endfacet
   facet normal 0.000000e+000 0.000000e+000 1.000000e+000
      outer loop
         vertex -4.951393e+000 -2.105750e+001 2.800000e+001
         vertex -2.194473e+000 -2.426147e+001 2.800000e+001
         vertex -2.072124e+000 -2.416044e+001 2.800000e+001
      endloop
   endfacet
   facet normal 0.000000e+000 0.000000e+000 1.000000e+000
      outer loop
         vertex 8.052751e-001 -3.303261e+000 2.800000e+001
         vertex 1.500000e+000 -6.221736e+000 2.800000e+001
         vertex 8.578285e-001 -3.290004e+000 2.800000e+001
      endloop
   endfacet
   facet normal 0.000000e+000 0.000000e+000 1.000000e+000
      outer loop
         vertex 8.578285e-001 -3.290004e+000 2.800000e+001
         vertex 1.500000e+000 -6.221736e+000 2.800000e+001
         vertex 1.598600e+000 -6.197134e+000 2.800000e+001
      endloop
   endfacet
   facet normal 0.000000e+000 0.000000e+000 1.000000e+000
      outer loop
         vertex 8.578285e-001 -3.290004e+000 2.800000e+001
         vertex 1.598600e+000 -6.197134e+000 2.800000e+001
         vertex 9.101639e-001 -3.275912e+000 2.800000e+001
      endloop
   endfacet
   facet normal 0.000000e+000 0.000000e+000 1.000000e+000
      outer loop
         vertex 9.101639e-001 -3.275912e+000 2.800000e+001
         vertex 1.598600e+000 -6.197134e+000 2.800000e+001
         vertex 1.696798e+000 -6.170970e+000 2.800000e+001
      endloop
   endfacet
   facet normal 0.000000e+000 0.000000e+000 1.000000e+000
      outer loop
         vertex 9.101639e-001 -3.275912e+000 2.800000e+001
         vertex 1.696798e+000 -6.170970e+000 2.800000e+001
         vertex 9.622679e-001 -3.260988e+000 2.800000e+001
      endloop
   endfacet
   facet normal 0.000000e+000 0.000000e+000 1.000000e+000
      outer loop
         vertex 9.622679e-001 -3.260988e+000 2.800000e+001
         vertex 1.696798e+000 -6.170970e+000 2.800000e+001
         vertex 1.794567e+000 -6.143250e+000 2.800000e+001
      endloop
   endfacet
   facet normal 0.000000e+000 0.000000e+000 1.000000e+000
      outer loop
         vertex 9.622679e-001 -3.260988e+000 2.800000e+001
         vertex 1.794567e+000 -6.143250e+000 2.800000e+001
         vertex 1.014127e+000 -3.245234e+000 2.800000e+001
      endloop
   endfacet
   facet normal 0.000000e+000 0.000000e+000 1.000000e+000
      outer loop
         vertex 1.014127e+000 -3.245234e+000 2.800000e+001
         vertex 1.794567e+000 -6.143250e+000 2.800000e+001
         vertex 1.891884e+000 -6.113982e+000 2.800000e+001
      endloop
   endfacet
   facet normal 0.000000e+000 0.000000e+000 1.000000e+000
      outer loop
         vertex 1.014127e+000 -3.245234e+000 2.800000e+001
         vertex 1.891884e+000 -6.113982e+000 2.800000e+001
         vertex 1.065729e+000 -3.228656e+000 2.800000e+001
      endloop
   endfacet
   facet normal 0.000000e+000 0.000000e+000 1.000000e+000
      outer loop
         vertex 1.065729e+000 -3.228656e+000 2.800000e+001
         vertex 1.891884e+000 -6.113982e+000 2.800000e+001
         vertex 1.988725e+000 -6.083171e+000 2.800000e+001
      endloop
   endfacet
   facet normal 0.000000e+000 0.000000e+000 1.000000e+000
      outer loop
         vertex 1.065729e+000 -3.228656e+000 2.800000e+001
         vertex 1.988725e+000 -6.083171e+000 2.800000e+001
         vertex 1.117060e+000 -3.211258e+000 2.800000e+001
      endloop
   endfacet
   facet normal 0.000000e+000 0.000000e+000 1.000000e+000
      outer loop
         vertex 1.117060e+000 -3.211258e+000 2.800000e+001
         vertex 1.988725e+000 -6.083171e+000 2.800000e+001
         vertex 2.085063e+000 -6.050828e+000 2.800000e+001
      endloop
   endfacet
   facet normal 0.000000e+000 0.000000e+000 1.000000e+000
      outer loop
         vertex 1.117060e+000 -3.211258e+000 2.800000e+001
         vertex 2.085063e+000 -6.050828e+000 2.800000e+001
         vertex 1.168108e+000 -3.193043e+000 2.800000e+001
      endloop
   endfacet
   facet normal 0.000000e+000 0.000000e+000 1.000000e+000
      outer loop
         vertex 1.168108e+000 -3.193043e+000 2.800000e+001
         vertex 2.085063e+000 -6.050828e+000 2.800000e+001
         vertex 2.180876e+000 -6.016958e+000 2.800000e+001
      endloop
   endfacet
   facet normal 0.000000e+000 0.000000e+000 1.000000e+000
      outer loop
         vertex 1.168108e+000 -3.193043e+000 2.800000e+001
         vertex 2.180876e+000 -6.016958e+000 2.800000e+001
         vertex 1.218858e+000 -3.174017e+000 2.800000e+001
      endloop
   endfacet
   facet normal 0.000000e+000 0.000000e+000 1.000000e+000
      outer loop
         vertex 1.218858e+000 -3.174017e+000 2.800000e+001
         vertex 2.180876e+000 -6.016958e+000 2.800000e+001
         vertex 2.276139e+000 -5.981571e+000 2.800000e+001
      endloop
   endfacet
   facet normal 0.000000e+000 0.000000e+000 1.000000e+000
      outer loop
         vertex 1.218858e+000 -3.174017e+000 2.800000e+001
         vertex 2.276139e+000 -5.981571e+000 2.800000e+001
         vertex 1.269298e+000 -3.154185e+000 2.800000e+001
      endloop
   endfacet
   facet normal 0.000000e+000 0.000000e+000 1.000000e+000
      outer loop
         vertex 1.269298e+000 -3.154185e+000 2.800000e+001
         vertex 2.276139e+000 -5.981571e+000 2.800000e+001
         vertex 2.370829e+000 -5.944676e+000 2.800000e+001
      endloop
   endfacet
   facet normal 0.000000e+000 0.000000e+000 1.000000e+000
      outer loop
         vertex 1.269298e+000 -3.154185e+000 2.800000e+001
         vertex 2.370829e+000 -5.944676e+000 2.800000e+001
         vertex 1.319416e+000 -3.133551e+000 2.800000e+001
      endloop
   endfacet
   facet normal 0.000000e+000 0.000000e+000 1.000000e+000
      outer loop
         vertex 1.319416e+000 -3.133551e+000 2.800000e+001
         vertex 2.370829e+000 -5.944676e+000 2.800000e+001
         vertex 2.464920e+000 -5.906282e+000 2.800000e+001
      endloop
   endfacet
   facet normal 0.000000e+000 0.000000e+000 1.000000e+000
      outer loop
         vertex 1.319416e+000 -3.133551e+000 2.800000e+001
         vertex 2.464920e+000 -5.906282e+000 2.800000e+001
         vertex 1.369199e+000 -3.112120e+000 2.800000e+001
      endloop
   endfacet
   facet normal 0.000000e+000 0.000000e+000 1.000000e+000
      outer loop
         vertex 1.369199e+000 -3.112120e+000 2.800000e+001
         vertex 2.464920e+000 -5.906282e+000 2.800000e+001
         vertex 2.558390e+000 -5.866399e+000 2.800000e+001
      endloop
   endfacet
   facet normal 0.000000e+000 0.000000e+000 1.000000e+000
      outer loop
         vertex 1.369199e+000 -3.112120e+000 2.800000e+001
         vertex 2.558390e+000 -5.866399e+000 2.800000e+001
         vertex 1.418634e+000 -3.089899e+000 2.800000e+001
      endloop
   endfacet
   facet normal 0.000000e+000 0.000000e+000 1.000000e+000
      outer loop
         vertex 1.418634e+000 -3.089899e+000 2.800000e+001
         vertex 2.558390e+000 -5.866399e+000 2.800000e+001
         vertex 2.651215e+000 -5.825037e+000 2.800000e+001
      endloop
   endfacet
   facet normal 0.000000e+000 0.000000e+000 1.000000e+000
      outer loop
         vertex 1.418634e+000 -3.089899e+000 2.800000e+001
         vertex 2.651215e+000 -5.825037e+000 2.800000e+001
         vertex 1.467708e+000 -3.066893e+000 2.800000e+001
      endloop
   endfacet
   facet normal 0.000000e+000 0.000000e+000 1.000000e+000
      outer loop
         vertex 1.467708e+000 -3.066893e+000 2.800000e+001
         vertex 2.651215e+000 -5.825037e+000 2.800000e+001
         vertex 2.743371e+000 -5.782207e+000 2.800000e+001
      endloop
   endfacet
   facet normal 0.000000e+000 0.000000e+000 1.000000e+000
      outer loop
         vertex 1.467708e+000 -3.066893e+000 2.800000e+001
         vertex 2.743371e+000 -5.782207e+000 2.800000e+001
         vertex 1.516410e+000 -3.043107e+000 2.800000e+001
      endloop
   endfacet
   facet normal 0.000000e+000 0.000000e+000 1.000000e+000
      outer loop
         vertex 1.516410e+000 -3.043107e+000 2.800000e+001
         vertex 2.743371e+000 -5.782207e+000 2.800000e+001
         vertex 2.834836e+000 -5.737918e+000 2.800000e+001
      endloop
   endfacet
   facet normal 0.000000e+000 0.000000e+000 1.000000e+000
      outer loop
         vertex 1.516410e+000 -3.043107e+000 2.800000e+001
         vertex 2.834836e+000 -5.737918e+000 2.800000e+001
         vertex 1.564726e+000 -3.018548e+000 2.800000e+001
      endloop
   endfacet
   facet normal 0.000000e+000 0.000000e+000 1.000000e+000
      outer loop
         vertex 1.564726e+000 -3.018548e+000 2.800000e+001
         vertex 2.834836e+000 -5.737918e+000 2.800000e+001
         vertex 2.925586e+000 -5.692183e+000 2.800000e+001
      endloop
   endfacet
   facet normal 0.000000e+000 0.000000e+000 1.000000e+000
      outer loop
         vertex 1.564726e+000 -3.018548e+000 2.800000e+001
         vertex 2.925586e+000 -5.692183e+000 2.800000e+001
         vertex 1.612644e+000 -2.993222e+000 2.800000e+001
      endloop
   endfacet
   facet normal 0.000000e+000 0.000000e+000 1.000000e+000
      outer loop
         vertex 1.612644e+000 -2.993222e+000 2.800000e+001
         vertex 2.925586e+000 -5.692183e+000 2.800000e+001
         vertex 3.015599e+000 -5.645012e+000 2.800000e+001
      endloop
   endfacet
   facet normal 0.000000e+000 0.000000e+000 1.000000e+000
      outer loop
         vertex 1.612644e+000 -2.993222e+000 2.800000e+001
         vertex 3.015599e+000 -5.645012e+000 2.800000e+001
         vertex 1.660153e+000 -2.967135e+000 2.800000e+001
      endloop
   endfacet
   facet normal 0.000000e+000 0.000000e+000 1.000000e+000
      outer loop
         vertex 1.660153e+000 -2.967135e+000 2.800000e+001
         vertex 3.015599e+000 -5.645012e+000 2.800000e+001
         vertex 3.104851e+000 -5.596418e+000 2.800000e+001
      endloop
   endfacet
   facet normal 0.000000e+000 0.000000e+000 1.000000e+000
      outer loop
         vertex 1.660153e+000 -2.967135e+000 2.800000e+001
         vertex 3.104851e+000 -5.596418e+000 2.800000e+001
         vertex 1.707239e+000 -2.940295e+000 2.800000e+001
      endloop
   endfacet
   facet normal 0.000000e+000 0.000000e+000 1.000000e+000
      outer loop
         vertex 1.707239e+000 -2.940295e+000 2.800000e+001
         vertex 3.104851e+000 -5.596418e+000 2.800000e+001
         vertex 3.193320e+000 -5.546414e+000 2.800000e+001
      endloop
   endfacet
   facet normal 0.000000e+000 0.000000e+000 1.000000e+000
      outer loop
         vertex 1.707239e+000 -2.940295e+000 2.800000e+001
         vertex 3.193320e+000 -5.546414e+000 2.800000e+001
         vertex 1.753892e+000 -2.912707e+000 2.800000e+001
      endloop
   endfacet
   facet normal 0.000000e+000 0.000000e+000 1.000000e+000
      outer loop
         vertex 1.753892e+000 -2.912707e+000 2.800000e+001
         vertex 3.193320e+000 -5.546414e+000 2.800000e+001
         vertex 3.280984e+000 -5.495011e+000 2.800000e+001
      endloop
   endfacet
   facet normal 0.000000e+000 0.000000e+000 1.000000e+000
      outer loop
         vertex 1.753892e+000 -2.912707e+000 2.800000e+001
         vertex 3.280984e+000 -5.495011e+000 2.800000e+001
         vertex 1.800099e+000 -2.884379e+000 2.800000e+001
      endloop
   endfacet
   facet normal 0.000000e+000 0.000000e+000 1.000000e+000
      outer loop
         vertex 1.800099e+000 -2.884379e+000 2.800000e+001
         vertex 3.280984e+000 -5.495011e+000 2.800000e+001
         vertex 3.367821e+000 -5.442222e+000 2.800000e+001
      endloop
   endfacet
   facet normal 0.000000e+000 0.000000e+000 1.000000e+000
      outer loop
         vertex 1.800099e+000 -2.884379e+000 2.800000e+001
         vertex 3.367821e+000 -5.442222e+000 2.800000e+001
         vertex 1.845849e+000 -2.855318e+000 2.800000e+001
      endloop
   endfacet
   facet normal 0.000000e+000 0.000000e+000 1.000000e+000
      outer loop
         vertex 1.845849e+000 -2.855318e+000 2.800000e+001
         vertex 3.367821e+000 -5.442222e+000 2.800000e+001
         vertex 3.453809e+000 -5.388061e+000 2.800000e+001
      endloop
   endfacet
   facet normal 0.000000e+000 0.000000e+000 1.000000e+000
      outer loop
         vertex 1.845849e+000 -2.855318e+000 2.800000e+001
         vertex 3.453809e+000 -5.388061e+000 2.800000e+001
         vertex 1.891130e+000 -2.825531e+000 2.800000e+001
      endloop
   endfacet
   facet normal 0.000000e+000 0.000000e+000 1.000000e+000
      outer loop
         vertex 1.891130e+000 -2.825531e+000 2.800000e+001
         vertex 3.453809e+000 -5.388061e+000 2.800000e+001
         vertex 3.538926e+000 -5.332542e+000 2.800000e+001
      endloop
   endfacet
   facet normal 0.000000e+000 0.000000e+000 1.000000e+000
      outer loop
         vertex 1.891130e+000 -2.825531e+000 2.800000e+001
         vertex 3.538926e+000 -5.332542e+000 2.800000e+001
         vertex 1.935930e+000 -2.795027e+000 2.800000e+001
      endloop
   endfacet
   facet normal 0.000000e+000 0.000000e+000 1.000000e+000
      outer loop
         vertex 1.935930e+000 -2.795027e+000 2.800000e+001
         vertex 3.538926e+000 -5.332542e+000 2.800000e+001
         vertex 3.623151e+000 -5.275678e+000 2.800000e+001
      endloop
   endfacet
   facet normal 0.000000e+000 0.000000e+000 1.000000e+000
      outer loop
         vertex 1.935930e+000 -2.795027e+000 2.800000e+001
         vertex 3.623151e+000 -5.275678e+000 2.800000e+001
         vertex 1.980238e+000 -2.763812e+000 2.800000e+001
      endloop
   endfacet
   facet normal 0.000000e+000 0.000000e+000 1.000000e+000
      outer loop
         vertex 1.980238e+000 -2.763812e+000 2.800000e+001
         vertex 3.623151e+000 -5.275678e+000 2.800000e+001
         vertex 3.706461e+000 -5.217484e+000 2.800000e+001
      endloop
   endfacet
   facet normal 0.000000e+000 0.000000e+000 1.000000e+000
      outer loop
         vertex 1.980238e+000 -2.763812e+000 2.800000e+001
         vertex 3.706461e+000 -5.217484e+000 2.800000e+001
         vertex 2.024043e+000 -2.731894e+000 2.800000e+001
      endloop
   endfacet
   facet normal 0.000000e+000 0.000000e+000 1.000000e+000
      outer loop
         vertex 2.024043e+000 -2.731894e+000 2.800000e+001
         vertex 3.706461e+000 -5.217484e+000 2.800000e+001
         vertex 3.788838e+000 -5.157975e+000 2.800000e+001
      endloop
   endfacet
   facet normal 0.000000e+000 0.000000e+000 1.000000e+000
      outer loop
         vertex 2.024043e+000 -2.731894e+000 2.800000e+001
         vertex 3.788838e+000 -5.157975e+000 2.800000e+001
         vertex 2.067334e+000 -2.699283e+000 2.800000e+001
      endloop
   endfacet
   facet normal 0.000000e+000 0.000000e+000 1.000000e+000
      outer loop
         vertex 2.067334e+000 -2.699283e+000 2.800000e+001
         vertex 3.788838e+000 -5.157975e+000 2.800000e+001
         vertex 3.870260e+000 -5.097165e+000 2.800000e+001
      endloop
   endfacet
   facet normal 0.000000e+000 0.000000e+000 1.000000e+000
      outer loop
         vertex 2.067334e+000 -2.699283e+000 2.800000e+001
         vertex 3.870260e+000 -5.097165e+000 2.800000e+001
         vertex 2.110099e+000 -2.665986e+000 2.800000e+001
      endloop
   endfacet
   facet normal 0.000000e+000 0.000000e+000 1.000000e+000
      outer loop
         vertex 2.110099e+000 -2.665986e+000 2.800000e+001
         vertex 3.870260e+000 -5.097165e+000 2.800000e+001
         vertex 3.950705e+000 -5.035070e+000 2.800000e+001
      endloop
   endfacet
   facet normal 0.000000e+000 0.000000e+000 1.000000e+000
      outer loop
         vertex 2.110099e+000 -2.665986e+000 2.800000e+001
         vertex 3.950705e+000 -5.035070e+000 2.800000e+001
         vertex 2.152328e+000 -2.632011e+000 2.800000e+001
      endloop
   endfacet
   facet normal 0.000000e+000 0.000000e+000 1.000000e+000
      outer loop
         vertex 2.152328e+000 -2.632011e+000 2.800000e+001
         vertex 3.950705e+000 -5.035070e+000 2.800000e+001
         vertex 4.030155e+000 -4.971705e+000 2.800000e+001
      endloop
   endfacet
   facet normal 0.000000e+000 0.000000e+000 1.000000e+000
      outer loop
         vertex 2.152328e+000 -2.632011e+000 2.800000e+001
         vertex 4.030155e+000 -4.971705e+000 2.800000e+001
         vertex 2.194010e+000 -2.597368e+000 2.800000e+001
      endloop
   endfacet
   facet normal 0.000000e+000 0.000000e+000 1.000000e+000
      outer loop
         vertex 2.194010e+000 -2.597368e+000 2.800000e+001
         vertex 4.030155e+000 -4.971705e+000 2.800000e+001
         vertex 4.108588e+000 -4.907087e+000 2.800000e+001
      endloop
   endfacet
   facet normal 0.000000e+000 0.000000e+000 1.000000e+000
      outer loop
         vertex 2.194010e+000 -2.597368e+000 2.800000e+001
         vertex 4.108588e+000 -4.907087e+000 2.800000e+001
         vertex 2.235135e+000 -2.562064e+000 2.800000e+001
      endloop
   endfacet
   facet normal 0.000000e+000 0.000000e+000 1.000000e+000
      outer loop
         vertex 2.235135e+000 -2.562064e+000 2.800000e+001
         vertex 4.108588e+000 -4.907087e+000 2.800000e+001
         vertex 4.185985e+000 -4.841232e+000 2.800000e+001
      endloop
   endfacet
   facet normal 0.000000e+000 0.000000e+000 1.000000e+000
      outer loop
         vertex 2.235135e+000 -2.562064e+000 2.800000e+001
         vertex 4.185985e+000 -4.841232e+000 2.800000e+001
         vertex 2.275692e+000 -2.526109e+000 2.800000e+001
      endloop
   endfacet
   facet normal 0.000000e+000 0.000000e+000 1.000000e+000
      outer loop
         vertex 2.275692e+000 -2.526109e+000 2.800000e+001
         vertex 4.185985e+000 -4.841232e+000 2.800000e+001
         vertex 4.262327e+000 -4.774156e+000 2.800000e+001
      endloop
   endfacet
   facet normal 0.000000e+000 0.000000e+000 1.000000e+000
      outer loop
         vertex 2.275692e+000 -2.526109e+000 2.800000e+001
         vertex 4.262327e+000 -4.774156e+000 2.800000e+001
         vertex 2.315670e+000 -2.489512e+000 2.800000e+001
      endloop
   endfacet
   facet normal 0.000000e+000 0.000000e+000 1.000000e+000
      outer loop
         vertex 2.315670e+000 -2.489512e+000 2.800000e+001
         vertex 4.262327e+000 -4.774156e+000 2.800000e+001
         vertex 4.337595e+000 -4.705876e+000 2.800000e+001
      endloop
   endfacet
   facet normal 0.000000e+000 0.000000e+000 1.000000e+000
      outer loop
         vertex 2.315670e+000 -2.489512e+000 2.800000e+001
         vertex 4.337595e+000 -4.705876e+000 2.800000e+001
         vertex 2.355060e+000 -2.452283e+000 2.800000e+001
      endloop
   endfacet
   facet normal 0.000000e+000 0.000000e+000 1.000000e+000
      outer loop
         vertex 2.355060e+000 -2.452283e+000 2.800000e+001
         vertex 4.337595e+000 -4.705876e+000 2.800000e+001
         vertex 4.411768e+000 -4.636410e+000 2.800000e+001
      endloop
   endfacet
   facet normal 0.000000e+000 0.000000e+000 1.000000e+000
      outer loop
         vertex 2.355060e+000 -2.452283e+000 2.800000e+001
         vertex 4.411768e+000 -4.636410e+000 2.800000e+001
         vertex 2.393851e+000 -2.414431e+000 2.800000e+001
      endloop
   endfacet
   facet normal 0.000000e+000 0.000000e+000 1.000000e+000
      outer loop
         vertex 2.393851e+000 -2.414431e+000 2.800000e+001
         vertex 4.411768e+000 -4.636410e+000 2.800000e+001
         vertex 4.484830e+000 -4.565775e+000 2.800000e+001
      endloop
   endfacet
   facet normal 0.000000e+000 0.000000e+000 1.000000e+000
      outer loop
         vertex 2.393851e+000 -2.414431e+000 2.800000e+001
         vertex 4.484830e+000 -4.565775e+000 2.800000e+001
         vertex 2.432034e+000 -2.375965e+000 2.800000e+001
      endloop
   endfacet
   facet normal 0.000000e+000 0.000000e+000 1.000000e+000
      outer loop
         vertex 2.432034e+000 -2.375965e+000 2.800000e+001
         vertex 4.484830e+000 -4.565775e+000 2.800000e+001
         vertex 4.556760e+000 -4.493989e+000 2.800000e+001
      endloop
   endfacet
   facet normal 0.000000e+000 0.000000e+000 1.000000e+000
      outer loop
         vertex 2.432034e+000 -2.375965e+000 2.800000e+001
         vertex 4.556760e+000 -4.493989e+000 2.800000e+001
         vertex 2.469599e+000 -2.336895e+000 2.800000e+001
      endloop
   endfacet
   facet normal 0.000000e+000 0.000000e+000 1.000000e+000
      outer loop
         vertex 2.469599e+000 -2.336895e+000 2.800000e+001
         vertex 4.556760e+000 -4.493989e+000 2.800000e+001
         vertex 4.627542e+000 -4.421069e+000 2.800000e+001
      endloop
   endfacet
   facet normal 0.000000e+000 0.000000e+000 1.000000e+000
      outer loop
         vertex 2.469599e+000 -2.336895e+000 2.800000e+001
         vertex 4.627542e+000 -4.421069e+000 2.800000e+001
         vertex 2.506537e+000 -2.297231e+000 2.800000e+001
      endloop
   endfacet
   facet normal 0.000000e+000 0.000000e+000 1.000000e+000
      outer loop
         vertex 2.506537e+000 -2.297231e+000 2.800000e+001
         vertex 4.627542e+000 -4.421069e+000 2.800000e+001
         vertex 4.697157e+000 -4.347035e+000 2.800000e+001
      endloop
   endfacet
   facet normal 0.000000e+000 0.000000e+000 1.000000e+000
      outer loop
         vertex 2.506537e+000 -2.297231e+000 2.800000e+001
         vertex 4.697157e+000 -4.347035e+000 2.800000e+001
         vertex 2.542838e+000 -2.256984e+000 2.800000e+001
      endloop
   endfacet
   facet normal 0.000000e+000 0.000000e+000 1.000000e+000
      outer loop
         vertex 2.542838e+000 -2.256984e+000 2.800000e+001
         vertex 4.697157e+000 -4.347035e+000 2.800000e+001
         vertex 4.765588e+000 -4.271905e+000 2.800000e+001
      endloop
   endfacet
   facet normal 0.000000e+000 0.000000e+000 1.000000e+000
      outer loop
         vertex 2.542838e+000 -2.256984e+000 2.800000e+001
         vertex 4.765588e+000 -4.271905e+000 2.800000e+001
         vertex 2.578492e+000 -2.216163e+000 2.800000e+001
      endloop
   endfacet
   facet normal 0.000000e+000 0.000000e+000 1.000000e+000
      outer loop
         vertex 2.578492e+000 -2.216163e+000 2.800000e+001
         vertex 4.765588e+000 -4.271905e+000 2.800000e+001
         vertex 4.832817e+000 -4.195698e+000 2.800000e+001
      endloop
   endfacet
   facet normal 0.000000e+000 0.000000e+000 1.000000e+000
      outer loop
         vertex 2.578492e+000 -2.216163e+000 2.800000e+001
         vertex 4.832817e+000 -4.195698e+000 2.800000e+001
         vertex 2.613491e+000 -2.174779e+000 2.800000e+001
      endloop
   endfacet
   facet normal 0.000000e+000 0.000000e+000 1.000000e+000
      outer loop
         vertex 2.613491e+000 -2.174779e+000 2.800000e+001
         vertex 4.832817e+000 -4.195698e+000 2.800000e+001
         vertex 4.898828e+000 -4.118433e+000 2.800000e+001
      endloop
   endfacet
   facet normal 0.000000e+000 0.000000e+000 1.000000e+000
      outer loop
         vertex 2.613491e+000 -2.174779e+000 2.800000e+001
         vertex 4.898828e+000 -4.118433e+000 2.800000e+001
         vertex 2.647826e+000 -2.132842e+000 2.800000e+001
      endloop
   endfacet
   facet normal 0.000000e+000 0.000000e+000 1.000000e+000
      outer loop
         vertex 2.647826e+000 -2.132842e+000 2.800000e+001
         vertex 4.898828e+000 -4.118433e+000 2.800000e+001
         vertex 4.963603e+000 -4.040130e+000 2.800000e+001
      endloop
   endfacet
   facet normal 0.000000e+000 0.000000e+000 1.000000e+000
      outer loop
         vertex 2.647826e+000 -2.132842e+000 2.800000e+001
         vertex 4.963603e+000 -4.040130e+000 2.800000e+001
         vertex 2.681489e+000 -2.090364e+000 2.800000e+001
      endloop
   endfacet
   facet normal 0.000000e+000 0.000000e+000 1.000000e+000
      outer loop
         vertex 2.681489e+000 -2.090364e+000 2.800000e+001
         vertex 4.963603e+000 -4.040130e+000 2.800000e+001
         vertex 5.027127e+000 -3.960807e+000 2.800000e+001
      endloop
   endfacet
   facet normal 0.000000e+000 0.000000e+000 1.000000e+000
      outer loop
         vertex 2.681489e+000 -2.090364e+000 2.800000e+001
         vertex 5.027127e+000 -3.960807e+000 2.800000e+001
         vertex 2.714469e+000 -2.047354e+000 2.800000e+001
      endloop
   endfacet
   facet normal 0.000000e+000 0.000000e+000 1.000000e+000
      outer loop
         vertex 2.714469e+000 -2.047354e+000 2.800000e+001
         vertex 5.027127e+000 -3.960807e+000 2.800000e+001
         vertex 5.089383e+000 -3.880487e+000 2.800000e+001
      endloop
   endfacet
   facet normal 0.000000e+000 0.000000e+000 1.000000e+000
      outer loop
         vertex 2.714469e+000 -2.047354e+000 2.800000e+001
         vertex 5.089383e+000 -3.880487e+000 2.800000e+001
         vertex 2.746760e+000 -2.003824e+000 2.800000e+001
      endloop
   endfacet
   facet normal 0.000000e+000 0.000000e+000 1.000000e+000
      outer loop
         vertex 2.746760e+000 -2.003824e+000 2.800000e+001
         vertex 5.089383e+000 -3.880487e+000 2.800000e+001
         vertex 5.150357e+000 -3.799188e+000 2.800000e+001
      endloop
   endfacet
   facet normal 0.000000e+000 0.000000e+000 1.000000e+000
      outer loop
         vertex 2.746760e+000 -2.003824e+000 2.800000e+001
         vertex 5.150357e+000 -3.799188e+000 2.800000e+001
         vertex 2.778353e+000 -1.959784e+000 2.800000e+001
      endloop
   endfacet
   facet normal 0.000000e+000 0.000000e+000 1.000000e+000
      outer loop
         vertex 2.778353e+000 -1.959784e+000 2.800000e+001
         vertex 5.150357e+000 -3.799188e+000 2.800000e+001
         vertex 5.210032e+000 -3.716931e+000 2.800000e+001
      endloop
   endfacet
   facet normal 0.000000e+000 0.000000e+000 1.000000e+000
      outer loop
         vertex 2.778353e+000 -1.959784e+000 2.800000e+001
         vertex 5.210032e+000 -3.716931e+000 2.800000e+001
         vertex 2.809240e+000 -1.915247e+000 2.800000e+001
      endloop
   endfacet
   facet normal 0.000000e+000 0.000000e+000 1.000000e+000
      outer loop
         vertex 2.809240e+000 -1.915247e+000 2.800000e+001
         vertex 5.210032e+000 -3.716931e+000 2.800000e+001
         vertex 5.268393e+000 -3.633737e+000 2.800000e+001
      endloop
   endfacet
   facet normal 0.000000e+000 0.000000e+000 1.000000e+000
      outer loop
         vertex 2.809240e+000 -1.915247e+000 2.800000e+001
         vertex 5.268393e+000 -3.633737e+000 2.800000e+001
         vertex 2.839413e+000 -1.870223e+000 2.800000e+001
      endloop
   endfacet
   facet normal 0.000000e+000 0.000000e+000 1.000000e+000
      outer loop
         vertex 2.839413e+000 -1.870223e+000 2.800000e+001
         vertex 5.268393e+000 -3.633737e+000 2.800000e+001
         vertex 5.325426e+000 -3.549626e+000 2.800000e+001
      endloop
   endfacet
   facet normal 0.000000e+000 0.000000e+000 1.000000e+000
      outer loop
         vertex 2.839413e+000 -1.870223e+000 2.800000e+001
         vertex 5.325426e+000 -3.549626e+000 2.800000e+001
         vertex 2.868865e+000 -1.824724e+000 2.800000e+001
      endloop
   endfacet
   facet normal 0.000000e+000 0.000000e+000 1.000000e+000
      outer loop
         vertex 2.868865e+000 -1.824724e+000 2.800000e+001
         vertex 5.325426e+000 -3.549626e+000 2.800000e+001
         vertex 5.381115e+000 -3.464621e+000 2.800000e+001
      endloop
   endfacet
   facet normal 0.000000e+000 0.000000e+000 1.000000e+000
      outer loop
         vertex 2.868865e+000 -1.824724e+000 2.800000e+001
         vertex 5.381115e+000 -3.464621e+000 2.800000e+001
         vertex 2.897587e+000 -1.778760e+000 2.800000e+001
      endloop
   endfacet
   facet normal 0.000000e+000 0.000000e+000 1.000000e+000
      outer loop
         vertex 2.897587e+000 -1.778760e+000 2.800000e+001
         vertex 5.381115e+000 -3.464621e+000 2.800000e+001
         vertex 5.435449e+000 -3.378742e+000 2.800000e+001
      endloop
   endfacet
   facet normal 0.000000e+000 0.000000e+000 1.000000e+000
      outer loop
         vertex 2.897587e+000 -1.778760e+000 2.800000e+001
         vertex 5.435449e+000 -3.378742e+000 2.800000e+001
         vertex 2.925573e+000 -1.732345e+000 2.800000e+001
      endloop
   endfacet
   facet normal 0.000000e+000 0.000000e+000 1.000000e+000
      outer loop
         vertex 2.925573e+000 -1.732345e+000 2.800000e+001
         vertex 5.435449e+000 -3.378742e+000 2.800000e+001
         vertex 5.488411e+000 -3.292011e+000 2.800000e+001
      endloop
   endfacet
   facet normal 0.000000e+000 0.000000e+000 1.000000e+000
      outer loop
         vertex 2.925573e+000 -1.732345e+000 2.800000e+001
         vertex 5.488411e+000 -3.292011e+000 2.800000e+001
         vertex 2.952816e+000 -1.685490e+000 2.800000e+001
      endloop
   endfacet
   facet normal 0.000000e+000 0.000000e+000 1.000000e+000
      outer loop
         vertex 2.952816e+000 -1.685490e+000 2.800000e+001
         vertex 5.488411e+000 -3.292011e+000 2.800000e+001
         vertex 5.539990e+000 -3.204451e+000 2.800000e+001
      endloop
   endfacet
   facet normal 0.000000e+000 0.000000e+000 1.000000e+000
      outer loop
         vertex 2.952816e+000 -1.685490e+000 2.800000e+001
         vertex 5.539990e+000 -3.204451e+000 2.800000e+001
         vertex 2.979308e+000 -1.638207e+000 2.800000e+001
      endloop
   endfacet
   facet normal 0.000000e+000 0.000000e+000 1.000000e+000
      outer loop
         vertex 2.979308e+000 -1.638207e+000 2.800000e+001
         vertex 5.539990e+000 -3.204451e+000 2.800000e+001
         vertex 5.590173e+000 -3.116082e+000 2.800000e+001
      endloop
   endfacet
   facet normal 0.000000e+000 0.000000e+000 1.000000e+000
      outer loop
         vertex 2.979308e+000 -1.638207e+000 2.800000e+001
         vertex 5.590173e+000 -3.116082e+000 2.800000e+001
         vertex 3.005044e+000 -1.590507e+000 2.800000e+001
      endloop
   endfacet
   facet normal 0.000000e+000 0.000000e+000 1.000000e+000
      outer loop
         vertex 3.005044e+000 -1.590507e+000 2.800000e+001
         vertex 5.590173e+000 -3.116082e+000 2.800000e+001
         vertex 5.638946e+000 -3.026927e+000 2.800000e+001
      endloop
   endfacet
   facet normal 0.000000e+000 0.000000e+000 1.000000e+000
      outer loop
         vertex 3.005044e+000 -1.590507e+000 2.800000e+001
         vertex 5.638946e+000 -3.026927e+000 2.800000e+001
         vertex 3.030015e+000 -1.542403e+000 2.800000e+001
      endloop
   endfacet
   facet normal 0.000000e+000 0.000000e+000 1.000000e+000
      outer loop
         vertex 3.030015e+000 -1.542403e+000 2.800000e+001
         vertex 5.638946e+000 -3.026927e+000 2.800000e+001
         vertex 5.686296e+000 -2.937010e+000 2.800000e+001
      endloop
   endfacet
   facet normal 0.000000e+000 0.000000e+000 1.000000e+000
      outer loop
         vertex 3.030015e+000 -1.542403e+000 2.800000e+001
         vertex 5.686296e+000 -2.937010e+000 2.800000e+001
         vertex 3.054217e+000 -1.493907e+000 2.800000e+001
      endloop
   endfacet
   facet normal 0.000000e+000 0.000000e+000 1.000000e+000
      outer loop
         vertex 3.054217e+000 -1.493907e+000 2.800000e+001
         vertex 5.686296e+000 -2.937010e+000 2.800000e+001
         vertex 5.732214e+000 -2.846352e+000 2.800000e+001
      endloop
   endfacet
   facet normal 0.000000e+000 0.000000e+000 1.000000e+000
      outer loop
         vertex 3.054217e+000 -1.493907e+000 2.800000e+001
         vertex 5.732214e+000 -2.846352e+000 2.800000e+001
         vertex 3.077643e+000 -1.445031e+000 2.800000e+001
      endloop
   endfacet
   facet normal 0.000000e+000 0.000000e+000 1.000000e+000
      outer loop
         vertex 3.077643e+000 -1.445031e+000 2.800000e+001
         vertex 5.732214e+000 -2.846352e+000 2.800000e+001
         vertex 5.776686e+000 -2.754977e+000 2.800000e+001
      endloop
   endfacet
   facet normal 0.000000e+000 0.000000e+000 1.000000e+000
      outer loop
         vertex 3.077643e+000 -1.445031e+000 2.800000e+001
         vertex 5.776686e+000 -2.754977e+000 2.800000e+001
         vertex 3.100286e+000 -1.395788e+000 2.800000e+001
      endloop
   endfacet
   facet normal 0.000000e+000 0.000000e+000 1.000000e+000
      outer loop
         vertex 3.100286e+000 -1.395788e+000 2.800000e+001
         vertex 5.776686e+000 -2.754977e+000 2.800000e+001
         vertex 5.819702e+000 -2.662906e+000 2.800000e+001
      endloop
   endfacet
   facet normal 0.000000e+000 0.000000e+000 1.000000e+000
      outer loop
         vertex 3.100286e+000 -1.395788e+000 2.800000e+001
         vertex 5.819702e+000 -2.662906e+000 2.800000e+001
         vertex 3.122142e+000 -1.346191e+000 2.800000e+001
      endloop
   endfacet
   facet normal 0.000000e+000 0.000000e+000 1.000000e+000
      outer loop
         vertex 3.122142e+000 -1.346191e+000 2.800000e+001
         vertex 5.819702e+000 -2.662906e+000 2.800000e+001
         vertex 5.861250e+000 -2.570164e+000 2.800000e+001
      endloop
   endfacet
   facet normal 0.000000e+000 0.000000e+000 1.000000e+000
      outer loop
         vertex 3.122142e+000 -1.346191e+000 2.800000e+001
         vertex 5.861250e+000 -2.570164e+000 2.800000e+001
         vertex 3.143204e+000 -1.296251e+000 2.800000e+001
      endloop
   endfacet
   facet normal 0.000000e+000 0.000000e+000 1.000000e+000
      outer loop
         vertex 3.143204e+000 -1.296251e+000 2.800000e+001
         vertex 5.861250e+000 -2.570164e+000 2.800000e+001
         vertex 5.901321e+000 -2.476775e+000 2.800000e+001
      endloop
   endfacet
   facet normal 0.000000e+000 0.000000e+000 1.000000e+000
      outer loop
         vertex 3.143204e+000 -1.296251e+000 2.800000e+001
         vertex 5.901321e+000 -2.476775e+000 2.800000e+001
         vertex 3.163468e+000 -1.245982e+000 2.800000e+001
      endloop
   endfacet
   facet normal 0.000000e+000 0.000000e+000 1.000000e+000
      outer loop
         vertex 3.163468e+000 -1.245982e+000 2.800000e+001
         vertex 5.901321e+000 -2.476775e+000 2.800000e+001
         vertex 5.939903e+000 -2.382761e+000 2.800000e+001
      endloop
   endfacet
   facet normal 0.000000e+000 0.000000e+000 1.000000e+000
      outer loop
         vertex 3.163468e+000 -1.245982e+000 2.800000e+001
         vertex 5.939903e+000 -2.382761e+000 2.800000e+001
         vertex 3.182927e+000 -1.195397e+000 2.800000e+001
      endloop
   endfacet
   facet normal 0.000000e+000 0.000000e+000 1.000000e+000
      outer loop
         vertex 3.182927e+000 -1.195397e+000 2.800000e+001
         vertex 5.939903e+000 -2.382761e+000 2.800000e+001
         vertex 5.976988e+000 -2.288146e+000 2.800000e+001
      endloop
   endfacet
   facet normal 0.000000e+000 0.000000e+000 1.000000e+000
      outer loop
         vertex 3.182927e+000 -1.195397e+000 2.800000e+001
         vertex 5.976988e+000 -2.288146e+000 2.800000e+001
         vertex 3.201578e+000 -1.144507e+000 2.800000e+001
      endloop
   endfacet
   facet normal 0.000000e+000 0.000000e+000 1.000000e+000
      outer loop
         vertex 3.201578e+000 -1.144507e+000 2.800000e+001
         vertex 5.976988e+000 -2.288146e+000 2.800000e+001
         vertex 6.012567e+000 -2.192954e+000 2.800000e+001
      endloop
   endfacet
   facet normal 0.000000e+000 0.000000e+000 1.000000e+000
      outer loop
         vertex 3.201578e+000 -1.144507e+000 2.800000e+001
         vertex 6.012567e+000 -2.192954e+000 2.800000e+001
         vertex 3.219415e+000 -1.093327e+000 2.800000e+001
      endloop
   endfacet
   facet normal 0.000000e+000 0.000000e+000 1.000000e+000
      outer loop
         vertex 3.219415e+000 -1.093327e+000 2.800000e+001
         vertex 6.012567e+000 -2.192954e+000 2.800000e+001
         vertex 6.046628e+000 -2.097209e+000 2.800000e+001
      endloop
   endfacet
   facet normal 0.000000e+000 0.000000e+000 1.000000e+000
      outer loop
         vertex 3.219415e+000 -1.093327e+000 2.800000e+001
         vertex 6.046628e+000 -2.097209e+000 2.800000e+001
         vertex 3.236435e+000 -1.041869e+000 2.800000e+001
      endloop
   endfacet
   facet normal 0.000000e+000 0.000000e+000 1.000000e+000
      outer loop
         vertex 3.236435e+000 -1.041869e+000 2.800000e+001
         vertex 6.046628e+000 -2.097209e+000 2.800000e+001
         vertex 6.079166e+000 -2.000935e+000 2.800000e+001
      endloop
   endfacet
   facet normal 0.000000e+000 0.000000e+000 1.000000e+000
      outer loop
         vertex 3.236435e+000 -1.041869e+000 2.800000e+001
         vertex 6.079166e+000 -2.000935e+000 2.800000e+001
         vertex 3.252631e+000 -9.901463e-001 2.800000e+001
      endloop
   endfacet
   facet normal 0.000000e+000 0.000000e+000 1.000000e+000
      outer loop
         vertex 3.252631e+000 -9.901463e-001 2.800000e+001
         vertex 6.079166e+000 -2.000935e+000 2.800000e+001
         vertex 6.110170e+000 -1.904157e+000 2.800000e+001
      endloop
   endfacet
   facet normal 0.000000e+000 0.000000e+000 1.000000e+000
      outer loop
         vertex 3.252631e+000 -9.901463e-001 2.800000e+001
         vertex 6.110170e+000 -1.904157e+000 2.800000e+001
         vertex 3.268001e+000 -9.381719e-001 2.800000e+001
      endloop
   endfacet
   facet normal 0.000000e+000 0.000000e+000 1.000000e+000
      outer loop
         vertex 3.268001e+000 -9.381719e-001 2.800000e+001
         vertex 6.110170e+000 -1.904157e+000 2.800000e+001
         vertex 6.139635e+000 -1.806899e+000 2.800000e+001
      endloop
   endfacet
   facet normal 0.000000e+000 0.000000e+000 1.000000e+000
      outer loop
         vertex 3.268001e+000 -9.381719e-001 2.800000e+001
         vertex 6.139635e+000 -1.806899e+000 2.800000e+001
         vertex 3.282541e+000 -8.859591e-001 2.800000e+001
      endloop
   endfacet
   facet normal 0.000000e+000 0.000000e+000 1.000000e+000
      outer loop
         vertex 3.282541e+000 -8.859591e-001 2.800000e+001
         vertex 6.139635e+000 -1.806899e+000 2.800000e+001
         vertex 6.167551e+000 -1.709186e+000 2.800000e+001
      endloop
   endfacet
   facet normal 0.000000e+000 0.000000e+000 1.000000e+000
      outer loop
         vertex 3.282541e+000 -8.859591e-001 2.800000e+001
         vertex 6.167551e+000 -1.709186e+000 2.800000e+001
         vertex 3.296247e+000 -8.335211e-001 2.800000e+001
      endloop
   endfacet
   facet normal 0.000000e+000 0.000000e+000 1.000000e+000
      outer loop
         vertex 3.296247e+000 -8.335211e-001 2.800000e+001
         vertex 6.167551e+000 -1.709186e+000 2.800000e+001
         vertex 6.193912e+000 -1.611041e+000 2.800000e+001
      endloop
   endfacet
   facet normal 0.000000e+000 0.000000e+000 1.000000e+000
      outer loop
         vertex 3.296247e+000 -8.335211e-001 2.800000e+001
         vertex 6.193912e+000 -1.611041e+000 2.800000e+001
         vertex 3.309115e+000 -7.808714e-001 2.800000e+001
      endloop
   endfacet
   facet normal 0.000000e+000 0.000000e+000 1.000000e+000
      outer loop
         vertex 3.309115e+000 -7.808714e-001 2.800000e+001
         vertex 6.193912e+000 -1.611041e+000 2.800000e+001
         vertex 6.218711e+000 -1.512490e+000 2.800000e+001
      endloop
   endfacet
   facet normal 0.000000e+000 0.000000e+000 1.000000e+000
      outer loop
         vertex 3.309115e+000 -7.808714e-001 2.800000e+001
         vertex 6.218711e+000 -1.512490e+000 2.800000e+001
         vertex 3.321142e+000 -7.280232e-001 2.800000e+001
      endloop
   endfacet
   facet normal 0.000000e+000 0.000000e+000 1.000000e+000
      outer loop
         vertex 3.321142e+000 -7.280232e-001 2.800000e+001
         vertex 6.218711e+000 -1.512490e+000 2.800000e+001
         vertex 6.241943e+000 -1.413558e+000 2.800000e+001
      endloop
   endfacet
   facet normal 0.000000e+000 0.000000e+000 1.000000e+000
      outer loop
         vertex 3.321142e+000 -7.280232e-001 2.800000e+001
         vertex 6.241943e+000 -1.413558e+000 2.800000e+001
         vertex 3.332325e+000 -6.749900e-001 2.800000e+001
      endloop
   endfacet
   facet normal 0.000000e+000 0.000000e+000 1.000000e+000
      outer loop
         vertex 3.332325e+000 -6.749900e-001 2.800000e+001
         vertex 6.241943e+000 -1.413558e+000 2.800000e+001
         vertex 6.263601e+000 -1.314269e+000 2.800000e+001
      endloop
   endfacet
   facet normal 0.000000e+000 0.000000e+000 1.000000e+000
      outer loop
         vertex 3.332325e+000 -6.749900e-001 2.800000e+001
         vertex 6.263601e+000 -1.314269e+000 2.800000e+001
         vertex 3.342661e+000 -6.217852e-001 2.800000e+001
      endloop
   endfacet
   facet normal 0.000000e+000 0.000000e+000 1.000000e+000
      outer loop
         vertex 3.342661e+000 -6.217852e-001 2.800000e+001
         vertex 6.263601e+000 -1.314269e+000 2.800000e+001
         vertex 6.283679e+000 -1.214649e+000 2.800000e+001
      endloop
   endfacet
   facet normal 0.000000e+000 0.000000e+000 1.000000e+000
      outer loop
         vertex 3.342661e+000 -6.217852e-001 2.800000e+001
         vertex 6.283679e+000 -1.214649e+000 2.800000e+001
         vertex 3.352148e+000 -5.684226e-001 2.800000e+001
      endloop
   endfacet
   facet normal 0.000000e+000 0.000000e+000 1.000000e+000
      outer loop
         vertex 3.352148e+000 -5.684226e-001 2.800000e+001
         vertex 6.283679e+000 -1.214649e+000 2.800000e+001
         vertex 6.302174e+000 -1.114723e+000 2.800000e+001
      endloop
   endfacet
   facet normal 0.000000e+000 0.000000e+000 1.000000e+000
      outer loop
         vertex 3.352148e+000 -5.684226e-001 2.800000e+001
         vertex 6.302174e+000 -1.114723e+000 2.800000e+001
         vertex 3.360783e+000 -5.149153e-001 2.800000e+001
      endloop
   endfacet
   facet normal 0.000000e+000 0.000000e+000 1.000000e+000
      outer loop
         vertex 3.360783e+000 -5.149153e-001 2.800000e+001
         vertex 6.302174e+000 -1.114723e+000 2.800000e+001
         vertex 6.319079e+000 -1.014516e+000 2.800000e+001
      endloop
   endfacet
   facet normal 0.000000e+000 0.000000e+000 1.000000e+000
      outer loop
         vertex 3.360783e+000 -5.149153e-001 2.800000e+001
         vertex 6.319079e+000 -1.014516e+000 2.800000e+001
         vertex 3.368564e+000 -4.612773e-001 2.800000e+001
      endloop
   endfacet
   facet normal 0.000000e+000 0.000000e+000 1.000000e+000
      outer loop
         vertex 3.368564e+000 -4.612773e-001 2.800000e+001
         vertex 6.319079e+000 -1.014516e+000 2.800000e+001
         vertex 6.334391e+000 -9.140527e-001 2.800000e+001
      endloop
   endfacet
   facet normal 0.000000e+000 0.000000e+000 1.000000e+000
      outer loop
         vertex 3.368564e+000 -4.612773e-001 2.800000e+001
         vertex 6.334391e+000 -9.140527e-001 2.800000e+001
         vertex 3.375489e+000 -4.075221e-001 2.800000e+001
      endloop
   endfacet
   facet normal 0.000000e+000 0.000000e+000 1.000000e+000
      outer loop
         vertex 3.375489e+000 -4.075221e-001 2.800000e+001
         vertex 6.334391e+000 -9.140527e-001 2.800000e+001
         vertex 6.348105e+000 -8.133591e-001 2.800000e+001
      endloop
   endfacet
   facet normal 0.000000e+000 0.000000e+000 1.000000e+000
      outer loop
         vertex 3.375489e+000 -4.075221e-001 2.800000e+001
         vertex 6.348105e+000 -8.133591e-001 2.800000e+001
         vertex 3.381556e+000 -3.536633e-001 2.800000e+001
      endloop
   endfacet
   facet normal 0.000000e+000 0.000000e+000 1.000000e+000
      outer loop
         vertex 3.381556e+000 -3.536633e-001 2.800000e+001
         vertex 6.348105e+000 -8.133591e-001 2.800000e+001
         vertex 6.360220e+000 -7.124606e-001 2.800000e+001
      endloop
   endfacet
   facet normal 0.000000e+000 0.000000e+000 1.000000e+000
      outer loop
         vertex 3.381556e+000 -3.536633e-001 2.800000e+001
         vertex 6.360220e+000 -7.124606e-001 2.800000e+001
         vertex 3.386764e+000 -2.997146e-001 2.800000e+001
      endloop
   endfacet
   facet normal 0.000000e+000 0.000000e+000 1.000000e+000
      outer loop
         vertex 3.386764e+000 -2.997146e-001 2.800000e+001
         vertex 6.360220e+000 -7.124606e-001 2.800000e+001
         vertex 6.370731e+000 -6.113824e-001 2.800000e+001
      endloop
   endfacet
   facet normal 0.000000e+000 0.000000e+000 1.000000e+000
      outer loop
         vertex 3.386764e+000 -2.997146e-001 2.800000e+001
         vertex 6.370731e+000 -6.113824e-001 2.800000e+001
         vertex 3.391112e+000 -2.456898e-001 2.800000e+001
      endloop
   endfacet
   facet normal 0.000000e+000 0.000000e+000 1.000000e+000
      outer loop
         vertex 3.391112e+000 -2.456898e-001 2.800000e+001
         vertex 6.370731e+000 -6.113824e-001 2.800000e+001
         vertex 6.379635e+000 -5.101500e-001 2.800000e+001
      endloop
   endfacet
   facet normal 0.000000e+000 0.000000e+000 1.000000e+000
      outer loop
         vertex 3.391112e+000 -2.456898e-001 2.800000e+001
         vertex 6.379635e+000 -5.101500e-001 2.800000e+001
         vertex 3.394597e+000 -1.916025e-001 2.800000e+001
      endloop
   endfacet
   facet normal 0.000000e+000 0.000000e+000 1.000000e+000
      outer loop
         vertex 3.394597e+000 -1.916025e-001 2.800000e+001
         vertex 6.379635e+000 -5.101500e-001 2.800000e+001
         vertex 6.386931e+000 -4.087890e-001 2.800000e+001
      endloop
   endfacet
   facet normal 0.000000e+000 0.000000e+000 1.000000e+000
      outer loop
         vertex 3.394597e+000 -1.916025e-001 2.800000e+001
         vertex 6.386931e+000 -4.087890e-001 2.800000e+001
         vertex 3.397220e+000 -1.374665e-001 2.800000e+001
      endloop
   endfacet
   facet normal 0.000000e+000 0.000000e+000 1.000000e+000
      outer loop
         vertex 3.397220e+000 -1.374665e-001 2.800000e+001
         vertex 6.386931e+000 -4.087890e-001 2.800000e+001
         vertex 6.392617e+000 -3.073249e-001 2.800000e+001
      endloop
   endfacet
   facet normal 0.000000e+000 0.000000e+000 1.000000e+000
      outer loop
         vertex 3.397220e+000 -1.374665e-001 2.800000e+001
         vertex 6.392617e+000 -3.073249e-001 2.800000e+001
         vertex 3.398980e+000 -8.329565e-002 2.800000e+001
      endloop
   endfacet
   facet normal 0.000000e+000 0.000000e+000 1.000000e+000
      outer loop
         vertex 3.398980e+000 -8.329565e-002 2.800000e+001
         vertex 6.392617e+000 -3.073249e-001 2.800000e+001
         vertex 6.396691e+000 -2.057834e-001 2.800000e+001
      endloop
   endfacet
   facet normal 0.000000e+000 0.000000e+000 1.000000e+000
      outer loop
         vertex 3.398980e+000 -8.329565e-002 2.800000e+001
         vertex 6.396691e+000 -2.057834e-001 2.800000e+001
         vertex 3.399875e+000 -2.910359e-002 2.800000e+001
      endloop
   endfacet
   facet normal 0.000000e+000 0.000000e+000 1.000000e+000
      outer loop
         vertex 3.399875e+000 -2.910359e-002 2.800000e+001
         vertex 6.396691e+000 -2.057834e-001 2.800000e+001
         vertex 6.399152e+000 -1.041899e-001 2.800000e+001
      endloop
   endfacet
   facet normal 0.000000e+000 0.000000e+000 1.000000e+000
      outer loop
         vertex 3.399875e+000 -2.910359e-002 2.800000e+001
         vertex 6.399152e+000 -1.041899e-001 2.800000e+001
         vertex 3.399907e+000 2.509586e-002 2.800000e+001
      endloop
   endfacet
   facet normal 0.000000e+000 0.000000e+000 1.000000e+000
      outer loop
         vertex 3.399907e+000 2.509586e-002 2.800000e+001
         vertex 6.399152e+000 -1.041899e-001 2.800000e+001
         vertex 6.399999e+000 -2.570200e-003 2.800000e+001
      endloop
   endfacet
   facet normal 0.000000e+000 0.000000e+000 1.000000e+000
      outer loop
         vertex 3.399907e+000 2.509586e-002 2.800000e+001
         vertex 6.399999e+000 -2.570200e-003 2.800000e+001
         vertex 3.399075e+000 7.928894e-002 2.800000e+001
      endloop
   endfacet
   facet normal 0.000000e+000 0.000000e+000 1.000000e+000
      outer loop
         vertex 3.399075e+000 7.928894e-002 2.800000e+001
         vertex 6.399999e+000 -2.570200e-003 2.800000e+001
         vertex 6.399233e+000 9.905016e-002 2.800000e+001
      endloop
   endfacet
   facet normal 0.000000e+000 0.000000e+000 1.000000e+000
      outer loop
         vertex 3.399075e+000 7.928894e-002 2.800000e+001
         vertex 6.399233e+000 9.905016e-002 2.800000e+001
         vertex 3.397380e+000 1.334619e-001 2.800000e+001
      endloop
   endfacet
   facet normal 0.000000e+000 0.000000e+000 1.000000e+000
      outer loop
         vertex 3.397380e+000 1.334619e-001 2.800000e+001
         vertex 6.399233e+000 9.905016e-002 2.800000e+001
         vertex 6.396854e+000 2.006456e-001 2.800000e+001
      endloop
   endfacet
   facet normal 0.000000e+000 0.000000e+000 1.000000e+000
      outer loop
         vertex 3.397380e+000 1.334619e-001 2.800000e+001
         vertex 6.396854e+000 2.006456e-001 2.800000e+001
         vertex 6.392862e+000 3.021903e-001 2.800000e+001
      endloop
   endfacet
   facet normal 0.000000e+000 0.000000e+000 1.000000e+000
      outer loop
         vertex -2.024043e+000 -2.731894e+000 2.800000e+001
         vertex -2.067334e+000 -2.699283e+000 2.800000e+001
         vertex 1.500000e+000 -6.221736e+000 2.800000e+001
      endloop
   endfacet
   facet normal 0.000000e+000 0.000000e+000 1.000000e+000
      outer loop
         vertex 1.500000e+000 -6.221736e+000 2.800000e+001
         vertex -2.067334e+000 -2.699283e+000 2.800000e+001
         vertex -2.110099e+000 -2.665986e+000 2.800000e+001
      endloop
   endfacet
   facet normal 0.000000e+000 0.000000e+000 1.000000e+000
      outer loop
         vertex 1.500000e+000 -6.221736e+000 2.800000e+001
         vertex -2.110099e+000 -2.665986e+000 2.800000e+001
         vertex -6.399999e+000 -2.570200e-003 2.800000e+001
      endloop
   endfacet
   facet normal 0.000000e+000 0.000000e+000 1.000000e+000
      outer loop
         vertex -6.399999e+000 -2.570200e-003 2.800000e+001
         vertex -2.110099e+000 -2.665986e+000 2.800000e+001
         vertex -2.152328e+000 -2.632011e+000 2.800000e+001
      endloop
   endfacet
   facet normal 0.000000e+000 0.000000e+000 1.000000e+000
      outer loop
         vertex -6.399999e+000 -2.570200e-003 2.800000e+001
         vertex -2.152328e+000 -2.632011e+000 2.800000e+001
         vertex -2.194010e+000 -2.597368e+000 2.800000e+001
      endloop
   endfacet
   facet normal 0.000000e+000 0.000000e+000 1.000000e+000
      outer loop
         vertex -6.141084e+000 1.801967e+000 2.800000e+001
         vertex -3.219842e+000 1.142192e+000 2.800000e+001
         vertex -3.217825e+000 1.158034e+000 2.800000e+001
      endloop
   endfacet
   facet normal 0.000000e+000 0.000000e+000 1.000000e+000
      outer loop
         vertex -3.210819e+000 1.269549e+000 2.800000e+001
         vertex -3.210837e+000 1.285519e+000 2.800000e+001
         vertex -6.141084e+000 1.801967e+000 2.800000e+001
      endloop
   endfacet
   facet normal 0.000000e+000 0.000000e+000 1.000000e+000
      outer loop
         vertex -6.141084e+000 1.801967e+000 2.800000e+001
         vertex -3.210837e+000 1.285519e+000 2.800000e+001
         vertex -3.211110e+000 1.301487e+000 2.800000e+001
      endloop
   endfacet
   facet normal 0.000000e+000 0.000000e+000 1.000000e+000
      outer loop
         vertex -6.141084e+000 1.801967e+000 2.800000e+001
         vertex -3.211110e+000 1.301487e+000 2.800000e+001
         vertex -3.211638e+000 1.317449e+000 2.800000e+001
      endloop
   endfacet
   facet normal 0.000000e+000 0.000000e+000 1.000000e+000
      outer loop
         vertex -5.863313e+000 2.565456e+000 2.800000e+001
         vertex -5.903308e+000 2.472034e+000 2.800000e+001
         vertex -3.710795e+000 2.142428e+000 2.800000e+001
      endloop
   endfacet
   facet normal 0.000000e+000 0.000000e+000 1.000000e+000
      outer loop
         vertex -3.710795e+000 2.142428e+000 2.800000e+001
         vertex -5.903308e+000 2.472034e+000 2.800000e+001
         vertex -5.941815e+000 2.377989e+000 2.800000e+001
      endloop
   endfacet
   facet normal 0.000000e+000 0.000000e+000 1.000000e+000
      outer loop
         vertex -3.710795e+000 2.142428e+000 2.800000e+001
         vertex -5.941815e+000 2.377989e+000 2.800000e+001
         vertex -5.978824e+000 2.283344e+000 2.800000e+001
      endloop
   endfacet
   facet normal 0.000000e+000 0.000000e+000 1.000000e+000
      outer loop
         vertex -1.696798e+000 -6.170970e+000 2.800000e+001
         vertex -1.598600e+000 -6.197134e+000 2.800000e+001
         vertex 1.500000e+000 -6.221736e+000 2.800000e+001
      endloop
   endfacet
   facet normal 0.000000e+000 0.000000e+000 1.000000e+000
      outer loop
         vertex 1.500000e+000 -6.221736e+000 2.800000e+001
         vertex -1.598600e+000 -6.197134e+000 2.800000e+001
         vertex -1.500000e+000 -6.221736e+000 2.800000e+001
      endloop
   endfacet
   facet normal 0.000000e+000 0.000000e+000 1.000000e+000
      outer loop
         vertex 1.500000e+000 -6.221736e+000 2.800000e+001
         vertex -1.500000e+000 -6.221736e+000 2.800000e+001
         vertex 1.500000e+000 -1.650000e+001 2.800000e+001
      endloop
   endfacet
   facet normal 0.000000e+000 0.000000e+000 1.000000e+000
      outer loop
         vertex 1.500000e+000 -1.650000e+001 2.800000e+001
         vertex -1.500000e+000 -6.221736e+000 2.800000e+001
         vertex -1.500000e+000 -1.350000e+001 2.800000e+001
      endloop
   endfacet
   facet normal 0.000000e+000 0.000000e+000 1.000000e+000
      outer loop
         vertex 1.500000e+000 -1.650000e+001 2.800000e+001
         vertex -1.500000e+000 -1.350000e+001 2.800000e+001
         vertex -1.501259e+000 -1.365866e+001 2.800000e+001
      endloop
   endfacet
   facet normal 0.000000e+000 0.000000e+000 1.000000e+000
      outer loop
         vertex -1.531452e+000 -1.429250e+001 2.800000e+001
         vertex -1.545281e+000 -1.445056e+001 2.800000e+001
         vertex 1.500000e+000 -1.650000e+001 2.800000e+001
      endloop
   endfacet
   facet normal 0.000000e+000 0.000000e+000 1.000000e+000
      outer loop
         vertex 1.500000e+000 -1.650000e+001 2.800000e+001
         vertex -1.545281e+000 -1.445056e+001 2.800000e+001
         vertex -1.561615e+000 -1.460838e+001 2.800000e+001
      endloop
   endfacet
   facet normal 0.000000e+000 0.000000e+000 1.000000e+000
      outer loop
         vertex 1.500000e+000 -1.650000e+001 2.800000e+001
         vertex -1.561615e+000 -1.460838e+001 2.800000e+001
         vertex -1.580452e+000 -1.476592e+001 2.800000e+001
      endloop
   endfacet
   facet normal 0.000000e+000 0.000000e+000 1.000000e+000
      outer loop
         vertex 1.319287e+000 -1.839251e+001 2.800000e+001
         vertex 1.348078e+000 -1.823648e+001 2.800000e+001
         vertex -2.103074e+000 -1.692020e+001 2.800000e+001
      endloop
   endfacet
   facet normal 0.000000e+000 0.000000e+000 1.000000e+000
      outer loop
         vertex -2.103074e+000 -1.692020e+001 2.800000e+001
         vertex 1.348078e+000 -1.823648e+001 2.800000e+001
         vertex 1.374389e+000 -1.808002e+001 2.800000e+001
      endloop
   endfacet
   facet normal 0.000000e+000 0.000000e+000 1.000000e+000
      outer loop
         vertex -2.103074e+000 -1.692020e+001 2.800000e+001
         vertex 1.374389e+000 -1.808002e+001 2.800000e+001
         vertex -2.049992e+000 -1.677068e+001 2.800000e+001
      endloop
   endfacet
   facet normal 0.000000e+000 0.000000e+000 1.000000e+000
      outer loop
         vertex -2.049992e+000 -1.677068e+001 2.800000e+001
         vertex 1.374389e+000 -1.808002e+001 2.800000e+001
         vertex 1.398214e+000 -1.792315e+001 2.800000e+001
      endloop
   endfacet
   facet normal 0.000000e+000 0.000000e+000 1.000000e+000
      outer loop
         vertex -2.049992e+000 -1.677068e+001 2.800000e+001
         vertex 1.398214e+000 -1.792315e+001 2.800000e+001
         vertex -1.999289e+000 -1.662033e+001 2.800000e+001
      endloop
   endfacet
   facet normal 0.000000e+000 0.000000e+000 1.000000e+000
      outer loop
         vertex -1.999289e+000 -1.662033e+001 2.800000e+001
         vertex 1.398214e+000 -1.792315e+001 2.800000e+001
         vertex 1.419548e+000 -1.776592e+001 2.800000e+001
      endloop
   endfacet
   facet normal 0.000000e+000 0.000000e+000 1.000000e+000
      outer loop
         vertex -1.999289e+000 -1.662033e+001 2.800000e+001
         vertex 1.419548e+000 -1.776592e+001 2.800000e+001
         vertex 1.438385e+000 -1.760838e+001 2.800000e+001
      endloop
   endfacet
   facet normal 0.000000e+000 0.000000e+000 1.000000e+000
      outer loop
         vertex 5.978824e+000 2.283344e+000 2.800000e+001
         vertex 5.941815e+000 2.377989e+000 2.800000e+001
         vertex 3.710795e+000 2.142428e+000 2.800000e+001
      endloop
   endfacet
   facet normal 0.000000e+000 0.000000e+000 1.000000e+000
      outer loop
         vertex 5.688654e+000 2.932442e+000 2.800000e+001
         vertex 5.641375e+000 3.022398e+000 2.800000e+001
         vertex 3.710795e+000 2.142428e+000 2.800000e+001
      endloop
   endfacet
   facet normal 0.000000e+000 0.000000e+000 1.000000e+000
      outer loop
         vertex 3.710795e+000 2.142428e+000 2.800000e+001
         vertex 5.641375e+000 3.022398e+000 2.800000e+001
         vertex 5.592674e+000 3.111591e+000 2.800000e+001
      endloop
   endfacet
   facet normal 0.000000e+000 0.000000e+000 1.000000e+000
      outer loop
         vertex 3.710795e+000 2.142428e+000 2.800000e+001
         vertex 5.592674e+000 3.111591e+000 2.800000e+001
         vertex 5.542563e+000 3.200000e+000 2.800000e+001
      endloop
   endfacet
   facet normal 0.000000e+000 0.000000e+000 1.000000e+000
      outer loop
         vertex -1.753892e+000 -2.912707e+000 2.800000e+001
         vertex -1.800099e+000 -2.884379e+000 2.800000e+001
         vertex 1.500000e+000 -6.221736e+000 2.800000e+001
      endloop
   endfacet
   facet normal 0.000000e+000 0.000000e+000 1.000000e+000
      outer loop
         vertex 1.500000e+000 -6.221736e+000 2.800000e+001
         vertex -1.800099e+000 -2.884379e+000 2.800000e+001
         vertex -1.845849e+000 -2.855318e+000 2.800000e+001
      endloop
   endfacet
   facet normal 0.000000e+000 0.000000e+000 1.000000e+000
      outer loop
         vertex 1.500000e+000 -6.221736e+000 2.800000e+001
         vertex -1.845849e+000 -2.855318e+000 2.800000e+001
         vertex -1.891130e+000 -2.825531e+000 2.800000e+001
      endloop
   endfacet
   facet normal 0.000000e+000 0.000000e+000 1.000000e+000
      outer loop
         vertex -3.227407e+000 1.094886e+000 2.800000e+001
         vertex -3.224634e+000 1.110613e+000 2.800000e+001
         vertex -6.141084e+000 1.801967e+000 2.800000e+001
      endloop
   endfacet
   facet normal 0.000000e+000 0.000000e+000 1.000000e+000
      outer loop
         vertex -6.141084e+000 1.801967e+000 2.800000e+001
         vertex -3.224634e+000 1.110613e+000 2.800000e+001
         vertex -3.222112e+000 1.126383e+000 2.800000e+001
      endloop
   endfacet
   facet normal 0.000000e+000 0.000000e+000 1.000000e+000
      outer loop
         vertex -6.141084e+000 1.801967e+000 2.800000e+001
         vertex -3.222112e+000 1.126383e+000 2.800000e+001
         vertex -3.219842e+000 1.142192e+000 2.800000e+001
      endloop
   endfacet
   facet normal 0.000000e+000 0.000000e+000 1.000000e+000
      outer loop
         vertex -3.217825e+000 1.158034e+000 2.800000e+001
         vertex -3.216062e+000 1.173907e+000 2.800000e+001
         vertex -6.141084e+000 1.801967e+000 2.800000e+001
      endloop
   endfacet
   facet normal 0.000000e+000 0.000000e+000 1.000000e+000
      outer loop
         vertex -6.141084e+000 1.801967e+000 2.800000e+001
         vertex -3.216062e+000 1.173907e+000 2.800000e+001
         vertex -3.214552e+000 1.189805e+000 2.800000e+001
      endloop
   endfacet
   facet normal 0.000000e+000 0.000000e+000 1.000000e+000
      outer loop
         vertex -6.141084e+000 1.801967e+000 2.800000e+001
         vertex -3.214552e+000 1.189805e+000 2.800000e+001
         vertex -3.213296e+000 1.205726e+000 2.800000e+001
      endloop
   endfacet
   facet normal 0.000000e+000 0.000000e+000 1.000000e+000
      outer loop
         vertex -3.579437e+000 2.051894e+000 2.800000e+001
         vertex -3.591902e+000 2.061878e+000 2.800000e+001
         vertex -6.141084e+000 1.801967e+000 2.800000e+001
      endloop
   endfacet
   facet normal 0.000000e+000 0.000000e+000 1.000000e+000
      outer loop
         vertex -6.141084e+000 1.801967e+000 2.800000e+001
         vertex -3.591902e+000 2.061878e+000 2.800000e+001
         vertex -3.604525e+000 2.071662e+000 2.800000e+001
      endloop
   endfacet
   facet normal 0.000000e+000 0.000000e+000 1.000000e+000
      outer loop
         vertex -6.141084e+000 1.801967e+000 2.800000e+001
         vertex -3.604525e+000 2.071662e+000 2.800000e+001
         vertex -3.617302e+000 2.081242e+000 2.800000e+001
      endloop
   endfacet
   facet normal 0.000000e+000 0.000000e+000 1.000000e+000
      outer loop
         vertex -3.617302e+000 2.081242e+000 2.800000e+001
         vertex -3.630231e+000 2.090618e+000 2.800000e+001
         vertex -6.141084e+000 1.801967e+000 2.800000e+001
      endloop
   endfacet
   facet normal 0.000000e+000 0.000000e+000 1.000000e+000
      outer loop
         vertex -6.141084e+000 1.801967e+000 2.800000e+001
         vertex -3.630231e+000 2.090618e+000 2.800000e+001
         vertex -3.643308e+000 2.099785e+000 2.800000e+001
      endloop
   endfacet
   facet normal 0.000000e+000 0.000000e+000 1.000000e+000
      outer loop
         vertex -6.141084e+000 1.801967e+000 2.800000e+001
         vertex -3.643308e+000 2.099785e+000 2.800000e+001
         vertex -3.656529e+000 2.108743e+000 2.800000e+001
      endloop
   endfacet
   facet normal 0.000000e+000 0.000000e+000 1.000000e+000
      outer loop
         vertex -3.656529e+000 2.108743e+000 2.800000e+001
         vertex -3.669892e+000 2.117488e+000 2.800000e+001
         vertex -6.141084e+000 1.801967e+000 2.800000e+001
      endloop
   endfacet
   facet normal 0.000000e+000 0.000000e+000 1.000000e+000
      outer loop
         vertex -6.141084e+000 1.801967e+000 2.800000e+001
         vertex -3.669892e+000 2.117488e+000 2.800000e+001
         vertex -3.683393e+000 2.126019e+000 2.800000e+001
      endloop
   endfacet
   facet normal 0.000000e+000 0.000000e+000 1.000000e+000
      outer loop
         vertex -6.141084e+000 1.801967e+000 2.800000e+001
         vertex -3.683393e+000 2.126019e+000 2.800000e+001
         vertex -3.697029e+000 2.134333e+000 2.800000e+001
      endloop
   endfacet
   facet normal 0.000000e+000 0.000000e+000 1.000000e+000
      outer loop
         vertex -5.978824e+000 2.283344e+000 2.800000e+001
         vertex -6.014326e+000 2.188124e+000 2.800000e+001
         vertex -3.710795e+000 2.142428e+000 2.800000e+001
      endloop
   endfacet
   facet normal 0.000000e+000 0.000000e+000 1.000000e+000
      outer loop
         vertex -3.710795e+000 2.142428e+000 2.800000e+001
         vertex -6.014326e+000 2.188124e+000 2.800000e+001
         vertex -6.048311e+000 2.092352e+000 2.800000e+001
      endloop
   endfacet
   facet normal 0.000000e+000 0.000000e+000 1.000000e+000
      outer loop
         vertex -3.710795e+000 2.142428e+000 2.800000e+001
         vertex -6.048311e+000 2.092352e+000 2.800000e+001
         vertex -6.080771e+000 1.996052e+000 2.800000e+001
      endloop
   endfacet
   facet normal 0.000000e+000 0.000000e+000 1.000000e+000
      outer loop
         vertex -2.761506e+000 -1.836197e+001 2.800000e+001
         vertex 7.836793e-001 -2.021663e+001 2.800000e+001
         vertex -2.685466e+000 -1.822271e+001 2.800000e+001
      endloop
   endfacet
   facet normal 0.000000e+000 0.000000e+000 1.000000e+000
      outer loop
         vertex -2.685466e+000 -1.822271e+001 2.800000e+001
         vertex 7.836793e-001 -2.021663e+001 2.800000e+001
         vertex 8.414786e-001 -2.006886e+001 2.800000e+001
      endloop
   endfacet
   facet normal 0.000000e+000 0.000000e+000 1.000000e+000
      outer loop
         vertex -2.685466e+000 -1.822271e+001 2.800000e+001
         vertex 8.414786e-001 -2.006886e+001 2.800000e+001
         vertex -2.611645e+000 -1.808226e+001 2.800000e+001
      endloop
   endfacet
   facet normal 0.000000e+000 0.000000e+000 1.000000e+000
      outer loop
         vertex -3.002746e+000 -1.877225e+001 2.800000e+001
         vertex 5.292654e-001 -2.079795e+001 2.800000e+001
         vertex -2.920166e+000 -1.863677e+001 2.800000e+001
      endloop
   endfacet
   facet normal 0.000000e+000 0.000000e+000 1.000000e+000
      outer loop
         vertex -2.920166e+000 -1.863677e+001 2.800000e+001
         vertex 5.292654e-001 -2.079795e+001 2.800000e+001
         vertex 5.963200e-001 -2.065415e+001 2.800000e+001
      endloop
   endfacet
   facet normal 0.000000e+000 0.000000e+000 1.000000e+000
      outer loop
         vertex -2.920166e+000 -1.863677e+001 2.800000e+001
         vertex 5.963200e-001 -2.065415e+001 2.800000e+001
         vertex -2.839746e+000 -1.850000e+001 2.800000e+001
      endloop
   endfacet
   facet normal 0.000000e+000 0.000000e+000 1.000000e+000
      outer loop
         vertex -2.839746e+000 -1.850000e+001 2.800000e+001
         vertex 5.963200e-001 -2.065415e+001 2.800000e+001
         vertex 6.610846e-001 -2.050930e+001 2.800000e+001
      endloop
   endfacet
   facet normal 0.000000e+000 0.000000e+000 1.000000e+000
      outer loop
         vertex -2.839746e+000 -1.850000e+001 2.800000e+001
         vertex 6.610846e-001 -2.050930e+001 2.800000e+001
         vertex -2.761506e+000 -1.836197e+001 2.800000e+001
      endloop
   endfacet
   facet normal 0.000000e+000 0.000000e+000 1.000000e+000
      outer loop
         vertex -2.761506e+000 -1.836197e+001 2.800000e+001
         vertex 6.610846e-001 -2.050930e+001 2.800000e+001
         vertex 7.235429e-001 -2.036345e+001 2.800000e+001
      endloop
   endfacet
   facet normal 0.000000e+000 0.000000e+000 1.000000e+000
      outer loop
         vertex -2.761506e+000 -1.836197e+001 2.800000e+001
         vertex 7.235429e-001 -2.036345e+001 2.800000e+001
         vertex 7.836793e-001 -2.021663e+001 2.800000e+001
      endloop
   endfacet
   facet normal 0.000000e+000 0.000000e+000 1.000000e+000
      outer loop
         vertex -3.174301e+000 -1.903920e+001 2.800000e+001
         vertex 3.145336e-001 -2.122271e+001 2.800000e+001
         vertex -3.087465e+000 -1.890641e+001 2.800000e+001
      endloop
   endfacet
   facet normal 0.000000e+000 0.000000e+000 1.000000e+000
      outer loop
         vertex -3.087465e+000 -1.890641e+001 2.800000e+001
         vertex 3.145336e-001 -2.122271e+001 2.800000e+001
         vertex 3.883545e-001 -2.108227e+001 2.800000e+001
      endloop
   endfacet
   facet normal 0.000000e+000 0.000000e+000 1.000000e+000
      outer loop
         vertex -3.087465e+000 -1.890641e+001 2.800000e+001
         vertex 3.883545e-001 -2.108227e+001 2.800000e+001
         vertex -3.002746e+000 -1.877225e+001 2.800000e+001
      endloop
   endfacet
   facet normal 0.000000e+000 0.000000e+000 1.000000e+000
      outer loop
         vertex -3.002746e+000 -1.877225e+001 2.800000e+001
         vertex 3.883545e-001 -2.108227e+001 2.800000e+001
         vertex 4.599378e-001 -2.094067e+001 2.800000e+001
      endloop
   endfacet
   facet normal 0.000000e+000 0.000000e+000 1.000000e+000
      outer loop
         vertex -3.002746e+000 -1.877225e+001 2.800000e+001
         vertex 4.599378e-001 -2.094067e+001 2.800000e+001
         vertex 5.292654e-001 -2.079795e+001 2.800000e+001
      endloop
   endfacet
   facet normal 0.000000e+000 0.000000e+000 1.000000e+000
      outer loop
         vertex -3.354240e+000 -1.930057e+001 2.800000e+001
         vertex 7.983413e-002 -2.163677e+001 2.800000e+001
         vertex -3.263234e+000 -1.917060e+001 2.800000e+001
      endloop
   endfacet
   facet normal 0.000000e+000 0.000000e+000 1.000000e+000
      outer loop
         vertex -3.263234e+000 -1.917060e+001 2.800000e+001
         vertex 7.983413e-002 -2.163677e+001 2.800000e+001
         vertex 1.602540e-001 -2.150000e+001 2.800000e+001
      endloop
   endfacet
   facet normal 0.000000e+000 0.000000e+000 1.000000e+000
      outer loop
         vertex -3.263234e+000 -1.917060e+001 2.800000e+001
         vertex 1.602540e-001 -2.150000e+001 2.800000e+001
         vertex -3.174301e+000 -1.903920e+001 2.800000e+001
      endloop
   endfacet
   facet normal 0.000000e+000 0.000000e+000 1.000000e+000
      outer loop
         vertex -3.174301e+000 -1.903920e+001 2.800000e+001
         vertex 1.602540e-001 -2.150000e+001 2.800000e+001
         vertex 2.384938e-001 -2.136197e+001 2.800000e+001
      endloop
   endfacet
   facet normal 0.000000e+000 0.000000e+000 1.000000e+000
      outer loop
         vertex -3.174301e+000 -1.903920e+001 2.800000e+001
         vertex 2.384938e-001 -2.136197e+001 2.800000e+001
         vertex 3.145336e-001 -2.122271e+001 2.800000e+001
      endloop
   endfacet
   facet normal 0.000000e+000 0.000000e+000 1.000000e+000
      outer loop
         vertex -3.839556e+000 -1.992788e+001 2.800000e+001
         vertex -5.423816e-001 -2.255610e+001 2.800000e+001
         vertex -3.738535e+000 -1.980553e+001 2.800000e+001
      endloop
   endfacet
   facet normal 0.000000e+000 0.000000e+000 1.000000e+000
      outer loop
         vertex -3.738535e+000 -1.980553e+001 2.800000e+001
         vertex -5.423816e-001 -2.255610e+001 2.800000e+001
         vertex -4.472974e-001 -2.242908e+001 2.800000e+001
      endloop
   endfacet
   facet normal 0.000000e+000 0.000000e+000 1.000000e+000
      outer loop
         vertex -3.738535e+000 -1.980553e+001 2.800000e+001
         vertex -4.472974e-001 -2.242908e+001 2.800000e+001
         vertex -3.639469e+000 -1.968159e+001 2.800000e+001
      endloop
   endfacet
   facet normal 0.000000e+000 0.000000e+000 1.000000e+000
      outer loop
         vertex -4.373058e+000 -2.051475e+001 2.800000e+001
         vertex -1.262660e+000 -2.340079e+001 2.800000e+001
         vertex -4.262660e+000 -2.040079e+001 2.800000e+001
      endloop
   endfacet
   facet normal 0.000000e+000 0.000000e+000 1.000000e+000
      outer loop
         vertex -4.262660e+000 -2.040079e+001 2.800000e+001
         vertex -1.262660e+000 -2.340079e+001 2.800000e+001
         vertex -1.154083e+000 -2.328510e+001 2.800000e+001
      endloop
   endfacet
   facet normal 0.000000e+000 0.000000e+000 1.000000e+000
      outer loop
         vertex -4.262660e+000 -2.040079e+001 2.800000e+001
         vertex -1.154083e+000 -2.328510e+001 2.800000e+001
         vertex -4.154083e+000 -2.028509e+001 2.800000e+001
      endloop
   endfacet
   facet normal 0.000000e+000 0.000000e+000 1.000000e+000
      outer loop
         vertex -4.154083e+000 -2.028509e+001 2.800000e+001
         vertex -1.154083e+000 -2.328510e+001 2.800000e+001
         vertex -1.047355e+000 -2.316769e+001 2.800000e+001
      endloop
   endfacet
   facet normal 0.000000e+000 0.000000e+000 1.000000e+000
      outer loop
         vertex -4.154083e+000 -2.028509e+001 2.800000e+001
         vertex -1.047355e+000 -2.316769e+001 2.800000e+001
         vertex -4.047356e+000 -2.016769e+001 2.800000e+001
      endloop
   endfacet
   facet normal 0.000000e+000 0.000000e+000 1.000000e+000
      outer loop
         vertex -1.832310e+000 -2.395264e+001 2.800000e+001
         vertex -1.714906e+000 -2.384592e+001 2.800000e+001
         vertex -4.599210e+000 -2.073734e+001 2.800000e+001
      endloop
   endfacet
   facet normal 0.000000e+000 0.000000e+000 1.000000e+000
      outer loop
         vertex -4.599210e+000 -2.073734e+001 2.800000e+001
         vertex -1.714906e+000 -2.384592e+001 2.800000e+001
         vertex -1.599210e+000 -2.373734e+001 2.800000e+001
      endloop
   endfacet
   facet normal 0.000000e+000 0.000000e+000 1.000000e+000
      outer loop
         vertex -4.599210e+000 -2.073734e+001 2.800000e+001
         vertex -1.599210e+000 -2.373734e+001 2.800000e+001
         vertex -4.485251e+000 -2.062694e+001 2.800000e+001
      endloop
   endfacet
   facet normal 0.000000e+000 0.000000e+000 1.000000e+000
      outer loop
         vertex -4.485251e+000 -2.062694e+001 2.800000e+001
         vertex -1.599210e+000 -2.373734e+001 2.800000e+001
         vertex -1.485251e+000 -2.362694e+001 2.800000e+001
      endloop
   endfacet
   facet normal 0.000000e+000 0.000000e+000 1.000000e+000
      outer loop
         vertex -4.485251e+000 -2.062694e+001 2.800000e+001
         vertex -1.485251e+000 -2.362694e+001 2.800000e+001
         vertex -4.373058e+000 -2.051475e+001 2.800000e+001
      endloop
   endfacet
   facet normal 0.000000e+000 0.000000e+000 1.000000e+000
      outer loop
         vertex -4.373058e+000 -2.051475e+001 2.800000e+001
         vertex -1.485251e+000 -2.362694e+001 2.800000e+001
         vertex -1.373058e+000 -2.351475e+001 2.800000e+001
      endloop
   endfacet
   facet normal 0.000000e+000 0.000000e+000 1.000000e+000
      outer loop
         vertex -4.373058e+000 -2.051475e+001 2.800000e+001
         vertex -1.373058e+000 -2.351475e+001 2.800000e+001
         vertex -1.262660e+000 -2.340079e+001 2.800000e+001
      endloop
   endfacet
   facet normal 0.000000e+000 0.000000e+000 1.000000e+000
      outer loop
         vertex 3.210819e+000 1.269549e+000 2.800000e+001
         vertex 3.211056e+000 1.253581e+000 2.800000e+001
         vertex 6.141084e+000 1.801967e+000 2.800000e+001
      endloop
   endfacet
   facet normal 0.000000e+000 0.000000e+000 1.000000e+000
      outer loop
         vertex 3.213296e+000 1.205726e+000 2.800000e+001
         vertex 3.214552e+000 1.189805e+000 2.800000e+001
         vertex 6.141084e+000 1.801967e+000 2.800000e+001
      endloop
   endfacet
   facet normal 0.000000e+000 0.000000e+000 1.000000e+000
      outer loop
         vertex 6.141084e+000 1.801967e+000 2.800000e+001
         vertex 3.214552e+000 1.189805e+000 2.800000e+001
         vertex 3.216062e+000 1.173907e+000 2.800000e+001
      endloop
   endfacet
   facet normal 0.000000e+000 0.000000e+000 1.000000e+000
      outer loop
         vertex 6.141084e+000 1.801967e+000 2.800000e+001
         vertex 3.216062e+000 1.173907e+000 2.800000e+001
         vertex 3.217825e+000 1.158034e+000 2.800000e+001
      endloop
   endfacet
   facet normal 0.000000e+000 0.000000e+000 1.000000e+000
      outer loop
         vertex 3.217825e+000 1.158034e+000 2.800000e+001
         vertex 3.219842e+000 1.142192e+000 2.800000e+001
         vertex 6.141084e+000 1.801967e+000 2.800000e+001
      endloop
   endfacet
   facet normal 0.000000e+000 0.000000e+000 1.000000e+000
      outer loop
         vertex 6.141084e+000 1.801967e+000 2.800000e+001
         vertex 3.219842e+000 1.142192e+000 2.800000e+001
         vertex 3.222112e+000 1.126383e+000 2.800000e+001
      endloop
   endfacet
   facet normal 0.000000e+000 0.000000e+000 1.000000e+000
      outer loop
         vertex 6.141084e+000 1.801967e+000 2.800000e+001
         vertex 3.222112e+000 1.126383e+000 2.800000e+001
         vertex 3.224634e+000 1.110613e+000 2.800000e+001
      endloop
   endfacet
   facet normal 0.000000e+000 0.000000e+000 1.000000e+000
      outer loop
         vertex 3.224634e+000 1.110613e+000 2.800000e+001
         vertex 3.227407e+000 1.094886e+000 2.800000e+001
         vertex 6.141084e+000 1.801967e+000 2.800000e+001
      endloop
   endfacet
   facet normal 0.000000e+000 0.000000e+000 1.000000e+000
      outer loop
         vertex 6.141084e+000 1.801967e+000 2.800000e+001
         vertex 3.227407e+000 1.094886e+000 2.800000e+001
         vertex 3.230432e+000 1.079204e+000 2.800000e+001
      endloop
   endfacet
   facet normal 0.000000e+000 0.000000e+000 1.000000e+000
      outer loop
         vertex 6.141084e+000 1.801967e+000 2.800000e+001
         vertex 3.230432e+000 1.079204e+000 2.800000e+001
         vertex 3.233706e+000 1.063573e+000 2.800000e+001
      endloop
   endfacet
   facet normal 0.000000e+000 0.000000e+000 1.000000e+000
      outer loop
         vertex 3.245020e+000 1.017022e+000 2.800000e+001
         vertex 3.249285e+000 1.001632e+000 2.800000e+001
         vertex 6.141084e+000 1.801967e+000 2.800000e+001
      endloop
   endfacet
   facet normal 0.000000e+000 0.000000e+000 1.000000e+000
      outer loop
         vertex 6.141084e+000 1.801967e+000 2.800000e+001
         vertex 3.249285e+000 1.001632e+000 2.800000e+001
         vertex 3.253796e+000 9.863115e-001 2.800000e+001
      endloop
   endfacet
   facet normal 0.000000e+000 0.000000e+000 1.000000e+000
      outer loop
         vertex 6.141084e+000 1.801967e+000 2.800000e+001
         vertex 3.253796e+000 9.863115e-001 2.800000e+001
         vertex 3.269105e+000 9.343190e-001 2.800000e+001
      endloop
   endfacet
   facet normal 0.000000e+000 0.000000e+000 1.000000e+000
      outer loop
         vertex -1.891130e+000 -2.825531e+000 2.800000e+001
         vertex -1.935930e+000 -2.795027e+000 2.800000e+001
         vertex 1.500000e+000 -6.221736e+000 2.800000e+001
      endloop
   endfacet
   facet normal 0.000000e+000 0.000000e+000 1.000000e+000
      outer loop
         vertex 1.500000e+000 -6.221736e+000 2.800000e+001
         vertex -1.935930e+000 -2.795027e+000 2.800000e+001
         vertex -1.980238e+000 -2.763812e+000 2.800000e+001
      endloop
   endfacet
   facet normal 0.000000e+000 0.000000e+000 1.000000e+000
      outer loop
         vertex 1.500000e+000 -6.221736e+000 2.800000e+001
         vertex -1.980238e+000 -2.763812e+000 2.800000e+001
         vertex -2.024043e+000 -2.731894e+000 2.800000e+001
      endloop
   endfacet
   facet normal 0.000000e+000 0.000000e+000 1.000000e+000
      outer loop
         vertex -3.283583e+000 8.820891e-001 2.800000e+001
         vertex -3.269105e+000 9.343190e-001 2.800000e+001
         vertex -6.141084e+000 1.801967e+000 2.800000e+001
      endloop
   endfacet
   facet normal 0.000000e+000 0.000000e+000 1.000000e+000
      outer loop
         vertex -6.141084e+000 1.801967e+000 2.800000e+001
         vertex -3.269105e+000 9.343190e-001 2.800000e+001
         vertex -3.253796e+000 9.863115e-001 2.800000e+001
      endloop
   endfacet
   facet normal 0.000000e+000 0.000000e+000 1.000000e+000
      outer loop
         vertex -6.141084e+000 1.801967e+000 2.800000e+001
         vertex -3.253796e+000 9.863115e-001 2.800000e+001
         vertex -3.249285e+000 1.001632e+000 2.800000e+001
      endloop
   endfacet
   facet normal 0.000000e+000 0.000000e+000 1.000000e+000
      outer loop
         vertex -3.249285e+000 1.001632e+000 2.800000e+001
         vertex -3.245020e+000 1.017022e+000 2.800000e+001
         vertex -6.141084e+000 1.801967e+000 2.800000e+001
      endloop
   endfacet
   facet normal 0.000000e+000 0.000000e+000 1.000000e+000
      outer loop
         vertex -6.141084e+000 1.801967e+000 2.800000e+001
         vertex -3.245020e+000 1.017022e+000 2.800000e+001
         vertex -3.241001e+000 1.032478e+000 2.800000e+001
      endloop
   endfacet
   facet normal 0.000000e+000 0.000000e+000 1.000000e+000
      outer loop
         vertex -6.141084e+000 1.801967e+000 2.800000e+001
         vertex -3.241001e+000 1.032478e+000 2.800000e+001
         vertex -3.237229e+000 1.047997e+000 2.800000e+001
      endloop
   endfacet
   facet normal 0.000000e+000 0.000000e+000 1.000000e+000
      outer loop
         vertex -3.237229e+000 1.047997e+000 2.800000e+001
         vertex -3.233706e+000 1.063573e+000 2.800000e+001
         vertex -6.141084e+000 1.801967e+000 2.800000e+001
      endloop
   endfacet
   facet normal 0.000000e+000 0.000000e+000 1.000000e+000
      outer loop
         vertex -6.141084e+000 1.801967e+000 2.800000e+001
         vertex -3.233706e+000 1.063573e+000 2.800000e+001
         vertex -3.230432e+000 1.079204e+000 2.800000e+001
      endloop
   endfacet
   facet normal 0.000000e+000 0.000000e+000 1.000000e+000
      outer loop
         vertex -6.141084e+000 1.801967e+000 2.800000e+001
         vertex -3.230432e+000 1.079204e+000 2.800000e+001
         vertex -3.227407e+000 1.094886e+000 2.800000e+001
      endloop
   endfacet
   facet normal 0.000000e+000 0.000000e+000 1.000000e+000
      outer loop
         vertex -3.211638e+000 1.317449e+000 2.800000e+001
         vertex -3.212421e+000 1.333400e+000 2.800000e+001
         vertex -6.141084e+000 1.801967e+000 2.800000e+001
      endloop
   endfacet
   facet normal 0.000000e+000 0.000000e+000 1.000000e+000
      outer loop
         vertex -6.141084e+000 1.801967e+000 2.800000e+001
         vertex -3.212421e+000 1.333400e+000 2.800000e+001
         vertex -3.213458e+000 1.349337e+000 2.800000e+001
      endloop
   endfacet
   facet normal 0.000000e+000 0.000000e+000 1.000000e+000
      outer loop
         vertex -6.141084e+000 1.801967e+000 2.800000e+001
         vertex -3.213458e+000 1.349337e+000 2.800000e+001
         vertex -3.214750e+000 1.365255e+000 2.800000e+001
      endloop
   endfacet
   facet normal 0.000000e+000 0.000000e+000 1.000000e+000
      outer loop
         vertex -6.141084e+000 1.801967e+000 2.800000e+001
         vertex -3.496864e+000 1.976619e+000 2.800000e+001
         vertex -3.508137e+000 1.987931e+000 2.800000e+001
      endloop
   endfacet
   facet normal 0.000000e+000 0.000000e+000 1.000000e+000
      outer loop
         vertex -3.508137e+000 1.987931e+000 2.800000e+001
         vertex -3.519590e+000 1.999061e+000 2.800000e+001
         vertex -6.141084e+000 1.801967e+000 2.800000e+001
      endloop
   endfacet
   facet normal 0.000000e+000 0.000000e+000 1.000000e+000
      outer loop
         vertex -6.141084e+000 1.801967e+000 2.800000e+001
         vertex -3.519590e+000 1.999061e+000 2.800000e+001
         vertex -3.531218e+000 2.010008e+000 2.800000e+001
      endloop
   endfacet
   facet normal 0.000000e+000 0.000000e+000 1.000000e+000
      outer loop
         vertex -6.141084e+000 1.801967e+000 2.800000e+001
         vertex -3.531218e+000 2.010008e+000 2.800000e+001
         vertex -3.543020e+000 2.020767e+000 2.800000e+001
      endloop
   endfacet
   facet normal 0.000000e+000 0.000000e+000 1.000000e+000
      outer loop
         vertex -3.543020e+000 2.020767e+000 2.800000e+001
         vertex -3.554993e+000 2.031336e+000 2.800000e+001
         vertex -6.141084e+000 1.801967e+000 2.800000e+001
      endloop
   endfacet
   facet normal 0.000000e+000 0.000000e+000 1.000000e+000
      outer loop
         vertex -6.141084e+000 1.801967e+000 2.800000e+001
         vertex -3.554993e+000 2.031336e+000 2.800000e+001
         vertex -3.567133e+000 2.041713e+000 2.800000e+001
      endloop
   endfacet
   facet normal 0.000000e+000 0.000000e+000 1.000000e+000
      outer loop
         vertex -6.141084e+000 1.801967e+000 2.800000e+001
         vertex -3.567133e+000 2.041713e+000 2.800000e+001
         vertex -3.579437e+000 2.051894e+000 2.800000e+001
      endloop
   endfacet
   facet normal 0.000000e+000 0.000000e+000 1.000000e+000
      outer loop
         vertex 8.414786e-001 -2.006886e+001 2.800000e+001
         vertex 8.969262e-001 -1.992020e+001 2.800000e+001
         vertex -2.611645e+000 -1.808226e+001 2.800000e+001
      endloop
   endfacet
   facet normal 0.000000e+000 0.000000e+000 1.000000e+000
      outer loop
         vertex -2.611645e+000 -1.808226e+001 2.800000e+001
         vertex 8.969262e-001 -1.992020e+001 2.800000e+001
         vertex 9.500082e-001 -1.977068e+001 2.800000e+001
      endloop
   endfacet
   facet normal 0.000000e+000 0.000000e+000 1.000000e+000
      outer loop
         vertex -2.611645e+000 -1.808226e+001 2.800000e+001
         vertex 9.500082e-001 -1.977068e+001 2.800000e+001
         vertex -2.540062e+000 -1.794067e+001 2.800000e+001
      endloop
   endfacet
   facet normal 0.000000e+000 0.000000e+000 1.000000e+000
      outer loop
         vertex -2.540062e+000 -1.794067e+001 2.800000e+001
         vertex 9.500082e-001 -1.977068e+001 2.800000e+001
         vertex 1.000711e+000 -1.962033e+001 2.800000e+001
      endloop
   endfacet
   facet normal 0.000000e+000 0.000000e+000 1.000000e+000
      outer loop
         vertex -2.540062e+000 -1.794067e+001 2.800000e+001
         vertex 1.000711e+000 -1.962033e+001 2.800000e+001
         vertex -2.470735e+000 -1.779795e+001 2.800000e+001
      endloop
   endfacet
   facet normal 0.000000e+000 0.000000e+000 1.000000e+000
      outer loop
         vertex -2.470735e+000 -1.779795e+001 2.800000e+001
         vertex 1.000711e+000 -1.962033e+001 2.800000e+001
         vertex 1.049022e+000 -1.946920e+001 2.800000e+001
      endloop
   endfacet
   facet normal 0.000000e+000 0.000000e+000 1.000000e+000
      outer loop
         vertex -2.470735e+000 -1.779795e+001 2.800000e+001
         vertex 1.049022e+000 -1.946920e+001 2.800000e+001
         vertex -2.403680e+000 -1.765415e+001 2.800000e+001
      endloop
   endfacet
   facet normal 0.000000e+000 0.000000e+000 1.000000e+000
      outer loop
         vertex -4.472974e-001 -2.242908e+001 2.800000e+001
         vertex -3.542405e-001 -2.230057e+001 2.800000e+001
         vertex -3.639469e+000 -1.968159e+001 2.800000e+001
      endloop
   endfacet
   facet normal 0.000000e+000 0.000000e+000 1.000000e+000
      outer loop
         vertex -3.639469e+000 -1.968159e+001 2.800000e+001
         vertex -3.542405e-001 -2.230057e+001 2.800000e+001
         vertex -2.632342e-001 -2.217060e+001 2.800000e+001
      endloop
   endfacet
   facet normal 0.000000e+000 0.000000e+000 1.000000e+000
      outer loop
         vertex -3.639469e+000 -1.968159e+001 2.800000e+001
         vertex -2.632342e-001 -2.217060e+001 2.800000e+001
         vertex -3.542382e+000 -1.955610e+001 2.800000e+001
      endloop
   endfacet
   facet normal 0.000000e+000 0.000000e+000 1.000000e+000
      outer loop
         vertex -3.542382e+000 -1.955610e+001 2.800000e+001
         vertex -2.632342e-001 -2.217060e+001 2.800000e+001
         vertex -1.743015e-001 -2.203920e+001 2.800000e+001
      endloop
   endfacet
   facet normal 0.000000e+000 0.000000e+000 1.000000e+000
      outer loop
         vertex -3.542382e+000 -1.955610e+001 2.800000e+001
         vertex -1.743015e-001 -2.203920e+001 2.800000e+001
         vertex -3.447298e+000 -1.942908e+001 2.800000e+001
      endloop
   endfacet
   facet normal 0.000000e+000 0.000000e+000 1.000000e+000
      outer loop
         vertex -3.447298e+000 -1.942908e+001 2.800000e+001
         vertex -1.743015e-001 -2.203920e+001 2.800000e+001
         vertex -8.746468e-002 -2.190641e+001 2.800000e+001
      endloop
   endfacet
   facet normal 0.000000e+000 0.000000e+000 1.000000e+000
      outer loop
         vertex -3.447298e+000 -1.942908e+001 2.800000e+001
         vertex -8.746468e-002 -2.190641e+001 2.800000e+001
         vertex -3.354240e+000 -1.930057e+001 2.800000e+001
      endloop
   endfacet
   facet normal 0.000000e+000 0.000000e+000 1.000000e+000
      outer loop
         vertex -3.354240e+000 -1.930057e+001 2.800000e+001
         vertex -8.746468e-002 -2.190641e+001 2.800000e+001
         vertex -2.745701e-003 -2.177225e+001 2.800000e+001
      endloop
   endfacet
   facet normal 0.000000e+000 0.000000e+000 1.000000e+000
      outer loop
         vertex -3.354240e+000 -1.930057e+001 2.800000e+001
         vertex -2.745701e-003 -2.177225e+001 2.800000e+001
         vertex 7.983413e-002 -2.163677e+001 2.800000e+001
      endloop
   endfacet
   facet normal 0.000000e+000 0.000000e+000 1.000000e+000
      outer loop
         vertex -1.047355e+000 -2.316769e+001 2.800000e+001
         vertex -9.425043e-001 -2.304861e+001 2.800000e+001
         vertex -4.047356e+000 -2.016769e+001 2.800000e+001
      endloop
   endfacet
   facet normal 0.000000e+000 0.000000e+000 1.000000e+000
      outer loop
         vertex -4.047356e+000 -2.016769e+001 2.800000e+001
         vertex -9.425043e-001 -2.304861e+001 2.800000e+001
         vertex -8.395556e-001 -2.292788e+001 2.800000e+001
      endloop
   endfacet
   facet normal 0.000000e+000 0.000000e+000 1.000000e+000
      outer loop
         vertex -4.047356e+000 -2.016769e+001 2.800000e+001
         vertex -8.395556e-001 -2.292788e+001 2.800000e+001
         vertex -3.942504e+000 -2.004861e+001 2.800000e+001
      endloop
   endfacet
   facet normal 0.000000e+000 0.000000e+000 1.000000e+000
      outer loop
         vertex -3.942504e+000 -2.004861e+001 2.800000e+001
         vertex -8.395556e-001 -2.292788e+001 2.800000e+001
         vertex -7.385353e-001 -2.280553e+001 2.800000e+001
      endloop
   endfacet
   facet normal 0.000000e+000 0.000000e+000 1.000000e+000
      outer loop
         vertex -3.942504e+000 -2.004861e+001 2.800000e+001
         vertex -7.385353e-001 -2.280553e+001 2.800000e+001
         vertex -3.839556e+000 -1.992788e+001 2.800000e+001
      endloop
   endfacet
   facet normal 0.000000e+000 0.000000e+000 1.000000e+000
      outer loop
         vertex -3.839556e+000 -1.992788e+001 2.800000e+001
         vertex -7.385353e-001 -2.280553e+001 2.800000e+001
         vertex -6.394691e-001 -2.268159e+001 2.800000e+001
      endloop
   endfacet
   facet normal 0.000000e+000 0.000000e+000 1.000000e+000
      outer loop
         vertex -3.839556e+000 -1.992788e+001 2.800000e+001
         vertex -6.394691e-001 -2.268159e+001 2.800000e+001
         vertex -5.423816e-001 -2.255610e+001 2.800000e+001
      endloop
   endfacet
   facet normal 0.000000e+000 0.000000e+000 1.000000e+000
      outer loop
         vertex 5.821839e+000 2.658231e+000 2.800000e+001
         vertex 5.778897e+000 2.750336e+000 2.800000e+001
         vertex 3.710795e+000 2.142428e+000 2.800000e+001
      endloop
   endfacet
   facet normal 0.000000e+000 0.000000e+000 1.000000e+000
      outer loop
         vertex 3.710795e+000 2.142428e+000 2.800000e+001
         vertex 5.778897e+000 2.750336e+000 2.800000e+001
         vertex 5.734499e+000 2.841747e+000 2.800000e+001
      endloop
   endfacet
   facet normal 0.000000e+000 0.000000e+000 1.000000e+000
      outer loop
         vertex 3.710795e+000 2.142428e+000 2.800000e+001
         vertex 5.734499e+000 2.841747e+000 2.800000e+001
         vertex 5.688654e+000 2.932442e+000 2.800000e+001
      endloop
   endfacet
   facet normal 0.000000e+000 0.000000e+000 1.000000e+000
      outer loop
         vertex 6.111698e+000 1.899249e+000 2.800000e+001
         vertex 3.710795e+000 2.142428e+000 2.800000e+001
         vertex 6.141084e+000 1.801967e+000 2.800000e+001
      endloop
   endfacet
   facet normal 0.000000e+000 0.000000e+000 1.000000e+000
      outer loop
         vertex 6.141084e+000 1.801967e+000 2.800000e+001
         vertex 3.710795e+000 2.142428e+000 2.800000e+001
         vertex 3.697029e+000 2.134333e+000 2.800000e+001
      endloop
   endfacet
   facet normal 0.000000e+000 0.000000e+000 1.000000e+000
      outer loop
         vertex 6.141084e+000 1.801967e+000 2.800000e+001
         vertex 3.697029e+000 2.134333e+000 2.800000e+001
         vertex 3.683393e+000 2.126019e+000 2.800000e+001
      endloop
   endfacet
   facet normal 0.000000e+000 0.000000e+000 1.000000e+000
      outer loop
         vertex 3.237749e+000 1.507012e+000 2.800000e+001
         vertex 3.234190e+000 1.491443e+000 2.800000e+001
         vertex 6.141084e+000 1.801967e+000 2.800000e+001
      endloop
   endfacet
   facet normal 0.000000e+000 0.000000e+000 1.000000e+000
      outer loop
         vertex 6.141084e+000 1.801967e+000 2.800000e+001
         vertex 3.234190e+000 1.491443e+000 2.800000e+001
         vertex 3.230880e+000 1.475819e+000 2.800000e+001
      endloop
   endfacet
   facet normal 0.000000e+000 0.000000e+000 1.000000e+000
      outer loop
         vertex 6.141084e+000 1.801967e+000 2.800000e+001
         vertex 3.230880e+000 1.475819e+000 2.800000e+001
         vertex 3.227821e+000 1.460145e+000 2.800000e+001
      endloop
   endfacet
   facet normal 0.000000e+000 0.000000e+000 1.000000e+000
      outer loop
         vertex 3.227821e+000 1.460145e+000 2.800000e+001
         vertex 3.225012e+000 1.444424e+000 2.800000e+001
         vertex 6.141084e+000 1.801967e+000 2.800000e+001
      endloop
   endfacet
   facet normal 0.000000e+000 0.000000e+000 1.000000e+000
      outer loop
         vertex 6.141084e+000 1.801967e+000 2.800000e+001
         vertex 3.225012e+000 1.444424e+000 2.800000e+001
         vertex 3.222454e+000 1.428659e+000 2.800000e+001
      endloop
   endfacet
   facet normal 0.000000e+000 0.000000e+000 1.000000e+000
      outer loop
         vertex 6.141084e+000 1.801967e+000 2.800000e+001
         vertex 3.222454e+000 1.428659e+000 2.800000e+001
         vertex 3.220149e+000 1.412856e+000 2.800000e+001
      endloop
   endfacet
   facet normal 0.000000e+000 0.000000e+000 1.000000e+000
      outer loop
         vertex 3.211056e+000 1.253581e+000 2.800000e+001
         vertex 3.211547e+000 1.237618e+000 2.800000e+001
         vertex 6.141084e+000 1.801967e+000 2.800000e+001
      endloop
   endfacet
   facet normal 0.000000e+000 0.000000e+000 1.000000e+000
      outer loop
         vertex 6.141084e+000 1.801967e+000 2.800000e+001
         vertex 3.211547e+000 1.237618e+000 2.800000e+001
         vertex 3.212294e+000 1.221665e+000 2.800000e+001
      endloop
   endfacet
   facet normal 0.000000e+000 0.000000e+000 1.000000e+000
      outer loop
         vertex 6.141084e+000 1.801967e+000 2.800000e+001
         vertex 3.212294e+000 1.221665e+000 2.800000e+001
         vertex 3.213296e+000 1.205726e+000 2.800000e+001
      endloop
   endfacet
   facet normal 0.000000e+000 0.000000e+000 1.000000e+000
      outer loop
         vertex 3.233706e+000 1.063573e+000 2.800000e+001
         vertex 3.237229e+000 1.047997e+000 2.800000e+001
         vertex 6.141084e+000 1.801967e+000 2.800000e+001
      endloop
   endfacet
   facet normal 0.000000e+000 0.000000e+000 1.000000e+000
      outer loop
         vertex 6.141084e+000 1.801967e+000 2.800000e+001
         vertex 3.237229e+000 1.047997e+000 2.800000e+001
         vertex 3.241001e+000 1.032478e+000 2.800000e+001
      endloop
   endfacet
   facet normal 0.000000e+000 0.000000e+000 1.000000e+000
      outer loop
         vertex 6.141084e+000 1.801967e+000 2.800000e+001
         vertex 3.241001e+000 1.032478e+000 2.800000e+001
         vertex 3.245020e+000 1.017022e+000 2.800000e+001
      endloop
   endfacet
   facet normal 0.000000e+000 0.000000e+000 1.000000e+000
      outer loop
         vertex -3.213296e+000 1.205726e+000 2.800000e+001
         vertex -3.212294e+000 1.221665e+000 2.800000e+001
         vertex -6.141084e+000 1.801967e+000 2.800000e+001
      endloop
   endfacet
   facet normal 0.000000e+000 0.000000e+000 1.000000e+000
      outer loop
         vertex -6.141084e+000 1.801967e+000 2.800000e+001
         vertex -3.212294e+000 1.221665e+000 2.800000e+001
         vertex -3.211547e+000 1.237618e+000 2.800000e+001
      endloop
   endfacet
   facet normal 0.000000e+000 0.000000e+000 1.000000e+000
      outer loop
         vertex -6.141084e+000 1.801967e+000 2.800000e+001
         vertex -3.211547e+000 1.237618e+000 2.800000e+001
         vertex -3.211056e+000 1.253581e+000 2.800000e+001
      endloop
   endfacet
   facet normal 0.000000e+000 0.000000e+000 1.000000e+000
      outer loop
         vertex -3.214750e+000 1.365255e+000 2.800000e+001
         vertex -3.216296e+000 1.381150e+000 2.800000e+001
         vertex -6.141084e+000 1.801967e+000 2.800000e+001
      endloop
   endfacet
   facet normal 0.000000e+000 0.000000e+000 1.000000e+000
      outer loop
         vertex -6.141084e+000 1.801967e+000 2.800000e+001
         vertex -3.216296e+000 1.381150e+000 2.800000e+001
         vertex -3.218096e+000 1.397019e+000 2.800000e+001
      endloop
   endfacet
   facet normal 0.000000e+000 0.000000e+000 1.000000e+000
      outer loop
         vertex -6.141084e+000 1.801967e+000 2.800000e+001
         vertex -3.218096e+000 1.397019e+000 2.800000e+001
         vertex -3.220149e+000 1.412856e+000 2.800000e+001
      endloop
   endfacet
   facet normal 0.000000e+000 0.000000e+000 1.000000e+000
      outer loop
         vertex -3.249910e+000 1.553349e+000 2.800000e+001
         vertex -3.254455e+000 1.568659e+000 2.800000e+001
         vertex -6.141084e+000 1.801967e+000 2.800000e+001
      endloop
   endfacet
   facet normal 0.000000e+000 0.000000e+000 1.000000e+000
      outer loop
         vertex -6.141084e+000 1.801967e+000 2.800000e+001
         vertex -3.254455e+000 1.568659e+000 2.800000e+001
         vertex -3.259244e+000 1.583894e+000 2.800000e+001
      endloop
   endfacet
   facet normal 0.000000e+000 0.000000e+000 1.000000e+000
      outer loop
         vertex -6.141084e+000 1.801967e+000 2.800000e+001
         vertex -3.259244e+000 1.583894e+000 2.800000e+001
         vertex -3.264276e+000 1.599051e+000 2.800000e+001
      endloop
   endfacet
   facet normal 0.000000e+000 0.000000e+000 1.000000e+000
      outer loop
         vertex -3.264276e+000 1.599051e+000 2.800000e+001
         vertex -3.269549e+000 1.614126e+000 2.800000e+001
         vertex -6.141084e+000 1.801967e+000 2.800000e+001
      endloop
   endfacet
   facet normal 0.000000e+000 0.000000e+000 1.000000e+000
      outer loop
         vertex -6.141084e+000 1.801967e+000 2.800000e+001
         vertex -3.269549e+000 1.614126e+000 2.800000e+001
         vertex -3.275063e+000 1.629114e+000 2.800000e+001
      endloop
   endfacet
   facet normal 0.000000e+000 0.000000e+000 1.000000e+000
      outer loop
         vertex -6.141084e+000 1.801967e+000 2.800000e+001
         vertex -3.275063e+000 1.629114e+000 2.800000e+001
         vertex -3.280815e+000 1.644013e+000 2.800000e+001
      endloop
   endfacet
   facet normal 0.000000e+000 0.000000e+000 1.000000e+000
      outer loop
         vertex -3.464148e+000 1.941623e+000 2.800000e+001
         vertex -3.474866e+000 1.953462e+000 2.800000e+001
         vertex -6.141084e+000 1.801967e+000 2.800000e+001
      endloop
   endfacet
   facet normal 0.000000e+000 0.000000e+000 1.000000e+000
      outer loop
         vertex -6.141084e+000 1.801967e+000 2.800000e+001
         vertex -3.474866e+000 1.953462e+000 2.800000e+001
         vertex -3.485772e+000 1.965128e+000 2.800000e+001
      endloop
   endfacet
   facet normal 0.000000e+000 0.000000e+000 1.000000e+000
      outer loop
         vertex -6.141084e+000 1.801967e+000 2.800000e+001
         vertex -3.485772e+000 1.965128e+000 2.800000e+001
         vertex -3.496864e+000 1.976619e+000 2.800000e+001
      endloop
   endfacet
   facet normal 0.000000e+000 0.000000e+000 1.000000e+000
      outer loop
         vertex 1.049022e+000 -1.946920e+001 2.800000e+001
         vertex 1.094930e+000 -1.931733e+001 2.800000e+001
         vertex -2.403680e+000 -1.765415e+001 2.800000e+001
      endloop
   endfacet
   facet normal 0.000000e+000 0.000000e+000 1.000000e+000
      outer loop
         vertex -2.403680e+000 -1.765415e+001 2.800000e+001
         vertex 1.094930e+000 -1.931733e+001 2.800000e+001
         vertex 1.138422e+000 -1.916474e+001 2.800000e+001
      endloop
   endfacet
   facet normal 0.000000e+000 0.000000e+000 1.000000e+000
      outer loop
         vertex -2.403680e+000 -1.765415e+001 2.800000e+001
         vertex 1.138422e+000 -1.916474e+001 2.800000e+001
         vertex -2.338915e+000 -1.750931e+001 2.800000e+001
      endloop
   endfacet
   facet normal 0.000000e+000 0.000000e+000 1.000000e+000
      outer loop
         vertex -2.338915e+000 -1.750931e+001 2.800000e+001
         vertex 1.138422e+000 -1.916474e+001 2.800000e+001
         vertex 1.179487e+000 -1.901148e+001 2.800000e+001
      endloop
   endfacet
   facet normal 0.000000e+000 0.000000e+000 1.000000e+000
      outer loop
         vertex -2.338915e+000 -1.750931e+001 2.800000e+001
         vertex 1.179487e+000 -1.901148e+001 2.800000e+001
         vertex -2.276457e+000 -1.736345e+001 2.800000e+001
      endloop
   endfacet
   facet normal 0.000000e+000 0.000000e+000 1.000000e+000
      outer loop
         vertex -2.276457e+000 -1.736345e+001 2.800000e+001
         vertex 1.179487e+000 -1.901148e+001 2.800000e+001
         vertex 1.218116e+000 -1.885759e+001 2.800000e+001
      endloop
   endfacet
   facet normal 0.000000e+000 0.000000e+000 1.000000e+000
      outer loop
         vertex -2.276457e+000 -1.736345e+001 2.800000e+001
         vertex 1.218116e+000 -1.885759e+001 2.800000e+001
         vertex 1.254298e+000 -1.870310e+001 2.800000e+001
      endloop
   endfacet
   facet normal 0.000000e+000 0.000000e+000 1.000000e+000
      outer loop
         vertex 6.080771e+000 1.996052e+000 2.800000e+001
         vertex 6.048311e+000 2.092352e+000 2.800000e+001
         vertex 3.710795e+000 2.142428e+000 2.800000e+001
      endloop
   endfacet
   facet normal 0.000000e+000 0.000000e+000 1.000000e+000
      outer loop
         vertex 3.710795e+000 2.142428e+000 2.800000e+001
         vertex 6.048311e+000 2.092352e+000 2.800000e+001
         vertex 6.014326e+000 2.188124e+000 2.800000e+001
      endloop
   endfacet
   facet normal 0.000000e+000 0.000000e+000 1.000000e+000
      outer loop
         vertex 3.710795e+000 2.142428e+000 2.800000e+001
         vertex 6.014326e+000 2.188124e+000 2.800000e+001
         vertex 5.978824e+000 2.283344e+000 2.800000e+001
      endloop
   endfacet
   facet normal 0.000000e+000 0.000000e+000 1.000000e+000
      outer loop
         vertex 5.941815e+000 2.377989e+000 2.800000e+001
         vertex 5.903308e+000 2.472034e+000 2.800000e+001
         vertex 3.710795e+000 2.142428e+000 2.800000e+001
      endloop
   endfacet
   facet normal 0.000000e+000 0.000000e+000 1.000000e+000
      outer loop
         vertex 3.710795e+000 2.142428e+000 2.800000e+001
         vertex 5.903308e+000 2.472034e+000 2.800000e+001
         vertex 5.863313e+000 2.565456e+000 2.800000e+001
      endloop
   endfacet
   facet normal 0.000000e+000 0.000000e+000 1.000000e+000
      outer loop
         vertex 3.710795e+000 2.142428e+000 2.800000e+001
         vertex 5.863313e+000 2.565456e+000 2.800000e+001
         vertex 5.821839e+000 2.658231e+000 2.800000e+001
      endloop
   endfacet
   facet normal 0.000000e+000 0.000000e+000 1.000000e+000
      outer loop
         vertex 3.604525e+000 2.071662e+000 2.800000e+001
         vertex 3.591902e+000 2.061878e+000 2.800000e+001
         vertex 6.141084e+000 1.801967e+000 2.800000e+001
      endloop
   endfacet
   facet normal 0.000000e+000 0.000000e+000 1.000000e+000
      outer loop
         vertex 6.141084e+000 1.801967e+000 2.800000e+001
         vertex 3.591902e+000 2.061878e+000 2.800000e+001
         vertex 3.579437e+000 2.051894e+000 2.800000e+001
      endloop
   endfacet
   facet normal 0.000000e+000 0.000000e+000 1.000000e+000
      outer loop
         vertex 6.141084e+000 1.801967e+000 2.800000e+001
         vertex 3.579437e+000 2.051894e+000 2.800000e+001
         vertex 3.567133e+000 2.041713e+000 2.800000e+001
      endloop
   endfacet
   facet normal 0.000000e+000 0.000000e+000 1.000000e+000
      outer loop
         vertex 6.141084e+000 1.801967e+000 2.800000e+001
         vertex 3.403927e+000 1.867135e+000 2.800000e+001
         vertex 3.394596e+000 1.854174e+000 2.800000e+001
      endloop
   endfacet
   facet normal 0.000000e+000 0.000000e+000 1.000000e+000
      outer loop
         vertex -3.220149e+000 1.412856e+000 2.800000e+001
         vertex -3.222454e+000 1.428659e+000 2.800000e+001
         vertex -6.141084e+000 1.801967e+000 2.800000e+001
      endloop
   endfacet
   facet normal 0.000000e+000 0.000000e+000 1.000000e+000
      outer loop
         vertex -6.141084e+000 1.801967e+000 2.800000e+001
         vertex -3.222454e+000 1.428659e+000 2.800000e+001
         vertex -3.225012e+000 1.444424e+000 2.800000e+001
      endloop
   endfacet
   facet normal 0.000000e+000 0.000000e+000 1.000000e+000
      outer loop
         vertex -6.141084e+000 1.801967e+000 2.800000e+001
         vertex -3.225012e+000 1.444424e+000 2.800000e+001
         vertex -3.227821e+000 1.460145e+000 2.800000e+001
      endloop
   endfacet
   facet normal 0.000000e+000 0.000000e+000 1.000000e+000
      outer loop
         vertex -3.280815e+000 1.644013e+000 2.800000e+001
         vertex -3.286804e+000 1.658818e+000 2.800000e+001
         vertex -6.141084e+000 1.801967e+000 2.800000e+001
      endloop
   endfacet
   facet normal 0.000000e+000 0.000000e+000 1.000000e+000
      outer loop
         vertex -6.141084e+000 1.801967e+000 2.800000e+001
         vertex -3.286804e+000 1.658818e+000 2.800000e+001
         vertex -3.293029e+000 1.673525e+000 2.800000e+001
      endloop
   endfacet
   facet normal 0.000000e+000 0.000000e+000 1.000000e+000
      outer loop
         vertex -6.141084e+000 1.801967e+000 2.800000e+001
         vertex -3.293029e+000 1.673525e+000 2.800000e+001
         vertex -3.299488e+000 1.688131e+000 2.800000e+001
      endloop
   endfacet
   facet normal 0.000000e+000 0.000000e+000 1.000000e+000
      outer loop
         vertex -6.141084e+000 1.801967e+000 2.800000e+001
         vertex -3.320253e+000 1.731304e+000 2.800000e+001
         vertex -3.327631e+000 1.745467e+000 2.800000e+001
      endloop
   endfacet
   facet normal 0.000000e+000 0.000000e+000 1.000000e+000
      outer loop
         vertex -3.423204e+000 1.892601e+000 2.800000e+001
         vertex -3.433145e+000 1.905100e+000 2.800000e+001
         vertex -6.141084e+000 1.801967e+000 2.800000e+001
      endloop
   endfacet
   facet normal 0.000000e+000 0.000000e+000 1.000000e+000
      outer loop
         vertex 3.683393e+000 2.126019e+000 2.800000e+001
         vertex 3.669892e+000 2.117488e+000 2.800000e+001
         vertex 6.141084e+000 1.801967e+000 2.800000e+001
      endloop
   endfacet
   facet normal 0.000000e+000 0.000000e+000 1.000000e+000
      outer loop
         vertex 6.141084e+000 1.801967e+000 2.800000e+001
         vertex 3.669892e+000 2.117488e+000 2.800000e+001
         vertex 3.656529e+000 2.108743e+000 2.800000e+001
      endloop
   endfacet
   facet normal 0.000000e+000 0.000000e+000 1.000000e+000
      outer loop
         vertex 6.141084e+000 1.801967e+000 2.800000e+001
         vertex 3.656529e+000 2.108743e+000 2.800000e+001
         vertex 3.643308e+000 2.099785e+000 2.800000e+001
      endloop
   endfacet
   facet normal 0.000000e+000 0.000000e+000 1.000000e+000
      outer loop
         vertex 3.643308e+000 2.099785e+000 2.800000e+001
         vertex 3.630231e+000 2.090618e+000 2.800000e+001
         vertex 6.141084e+000 1.801967e+000 2.800000e+001
      endloop
   endfacet
   facet normal 0.000000e+000 0.000000e+000 1.000000e+000
      outer loop
         vertex 6.141084e+000 1.801967e+000 2.800000e+001
         vertex 3.630231e+000 2.090618e+000 2.800000e+001
         vertex 3.617302e+000 2.081242e+000 2.800000e+001
      endloop
   endfacet
   facet normal 0.000000e+000 0.000000e+000 1.000000e+000
      outer loop
         vertex 6.141084e+000 1.801967e+000 2.800000e+001
         vertex 3.617302e+000 2.081242e+000 2.800000e+001
         vertex 3.604525e+000 2.071662e+000 2.800000e+001
      endloop
   endfacet
   facet normal 0.000000e+000 0.000000e+000 1.000000e+000
      outer loop
         vertex 3.496864e+000 1.976619e+000 2.800000e+001
         vertex 3.485772e+000 1.965128e+000 2.800000e+001
         vertex 6.141084e+000 1.801967e+000 2.800000e+001
      endloop
   endfacet
   facet normal 0.000000e+000 0.000000e+000 1.000000e+000
      outer loop
         vertex 6.141084e+000 1.801967e+000 2.800000e+001
         vertex 3.485772e+000 1.965128e+000 2.800000e+001
         vertex 3.474866e+000 1.953462e+000 2.800000e+001
      endloop
   endfacet
   facet normal 0.000000e+000 0.000000e+000 1.000000e+000
      outer loop
         vertex 6.141084e+000 1.801967e+000 2.800000e+001
         vertex 3.474866e+000 1.953462e+000 2.800000e+001
         vertex 3.464148e+000 1.941623e+000 2.800000e+001
      endloop
   endfacet
   facet normal 0.000000e+000 0.000000e+000 1.000000e+000
      outer loop
         vertex 3.394596e+000 1.854174e+000 2.800000e+001
         vertex 3.385473e+000 1.841066e+000 2.800000e+001
         vertex 6.141084e+000 1.801967e+000 2.800000e+001
      endloop
   endfacet
   facet normal 0.000000e+000 0.000000e+000 1.000000e+000
      outer loop
         vertex 6.141084e+000 1.801967e+000 2.800000e+001
         vertex 3.385473e+000 1.841066e+000 2.800000e+001
         vertex 3.376561e+000 1.827813e+000 2.800000e+001
      endloop
   endfacet
   facet normal 0.000000e+000 0.000000e+000 1.000000e+000
      outer loop
         vertex 6.141084e+000 1.801967e+000 2.800000e+001
         vertex 3.376561e+000 1.827813e+000 2.800000e+001
         vertex 3.367861e+000 1.814420e+000 2.800000e+001
      endloop
   endfacet
   facet normal 0.000000e+000 0.000000e+000 1.000000e+000
      outer loop
         vertex -3.376561e+000 1.827813e+000 2.800000e+001
         vertex -3.385473e+000 1.841066e+000 2.800000e+001
         vertex -6.141084e+000 1.801967e+000 2.800000e+001
      endloop
   endfacet
   facet normal 0.000000e+000 0.000000e+000 1.000000e+000
      outer loop
         vertex -6.141084e+000 1.801967e+000 2.800000e+001
         vertex -3.385473e+000 1.841066e+000 2.800000e+001
         vertex -3.394596e+000 1.854174e+000 2.800000e+001
      endloop
   endfacet
   facet normal 0.000000e+000 0.000000e+000 1.000000e+000
      outer loop
         vertex -3.433145e+000 1.905100e+000 2.800000e+001
         vertex -3.443284e+000 1.917439e+000 2.800000e+001
         vertex -6.141084e+000 1.801967e+000 2.800000e+001
      endloop
   endfacet
   facet normal 0.000000e+000 0.000000e+000 1.000000e+000
      outer loop
         vertex -6.141084e+000 1.801967e+000 2.800000e+001
         vertex -3.443284e+000 1.917439e+000 2.800000e+001
         vertex -3.453619e+000 1.929614e+000 2.800000e+001
      endloop
   endfacet
   facet normal 0.000000e+000 0.000000e+000 1.000000e+000
      outer loop
         vertex -6.141084e+000 1.801967e+000 2.800000e+001
         vertex -3.453619e+000 1.929614e+000 2.800000e+001
         vertex -3.464148e+000 1.941623e+000 2.800000e+001
      endloop
   endfacet
   facet normal 0.000000e+000 0.000000e+000 1.000000e+000
      outer loop
         vertex 3.567133e+000 2.041713e+000 2.800000e+001
         vertex 3.554993e+000 2.031336e+000 2.800000e+001
         vertex 6.141084e+000 1.801967e+000 2.800000e+001
      endloop
   endfacet
   facet normal 0.000000e+000 0.000000e+000 1.000000e+000
      outer loop
         vertex 6.141084e+000 1.801967e+000 2.800000e+001
         vertex 3.554993e+000 2.031336e+000 2.800000e+001
         vertex 3.543020e+000 2.020767e+000 2.800000e+001
      endloop
   endfacet
   facet normal 0.000000e+000 0.000000e+000 1.000000e+000
      outer loop
         vertex 6.141084e+000 1.801967e+000 2.800000e+001
         vertex 3.543020e+000 2.020767e+000 2.800000e+001
         vertex 3.531218e+000 2.010008e+000 2.800000e+001
      endloop
   endfacet
   facet normal 0.000000e+000 0.000000e+000 1.000000e+000
      outer loop
         vertex 3.464148e+000 1.941623e+000 2.800000e+001
         vertex 3.453619e+000 1.929614e+000 2.800000e+001
         vertex 6.141084e+000 1.801967e+000 2.800000e+001
      endloop
   endfacet
   facet normal 0.000000e+000 0.000000e+000 1.000000e+000
      outer loop
         vertex 6.141084e+000 1.801967e+000 2.800000e+001
         vertex 3.453619e+000 1.929614e+000 2.800000e+001
         vertex 3.443284e+000 1.917439e+000 2.800000e+001
      endloop
   endfacet
   facet normal 0.000000e+000 0.000000e+000 1.000000e+000
      outer loop
         vertex 6.141084e+000 1.801967e+000 2.800000e+001
         vertex 3.443284e+000 1.917439e+000 2.800000e+001
         vertex 3.433145e+000 1.905100e+000 2.800000e+001
      endloop
   endfacet
   facet normal 0.000000e+000 0.000000e+000 1.000000e+000
      outer loop
         vertex 3.433145e+000 1.905100e+000 2.800000e+001
         vertex 3.423204e+000 1.892601e+000 2.800000e+001
         vertex 6.141084e+000 1.801967e+000 2.800000e+001
      endloop
   endfacet
   facet normal 0.000000e+000 0.000000e+000 1.000000e+000
      outer loop
         vertex 6.141084e+000 1.801967e+000 2.800000e+001
         vertex 3.423204e+000 1.892601e+000 2.800000e+001
         vertex 3.413464e+000 1.879945e+000 2.800000e+001
      endloop
   endfacet
   facet normal 0.000000e+000 0.000000e+000 1.000000e+000
      outer loop
         vertex 6.141084e+000 1.801967e+000 2.800000e+001
         vertex 3.413464e+000 1.879945e+000 2.800000e+001
         vertex 3.403927e+000 1.867135e+000 2.800000e+001
      endloop
   endfacet
   facet normal 0.000000e+000 0.000000e+000 1.000000e+000
      outer loop
         vertex 3.320253e+000 1.731304e+000 2.800000e+001
         vertex 3.313102e+000 1.717024e+000 2.800000e+001
         vertex 6.141084e+000 1.801967e+000 2.800000e+001
      endloop
   endfacet
   facet normal 0.000000e+000 0.000000e+000 1.000000e+000
      outer loop
         vertex 6.141084e+000 1.801967e+000 2.800000e+001
         vertex 3.313102e+000 1.717024e+000 2.800000e+001
         vertex 3.306180e+000 1.702632e+000 2.800000e+001
      endloop
   endfacet
   facet normal 0.000000e+000 0.000000e+000 1.000000e+000
      outer loop
         vertex 6.141084e+000 1.801967e+000 2.800000e+001
         vertex 3.306180e+000 1.702632e+000 2.800000e+001
         vertex 3.299488e+000 1.688131e+000 2.800000e+001
      endloop
   endfacet
   facet normal 0.000000e+000 0.000000e+000 1.000000e+000
      outer loop
         vertex 3.299488e+000 1.688131e+000 2.800000e+001
         vertex 3.293029e+000 1.673525e+000 2.800000e+001
         vertex 6.141084e+000 1.801967e+000 2.800000e+001
      endloop
   endfacet
   facet normal 0.000000e+000 0.000000e+000 1.000000e+000
      outer loop
         vertex 6.141084e+000 1.801967e+000 2.800000e+001
         vertex 3.293029e+000 1.673525e+000 2.800000e+001
         vertex 3.286804e+000 1.658818e+000 2.800000e+001
      endloop
   endfacet
   facet normal 0.000000e+000 0.000000e+000 1.000000e+000
      outer loop
         vertex 6.141084e+000 1.801967e+000 2.800000e+001
         vertex 3.286804e+000 1.658818e+000 2.800000e+001
         vertex 3.280815e+000 1.644013e+000 2.800000e+001
      endloop
   endfacet
   facet normal 0.000000e+000 0.000000e+000 1.000000e+000
      outer loop
         vertex 3.220149e+000 1.412856e+000 2.800000e+001
         vertex 3.218096e+000 1.397019e+000 2.800000e+001
         vertex 6.141084e+000 1.801967e+000 2.800000e+001
      endloop
   endfacet
   facet normal 0.000000e+000 0.000000e+000 1.000000e+000
      outer loop
         vertex 6.141084e+000 1.801967e+000 2.800000e+001
         vertex 3.218096e+000 1.397019e+000 2.800000e+001
         vertex 3.216296e+000 1.381150e+000 2.800000e+001
      endloop
   endfacet
   facet normal 0.000000e+000 0.000000e+000 1.000000e+000
      outer loop
         vertex 6.141084e+000 1.801967e+000 2.800000e+001
         vertex 3.216296e+000 1.381150e+000 2.800000e+001
         vertex 3.214750e+000 1.365255e+000 2.800000e+001
      endloop
   endfacet
   facet normal 0.000000e+000 0.000000e+000 1.000000e+000
      outer loop
         vertex 3.214750e+000 1.365255e+000 2.800000e+001
         vertex 3.213458e+000 1.349337e+000 2.800000e+001
         vertex 6.141084e+000 1.801967e+000 2.800000e+001
      endloop
   endfacet
   facet normal 0.000000e+000 0.000000e+000 1.000000e+000
      outer loop
         vertex 6.141084e+000 1.801967e+000 2.800000e+001
         vertex 3.213458e+000 1.349337e+000 2.800000e+001
         vertex 3.212421e+000 1.333400e+000 2.800000e+001
      endloop
   endfacet
   facet normal 0.000000e+000 0.000000e+000 1.000000e+000
      outer loop
         vertex 6.141084e+000 1.801967e+000 2.800000e+001
         vertex 3.212421e+000 1.333400e+000 2.800000e+001
         vertex 3.211638e+000 1.317449e+000 2.800000e+001
      endloop
   endfacet
   facet normal 0.000000e+000 0.000000e+000 1.000000e+000
      outer loop
         vertex 3.211638e+000 1.317449e+000 2.800000e+001
         vertex 3.211110e+000 1.301487e+000 2.800000e+001
         vertex 6.141084e+000 1.801967e+000 2.800000e+001
      endloop
   endfacet
   facet normal 0.000000e+000 0.000000e+000 1.000000e+000
      outer loop
         vertex 6.141084e+000 1.801967e+000 2.800000e+001
         vertex 3.211110e+000 1.301487e+000 2.800000e+001
         vertex 3.210837e+000 1.285519e+000 2.800000e+001
      endloop
   endfacet
   facet normal 0.000000e+000 0.000000e+000 1.000000e+000
      outer loop
         vertex 6.141084e+000 1.801967e+000 2.800000e+001
         vertex 3.210837e+000 1.285519e+000 2.800000e+001
         vertex 3.210819e+000 1.269549e+000 2.800000e+001
      endloop
   endfacet
   facet normal 0.000000e+000 0.000000e+000 1.000000e+000
      outer loop
         vertex -3.299488e+000 1.688131e+000 2.800000e+001
         vertex -3.306180e+000 1.702632e+000 2.800000e+001
         vertex -6.141084e+000 1.801967e+000 2.800000e+001
      endloop
   endfacet
   facet normal 0.000000e+000 0.000000e+000 1.000000e+000
      outer loop
         vertex -6.141084e+000 1.801967e+000 2.800000e+001
         vertex -3.306180e+000 1.702632e+000 2.800000e+001
         vertex -3.313102e+000 1.717024e+000 2.800000e+001
      endloop
   endfacet
   facet normal 0.000000e+000 0.000000e+000 1.000000e+000
      outer loop
         vertex -6.141084e+000 1.801967e+000 2.800000e+001
         vertex -3.313102e+000 1.717024e+000 2.800000e+001
         vertex -3.320253e+000 1.731304e+000 2.800000e+001
      endloop
   endfacet
   facet normal 0.000000e+000 0.000000e+000 1.000000e+000
      outer loop
         vertex -3.327631e+000 1.745467e+000 2.800000e+001
         vertex -3.335234e+000 1.759511e+000 2.800000e+001
         vertex -6.141084e+000 1.801967e+000 2.800000e+001
      endloop
   endfacet
   facet normal 0.000000e+000 0.000000e+000 1.000000e+000
      outer loop
         vertex -6.141084e+000 1.801967e+000 2.800000e+001
         vertex -3.335234e+000 1.759511e+000 2.800000e+001
         vertex -3.343061e+000 1.773432e+000 2.800000e+001
      endloop
   endfacet
   facet normal 0.000000e+000 0.000000e+000 1.000000e+000
      outer loop
         vertex -6.141084e+000 1.801967e+000 2.800000e+001
         vertex -3.343061e+000 1.773432e+000 2.800000e+001
         vertex -3.351109e+000 1.787227e+000 2.800000e+001
      endloop
   endfacet
   facet normal 0.000000e+000 0.000000e+000 1.000000e+000
      outer loop
         vertex -3.394596e+000 1.854174e+000 2.800000e+001
         vertex -3.403927e+000 1.867135e+000 2.800000e+001
         vertex -6.141084e+000 1.801967e+000 2.800000e+001
      endloop
   endfacet
   facet normal 0.000000e+000 0.000000e+000 1.000000e+000
      outer loop
         vertex -6.141084e+000 1.801967e+000 2.800000e+001
         vertex -3.403927e+000 1.867135e+000 2.800000e+001
         vertex -3.413464e+000 1.879945e+000 2.800000e+001
      endloop
   endfacet
   facet normal 0.000000e+000 0.000000e+000 1.000000e+000
      outer loop
         vertex -6.141084e+000 1.801967e+000 2.800000e+001
         vertex -3.413464e+000 1.879945e+000 2.800000e+001
         vertex -3.423204e+000 1.892601e+000 2.800000e+001
      endloop
   endfacet
   facet normal 0.000000e+000 0.000000e+000 1.000000e+000
      outer loop
         vertex 3.531218e+000 2.010008e+000 2.800000e+001
         vertex 3.519590e+000 1.999061e+000 2.800000e+001
         vertex 6.141084e+000 1.801967e+000 2.800000e+001
      endloop
   endfacet
   facet normal 0.000000e+000 0.000000e+000 1.000000e+000
      outer loop
         vertex 6.141084e+000 1.801967e+000 2.800000e+001
         vertex 3.519590e+000 1.999061e+000 2.800000e+001
         vertex 3.508137e+000 1.987931e+000 2.800000e+001
      endloop
   endfacet
   facet normal 0.000000e+000 0.000000e+000 1.000000e+000
      outer loop
         vertex 6.141084e+000 1.801967e+000 2.800000e+001
         vertex 3.508137e+000 1.987931e+000 2.800000e+001
         vertex 3.496864e+000 1.976619e+000 2.800000e+001
      endloop
   endfacet
   facet normal 0.000000e+000 0.000000e+000 1.000000e+000
      outer loop
         vertex 3.367861e+000 1.814420e+000 2.800000e+001
         vertex 3.359377e+000 1.800890e+000 2.800000e+001
         vertex 6.141084e+000 1.801967e+000 2.800000e+001
      endloop
   endfacet
   facet normal 0.000000e+000 0.000000e+000 1.000000e+000
      outer loop
         vertex 6.141084e+000 1.801967e+000 2.800000e+001
         vertex 3.359377e+000 1.800890e+000 2.800000e+001
         vertex 3.351109e+000 1.787227e+000 2.800000e+001
      endloop
   endfacet
   facet normal 0.000000e+000 0.000000e+000 1.000000e+000
      outer loop
         vertex 6.141084e+000 1.801967e+000 2.800000e+001
         vertex 3.351109e+000 1.787227e+000 2.800000e+001
         vertex 3.343061e+000 1.773432e+000 2.800000e+001
      endloop
   endfacet
   facet normal 0.000000e+000 0.000000e+000 1.000000e+000
      outer loop
         vertex 3.280815e+000 1.644013e+000 2.800000e+001
         vertex 3.275063e+000 1.629114e+000 2.800000e+001
         vertex 6.141084e+000 1.801967e+000 2.800000e+001
      endloop
   endfacet
   facet normal 0.000000e+000 0.000000e+000 1.000000e+000
      outer loop
         vertex 6.141084e+000 1.801967e+000 2.800000e+001
         vertex 3.275063e+000 1.629114e+000 2.800000e+001
         vertex 3.269549e+000 1.614126e+000 2.800000e+001
      endloop
   endfacet
   facet normal 0.000000e+000 0.000000e+000 1.000000e+000
      outer loop
         vertex 6.141084e+000 1.801967e+000 2.800000e+001
         vertex 3.269549e+000 1.614126e+000 2.800000e+001
         vertex 3.264276e+000 1.599051e+000 2.800000e+001
      endloop
   endfacet
   facet normal 0.000000e+000 0.000000e+000 1.000000e+000
      outer loop
         vertex 3.264276e+000 1.599051e+000 2.800000e+001
         vertex 3.259244e+000 1.583894e+000 2.800000e+001
         vertex 6.141084e+000 1.801967e+000 2.800000e+001
      endloop
   endfacet
   facet normal 0.000000e+000 0.000000e+000 1.000000e+000
      outer loop
         vertex 6.141084e+000 1.801967e+000 2.800000e+001
         vertex 3.259244e+000 1.583894e+000 2.800000e+001
         vertex 3.254455e+000 1.568659e+000 2.800000e+001
      endloop
   endfacet
   facet normal 0.000000e+000 0.000000e+000 1.000000e+000
      outer loop
         vertex 6.141084e+000 1.801967e+000 2.800000e+001
         vertex 3.254455e+000 1.568659e+000 2.800000e+001
         vertex 3.249910e+000 1.553349e+000 2.800000e+001
      endloop
   endfacet
   facet normal 0.000000e+000 0.000000e+000 1.000000e+000
      outer loop
         vertex 3.249910e+000 1.553349e+000 2.800000e+001
         vertex 3.245609e+000 1.537969e+000 2.800000e+001
         vertex 6.141084e+000 1.801967e+000 2.800000e+001
      endloop
   endfacet
   facet normal 0.000000e+000 0.000000e+000 1.000000e+000
      outer loop
         vertex 6.141084e+000 1.801967e+000 2.800000e+001
         vertex 3.245609e+000 1.537969e+000 2.800000e+001
         vertex 3.241555e+000 1.522522e+000 2.800000e+001
      endloop
   endfacet
   facet normal 0.000000e+000 0.000000e+000 1.000000e+000
      outer loop
         vertex 6.141084e+000 1.801967e+000 2.800000e+001
         vertex 3.241555e+000 1.522522e+000 2.800000e+001
         vertex 3.237749e+000 1.507012e+000 2.800000e+001
      endloop
   endfacet
   facet normal 0.000000e+000 0.000000e+000 1.000000e+000
      outer loop
         vertex -3.227821e+000 1.460145e+000 2.800000e+001
         vertex -3.230880e+000 1.475819e+000 2.800000e+001
         vertex -6.141084e+000 1.801967e+000 2.800000e+001
      endloop
   endfacet
   facet normal 0.000000e+000 0.000000e+000 1.000000e+000
      outer loop
         vertex -6.141084e+000 1.801967e+000 2.800000e+001
         vertex -3.230880e+000 1.475819e+000 2.800000e+001
         vertex -3.234190e+000 1.491443e+000 2.800000e+001
      endloop
   endfacet
   facet normal 0.000000e+000 0.000000e+000 1.000000e+000
      outer loop
         vertex -6.141084e+000 1.801967e+000 2.800000e+001
         vertex -3.234190e+000 1.491443e+000 2.800000e+001
         vertex -3.237749e+000 1.507012e+000 2.800000e+001
      endloop
   endfacet
   facet normal 0.000000e+000 0.000000e+000 1.000000e+000
      outer loop
         vertex -3.237749e+000 1.507012e+000 2.800000e+001
         vertex -3.241555e+000 1.522522e+000 2.800000e+001
         vertex -6.141084e+000 1.801967e+000 2.800000e+001
      endloop
   endfacet
   facet normal 0.000000e+000 0.000000e+000 1.000000e+000
      outer loop
         vertex -6.141084e+000 1.801967e+000 2.800000e+001
         vertex -3.241555e+000 1.522522e+000 2.800000e+001
         vertex -3.245609e+000 1.537969e+000 2.800000e+001
      endloop
   endfacet
   facet normal 0.000000e+000 0.000000e+000 1.000000e+000
      outer loop
         vertex -6.141084e+000 1.801967e+000 2.800000e+001
         vertex -3.245609e+000 1.537969e+000 2.800000e+001
         vertex -3.249910e+000 1.553349e+000 2.800000e+001
      endloop
   endfacet
   facet normal 0.000000e+000 0.000000e+000 1.000000e+000
      outer loop
         vertex -3.351109e+000 1.787227e+000 2.800000e+001
         vertex -3.359377e+000 1.800890e+000 2.800000e+001
         vertex -6.141084e+000 1.801967e+000 2.800000e+001
      endloop
   endfacet
   facet normal 0.000000e+000 0.000000e+000 1.000000e+000
      outer loop
         vertex -6.141084e+000 1.801967e+000 2.800000e+001
         vertex -3.359377e+000 1.800890e+000 2.800000e+001
         vertex -3.367861e+000 1.814420e+000 2.800000e+001
      endloop
   endfacet
   facet normal 0.000000e+000 0.000000e+000 1.000000e+000
      outer loop
         vertex -6.141084e+000 1.801967e+000 2.800000e+001
         vertex -3.367861e+000 1.814420e+000 2.800000e+001
         vertex -3.376561e+000 1.827813e+000 2.800000e+001
      endloop
   endfacet
   facet normal 0.000000e+000 0.000000e+000 1.000000e+000
      outer loop
         vertex 3.343061e+000 1.773432e+000 2.800000e+001
         vertex 3.335234e+000 1.759511e+000 2.800000e+001
         vertex 6.141084e+000 1.801967e+000 2.800000e+001
      endloop
   endfacet
   facet normal 0.000000e+000 0.000000e+000 1.000000e+000
      outer loop
         vertex 6.141084e+000 1.801967e+000 2.800000e+001
         vertex 3.335234e+000 1.759511e+000 2.800000e+001
         vertex 3.327631e+000 1.745467e+000 2.800000e+001
      endloop
   endfacet
   facet normal 0.000000e+000 0.000000e+000 1.000000e+000
      outer loop
         vertex 6.141084e+000 1.801967e+000 2.800000e+001
         vertex 3.327631e+000 1.745467e+000 2.800000e+001
         vertex 3.320253e+000 1.731304e+000 2.800000e+001
      endloop
   endfacet
   facet normal 0.000000e+000 0.000000e+000 -1.000000e+000
      outer loop
         vertex 6.141084e+000 1.801967e+000 0.000000e+000
         vertex 3.269105e+000 9.343190e-001 0.000000e+000
         vertex 3.253796e+000 9.863115e-001 0.000000e+000
      endloop
   endfacet
   facet normal 0.000000e+000 0.000000e+000 -1.000000e+000
      outer loop
         vertex -3.247046e-001 -3.384459e+000 0.000000e+000
         vertex -2.707133e-001 -3.389205e+000 0.000000e+000
         vertex 1.500000e+000 -6.221736e+000 0.000000e+000
      endloop
   endfacet
   facet normal 0.000000e+000 0.000000e+000 -1.000000e+000
      outer loop
         vertex 3.710795e+000 2.142428e+000 0.000000e+000
         vertex 5.542563e+000 3.200000e+000 0.000000e+000
         vertex 5.592674e+000 3.111591e+000 0.000000e+000
      endloop
   endfacet
   facet normal 0.000000e+000 0.000000e+000 -1.000000e+000
      outer loop
         vertex -1.102418e+001 -2.348867e+001 0.000000e+000
         vertex -8.500000e+000 -2.650000e+001 0.000000e+000
         vertex -1.118272e+001 -2.349497e+001 0.000000e+000
      endloop
   endfacet
   facet normal 0.000000e+000 0.000000e+000 -1.000000e+000
      outer loop
         vertex -1.118272e+001 -2.349497e+001 0.000000e+000
         vertex -8.500000e+000 -2.650000e+001 0.000000e+000
         vertex -1.134134e+001 -2.349874e+001 0.000000e+000
      endloop
   endfacet
   facet normal 0.000000e+000 0.000000e+000 -1.000000e+000
      outer loop
         vertex -1.598600e+000 -6.197134e+000 0.000000e+000
         vertex -1.696798e+000 -6.170970e+000 0.000000e+000
         vertex 1.500000e+000 -6.221736e+000 0.000000e+000
      endloop
   endfacet
   facet normal 0.000000e+000 0.000000e+000 -1.000000e+000
      outer loop
         vertex -6.386931e+000 -4.087890e-001 0.000000e+000
         vertex -6.392617e+000 -3.073249e-001 0.000000e+000
         vertex 1.500000e+000 -6.221736e+000 0.000000e+000
      endloop
   endfacet
   facet normal 0.000000e+000 0.000000e+000 -1.000000e+000
      outer loop
         vertex -3.386764e+000 -2.997146e-001 0.000000e+000
         vertex -3.381556e+000 -3.536633e-001 0.000000e+000
         vertex -6.399999e+000 -2.570200e-003 0.000000e+000
      endloop
   endfacet
   facet normal 0.000000e+000 0.000000e+000 -1.000000e+000
      outer loop
         vertex -5.000000e+001 -2.650000e+001 0.000000e+000
         vertex -5.000000e+001 -2.350000e+001 0.000000e+000
         vertex -8.500000e+000 -2.650000e+001 0.000000e+000
      endloop
   endfacet
   facet normal 0.000000e+000 0.000000e+000 -1.000000e+000
      outer loop
         vertex -8.500000e+000 -2.650000e+001 0.000000e+000
         vertex -5.000000e+001 -2.350000e+001 0.000000e+000
         vertex -1.150000e+001 -2.350000e+001 0.000000e+000
      endloop
   endfacet
   facet normal 0.000000e+000 0.000000e+000 -1.000000e+000
      outer loop
         vertex -8.500000e+000 -2.650000e+001 0.000000e+000
         vertex -1.150000e+001 -2.350000e+001 0.000000e+000
         vertex -1.134134e+001 -2.349874e+001 0.000000e+000
      endloop
   endfacet
   facet normal 0.000000e+000 0.000000e+000 -1.000000e+000
      outer loop
         vertex -4.411768e+000 -4.636410e+000 0.000000e+000
         vertex -4.484830e+000 -4.565775e+000 0.000000e+000
         vertex 1.500000e+000 -6.221736e+000 0.000000e+000
      endloop
   endfacet
   facet normal 0.000000e+000 0.000000e+000 -1.000000e+000
      outer loop
         vertex -3.386764e+000 -2.997146e-001 0.000000e+000
         vertex -6.399999e+000 -2.570200e-003 0.000000e+000
         vertex -3.391112e+000 -2.456898e-001 0.000000e+000
      endloop
   endfacet
   facet normal 0.000000e+000 0.000000e+000 -1.000000e+000
      outer loop
         vertex -1.102418e+001 -2.348867e+001 0.000000e+000
         vertex -1.086576e+001 -2.347987e+001 0.000000e+000
         vertex -8.500000e+000 -2.650000e+001 0.000000e+000
      endloop
   endfacet
   facet normal 0.000000e+000 0.000000e+000 -1.000000e+000
      outer loop
         vertex -8.500000e+000 -2.650000e+001 0.000000e+000
         vertex -1.086576e+001 -2.347987e+001 0.000000e+000
         vertex -1.070750e+001 -2.346855e+001 0.000000e+000
      endloop
   endfacet
   facet normal 0.000000e+000 0.000000e+000 -1.000000e+000
      outer loop
         vertex -8.500000e+000 -2.650000e+001 0.000000e+000
         vertex -1.070750e+001 -2.346855e+001 0.000000e+000
         vertex -1.054944e+001 -2.345472e+001 0.000000e+000
      endloop
   endfacet
   facet normal 0.000000e+000 0.000000e+000 -1.000000e+000
      outer loop
         vertex -1.696798e+000 -6.170970e+000 0.000000e+000
         vertex -1.794567e+000 -6.143250e+000 0.000000e+000
         vertex 1.500000e+000 -6.221736e+000 0.000000e+000
      endloop
   endfacet
   facet normal 0.000000e+000 0.000000e+000 -1.000000e+000
      outer loop
         vertex 1.500000e+000 -6.221736e+000 0.000000e+000
         vertex -1.794567e+000 -6.143250e+000 0.000000e+000
         vertex -1.891884e+000 -6.113982e+000 0.000000e+000
      endloop
   endfacet
   facet normal 0.000000e+000 0.000000e+000 -1.000000e+000
      outer loop
         vertex 1.500000e+000 -6.221736e+000 0.000000e+000
         vertex -1.891884e+000 -6.113982e+000 0.000000e+000
         vertex -1.988725e+000 -6.083171e+000 0.000000e+000
      endloop
   endfacet
   facet normal 0.000000e+000 0.000000e+000 -1.000000e+000
      outer loop
         vertex -4.108588e+000 -4.907087e+000 0.000000e+000
         vertex -4.185985e+000 -4.841232e+000 0.000000e+000
         vertex 1.500000e+000 -6.221736e+000 0.000000e+000
      endloop
   endfacet
   facet normal 0.000000e+000 0.000000e+000 -1.000000e+000
      outer loop
         vertex -6.386931e+000 -4.087890e-001 0.000000e+000
         vertex 1.500000e+000 -6.221736e+000 0.000000e+000
         vertex -6.379635e+000 -5.101500e-001 0.000000e+000
      endloop
   endfacet
   facet normal 0.000000e+000 0.000000e+000 -1.000000e+000
      outer loop
         vertex -6.392617e+000 -3.073249e-001 0.000000e+000
         vertex -6.396691e+000 -2.057834e-001 0.000000e+000
         vertex 1.500000e+000 -6.221736e+000 0.000000e+000
      endloop
   endfacet
   facet normal 0.000000e+000 0.000000e+000 -1.000000e+000
      outer loop
         vertex 1.500000e+000 -6.221736e+000 0.000000e+000
         vertex -6.396691e+000 -2.057834e-001 0.000000e+000
         vertex -6.399152e+000 -1.041899e-001 0.000000e+000
      endloop
   endfacet
   facet normal 0.000000e+000 0.000000e+000 -1.000000e+000
      outer loop
         vertex 1.500000e+000 -6.221736e+000 0.000000e+000
         vertex -6.399152e+000 -1.041899e-001 0.000000e+000
         vertex -6.399999e+000 -2.570200e-003 0.000000e+000
      endloop
   endfacet
   facet normal 0.000000e+000 0.000000e+000 -1.000000e+000
      outer loop
         vertex -3.399875e+000 -2.910359e-002 0.000000e+000
         vertex -3.398980e+000 -8.329565e-002 0.000000e+000
         vertex -6.399999e+000 -2.570200e-003 0.000000e+000
      endloop
   endfacet
   facet normal 0.000000e+000 0.000000e+000 -1.000000e+000
      outer loop
         vertex -6.399999e+000 -2.570200e-003 0.000000e+000
         vertex -3.360783e+000 -5.149153e-001 0.000000e+000
         vertex -3.352148e+000 -5.684226e-001 0.000000e+000
      endloop
   endfacet
   facet normal 0.000000e+000 0.000000e+000 -1.000000e+000
      outer loop
         vertex -3.352148e+000 -5.684226e-001 0.000000e+000
         vertex -3.342661e+000 -6.217852e-001 0.000000e+000
         vertex -6.399999e+000 -2.570200e-003 0.000000e+000
      endloop
   endfacet
   facet normal 0.000000e+000 0.000000e+000 -1.000000e+000
      outer loop
         vertex -6.399999e+000 -2.570200e-003 0.000000e+000
         vertex -3.342661e+000 -6.217852e-001 0.000000e+000
         vertex -3.332325e+000 -6.749900e-001 0.000000e+000
      endloop
   endfacet
   facet normal 0.000000e+000 0.000000e+000 -1.000000e+000
      outer loop
         vertex -6.399999e+000 -2.570200e-003 0.000000e+000
         vertex -3.332325e+000 -6.749900e-001 0.000000e+000
         vertex -3.321142e+000 -7.280232e-001 0.000000e+000
      endloop
   endfacet
   facet normal 0.000000e+000 0.000000e+000 -1.000000e+000
      outer loop
         vertex 3.230432e+000 1.079204e+000 0.000000e+000
         vertex 3.227407e+000 1.094886e+000 0.000000e+000
         vertex 6.141084e+000 1.801967e+000 0.000000e+000
      endloop
   endfacet
   facet normal 0.000000e+000 0.000000e+000 -1.000000e+000
      outer loop
         vertex 3.237749e+000 1.507012e+000 0.000000e+000
         vertex 3.241555e+000 1.522522e+000 0.000000e+000
         vertex 6.141084e+000 1.801967e+000 0.000000e+000
      endloop
   endfacet
   facet normal 0.000000e+000 0.000000e+000 -1.000000e+000
      outer loop
         vertex 5.592674e+000 3.111591e+000 0.000000e+000
         vertex 5.641375e+000 3.022398e+000 0.000000e+000
         vertex 3.710795e+000 2.142428e+000 0.000000e+000
      endloop
   endfacet
   facet normal 0.000000e+000 0.000000e+000 -1.000000e+000
      outer loop
         vertex 3.710795e+000 2.142428e+000 0.000000e+000
         vertex 5.641375e+000 3.022398e+000 0.000000e+000
         vertex 5.688654e+000 2.932442e+000 0.000000e+000
      endloop
   endfacet
   facet normal 0.000000e+000 0.000000e+000 -1.000000e+000
      outer loop
         vertex 3.710795e+000 2.142428e+000 0.000000e+000
         vertex 5.688654e+000 2.932442e+000 0.000000e+000
         vertex 5.734499e+000 2.841747e+000 0.000000e+000
      endloop
   endfacet
   facet normal 0.000000e+000 0.000000e+000 -1.000000e+000
      outer loop
         vertex -1.988725e+000 -6.083171e+000 0.000000e+000
         vertex -2.085063e+000 -6.050828e+000 0.000000e+000
         vertex 1.500000e+000 -6.221736e+000 0.000000e+000
      endloop
   endfacet
   facet normal 0.000000e+000 0.000000e+000 -1.000000e+000
      outer loop
         vertex 1.500000e+000 -6.221736e+000 0.000000e+000
         vertex -2.085063e+000 -6.050828e+000 0.000000e+000
         vertex -2.180876e+000 -6.016958e+000 0.000000e+000
      endloop
   endfacet
   facet normal 0.000000e+000 0.000000e+000 -1.000000e+000
      outer loop
         vertex 1.500000e+000 -6.221736e+000 0.000000e+000
         vertex -2.180876e+000 -6.016958e+000 0.000000e+000
         vertex -2.276139e+000 -5.981571e+000 0.000000e+000
      endloop
   endfacet
   facet normal 0.000000e+000 0.000000e+000 -1.000000e+000
      outer loop
         vertex -4.185985e+000 -4.841232e+000 0.000000e+000
         vertex -4.262327e+000 -4.774156e+000 0.000000e+000
         vertex 1.500000e+000 -6.221736e+000 0.000000e+000
      endloop
   endfacet
   facet normal 0.000000e+000 0.000000e+000 -1.000000e+000
      outer loop
         vertex 1.500000e+000 -6.221736e+000 0.000000e+000
         vertex -4.262327e+000 -4.774156e+000 0.000000e+000
         vertex -4.337595e+000 -4.705876e+000 0.000000e+000
      endloop
   endfacet
   facet normal 0.000000e+000 0.000000e+000 -1.000000e+000
      outer loop
         vertex 1.500000e+000 -6.221736e+000 0.000000e+000
         vertex -4.337595e+000 -4.705876e+000 0.000000e+000
         vertex -4.411768e+000 -4.636410e+000 0.000000e+000
      endloop
   endfacet
   facet normal 0.000000e+000 0.000000e+000 -1.000000e+000
      outer loop
         vertex -4.484830e+000 -4.565775e+000 0.000000e+000
         vertex -4.556760e+000 -4.493989e+000 0.000000e+000
         vertex 1.500000e+000 -6.221736e+000 0.000000e+000
      endloop
   endfacet
   facet normal 0.000000e+000 0.000000e+000 -1.000000e+000
      outer loop
         vertex 1.500000e+000 -6.221736e+000 0.000000e+000
         vertex -4.556760e+000 -4.493989e+000 0.000000e+000
         vertex -4.627542e+000 -4.421069e+000 0.000000e+000
      endloop
   endfacet
   facet normal 0.000000e+000 0.000000e+000 -1.000000e+000
      outer loop
         vertex 1.500000e+000 -6.221736e+000 0.000000e+000
         vertex -4.627542e+000 -4.421069e+000 0.000000e+000
         vertex -4.697157e+000 -4.347035e+000 0.000000e+000
      endloop
   endfacet
   facet normal 0.000000e+000 0.000000e+000 -1.000000e+000
      outer loop
         vertex -5.027127e+000 -3.960807e+000 0.000000e+000
         vertex 1.500000e+000 -6.221736e+000 0.000000e+000
         vertex -4.963603e+000 -4.040130e+000 0.000000e+000
      endloop
   endfacet
   facet normal 0.000000e+000 0.000000e+000 -1.000000e+000
      outer loop
         vertex -4.963603e+000 -4.040130e+000 0.000000e+000
         vertex 1.500000e+000 -6.221736e+000 0.000000e+000
         vertex -4.898828e+000 -4.118433e+000 0.000000e+000
      endloop
   endfacet
   facet normal 0.000000e+000 0.000000e+000 -1.000000e+000
      outer loop
         vertex -3.398980e+000 -8.329565e-002 0.000000e+000
         vertex -3.397220e+000 -1.374665e-001 0.000000e+000
         vertex -6.399999e+000 -2.570200e-003 0.000000e+000
      endloop
   endfacet
   facet normal 0.000000e+000 0.000000e+000 -1.000000e+000
      outer loop
         vertex -6.399999e+000 -2.570200e-003 0.000000e+000
         vertex -3.397220e+000 -1.374665e-001 0.000000e+000
         vertex -3.394597e+000 -1.916025e-001 0.000000e+000
      endloop
   endfacet
   facet normal 0.000000e+000 0.000000e+000 -1.000000e+000
      outer loop
         vertex -6.399999e+000 -2.570200e-003 0.000000e+000
         vertex -3.394597e+000 -1.916025e-001 0.000000e+000
         vertex -3.391112e+000 -2.456898e-001 0.000000e+000
      endloop
   endfacet
   facet normal 0.000000e+000 0.000000e+000 -1.000000e+000
      outer loop
         vertex -3.381556e+000 -3.536633e-001 0.000000e+000
         vertex -3.375489e+000 -4.075221e-001 0.000000e+000
         vertex -6.399999e+000 -2.570200e-003 0.000000e+000
      endloop
   endfacet
   facet normal 0.000000e+000 0.000000e+000 -1.000000e+000
      outer loop
         vertex -6.399999e+000 -2.570200e-003 0.000000e+000
         vertex -3.375489e+000 -4.075221e-001 0.000000e+000
         vertex -3.368564e+000 -4.612773e-001 0.000000e+000
      endloop
   endfacet
   facet normal 0.000000e+000 0.000000e+000 -1.000000e+000
      outer loop
         vertex -6.399999e+000 -2.570200e-003 0.000000e+000
         vertex -3.368564e+000 -4.612773e-001 0.000000e+000
         vertex -3.360783e+000 -5.149153e-001 0.000000e+000
      endloop
   endfacet
   facet normal 0.000000e+000 0.000000e+000 -1.000000e+000
      outer loop
         vertex -1.168108e+000 -3.193043e+000 0.000000e+000
         vertex -1.117060e+000 -3.211258e+000 0.000000e+000
         vertex 1.500000e+000 -6.221736e+000 0.000000e+000
      endloop
   endfacet
   facet normal 0.000000e+000 0.000000e+000 -1.000000e+000
      outer loop
         vertex 1.500000e+000 -6.221736e+000 0.000000e+000
         vertex -1.117060e+000 -3.211258e+000 0.000000e+000
         vertex -1.065729e+000 -3.228656e+000 0.000000e+000
      endloop
   endfacet
   facet normal 0.000000e+000 0.000000e+000 -1.000000e+000
      outer loop
         vertex 1.500000e+000 -6.221736e+000 0.000000e+000
         vertex -1.065729e+000 -3.228656e+000 0.000000e+000
         vertex -1.014127e+000 -3.245234e+000 0.000000e+000
      endloop
   endfacet
   facet normal 0.000000e+000 0.000000e+000 -1.000000e+000
      outer loop
         vertex -2.707133e-001 -3.389205e+000 0.000000e+000
         vertex -2.166533e-001 -3.393090e+000 0.000000e+000
         vertex 1.500000e+000 -6.221736e+000 0.000000e+000
      endloop
   endfacet
   facet normal 0.000000e+000 0.000000e+000 -1.000000e+000
      outer loop
         vertex 1.500000e+000 -6.221736e+000 0.000000e+000
         vertex -2.166533e-001 -3.393090e+000 0.000000e+000
         vertex -1.625381e-001 -3.396113e+000 0.000000e+000
      endloop
   endfacet
   facet normal 0.000000e+000 0.000000e+000 -1.000000e+000
      outer loop
         vertex 1.500000e+000 -6.221736e+000 0.000000e+000
         vertex -1.625381e-001 -3.396113e+000 0.000000e+000
         vertex -1.083817e-001 -3.398272e+000 0.000000e+000
      endloop
   endfacet
   facet normal 0.000000e+000 0.000000e+000 -1.000000e+000
      outer loop
         vertex -1.083817e-001 -3.398272e+000 0.000000e+000
         vertex -5.419774e-002 -3.399568e+000 0.000000e+000
         vertex 1.500000e+000 -6.221736e+000 0.000000e+000
      endloop
   endfacet
   facet normal 0.000000e+000 0.000000e+000 -1.000000e+000
      outer loop
         vertex 1.500000e+000 -6.221736e+000 0.000000e+000
         vertex -5.419774e-002 -3.399568e+000 0.000000e+000
         vertex 3.644377e-015 -3.400000e+000 0.000000e+000
      endloop
   endfacet
   facet normal 0.000000e+000 0.000000e+000 -1.000000e+000
      outer loop
         vertex 1.500000e+000 -6.221736e+000 0.000000e+000
         vertex 3.644377e-015 -3.400000e+000 0.000000e+000
         vertex 5.419774e-002 -3.399568e+000 0.000000e+000
      endloop
   endfacet
   facet normal 0.000000e+000 0.000000e+000 -1.000000e+000
      outer loop
         vertex 3.253796e+000 9.863115e-001 0.000000e+000
         vertex 3.249285e+000 1.001632e+000 0.000000e+000
         vertex 6.141084e+000 1.801967e+000 0.000000e+000
      endloop
   endfacet
   facet normal 0.000000e+000 0.000000e+000 -1.000000e+000
      outer loop
         vertex 6.141084e+000 1.801967e+000 0.000000e+000
         vertex 3.249285e+000 1.001632e+000 0.000000e+000
         vertex 3.245020e+000 1.017022e+000 0.000000e+000
      endloop
   endfacet
   facet normal 0.000000e+000 0.000000e+000 -1.000000e+000
      outer loop
         vertex 6.141084e+000 1.801967e+000 0.000000e+000
         vertex 3.245020e+000 1.017022e+000 0.000000e+000
         vertex 3.241001e+000 1.032478e+000 0.000000e+000
      endloop
   endfacet
   facet normal 0.000000e+000 0.000000e+000 -1.000000e+000
      outer loop
         vertex 3.227407e+000 1.094886e+000 0.000000e+000
         vertex 3.224634e+000 1.110613e+000 0.000000e+000
         vertex 6.141084e+000 1.801967e+000 0.000000e+000
      endloop
   endfacet
   facet normal 0.000000e+000 0.000000e+000 -1.000000e+000
      outer loop
         vertex 6.141084e+000 1.801967e+000 0.000000e+000
         vertex 3.224634e+000 1.110613e+000 0.000000e+000
         vertex 3.222112e+000 1.126383e+000 0.000000e+000
      endloop
   endfacet
   facet normal 0.000000e+000 0.000000e+000 -1.000000e+000
      outer loop
         vertex 6.141084e+000 1.801967e+000 0.000000e+000
         vertex 3.222112e+000 1.126383e+000 0.000000e+000
         vertex 3.219842e+000 1.142192e+000 0.000000e+000
      endloop
   endfacet
   facet normal 0.000000e+000 0.000000e+000 -1.000000e+000
      outer loop
         vertex 3.219842e+000 1.142192e+000 0.000000e+000
         vertex 3.217825e+000 1.158034e+000 0.000000e+000
         vertex 6.141084e+000 1.801967e+000 0.000000e+000
      endloop
   endfacet
   facet normal 0.000000e+000 0.000000e+000 -1.000000e+000
      outer loop
         vertex 6.141084e+000 1.801967e+000 0.000000e+000
         vertex 3.217825e+000 1.158034e+000 0.000000e+000
         vertex 3.216062e+000 1.173907e+000 0.000000e+000
      endloop
   endfacet
   facet normal 0.000000e+000 0.000000e+000 -1.000000e+000
      outer loop
         vertex 6.141084e+000 1.801967e+000 0.000000e+000
         vertex 3.216062e+000 1.173907e+000 0.000000e+000
         vertex 3.214552e+000 1.189805e+000 0.000000e+000
      endloop
   endfacet
   facet normal 0.000000e+000 0.000000e+000 -1.000000e+000
      outer loop
         vertex 3.214552e+000 1.189805e+000 0.000000e+000
         vertex 3.213296e+000 1.205726e+000 0.000000e+000
         vertex 6.141084e+000 1.801967e+000 0.000000e+000
      endloop
   endfacet
   facet normal 0.000000e+000 0.000000e+000 -1.000000e+000
      outer loop
         vertex 6.141084e+000 1.801967e+000 0.000000e+000
         vertex 3.213296e+000 1.205726e+000 0.000000e+000
         vertex 3.212294e+000 1.221665e+000 0.000000e+000
      endloop
   endfacet
   facet normal 0.000000e+000 0.000000e+000 -1.000000e+000
      outer loop
         vertex 6.141084e+000 1.801967e+000 0.000000e+000
         vertex 3.212294e+000 1.221665e+000 0.000000e+000
         vertex 3.211547e+000 1.237618e+000 0.000000e+000
      endloop
   endfacet
   facet normal 0.000000e+000 0.000000e+000 -1.000000e+000
      outer loop
         vertex 3.237749e+000 1.507012e+000 0.000000e+000
         vertex 6.141084e+000 1.801967e+000 0.000000e+000
         vertex 3.234190e+000 1.491443e+000 0.000000e+000
      endloop
   endfacet
   facet normal 0.000000e+000 0.000000e+000 -1.000000e+000
      outer loop
         vertex 3.669892e+000 2.117488e+000 0.000000e+000
         vertex 3.683393e+000 2.126019e+000 0.000000e+000
         vertex 6.141084e+000 1.801967e+000 0.000000e+000
      endloop
   endfacet
   facet normal 0.000000e+000 0.000000e+000 -1.000000e+000
      outer loop
         vertex -8.079799e+000 -2.289693e+001 0.000000e+000
         vertex -6.919986e+000 -2.637439e+001 0.000000e+000
         vertex -8.229320e+000 -2.295001e+001 0.000000e+000
      endloop
   endfacet
   facet normal 0.000000e+000 0.000000e+000 -1.000000e+000
      outer loop
         vertex -8.229320e+000 -2.295001e+001 0.000000e+000
         vertex -6.919986e+000 -2.637439e+001 0.000000e+000
         vertex -7.076851e+000 -2.639821e+001 0.000000e+000
      endloop
   endfacet
   facet normal 0.000000e+000 0.000000e+000 -1.000000e+000
      outer loop
         vertex -8.229320e+000 -2.295001e+001 0.000000e+000
         vertex -7.076851e+000 -2.639821e+001 0.000000e+000
         vertex -8.379665e+000 -2.300071e+001 0.000000e+000
      endloop
   endfacet
   facet normal 0.000000e+000 0.000000e+000 -1.000000e+000
      outer loop
         vertex -2.276139e+000 -5.981571e+000 0.000000e+000
         vertex -2.370829e+000 -5.944676e+000 0.000000e+000
         vertex 1.500000e+000 -6.221736e+000 0.000000e+000
      endloop
   endfacet
   facet normal 0.000000e+000 0.000000e+000 -1.000000e+000
      outer loop
         vertex 1.500000e+000 -6.221736e+000 0.000000e+000
         vertex -2.370829e+000 -5.944676e+000 0.000000e+000
         vertex -2.464920e+000 -5.906282e+000 0.000000e+000
      endloop
   endfacet
   facet normal 0.000000e+000 0.000000e+000 -1.000000e+000
      outer loop
         vertex 1.500000e+000 -6.221736e+000 0.000000e+000
         vertex -2.464920e+000 -5.906282e+000 0.000000e+000
         vertex -2.558390e+000 -5.866399e+000 0.000000e+000
      endloop
   endfacet
   facet normal 0.000000e+000 0.000000e+000 -1.000000e+000
      outer loop
         vertex -5.686296e+000 -2.937010e+000 0.000000e+000
         vertex -5.732214e+000 -2.846352e+000 0.000000e+000
         vertex 1.500000e+000 -6.221736e+000 0.000000e+000
      endloop
   endfacet
   facet normal 0.000000e+000 0.000000e+000 -1.000000e+000
      outer loop
         vertex 1.500000e+000 -6.221736e+000 0.000000e+000
         vertex -5.732214e+000 -2.846352e+000 0.000000e+000
         vertex -5.776686e+000 -2.754977e+000 0.000000e+000
      endloop
   endfacet
   facet normal 0.000000e+000 0.000000e+000 -1.000000e+000
      outer loop
         vertex 1.500000e+000 -6.221736e+000 0.000000e+000
         vertex -5.776686e+000 -2.754977e+000 0.000000e+000
         vertex -5.819702e+000 -2.662906e+000 0.000000e+000
      endloop
   endfacet
   facet normal 0.000000e+000 0.000000e+000 -1.000000e+000
      outer loop
         vertex -5.819702e+000 -2.662906e+000 0.000000e+000
         vertex -5.861250e+000 -2.570164e+000 0.000000e+000
         vertex 1.500000e+000 -6.221736e+000 0.000000e+000
      endloop
   endfacet
   facet normal 0.000000e+000 0.000000e+000 -1.000000e+000
      outer loop
         vertex 1.500000e+000 -6.221736e+000 0.000000e+000
         vertex -5.861250e+000 -2.570164e+000 0.000000e+000
         vertex -5.901321e+000 -2.476775e+000 0.000000e+000
      endloop
   endfacet
   facet normal 0.000000e+000 0.000000e+000 -1.000000e+000
      outer loop
         vertex 1.500000e+000 -6.221736e+000 0.000000e+000
         vertex -5.901321e+000 -2.476775e+000 0.000000e+000
         vertex -5.939903e+000 -2.382761e+000 0.000000e+000
      endloop
   endfacet
   facet normal 0.000000e+000 0.000000e+000 -1.000000e+000
      outer loop
         vertex -6.348105e+000 -8.133591e-001 0.000000e+000
         vertex -6.360220e+000 -7.124606e-001 0.000000e+000
         vertex 1.500000e+000 -6.221736e+000 0.000000e+000
      endloop
   endfacet
   facet normal 0.000000e+000 0.000000e+000 -1.000000e+000
      outer loop
         vertex 1.500000e+000 -6.221736e+000 0.000000e+000
         vertex -6.360220e+000 -7.124606e-001 0.000000e+000
         vertex -6.370731e+000 -6.113824e-001 0.000000e+000
      endloop
   endfacet
   facet normal 0.000000e+000 0.000000e+000 -1.000000e+000
      outer loop
         vertex 1.500000e+000 -6.221736e+000 0.000000e+000
         vertex -6.370731e+000 -6.113824e-001 0.000000e+000
         vertex -6.379635e+000 -5.101500e-001 0.000000e+000
      endloop
   endfacet
   facet normal 0.000000e+000 0.000000e+000 -1.000000e+000
      outer loop
         vertex -3.321142e+000 -7.280232e-001 0.000000e+000
         vertex -3.309115e+000 -7.808714e-001 0.000000e+000
         vertex -6.399999e+000 -2.570200e-003 0.000000e+000
      endloop
   endfacet
   facet normal 0.000000e+000 0.000000e+000 -1.000000e+000
      outer loop
         vertex -6.399999e+000 -2.570200e-003 0.000000e+000
         vertex -3.309115e+000 -7.808714e-001 0.000000e+000
         vertex -3.296247e+000 -8.335211e-001 0.000000e+000
      endloop
   endfacet
   facet normal 0.000000e+000 0.000000e+000 -1.000000e+000
      outer loop
         vertex -6.399999e+000 -2.570200e-003 0.000000e+000
         vertex -3.296247e+000 -8.335211e-001 0.000000e+000
         vertex -3.282541e+000 -8.859591e-001 0.000000e+000
      endloop
   endfacet
   facet normal 0.000000e+000 0.000000e+000 -1.000000e+000
      outer loop
         vertex -3.282541e+000 -8.859591e-001 0.000000e+000
         vertex -3.268001e+000 -9.381719e-001 0.000000e+000
         vertex -6.399999e+000 -2.570200e-003 0.000000e+000
      endloop
   endfacet
   facet normal 0.000000e+000 0.000000e+000 -1.000000e+000
      outer loop
         vertex -6.399999e+000 -2.570200e-003 0.000000e+000
         vertex -3.268001e+000 -9.381719e-001 0.000000e+000
         vertex -3.252631e+000 -9.901463e-001 0.000000e+000
      endloop
   endfacet
   facet normal 0.000000e+000 0.000000e+000 -1.000000e+000
      outer loop
         vertex -6.399999e+000 -2.570200e-003 0.000000e+000
         vertex -3.252631e+000 -9.901463e-001 0.000000e+000
         vertex -3.236435e+000 -1.041869e+000 0.000000e+000
      endloop
   endfacet
   facet normal 0.000000e+000 0.000000e+000 -1.000000e+000
      outer loop
         vertex -3.236435e+000 -1.041869e+000 0.000000e+000
         vertex -3.219415e+000 -1.093327e+000 0.000000e+000
         vertex -6.399999e+000 -2.570200e-003 0.000000e+000
      endloop
   endfacet
   facet normal 0.000000e+000 0.000000e+000 -1.000000e+000
      outer loop
         vertex -6.399999e+000 -2.570200e-003 0.000000e+000
         vertex -3.219415e+000 -1.093327e+000 0.000000e+000
         vertex -3.201578e+000 -1.144507e+000 0.000000e+000
      endloop
   endfacet
   facet normal 0.000000e+000 0.000000e+000 -1.000000e+000
      outer loop
         vertex -6.399999e+000 -2.570200e-003 0.000000e+000
         vertex -3.201578e+000 -1.144507e+000 0.000000e+000
         vertex -3.182927e+000 -1.195397e+000 0.000000e+000
      endloop
   endfacet
   facet normal 0.000000e+000 0.000000e+000 -1.000000e+000
      outer loop
         vertex -2.979308e+000 -1.638207e+000 0.000000e+000
         vertex -2.952816e+000 -1.685490e+000 0.000000e+000
         vertex -6.399999e+000 -2.570200e-003 0.000000e+000
      endloop
   endfacet
   facet normal 0.000000e+000 0.000000e+000 -1.000000e+000
      outer loop
         vertex -6.399999e+000 -2.570200e-003 0.000000e+000
         vertex -2.952816e+000 -1.685490e+000 0.000000e+000
         vertex -2.925573e+000 -1.732345e+000 0.000000e+000
      endloop
   endfacet
   facet normal 0.000000e+000 0.000000e+000 -1.000000e+000
      outer loop
         vertex -2.746760e+000 -2.003824e+000 0.000000e+000
         vertex -2.714469e+000 -2.047354e+000 0.000000e+000
         vertex -6.399999e+000 -2.570200e-003 0.000000e+000
      endloop
   endfacet
   facet normal 0.000000e+000 0.000000e+000 -1.000000e+000
      outer loop
         vertex -6.399999e+000 -2.570200e-003 0.000000e+000
         vertex -2.714469e+000 -2.047354e+000 0.000000e+000
         vertex -2.681489e+000 -2.090364e+000 0.000000e+000
      endloop
   endfacet
   facet normal 0.000000e+000 0.000000e+000 -1.000000e+000
      outer loop
         vertex -6.399999e+000 -2.570200e-003 0.000000e+000
         vertex -2.681489e+000 -2.090364e+000 0.000000e+000
         vertex -2.647826e+000 -2.132842e+000 0.000000e+000
      endloop
   endfacet
   facet normal 0.000000e+000 0.000000e+000 -1.000000e+000
      outer loop
         vertex -1.319416e+000 -3.133551e+000 0.000000e+000
         vertex -1.269298e+000 -3.154185e+000 0.000000e+000
         vertex 1.500000e+000 -6.221736e+000 0.000000e+000
      endloop
   endfacet
   facet normal 0.000000e+000 0.000000e+000 -1.000000e+000
      outer loop
         vertex 1.500000e+000 -6.221736e+000 0.000000e+000
         vertex -1.269298e+000 -3.154185e+000 0.000000e+000
         vertex -1.218858e+000 -3.174017e+000 0.000000e+000
      endloop
   endfacet
   facet normal 0.000000e+000 0.000000e+000 -1.000000e+000
      outer loop
         vertex 1.500000e+000 -6.221736e+000 0.000000e+000
         vertex -1.218858e+000 -3.174017e+000 0.000000e+000
         vertex -1.168108e+000 -3.193043e+000 0.000000e+000
      endloop
   endfacet
   facet normal 0.000000e+000 0.000000e+000 -1.000000e+000
      outer loop
         vertex 3.241001e+000 1.032478e+000 0.000000e+000
         vertex 3.237229e+000 1.047997e+000 0.000000e+000
         vertex 6.141084e+000 1.801967e+000 0.000000e+000
      endloop
   endfacet
   facet normal 0.000000e+000 0.000000e+000 -1.000000e+000
      outer loop
         vertex 6.141084e+000 1.801967e+000 0.000000e+000
         vertex 3.237229e+000 1.047997e+000 0.000000e+000
         vertex 3.233706e+000 1.063573e+000 0.000000e+000
      endloop
   endfacet
   facet normal 0.000000e+000 0.000000e+000 -1.000000e+000
      outer loop
         vertex 6.141084e+000 1.801967e+000 0.000000e+000
         vertex 3.233706e+000 1.063573e+000 0.000000e+000
         vertex 3.230432e+000 1.079204e+000 0.000000e+000
      endloop
   endfacet
   facet normal 0.000000e+000 0.000000e+000 -1.000000e+000
      outer loop
         vertex 3.222454e+000 1.428659e+000 0.000000e+000
         vertex 3.225012e+000 1.444424e+000 0.000000e+000
         vertex 6.141084e+000 1.801967e+000 0.000000e+000
      endloop
   endfacet
   facet normal 0.000000e+000 0.000000e+000 -1.000000e+000
      outer loop
         vertex 3.669892e+000 2.117488e+000 0.000000e+000
         vertex 6.141084e+000 1.801967e+000 0.000000e+000
         vertex 3.656529e+000 2.108743e+000 0.000000e+000
      endloop
   endfacet
   facet normal 0.000000e+000 0.000000e+000 -1.000000e+000
      outer loop
         vertex 3.683393e+000 2.126019e+000 0.000000e+000
         vertex 3.697029e+000 2.134333e+000 0.000000e+000
         vertex 6.141084e+000 1.801967e+000 0.000000e+000
      endloop
   endfacet
   facet normal 0.000000e+000 0.000000e+000 -1.000000e+000
      outer loop
         vertex 6.141084e+000 1.801967e+000 0.000000e+000
         vertex 3.697029e+000 2.134333e+000 0.000000e+000
         vertex 3.710795e+000 2.142428e+000 0.000000e+000
      endloop
   endfacet
   facet normal 0.000000e+000 0.000000e+000 -1.000000e+000
      outer loop
         vertex 6.141084e+000 1.801967e+000 0.000000e+000
         vertex 3.710795e+000 2.142428e+000 0.000000e+000
         vertex 6.111698e+000 1.899249e+000 0.000000e+000
      endloop
   endfacet
   facet normal 0.000000e+000 0.000000e+000 -1.000000e+000
      outer loop
         vertex 5.734499e+000 2.841747e+000 0.000000e+000
         vertex 5.778897e+000 2.750336e+000 0.000000e+000
         vertex 3.710795e+000 2.142428e+000 0.000000e+000
      endloop
   endfacet
   facet normal 0.000000e+000 0.000000e+000 -1.000000e+000
      outer loop
         vertex 3.710795e+000 2.142428e+000 0.000000e+000
         vertex 5.778897e+000 2.750336e+000 0.000000e+000
         vertex 5.821839e+000 2.658231e+000 0.000000e+000
      endloop
   endfacet
   facet normal 0.000000e+000 0.000000e+000 -1.000000e+000
      outer loop
         vertex 3.710795e+000 2.142428e+000 0.000000e+000
         vertex 5.821839e+000 2.658231e+000 0.000000e+000
         vertex 5.863313e+000 2.565456e+000 0.000000e+000
      endloop
   endfacet
   facet normal 0.000000e+000 0.000000e+000 -1.000000e+000
      outer loop
         vertex 3.710795e+000 2.142428e+000 0.000000e+000
         vertex 5.978824e+000 2.283344e+000 0.000000e+000
         vertex 6.014326e+000 2.188124e+000 0.000000e+000
      endloop
   endfacet
   facet normal 0.000000e+000 0.000000e+000 -1.000000e+000
      outer loop
         vertex -1.054944e+001 -2.345472e+001 0.000000e+000
         vertex -1.039162e+001 -2.343839e+001 0.000000e+000
         vertex -8.500000e+000 -2.650000e+001 0.000000e+000
      endloop
   endfacet
   facet normal 0.000000e+000 0.000000e+000 -1.000000e+000
      outer loop
         vertex -8.500000e+000 -2.650000e+001 0.000000e+000
         vertex -1.039162e+001 -2.343839e+001 0.000000e+000
         vertex -1.023408e+001 -2.341955e+001 0.000000e+000
      endloop
   endfacet
   facet normal 0.000000e+000 0.000000e+000 -1.000000e+000
      outer loop
         vertex -8.500000e+000 -2.650000e+001 0.000000e+000
         vertex -1.023408e+001 -2.341955e+001 0.000000e+000
         vertex -1.007685e+001 -2.339821e+001 0.000000e+000
      endloop
   endfacet
   facet normal 0.000000e+000 0.000000e+000 -1.000000e+000
      outer loop
         vertex -1.007685e+001 -2.339821e+001 0.000000e+000
         vertex -9.919986e+000 -2.337439e+001 0.000000e+000
         vertex -8.500000e+000 -2.650000e+001 0.000000e+000
      endloop
   endfacet
   facet normal 0.000000e+000 0.000000e+000 -1.000000e+000
      outer loop
         vertex -8.500000e+000 -2.650000e+001 0.000000e+000
         vertex -9.919986e+000 -2.337439e+001 0.000000e+000
         vertex -9.763518e+000 -2.334808e+001 0.000000e+000
      endloop
   endfacet
   facet normal 0.000000e+000 0.000000e+000 -1.000000e+000
      outer loop
         vertex -8.500000e+000 -2.650000e+001 0.000000e+000
         vertex -9.763518e+000 -2.334808e+001 0.000000e+000
         vertex -9.607488e+000 -2.331929e+001 0.000000e+000
      endloop
   endfacet
   facet normal 0.000000e+000 0.000000e+000 -1.000000e+000
      outer loop
         vertex -7.076851e+000 -2.639821e+001 0.000000e+000
         vertex -7.234076e+000 -2.641955e+001 0.000000e+000
         vertex -8.379665e+000 -2.300071e+001 0.000000e+000
      endloop
   endfacet
   facet normal 0.000000e+000 0.000000e+000 -1.000000e+000
      outer loop
         vertex -8.379665e+000 -2.300071e+001 0.000000e+000
         vertex -7.234076e+000 -2.641955e+001 0.000000e+000
         vertex -7.391618e+000 -2.643839e+001 0.000000e+000
      endloop
   endfacet
   facet normal 0.000000e+000 0.000000e+000 -1.000000e+000
      outer loop
         vertex -8.379665e+000 -2.300071e+001 0.000000e+000
         vertex -7.391618e+000 -2.643839e+001 0.000000e+000
         vertex -8.530796e+000 -2.304902e+001 0.000000e+000
      endloop
   endfacet
   facet normal 0.000000e+000 0.000000e+000 -1.000000e+000
      outer loop
         vertex -8.530796e+000 -2.304902e+001 0.000000e+000
         vertex -7.391618e+000 -2.643839e+001 0.000000e+000
         vertex -7.549439e+000 -2.645472e+001 0.000000e+000
      endloop
   endfacet
   facet normal 0.000000e+000 0.000000e+000 -1.000000e+000
      outer loop
         vertex -8.530796e+000 -2.304902e+001 0.000000e+000
         vertex -7.549439e+000 -2.645472e+001 0.000000e+000
         vertex -8.682674e+000 -2.309493e+001 0.000000e+000
      endloop
   endfacet
   facet normal 0.000000e+000 0.000000e+000 -1.000000e+000
      outer loop
         vertex -8.682674e+000 -2.309493e+001 0.000000e+000
         vertex -7.549439e+000 -2.645472e+001 0.000000e+000
         vertex -7.707500e+000 -2.646855e+001 0.000000e+000
      endloop
   endfacet
   facet normal 0.000000e+000 0.000000e+000 -1.000000e+000
      outer loop
         vertex -8.682674e+000 -2.309493e+001 0.000000e+000
         vertex -7.707500e+000 -2.646855e+001 0.000000e+000
         vertex -8.835261e+000 -2.313842e+001 0.000000e+000
      endloop
   endfacet
   facet normal 0.000000e+000 0.000000e+000 -1.000000e+000
      outer loop
         vertex -3.367821e+000 -5.442222e+000 0.000000e+000
         vertex -3.453809e+000 -5.388061e+000 0.000000e+000
         vertex 1.500000e+000 -6.221736e+000 0.000000e+000
      endloop
   endfacet
   facet normal 0.000000e+000 0.000000e+000 -1.000000e+000
      outer loop
         vertex 1.500000e+000 -6.221736e+000 0.000000e+000
         vertex -3.453809e+000 -5.388061e+000 0.000000e+000
         vertex -3.538926e+000 -5.332542e+000 0.000000e+000
      endloop
   endfacet
   facet normal 0.000000e+000 0.000000e+000 -1.000000e+000
      outer loop
         vertex 1.500000e+000 -6.221736e+000 0.000000e+000
         vertex -3.538926e+000 -5.332542e+000 0.000000e+000
         vertex -3.623151e+000 -5.275678e+000 0.000000e+000
      endloop
   endfacet
   facet normal 0.000000e+000 0.000000e+000 -1.000000e+000
      outer loop
         vertex -3.623151e+000 -5.275678e+000 0.000000e+000
         vertex -3.706461e+000 -5.217484e+000 0.000000e+000
         vertex 1.500000e+000 -6.221736e+000 0.000000e+000
      endloop
   endfacet
   facet normal 0.000000e+000 0.000000e+000 -1.000000e+000
      outer loop
         vertex 1.500000e+000 -6.221736e+000 0.000000e+000
         vertex -3.706461e+000 -5.217484e+000 0.000000e+000
         vertex -3.788838e+000 -5.157975e+000 0.000000e+000
      endloop
   endfacet
   facet normal 0.000000e+000 0.000000e+000 -1.000000e+000
      outer loop
         vertex 1.500000e+000 -6.221736e+000 0.000000e+000
         vertex -3.788838e+000 -5.157975e+000 0.000000e+000
         vertex -3.870260e+000 -5.097165e+000 0.000000e+000
      endloop
   endfacet
   facet normal 0.000000e+000 0.000000e+000 -1.000000e+000
      outer loop
         vertex -3.870260e+000 -5.097165e+000 0.000000e+000
         vertex -3.950705e+000 -5.035070e+000 0.000000e+000
         vertex 1.500000e+000 -6.221736e+000 0.000000e+000
      endloop
   endfacet
   facet normal 0.000000e+000 0.000000e+000 -1.000000e+000
      outer loop
         vertex 1.500000e+000 -6.221736e+000 0.000000e+000
         vertex -3.950705e+000 -5.035070e+000 0.000000e+000
         vertex -4.030155e+000 -4.971705e+000 0.000000e+000
      endloop
   endfacet
   facet normal 0.000000e+000 0.000000e+000 -1.000000e+000
      outer loop
         vertex 1.500000e+000 -6.221736e+000 0.000000e+000
         vertex -4.030155e+000 -4.971705e+000 0.000000e+000
         vertex -4.108588e+000 -4.907087e+000 0.000000e+000
      endloop
   endfacet
   facet normal 0.000000e+000 0.000000e+000 -1.000000e+000
      outer loop
         vertex -4.697157e+000 -4.347035e+000 0.000000e+000
         vertex -4.765588e+000 -4.271905e+000 0.000000e+000
         vertex 1.500000e+000 -6.221736e+000 0.000000e+000
      endloop
   endfacet
   facet normal 0.000000e+000 0.000000e+000 -1.000000e+000
      outer loop
         vertex 1.500000e+000 -6.221736e+000 0.000000e+000
         vertex -4.765588e+000 -4.271905e+000 0.000000e+000
         vertex -4.832817e+000 -4.195698e+000 0.000000e+000
      endloop
   endfacet
   facet normal 0.000000e+000 0.000000e+000 -1.000000e+000
      outer loop
         vertex 1.500000e+000 -6.221736e+000 0.000000e+000
         vertex -4.832817e+000 -4.195698e+000 0.000000e+000
         vertex -4.898828e+000 -4.118433e+000 0.000000e+000
      endloop
   endfacet
   facet normal 0.000000e+000 0.000000e+000 -1.000000e+000
      outer loop
         vertex -2.925573e+000 -1.732345e+000 0.000000e+000
         vertex -2.897587e+000 -1.778760e+000 0.000000e+000
         vertex -6.399999e+000 -2.570200e-003 0.000000e+000
      endloop
   endfacet
   facet normal 0.000000e+000 0.000000e+000 -1.000000e+000
      outer loop
         vertex -6.399999e+000 -2.570200e-003 0.000000e+000
         vertex -2.897587e+000 -1.778760e+000 0.000000e+000
         vertex -2.868865e+000 -1.824724e+000 0.000000e+000
      endloop
   endfacet
   facet normal 0.000000e+000 0.000000e+000 -1.000000e+000
      outer loop
         vertex -6.399999e+000 -2.570200e-003 0.000000e+000
         vertex -2.868865e+000 -1.824724e+000 0.000000e+000
         vertex -2.839413e+000 -1.870223e+000 0.000000e+000
      endloop
   endfacet
   facet normal 0.000000e+000 0.000000e+000 -1.000000e+000
      outer loop
         vertex -2.839413e+000 -1.870223e+000 0.000000e+000
         vertex -2.809240e+000 -1.915247e+000 0.000000e+000
         vertex -6.399999e+000 -2.570200e-003 0.000000e+000
      endloop
   endfacet
   facet normal 0.000000e+000 0.000000e+000 -1.000000e+000
      outer loop
         vertex -6.399999e+000 -2.570200e-003 0.000000e+000
         vertex -2.809240e+000 -1.915247e+000 0.000000e+000
         vertex -2.778353e+000 -1.959784e+000 0.000000e+000
      endloop
   endfacet
   facet normal 0.000000e+000 0.000000e+000 -1.000000e+000
      outer loop
         vertex -6.399999e+000 -2.570200e-003 0.000000e+000
         vertex -2.778353e+000 -1.959784e+000 0.000000e+000
         vertex -2.746760e+000 -2.003824e+000 0.000000e+000
      endloop
   endfacet
   facet normal 0.000000e+000 0.000000e+000 -1.000000e+000
      outer loop
         vertex -2.647826e+000 -2.132842e+000 0.000000e+000
         vertex -2.613491e+000 -2.174779e+000 0.000000e+000
         vertex -6.399999e+000 -2.570200e-003 0.000000e+000
      endloop
   endfacet
   facet normal 0.000000e+000 0.000000e+000 -1.000000e+000
      outer loop
         vertex -6.399999e+000 -2.570200e-003 0.000000e+000
         vertex -2.613491e+000 -2.174779e+000 0.000000e+000
         vertex -2.578492e+000 -2.216163e+000 0.000000e+000
      endloop
   endfacet
   facet normal 0.000000e+000 0.000000e+000 -1.000000e+000
      outer loop
         vertex -6.399999e+000 -2.570200e-003 0.000000e+000
         vertex -2.578492e+000 -2.216163e+000 0.000000e+000
         vertex -2.542838e+000 -2.256984e+000 0.000000e+000
      endloop
   endfacet
   facet normal 0.000000e+000 0.000000e+000 -1.000000e+000
      outer loop
         vertex -2.542838e+000 -2.256984e+000 0.000000e+000
         vertex -2.506537e+000 -2.297231e+000 0.000000e+000
         vertex -6.399999e+000 -2.570200e-003 0.000000e+000
      endloop
   endfacet
   facet normal 0.000000e+000 0.000000e+000 -1.000000e+000
      outer loop
         vertex -6.399999e+000 -2.570200e-003 0.000000e+000
         vertex -2.506537e+000 -2.297231e+000 0.000000e+000
         vertex -2.469599e+000 -2.336895e+000 0.000000e+000
      endloop
   endfacet
   facet normal 0.000000e+000 0.000000e+000 -1.000000e+000
      outer loop
         vertex -6.399999e+000 -2.570200e-003 0.000000e+000
         vertex -2.469599e+000 -2.336895e+000 0.000000e+000
         vertex -2.432034e+000 -2.375965e+000 0.000000e+000
      endloop
   endfacet
   facet normal 0.000000e+000 0.000000e+000 -1.000000e+000
      outer loop
         vertex -1.516410e+000 -3.043107e+000 0.000000e+000
         vertex -1.467708e+000 -3.066893e+000 0.000000e+000
         vertex 1.500000e+000 -6.221736e+000 0.000000e+000
      endloop
   endfacet
   facet normal 0.000000e+000 0.000000e+000 -1.000000e+000
      outer loop
         vertex 1.500000e+000 -6.221736e+000 0.000000e+000
         vertex -5.397077e-001 -3.356891e+000 0.000000e+000
         vertex -4.861286e-001 -3.365067e+000 0.000000e+000
      endloop
   endfacet
   facet normal 0.000000e+000 0.000000e+000 -1.000000e+000
      outer loop
         vertex 2.166533e-001 -3.393090e+000 0.000000e+000
         vertex 2.707133e-001 -3.389205e+000 0.000000e+000
         vertex 1.500000e+000 -6.221736e+000 0.000000e+000
      endloop
   endfacet
   facet normal 0.000000e+000 0.000000e+000 -1.000000e+000
      outer loop
         vertex 3.211547e+000 1.237618e+000 0.000000e+000
         vertex 3.211056e+000 1.253581e+000 0.000000e+000
         vertex 6.141084e+000 1.801967e+000 0.000000e+000
      endloop
   endfacet
   facet normal 0.000000e+000 0.000000e+000 -1.000000e+000
      outer loop
         vertex 6.141084e+000 1.801967e+000 0.000000e+000
         vertex 3.211056e+000 1.253581e+000 0.000000e+000
         vertex 3.210819e+000 1.269549e+000 0.000000e+000
      endloop
   endfacet
   facet normal 0.000000e+000 0.000000e+000 -1.000000e+000
      outer loop
         vertex 6.141084e+000 1.801967e+000 0.000000e+000
         vertex 3.210819e+000 1.269549e+000 0.000000e+000
         vertex 3.210837e+000 1.285519e+000 0.000000e+000
      endloop
   endfacet
   facet normal 0.000000e+000 0.000000e+000 -1.000000e+000
      outer loop
         vertex 3.225012e+000 1.444424e+000 0.000000e+000
         vertex 3.227821e+000 1.460145e+000 0.000000e+000
         vertex 6.141084e+000 1.801967e+000 0.000000e+000
      endloop
   endfacet
   facet normal 0.000000e+000 0.000000e+000 -1.000000e+000
      outer loop
         vertex 6.141084e+000 1.801967e+000 0.000000e+000
         vertex 3.227821e+000 1.460145e+000 0.000000e+000
         vertex 3.230880e+000 1.475819e+000 0.000000e+000
      endloop
   endfacet
   facet normal 0.000000e+000 0.000000e+000 -1.000000e+000
      outer loop
         vertex 6.141084e+000 1.801967e+000 0.000000e+000
         vertex 3.230880e+000 1.475819e+000 0.000000e+000
         vertex 3.234190e+000 1.491443e+000 0.000000e+000
      endloop
   endfacet
   facet normal 0.000000e+000 0.000000e+000 -1.000000e+000
      outer loop
         vertex 3.579437e+000 2.051894e+000 0.000000e+000
         vertex 3.591902e+000 2.061878e+000 0.000000e+000
         vertex 6.141084e+000 1.801967e+000 0.000000e+000
      endloop
   endfacet
   facet normal 0.000000e+000 0.000000e+000 -1.000000e+000
      outer loop
         vertex 6.141084e+000 1.801967e+000 0.000000e+000
         vertex 3.591902e+000 2.061878e+000 0.000000e+000
         vertex 3.604525e+000 2.071662e+000 0.000000e+000
      endloop
   endfacet
   facet normal 0.000000e+000 0.000000e+000 -1.000000e+000
      outer loop
         vertex 6.141084e+000 1.801967e+000 0.000000e+000
         vertex 3.604525e+000 2.071662e+000 0.000000e+000
         vertex 3.617302e+000 2.081242e+000 0.000000e+000
      endloop
   endfacet
   facet normal 0.000000e+000 0.000000e+000 -1.000000e+000
      outer loop
         vertex 5.863313e+000 2.565456e+000 0.000000e+000
         vertex 5.903308e+000 2.472034e+000 0.000000e+000
         vertex 3.710795e+000 2.142428e+000 0.000000e+000
      endloop
   endfacet
   facet normal 0.000000e+000 0.000000e+000 -1.000000e+000
      outer loop
         vertex 3.710795e+000 2.142428e+000 0.000000e+000
         vertex 5.903308e+000 2.472034e+000 0.000000e+000
         vertex 5.941815e+000 2.377989e+000 0.000000e+000
      endloop
   endfacet
   facet normal 0.000000e+000 0.000000e+000 -1.000000e+000
      outer loop
         vertex 3.710795e+000 2.142428e+000 0.000000e+000
         vertex 5.941815e+000 2.377989e+000 0.000000e+000
         vertex 5.978824e+000 2.283344e+000 0.000000e+000
      endloop
   endfacet
   facet normal 0.000000e+000 0.000000e+000 -1.000000e+000
      outer loop
         vertex 6.014326e+000 2.188124e+000 0.000000e+000
         vertex 6.048311e+000 2.092352e+000 0.000000e+000
         vertex 3.710795e+000 2.142428e+000 0.000000e+000
      endloop
   endfacet
   facet normal 0.000000e+000 0.000000e+000 -1.000000e+000
      outer loop
         vertex 3.710795e+000 2.142428e+000 0.000000e+000
         vertex 6.048311e+000 2.092352e+000 0.000000e+000
         vertex 6.080771e+000 1.996052e+000 0.000000e+000
      endloop
   endfacet
   facet normal 0.000000e+000 0.000000e+000 -1.000000e+000
      outer loop
         vertex 3.710795e+000 2.142428e+000 0.000000e+000
         vertex 6.080771e+000 1.996052e+000 0.000000e+000
         vertex 6.111698e+000 1.899249e+000 0.000000e+000
      endloop
   endfacet
   facet normal 0.000000e+000 0.000000e+000 -1.000000e+000
      outer loop
         vertex -7.636549e+000 -2.272354e+001 0.000000e+000
         vertex -6.296895e+000 -2.625430e+001 0.000000e+000
         vertex -7.783375e+000 -2.278368e+001 0.000000e+000
      endloop
   endfacet
   facet normal 0.000000e+000 0.000000e+000 -1.000000e+000
      outer loop
         vertex -7.783375e+000 -2.278368e+001 0.000000e+000
         vertex -6.296895e+000 -2.625430e+001 0.000000e+000
         vertex -6.451933e+000 -2.628802e+001 0.000000e+000
      endloop
   endfacet
   facet normal 0.000000e+000 0.000000e+000 -1.000000e+000
      outer loop
         vertex -7.783375e+000 -2.278368e+001 0.000000e+000
         vertex -6.451933e+000 -2.628802e+001 0.000000e+000
         vertex -7.931138e+000 -2.284148e+001 0.000000e+000
      endloop
   endfacet
   facet normal 0.000000e+000 0.000000e+000 -1.000000e+000
      outer loop
         vertex -7.931138e+000 -2.284148e+001 0.000000e+000
         vertex -6.451933e+000 -2.628802e+001 0.000000e+000
         vertex -6.607487e+000 -2.631929e+001 0.000000e+000
      endloop
   endfacet
   facet normal 0.000000e+000 0.000000e+000 -1.000000e+000
      outer loop
         vertex -7.931138e+000 -2.284148e+001 0.000000e+000
         vertex -6.607487e+000 -2.631929e+001 0.000000e+000
         vertex -8.079799e+000 -2.289693e+001 0.000000e+000
      endloop
   endfacet
   facet normal 0.000000e+000 0.000000e+000 -1.000000e+000
      outer loop
         vertex -8.079799e+000 -2.289693e+001 0.000000e+000
         vertex -6.607487e+000 -2.631929e+001 0.000000e+000
         vertex -6.763518e+000 -2.634808e+001 0.000000e+000
      endloop
   endfacet
   facet normal 0.000000e+000 0.000000e+000 -1.000000e+000
      outer loop
         vertex -8.079799e+000 -2.289693e+001 0.000000e+000
         vertex -6.763518e+000 -2.634808e+001 0.000000e+000
         vertex -6.919986e+000 -2.637439e+001 0.000000e+000
      endloop
   endfacet
   facet normal 0.000000e+000 0.000000e+000 -1.000000e+000
      outer loop
         vertex -6.638033e+000 -2.223849e+001 0.000000e+000
         vertex -4.783376e+000 -2.578368e+001 0.000000e+000
         vertex -6.777289e+000 -2.231453e+001 0.000000e+000
      endloop
   endfacet
   facet normal 0.000000e+000 0.000000e+000 -1.000000e+000
      outer loop
         vertex -6.777289e+000 -2.231453e+001 0.000000e+000
         vertex -4.783376e+000 -2.578368e+001 0.000000e+000
         vertex -4.931138e+000 -2.584148e+001 0.000000e+000
      endloop
   endfacet
   facet normal 0.000000e+000 0.000000e+000 -1.000000e+000
      outer loop
         vertex -6.777289e+000 -2.231453e+001 0.000000e+000
         vertex -4.931138e+000 -2.584148e+001 0.000000e+000
         vertex -6.917735e+000 -2.238835e+001 0.000000e+000
      endloop
   endfacet
   facet normal 0.000000e+000 0.000000e+000 -1.000000e+000
      outer loop
         vertex -1.950978e+000 -1.646920e+001 0.000000e+000
         vertex 1.438385e+000 -1.760838e+001 0.000000e+000
         vertex -1.999289e+000 -1.662033e+001 0.000000e+000
      endloop
   endfacet
   facet normal 0.000000e+000 0.000000e+000 -1.000000e+000
      outer loop
         vertex -1.999289e+000 -1.662033e+001 0.000000e+000
         vertex 1.438385e+000 -1.760838e+001 0.000000e+000
         vertex 1.419548e+000 -1.776592e+001 0.000000e+000
      endloop
   endfacet
   facet normal 0.000000e+000 0.000000e+000 -1.000000e+000
      outer loop
         vertex -1.999289e+000 -1.662033e+001 0.000000e+000
         vertex 1.419548e+000 -1.776592e+001 0.000000e+000
         vertex -2.049992e+000 -1.677068e+001 0.000000e+000
      endloop
   endfacet
   facet normal 0.000000e+000 0.000000e+000 -1.000000e+000
      outer loop
         vertex -1.820513e+000 -1.601148e+001 0.000000e+000
         vertex 1.488673e+000 -1.697582e+001 0.000000e+000
         vertex -1.861578e+000 -1.616474e+001 0.000000e+000
      endloop
   endfacet
   facet normal 0.000000e+000 0.000000e+000 -1.000000e+000
      outer loop
         vertex -1.861578e+000 -1.616474e+001 0.000000e+000
         vertex 1.488673e+000 -1.697582e+001 0.000000e+000
         vertex 1.479867e+000 -1.713424e+001 0.000000e+000
      endloop
   endfacet
   facet normal 0.000000e+000 0.000000e+000 -1.000000e+000
      outer loop
         vertex -1.861578e+000 -1.616474e+001 0.000000e+000
         vertex 1.479867e+000 -1.713424e+001 0.000000e+000
         vertex -1.905070e+000 -1.631733e+001 0.000000e+000
      endloop
   endfacet
   facet normal 0.000000e+000 0.000000e+000 -1.000000e+000
      outer loop
         vertex -1.905070e+000 -1.631733e+001 0.000000e+000
         vertex 1.479867e+000 -1.713424e+001 0.000000e+000
         vertex 1.468548e+000 -1.729250e+001 0.000000e+000
      endloop
   endfacet
   facet normal 0.000000e+000 0.000000e+000 -1.000000e+000
      outer loop
         vertex -1.905070e+000 -1.631733e+001 0.000000e+000
         vertex 1.468548e+000 -1.729250e+001 0.000000e+000
         vertex -1.950978e+000 -1.646920e+001 0.000000e+000
      endloop
   endfacet
   facet normal 0.000000e+000 0.000000e+000 -1.000000e+000
      outer loop
         vertex -1.950978e+000 -1.646920e+001 0.000000e+000
         vertex 1.468548e+000 -1.729250e+001 0.000000e+000
         vertex 1.454719e+000 -1.745056e+001 0.000000e+000
      endloop
   endfacet
   facet normal 0.000000e+000 0.000000e+000 -1.000000e+000
      outer loop
         vertex -1.950978e+000 -1.646920e+001 0.000000e+000
         vertex 1.454719e+000 -1.745056e+001 0.000000e+000
         vertex 1.438385e+000 -1.760838e+001 0.000000e+000
      endloop
   endfacet
   facet normal 0.000000e+000 0.000000e+000 -1.000000e+000
      outer loop
         vertex -2.558390e+000 -5.866399e+000 0.000000e+000
         vertex -2.651215e+000 -5.825037e+000 0.000000e+000
         vertex 1.500000e+000 -6.221736e+000 0.000000e+000
      endloop
   endfacet
   facet normal 0.000000e+000 0.000000e+000 -1.000000e+000
      outer loop
         vertex 1.500000e+000 -6.221736e+000 0.000000e+000
         vertex -2.651215e+000 -5.825037e+000 0.000000e+000
         vertex -2.743371e+000 -5.782207e+000 0.000000e+000
      endloop
   endfacet
   facet normal 0.000000e+000 0.000000e+000 -1.000000e+000
      outer loop
         vertex 1.500000e+000 -6.221736e+000 0.000000e+000
         vertex -2.743371e+000 -5.782207e+000 0.000000e+000
         vertex -2.834836e+000 -5.737918e+000 0.000000e+000
      endloop
   endfacet
   facet normal 0.000000e+000 0.000000e+000 -1.000000e+000
      outer loop
         vertex -5.027127e+000 -3.960807e+000 0.000000e+000
         vertex -5.089383e+000 -3.880487e+000 0.000000e+000
         vertex 1.500000e+000 -6.221736e+000 0.000000e+000
      endloop
   endfacet
   facet normal 0.000000e+000 0.000000e+000 -1.000000e+000
      outer loop
         vertex 1.500000e+000 -6.221736e+000 0.000000e+000
         vertex -5.089383e+000 -3.880487e+000 0.000000e+000
         vertex -5.150357e+000 -3.799188e+000 0.000000e+000
      endloop
   endfacet
   facet normal 0.000000e+000 0.000000e+000 -1.000000e+000
      outer loop
         vertex 1.500000e+000 -6.221736e+000 0.000000e+000
         vertex -5.150357e+000 -3.799188e+000 0.000000e+000
         vertex -5.210032e+000 -3.716931e+000 0.000000e+000
      endloop
   endfacet
   facet normal 0.000000e+000 0.000000e+000 -1.000000e+000
      outer loop
         vertex -5.381115e+000 -3.464621e+000 0.000000e+000
         vertex -5.435449e+000 -3.378742e+000 0.000000e+000
         vertex 1.500000e+000 -6.221736e+000 0.000000e+000
      endloop
   endfacet
   facet normal 0.000000e+000 0.000000e+000 -1.000000e+000
      outer loop
         vertex 1.500000e+000 -6.221736e+000 0.000000e+000
         vertex -5.435449e+000 -3.378742e+000 0.000000e+000
         vertex -5.488411e+000 -3.292011e+000 0.000000e+000
      endloop
   endfacet
   facet normal 0.000000e+000 0.000000e+000 -1.000000e+000
      outer loop
         vertex 1.500000e+000 -6.221736e+000 0.000000e+000
         vertex -5.488411e+000 -3.292011e+000 0.000000e+000
         vertex -5.539990e+000 -3.204451e+000 0.000000e+000
      endloop
   endfacet
   facet normal 0.000000e+000 0.000000e+000 -1.000000e+000
      outer loop
         vertex -5.539990e+000 -3.204451e+000 0.000000e+000
         vertex -5.590173e+000 -3.116082e+000 0.000000e+000
         vertex 1.500000e+000 -6.221736e+000 0.000000e+000
      endloop
   endfacet
   facet normal 0.000000e+000 0.000000e+000 -1.000000e+000
      outer loop
         vertex 1.500000e+000 -6.221736e+000 0.000000e+000
         vertex -5.590173e+000 -3.116082e+000 0.000000e+000
         vertex -5.638946e+000 -3.026927e+000 0.000000e+000
      endloop
   endfacet
   facet normal 0.000000e+000 0.000000e+000 -1.000000e+000
      outer loop
         vertex 1.500000e+000 -6.221736e+000 0.000000e+000
         vertex -5.638946e+000 -3.026927e+000 0.000000e+000
         vertex -5.686296e+000 -2.937010e+000 0.000000e+000
      endloop
   endfacet
   facet normal 0.000000e+000 0.000000e+000 -1.000000e+000
      outer loop
         vertex 1.500000e+000 -6.221736e+000 0.000000e+000
         vertex -6.139635e+000 -1.806899e+000 0.000000e+000
         vertex -6.167551e+000 -1.709186e+000 0.000000e+000
      endloop
   endfacet
   facet normal 0.000000e+000 0.000000e+000 -1.000000e+000
      outer loop
         vertex -6.167551e+000 -1.709186e+000 0.000000e+000
         vertex -6.193912e+000 -1.611041e+000 0.000000e+000
         vertex 1.500000e+000 -6.221736e+000 0.000000e+000
      endloop
   endfacet
   facet normal 0.000000e+000 0.000000e+000 -1.000000e+000
      outer loop
         vertex 1.500000e+000 -6.221736e+000 0.000000e+000
         vertex -6.193912e+000 -1.611041e+000 0.000000e+000
         vertex -6.218711e+000 -1.512490e+000 0.000000e+000
      endloop
   endfacet
   facet normal 0.000000e+000 0.000000e+000 -1.000000e+000
      outer loop
         vertex 1.500000e+000 -6.221736e+000 0.000000e+000
         vertex -6.218711e+000 -1.512490e+000 0.000000e+000
         vertex -6.241943e+000 -1.413558e+000 0.000000e+000
      endloop
   endfacet
   facet normal 0.000000e+000 0.000000e+000 -1.000000e+000
      outer loop
         vertex -5.941815e+000 2.377989e+000 0.000000e+000
         vertex -5.903308e+000 2.472034e+000 0.000000e+000
         vertex -3.710795e+000 2.142428e+000 0.000000e+000
      endloop
   endfacet
   facet normal 0.000000e+000 0.000000e+000 -1.000000e+000
      outer loop
         vertex -3.710795e+000 2.142428e+000 0.000000e+000
         vertex -5.903308e+000 2.472034e+000 0.000000e+000
         vertex -5.863313e+000 2.565456e+000 0.000000e+000
      endloop
   endfacet
   facet normal 0.000000e+000 0.000000e+000 -1.000000e+000
      outer loop
         vertex -3.710795e+000 2.142428e+000 0.000000e+000
         vertex -5.863313e+000 2.565456e+000 0.000000e+000
         vertex -5.821839e+000 2.658231e+000 0.000000e+000
      endloop
   endfacet
   facet normal 0.000000e+000 0.000000e+000 -1.000000e+000
      outer loop
         vertex -5.821839e+000 2.658231e+000 0.000000e+000
         vertex -5.778897e+000 2.750336e+000 0.000000e+000
         vertex -3.710795e+000 2.142428e+000 0.000000e+000
      endloop
   endfacet
   facet normal 0.000000e+000 0.000000e+000 -1.000000e+000
      outer loop
         vertex -3.710795e+000 2.142428e+000 0.000000e+000
         vertex -5.778897e+000 2.750336e+000 0.000000e+000
         vertex -5.734499e+000 2.841747e+000 0.000000e+000
      endloop
   endfacet
   facet normal 0.000000e+000 0.000000e+000 -1.000000e+000
      outer loop
         vertex -3.710795e+000 2.142428e+000 0.000000e+000
         vertex -5.734499e+000 2.841747e+000 0.000000e+000
         vertex -5.688654e+000 2.932442e+000 0.000000e+000
      endloop
   endfacet
   facet normal 0.000000e+000 0.000000e+000 -1.000000e+000
      outer loop
         vertex -5.688654e+000 2.932442e+000 0.000000e+000
         vertex -5.641375e+000 3.022398e+000 0.000000e+000
         vertex -3.710795e+000 2.142428e+000 0.000000e+000
      endloop
   endfacet
   facet normal 0.000000e+000 0.000000e+000 -1.000000e+000
      outer loop
         vertex -3.710795e+000 2.142428e+000 0.000000e+000
         vertex -5.641375e+000 3.022398e+000 0.000000e+000
         vertex -5.592674e+000 3.111591e+000 0.000000e+000
      endloop
   endfacet
   facet normal 0.000000e+000 0.000000e+000 -1.000000e+000
      outer loop
         vertex -3.710795e+000 2.142428e+000 0.000000e+000
         vertex -5.592674e+000 3.111591e+000 0.000000e+000
         vertex -5.542563e+000 3.200000e+000 0.000000e+000
      endloop
   endfacet
   facet normal 0.000000e+000 0.000000e+000 -1.000000e+000
      outer loop
         vertex -6.141084e+000 1.801967e+000 0.000000e+000
         vertex -3.269105e+000 9.343190e-001 0.000000e+000
         vertex -6.168922e+000 1.704231e+000 0.000000e+000
      endloop
   endfacet
   facet normal 0.000000e+000 0.000000e+000 -1.000000e+000
      outer loop
         vertex -6.168922e+000 1.704231e+000 0.000000e+000
         vertex -3.269105e+000 9.343190e-001 0.000000e+000
         vertex -3.283583e+000 8.820891e-001 0.000000e+000
      endloop
   endfacet
   facet normal 0.000000e+000 0.000000e+000 -1.000000e+000
      outer loop
         vertex -6.168922e+000 1.704231e+000 0.000000e+000
         vertex -3.283583e+000 8.820891e-001 0.000000e+000
         vertex -6.195204e+000 1.606065e+000 0.000000e+000
      endloop
   endfacet
   facet normal 0.000000e+000 0.000000e+000 -1.000000e+000
      outer loop
         vertex -6.195204e+000 1.606065e+000 0.000000e+000
         vertex -3.283583e+000 8.820891e-001 0.000000e+000
         vertex -3.297227e+000 8.296350e-001 0.000000e+000
      endloop
   endfacet
   facet normal 0.000000e+000 0.000000e+000 -1.000000e+000
      outer loop
         vertex -6.195204e+000 1.606065e+000 0.000000e+000
         vertex -3.297227e+000 8.296350e-001 0.000000e+000
         vertex -6.219924e+000 1.507495e+000 0.000000e+000
      endloop
   endfacet
   facet normal 0.000000e+000 0.000000e+000 -1.000000e+000
      outer loop
         vertex -6.219924e+000 1.507495e+000 0.000000e+000
         vertex -3.297227e+000 8.296350e-001 0.000000e+000
         vertex -3.310033e+000 7.769701e-001 0.000000e+000
      endloop
   endfacet
   facet normal 0.000000e+000 0.000000e+000 -1.000000e+000
      outer loop
         vertex -6.219924e+000 1.507495e+000 0.000000e+000
         vertex -3.310033e+000 7.769701e-001 0.000000e+000
         vertex -6.243077e+000 1.408544e+000 0.000000e+000
      endloop
   endfacet
   facet normal 0.000000e+000 0.000000e+000 -1.000000e+000
      outer loop
         vertex -6.243077e+000 1.408544e+000 0.000000e+000
         vertex -3.310033e+000 7.769701e-001 0.000000e+000
         vertex -3.321998e+000 7.241078e-001 0.000000e+000
      endloop
   endfacet
   facet normal 0.000000e+000 0.000000e+000 -1.000000e+000
      outer loop
         vertex -6.243077e+000 1.408544e+000 0.000000e+000
         vertex -3.321998e+000 7.241078e-001 0.000000e+000
         vertex -6.264655e+000 1.309238e+000 0.000000e+000
      endloop
   endfacet
   facet normal 0.000000e+000 0.000000e+000 -1.000000e+000
      outer loop
         vertex -6.264655e+000 1.309238e+000 0.000000e+000
         vertex -3.321998e+000 7.241078e-001 0.000000e+000
         vertex -3.333118e+000 6.710615e-001 0.000000e+000
      endloop
   endfacet
   facet normal 0.000000e+000 0.000000e+000 -1.000000e+000
      outer loop
         vertex -6.264655e+000 1.309238e+000 0.000000e+000
         vertex -3.333118e+000 6.710615e-001 0.000000e+000
         vertex -6.284653e+000 1.209602e+000 0.000000e+000
      endloop
   endfacet
   facet normal 0.000000e+000 0.000000e+000 -1.000000e+000
      outer loop
         vertex -6.284653e+000 1.209602e+000 0.000000e+000
         vertex -3.333118e+000 6.710615e-001 0.000000e+000
         vertex -3.343392e+000 6.178446e-001 0.000000e+000
      endloop
   endfacet
   facet normal 0.000000e+000 0.000000e+000 -1.000000e+000
      outer loop
         vertex -6.284653e+000 1.209602e+000 0.000000e+000
         vertex -3.343392e+000 6.178446e-001 0.000000e+000
         vertex -6.303067e+000 1.109661e+000 0.000000e+000
      endloop
   endfacet
   facet normal 0.000000e+000 0.000000e+000 -1.000000e+000
      outer loop
         vertex -6.303067e+000 1.109661e+000 0.000000e+000
         vertex -3.343392e+000 6.178446e-001 0.000000e+000
         vertex -3.352816e+000 5.644706e-001 0.000000e+000
      endloop
   endfacet
   facet normal 0.000000e+000 0.000000e+000 -1.000000e+000
      outer loop
         vertex -6.303067e+000 1.109661e+000 0.000000e+000
         vertex -3.352816e+000 5.644706e-001 0.000000e+000
         vertex -6.319891e+000 1.009440e+000 0.000000e+000
      endloop
   endfacet
   facet normal 0.000000e+000 0.000000e+000 -1.000000e+000
      outer loop
         vertex -6.319891e+000 1.009440e+000 0.000000e+000
         vertex -3.352816e+000 5.644706e-001 0.000000e+000
         vertex -3.361388e+000 5.109534e-001 0.000000e+000
      endloop
   endfacet
   facet normal 0.000000e+000 0.000000e+000 -1.000000e+000
      outer loop
         vertex -6.319891e+000 1.009440e+000 0.000000e+000
         vertex -3.361388e+000 5.109534e-001 0.000000e+000
         vertex -6.335123e+000 9.089647e-001 0.000000e+000
      endloop
   endfacet
   facet normal 0.000000e+000 0.000000e+000 -1.000000e+000
      outer loop
         vertex -6.335123e+000 9.089647e-001 0.000000e+000
         vertex -3.361388e+000 5.109534e-001 0.000000e+000
         vertex -3.369105e+000 4.573062e-001 0.000000e+000
      endloop
   endfacet
   facet normal 0.000000e+000 0.000000e+000 -1.000000e+000
      outer loop
         vertex -6.335123e+000 9.089647e-001 0.000000e+000
         vertex -3.369105e+000 4.573062e-001 0.000000e+000
         vertex -6.348757e+000 8.082602e-001 0.000000e+000
      endloop
   endfacet
   facet normal 0.000000e+000 0.000000e+000 -1.000000e+000
      outer loop
         vertex -6.348757e+000 8.082602e-001 0.000000e+000
         vertex -3.369105e+000 4.573062e-001 0.000000e+000
         vertex -3.375967e+000 4.035428e-001 0.000000e+000
      endloop
   endfacet
   facet normal 0.000000e+000 0.000000e+000 -1.000000e+000
      outer loop
         vertex -6.348757e+000 8.082602e-001 0.000000e+000
         vertex -3.375967e+000 4.035428e-001 0.000000e+000
         vertex -6.360790e+000 7.073519e-001 0.000000e+000
      endloop
   endfacet
   facet normal 0.000000e+000 0.000000e+000 -1.000000e+000
      outer loop
         vertex -6.360790e+000 7.073519e-001 0.000000e+000
         vertex -3.375967e+000 4.035428e-001 0.000000e+000
         vertex -3.381971e+000 3.496769e-001 0.000000e+000
      endloop
   endfacet
   facet normal 0.000000e+000 0.000000e+000 -1.000000e+000
      outer loop
         vertex -6.360790e+000 7.073519e-001 0.000000e+000
         vertex -3.381971e+000 3.496769e-001 0.000000e+000
         vertex -6.371220e+000 6.062652e-001 0.000000e+000
      endloop
   endfacet
   facet normal 0.000000e+000 0.000000e+000 -1.000000e+000
      outer loop
         vertex -6.371220e+000 6.062652e-001 0.000000e+000
         vertex -3.381971e+000 3.496769e-001 0.000000e+000
         vertex -3.387115e+000 2.957221e-001 0.000000e+000
      endloop
   endfacet
   facet normal 0.000000e+000 0.000000e+000 -1.000000e+000
      outer loop
         vertex -6.371220e+000 6.062652e-001 0.000000e+000
         vertex -3.387115e+000 2.957221e-001 0.000000e+000
         vertex -6.380043e+000 5.050258e-001 0.000000e+000
      endloop
   endfacet
   facet normal 0.000000e+000 0.000000e+000 -1.000000e+000
      outer loop
         vertex -6.380043e+000 5.050258e-001 0.000000e+000
         vertex -3.387115e+000 2.957221e-001 0.000000e+000
         vertex -3.391399e+000 2.416922e-001 0.000000e+000
      endloop
   endfacet
   facet normal 0.000000e+000 0.000000e+000 -1.000000e+000
      outer loop
         vertex -6.380043e+000 5.050258e-001 0.000000e+000
         vertex -3.391399e+000 2.416922e-001 0.000000e+000
         vertex -6.387258e+000 4.036590e-001 0.000000e+000
      endloop
   endfacet
   facet normal 0.000000e+000 0.000000e+000 -1.000000e+000
      outer loop
         vertex -6.387258e+000 4.036590e-001 0.000000e+000
         vertex -3.391399e+000 2.416922e-001 0.000000e+000
         vertex -3.394820e+000 1.876009e-001 0.000000e+000
      endloop
   endfacet
   facet normal 0.000000e+000 0.000000e+000 -1.000000e+000
      outer loop
         vertex -6.387258e+000 4.036590e-001 0.000000e+000
         vertex -3.394820e+000 1.876009e-001 0.000000e+000
         vertex -6.392862e+000 3.021903e-001 0.000000e+000
      endloop
   endfacet
   facet normal 0.000000e+000 0.000000e+000 -1.000000e+000
      outer loop
         vertex -6.392862e+000 3.021903e-001 0.000000e+000
         vertex -3.394820e+000 1.876009e-001 0.000000e+000
         vertex -3.397380e+000 1.334619e-001 0.000000e+000
      endloop
   endfacet
   facet normal 0.000000e+000 0.000000e+000 -1.000000e+000
      outer loop
         vertex -6.392862e+000 3.021903e-001 0.000000e+000
         vertex -3.397380e+000 1.334619e-001 0.000000e+000
         vertex -6.396854e+000 2.006456e-001 0.000000e+000
      endloop
   endfacet
   facet normal 0.000000e+000 0.000000e+000 -1.000000e+000
      outer loop
         vertex -6.396854e+000 2.006456e-001 0.000000e+000
         vertex -3.397380e+000 1.334619e-001 0.000000e+000
         vertex -6.399233e+000 9.905016e-002 0.000000e+000
      endloop
   endfacet
   facet normal 0.000000e+000 0.000000e+000 -1.000000e+000
      outer loop
         vertex -6.399233e+000 9.905016e-002 0.000000e+000
         vertex -3.397380e+000 1.334619e-001 0.000000e+000
         vertex -3.399075e+000 7.928894e-002 0.000000e+000
      endloop
   endfacet
   facet normal 0.000000e+000 0.000000e+000 -1.000000e+000
      outer loop
         vertex -6.399233e+000 9.905016e-002 0.000000e+000
         vertex -3.399075e+000 7.928894e-002 0.000000e+000
         vertex -6.399999e+000 -2.570200e-003 0.000000e+000
      endloop
   endfacet
   facet normal 0.000000e+000 0.000000e+000 -1.000000e+000
      outer loop
         vertex -6.399999e+000 -2.570200e-003 0.000000e+000
         vertex -3.399075e+000 7.928894e-002 0.000000e+000
         vertex -3.399907e+000 2.509586e-002 0.000000e+000
      endloop
   endfacet
   facet normal 0.000000e+000 0.000000e+000 -1.000000e+000
      outer loop
         vertex -6.399999e+000 -2.570200e-003 0.000000e+000
         vertex -3.399907e+000 2.509586e-002 0.000000e+000
         vertex -3.399875e+000 -2.910359e-002 0.000000e+000
      endloop
   endfacet
   facet normal 0.000000e+000 0.000000e+000 -1.000000e+000
      outer loop
         vertex -3.182927e+000 -1.195397e+000 0.000000e+000
         vertex -3.163468e+000 -1.245982e+000 0.000000e+000
         vertex -6.399999e+000 -2.570200e-003 0.000000e+000
      endloop
   endfacet
   facet normal 0.000000e+000 0.000000e+000 -1.000000e+000
      outer loop
         vertex -6.399999e+000 -2.570200e-003 0.000000e+000
         vertex -3.163468e+000 -1.245982e+000 0.000000e+000
         vertex -3.143204e+000 -1.296251e+000 0.000000e+000
      endloop
   endfacet
   facet normal 0.000000e+000 0.000000e+000 -1.000000e+000
      outer loop
         vertex -6.399999e+000 -2.570200e-003 0.000000e+000
         vertex -3.143204e+000 -1.296251e+000 0.000000e+000
         vertex -3.122142e+000 -1.346191e+000 0.000000e+000
      endloop
   endfacet
   facet normal 0.000000e+000 0.000000e+000 -1.000000e+000
      outer loop
         vertex -2.432034e+000 -2.375965e+000 0.000000e+000
         vertex -2.393851e+000 -2.414431e+000 0.000000e+000
         vertex -6.399999e+000 -2.570200e-003 0.000000e+000
      endloop
   endfacet
   facet normal 0.000000e+000 0.000000e+000 -1.000000e+000
      outer loop
         vertex -6.399999e+000 -2.570200e-003 0.000000e+000
         vertex -2.393851e+000 -2.414431e+000 0.000000e+000
         vertex -2.355060e+000 -2.452283e+000 0.000000e+000
      endloop
   endfacet
   facet normal 0.000000e+000 0.000000e+000 -1.000000e+000
      outer loop
         vertex -6.399999e+000 -2.570200e-003 0.000000e+000
         vertex -2.355060e+000 -2.452283e+000 0.000000e+000
         vertex -2.315670e+000 -2.489512e+000 0.000000e+000
      endloop
   endfacet
   facet normal 0.000000e+000 0.000000e+000 -1.000000e+000
      outer loop
         vertex -1.707239e+000 -2.940295e+000 0.000000e+000
         vertex -1.660153e+000 -2.967135e+000 0.000000e+000
         vertex 1.500000e+000 -6.221736e+000 0.000000e+000
      endloop
   endfacet
   facet normal 0.000000e+000 0.000000e+000 -1.000000e+000
      outer loop
         vertex -1.467708e+000 -3.066893e+000 0.000000e+000
         vertex -1.418634e+000 -3.089899e+000 0.000000e+000
         vertex 1.500000e+000 -6.221736e+000 0.000000e+000
      endloop
   endfacet
   facet normal 0.000000e+000 0.000000e+000 -1.000000e+000
      outer loop
         vertex 1.500000e+000 -6.221736e+000 0.000000e+000
         vertex -1.418634e+000 -3.089899e+000 0.000000e+000
         vertex -1.369199e+000 -3.112120e+000 0.000000e+000
      endloop
   endfacet
   facet normal 0.000000e+000 0.000000e+000 -1.000000e+000
      outer loop
         vertex 1.500000e+000 -6.221736e+000 0.000000e+000
         vertex -1.369199e+000 -3.112120e+000 0.000000e+000
         vertex -1.319416e+000 -3.133551e+000 0.000000e+000
      endloop
   endfacet
   facet normal 0.000000e+000 0.000000e+000 -1.000000e+000
      outer loop
         vertex -1.014127e+000 -3.245234e+000 0.000000e+000
         vertex -9.622679e-001 -3.260988e+000 0.000000e+000
         vertex 1.500000e+000 -6.221736e+000 0.000000e+000
      endloop
   endfacet
   facet normal 0.000000e+000 0.000000e+000 -1.000000e+000
      outer loop
         vertex 1.500000e+000 -6.221736e+000 0.000000e+000
         vertex -9.622679e-001 -3.260988e+000 0.000000e+000
         vertex -9.101639e-001 -3.275912e+000 0.000000e+000
      endloop
   endfacet
   facet normal 0.000000e+000 0.000000e+000 -1.000000e+000
      outer loop
         vertex 1.500000e+000 -6.221736e+000 0.000000e+000
         vertex -9.101639e-001 -3.275912e+000 0.000000e+000
         vertex -8.578285e-001 -3.290004e+000 0.000000e+000
      endloop
   endfacet
   facet normal 0.000000e+000 0.000000e+000 -1.000000e+000
      outer loop
         vertex -8.578285e-001 -3.290004e+000 0.000000e+000
         vertex -8.052751e-001 -3.303261e+000 0.000000e+000
         vertex 1.500000e+000 -6.221736e+000 0.000000e+000
      endloop
   endfacet
   facet normal 0.000000e+000 0.000000e+000 -1.000000e+000
      outer loop
         vertex 1.500000e+000 -6.221736e+000 0.000000e+000
         vertex -8.052751e-001 -3.303261e+000 0.000000e+000
         vertex -7.525172e-001 -3.315678e+000 0.000000e+000
      endloop
   endfacet
   facet normal 0.000000e+000 0.000000e+000 -1.000000e+000
      outer loop
         vertex 1.500000e+000 -6.221736e+000 0.000000e+000
         vertex -7.525172e-001 -3.315678e+000 0.000000e+000
         vertex -6.995680e-001 -3.327252e+000 0.000000e+000
      endloop
   endfacet
   facet normal 0.000000e+000 0.000000e+000 -1.000000e+000
      outer loop
         vertex -4.861286e-001 -3.365067e+000 0.000000e+000
         vertex -4.324259e-001 -3.372389e+000 0.000000e+000
         vertex 1.500000e+000 -6.221736e+000 0.000000e+000
      endloop
   endfacet
   facet normal 0.000000e+000 0.000000e+000 -1.000000e+000
      outer loop
         vertex 1.500000e+000 -6.221736e+000 0.000000e+000
         vertex -4.324259e-001 -3.372389e+000 0.000000e+000
         vertex -3.786134e-001 -3.378854e+000 0.000000e+000
      endloop
   endfacet
   facet normal 0.000000e+000 0.000000e+000 -1.000000e+000
      outer loop
         vertex 1.500000e+000 -6.221736e+000 0.000000e+000
         vertex -3.786134e-001 -3.378854e+000 0.000000e+000
         vertex -3.247046e-001 -3.384459e+000 0.000000e+000
      endloop
   endfacet
   facet normal 0.000000e+000 0.000000e+000 -1.000000e+000
      outer loop
         vertex 5.397077e-001 -3.356891e+000 0.000000e+000
         vertex 1.500000e+000 -6.221736e+000 0.000000e+000
         vertex 4.861286e-001 -3.365067e+000 0.000000e+000
      endloop
   endfacet
   facet normal 0.000000e+000 0.000000e+000 -1.000000e+000
      outer loop
         vertex 4.861286e-001 -3.365067e+000 0.000000e+000
         vertex 1.500000e+000 -6.221736e+000 0.000000e+000
         vertex 4.324259e-001 -3.372389e+000 0.000000e+000
      endloop
   endfacet
   facet normal 0.000000e+000 0.000000e+000 -1.000000e+000
      outer loop
         vertex 6.141084e+000 1.801967e+000 0.000000e+000
         vertex 3.376561e+000 1.827813e+000 0.000000e+000
         vertex 3.385473e+000 1.841066e+000 0.000000e+000
      endloop
   endfacet
   facet normal 0.000000e+000 0.000000e+000 -1.000000e+000
      outer loop
         vertex 3.385473e+000 1.841066e+000 0.000000e+000
         vertex 3.394596e+000 1.854174e+000 0.000000e+000
         vertex 6.141084e+000 1.801967e+000 0.000000e+000
      endloop
   endfacet
   facet normal 0.000000e+000 0.000000e+000 -1.000000e+000
      outer loop
         vertex 6.141084e+000 1.801967e+000 0.000000e+000
         vertex 3.394596e+000 1.854174e+000 0.000000e+000
         vertex 3.403927e+000 1.867135e+000 0.000000e+000
      endloop
   endfacet
   facet normal 0.000000e+000 0.000000e+000 -1.000000e+000
      outer loop
         vertex 6.141084e+000 1.801967e+000 0.000000e+000
         vertex 3.403927e+000 1.867135e+000 0.000000e+000
         vertex 3.413464e+000 1.879945e+000 0.000000e+000
      endloop
   endfacet
   facet normal 0.000000e+000 0.000000e+000 -1.000000e+000
      outer loop
         vertex 3.543020e+000 2.020767e+000 0.000000e+000
         vertex 3.554993e+000 2.031336e+000 0.000000e+000
         vertex 6.141084e+000 1.801967e+000 0.000000e+000
      endloop
   endfacet
   facet normal 0.000000e+000 0.000000e+000 -1.000000e+000
      outer loop
         vertex 6.141084e+000 1.801967e+000 0.000000e+000
         vertex 3.554993e+000 2.031336e+000 0.000000e+000
         vertex 3.567133e+000 2.041713e+000 0.000000e+000
      endloop
   endfacet
   facet normal 0.000000e+000 0.000000e+000 -1.000000e+000
      outer loop
         vertex 6.141084e+000 1.801967e+000 0.000000e+000
         vertex 3.567133e+000 2.041713e+000 0.000000e+000
         vertex 3.579437e+000 2.051894e+000 0.000000e+000
      endloop
   endfacet
   facet normal 0.000000e+000 0.000000e+000 -1.000000e+000
      outer loop
         vertex 3.617302e+000 2.081242e+000 0.000000e+000
         vertex 3.630231e+000 2.090618e+000 0.000000e+000
         vertex 6.141084e+000 1.801967e+000 0.000000e+000
      endloop
   endfacet
   facet normal 0.000000e+000 0.000000e+000 -1.000000e+000
      outer loop
         vertex 6.141084e+000 1.801967e+000 0.000000e+000
         vertex 3.630231e+000 2.090618e+000 0.000000e+000
         vertex 3.643308e+000 2.099785e+000 0.000000e+000
      endloop
   endfacet
   facet normal 0.000000e+000 0.000000e+000 -1.000000e+000
      outer loop
         vertex 6.141084e+000 1.801967e+000 0.000000e+000
         vertex 3.643308e+000 2.099785e+000 0.000000e+000
         vertex 3.656529e+000 2.108743e+000 0.000000e+000
      endloop
   endfacet
   facet normal 0.000000e+000 0.000000e+000 -1.000000e+000
      outer loop
         vertex -7.707500e+000 -2.646855e+001 0.000000e+000
         vertex -7.865760e+000 -2.647987e+001 0.000000e+000
         vertex -8.835261e+000 -2.313842e+001 0.000000e+000
      endloop
   endfacet
   facet normal 0.000000e+000 0.000000e+000 -1.000000e+000
      outer loop
         vertex -8.835261e+000 -2.313842e+001 0.000000e+000
         vertex -7.865760e+000 -2.647987e+001 0.000000e+000
         vertex -8.024181e+000 -2.648867e+001 0.000000e+000
      endloop
   endfacet
   facet normal 0.000000e+000 0.000000e+000 -1.000000e+000
      outer loop
         vertex -8.835261e+000 -2.313842e+001 0.000000e+000
         vertex -8.024181e+000 -2.648867e+001 0.000000e+000
         vertex -8.988520e+000 -2.317949e+001 0.000000e+000
      endloop
   endfacet
   facet normal 0.000000e+000 0.000000e+000 -1.000000e+000
      outer loop
         vertex -8.988520e+000 -2.317949e+001 0.000000e+000
         vertex -8.024181e+000 -2.648867e+001 0.000000e+000
         vertex -8.182720e+000 -2.649496e+001 0.000000e+000
      endloop
   endfacet
   facet normal 0.000000e+000 0.000000e+000 -1.000000e+000
      outer loop
         vertex -8.988520e+000 -2.317949e+001 0.000000e+000
         vertex -8.182720e+000 -2.649496e+001 0.000000e+000
         vertex -9.142411e+000 -2.321811e+001 0.000000e+000
      endloop
   endfacet
   facet normal 0.000000e+000 0.000000e+000 -1.000000e+000
      outer loop
         vertex -9.142411e+000 -2.321811e+001 0.000000e+000
         vertex -8.182720e+000 -2.649496e+001 0.000000e+000
         vertex -8.341340e+000 -2.649874e+001 0.000000e+000
      endloop
   endfacet
   facet normal 0.000000e+000 0.000000e+000 -1.000000e+000
      outer loop
         vertex -9.142411e+000 -2.321811e+001 0.000000e+000
         vertex -8.341340e+000 -2.649874e+001 0.000000e+000
         vertex -9.296895e+000 -2.325430e+001 0.000000e+000
      endloop
   endfacet
   facet normal 0.000000e+000 0.000000e+000 -1.000000e+000
      outer loop
         vertex -9.296895e+000 -2.325430e+001 0.000000e+000
         vertex -8.341340e+000 -2.649874e+001 0.000000e+000
         vertex -8.500000e+000 -2.650000e+001 0.000000e+000
      endloop
   endfacet
   facet normal 0.000000e+000 0.000000e+000 -1.000000e+000
      outer loop
         vertex -9.296895e+000 -2.325430e+001 0.000000e+000
         vertex -8.500000e+000 -2.650000e+001 0.000000e+000
         vertex -9.451933e+000 -2.328802e+001 0.000000e+000
      endloop
   endfacet
   facet normal 0.000000e+000 0.000000e+000 -1.000000e+000
      outer loop
         vertex -9.451933e+000 -2.328802e+001 0.000000e+000
         vertex -8.500000e+000 -2.650000e+001 0.000000e+000
         vertex -9.607488e+000 -2.331929e+001 0.000000e+000
      endloop
   endfacet
   facet normal 0.000000e+000 0.000000e+000 -1.000000e+000
      outer loop
         vertex -7.345850e+000 -2.259632e+001 0.000000e+000
         vertex -5.835262e+000 -2.613842e+001 0.000000e+000
         vertex -7.490695e+000 -2.266109e+001 0.000000e+000
      endloop
   endfacet
   facet normal 0.000000e+000 0.000000e+000 -1.000000e+000
      outer loop
         vertex -7.490695e+000 -2.266109e+001 0.000000e+000
         vertex -5.835262e+000 -2.613842e+001 0.000000e+000
         vertex -5.988520e+000 -2.617949e+001 0.000000e+000
      endloop
   endfacet
   facet normal 0.000000e+000 0.000000e+000 -1.000000e+000
      outer loop
         vertex -7.490695e+000 -2.266109e+001 0.000000e+000
         vertex -5.988520e+000 -2.617949e+001 0.000000e+000
         vertex -7.636549e+000 -2.272354e+001 0.000000e+000
      endloop
   endfacet
   facet normal 0.000000e+000 0.000000e+000 -1.000000e+000
      outer loop
         vertex -7.636549e+000 -2.272354e+001 0.000000e+000
         vertex -5.988520e+000 -2.617949e+001 0.000000e+000
         vertex -6.142410e+000 -2.621812e+001 0.000000e+000
      endloop
   endfacet
   facet normal 0.000000e+000 0.000000e+000 -1.000000e+000
      outer loop
         vertex -7.636549e+000 -2.272354e+001 0.000000e+000
         vertex -6.142410e+000 -2.621812e+001 0.000000e+000
         vertex -6.296895e+000 -2.625430e+001 0.000000e+000
      endloop
   endfacet
   facet normal 0.000000e+000 0.000000e+000 -1.000000e+000
      outer loop
         vertex -4.931138e+000 -2.584148e+001 0.000000e+000
         vertex -5.079798e+000 -2.589692e+001 0.000000e+000
         vertex -6.917735e+000 -2.238835e+001 0.000000e+000
      endloop
   endfacet
   facet normal 0.000000e+000 0.000000e+000 -1.000000e+000
      outer loop
         vertex -6.917735e+000 -2.238835e+001 0.000000e+000
         vertex -5.079798e+000 -2.589692e+001 0.000000e+000
         vertex -5.229321e+000 -2.595001e+001 0.000000e+000
      endloop
   endfacet
   facet normal 0.000000e+000 0.000000e+000 -1.000000e+000
      outer loop
         vertex -6.917735e+000 -2.238835e+001 0.000000e+000
         vertex -5.229321e+000 -2.595001e+001 0.000000e+000
         vertex -7.059334e+000 -2.245994e+001 0.000000e+000
      endloop
   endfacet
   facet normal 0.000000e+000 0.000000e+000 -1.000000e+000
      outer loop
         vertex -7.059334e+000 -2.245994e+001 0.000000e+000
         vertex -5.229321e+000 -2.595001e+001 0.000000e+000
         vertex -5.379666e+000 -2.600071e+001 0.000000e+000
      endloop
   endfacet
   facet normal 0.000000e+000 0.000000e+000 -1.000000e+000
      outer loop
         vertex -7.059334e+000 -2.245994e+001 0.000000e+000
         vertex -5.379666e+000 -2.600071e+001 0.000000e+000
         vertex -7.202051e+000 -2.252926e+001 0.000000e+000
      endloop
   endfacet
   facet normal 0.000000e+000 0.000000e+000 -1.000000e+000
      outer loop
         vertex -7.202051e+000 -2.252926e+001 0.000000e+000
         vertex -5.379666e+000 -2.600071e+001 0.000000e+000
         vertex -5.530797e+000 -2.604902e+001 0.000000e+000
      endloop
   endfacet
   facet normal 0.000000e+000 0.000000e+000 -1.000000e+000
      outer loop
         vertex -7.202051e+000 -2.252926e+001 0.000000e+000
         vertex -5.530797e+000 -2.604902e+001 0.000000e+000
         vertex -7.345850e+000 -2.259632e+001 0.000000e+000
      endloop
   endfacet
   facet normal 0.000000e+000 0.000000e+000 -1.000000e+000
      outer loop
         vertex -7.345850e+000 -2.259632e+001 0.000000e+000
         vertex -5.530797e+000 -2.604902e+001 0.000000e+000
         vertex -5.682674e+000 -2.609493e+001 0.000000e+000
      endloop
   endfacet
   facet normal 0.000000e+000 0.000000e+000 -1.000000e+000
      outer loop
         vertex -7.345850e+000 -2.259632e+001 0.000000e+000
         vertex -5.682674e+000 -2.609493e+001 0.000000e+000
         vertex -5.835262e+000 -2.613842e+001 0.000000e+000
      endloop
   endfacet
   facet normal 0.000000e+000 0.000000e+000 -1.000000e+000
      outer loop
         vertex -5.699431e+000 -2.164576e+001 0.000000e+000
         vertex -3.363226e+000 -2.507983e+001 0.000000e+000
         vertex -5.829401e+000 -2.173676e+001 0.000000e+000
      endloop
   endfacet
   facet normal 0.000000e+000 0.000000e+000 -1.000000e+000
      outer loop
         vertex -5.829401e+000 -2.173676e+001 0.000000e+000
         vertex -3.363226e+000 -2.507983e+001 0.000000e+000
         vertex -3.500000e+000 -2.516026e+001 0.000000e+000
      endloop
   endfacet
   facet normal 0.000000e+000 0.000000e+000 -1.000000e+000
      outer loop
         vertex -5.829401e+000 -2.173676e+001 0.000000e+000
         vertex -3.500000e+000 -2.516026e+001 0.000000e+000
         vertex -5.960799e+000 -2.182570e+001 0.000000e+000
      endloop
   endfacet
   facet normal 0.000000e+000 0.000000e+000 -1.000000e+000
      outer loop
         vertex -5.318410e+000 -2.136053e+001 0.000000e+000
         vertex -2.829401e+000 -2.473676e+001 0.000000e+000
         vertex -5.443903e+000 -2.145762e+001 0.000000e+000
      endloop
   endfacet
   facet normal 0.000000e+000 0.000000e+000 -1.000000e+000
      outer loop
         vertex -5.443903e+000 -2.145762e+001 0.000000e+000
         vertex -2.829401e+000 -2.473676e+001 0.000000e+000
         vertex -2.960799e+000 -2.482570e+001 0.000000e+000
      endloop
   endfacet
   facet normal 0.000000e+000 0.000000e+000 -1.000000e+000
      outer loop
         vertex -5.443903e+000 -2.145762e+001 0.000000e+000
         vertex -2.960799e+000 -2.482570e+001 0.000000e+000
         vertex -5.570920e+000 -2.155270e+001 0.000000e+000
      endloop
   endfacet
   facet normal 0.000000e+000 0.000000e+000 -1.000000e+000
      outer loop
         vertex -5.570920e+000 -2.155270e+001 0.000000e+000
         vertex -2.960799e+000 -2.482570e+001 0.000000e+000
         vertex -3.093592e+000 -2.491254e+001 0.000000e+000
      endloop
   endfacet
   facet normal 0.000000e+000 0.000000e+000 -1.000000e+000
      outer loop
         vertex -5.570920e+000 -2.155270e+001 0.000000e+000
         vertex -3.093592e+000 -2.491254e+001 0.000000e+000
         vertex -5.699431e+000 -2.164576e+001 0.000000e+000
      endloop
   endfacet
   facet normal 0.000000e+000 0.000000e+000 -1.000000e+000
      outer loop
         vertex -5.699431e+000 -2.164576e+001 0.000000e+000
         vertex -3.093592e+000 -2.491254e+001 0.000000e+000
         vertex -3.227746e+000 -2.499726e+001 0.000000e+000
      endloop
   endfacet
   facet normal 0.000000e+000 0.000000e+000 -1.000000e+000
      outer loop
         vertex -5.699431e+000 -2.164576e+001 0.000000e+000
         vertex -3.227746e+000 -2.499726e+001 0.000000e+000
         vertex -3.363226e+000 -2.507983e+001 0.000000e+000
      endloop
   endfacet
   facet normal 0.000000e+000 0.000000e+000 -1.000000e+000
      outer loop
         vertex -1.745702e+000 -1.570310e+001 0.000000e+000
         vertex 1.500000e+000 -1.650000e+001 0.000000e+000
         vertex -1.781884e+000 -1.585759e+001 0.000000e+000
      endloop
   endfacet
   facet normal 0.000000e+000 0.000000e+000 -1.000000e+000
      outer loop
         vertex -1.781884e+000 -1.585759e+001 0.000000e+000
         vertex 1.500000e+000 -1.650000e+001 0.000000e+000
         vertex 1.498741e+000 -1.665866e+001 0.000000e+000
      endloop
   endfacet
   facet normal 0.000000e+000 0.000000e+000 -1.000000e+000
      outer loop
         vertex -1.781884e+000 -1.585759e+001 0.000000e+000
         vertex 1.498741e+000 -1.665866e+001 0.000000e+000
         vertex -1.820513e+000 -1.601148e+001 0.000000e+000
      endloop
   endfacet
   facet normal 0.000000e+000 0.000000e+000 -1.000000e+000
      outer loop
         vertex -1.820513e+000 -1.601148e+001 0.000000e+000
         vertex 1.498741e+000 -1.665866e+001 0.000000e+000
         vertex 1.494965e+000 -1.681728e+001 0.000000e+000
      endloop
   endfacet
   facet normal 0.000000e+000 0.000000e+000 -1.000000e+000
      outer loop
         vertex -1.820513e+000 -1.601148e+001 0.000000e+000
         vertex 1.494965e+000 -1.681728e+001 0.000000e+000
         vertex 1.488673e+000 -1.697582e+001 0.000000e+000
      endloop
   endfacet
   facet normal 0.000000e+000 0.000000e+000 -1.000000e+000
      outer loop
         vertex -1.745702e+000 -1.570310e+001 0.000000e+000
         vertex -1.711976e+000 -1.554807e+001 0.000000e+000
         vertex 1.500000e+000 -1.650000e+001 0.000000e+000
      endloop
   endfacet
   facet normal 0.000000e+000 0.000000e+000 -1.000000e+000
      outer loop
         vertex 1.500000e+000 -1.650000e+001 0.000000e+000
         vertex -1.711976e+000 -1.554807e+001 0.000000e+000
         vertex -1.680713e+000 -1.539251e+001 0.000000e+000
      endloop
   endfacet
   facet normal 0.000000e+000 0.000000e+000 -1.000000e+000
      outer loop
         vertex 1.500000e+000 -1.650000e+001 0.000000e+000
         vertex -1.680713e+000 -1.539251e+001 0.000000e+000
         vertex -1.651922e+000 -1.523648e+001 0.000000e+000
      endloop
   endfacet
   facet normal 0.000000e+000 0.000000e+000 -1.000000e+000
      outer loop
         vertex -1.651922e+000 -1.523648e+001 0.000000e+000
         vertex -1.625611e+000 -1.508001e+001 0.000000e+000
         vertex 1.500000e+000 -1.650000e+001 0.000000e+000
      endloop
   endfacet
   facet normal 0.000000e+000 0.000000e+000 -1.000000e+000
      outer loop
         vertex 1.500000e+000 -1.650000e+001 0.000000e+000
         vertex -1.625611e+000 -1.508001e+001 0.000000e+000
         vertex -1.601786e+000 -1.492315e+001 0.000000e+000
      endloop
   endfacet
   facet normal 0.000000e+000 0.000000e+000 -1.000000e+000
      outer loop
         vertex 1.500000e+000 -1.650000e+001 0.000000e+000
         vertex -1.601786e+000 -1.492315e+001 0.000000e+000
         vertex -1.580452e+000 -1.476592e+001 0.000000e+000
      endloop
   endfacet
   facet normal 0.000000e+000 0.000000e+000 -1.000000e+000
      outer loop
         vertex -2.834836e+000 -5.737918e+000 0.000000e+000
         vertex -2.925586e+000 -5.692183e+000 0.000000e+000
         vertex 1.500000e+000 -6.221736e+000 0.000000e+000
      endloop
   endfacet
   facet normal 0.000000e+000 0.000000e+000 -1.000000e+000
      outer loop
         vertex 1.500000e+000 -6.221736e+000 0.000000e+000
         vertex -2.925586e+000 -5.692183e+000 0.000000e+000
         vertex -3.015599e+000 -5.645012e+000 0.000000e+000
      endloop
   endfacet
   facet normal 0.000000e+000 0.000000e+000 -1.000000e+000
      outer loop
         vertex 1.500000e+000 -6.221736e+000 0.000000e+000
         vertex -3.015599e+000 -5.645012e+000 0.000000e+000
         vertex -3.104851e+000 -5.596418e+000 0.000000e+000
      endloop
   endfacet
   facet normal 0.000000e+000 0.000000e+000 -1.000000e+000
      outer loop
         vertex -3.104851e+000 -5.596418e+000 0.000000e+000
         vertex -3.193320e+000 -5.546414e+000 0.000000e+000
         vertex 1.500000e+000 -6.221736e+000 0.000000e+000
      endloop
   endfacet
   facet normal 0.000000e+000 0.000000e+000 -1.000000e+000
      outer loop
         vertex 1.500000e+000 -6.221736e+000 0.000000e+000
         vertex -3.193320e+000 -5.546414e+000 0.000000e+000
         vertex -3.280984e+000 -5.495011e+000 0.000000e+000
      endloop
   endfacet
   facet normal 0.000000e+000 0.000000e+000 -1.000000e+000
      outer loop
         vertex 1.500000e+000 -6.221736e+000 0.000000e+000
         vertex -3.280984e+000 -5.495011e+000 0.000000e+000
         vertex -3.367821e+000 -5.442222e+000 0.000000e+000
      endloop
   endfacet
   facet normal 0.000000e+000 0.000000e+000 -1.000000e+000
      outer loop
         vertex -5.210032e+000 -3.716931e+000 0.000000e+000
         vertex -5.268393e+000 -3.633737e+000 0.000000e+000
         vertex 1.500000e+000 -6.221736e+000 0.000000e+000
      endloop
   endfacet
   facet normal 0.000000e+000 0.000000e+000 -1.000000e+000
      outer loop
         vertex 1.500000e+000 -6.221736e+000 0.000000e+000
         vertex -5.268393e+000 -3.633737e+000 0.000000e+000
         vertex -5.325426e+000 -3.549626e+000 0.000000e+000
      endloop
   endfacet
   facet normal 0.000000e+000 0.000000e+000 -1.000000e+000
      outer loop
         vertex 1.500000e+000 -6.221736e+000 0.000000e+000
         vertex -5.325426e+000 -3.549626e+000 0.000000e+000
         vertex -5.381115e+000 -3.464621e+000 0.000000e+000
      endloop
   endfacet
   facet normal 0.000000e+000 0.000000e+000 -1.000000e+000
      outer loop
         vertex -5.939903e+000 -2.382761e+000 0.000000e+000
         vertex -5.976988e+000 -2.288146e+000 0.000000e+000
         vertex 1.500000e+000 -6.221736e+000 0.000000e+000
      endloop
   endfacet
   facet normal 0.000000e+000 0.000000e+000 -1.000000e+000
      outer loop
         vertex 1.500000e+000 -6.221736e+000 0.000000e+000
         vertex -5.976988e+000 -2.288146e+000 0.000000e+000
         vertex -6.012567e+000 -2.192954e+000 0.000000e+000
      endloop
   endfacet
   facet normal 0.000000e+000 0.000000e+000 -1.000000e+000
      outer loop
         vertex 1.500000e+000 -6.221736e+000 0.000000e+000
         vertex -6.012567e+000 -2.192954e+000 0.000000e+000
         vertex -6.046628e+000 -2.097209e+000 0.000000e+000
      endloop
   endfacet
   facet normal 0.000000e+000 0.000000e+000 -1.000000e+000
      outer loop
         vertex -6.141084e+000 1.801967e+000 0.000000e+000
         vertex -6.111698e+000 1.899249e+000 0.000000e+000
         vertex -3.710795e+000 2.142428e+000 0.000000e+000
      endloop
   endfacet
   facet normal 0.000000e+000 0.000000e+000 -1.000000e+000
      outer loop
         vertex -3.710795e+000 2.142428e+000 0.000000e+000
         vertex -6.111698e+000 1.899249e+000 0.000000e+000
         vertex -6.080771e+000 1.996052e+000 0.000000e+000
      endloop
   endfacet
   facet normal 0.000000e+000 0.000000e+000 -1.000000e+000
      outer loop
         vertex -3.710795e+000 2.142428e+000 0.000000e+000
         vertex -6.080771e+000 1.996052e+000 0.000000e+000
         vertex -6.048311e+000 2.092352e+000 0.000000e+000
      endloop
   endfacet
   facet normal 0.000000e+000 0.000000e+000 -1.000000e+000
      outer loop
         vertex -3.710795e+000 2.142428e+000 0.000000e+000
         vertex -3.697029e+000 2.134333e+000 0.000000e+000
         vertex -6.141084e+000 1.801967e+000 0.000000e+000
      endloop
   endfacet
   facet normal 0.000000e+000 0.000000e+000 -1.000000e+000
      outer loop
         vertex -6.141084e+000 1.801967e+000 0.000000e+000
         vertex -3.697029e+000 2.134333e+000 0.000000e+000
         vertex -3.683393e+000 2.126019e+000 0.000000e+000
      endloop
   endfacet
   facet normal 0.000000e+000 0.000000e+000 -1.000000e+000
      outer loop
         vertex -6.141084e+000 1.801967e+000 0.000000e+000
         vertex -3.683393e+000 2.126019e+000 0.000000e+000
         vertex -3.669892e+000 2.117488e+000 0.000000e+000
      endloop
   endfacet
   facet normal 0.000000e+000 0.000000e+000 -1.000000e+000
      outer loop
         vertex -3.669892e+000 2.117488e+000 0.000000e+000
         vertex -3.656529e+000 2.108743e+000 0.000000e+000
         vertex -6.141084e+000 1.801967e+000 0.000000e+000
      endloop
   endfacet
   facet normal 0.000000e+000 0.000000e+000 -1.000000e+000
      outer loop
         vertex -6.141084e+000 1.801967e+000 0.000000e+000
         vertex -3.656529e+000 2.108743e+000 0.000000e+000
         vertex -3.643308e+000 2.099785e+000 0.000000e+000
      endloop
   endfacet
   facet normal 0.000000e+000 0.000000e+000 -1.000000e+000
      outer loop
         vertex -6.141084e+000 1.801967e+000 0.000000e+000
         vertex -3.643308e+000 2.099785e+000 0.000000e+000
         vertex -3.630231e+000 2.090618e+000 0.000000e+000
      endloop
   endfacet
   facet normal 0.000000e+000 0.000000e+000 -1.000000e+000
      outer loop
         vertex -3.212421e+000 1.333400e+000 0.000000e+000
         vertex -3.211638e+000 1.317449e+000 0.000000e+000
         vertex -6.141084e+000 1.801967e+000 0.000000e+000
      endloop
   endfacet
   facet normal 0.000000e+000 0.000000e+000 -1.000000e+000
      outer loop
         vertex -6.141084e+000 1.801967e+000 0.000000e+000
         vertex -3.211638e+000 1.317449e+000 0.000000e+000
         vertex -3.211110e+000 1.301487e+000 0.000000e+000
      endloop
   endfacet
   facet normal 0.000000e+000 0.000000e+000 -1.000000e+000
      outer loop
         vertex -6.141084e+000 1.801967e+000 0.000000e+000
         vertex -3.211110e+000 1.301487e+000 0.000000e+000
         vertex -3.210837e+000 1.285519e+000 0.000000e+000
      endloop
   endfacet
   facet normal 0.000000e+000 0.000000e+000 -1.000000e+000
      outer loop
         vertex -3.214552e+000 1.189805e+000 0.000000e+000
         vertex -3.216062e+000 1.173907e+000 0.000000e+000
         vertex -6.141084e+000 1.801967e+000 0.000000e+000
      endloop
   endfacet
   facet normal 0.000000e+000 0.000000e+000 -1.000000e+000
      outer loop
         vertex -6.141084e+000 1.801967e+000 0.000000e+000
         vertex -3.216062e+000 1.173907e+000 0.000000e+000
         vertex -3.217825e+000 1.158034e+000 0.000000e+000
      endloop
   endfacet
   facet normal 0.000000e+000 0.000000e+000 -1.000000e+000
      outer loop
         vertex -3.122142e+000 -1.346191e+000 0.000000e+000
         vertex -3.100286e+000 -1.395788e+000 0.000000e+000
         vertex -6.399999e+000 -2.570200e-003 0.000000e+000
      endloop
   endfacet
   facet normal 0.000000e+000 0.000000e+000 -1.000000e+000
      outer loop
         vertex -6.399999e+000 -2.570200e-003 0.000000e+000
         vertex -3.100286e+000 -1.395788e+000 0.000000e+000
         vertex -3.077643e+000 -1.445031e+000 0.000000e+000
      endloop
   endfacet
   facet normal 0.000000e+000 0.000000e+000 -1.000000e+000
      outer loop
         vertex -6.399999e+000 -2.570200e-003 0.000000e+000
         vertex -3.077643e+000 -1.445031e+000 0.000000e+000
         vertex -3.054217e+000 -1.493907e+000 0.000000e+000
      endloop
   endfacet
   facet normal 0.000000e+000 0.000000e+000 -1.000000e+000
      outer loop
         vertex -2.024043e+000 -2.731894e+000 0.000000e+000
         vertex -1.980238e+000 -2.763812e+000 0.000000e+000
         vertex 1.500000e+000 -6.221736e+000 0.000000e+000
      endloop
   endfacet
   facet normal 0.000000e+000 0.000000e+000 -1.000000e+000
      outer loop
         vertex -1.660153e+000 -2.967135e+000 0.000000e+000
         vertex -1.612644e+000 -2.993222e+000 0.000000e+000
         vertex 1.500000e+000 -6.221736e+000 0.000000e+000
      endloop
   endfacet
   facet normal 0.000000e+000 0.000000e+000 -1.000000e+000
      outer loop
         vertex 1.500000e+000 -6.221736e+000 0.000000e+000
         vertex -1.612644e+000 -2.993222e+000 0.000000e+000
         vertex -1.564726e+000 -3.018548e+000 0.000000e+000
      endloop
   endfacet
   facet normal 0.000000e+000 0.000000e+000 -1.000000e+000
      outer loop
         vertex 1.500000e+000 -6.221736e+000 0.000000e+000
         vertex -1.564726e+000 -3.018548e+000 0.000000e+000
         vertex -1.516410e+000 -3.043107e+000 0.000000e+000
      endloop
   endfacet
   facet normal 0.000000e+000 0.000000e+000 -1.000000e+000
      outer loop
         vertex -6.995680e-001 -3.327252e+000 0.000000e+000
         vertex -6.464409e-001 -3.337981e+000 0.000000e+000
         vertex 1.500000e+000 -6.221736e+000 0.000000e+000
      endloop
   endfacet
   facet normal 0.000000e+000 0.000000e+000 -1.000000e+000
      outer loop
         vertex 1.500000e+000 -6.221736e+000 0.000000e+000
         vertex -6.464409e-001 -3.337981e+000 0.000000e+000
         vertex -5.931497e-001 -3.347861e+000 0.000000e+000
      endloop
   endfacet
   facet normal 0.000000e+000 0.000000e+000 -1.000000e+000
      outer loop
         vertex 1.500000e+000 -6.221736e+000 0.000000e+000
         vertex -5.931497e-001 -3.347861e+000 0.000000e+000
         vertex -5.397077e-001 -3.356891e+000 0.000000e+000
      endloop
   endfacet
   facet normal 0.000000e+000 0.000000e+000 -1.000000e+000
      outer loop
         vertex 2.707133e-001 -3.389205e+000 0.000000e+000
         vertex 3.247046e-001 -3.384459e+000 0.000000e+000
         vertex 1.500000e+000 -6.221736e+000 0.000000e+000
      endloop
   endfacet
   facet normal 0.000000e+000 0.000000e+000 -1.000000e+000
      outer loop
         vertex 1.500000e+000 -6.221736e+000 0.000000e+000
         vertex 3.247046e-001 -3.384459e+000 0.000000e+000
         vertex 3.786134e-001 -3.378854e+000 0.000000e+000
      endloop
   endfacet
   facet normal 0.000000e+000 0.000000e+000 -1.000000e+000
      outer loop
         vertex 1.500000e+000 -6.221736e+000 0.000000e+000
         vertex 3.786134e-001 -3.378854e+000 0.000000e+000
         vertex 4.324259e-001 -3.372389e+000 0.000000e+000
      endloop
   endfacet
   facet normal 0.000000e+000 0.000000e+000 -1.000000e+000
      outer loop
         vertex 5.397077e-001 -3.356891e+000 0.000000e+000
         vertex 5.931497e-001 -3.347861e+000 0.000000e+000
         vertex 1.500000e+000 -6.221736e+000 0.000000e+000
      endloop
   endfacet
   facet normal 0.000000e+000 0.000000e+000 -1.000000e+000
      outer loop
         vertex 1.500000e+000 -6.221736e+000 0.000000e+000
         vertex 5.931497e-001 -3.347861e+000 0.000000e+000
         vertex 6.464409e-001 -3.337981e+000 0.000000e+000
      endloop
   endfacet
   facet normal 0.000000e+000 0.000000e+000 -1.000000e+000
      outer loop
         vertex 1.500000e+000 -6.221736e+000 0.000000e+000
         vertex 6.464409e-001 -3.337981e+000 0.000000e+000
         vertex 6.995680e-001 -3.327252e+000 0.000000e+000
      endloop
   endfacet
   facet normal 0.000000e+000 0.000000e+000 -1.000000e+000
      outer loop
         vertex 3.210837e+000 1.285519e+000 0.000000e+000
         vertex 3.211110e+000 1.301487e+000 0.000000e+000
         vertex 6.141084e+000 1.801967e+000 0.000000e+000
      endloop
   endfacet
   facet normal 0.000000e+000 0.000000e+000 -1.000000e+000
      outer loop
         vertex 6.141084e+000 1.801967e+000 0.000000e+000
         vertex 3.211110e+000 1.301487e+000 0.000000e+000
         vertex 3.211638e+000 1.317449e+000 0.000000e+000
      endloop
   endfacet
   facet normal 0.000000e+000 0.000000e+000 -1.000000e+000
      outer loop
         vertex 6.141084e+000 1.801967e+000 0.000000e+000
         vertex 3.211638e+000 1.317449e+000 0.000000e+000
         vertex 3.212421e+000 1.333400e+000 0.000000e+000
      endloop
   endfacet
   facet normal 0.000000e+000 0.000000e+000 -1.000000e+000
      outer loop
         vertex 3.212421e+000 1.333400e+000 0.000000e+000
         vertex 3.213458e+000 1.349337e+000 0.000000e+000
         vertex 6.141084e+000 1.801967e+000 0.000000e+000
      endloop
   endfacet
   facet normal 0.000000e+000 0.000000e+000 -1.000000e+000
      outer loop
         vertex 6.141084e+000 1.801967e+000 0.000000e+000
         vertex 3.213458e+000 1.349337e+000 0.000000e+000
         vertex 3.214750e+000 1.365255e+000 0.000000e+000
      endloop
   endfacet
   facet normal 0.000000e+000 0.000000e+000 -1.000000e+000
      outer loop
         vertex 6.141084e+000 1.801967e+000 0.000000e+000
         vertex 3.214750e+000 1.365255e+000 0.000000e+000
         vertex 3.216296e+000 1.381150e+000 0.000000e+000
      endloop
   endfacet
   facet normal 0.000000e+000 0.000000e+000 -1.000000e+000
      outer loop
         vertex 3.216296e+000 1.381150e+000 0.000000e+000
         vertex 3.218096e+000 1.397019e+000 0.000000e+000
         vertex 6.141084e+000 1.801967e+000 0.000000e+000
      endloop
   endfacet
   facet normal 0.000000e+000 0.000000e+000 -1.000000e+000
      outer loop
         vertex 6.141084e+000 1.801967e+000 0.000000e+000
         vertex 3.218096e+000 1.397019e+000 0.000000e+000
         vertex 3.220149e+000 1.412856e+000 0.000000e+000
      endloop
   endfacet
   facet normal 0.000000e+000 0.000000e+000 -1.000000e+000
      outer loop
         vertex 6.141084e+000 1.801967e+000 0.000000e+000
         vertex 3.220149e+000 1.412856e+000 0.000000e+000
         vertex 3.222454e+000 1.428659e+000 0.000000e+000
      endloop
   endfacet
   facet normal 0.000000e+000 0.000000e+000 -1.000000e+000
      outer loop
         vertex 3.286804e+000 1.658818e+000 0.000000e+000
         vertex 3.293029e+000 1.673525e+000 0.000000e+000
         vertex 6.141084e+000 1.801967e+000 0.000000e+000
      endloop
   endfacet
   facet normal 0.000000e+000 0.000000e+000 -1.000000e+000
      outer loop
         vertex 6.141084e+000 1.801967e+000 0.000000e+000
         vertex 3.293029e+000 1.673525e+000 0.000000e+000
         vertex 3.299488e+000 1.688131e+000 0.000000e+000
      endloop
   endfacet
   facet normal 0.000000e+000 0.000000e+000 -1.000000e+000
      outer loop
         vertex 6.141084e+000 1.801967e+000 0.000000e+000
         vertex 3.299488e+000 1.688131e+000 0.000000e+000
         vertex 3.306180e+000 1.702632e+000 0.000000e+000
      endloop
   endfacet
   facet normal 0.000000e+000 0.000000e+000 -1.000000e+000
      outer loop
         vertex 3.413464e+000 1.879945e+000 0.000000e+000
         vertex 3.423204e+000 1.892601e+000 0.000000e+000
         vertex 6.141084e+000 1.801967e+000 0.000000e+000
      endloop
   endfacet
   facet normal 0.000000e+000 0.000000e+000 -1.000000e+000
      outer loop
         vertex 6.141084e+000 1.801967e+000 0.000000e+000
         vertex 3.423204e+000 1.892601e+000 0.000000e+000
         vertex 3.433145e+000 1.905100e+000 0.000000e+000
      endloop
   endfacet
   facet normal 0.000000e+000 0.000000e+000 -1.000000e+000
      outer loop
         vertex 6.141084e+000 1.801967e+000 0.000000e+000
         vertex 3.433145e+000 1.905100e+000 0.000000e+000
         vertex 3.443284e+000 1.917439e+000 0.000000e+000
      endloop
   endfacet
   facet normal 0.000000e+000 0.000000e+000 -1.000000e+000
      outer loop
         vertex 3.443284e+000 1.917439e+000 0.000000e+000
         vertex 3.453619e+000 1.929614e+000 0.000000e+000
         vertex 6.141084e+000 1.801967e+000 0.000000e+000
      endloop
   endfacet
   facet normal 0.000000e+000 0.000000e+000 -1.000000e+000
      outer loop
         vertex 6.141084e+000 1.801967e+000 0.000000e+000
         vertex 3.453619e+000 1.929614e+000 0.000000e+000
         vertex 3.464148e+000 1.941623e+000 0.000000e+000
      endloop
   endfacet
   facet normal 0.000000e+000 0.000000e+000 -1.000000e+000
      outer loop
         vertex 6.141084e+000 1.801967e+000 0.000000e+000
         vertex 3.464148e+000 1.941623e+000 0.000000e+000
         vertex 3.474866e+000 1.953462e+000 0.000000e+000
      endloop
   endfacet
   facet normal 0.000000e+000 0.000000e+000 -1.000000e+000
      outer loop
         vertex 3.474866e+000 1.953462e+000 0.000000e+000
         vertex 3.485772e+000 1.965128e+000 0.000000e+000
         vertex 6.141084e+000 1.801967e+000 0.000000e+000
      endloop
   endfacet
   facet normal 0.000000e+000 0.000000e+000 -1.000000e+000
      outer loop
         vertex 6.141084e+000 1.801967e+000 0.000000e+000
         vertex 3.485772e+000 1.965128e+000 0.000000e+000
         vertex 3.496864e+000 1.976619e+000 0.000000e+000
      endloop
   endfacet
   facet normal 0.000000e+000 0.000000e+000 -1.000000e+000
      outer loop
         vertex 6.141084e+000 1.801967e+000 0.000000e+000
         vertex 3.496864e+000 1.976619e+000 0.000000e+000
         vertex 3.508137e+000 1.987931e+000 0.000000e+000
      endloop
   endfacet
   facet normal 0.000000e+000 0.000000e+000 -1.000000e+000
      outer loop
         vertex -6.227745e+000 -2.199725e+001 0.000000e+000
         vertex -4.202051e+000 -2.552927e+001 0.000000e+000
         vertex -6.363226e+000 -2.207983e+001 0.000000e+000
      endloop
   endfacet
   facet normal 0.000000e+000 0.000000e+000 -1.000000e+000
      outer loop
         vertex -6.363226e+000 -2.207983e+001 0.000000e+000
         vertex -4.202051e+000 -2.552927e+001 0.000000e+000
         vertex -4.345850e+000 -2.559632e+001 0.000000e+000
      endloop
   endfacet
   facet normal 0.000000e+000 0.000000e+000 -1.000000e+000
      outer loop
         vertex -6.363226e+000 -2.207983e+001 0.000000e+000
         vertex -4.345850e+000 -2.559632e+001 0.000000e+000
         vertex -6.500000e+000 -2.216025e+001 0.000000e+000
      endloop
   endfacet
   facet normal 0.000000e+000 0.000000e+000 -1.000000e+000
      outer loop
         vertex -6.500000e+000 -2.216025e+001 0.000000e+000
         vertex -4.345850e+000 -2.559632e+001 0.000000e+000
         vertex -4.490695e+000 -2.566109e+001 0.000000e+000
      endloop
   endfacet
   facet normal 0.000000e+000 0.000000e+000 -1.000000e+000
      outer loop
         vertex -6.500000e+000 -2.216025e+001 0.000000e+000
         vertex -4.490695e+000 -2.566109e+001 0.000000e+000
         vertex -6.638033e+000 -2.223849e+001 0.000000e+000
      endloop
   endfacet
   facet normal 0.000000e+000 0.000000e+000 -1.000000e+000
      outer loop
         vertex -6.638033e+000 -2.223849e+001 0.000000e+000
         vertex -4.490695e+000 -2.566109e+001 0.000000e+000
         vertex -4.636549e+000 -2.572354e+001 0.000000e+000
      endloop
   endfacet
   facet normal 0.000000e+000 0.000000e+000 -1.000000e+000
      outer loop
         vertex -6.638033e+000 -2.223849e+001 0.000000e+000
         vertex -4.636549e+000 -2.572354e+001 0.000000e+000
         vertex -4.783376e+000 -2.578368e+001 0.000000e+000
      endloop
   endfacet
   facet normal 0.000000e+000 0.000000e+000 -1.000000e+000
      outer loop
         vertex -3.500000e+000 -2.516026e+001 0.000000e+000
         vertex -3.638033e+000 -2.523849e+001 0.000000e+000
         vertex -5.960799e+000 -2.182570e+001 0.000000e+000
      endloop
   endfacet
   facet normal 0.000000e+000 0.000000e+000 -1.000000e+000
      outer loop
         vertex -5.960799e+000 -2.182570e+001 0.000000e+000
         vertex -3.638033e+000 -2.523849e+001 0.000000e+000
         vertex -3.777289e+000 -2.531453e+001 0.000000e+000
      endloop
   endfacet
   facet normal 0.000000e+000 0.000000e+000 -1.000000e+000
      outer loop
         vertex -5.960799e+000 -2.182570e+001 0.000000e+000
         vertex -3.777289e+000 -2.531453e+001 0.000000e+000
         vertex -6.093592e+000 -2.191253e+001 0.000000e+000
      endloop
   endfacet
   facet normal 0.000000e+000 0.000000e+000 -1.000000e+000
      outer loop
         vertex -6.093592e+000 -2.191253e+001 0.000000e+000
         vertex -3.777289e+000 -2.531453e+001 0.000000e+000
         vertex -3.917735e+000 -2.538836e+001 0.000000e+000
      endloop
   endfacet
   facet normal 0.000000e+000 0.000000e+000 -1.000000e+000
      outer loop
         vertex -6.093592e+000 -2.191253e+001 0.000000e+000
         vertex -3.917735e+000 -2.538836e+001 0.000000e+000
         vertex -6.227745e+000 -2.199725e+001 0.000000e+000
      endloop
   endfacet
   facet normal 0.000000e+000 0.000000e+000 -1.000000e+000
      outer loop
         vertex -6.227745e+000 -2.199725e+001 0.000000e+000
         vertex -3.917735e+000 -2.538836e+001 0.000000e+000
         vertex -4.059334e+000 -2.545994e+001 0.000000e+000
      endloop
   endfacet
   facet normal 0.000000e+000 0.000000e+000 -1.000000e+000
      outer loop
         vertex -6.227745e+000 -2.199725e+001 0.000000e+000
         vertex -4.059334e+000 -2.545994e+001 0.000000e+000
         vertex -4.202051e+000 -2.552927e+001 0.000000e+000
      endloop
   endfacet
   facet normal 0.000000e+000 0.000000e+000 -1.000000e+000
      outer loop
         vertex -6.046628e+000 -2.097209e+000 0.000000e+000
         vertex -6.079166e+000 -2.000935e+000 0.000000e+000
         vertex 1.500000e+000 -6.221736e+000 0.000000e+000
      endloop
   endfacet
   facet normal 0.000000e+000 0.000000e+000 -1.000000e+000
      outer loop
         vertex 1.500000e+000 -6.221736e+000 0.000000e+000
         vertex -6.079166e+000 -2.000935e+000 0.000000e+000
         vertex -6.110170e+000 -1.904157e+000 0.000000e+000
      endloop
   endfacet
   facet normal 0.000000e+000 0.000000e+000 -1.000000e+000
      outer loop
         vertex 1.500000e+000 -6.221736e+000 0.000000e+000
         vertex -6.110170e+000 -1.904157e+000 0.000000e+000
         vertex -6.139635e+000 -1.806899e+000 0.000000e+000
      endloop
   endfacet
   facet normal 0.000000e+000 0.000000e+000 -1.000000e+000
      outer loop
         vertex -6.241943e+000 -1.413558e+000 0.000000e+000
         vertex -6.263601e+000 -1.314269e+000 0.000000e+000
         vertex 1.500000e+000 -6.221736e+000 0.000000e+000
      endloop
   endfacet
   facet normal 0.000000e+000 0.000000e+000 -1.000000e+000
      outer loop
         vertex 1.500000e+000 -6.221736e+000 0.000000e+000
         vertex -6.263601e+000 -1.314269e+000 0.000000e+000
         vertex -6.283679e+000 -1.214649e+000 0.000000e+000
      endloop
   endfacet
   facet normal 0.000000e+000 0.000000e+000 -1.000000e+000
      outer loop
         vertex 1.500000e+000 -6.221736e+000 0.000000e+000
         vertex -6.283679e+000 -1.214649e+000 0.000000e+000
         vertex -6.302174e+000 -1.114723e+000 0.000000e+000
      endloop
   endfacet
   facet normal 0.000000e+000 0.000000e+000 -1.000000e+000
      outer loop
         vertex -6.048311e+000 2.092352e+000 0.000000e+000
         vertex -6.014326e+000 2.188124e+000 0.000000e+000
         vertex -3.710795e+000 2.142428e+000 0.000000e+000
      endloop
   endfacet
   facet normal 0.000000e+000 0.000000e+000 -1.000000e+000
      outer loop
         vertex -3.710795e+000 2.142428e+000 0.000000e+000
         vertex -6.014326e+000 2.188124e+000 0.000000e+000
         vertex -5.978824e+000 2.283344e+000 0.000000e+000
      endloop
   endfacet
   facet normal 0.000000e+000 0.000000e+000 -1.000000e+000
      outer loop
         vertex -3.710795e+000 2.142428e+000 0.000000e+000
         vertex -5.978824e+000 2.283344e+000 0.000000e+000
         vertex -5.941815e+000 2.377989e+000 0.000000e+000
      endloop
   endfacet
   facet normal 0.000000e+000 0.000000e+000 -1.000000e+000
      outer loop
         vertex -3.630231e+000 2.090618e+000 0.000000e+000
         vertex -3.617302e+000 2.081242e+000 0.000000e+000
         vertex -6.141084e+000 1.801967e+000 0.000000e+000
      endloop
   endfacet
   facet normal 0.000000e+000 0.000000e+000 -1.000000e+000
      outer loop
         vertex -6.141084e+000 1.801967e+000 0.000000e+000
         vertex -3.617302e+000 2.081242e+000 0.000000e+000
         vertex -3.604525e+000 2.071662e+000 0.000000e+000
      endloop
   endfacet
   facet normal 0.000000e+000 0.000000e+000 -1.000000e+000
      outer loop
         vertex -6.141084e+000 1.801967e+000 0.000000e+000
         vertex -3.604525e+000 2.071662e+000 0.000000e+000
         vertex -3.591902e+000 2.061878e+000 0.000000e+000
      endloop
   endfacet
   facet normal 0.000000e+000 0.000000e+000 -1.000000e+000
      outer loop
         vertex -3.269549e+000 1.614126e+000 0.000000e+000
         vertex -3.264276e+000 1.599051e+000 0.000000e+000
         vertex -6.141084e+000 1.801967e+000 0.000000e+000
      endloop
   endfacet
   facet normal 0.000000e+000 0.000000e+000 -1.000000e+000
      outer loop
         vertex -3.217825e+000 1.158034e+000 0.000000e+000
         vertex -3.219842e+000 1.142192e+000 0.000000e+000
         vertex -6.141084e+000 1.801967e+000 0.000000e+000
      endloop
   endfacet
   facet normal 0.000000e+000 0.000000e+000 -1.000000e+000
      outer loop
         vertex -6.141084e+000 1.801967e+000 0.000000e+000
         vertex -3.219842e+000 1.142192e+000 0.000000e+000
         vertex -3.222112e+000 1.126383e+000 0.000000e+000
      endloop
   endfacet
   facet normal 0.000000e+000 0.000000e+000 -1.000000e+000
      outer loop
         vertex -6.141084e+000 1.801967e+000 0.000000e+000
         vertex -3.222112e+000 1.126383e+000 0.000000e+000
         vertex -3.224634e+000 1.110613e+000 0.000000e+000
      endloop
   endfacet
   facet normal 0.000000e+000 0.000000e+000 -1.000000e+000
      outer loop
         vertex -3.054217e+000 -1.493907e+000 0.000000e+000
         vertex -3.030015e+000 -1.542403e+000 0.000000e+000
         vertex -6.399999e+000 -2.570200e-003 0.000000e+000
      endloop
   endfacet
   facet normal 0.000000e+000 0.000000e+000 -1.000000e+000
      outer loop
         vertex -6.399999e+000 -2.570200e-003 0.000000e+000
         vertex -3.030015e+000 -1.542403e+000 0.000000e+000
         vertex -3.005044e+000 -1.590507e+000 0.000000e+000
      endloop
   endfacet
   facet normal 0.000000e+000 0.000000e+000 -1.000000e+000
      outer loop
         vertex -6.399999e+000 -2.570200e-003 0.000000e+000
         vertex -3.005044e+000 -1.590507e+000 0.000000e+000
         vertex -2.979308e+000 -1.638207e+000 0.000000e+000
      endloop
   endfacet
   facet normal 0.000000e+000 0.000000e+000 -1.000000e+000
      outer loop
         vertex -2.315670e+000 -2.489512e+000 0.000000e+000
         vertex -2.275692e+000 -2.526109e+000 0.000000e+000
         vertex -6.399999e+000 -2.570200e-003 0.000000e+000
      endloop
   endfacet
   facet normal 0.000000e+000 0.000000e+000 -1.000000e+000
      outer loop
         vertex -6.399999e+000 -2.570200e-003 0.000000e+000
         vertex -2.275692e+000 -2.526109e+000 0.000000e+000
         vertex -2.235135e+000 -2.562064e+000 0.000000e+000
      endloop
   endfacet
   facet normal 0.000000e+000 0.000000e+000 -1.000000e+000
      outer loop
         vertex -6.399999e+000 -2.570200e-003 0.000000e+000
         vertex -2.235135e+000 -2.562064e+000 0.000000e+000
         vertex 1.500000e+000 -6.221736e+000 0.000000e+000
      endloop
   endfacet
   facet normal 0.000000e+000 0.000000e+000 -1.000000e+000
      outer loop
         vertex 1.500000e+000 -6.221736e+000 0.000000e+000
         vertex -2.235135e+000 -2.562064e+000 0.000000e+000
         vertex -2.194010e+000 -2.597368e+000 0.000000e+000
      endloop
   endfacet
   facet normal 0.000000e+000 0.000000e+000 -1.000000e+000
      outer loop
         vertex 1.500000e+000 -6.221736e+000 0.000000e+000
         vertex -2.194010e+000 -2.597368e+000 0.000000e+000
         vertex -2.152328e+000 -2.632011e+000 0.000000e+000
      endloop
   endfacet
   facet normal 0.000000e+000 0.000000e+000 -1.000000e+000
      outer loop
         vertex -1.845849e+000 -2.855318e+000 0.000000e+000
         vertex -1.800099e+000 -2.884379e+000 0.000000e+000
         vertex 1.500000e+000 -6.221736e+000 0.000000e+000
      endloop
   endfacet
   facet normal 0.000000e+000 0.000000e+000 -1.000000e+000
      outer loop
         vertex 1.500000e+000 -6.221736e+000 0.000000e+000
         vertex -1.800099e+000 -2.884379e+000 0.000000e+000
         vertex -1.753892e+000 -2.912707e+000 0.000000e+000
      endloop
   endfacet
   facet normal 0.000000e+000 0.000000e+000 -1.000000e+000
      outer loop
         vertex 1.500000e+000 -6.221736e+000 0.000000e+000
         vertex -1.753892e+000 -2.912707e+000 0.000000e+000
         vertex -1.707239e+000 -2.940295e+000 0.000000e+000
      endloop
   endfacet
   facet normal 0.000000e+000 0.000000e+000 -1.000000e+000
      outer loop
         vertex 5.419774e-002 -3.399568e+000 0.000000e+000
         vertex 1.083817e-001 -3.398272e+000 0.000000e+000
         vertex 1.500000e+000 -6.221736e+000 0.000000e+000
      endloop
   endfacet
   facet normal 0.000000e+000 0.000000e+000 -1.000000e+000
      outer loop
         vertex 1.500000e+000 -6.221736e+000 0.000000e+000
         vertex 1.083817e-001 -3.398272e+000 0.000000e+000
         vertex 1.625381e-001 -3.396113e+000 0.000000e+000
      endloop
   endfacet
   facet normal 0.000000e+000 0.000000e+000 -1.000000e+000
      outer loop
         vertex 1.500000e+000 -6.221736e+000 0.000000e+000
         vertex 1.625381e-001 -3.396113e+000 0.000000e+000
         vertex 2.166533e-001 -3.393090e+000 0.000000e+000
      endloop
   endfacet
   facet normal 0.000000e+000 0.000000e+000 -1.000000e+000
      outer loop
         vertex 3.269105e+000 9.343190e-001 0.000000e+000
         vertex 6.141084e+000 1.801967e+000 0.000000e+000
         vertex 3.283583e+000 8.820891e-001 0.000000e+000
      endloop
   endfacet
   facet normal 0.000000e+000 0.000000e+000 -1.000000e+000
      outer loop
         vertex 3.283583e+000 8.820891e-001 0.000000e+000
         vertex 6.141084e+000 1.801967e+000 0.000000e+000
         vertex 6.168922e+000 1.704231e+000 0.000000e+000
      endloop
   endfacet
   facet normal 0.000000e+000 0.000000e+000 -1.000000e+000
      outer loop
         vertex 3.283583e+000 8.820891e-001 0.000000e+000
         vertex 6.168922e+000 1.704231e+000 0.000000e+000
         vertex 3.297227e+000 8.296350e-001 0.000000e+000
      endloop
   endfacet
   facet normal 0.000000e+000 0.000000e+000 -1.000000e+000
      outer loop
         vertex 3.297227e+000 8.296350e-001 0.000000e+000
         vertex 6.168922e+000 1.704231e+000 0.000000e+000
         vertex 6.195204e+000 1.606065e+000 0.000000e+000
      endloop
   endfacet
   facet normal 0.000000e+000 0.000000e+000 -1.000000e+000
      outer loop
         vertex 3.297227e+000 8.296350e-001 0.000000e+000
         vertex 6.195204e+000 1.606065e+000 0.000000e+000
         vertex 3.310033e+000 7.769701e-001 0.000000e+000
      endloop
   endfacet
   facet normal 0.000000e+000 0.000000e+000 -1.000000e+000
      outer loop
         vertex 3.310033e+000 7.769701e-001 0.000000e+000
         vertex 6.195204e+000 1.606065e+000 0.000000e+000
         vertex 6.219924e+000 1.507495e+000 0.000000e+000
      endloop
   endfacet
   facet normal 0.000000e+000 0.000000e+000 -1.000000e+000
      outer loop
         vertex 3.310033e+000 7.769701e-001 0.000000e+000
         vertex 6.219924e+000 1.507495e+000 0.000000e+000
         vertex 3.321998e+000 7.241078e-001 0.000000e+000
      endloop
   endfacet
   facet normal 0.000000e+000 0.000000e+000 -1.000000e+000
      outer loop
         vertex 3.321998e+000 7.241078e-001 0.000000e+000
         vertex 6.219924e+000 1.507495e+000 0.000000e+000
         vertex 6.243077e+000 1.408544e+000 0.000000e+000
      endloop
   endfacet
   facet normal 0.000000e+000 0.000000e+000 -1.000000e+000
      outer loop
         vertex 3.321998e+000 7.241078e-001 0.000000e+000
         vertex 6.243077e+000 1.408544e+000 0.000000e+000
         vertex 3.333118e+000 6.710615e-001 0.000000e+000
      endloop
   endfacet
   facet normal 0.000000e+000 0.000000e+000 -1.000000e+000
      outer loop
         vertex 3.333118e+000 6.710615e-001 0.000000e+000
         vertex 6.243077e+000 1.408544e+000 0.000000e+000
         vertex 6.264655e+000 1.309238e+000 0.000000e+000
      endloop
   endfacet
   facet normal 0.000000e+000 0.000000e+000 -1.000000e+000
      outer loop
         vertex 3.333118e+000 6.710615e-001 0.000000e+000
         vertex 6.264655e+000 1.309238e+000 0.000000e+000
         vertex 3.343392e+000 6.178446e-001 0.000000e+000
      endloop
   endfacet
   facet normal 0.000000e+000 0.000000e+000 -1.000000e+000
      outer loop
         vertex 3.343392e+000 6.178446e-001 0.000000e+000
         vertex 6.264655e+000 1.309238e+000 0.000000e+000
         vertex 6.284653e+000 1.209602e+000 0.000000e+000
      endloop
   endfacet
   facet normal 0.000000e+000 0.000000e+000 -1.000000e+000
      outer loop
         vertex 3.343392e+000 6.178446e-001 0.000000e+000
         vertex 6.284653e+000 1.209602e+000 0.000000e+000
         vertex 3.352816e+000 5.644706e-001 0.000000e+000
      endloop
   endfacet
   facet normal 0.000000e+000 0.000000e+000 -1.000000e+000
      outer loop
         vertex 3.352816e+000 5.644706e-001 0.000000e+000
         vertex 6.284653e+000 1.209602e+000 0.000000e+000
         vertex 6.303067e+000 1.109661e+000 0.000000e+000
      endloop
   endfacet
   facet normal 0.000000e+000 0.000000e+000 -1.000000e+000
      outer loop
         vertex 3.352816e+000 5.644706e-001 0.000000e+000
         vertex 6.303067e+000 1.109661e+000 0.000000e+000
         vertex 3.361388e+000 5.109534e-001 0.000000e+000
      endloop
   endfacet
   facet normal 0.000000e+000 0.000000e+000 -1.000000e+000
      outer loop
         vertex 3.361388e+000 5.109534e-001 0.000000e+000
         vertex 6.303067e+000 1.109661e+000 0.000000e+000
         vertex 6.319891e+000 1.009440e+000 0.000000e+000
      endloop
   endfacet
   facet normal 0.000000e+000 0.000000e+000 -1.000000e+000
      outer loop
         vertex 3.361388e+000 5.109534e-001 0.000000e+000
         vertex 6.319891e+000 1.009440e+000 0.000000e+000
         vertex 3.369105e+000 4.573062e-001 0.000000e+000
      endloop
   endfacet
   facet normal 0.000000e+000 0.000000e+000 -1.000000e+000
      outer loop
         vertex 3.369105e+000 4.573062e-001 0.000000e+000
         vertex 6.319891e+000 1.009440e+000 0.000000e+000
         vertex 6.335123e+000 9.089647e-001 0.000000e+000
      endloop
   endfacet
   facet normal 0.000000e+000 0.000000e+000 -1.000000e+000
      outer loop
         vertex 3.369105e+000 4.573062e-001 0.000000e+000
         vertex 6.335123e+000 9.089647e-001 0.000000e+000
         vertex 3.375967e+000 4.035428e-001 0.000000e+000
      endloop
   endfacet
   facet normal 0.000000e+000 0.000000e+000 -1.000000e+000
      outer loop
         vertex 3.375967e+000 4.035428e-001 0.000000e+000
         vertex 6.335123e+000 9.089647e-001 0.000000e+000
         vertex 6.348757e+000 8.082602e-001 0.000000e+000
      endloop
   endfacet
   facet normal 0.000000e+000 0.000000e+000 -1.000000e+000
      outer loop
         vertex 3.375967e+000 4.035428e-001 0.000000e+000
         vertex 6.348757e+000 8.082602e-001 0.000000e+000
         vertex 3.381971e+000 3.496769e-001 0.000000e+000
      endloop
   endfacet
   facet normal 0.000000e+000 0.000000e+000 -1.000000e+000
      outer loop
         vertex 3.381971e+000 3.496769e-001 0.000000e+000
         vertex 6.348757e+000 8.082602e-001 0.000000e+000
         vertex 6.360790e+000 7.073519e-001 0.000000e+000
      endloop
   endfacet
   facet normal 0.000000e+000 0.000000e+000 -1.000000e+000
      outer loop
         vertex 3.381971e+000 3.496769e-001 0.000000e+000
         vertex 6.360790e+000 7.073519e-001 0.000000e+000
         vertex 3.387115e+000 2.957221e-001 0.000000e+000
      endloop
   endfacet
   facet normal 0.000000e+000 0.000000e+000 -1.000000e+000
      outer loop
         vertex 3.387115e+000 2.957221e-001 0.000000e+000
         vertex 6.360790e+000 7.073519e-001 0.000000e+000
         vertex 6.371220e+000 6.062652e-001 0.000000e+000
      endloop
   endfacet
   facet normal 0.000000e+000 0.000000e+000 -1.000000e+000
      outer loop
         vertex 3.387115e+000 2.957221e-001 0.000000e+000
         vertex 6.371220e+000 6.062652e-001 0.000000e+000
         vertex 3.391399e+000 2.416922e-001 0.000000e+000
      endloop
   endfacet
   facet normal 0.000000e+000 0.000000e+000 -1.000000e+000
      outer loop
         vertex 3.391399e+000 2.416922e-001 0.000000e+000
         vertex 6.371220e+000 6.062652e-001 0.000000e+000
         vertex 6.380043e+000 5.050258e-001 0.000000e+000
      endloop
   endfacet
   facet normal 0.000000e+000 0.000000e+000 -1.000000e+000
      outer loop
         vertex 3.391399e+000 2.416922e-001 0.000000e+000
         vertex 6.380043e+000 5.050258e-001 0.000000e+000
         vertex 3.394820e+000 1.876009e-001 0.000000e+000
      endloop
   endfacet
   facet normal 0.000000e+000 0.000000e+000 -1.000000e+000
      outer loop
         vertex 3.241555e+000 1.522522e+000 0.000000e+000
         vertex 3.245609e+000 1.537969e+000 0.000000e+000
         vertex 6.141084e+000 1.801967e+000 0.000000e+000
      endloop
   endfacet
   facet normal 0.000000e+000 0.000000e+000 -1.000000e+000
      outer loop
         vertex 6.141084e+000 1.801967e+000 0.000000e+000
         vertex 3.245609e+000 1.537969e+000 0.000000e+000
         vertex 3.249910e+000 1.553349e+000 0.000000e+000
      endloop
   endfacet
   facet normal 0.000000e+000 0.000000e+000 -1.000000e+000
      outer loop
         vertex 6.141084e+000 1.801967e+000 0.000000e+000
         vertex 3.249910e+000 1.553349e+000 0.000000e+000
         vertex 3.254455e+000 1.568659e+000 0.000000e+000
      endloop
   endfacet
   facet normal 0.000000e+000 0.000000e+000 -1.000000e+000
      outer loop
         vertex 3.254455e+000 1.568659e+000 0.000000e+000
         vertex 3.259244e+000 1.583894e+000 0.000000e+000
         vertex 6.141084e+000 1.801967e+000 0.000000e+000
      endloop
   endfacet
   facet normal 0.000000e+000 0.000000e+000 -1.000000e+000
      outer loop
         vertex 6.141084e+000 1.801967e+000 0.000000e+000
         vertex 3.259244e+000 1.583894e+000 0.000000e+000
         vertex 3.264276e+000 1.599051e+000 0.000000e+000
      endloop
   endfacet
   facet normal 0.000000e+000 0.000000e+000 -1.000000e+000
      outer loop
         vertex 6.141084e+000 1.801967e+000 0.000000e+000
         vertex 3.264276e+000 1.599051e+000 0.000000e+000
         vertex 3.269549e+000 1.614126e+000 0.000000e+000
      endloop
   endfacet
   facet normal 0.000000e+000 0.000000e+000 -1.000000e+000
      outer loop
         vertex 3.269549e+000 1.614126e+000 0.000000e+000
         vertex 3.275063e+000 1.629114e+000 0.000000e+000
         vertex 6.141084e+000 1.801967e+000 0.000000e+000
      endloop
   endfacet
   facet normal 0.000000e+000 0.000000e+000 -1.000000e+000
      outer loop
         vertex 6.141084e+000 1.801967e+000 0.000000e+000
         vertex 3.275063e+000 1.629114e+000 0.000000e+000
         vertex 3.280815e+000 1.644013e+000 0.000000e+000
      endloop
   endfacet
   facet normal 0.000000e+000 0.000000e+000 -1.000000e+000
      outer loop
         vertex 6.141084e+000 1.801967e+000 0.000000e+000
         vertex 3.280815e+000 1.644013e+000 0.000000e+000
         vertex 3.286804e+000 1.658818e+000 0.000000e+000
      endloop
   endfacet
   facet normal 0.000000e+000 0.000000e+000 -1.000000e+000
      outer loop
         vertex 3.306180e+000 1.702632e+000 0.000000e+000
         vertex 3.313102e+000 1.717024e+000 0.000000e+000
         vertex 6.141084e+000 1.801967e+000 0.000000e+000
      endloop
   endfacet
   facet normal 0.000000e+000 0.000000e+000 -1.000000e+000
      outer loop
         vertex 6.141084e+000 1.801967e+000 0.000000e+000
         vertex 3.313102e+000 1.717024e+000 0.000000e+000
         vertex 3.320253e+000 1.731304e+000 0.000000e+000
      endloop
   endfacet
   facet normal 0.000000e+000 0.000000e+000 -1.000000e+000
      outer loop
         vertex 6.141084e+000 1.801967e+000 0.000000e+000
         vertex 3.320253e+000 1.731304e+000 0.000000e+000
         vertex 3.327631e+000 1.745467e+000 0.000000e+000
      endloop
   endfacet
   facet normal 0.000000e+000 0.000000e+000 -1.000000e+000
      outer loop
         vertex 3.351109e+000 1.787227e+000 0.000000e+000
         vertex 3.359377e+000 1.800890e+000 0.000000e+000
         vertex 6.141084e+000 1.801967e+000 0.000000e+000
      endloop
   endfacet
   facet normal 0.000000e+000 0.000000e+000 -1.000000e+000
      outer loop
         vertex 6.141084e+000 1.801967e+000 0.000000e+000
         vertex 3.359377e+000 1.800890e+000 0.000000e+000
         vertex 3.367861e+000 1.814420e+000 0.000000e+000
      endloop
   endfacet
   facet normal 0.000000e+000 0.000000e+000 -1.000000e+000
      outer loop
         vertex 6.141084e+000 1.801967e+000 0.000000e+000
         vertex 3.367861e+000 1.814420e+000 0.000000e+000
         vertex 3.376561e+000 1.827813e+000 0.000000e+000
      endloop
   endfacet
   facet normal 0.000000e+000 0.000000e+000 -1.000000e+000
      outer loop
         vertex 3.508137e+000 1.987931e+000 0.000000e+000
         vertex 3.519590e+000 1.999061e+000 0.000000e+000
         vertex 6.141084e+000 1.801967e+000 0.000000e+000
      endloop
   endfacet
   facet normal 0.000000e+000 0.000000e+000 -1.000000e+000
      outer loop
         vertex 6.141084e+000 1.801967e+000 0.000000e+000
         vertex 3.519590e+000 1.999061e+000 0.000000e+000
         vertex 3.531218e+000 2.010008e+000 0.000000e+000
      endloop
   endfacet
   facet normal 0.000000e+000 0.000000e+000 -1.000000e+000
      outer loop
         vertex 6.141084e+000 1.801967e+000 0.000000e+000
         vertex 3.531218e+000 2.010008e+000 0.000000e+000
         vertex 3.543020e+000 2.020767e+000 0.000000e+000
      endloop
   endfacet
   facet normal 0.000000e+000 0.000000e+000 -1.000000e+000
      outer loop
         vertex -2.216321e+000 -1.721663e+001 0.000000e+000
         vertex 1.254298e+000 -1.870310e+001 0.000000e+000
         vertex -2.276457e+000 -1.736345e+001 0.000000e+000
      endloop
   endfacet
   facet normal 0.000000e+000 0.000000e+000 -1.000000e+000
      outer loop
         vertex -2.276457e+000 -1.736345e+001 0.000000e+000
         vertex 1.254298e+000 -1.870310e+001 0.000000e+000
         vertex 1.218116e+000 -1.885759e+001 0.000000e+000
      endloop
   endfacet
   facet normal 0.000000e+000 0.000000e+000 -1.000000e+000
      outer loop
         vertex -2.276457e+000 -1.736345e+001 0.000000e+000
         vertex 1.218116e+000 -1.885759e+001 0.000000e+000
         vertex -2.338915e+000 -1.750931e+001 0.000000e+000
      endloop
   endfacet
   facet normal 0.000000e+000 0.000000e+000 -1.000000e+000
      outer loop
         vertex -6.302174e+000 -1.114723e+000 0.000000e+000
         vertex -6.319079e+000 -1.014516e+000 0.000000e+000
         vertex 1.500000e+000 -6.221736e+000 0.000000e+000
      endloop
   endfacet
   facet normal 0.000000e+000 0.000000e+000 -1.000000e+000
      outer loop
         vertex 1.500000e+000 -6.221736e+000 0.000000e+000
         vertex -6.319079e+000 -1.014516e+000 0.000000e+000
         vertex -6.334391e+000 -9.140527e-001 0.000000e+000
      endloop
   endfacet
   facet normal 0.000000e+000 0.000000e+000 -1.000000e+000
      outer loop
         vertex 1.500000e+000 -6.221736e+000 0.000000e+000
         vertex -6.334391e+000 -9.140527e-001 0.000000e+000
         vertex -6.348105e+000 -8.133591e-001 0.000000e+000
      endloop
   endfacet
   facet normal 0.000000e+000 0.000000e+000 -1.000000e+000
      outer loop
         vertex -3.591902e+000 2.061878e+000 0.000000e+000
         vertex -3.579437e+000 2.051894e+000 0.000000e+000
         vertex -6.141084e+000 1.801967e+000 0.000000e+000
      endloop
   endfacet
   facet normal 0.000000e+000 0.000000e+000 -1.000000e+000
      outer loop
         vertex -6.141084e+000 1.801967e+000 0.000000e+000
         vertex -3.579437e+000 2.051894e+000 0.000000e+000
         vertex -3.567133e+000 2.041713e+000 0.000000e+000
      endloop
   endfacet
   facet normal 0.000000e+000 0.000000e+000 -1.000000e+000
      outer loop
         vertex -6.141084e+000 1.801967e+000 0.000000e+000
         vertex -3.567133e+000 2.041713e+000 0.000000e+000
         vertex -3.554993e+000 2.031336e+000 0.000000e+000
      endloop
   endfacet
   facet normal 0.000000e+000 0.000000e+000 -1.000000e+000
      outer loop
         vertex -3.554993e+000 2.031336e+000 0.000000e+000
         vertex -3.543020e+000 2.020767e+000 0.000000e+000
         vertex -6.141084e+000 1.801967e+000 0.000000e+000
      endloop
   endfacet
   facet normal 0.000000e+000 0.000000e+000 -1.000000e+000
      outer loop
         vertex -6.141084e+000 1.801967e+000 0.000000e+000
         vertex -3.543020e+000 2.020767e+000 0.000000e+000
         vertex -3.531218e+000 2.010008e+000 0.000000e+000
      endloop
   endfacet
   facet normal 0.000000e+000 0.000000e+000 -1.000000e+000
      outer loop
         vertex -6.141084e+000 1.801967e+000 0.000000e+000
         vertex -3.531218e+000 2.010008e+000 0.000000e+000
         vertex -3.519590e+000 1.999061e+000 0.000000e+000
      endloop
   endfacet
   facet normal 0.000000e+000 0.000000e+000 -1.000000e+000
      outer loop
         vertex -3.519590e+000 1.999061e+000 0.000000e+000
         vertex -3.508137e+000 1.987931e+000 0.000000e+000
         vertex -6.141084e+000 1.801967e+000 0.000000e+000
      endloop
   endfacet
   facet normal 0.000000e+000 0.000000e+000 -1.000000e+000
      outer loop
         vertex -6.141084e+000 1.801967e+000 0.000000e+000
         vertex -3.508137e+000 1.987931e+000 0.000000e+000
         vertex -3.496864e+000 1.976619e+000 0.000000e+000
      endloop
   endfacet
   facet normal 0.000000e+000 0.000000e+000 -1.000000e+000
      outer loop
         vertex -6.141084e+000 1.801967e+000 0.000000e+000
         vertex -3.496864e+000 1.976619e+000 0.000000e+000
         vertex -3.485772e+000 1.965128e+000 0.000000e+000
      endloop
   endfacet
   facet normal 0.000000e+000 0.000000e+000 -1.000000e+000
      outer loop
         vertex -6.141084e+000 1.801967e+000 0.000000e+000
         vertex -3.293029e+000 1.673525e+000 0.000000e+000
         vertex -3.286804e+000 1.658818e+000 0.000000e+000
      endloop
   endfacet
   facet normal 0.000000e+000 0.000000e+000 -1.000000e+000
      outer loop
         vertex -3.227821e+000 1.460145e+000 0.000000e+000
         vertex -3.225012e+000 1.444424e+000 0.000000e+000
         vertex -6.141084e+000 1.801967e+000 0.000000e+000
      endloop
   endfacet
   facet normal 0.000000e+000 0.000000e+000 -1.000000e+000
      outer loop
         vertex -6.141084e+000 1.801967e+000 0.000000e+000
         vertex -3.218096e+000 1.397019e+000 0.000000e+000
         vertex -3.216296e+000 1.381150e+000 0.000000e+000
      endloop
   endfacet
   facet normal 0.000000e+000 0.000000e+000 -1.000000e+000
      outer loop
         vertex -3.210837e+000 1.285519e+000 0.000000e+000
         vertex -3.210819e+000 1.269549e+000 0.000000e+000
         vertex -6.141084e+000 1.801967e+000 0.000000e+000
      endloop
   endfacet
   facet normal 0.000000e+000 0.000000e+000 -1.000000e+000
      outer loop
         vertex -6.141084e+000 1.801967e+000 0.000000e+000
         vertex -3.210819e+000 1.269549e+000 0.000000e+000
         vertex -3.211056e+000 1.253581e+000 0.000000e+000
      endloop
   endfacet
   facet normal 0.000000e+000 0.000000e+000 -1.000000e+000
      outer loop
         vertex -6.141084e+000 1.801967e+000 0.000000e+000
         vertex -3.211056e+000 1.253581e+000 0.000000e+000
         vertex -3.211547e+000 1.237618e+000 0.000000e+000
      endloop
   endfacet
   facet normal 0.000000e+000 0.000000e+000 -1.000000e+000
      outer loop
         vertex -3.224634e+000 1.110613e+000 0.000000e+000
         vertex -3.227407e+000 1.094886e+000 0.000000e+000
         vertex -6.141084e+000 1.801967e+000 0.000000e+000
      endloop
   endfacet
   facet normal 0.000000e+000 0.000000e+000 -1.000000e+000
      outer loop
         vertex -6.141084e+000 1.801967e+000 0.000000e+000
         vertex -3.227407e+000 1.094886e+000 0.000000e+000
         vertex -3.230432e+000 1.079204e+000 0.000000e+000
      endloop
   endfacet
   facet normal 0.000000e+000 0.000000e+000 -1.000000e+000
      outer loop
         vertex -6.141084e+000 1.801967e+000 0.000000e+000
         vertex -3.230432e+000 1.079204e+000 0.000000e+000
         vertex -3.233706e+000 1.063573e+000 0.000000e+000
      endloop
   endfacet
   facet normal 0.000000e+000 0.000000e+000 -1.000000e+000
      outer loop
         vertex -3.233706e+000 1.063573e+000 0.000000e+000
         vertex -3.237229e+000 1.047997e+000 0.000000e+000
         vertex -6.141084e+000 1.801967e+000 0.000000e+000
      endloop
   endfacet
   facet normal 0.000000e+000 0.000000e+000 -1.000000e+000
      outer loop
         vertex -6.141084e+000 1.801967e+000 0.000000e+000
         vertex -3.237229e+000 1.047997e+000 0.000000e+000
         vertex -3.241001e+000 1.032478e+000 0.000000e+000
      endloop
   endfacet
   facet normal 0.000000e+000 0.000000e+000 -1.000000e+000
      outer loop
         vertex -6.141084e+000 1.801967e+000 0.000000e+000
         vertex -3.241001e+000 1.032478e+000 0.000000e+000
         vertex -3.245020e+000 1.017022e+000 0.000000e+000
      endloop
   endfacet
   facet normal 0.000000e+000 0.000000e+000 -1.000000e+000
      outer loop
         vertex -3.245020e+000 1.017022e+000 0.000000e+000
         vertex -3.249285e+000 1.001632e+000 0.000000e+000
         vertex -6.141084e+000 1.801967e+000 0.000000e+000
      endloop
   endfacet
   facet normal 0.000000e+000 0.000000e+000 -1.000000e+000
      outer loop
         vertex -6.141084e+000 1.801967e+000 0.000000e+000
         vertex -3.249285e+000 1.001632e+000 0.000000e+000
         vertex -3.253796e+000 9.863115e-001 0.000000e+000
      endloop
   endfacet
   facet normal 0.000000e+000 0.000000e+000 -1.000000e+000
      outer loop
         vertex -6.141084e+000 1.801967e+000 0.000000e+000
         vertex -3.253796e+000 9.863115e-001 0.000000e+000
         vertex -3.269105e+000 9.343190e-001 0.000000e+000
      endloop
   endfacet
   facet normal 0.000000e+000 0.000000e+000 -1.000000e+000
      outer loop
         vertex -2.152328e+000 -2.632011e+000 0.000000e+000
         vertex -2.110099e+000 -2.665986e+000 0.000000e+000
         vertex 1.500000e+000 -6.221736e+000 0.000000e+000
      endloop
   endfacet
   facet normal 0.000000e+000 0.000000e+000 -1.000000e+000
      outer loop
         vertex 1.500000e+000 -6.221736e+000 0.000000e+000
         vertex -2.110099e+000 -2.665986e+000 0.000000e+000
         vertex -2.067334e+000 -2.699283e+000 0.000000e+000
      endloop
   endfacet
   facet normal 0.000000e+000 0.000000e+000 -1.000000e+000
      outer loop
         vertex 1.500000e+000 -6.221736e+000 0.000000e+000
         vertex -2.067334e+000 -2.699283e+000 0.000000e+000
         vertex -2.024043e+000 -2.731894e+000 0.000000e+000
      endloop
   endfacet
   facet normal 0.000000e+000 0.000000e+000 -1.000000e+000
      outer loop
         vertex -1.980238e+000 -2.763812e+000 0.000000e+000
         vertex -1.935930e+000 -2.795027e+000 0.000000e+000
         vertex 1.500000e+000 -6.221736e+000 0.000000e+000
      endloop
   endfacet
   facet normal 0.000000e+000 0.000000e+000 -1.000000e+000
      outer loop
         vertex 1.500000e+000 -6.221736e+000 0.000000e+000
         vertex -1.935930e+000 -2.795027e+000 0.000000e+000
         vertex -1.891130e+000 -2.825531e+000 0.000000e+000
      endloop
   endfacet
   facet normal 0.000000e+000 0.000000e+000 -1.000000e+000
      outer loop
         vertex 1.500000e+000 -6.221736e+000 0.000000e+000
         vertex -1.891130e+000 -2.825531e+000 0.000000e+000
         vertex -1.845849e+000 -2.855318e+000 0.000000e+000
      endloop
   endfacet
   facet normal 0.000000e+000 0.000000e+000 -1.000000e+000
      outer loop
         vertex 3.327631e+000 1.745467e+000 0.000000e+000
         vertex 3.335234e+000 1.759511e+000 0.000000e+000
         vertex 6.141084e+000 1.801967e+000 0.000000e+000
      endloop
   endfacet
   facet normal 0.000000e+000 0.000000e+000 -1.000000e+000
      outer loop
         vertex 6.141084e+000 1.801967e+000 0.000000e+000
         vertex 3.335234e+000 1.759511e+000 0.000000e+000
         vertex 3.343061e+000 1.773432e+000 0.000000e+000
      endloop
   endfacet
   facet normal 0.000000e+000 0.000000e+000 -1.000000e+000
      outer loop
         vertex 6.141084e+000 1.801967e+000 0.000000e+000
         vertex 3.343061e+000 1.773432e+000 0.000000e+000
         vertex 3.351109e+000 1.787227e+000 0.000000e+000
      endloop
   endfacet
   facet normal 0.000000e+000 0.000000e+000 -1.000000e+000
      outer loop
         vertex -5.072124e+000 -2.116044e+001 0.000000e+000
         vertex -2.443903e+000 -2.445762e+001 0.000000e+000
         vertex -5.194474e+000 -2.126147e+001 0.000000e+000
      endloop
   endfacet
   facet normal 0.000000e+000 0.000000e+000 -1.000000e+000
      outer loop
         vertex -5.194474e+000 -2.126147e+001 0.000000e+000
         vertex -2.443903e+000 -2.445762e+001 0.000000e+000
         vertex -2.570921e+000 -2.455270e+001 0.000000e+000
      endloop
   endfacet
   facet normal 0.000000e+000 0.000000e+000 -1.000000e+000
      outer loop
         vertex -5.194474e+000 -2.126147e+001 0.000000e+000
         vertex -2.570921e+000 -2.455270e+001 0.000000e+000
         vertex -5.318410e+000 -2.136053e+001 0.000000e+000
      endloop
   endfacet
   facet normal 0.000000e+000 0.000000e+000 -1.000000e+000
      outer loop
         vertex -5.318410e+000 -2.136053e+001 0.000000e+000
         vertex -2.570921e+000 -2.455270e+001 0.000000e+000
         vertex -2.699431e+000 -2.464576e+001 0.000000e+000
      endloop
   endfacet
   facet normal 0.000000e+000 0.000000e+000 -1.000000e+000
      outer loop
         vertex -5.318410e+000 -2.136053e+001 0.000000e+000
         vertex -2.699431e+000 -2.464576e+001 0.000000e+000
         vertex -2.829401e+000 -2.473676e+001 0.000000e+000
      endloop
   endfacet
   facet normal 0.000000e+000 0.000000e+000 -1.000000e+000
      outer loop
         vertex 1.419548e+000 -1.776592e+001 0.000000e+000
         vertex 1.398214e+000 -1.792315e+001 0.000000e+000
         vertex -2.049992e+000 -1.677068e+001 0.000000e+000
      endloop
   endfacet
   facet normal 0.000000e+000 0.000000e+000 -1.000000e+000
      outer loop
         vertex -2.049992e+000 -1.677068e+001 0.000000e+000
         vertex 1.398214e+000 -1.792315e+001 0.000000e+000
         vertex 1.374389e+000 -1.808002e+001 0.000000e+000
      endloop
   endfacet
   facet normal 0.000000e+000 0.000000e+000 -1.000000e+000
      outer loop
         vertex -2.049992e+000 -1.677068e+001 0.000000e+000
         vertex 1.374389e+000 -1.808002e+001 0.000000e+000
         vertex -2.103074e+000 -1.692020e+001 0.000000e+000
      endloop
   endfacet
   facet normal 0.000000e+000 0.000000e+000 -1.000000e+000
      outer loop
         vertex -2.103074e+000 -1.692020e+001 0.000000e+000
         vertex 1.374389e+000 -1.808002e+001 0.000000e+000
         vertex 1.348078e+000 -1.823648e+001 0.000000e+000
      endloop
   endfacet
   facet normal 0.000000e+000 0.000000e+000 -1.000000e+000
      outer loop
         vertex -2.103074e+000 -1.692020e+001 0.000000e+000
         vertex 1.348078e+000 -1.823648e+001 0.000000e+000
         vertex -2.158521e+000 -1.706886e+001 0.000000e+000
      endloop
   endfacet
   facet normal 0.000000e+000 0.000000e+000 -1.000000e+000
      outer loop
         vertex -2.158521e+000 -1.706886e+001 0.000000e+000
         vertex 1.348078e+000 -1.823648e+001 0.000000e+000
         vertex 1.319287e+000 -1.839251e+001 0.000000e+000
      endloop
   endfacet
   facet normal 0.000000e+000 0.000000e+000 -1.000000e+000
      outer loop
         vertex -2.158521e+000 -1.706886e+001 0.000000e+000
         vertex 1.319287e+000 -1.839251e+001 0.000000e+000
         vertex -2.216321e+000 -1.721663e+001 0.000000e+000
      endloop
   endfacet
   facet normal 0.000000e+000 0.000000e+000 -1.000000e+000
      outer loop
         vertex -2.216321e+000 -1.721663e+001 0.000000e+000
         vertex 1.319287e+000 -1.839251e+001 0.000000e+000
         vertex 1.288024e+000 -1.854807e+001 0.000000e+000
      endloop
   endfacet
   facet normal 0.000000e+000 0.000000e+000 -1.000000e+000
      outer loop
         vertex -2.216321e+000 -1.721663e+001 0.000000e+000
         vertex 1.288024e+000 -1.854807e+001 0.000000e+000
         vertex 1.254298e+000 -1.870310e+001 0.000000e+000
      endloop
   endfacet
   facet normal 0.000000e+000 0.000000e+000 -1.000000e+000
      outer loop
         vertex -1.580452e+000 -1.476592e+001 0.000000e+000
         vertex -1.561615e+000 -1.460838e+001 0.000000e+000
         vertex 1.500000e+000 -1.650000e+001 0.000000e+000
      endloop
   endfacet
   facet normal 0.000000e+000 0.000000e+000 -1.000000e+000
      outer loop
         vertex 1.500000e+000 -1.650000e+001 0.000000e+000
         vertex -1.561615e+000 -1.460838e+001 0.000000e+000
         vertex -1.545281e+000 -1.445056e+001 0.000000e+000
      endloop
   endfacet
   facet normal 0.000000e+000 0.000000e+000 -1.000000e+000
      outer loop
         vertex 1.500000e+000 -1.650000e+001 0.000000e+000
         vertex -1.545281e+000 -1.445056e+001 0.000000e+000
         vertex -1.531452e+000 -1.429250e+001 0.000000e+000
      endloop
   endfacet
   facet normal 0.000000e+000 0.000000e+000 -1.000000e+000
      outer loop
         vertex -1.531452e+000 -1.429250e+001 0.000000e+000
         vertex -1.520133e+000 -1.413424e+001 0.000000e+000
         vertex 1.500000e+000 -1.650000e+001 0.000000e+000
      endloop
   endfacet
   facet normal 0.000000e+000 0.000000e+000 -1.000000e+000
      outer loop
         vertex 1.500000e+000 -1.650000e+001 0.000000e+000
         vertex -1.520133e+000 -1.413424e+001 0.000000e+000
         vertex -1.511327e+000 -1.397582e+001 0.000000e+000
      endloop
   endfacet
   facet normal 0.000000e+000 0.000000e+000 -1.000000e+000
      outer loop
         vertex 1.500000e+000 -1.650000e+001 0.000000e+000
         vertex -1.511327e+000 -1.397582e+001 0.000000e+000
         vertex -1.505035e+000 -1.381728e+001 0.000000e+000
      endloop
   endfacet
   facet normal 0.000000e+000 0.000000e+000 -1.000000e+000
      outer loop
         vertex -3.286804e+000 1.658818e+000 0.000000e+000
         vertex -3.280815e+000 1.644013e+000 0.000000e+000
         vertex -6.141084e+000 1.801967e+000 0.000000e+000
      endloop
   endfacet
   facet normal 0.000000e+000 0.000000e+000 -1.000000e+000
      outer loop
         vertex -6.141084e+000 1.801967e+000 0.000000e+000
         vertex -3.280815e+000 1.644013e+000 0.000000e+000
         vertex -3.275063e+000 1.629114e+000 0.000000e+000
      endloop
   endfacet
   facet normal 0.000000e+000 0.000000e+000 -1.000000e+000
      outer loop
         vertex -6.141084e+000 1.801967e+000 0.000000e+000
         vertex -3.275063e+000 1.629114e+000 0.000000e+000
         vertex -3.269549e+000 1.614126e+000 0.000000e+000
      endloop
   endfacet
   facet normal 0.000000e+000 0.000000e+000 -1.000000e+000
      outer loop
         vertex -3.216296e+000 1.381150e+000 0.000000e+000
         vertex -3.214750e+000 1.365255e+000 0.000000e+000
         vertex -6.141084e+000 1.801967e+000 0.000000e+000
      endloop
   endfacet
   facet normal 0.000000e+000 0.000000e+000 -1.000000e+000
      outer loop
         vertex -6.141084e+000 1.801967e+000 0.000000e+000
         vertex -3.214750e+000 1.365255e+000 0.000000e+000
         vertex -3.213458e+000 1.349337e+000 0.000000e+000
      endloop
   endfacet
   facet normal 0.000000e+000 0.000000e+000 -1.000000e+000
      outer loop
         vertex -6.141084e+000 1.801967e+000 0.000000e+000
         vertex -3.213458e+000 1.349337e+000 0.000000e+000
         vertex -3.212421e+000 1.333400e+000 0.000000e+000
      endloop
   endfacet
   facet normal 0.000000e+000 0.000000e+000 -1.000000e+000
      outer loop
         vertex -3.211547e+000 1.237618e+000 0.000000e+000
         vertex -3.212294e+000 1.221665e+000 0.000000e+000
         vertex -6.141084e+000 1.801967e+000 0.000000e+000
      endloop
   endfacet
   facet normal 0.000000e+000 0.000000e+000 -1.000000e+000
      outer loop
         vertex -6.141084e+000 1.801967e+000 0.000000e+000
         vertex -3.212294e+000 1.221665e+000 0.000000e+000
         vertex -3.213296e+000 1.205726e+000 0.000000e+000
      endloop
   endfacet
   facet normal 0.000000e+000 0.000000e+000 -1.000000e+000
      outer loop
         vertex -6.141084e+000 1.801967e+000 0.000000e+000
         vertex -3.213296e+000 1.205726e+000 0.000000e+000
         vertex -3.214552e+000 1.189805e+000 0.000000e+000
      endloop
   endfacet
   facet normal 0.000000e+000 0.000000e+000 -1.000000e+000
      outer loop
         vertex 6.380043e+000 5.050258e-001 0.000000e+000
         vertex 6.387258e+000 4.036590e-001 0.000000e+000
         vertex 3.394820e+000 1.876009e-001 0.000000e+000
      endloop
   endfacet
   facet normal 0.000000e+000 0.000000e+000 -1.000000e+000
      outer loop
         vertex 3.394820e+000 1.876009e-001 0.000000e+000
         vertex 6.387258e+000 4.036590e-001 0.000000e+000
         vertex 6.392862e+000 3.021903e-001 0.000000e+000
      endloop
   endfacet
   facet normal 0.000000e+000 0.000000e+000 -1.000000e+000
      outer loop
         vertex 3.394820e+000 1.876009e-001 0.000000e+000
         vertex 6.392862e+000 3.021903e-001 0.000000e+000
         vertex 3.397380e+000 1.334619e-001 0.000000e+000
      endloop
   endfacet
   facet normal 0.000000e+000 0.000000e+000 -1.000000e+000
      outer loop
         vertex 3.397380e+000 1.334619e-001 0.000000e+000
         vertex 6.392862e+000 3.021903e-001 0.000000e+000
         vertex 6.396854e+000 2.006456e-001 0.000000e+000
      endloop
   endfacet
   facet normal 0.000000e+000 0.000000e+000 -1.000000e+000
      outer loop
         vertex 3.397380e+000 1.334619e-001 0.000000e+000
         vertex 6.396854e+000 2.006456e-001 0.000000e+000
         vertex 3.399075e+000 7.928894e-002 0.000000e+000
      endloop
   endfacet
   facet normal 0.000000e+000 0.000000e+000 -1.000000e+000
      outer loop
         vertex 3.399075e+000 7.928894e-002 0.000000e+000
         vertex 6.396854e+000 2.006456e-001 0.000000e+000
         vertex 6.399233e+000 9.905016e-002 0.000000e+000
      endloop
   endfacet
   facet normal 0.000000e+000 0.000000e+000 -1.000000e+000
      outer loop
         vertex 3.399075e+000 7.928894e-002 0.000000e+000
         vertex 6.399233e+000 9.905016e-002 0.000000e+000
         vertex 3.399907e+000 2.509586e-002 0.000000e+000
      endloop
   endfacet
   facet normal 0.000000e+000 0.000000e+000 -1.000000e+000
      outer loop
         vertex 3.399907e+000 2.509586e-002 0.000000e+000
         vertex 6.399233e+000 9.905016e-002 0.000000e+000
         vertex 6.399999e+000 -2.570200e-003 0.000000e+000
      endloop
   endfacet
   facet normal 0.000000e+000 0.000000e+000 -1.000000e+000
      outer loop
         vertex 3.399907e+000 2.509586e-002 0.000000e+000
         vertex 6.399999e+000 -2.570200e-003 0.000000e+000
         vertex 3.399875e+000 -2.910359e-002 0.000000e+000
      endloop
   endfacet
   facet normal 0.000000e+000 0.000000e+000 -1.000000e+000
      outer loop
         vertex 3.399875e+000 -2.910359e-002 0.000000e+000
         vertex 6.399999e+000 -2.570200e-003 0.000000e+000
         vertex 6.399152e+000 -1.041899e-001 0.000000e+000
      endloop
   endfacet
   facet normal 0.000000e+000 0.000000e+000 -1.000000e+000
      outer loop
         vertex 3.399875e+000 -2.910359e-002 0.000000e+000
         vertex 6.399152e+000 -1.041899e-001 0.000000e+000
         vertex 3.398980e+000 -8.329565e-002 0.000000e+000
      endloop
   endfacet
   facet normal 0.000000e+000 0.000000e+000 -1.000000e+000
      outer loop
         vertex 3.398980e+000 -8.329565e-002 0.000000e+000
         vertex 6.399152e+000 -1.041899e-001 0.000000e+000
         vertex 6.396691e+000 -2.057834e-001 0.000000e+000
      endloop
   endfacet
   facet normal 0.000000e+000 0.000000e+000 -1.000000e+000
      outer loop
         vertex 3.398980e+000 -8.329565e-002 0.000000e+000
         vertex 6.396691e+000 -2.057834e-001 0.000000e+000
         vertex 3.397220e+000 -1.374665e-001 0.000000e+000
      endloop
   endfacet
   facet normal 0.000000e+000 0.000000e+000 -1.000000e+000
      outer loop
         vertex 3.397220e+000 -1.374665e-001 0.000000e+000
         vertex 6.396691e+000 -2.057834e-001 0.000000e+000
         vertex 6.392617e+000 -3.073249e-001 0.000000e+000
      endloop
   endfacet
   facet normal 0.000000e+000 0.000000e+000 -1.000000e+000
      outer loop
         vertex 3.397220e+000 -1.374665e-001 0.000000e+000
         vertex 6.392617e+000 -3.073249e-001 0.000000e+000
         vertex 3.394597e+000 -1.916025e-001 0.000000e+000
      endloop
   endfacet
   facet normal 0.000000e+000 0.000000e+000 -1.000000e+000
      outer loop
         vertex 3.394597e+000 -1.916025e-001 0.000000e+000
         vertex 6.392617e+000 -3.073249e-001 0.000000e+000
         vertex 6.386931e+000 -4.087890e-001 0.000000e+000
      endloop
   endfacet
   facet normal 0.000000e+000 0.000000e+000 -1.000000e+000
      outer loop
         vertex 3.394597e+000 -1.916025e-001 0.000000e+000
         vertex 6.386931e+000 -4.087890e-001 0.000000e+000
         vertex 3.391112e+000 -2.456898e-001 0.000000e+000
      endloop
   endfacet
   facet normal 0.000000e+000 0.000000e+000 -1.000000e+000
      outer loop
         vertex 3.391112e+000 -2.456898e-001 0.000000e+000
         vertex 6.386931e+000 -4.087890e-001 0.000000e+000
         vertex 6.379635e+000 -5.101500e-001 0.000000e+000
      endloop
   endfacet
   facet normal 0.000000e+000 0.000000e+000 -1.000000e+000
      outer loop
         vertex 3.391112e+000 -2.456898e-001 0.000000e+000
         vertex 6.379635e+000 -5.101500e-001 0.000000e+000
         vertex 3.386764e+000 -2.997146e-001 0.000000e+000
      endloop
   endfacet
   facet normal 0.000000e+000 0.000000e+000 -1.000000e+000
      outer loop
         vertex 3.386764e+000 -2.997146e-001 0.000000e+000
         vertex 6.379635e+000 -5.101500e-001 0.000000e+000
         vertex 6.370731e+000 -6.113824e-001 0.000000e+000
      endloop
   endfacet
   facet normal 0.000000e+000 0.000000e+000 -1.000000e+000
      outer loop
         vertex 3.386764e+000 -2.997146e-001 0.000000e+000
         vertex 6.370731e+000 -6.113824e-001 0.000000e+000
         vertex 3.381556e+000 -3.536633e-001 0.000000e+000
      endloop
   endfacet
   facet normal 0.000000e+000 0.000000e+000 -1.000000e+000
      outer loop
         vertex 3.381556e+000 -3.536633e-001 0.000000e+000
         vertex 6.370731e+000 -6.113824e-001 0.000000e+000
         vertex 6.360220e+000 -7.124606e-001 0.000000e+000
      endloop
   endfacet
   facet normal 0.000000e+000 0.000000e+000 -1.000000e+000
      outer loop
         vertex 3.381556e+000 -3.536633e-001 0.000000e+000
         vertex 6.360220e+000 -7.124606e-001 0.000000e+000
         vertex 3.375489e+000 -4.075221e-001 0.000000e+000
      endloop
   endfacet
   facet normal 0.000000e+000 0.000000e+000 -1.000000e+000
      outer loop
         vertex 3.375489e+000 -4.075221e-001 0.000000e+000
         vertex 6.360220e+000 -7.124606e-001 0.000000e+000
         vertex 6.348105e+000 -8.133591e-001 0.000000e+000
      endloop
   endfacet
   facet normal 0.000000e+000 0.000000e+000 -1.000000e+000
      outer loop
         vertex 3.375489e+000 -4.075221e-001 0.000000e+000
         vertex 6.348105e+000 -8.133591e-001 0.000000e+000
         vertex 3.368564e+000 -4.612773e-001 0.000000e+000
      endloop
   endfacet
   facet normal 0.000000e+000 0.000000e+000 -1.000000e+000
      outer loop
         vertex 3.368564e+000 -4.612773e-001 0.000000e+000
         vertex 6.348105e+000 -8.133591e-001 0.000000e+000
         vertex 6.334391e+000 -9.140527e-001 0.000000e+000
      endloop
   endfacet
   facet normal 0.000000e+000 0.000000e+000 -1.000000e+000
      outer loop
         vertex 3.368564e+000 -4.612773e-001 0.000000e+000
         vertex 6.334391e+000 -9.140527e-001 0.000000e+000
         vertex 3.360783e+000 -5.149153e-001 0.000000e+000
      endloop
   endfacet
   facet normal 0.000000e+000 0.000000e+000 -1.000000e+000
      outer loop
         vertex 3.360783e+000 -5.149153e-001 0.000000e+000
         vertex 6.334391e+000 -9.140527e-001 0.000000e+000
         vertex 6.319079e+000 -1.014516e+000 0.000000e+000
      endloop
   endfacet
   facet normal 0.000000e+000 0.000000e+000 -1.000000e+000
      outer loop
         vertex 3.360783e+000 -5.149153e-001 0.000000e+000
         vertex 6.319079e+000 -1.014516e+000 0.000000e+000
         vertex 3.352148e+000 -5.684226e-001 0.000000e+000
      endloop
   endfacet
   facet normal 0.000000e+000 0.000000e+000 -1.000000e+000
      outer loop
         vertex 3.352148e+000 -5.684226e-001 0.000000e+000
         vertex 6.319079e+000 -1.014516e+000 0.000000e+000
         vertex 6.302174e+000 -1.114723e+000 0.000000e+000
      endloop
   endfacet
   facet normal 0.000000e+000 0.000000e+000 -1.000000e+000
      outer loop
         vertex 3.352148e+000 -5.684226e-001 0.000000e+000
         vertex 6.302174e+000 -1.114723e+000 0.000000e+000
         vertex 3.342661e+000 -6.217852e-001 0.000000e+000
      endloop
   endfacet
   facet normal 0.000000e+000 0.000000e+000 -1.000000e+000
      outer loop
         vertex 3.342661e+000 -6.217852e-001 0.000000e+000
         vertex 6.302174e+000 -1.114723e+000 0.000000e+000
         vertex 6.283679e+000 -1.214649e+000 0.000000e+000
      endloop
   endfacet
   facet normal 0.000000e+000 0.000000e+000 -1.000000e+000
      outer loop
         vertex 3.342661e+000 -6.217852e-001 0.000000e+000
         vertex 6.283679e+000 -1.214649e+000 0.000000e+000
         vertex 3.332325e+000 -6.749900e-001 0.000000e+000
      endloop
   endfacet
   facet normal 0.000000e+000 0.000000e+000 -1.000000e+000
      outer loop
         vertex 3.332325e+000 -6.749900e-001 0.000000e+000
         vertex 6.283679e+000 -1.214649e+000 0.000000e+000
         vertex 6.263601e+000 -1.314269e+000 0.000000e+000
      endloop
   endfacet
   facet normal 0.000000e+000 0.000000e+000 -1.000000e+000
      outer loop
         vertex 3.332325e+000 -6.749900e-001 0.000000e+000
         vertex 6.263601e+000 -1.314269e+000 0.000000e+000
         vertex 3.321142e+000 -7.280232e-001 0.000000e+000
      endloop
   endfacet
   facet normal 0.000000e+000 0.000000e+000 -1.000000e+000
      outer loop
         vertex 3.321142e+000 -7.280232e-001 0.000000e+000
         vertex 6.263601e+000 -1.314269e+000 0.000000e+000
         vertex 6.241943e+000 -1.413558e+000 0.000000e+000
      endloop
   endfacet
   facet normal 0.000000e+000 0.000000e+000 -1.000000e+000
      outer loop
         vertex 3.321142e+000 -7.280232e-001 0.000000e+000
         vertex 6.241943e+000 -1.413558e+000 0.000000e+000
         vertex 3.309115e+000 -7.808714e-001 0.000000e+000
      endloop
   endfacet
   facet normal 0.000000e+000 0.000000e+000 -1.000000e+000
      outer loop
         vertex 3.309115e+000 -7.808714e-001 0.000000e+000
         vertex 6.241943e+000 -1.413558e+000 0.000000e+000
         vertex 6.218711e+000 -1.512490e+000 0.000000e+000
      endloop
   endfacet
   facet normal 0.000000e+000 0.000000e+000 -1.000000e+000
      outer loop
         vertex 3.309115e+000 -7.808714e-001 0.000000e+000
         vertex 6.218711e+000 -1.512490e+000 0.000000e+000
         vertex 3.296247e+000 -8.335211e-001 0.000000e+000
      endloop
   endfacet
   facet normal 0.000000e+000 0.000000e+000 -1.000000e+000
      outer loop
         vertex 3.296247e+000 -8.335211e-001 0.000000e+000
         vertex 6.218711e+000 -1.512490e+000 0.000000e+000
         vertex 6.193912e+000 -1.611041e+000 0.000000e+000
      endloop
   endfacet
   facet normal 0.000000e+000 0.000000e+000 -1.000000e+000
      outer loop
         vertex 3.296247e+000 -8.335211e-001 0.000000e+000
         vertex 6.193912e+000 -1.611041e+000 0.000000e+000
         vertex 3.282541e+000 -8.859591e-001 0.000000e+000
      endloop
   endfacet
   facet normal 0.000000e+000 0.000000e+000 -1.000000e+000
      outer loop
         vertex 3.282541e+000 -8.859591e-001 0.000000e+000
         vertex 6.193912e+000 -1.611041e+000 0.000000e+000
         vertex 6.167551e+000 -1.709186e+000 0.000000e+000
      endloop
   endfacet
   facet normal 0.000000e+000 0.000000e+000 -1.000000e+000
      outer loop
         vertex 3.282541e+000 -8.859591e-001 0.000000e+000
         vertex 6.167551e+000 -1.709186e+000 0.000000e+000
         vertex 3.268001e+000 -9.381719e-001 0.000000e+000
      endloop
   endfacet
   facet normal 0.000000e+000 0.000000e+000 -1.000000e+000
      outer loop
         vertex 3.268001e+000 -9.381719e-001 0.000000e+000
         vertex 6.167551e+000 -1.709186e+000 0.000000e+000
         vertex 6.139635e+000 -1.806899e+000 0.000000e+000
      endloop
   endfacet
   facet normal 0.000000e+000 0.000000e+000 -1.000000e+000
      outer loop
         vertex 3.268001e+000 -9.381719e-001 0.000000e+000
         vertex 6.139635e+000 -1.806899e+000 0.000000e+000
         vertex 3.252631e+000 -9.901463e-001 0.000000e+000
      endloop
   endfacet
   facet normal 0.000000e+000 0.000000e+000 -1.000000e+000
      outer loop
         vertex 3.252631e+000 -9.901463e-001 0.000000e+000
         vertex 6.139635e+000 -1.806899e+000 0.000000e+000
         vertex 6.110170e+000 -1.904157e+000 0.000000e+000
      endloop
   endfacet
   facet normal 0.000000e+000 0.000000e+000 -1.000000e+000
      outer loop
         vertex 3.252631e+000 -9.901463e-001 0.000000e+000
         vertex 6.110170e+000 -1.904157e+000 0.000000e+000
         vertex 3.236435e+000 -1.041869e+000 0.000000e+000
      endloop
   endfacet
   facet normal 0.000000e+000 0.000000e+000 -1.000000e+000
      outer loop
         vertex 3.236435e+000 -1.041869e+000 0.000000e+000
         vertex 6.110170e+000 -1.904157e+000 0.000000e+000
         vertex 6.079166e+000 -2.000935e+000 0.000000e+000
      endloop
   endfacet
   facet normal 0.000000e+000 0.000000e+000 -1.000000e+000
      outer loop
         vertex 3.236435e+000 -1.041869e+000 0.000000e+000
         vertex 6.079166e+000 -2.000935e+000 0.000000e+000
         vertex 3.219415e+000 -1.093327e+000 0.000000e+000
      endloop
   endfacet
   facet normal 0.000000e+000 0.000000e+000 -1.000000e+000
      outer loop
         vertex 3.219415e+000 -1.093327e+000 0.000000e+000
         vertex 6.079166e+000 -2.000935e+000 0.000000e+000
         vertex 6.046628e+000 -2.097209e+000 0.000000e+000
      endloop
   endfacet
   facet normal 0.000000e+000 0.000000e+000 -1.000000e+000
      outer loop
         vertex 3.219415e+000 -1.093327e+000 0.000000e+000
         vertex 6.046628e+000 -2.097209e+000 0.000000e+000
         vertex 3.201578e+000 -1.144507e+000 0.000000e+000
      endloop
   endfacet
   facet normal 0.000000e+000 0.000000e+000 -1.000000e+000
      outer loop
         vertex 3.201578e+000 -1.144507e+000 0.000000e+000
         vertex 6.046628e+000 -2.097209e+000 0.000000e+000
         vertex 6.012567e+000 -2.192954e+000 0.000000e+000
      endloop
   endfacet
   facet normal 0.000000e+000 0.000000e+000 -1.000000e+000
      outer loop
         vertex 3.201578e+000 -1.144507e+000 0.000000e+000
         vertex 6.012567e+000 -2.192954e+000 0.000000e+000
         vertex 3.182927e+000 -1.195397e+000 0.000000e+000
      endloop
   endfacet
   facet normal 0.000000e+000 0.000000e+000 -1.000000e+000
      outer loop
         vertex 3.182927e+000 -1.195397e+000 0.000000e+000
         vertex 6.012567e+000 -2.192954e+000 0.000000e+000
         vertex 5.976988e+000 -2.288146e+000 0.000000e+000
      endloop
   endfacet
   facet normal 0.000000e+000 0.000000e+000 -1.000000e+000
      outer loop
         vertex 3.182927e+000 -1.195397e+000 0.000000e+000
         vertex 5.976988e+000 -2.288146e+000 0.000000e+000
         vertex 3.163468e+000 -1.245982e+000 0.000000e+000
      endloop
   endfacet
   facet normal 0.000000e+000 0.000000e+000 -1.000000e+000
      outer loop
         vertex 3.163468e+000 -1.245982e+000 0.000000e+000
         vertex 5.976988e+000 -2.288146e+000 0.000000e+000
         vertex 5.939903e+000 -2.382761e+000 0.000000e+000
      endloop
   endfacet
   facet normal 0.000000e+000 0.000000e+000 -1.000000e+000
      outer loop
         vertex 3.163468e+000 -1.245982e+000 0.000000e+000
         vertex 5.939903e+000 -2.382761e+000 0.000000e+000
         vertex 3.143204e+000 -1.296251e+000 0.000000e+000
      endloop
   endfacet
   facet normal 0.000000e+000 0.000000e+000 -1.000000e+000
      outer loop
         vertex 3.143204e+000 -1.296251e+000 0.000000e+000
         vertex 5.939903e+000 -2.382761e+000 0.000000e+000
         vertex 5.901321e+000 -2.476775e+000 0.000000e+000
      endloop
   endfacet
   facet normal 0.000000e+000 0.000000e+000 -1.000000e+000
      outer loop
         vertex 3.143204e+000 -1.296251e+000 0.000000e+000
         vertex 5.901321e+000 -2.476775e+000 0.000000e+000
         vertex 3.122142e+000 -1.346191e+000 0.000000e+000
      endloop
   endfacet
   facet normal 0.000000e+000 0.000000e+000 -1.000000e+000
      outer loop
         vertex 3.122142e+000 -1.346191e+000 0.000000e+000
         vertex 5.901321e+000 -2.476775e+000 0.000000e+000
         vertex 5.861250e+000 -2.570164e+000 0.000000e+000
      endloop
   endfacet
   facet normal 0.000000e+000 0.000000e+000 -1.000000e+000
      outer loop
         vertex 3.122142e+000 -1.346191e+000 0.000000e+000
         vertex 5.861250e+000 -2.570164e+000 0.000000e+000
         vertex 3.100286e+000 -1.395788e+000 0.000000e+000
      endloop
   endfacet
   facet normal 0.000000e+000 0.000000e+000 -1.000000e+000
      outer loop
         vertex 3.100286e+000 -1.395788e+000 0.000000e+000
         vertex 5.861250e+000 -2.570164e+000 0.000000e+000
         vertex 5.819702e+000 -2.662906e+000 0.000000e+000
      endloop
   endfacet
   facet normal 0.000000e+000 0.000000e+000 -1.000000e+000
      outer loop
         vertex 3.100286e+000 -1.395788e+000 0.000000e+000
         vertex 5.819702e+000 -2.662906e+000 0.000000e+000
         vertex 3.077643e+000 -1.445031e+000 0.000000e+000
      endloop
   endfacet
   facet normal 0.000000e+000 0.000000e+000 -1.000000e+000
      outer loop
         vertex 3.077643e+000 -1.445031e+000 0.000000e+000
         vertex 5.819702e+000 -2.662906e+000 0.000000e+000
         vertex 5.776686e+000 -2.754977e+000 0.000000e+000
      endloop
   endfacet
   facet normal 0.000000e+000 0.000000e+000 -1.000000e+000
      outer loop
         vertex 3.077643e+000 -1.445031e+000 0.000000e+000
         vertex 5.776686e+000 -2.754977e+000 0.000000e+000
         vertex 3.054217e+000 -1.493907e+000 0.000000e+000
      endloop
   endfacet
   facet normal 0.000000e+000 0.000000e+000 -1.000000e+000
      outer loop
         vertex 3.054217e+000 -1.493907e+000 0.000000e+000
         vertex 5.776686e+000 -2.754977e+000 0.000000e+000
         vertex 5.732214e+000 -2.846352e+000 0.000000e+000
      endloop
   endfacet
   facet normal 0.000000e+000 0.000000e+000 -1.000000e+000
      outer loop
         vertex 3.054217e+000 -1.493907e+000 0.000000e+000
         vertex 5.732214e+000 -2.846352e+000 0.000000e+000
         vertex 3.030015e+000 -1.542403e+000 0.000000e+000
      endloop
   endfacet
   facet normal 0.000000e+000 0.000000e+000 -1.000000e+000
      outer loop
         vertex 3.030015e+000 -1.542403e+000 0.000000e+000
         vertex 5.732214e+000 -2.846352e+000 0.000000e+000
         vertex 5.686296e+000 -2.937010e+000 0.000000e+000
      endloop
   endfacet
   facet normal 0.000000e+000 0.000000e+000 -1.000000e+000
      outer loop
         vertex 3.030015e+000 -1.542403e+000 0.000000e+000
         vertex 5.686296e+000 -2.937010e+000 0.000000e+000
         vertex 3.005044e+000 -1.590507e+000 0.000000e+000
      endloop
   endfacet
   facet normal 0.000000e+000 0.000000e+000 -1.000000e+000
      outer loop
         vertex 3.005044e+000 -1.590507e+000 0.000000e+000
         vertex 5.686296e+000 -2.937010e+000 0.000000e+000
         vertex 5.638946e+000 -3.026927e+000 0.000000e+000
      endloop
   endfacet
   facet normal 0.000000e+000 0.000000e+000 -1.000000e+000
      outer loop
         vertex 3.005044e+000 -1.590507e+000 0.000000e+000
         vertex 5.638946e+000 -3.026927e+000 0.000000e+000
         vertex 2.979308e+000 -1.638207e+000 0.000000e+000
      endloop
   endfacet
   facet normal 0.000000e+000 0.000000e+000 -1.000000e+000
      outer loop
         vertex 2.979308e+000 -1.638207e+000 0.000000e+000
         vertex 5.638946e+000 -3.026927e+000 0.000000e+000
         vertex 5.590173e+000 -3.116082e+000 0.000000e+000
      endloop
   endfacet
   facet normal 0.000000e+000 0.000000e+000 -1.000000e+000
      outer loop
         vertex 2.979308e+000 -1.638207e+000 0.000000e+000
         vertex 5.590173e+000 -3.116082e+000 0.000000e+000
         vertex 2.952816e+000 -1.685490e+000 0.000000e+000
      endloop
   endfacet
   facet normal 0.000000e+000 0.000000e+000 -1.000000e+000
      outer loop
         vertex 2.952816e+000 -1.685490e+000 0.000000e+000
         vertex 5.590173e+000 -3.116082e+000 0.000000e+000
         vertex 5.539990e+000 -3.204451e+000 0.000000e+000
      endloop
   endfacet
   facet normal 0.000000e+000 0.000000e+000 -1.000000e+000
      outer loop
         vertex 2.952816e+000 -1.685490e+000 0.000000e+000
         vertex 5.539990e+000 -3.204451e+000 0.000000e+000
         vertex 2.925573e+000 -1.732345e+000 0.000000e+000
      endloop
   endfacet
   facet normal 0.000000e+000 0.000000e+000 -1.000000e+000
      outer loop
         vertex 2.925573e+000 -1.732345e+000 0.000000e+000
         vertex 5.539990e+000 -3.204451e+000 0.000000e+000
         vertex 5.488411e+000 -3.292011e+000 0.000000e+000
      endloop
   endfacet
   facet normal 0.000000e+000 0.000000e+000 -1.000000e+000
      outer loop
         vertex 2.925573e+000 -1.732345e+000 0.000000e+000
         vertex 5.488411e+000 -3.292011e+000 0.000000e+000
         vertex 2.897587e+000 -1.778760e+000 0.000000e+000
      endloop
   endfacet
   facet normal 0.000000e+000 0.000000e+000 -1.000000e+000
      outer loop
         vertex 2.897587e+000 -1.778760e+000 0.000000e+000
         vertex 5.488411e+000 -3.292011e+000 0.000000e+000
         vertex 5.435449e+000 -3.378742e+000 0.000000e+000
      endloop
   endfacet
   facet normal 0.000000e+000 0.000000e+000 -1.000000e+000
      outer loop
         vertex 2.897587e+000 -1.778760e+000 0.000000e+000
         vertex 5.435449e+000 -3.378742e+000 0.000000e+000
         vertex 2.868865e+000 -1.824724e+000 0.000000e+000
      endloop
   endfacet
   facet normal 0.000000e+000 0.000000e+000 -1.000000e+000
      outer loop
         vertex 2.868865e+000 -1.824724e+000 0.000000e+000
         vertex 5.435449e+000 -3.378742e+000 0.000000e+000
         vertex 5.381115e+000 -3.464621e+000 0.000000e+000
      endloop
   endfacet
   facet normal 0.000000e+000 0.000000e+000 -1.000000e+000
      outer loop
         vertex 2.868865e+000 -1.824724e+000 0.000000e+000
         vertex 5.381115e+000 -3.464621e+000 0.000000e+000
         vertex 2.839413e+000 -1.870223e+000 0.000000e+000
      endloop
   endfacet
   facet normal 0.000000e+000 0.000000e+000 -1.000000e+000
      outer loop
         vertex 2.839413e+000 -1.870223e+000 0.000000e+000
         vertex 5.381115e+000 -3.464621e+000 0.000000e+000
         vertex 5.325426e+000 -3.549626e+000 0.000000e+000
      endloop
   endfacet
   facet normal 0.000000e+000 0.000000e+000 -1.000000e+000
      outer loop
         vertex 2.839413e+000 -1.870223e+000 0.000000e+000
         vertex 5.325426e+000 -3.549626e+000 0.000000e+000
         vertex 2.809240e+000 -1.915247e+000 0.000000e+000
      endloop
   endfacet
   facet normal 0.000000e+000 0.000000e+000 -1.000000e+000
      outer loop
         vertex 2.809240e+000 -1.915247e+000 0.000000e+000
         vertex 5.325426e+000 -3.549626e+000 0.000000e+000
         vertex 5.268393e+000 -3.633737e+000 0.000000e+000
      endloop
   endfacet
   facet normal 0.000000e+000 0.000000e+000 -1.000000e+000
      outer loop
         vertex 2.809240e+000 -1.915247e+000 0.000000e+000
         vertex 5.268393e+000 -3.633737e+000 0.000000e+000
         vertex 2.778353e+000 -1.959784e+000 0.000000e+000
      endloop
   endfacet
   facet normal 0.000000e+000 0.000000e+000 -1.000000e+000
      outer loop
         vertex 2.778353e+000 -1.959784e+000 0.000000e+000
         vertex 5.268393e+000 -3.633737e+000 0.000000e+000
         vertex 5.210032e+000 -3.716931e+000 0.000000e+000
      endloop
   endfacet
   facet normal 0.000000e+000 0.000000e+000 -1.000000e+000
      outer loop
         vertex 2.778353e+000 -1.959784e+000 0.000000e+000
         vertex 5.210032e+000 -3.716931e+000 0.000000e+000
         vertex 2.746760e+000 -2.003824e+000 0.000000e+000
      endloop
   endfacet
   facet normal 0.000000e+000 0.000000e+000 -1.000000e+000
      outer loop
         vertex 2.746760e+000 -2.003824e+000 0.000000e+000
         vertex 5.210032e+000 -3.716931e+000 0.000000e+000
         vertex 5.150357e+000 -3.799188e+000 0.000000e+000
      endloop
   endfacet
   facet normal 0.000000e+000 0.000000e+000 -1.000000e+000
      outer loop
         vertex 2.746760e+000 -2.003824e+000 0.000000e+000
         vertex 5.150357e+000 -3.799188e+000 0.000000e+000
         vertex 2.714469e+000 -2.047354e+000 0.000000e+000
      endloop
   endfacet
   facet normal 0.000000e+000 0.000000e+000 -1.000000e+000
      outer loop
         vertex 2.714469e+000 -2.047354e+000 0.000000e+000
         vertex 5.150357e+000 -3.799188e+000 0.000000e+000
         vertex 5.089383e+000 -3.880487e+000 0.000000e+000
      endloop
   endfacet
   facet normal 0.000000e+000 0.000000e+000 -1.000000e+000
      outer loop
         vertex 2.714469e+000 -2.047354e+000 0.000000e+000
         vertex 5.089383e+000 -3.880487e+000 0.000000e+000
         vertex 2.681489e+000 -2.090364e+000 0.000000e+000
      endloop
   endfacet
   facet normal 0.000000e+000 0.000000e+000 -1.000000e+000
      outer loop
         vertex 2.681489e+000 -2.090364e+000 0.000000e+000
         vertex 5.089383e+000 -3.880487e+000 0.000000e+000
         vertex 5.027127e+000 -3.960807e+000 0.000000e+000
      endloop
   endfacet
   facet normal 0.000000e+000 0.000000e+000 -1.000000e+000
      outer loop
         vertex 2.681489e+000 -2.090364e+000 0.000000e+000
         vertex 5.027127e+000 -3.960807e+000 0.000000e+000
         vertex 2.647826e+000 -2.132842e+000 0.000000e+000
      endloop
   endfacet
   facet normal 0.000000e+000 0.000000e+000 -1.000000e+000
      outer loop
         vertex 2.647826e+000 -2.132842e+000 0.000000e+000
         vertex 5.027127e+000 -3.960807e+000 0.000000e+000
         vertex 4.963603e+000 -4.040130e+000 0.000000e+000
      endloop
   endfacet
   facet normal 0.000000e+000 0.000000e+000 -1.000000e+000
      outer loop
         vertex 2.647826e+000 -2.132842e+000 0.000000e+000
         vertex 4.963603e+000 -4.040130e+000 0.000000e+000
         vertex 2.613491e+000 -2.174779e+000 0.000000e+000
      endloop
   endfacet
   facet normal 0.000000e+000 0.000000e+000 -1.000000e+000
      outer loop
         vertex 2.613491e+000 -2.174779e+000 0.000000e+000
         vertex 4.963603e+000 -4.040130e+000 0.000000e+000
         vertex 4.898828e+000 -4.118433e+000 0.000000e+000
      endloop
   endfacet
   facet normal 0.000000e+000 0.000000e+000 -1.000000e+000
      outer loop
         vertex 2.613491e+000 -2.174779e+000 0.000000e+000
         vertex 4.898828e+000 -4.118433e+000 0.000000e+000
         vertex 2.578492e+000 -2.216163e+000 0.000000e+000
      endloop
   endfacet
   facet normal 0.000000e+000 0.000000e+000 -1.000000e+000
      outer loop
         vertex 2.578492e+000 -2.216163e+000 0.000000e+000
         vertex 4.898828e+000 -4.118433e+000 0.000000e+000
         vertex 4.832817e+000 -4.195698e+000 0.000000e+000
      endloop
   endfacet
   facet normal 0.000000e+000 0.000000e+000 -1.000000e+000
      outer loop
         vertex 2.578492e+000 -2.216163e+000 0.000000e+000
         vertex 4.832817e+000 -4.195698e+000 0.000000e+000
         vertex 2.542838e+000 -2.256984e+000 0.000000e+000
      endloop
   endfacet
   facet normal 0.000000e+000 0.000000e+000 -1.000000e+000
      outer loop
         vertex 2.542838e+000 -2.256984e+000 0.000000e+000
         vertex 4.832817e+000 -4.195698e+000 0.000000e+000
         vertex 4.765588e+000 -4.271905e+000 0.000000e+000
      endloop
   endfacet
   facet normal 0.000000e+000 0.000000e+000 -1.000000e+000
      outer loop
         vertex 2.542838e+000 -2.256984e+000 0.000000e+000
         vertex 4.765588e+000 -4.271905e+000 0.000000e+000
         vertex 2.506537e+000 -2.297231e+000 0.000000e+000
      endloop
   endfacet
   facet normal 0.000000e+000 0.000000e+000 -1.000000e+000
      outer loop
         vertex 2.506537e+000 -2.297231e+000 0.000000e+000
         vertex 4.765588e+000 -4.271905e+000 0.000000e+000
         vertex 4.697157e+000 -4.347035e+000 0.000000e+000
      endloop
   endfacet
   facet normal 0.000000e+000 0.000000e+000 -1.000000e+000
      outer loop
         vertex 2.506537e+000 -2.297231e+000 0.000000e+000
         vertex 4.697157e+000 -4.347035e+000 0.000000e+000
         vertex 2.469599e+000 -2.336895e+000 0.000000e+000
      endloop
   endfacet
   facet normal 0.000000e+000 0.000000e+000 -1.000000e+000
      outer loop
         vertex 2.469599e+000 -2.336895e+000 0.000000e+000
         vertex 4.697157e+000 -4.347035e+000 0.000000e+000
         vertex 4.627542e+000 -4.421069e+000 0.000000e+000
      endloop
   endfacet
   facet normal 0.000000e+000 0.000000e+000 -1.000000e+000
      outer loop
         vertex 2.469599e+000 -2.336895e+000 0.000000e+000
         vertex 4.627542e+000 -4.421069e+000 0.000000e+000
         vertex 2.432034e+000 -2.375965e+000 0.000000e+000
      endloop
   endfacet
   facet normal 0.000000e+000 0.000000e+000 -1.000000e+000
      outer loop
         vertex 2.432034e+000 -2.375965e+000 0.000000e+000
         vertex 4.627542e+000 -4.421069e+000 0.000000e+000
         vertex 4.556760e+000 -4.493989e+000 0.000000e+000
      endloop
   endfacet
   facet normal 0.000000e+000 0.000000e+000 -1.000000e+000
      outer loop
         vertex 2.432034e+000 -2.375965e+000 0.000000e+000
         vertex 4.556760e+000 -4.493989e+000 0.000000e+000
         vertex 2.393851e+000 -2.414431e+000 0.000000e+000
      endloop
   endfacet
   facet normal 0.000000e+000 0.000000e+000 -1.000000e+000
      outer loop
         vertex 2.393851e+000 -2.414431e+000 0.000000e+000
         vertex 4.556760e+000 -4.493989e+000 0.000000e+000
         vertex 4.484830e+000 -4.565775e+000 0.000000e+000
      endloop
   endfacet
   facet normal 0.000000e+000 0.000000e+000 -1.000000e+000
      outer loop
         vertex 2.393851e+000 -2.414431e+000 0.000000e+000
         vertex 4.484830e+000 -4.565775e+000 0.000000e+000
         vertex 2.355060e+000 -2.452283e+000 0.000000e+000
      endloop
   endfacet
   facet normal 0.000000e+000 0.000000e+000 -1.000000e+000
      outer loop
         vertex 2.355060e+000 -2.452283e+000 0.000000e+000
         vertex 4.484830e+000 -4.565775e+000 0.000000e+000
         vertex 4.411768e+000 -4.636410e+000 0.000000e+000
      endloop
   endfacet
   facet normal 0.000000e+000 0.000000e+000 -1.000000e+000
      outer loop
         vertex 2.355060e+000 -2.452283e+000 0.000000e+000
         vertex 4.411768e+000 -4.636410e+000 0.000000e+000
         vertex 2.315670e+000 -2.489512e+000 0.000000e+000
      endloop
   endfacet
   facet normal 0.000000e+000 0.000000e+000 -1.000000e+000
      outer loop
         vertex 2.315670e+000 -2.489512e+000 0.000000e+000
         vertex 4.411768e+000 -4.636410e+000 0.000000e+000
         vertex 4.337595e+000 -4.705876e+000 0.000000e+000
      endloop
   endfacet
   facet normal 0.000000e+000 0.000000e+000 -1.000000e+000
      outer loop
         vertex 2.315670e+000 -2.489512e+000 0.000000e+000
         vertex 4.337595e+000 -4.705876e+000 0.000000e+000
         vertex 2.275692e+000 -2.526109e+000 0.000000e+000
      endloop
   endfacet
   facet normal 0.000000e+000 0.000000e+000 -1.000000e+000
      outer loop
         vertex 2.275692e+000 -2.526109e+000 0.000000e+000
         vertex 4.337595e+000 -4.705876e+000 0.000000e+000
         vertex 4.262327e+000 -4.774156e+000 0.000000e+000
      endloop
   endfacet
   facet normal 0.000000e+000 0.000000e+000 -1.000000e+000
      outer loop
         vertex 2.275692e+000 -2.526109e+000 0.000000e+000
         vertex 4.262327e+000 -4.774156e+000 0.000000e+000
         vertex 2.235135e+000 -2.562064e+000 0.000000e+000
      endloop
   endfacet
   facet normal 0.000000e+000 0.000000e+000 -1.000000e+000
      outer loop
         vertex 2.235135e+000 -2.562064e+000 0.000000e+000
         vertex 4.262327e+000 -4.774156e+000 0.000000e+000
         vertex 4.185985e+000 -4.841232e+000 0.000000e+000
      endloop
   endfacet
   facet normal 0.000000e+000 0.000000e+000 -1.000000e+000
      outer loop
         vertex 2.235135e+000 -2.562064e+000 0.000000e+000
         vertex 4.185985e+000 -4.841232e+000 0.000000e+000
         vertex 2.194010e+000 -2.597368e+000 0.000000e+000
      endloop
   endfacet
   facet normal 0.000000e+000 0.000000e+000 -1.000000e+000
      outer loop
         vertex 2.194010e+000 -2.597368e+000 0.000000e+000
         vertex 4.185985e+000 -4.841232e+000 0.000000e+000
         vertex 4.108588e+000 -4.907087e+000 0.000000e+000
      endloop
   endfacet
   facet normal 0.000000e+000 0.000000e+000 -1.000000e+000
      outer loop
         vertex 2.194010e+000 -2.597368e+000 0.000000e+000
         vertex 4.108588e+000 -4.907087e+000 0.000000e+000
         vertex 2.152328e+000 -2.632011e+000 0.000000e+000
      endloop
   endfacet
   facet normal 0.000000e+000 0.000000e+000 -1.000000e+000
      outer loop
         vertex 2.152328e+000 -2.632011e+000 0.000000e+000
         vertex 4.108588e+000 -4.907087e+000 0.000000e+000
         vertex 4.030155e+000 -4.971705e+000 0.000000e+000
      endloop
   endfacet
   facet normal 0.000000e+000 0.000000e+000 -1.000000e+000
      outer loop
         vertex 2.152328e+000 -2.632011e+000 0.000000e+000
         vertex 4.030155e+000 -4.971705e+000 0.000000e+000
         vertex 2.110099e+000 -2.665986e+000 0.000000e+000
      endloop
   endfacet
   facet normal 0.000000e+000 0.000000e+000 -1.000000e+000
      outer loop
         vertex 2.110099e+000 -2.665986e+000 0.000000e+000
         vertex 4.030155e+000 -4.971705e+000 0.000000e+000
         vertex 3.950705e+000 -5.035070e+000 0.000000e+000
      endloop
   endfacet
   facet normal 0.000000e+000 0.000000e+000 -1.000000e+000
      outer loop
         vertex 2.110099e+000 -2.665986e+000 0.000000e+000
         vertex 3.950705e+000 -5.035070e+000 0.000000e+000
         vertex 2.067334e+000 -2.699283e+000 0.000000e+000
      endloop
   endfacet
   facet normal 0.000000e+000 0.000000e+000 -1.000000e+000
      outer loop
         vertex 2.067334e+000 -2.699283e+000 0.000000e+000
         vertex 3.950705e+000 -5.035070e+000 0.000000e+000
         vertex 3.870260e+000 -5.097165e+000 0.000000e+000
      endloop
   endfacet
   facet normal 0.000000e+000 0.000000e+000 -1.000000e+000
      outer loop
         vertex 2.067334e+000 -2.699283e+000 0.000000e+000
         vertex 3.870260e+000 -5.097165e+000 0.000000e+000
         vertex 2.024043e+000 -2.731894e+000 0.000000e+000
      endloop
   endfacet
   facet normal 0.000000e+000 0.000000e+000 -1.000000e+000
      outer loop
         vertex 2.024043e+000 -2.731894e+000 0.000000e+000
         vertex 3.870260e+000 -5.097165e+000 0.000000e+000
         vertex 3.788838e+000 -5.157975e+000 0.000000e+000
      endloop
   endfacet
   facet normal 0.000000e+000 0.000000e+000 -1.000000e+000
      outer loop
         vertex 2.024043e+000 -2.731894e+000 0.000000e+000
         vertex 3.788838e+000 -5.157975e+000 0.000000e+000
         vertex 1.980238e+000 -2.763812e+000 0.000000e+000
      endloop
   endfacet
   facet normal 0.000000e+000 0.000000e+000 -1.000000e+000
      outer loop
         vertex 1.980238e+000 -2.763812e+000 0.000000e+000
         vertex 3.788838e+000 -5.157975e+000 0.000000e+000
         vertex 3.706461e+000 -5.217484e+000 0.000000e+000
      endloop
   endfacet
   facet normal 0.000000e+000 0.000000e+000 -1.000000e+000
      outer loop
         vertex 1.980238e+000 -2.763812e+000 0.000000e+000
         vertex 3.706461e+000 -5.217484e+000 0.000000e+000
         vertex 1.935930e+000 -2.795027e+000 0.000000e+000
      endloop
   endfacet
   facet normal 0.000000e+000 0.000000e+000 -1.000000e+000
      outer loop
         vertex 1.935930e+000 -2.795027e+000 0.000000e+000
         vertex 3.706461e+000 -5.217484e+000 0.000000e+000
         vertex 3.623151e+000 -5.275678e+000 0.000000e+000
      endloop
   endfacet
   facet normal 0.000000e+000 0.000000e+000 -1.000000e+000
      outer loop
         vertex 1.935930e+000 -2.795027e+000 0.000000e+000
         vertex 3.623151e+000 -5.275678e+000 0.000000e+000
         vertex 1.891130e+000 -2.825531e+000 0.000000e+000
      endloop
   endfacet
   facet normal 0.000000e+000 0.000000e+000 -1.000000e+000
      outer loop
         vertex 1.891130e+000 -2.825531e+000 0.000000e+000
         vertex 3.623151e+000 -5.275678e+000 0.000000e+000
         vertex 3.538926e+000 -5.332542e+000 0.000000e+000
      endloop
   endfacet
   facet normal 0.000000e+000 0.000000e+000 -1.000000e+000
      outer loop
         vertex 1.891130e+000 -2.825531e+000 0.000000e+000
         vertex 3.538926e+000 -5.332542e+000 0.000000e+000
         vertex 1.845849e+000 -2.855318e+000 0.000000e+000
      endloop
   endfacet
   facet normal 0.000000e+000 0.000000e+000 -1.000000e+000
      outer loop
         vertex 1.845849e+000 -2.855318e+000 0.000000e+000
         vertex 3.538926e+000 -5.332542e+000 0.000000e+000
         vertex 3.453809e+000 -5.388061e+000 0.000000e+000
      endloop
   endfacet
   facet normal 0.000000e+000 0.000000e+000 -1.000000e+000
      outer loop
         vertex 1.845849e+000 -2.855318e+000 0.000000e+000
         vertex 3.453809e+000 -5.388061e+000 0.000000e+000
         vertex 1.800099e+000 -2.884379e+000 0.000000e+000
      endloop
   endfacet
   facet normal 0.000000e+000 0.000000e+000 -1.000000e+000
      outer loop
         vertex 1.800099e+000 -2.884379e+000 0.000000e+000
         vertex 3.453809e+000 -5.388061e+000 0.000000e+000
         vertex 3.367821e+000 -5.442222e+000 0.000000e+000
      endloop
   endfacet
   facet normal 0.000000e+000 0.000000e+000 -1.000000e+000
      outer loop
         vertex 1.800099e+000 -2.884379e+000 0.000000e+000
         vertex 3.367821e+000 -5.442222e+000 0.000000e+000
         vertex 1.753892e+000 -2.912707e+000 0.000000e+000
      endloop
   endfacet
   facet normal 0.000000e+000 0.000000e+000 -1.000000e+000
      outer loop
         vertex 1.753892e+000 -2.912707e+000 0.000000e+000
         vertex 3.367821e+000 -5.442222e+000 0.000000e+000
         vertex 3.280984e+000 -5.495011e+000 0.000000e+000
      endloop
   endfacet
   facet normal 0.000000e+000 0.000000e+000 -1.000000e+000
      outer loop
         vertex 1.753892e+000 -2.912707e+000 0.000000e+000
         vertex 3.280984e+000 -5.495011e+000 0.000000e+000
         vertex 1.707239e+000 -2.940295e+000 0.000000e+000
      endloop
   endfacet
   facet normal 0.000000e+000 0.000000e+000 -1.000000e+000
      outer loop
         vertex 1.707239e+000 -2.940295e+000 0.000000e+000
         vertex 3.280984e+000 -5.495011e+000 0.000000e+000
         vertex 3.193320e+000 -5.546414e+000 0.000000e+000
      endloop
   endfacet
   facet normal 0.000000e+000 0.000000e+000 -1.000000e+000
      outer loop
         vertex 1.707239e+000 -2.940295e+000 0.000000e+000
         vertex 3.193320e+000 -5.546414e+000 0.000000e+000
         vertex 1.660153e+000 -2.967135e+000 0.000000e+000
      endloop
   endfacet
   facet normal 0.000000e+000 0.000000e+000 -1.000000e+000
      outer loop
         vertex 1.660153e+000 -2.967135e+000 0.000000e+000
         vertex 3.193320e+000 -5.546414e+000 0.000000e+000
         vertex 3.104851e+000 -5.596418e+000 0.000000e+000
      endloop
   endfacet
   facet normal 0.000000e+000 0.000000e+000 -1.000000e+000
      outer loop
         vertex 1.660153e+000 -2.967135e+000 0.000000e+000
         vertex 3.104851e+000 -5.596418e+000 0.000000e+000
         vertex 1.612644e+000 -2.993222e+000 0.000000e+000
      endloop
   endfacet
   facet normal 0.000000e+000 0.000000e+000 -1.000000e+000
      outer loop
         vertex 1.612644e+000 -2.993222e+000 0.000000e+000
         vertex 3.104851e+000 -5.596418e+000 0.000000e+000
         vertex 3.015599e+000 -5.645012e+000 0.000000e+000
      endloop
   endfacet
   facet normal 0.000000e+000 0.000000e+000 -1.000000e+000
      outer loop
         vertex 1.612644e+000 -2.993222e+000 0.000000e+000
         vertex 3.015599e+000 -5.645012e+000 0.000000e+000
         vertex 1.564726e+000 -3.018548e+000 0.000000e+000
      endloop
   endfacet
   facet normal 0.000000e+000 0.000000e+000 -1.000000e+000
      outer loop
         vertex 1.564726e+000 -3.018548e+000 0.000000e+000
         vertex 3.015599e+000 -5.645012e+000 0.000000e+000
         vertex 2.925586e+000 -5.692183e+000 0.000000e+000
      endloop
   endfacet
   facet normal 0.000000e+000 0.000000e+000 -1.000000e+000
      outer loop
         vertex 1.564726e+000 -3.018548e+000 0.000000e+000
         vertex 2.925586e+000 -5.692183e+000 0.000000e+000
         vertex 1.516410e+000 -3.043107e+000 0.000000e+000
      endloop
   endfacet
   facet normal 0.000000e+000 0.000000e+000 -1.000000e+000
      outer loop
         vertex 1.516410e+000 -3.043107e+000 0.000000e+000
         vertex 2.925586e+000 -5.692183e+000 0.000000e+000
         vertex 2.834836e+000 -5.737918e+000 0.000000e+000
      endloop
   endfacet
   facet normal 0.000000e+000 0.000000e+000 -1.000000e+000
      outer loop
         vertex 1.516410e+000 -3.043107e+000 0.000000e+000
         vertex 2.834836e+000 -5.737918e+000 0.000000e+000
         vertex 1.467708e+000 -3.066893e+000 0.000000e+000
      endloop
   endfacet
   facet normal 0.000000e+000 0.000000e+000 -1.000000e+000
      outer loop
         vertex 1.467708e+000 -3.066893e+000 0.000000e+000
         vertex 2.834836e+000 -5.737918e+000 0.000000e+000
         vertex 2.743371e+000 -5.782207e+000 0.000000e+000
      endloop
   endfacet
   facet normal 0.000000e+000 0.000000e+000 -1.000000e+000
      outer loop
         vertex 1.467708e+000 -3.066893e+000 0.000000e+000
         vertex 2.743371e+000 -5.782207e+000 0.000000e+000
         vertex 1.418634e+000 -3.089899e+000 0.000000e+000
      endloop
   endfacet
   facet normal 0.000000e+000 0.000000e+000 -1.000000e+000
      outer loop
         vertex 1.418634e+000 -3.089899e+000 0.000000e+000
         vertex 2.743371e+000 -5.782207e+000 0.000000e+000
         vertex 2.651215e+000 -5.825037e+000 0.000000e+000
      endloop
   endfacet
   facet normal 0.000000e+000 0.000000e+000 -1.000000e+000
      outer loop
         vertex 1.418634e+000 -3.089899e+000 0.000000e+000
         vertex 2.651215e+000 -5.825037e+000 0.000000e+000
         vertex 1.369199e+000 -3.112120e+000 0.000000e+000
      endloop
   endfacet
   facet normal 0.000000e+000 0.000000e+000 -1.000000e+000
      outer loop
         vertex 1.369199e+000 -3.112120e+000 0.000000e+000
         vertex 2.651215e+000 -5.825037e+000 0.000000e+000
         vertex 2.558390e+000 -5.866399e+000 0.000000e+000
      endloop
   endfacet
   facet normal 0.000000e+000 0.000000e+000 -1.000000e+000
      outer loop
         vertex 1.369199e+000 -3.112120e+000 0.000000e+000
         vertex 2.558390e+000 -5.866399e+000 0.000000e+000
         vertex 1.319416e+000 -3.133551e+000 0.000000e+000
      endloop
   endfacet
   facet normal 0.000000e+000 0.000000e+000 -1.000000e+000
      outer loop
         vertex 1.319416e+000 -3.133551e+000 0.000000e+000
         vertex 2.558390e+000 -5.866399e+000 0.000000e+000
         vertex 2.464920e+000 -5.906282e+000 0.000000e+000
      endloop
   endfacet
   facet normal 0.000000e+000 0.000000e+000 -1.000000e+000
      outer loop
         vertex 1.319416e+000 -3.133551e+000 0.000000e+000
         vertex 2.464920e+000 -5.906282e+000 0.000000e+000
         vertex 1.269298e+000 -3.154185e+000 0.000000e+000
      endloop
   endfacet
   facet normal 0.000000e+000 0.000000e+000 -1.000000e+000
      outer loop
         vertex 1.269298e+000 -3.154185e+000 0.000000e+000
         vertex 2.464920e+000 -5.906282e+000 0.000000e+000
         vertex 2.370829e+000 -5.944676e+000 0.000000e+000
      endloop
   endfacet
   facet normal 0.000000e+000 0.000000e+000 -1.000000e+000
      outer loop
         vertex 1.269298e+000 -3.154185e+000 0.000000e+000
         vertex 2.370829e+000 -5.944676e+000 0.000000e+000
         vertex 1.218858e+000 -3.174017e+000 0.000000e+000
      endloop
   endfacet
   facet normal 0.000000e+000 0.000000e+000 -1.000000e+000
      outer loop
         vertex 1.218858e+000 -3.174017e+000 0.000000e+000
         vertex 2.370829e+000 -5.944676e+000 0.000000e+000
         vertex 2.276139e+000 -5.981571e+000 0.000000e+000
      endloop
   endfacet
   facet normal 0.000000e+000 0.000000e+000 -1.000000e+000
      outer loop
         vertex 1.218858e+000 -3.174017e+000 0.000000e+000
         vertex 2.276139e+000 -5.981571e+000 0.000000e+000
         vertex 1.168108e+000 -3.193043e+000 0.000000e+000
      endloop
   endfacet
   facet normal 0.000000e+000 0.000000e+000 -1.000000e+000
      outer loop
         vertex 1.168108e+000 -3.193043e+000 0.000000e+000
         vertex 2.276139e+000 -5.981571e+000 0.000000e+000
         vertex 2.180876e+000 -6.016958e+000 0.000000e+000
      endloop
   endfacet
   facet normal 0.000000e+000 0.000000e+000 -1.000000e+000
      outer loop
         vertex 1.168108e+000 -3.193043e+000 0.000000e+000
         vertex 2.180876e+000 -6.016958e+000 0.000000e+000
         vertex 1.117060e+000 -3.211258e+000 0.000000e+000
      endloop
   endfacet
   facet normal 0.000000e+000 0.000000e+000 -1.000000e+000
      outer loop
         vertex 1.117060e+000 -3.211258e+000 0.000000e+000
         vertex 2.180876e+000 -6.016958e+000 0.000000e+000
         vertex 2.085063e+000 -6.050828e+000 0.000000e+000
      endloop
   endfacet
   facet normal 0.000000e+000 0.000000e+000 -1.000000e+000
      outer loop
         vertex 1.117060e+000 -3.211258e+000 0.000000e+000
         vertex 2.085063e+000 -6.050828e+000 0.000000e+000
         vertex 1.065729e+000 -3.228656e+000 0.000000e+000
      endloop
   endfacet
   facet normal 0.000000e+000 0.000000e+000 -1.000000e+000
      outer loop
         vertex 1.065729e+000 -3.228656e+000 0.000000e+000
         vertex 2.085063e+000 -6.050828e+000 0.000000e+000
         vertex 1.988725e+000 -6.083171e+000 0.000000e+000
      endloop
   endfacet
   facet normal 0.000000e+000 0.000000e+000 -1.000000e+000
      outer loop
         vertex 1.065729e+000 -3.228656e+000 0.000000e+000
         vertex 1.988725e+000 -6.083171e+000 0.000000e+000
         vertex 1.014127e+000 -3.245234e+000 0.000000e+000
      endloop
   endfacet
   facet normal 0.000000e+000 0.000000e+000 -1.000000e+000
      outer loop
         vertex 1.014127e+000 -3.245234e+000 0.000000e+000
         vertex 1.988725e+000 -6.083171e+000 0.000000e+000
         vertex 1.891884e+000 -6.113982e+000 0.000000e+000
      endloop
   endfacet
   facet normal 0.000000e+000 0.000000e+000 -1.000000e+000
      outer loop
         vertex 1.014127e+000 -3.245234e+000 0.000000e+000
         vertex 1.891884e+000 -6.113982e+000 0.000000e+000
         vertex 9.622679e-001 -3.260988e+000 0.000000e+000
      endloop
   endfacet
   facet normal 0.000000e+000 0.000000e+000 -1.000000e+000
      outer loop
         vertex 9.622679e-001 -3.260988e+000 0.000000e+000
         vertex 1.891884e+000 -6.113982e+000 0.000000e+000
         vertex 1.794567e+000 -6.143250e+000 0.000000e+000
      endloop
   endfacet
   facet normal 0.000000e+000 0.000000e+000 -1.000000e+000
      outer loop
         vertex 9.622679e-001 -3.260988e+000 0.000000e+000
         vertex 1.794567e+000 -6.143250e+000 0.000000e+000
         vertex 9.101639e-001 -3.275912e+000 0.000000e+000
      endloop
   endfacet
   facet normal 0.000000e+000 0.000000e+000 -1.000000e+000
      outer loop
         vertex 9.101639e-001 -3.275912e+000 0.000000e+000
         vertex 1.794567e+000 -6.143250e+000 0.000000e+000
         vertex 1.696798e+000 -6.170970e+000 0.000000e+000
      endloop
   endfacet
   facet normal 0.000000e+000 0.000000e+000 -1.000000e+000
      outer loop
         vertex 9.101639e-001 -3.275912e+000 0.000000e+000
         vertex 1.696798e+000 -6.170970e+000 0.000000e+000
         vertex 8.578285e-001 -3.290004e+000 0.000000e+000
      endloop
   endfacet
   facet normal 0.000000e+000 0.000000e+000 -1.000000e+000
      outer loop
         vertex 8.578285e-001 -3.290004e+000 0.000000e+000
         vertex 1.696798e+000 -6.170970e+000 0.000000e+000
         vertex 1.598600e+000 -6.197134e+000 0.000000e+000
      endloop
   endfacet
   facet normal 0.000000e+000 0.000000e+000 -1.000000e+000
      outer loop
         vertex 8.578285e-001 -3.290004e+000 0.000000e+000
         vertex 1.598600e+000 -6.197134e+000 0.000000e+000
         vertex 8.052751e-001 -3.303261e+000 0.000000e+000
      endloop
   endfacet
   facet normal 0.000000e+000 0.000000e+000 -1.000000e+000
      outer loop
         vertex 8.052751e-001 -3.303261e+000 0.000000e+000
         vertex 1.598600e+000 -6.197134e+000 0.000000e+000
         vertex 1.500000e+000 -6.221736e+000 0.000000e+000
      endloop
   endfacet
   facet normal 0.000000e+000 0.000000e+000 -1.000000e+000
      outer loop
         vertex 8.052751e-001 -3.303261e+000 0.000000e+000
         vertex 1.500000e+000 -6.221736e+000 0.000000e+000
         vertex 7.525172e-001 -3.315678e+000 0.000000e+000
      endloop
   endfacet
   facet normal 0.000000e+000 0.000000e+000 -1.000000e+000
      outer loop
         vertex 7.525172e-001 -3.315678e+000 0.000000e+000
         vertex 1.500000e+000 -6.221736e+000 0.000000e+000
         vertex 6.995680e-001 -3.327252e+000 0.000000e+000
      endloop
   endfacet
   facet normal 0.000000e+000 0.000000e+000 -1.000000e+000
      outer loop
         vertex -4.832310e+000 -2.095264e+001 0.000000e+000
         vertex -2.072124e+000 -2.416044e+001 0.000000e+000
         vertex -4.951393e+000 -2.105750e+001 0.000000e+000
      endloop
   endfacet
   facet normal 0.000000e+000 0.000000e+000 -1.000000e+000
      outer loop
         vertex -4.951393e+000 -2.105750e+001 0.000000e+000
         vertex -2.072124e+000 -2.416044e+001 0.000000e+000
         vertex -2.194473e+000 -2.426147e+001 0.000000e+000
      endloop
   endfacet
   facet normal 0.000000e+000 0.000000e+000 -1.000000e+000
      outer loop
         vertex -4.951393e+000 -2.105750e+001 0.000000e+000
         vertex -2.194473e+000 -2.426147e+001 0.000000e+000
         vertex -5.072124e+000 -2.116044e+001 0.000000e+000
      endloop
   endfacet
   facet normal 0.000000e+000 0.000000e+000 -1.000000e+000
      outer loop
         vertex -5.072124e+000 -2.116044e+001 0.000000e+000
         vertex -2.194473e+000 -2.426147e+001 0.000000e+000
         vertex -2.318410e+000 -2.436053e+001 0.000000e+000
      endloop
   endfacet
   facet normal 0.000000e+000 0.000000e+000 -1.000000e+000
      outer loop
         vertex -5.072124e+000 -2.116044e+001 0.000000e+000
         vertex -2.318410e+000 -2.436053e+001 0.000000e+000
         vertex -2.443903e+000 -2.445762e+001 0.000000e+000
      endloop
   endfacet
   facet normal 0.000000e+000 0.000000e+000 -1.000000e+000
      outer loop
         vertex -4.262660e+000 -2.040079e+001 0.000000e+000
         vertex -1.262660e+000 -2.340079e+001 0.000000e+000
         vertex -4.373058e+000 -2.051475e+001 0.000000e+000
      endloop
   endfacet
   facet normal 0.000000e+000 0.000000e+000 -1.000000e+000
      outer loop
         vertex -4.373058e+000 -2.051475e+001 0.000000e+000
         vertex -1.262660e+000 -2.340079e+001 0.000000e+000
         vertex -1.373058e+000 -2.351475e+001 0.000000e+000
      endloop
   endfacet
   facet normal 0.000000e+000 0.000000e+000 -1.000000e+000
      outer loop
         vertex -4.373058e+000 -2.051475e+001 0.000000e+000
         vertex -1.373058e+000 -2.351475e+001 0.000000e+000
         vertex -4.485251e+000 -2.062694e+001 0.000000e+000
      endloop
   endfacet
   facet normal 0.000000e+000 0.000000e+000 -1.000000e+000
      outer loop
         vertex -3.738535e+000 -1.980553e+001 0.000000e+000
         vertex -5.423816e-001 -2.255610e+001 0.000000e+000
         vertex -3.839556e+000 -1.992788e+001 0.000000e+000
      endloop
   endfacet
   facet normal 0.000000e+000 0.000000e+000 -1.000000e+000
      outer loop
         vertex -3.839556e+000 -1.992788e+001 0.000000e+000
         vertex -5.423816e-001 -2.255610e+001 0.000000e+000
         vertex -6.394691e-001 -2.268159e+001 0.000000e+000
      endloop
   endfacet
   facet normal 0.000000e+000 0.000000e+000 -1.000000e+000
      outer loop
         vertex -3.839556e+000 -1.992788e+001 0.000000e+000
         vertex -6.394691e-001 -2.268159e+001 0.000000e+000
         vertex -3.942504e+000 -2.004861e+001 0.000000e+000
      endloop
   endfacet
   facet normal 0.000000e+000 0.000000e+000 -1.000000e+000
      outer loop
         vertex -3.263234e+000 -1.917060e+001 0.000000e+000
         vertex 7.983413e-002 -2.163677e+001 0.000000e+000
         vertex -3.354240e+000 -1.930057e+001 0.000000e+000
      endloop
   endfacet
   facet normal 0.000000e+000 0.000000e+000 -1.000000e+000
      outer loop
         vertex -3.354240e+000 -1.930057e+001 0.000000e+000
         vertex 7.983413e-002 -2.163677e+001 0.000000e+000
         vertex -2.745701e-003 -2.177225e+001 0.000000e+000
      endloop
   endfacet
   facet normal 0.000000e+000 0.000000e+000 -1.000000e+000
      outer loop
         vertex -3.354240e+000 -1.930057e+001 0.000000e+000
         vertex -2.745701e-003 -2.177225e+001 0.000000e+000
         vertex -3.447298e+000 -1.942908e+001 0.000000e+000
      endloop
   endfacet
   facet normal 0.000000e+000 0.000000e+000 -1.000000e+000
      outer loop
         vertex -3.447298e+000 -1.942908e+001 0.000000e+000
         vertex -2.745701e-003 -2.177225e+001 0.000000e+000
         vertex -8.746468e-002 -2.190641e+001 0.000000e+000
      endloop
   endfacet
   facet normal 0.000000e+000 0.000000e+000 -1.000000e+000
      outer loop
         vertex -3.447298e+000 -1.942908e+001 0.000000e+000
         vertex -8.746468e-002 -2.190641e+001 0.000000e+000
         vertex -3.542382e+000 -1.955610e+001 0.000000e+000
      endloop
   endfacet
   facet normal 0.000000e+000 0.000000e+000 -1.000000e+000
      outer loop
         vertex -3.087465e+000 -1.890641e+001 0.000000e+000
         vertex 3.145336e-001 -2.122271e+001 0.000000e+000
         vertex -3.174301e+000 -1.903920e+001 0.000000e+000
      endloop
   endfacet
   facet normal 0.000000e+000 0.000000e+000 -1.000000e+000
      outer loop
         vertex -3.174301e+000 -1.903920e+001 0.000000e+000
         vertex 3.145336e-001 -2.122271e+001 0.000000e+000
         vertex 2.384938e-001 -2.136197e+001 0.000000e+000
      endloop
   endfacet
   facet normal 0.000000e+000 0.000000e+000 -1.000000e+000
      outer loop
         vertex -3.174301e+000 -1.903920e+001 0.000000e+000
         vertex 2.384938e-001 -2.136197e+001 0.000000e+000
         vertex -3.263234e+000 -1.917060e+001 0.000000e+000
      endloop
   endfacet
   facet normal 0.000000e+000 0.000000e+000 -1.000000e+000
      outer loop
         vertex -3.263234e+000 -1.917060e+001 0.000000e+000
         vertex 2.384938e-001 -2.136197e+001 0.000000e+000
         vertex 1.602540e-001 -2.150000e+001 0.000000e+000
      endloop
   endfacet
   facet normal 0.000000e+000 0.000000e+000 -1.000000e+000
      outer loop
         vertex -3.263234e+000 -1.917060e+001 0.000000e+000
         vertex 1.602540e-001 -2.150000e+001 0.000000e+000
         vertex 7.983413e-002 -2.163677e+001 0.000000e+000
      endloop
   endfacet
   facet normal 0.000000e+000 0.000000e+000 -1.000000e+000
      outer loop
         vertex -2.920166e+000 -1.863677e+001 0.000000e+000
         vertex 5.292654e-001 -2.079795e+001 0.000000e+000
         vertex -3.002746e+000 -1.877225e+001 0.000000e+000
      endloop
   endfacet
   facet normal 0.000000e+000 0.000000e+000 -1.000000e+000
      outer loop
         vertex -3.002746e+000 -1.877225e+001 0.000000e+000
         vertex 5.292654e-001 -2.079795e+001 0.000000e+000
         vertex 4.599378e-001 -2.094067e+001 0.000000e+000
      endloop
   endfacet
   facet normal 0.000000e+000 0.000000e+000 -1.000000e+000
      outer loop
         vertex -3.002746e+000 -1.877225e+001 0.000000e+000
         vertex 4.599378e-001 -2.094067e+001 0.000000e+000
         vertex -3.087465e+000 -1.890641e+001 0.000000e+000
      endloop
   endfacet
   facet normal 0.000000e+000 0.000000e+000 -1.000000e+000
      outer loop
         vertex -3.087465e+000 -1.890641e+001 0.000000e+000
         vertex 4.599378e-001 -2.094067e+001 0.000000e+000
         vertex 3.883545e-001 -2.108227e+001 0.000000e+000
      endloop
   endfacet
   facet normal 0.000000e+000 0.000000e+000 -1.000000e+000
      outer loop
         vertex -3.087465e+000 -1.890641e+001 0.000000e+000
         vertex 3.883545e-001 -2.108227e+001 0.000000e+000
         vertex 3.145336e-001 -2.122271e+001 0.000000e+000
      endloop
   endfacet
   facet normal 0.000000e+000 0.000000e+000 -1.000000e+000
      outer loop
         vertex -2.685466e+000 -1.822271e+001 0.000000e+000
         vertex 7.836793e-001 -2.021663e+001 0.000000e+000
         vertex -2.761506e+000 -1.836197e+001 0.000000e+000
      endloop
   endfacet
   facet normal 0.000000e+000 0.000000e+000 -1.000000e+000
      outer loop
         vertex -2.761506e+000 -1.836197e+001 0.000000e+000
         vertex 7.836793e-001 -2.021663e+001 0.000000e+000
         vertex 7.235429e-001 -2.036345e+001 0.000000e+000
      endloop
   endfacet
   facet normal 0.000000e+000 0.000000e+000 -1.000000e+000
      outer loop
         vertex -2.761506e+000 -1.836197e+001 0.000000e+000
         vertex 7.235429e-001 -2.036345e+001 0.000000e+000
         vertex -2.839746e+000 -1.850000e+001 0.000000e+000
      endloop
   endfacet
   facet normal 0.000000e+000 0.000000e+000 -1.000000e+000
      outer loop
         vertex -2.839746e+000 -1.850000e+001 0.000000e+000
         vertex 7.235429e-001 -2.036345e+001 0.000000e+000
         vertex 6.610846e-001 -2.050930e+001 0.000000e+000
      endloop
   endfacet
   facet normal 0.000000e+000 0.000000e+000 -1.000000e+000
      outer loop
         vertex -2.839746e+000 -1.850000e+001 0.000000e+000
         vertex 6.610846e-001 -2.050930e+001 0.000000e+000
         vertex -2.920166e+000 -1.863677e+001 0.000000e+000
      endloop
   endfacet
   facet normal 0.000000e+000 0.000000e+000 -1.000000e+000
      outer loop
         vertex -2.920166e+000 -1.863677e+001 0.000000e+000
         vertex 6.610846e-001 -2.050930e+001 0.000000e+000
         vertex 5.963200e-001 -2.065415e+001 0.000000e+000
      endloop
   endfacet
   facet normal 0.000000e+000 0.000000e+000 -1.000000e+000
      outer loop
         vertex -2.920166e+000 -1.863677e+001 0.000000e+000
         vertex 5.963200e-001 -2.065415e+001 0.000000e+000
         vertex 5.292654e-001 -2.079795e+001 0.000000e+000
      endloop
   endfacet
   facet normal 0.000000e+000 0.000000e+000 -1.000000e+000
      outer loop
         vertex -2.540062e+000 -1.794067e+001 0.000000e+000
         vertex 9.500082e-001 -1.977068e+001 0.000000e+000
         vertex -2.611645e+000 -1.808226e+001 0.000000e+000
      endloop
   endfacet
   facet normal 0.000000e+000 0.000000e+000 -1.000000e+000
      outer loop
         vertex -2.611645e+000 -1.808226e+001 0.000000e+000
         vertex 9.500082e-001 -1.977068e+001 0.000000e+000
         vertex 8.969262e-001 -1.992020e+001 0.000000e+000
      endloop
   endfacet
   facet normal 0.000000e+000 0.000000e+000 -1.000000e+000
      outer loop
         vertex -2.611645e+000 -1.808226e+001 0.000000e+000
         vertex 8.969262e-001 -1.992020e+001 0.000000e+000
         vertex -2.685466e+000 -1.822271e+001 0.000000e+000
      endloop
   endfacet
   facet normal 0.000000e+000 0.000000e+000 -1.000000e+000
      outer loop
         vertex -2.685466e+000 -1.822271e+001 0.000000e+000
         vertex 8.969262e-001 -1.992020e+001 0.000000e+000
         vertex 8.414786e-001 -2.006886e+001 0.000000e+000
      endloop
   endfacet
   facet normal 0.000000e+000 0.000000e+000 -1.000000e+000
      outer loop
         vertex -2.685466e+000 -1.822271e+001 0.000000e+000
         vertex 8.414786e-001 -2.006886e+001 0.000000e+000
         vertex 7.836793e-001 -2.021663e+001 0.000000e+000
      endloop
   endfacet
   facet normal 0.000000e+000 0.000000e+000 -1.000000e+000
      outer loop
         vertex -3.485772e+000 1.965128e+000 0.000000e+000
         vertex -3.474866e+000 1.953462e+000 0.000000e+000
         vertex -6.141084e+000 1.801967e+000 0.000000e+000
      endloop
   endfacet
   facet normal 0.000000e+000 0.000000e+000 -1.000000e+000
      outer loop
         vertex -6.141084e+000 1.801967e+000 0.000000e+000
         vertex -3.474866e+000 1.953462e+000 0.000000e+000
         vertex -3.464148e+000 1.941623e+000 0.000000e+000
      endloop
   endfacet
   facet normal 0.000000e+000 0.000000e+000 -1.000000e+000
      outer loop
         vertex -6.141084e+000 1.801967e+000 0.000000e+000
         vertex -3.464148e+000 1.941623e+000 0.000000e+000
         vertex -3.453619e+000 1.929614e+000 0.000000e+000
      endloop
   endfacet
   facet normal 0.000000e+000 0.000000e+000 -1.000000e+000
      outer loop
         vertex -3.264276e+000 1.599051e+000 0.000000e+000
         vertex -3.259244e+000 1.583894e+000 0.000000e+000
         vertex -6.141084e+000 1.801967e+000 0.000000e+000
      endloop
   endfacet
   facet normal 0.000000e+000 0.000000e+000 -1.000000e+000
      outer loop
         vertex -6.141084e+000 1.801967e+000 0.000000e+000
         vertex -3.259244e+000 1.583894e+000 0.000000e+000
         vertex -3.254455e+000 1.568659e+000 0.000000e+000
      endloop
   endfacet
   facet normal 0.000000e+000 0.000000e+000 -1.000000e+000
      outer loop
         vertex -6.141084e+000 1.801967e+000 0.000000e+000
         vertex -3.254455e+000 1.568659e+000 0.000000e+000
         vertex -3.249910e+000 1.553349e+000 0.000000e+000
      endloop
   endfacet
   facet normal 0.000000e+000 0.000000e+000 -1.000000e+000
      outer loop
         vertex -3.225012e+000 1.444424e+000 0.000000e+000
         vertex -3.222454e+000 1.428659e+000 0.000000e+000
         vertex -6.141084e+000 1.801967e+000 0.000000e+000
      endloop
   endfacet
   facet normal 0.000000e+000 0.000000e+000 -1.000000e+000
      outer loop
         vertex -6.141084e+000 1.801967e+000 0.000000e+000
         vertex -3.222454e+000 1.428659e+000 0.000000e+000
         vertex -3.220149e+000 1.412856e+000 0.000000e+000
      endloop
   endfacet
   facet normal 0.000000e+000 0.000000e+000 -1.000000e+000
      outer loop
         vertex -6.141084e+000 1.801967e+000 0.000000e+000
         vertex -3.220149e+000 1.412856e+000 0.000000e+000
         vertex -3.218096e+000 1.397019e+000 0.000000e+000
      endloop
   endfacet
   facet normal 0.000000e+000 0.000000e+000 -1.000000e+000
      outer loop
         vertex -6.394691e-001 -2.268159e+001 0.000000e+000
         vertex -7.385353e-001 -2.280553e+001 0.000000e+000
         vertex -3.942504e+000 -2.004861e+001 0.000000e+000
      endloop
   endfacet
   facet normal 0.000000e+000 0.000000e+000 -1.000000e+000
      outer loop
         vertex -3.942504e+000 -2.004861e+001 0.000000e+000
         vertex -7.385353e-001 -2.280553e+001 0.000000e+000
         vertex -8.395556e-001 -2.292788e+001 0.000000e+000
      endloop
   endfacet
   facet normal 0.000000e+000 0.000000e+000 -1.000000e+000
      outer loop
         vertex -3.942504e+000 -2.004861e+001 0.000000e+000
         vertex -8.395556e-001 -2.292788e+001 0.000000e+000
         vertex -4.047356e+000 -2.016769e+001 0.000000e+000
      endloop
   endfacet
   facet normal 0.000000e+000 0.000000e+000 -1.000000e+000
      outer loop
         vertex -4.047356e+000 -2.016769e+001 0.000000e+000
         vertex -8.395556e-001 -2.292788e+001 0.000000e+000
         vertex -9.425043e-001 -2.304861e+001 0.000000e+000
      endloop
   endfacet
   facet normal 0.000000e+000 0.000000e+000 -1.000000e+000
      outer loop
         vertex -4.047356e+000 -2.016769e+001 0.000000e+000
         vertex -9.425043e-001 -2.304861e+001 0.000000e+000
         vertex -4.154083e+000 -2.028509e+001 0.000000e+000
      endloop
   endfacet
   facet normal 0.000000e+000 0.000000e+000 -1.000000e+000
      outer loop
         vertex -4.154083e+000 -2.028509e+001 0.000000e+000
         vertex -9.425043e-001 -2.304861e+001 0.000000e+000
         vertex -1.047355e+000 -2.316769e+001 0.000000e+000
      endloop
   endfacet
   facet normal 0.000000e+000 0.000000e+000 -1.000000e+000
      outer loop
         vertex -4.154083e+000 -2.028509e+001 0.000000e+000
         vertex -1.047355e+000 -2.316769e+001 0.000000e+000
         vertex -4.262660e+000 -2.040079e+001 0.000000e+000
      endloop
   endfacet
   facet normal 0.000000e+000 0.000000e+000 -1.000000e+000
      outer loop
         vertex -4.262660e+000 -2.040079e+001 0.000000e+000
         vertex -1.047355e+000 -2.316769e+001 0.000000e+000
         vertex -1.154083e+000 -2.328510e+001 0.000000e+000
      endloop
   endfacet
   facet normal 0.000000e+000 0.000000e+000 -1.000000e+000
      outer loop
         vertex -4.262660e+000 -2.040079e+001 0.000000e+000
         vertex -1.154083e+000 -2.328510e+001 0.000000e+000
         vertex -1.262660e+000 -2.340079e+001 0.000000e+000
      endloop
   endfacet
   facet normal 0.000000e+000 0.000000e+000 -1.000000e+000
      outer loop
         vertex -8.746468e-002 -2.190641e+001 0.000000e+000
         vertex -1.743015e-001 -2.203920e+001 0.000000e+000
         vertex -3.542382e+000 -1.955610e+001 0.000000e+000
      endloop
   endfacet
   facet normal 0.000000e+000 0.000000e+000 -1.000000e+000
      outer loop
         vertex -3.542382e+000 -1.955610e+001 0.000000e+000
         vertex -1.743015e-001 -2.203920e+001 0.000000e+000
         vertex -2.632342e-001 -2.217060e+001 0.000000e+000
      endloop
   endfacet
   facet normal 0.000000e+000 0.000000e+000 -1.000000e+000
      outer loop
         vertex -3.542382e+000 -1.955610e+001 0.000000e+000
         vertex -2.632342e-001 -2.217060e+001 0.000000e+000
         vertex -3.639469e+000 -1.968159e+001 0.000000e+000
      endloop
   endfacet
   facet normal 0.000000e+000 0.000000e+000 -1.000000e+000
      outer loop
         vertex -3.639469e+000 -1.968159e+001 0.000000e+000
         vertex -2.632342e-001 -2.217060e+001 0.000000e+000
         vertex -3.542405e-001 -2.230057e+001 0.000000e+000
      endloop
   endfacet
   facet normal 0.000000e+000 0.000000e+000 -1.000000e+000
      outer loop
         vertex -3.639469e+000 -1.968159e+001 0.000000e+000
         vertex -3.542405e-001 -2.230057e+001 0.000000e+000
         vertex -3.738535e+000 -1.980553e+001 0.000000e+000
      endloop
   endfacet
   facet normal 0.000000e+000 0.000000e+000 -1.000000e+000
      outer loop
         vertex -3.738535e+000 -1.980553e+001 0.000000e+000
         vertex -3.542405e-001 -2.230057e+001 0.000000e+000
         vertex -4.472974e-001 -2.242908e+001 0.000000e+000
      endloop
   endfacet
   facet normal 0.000000e+000 0.000000e+000 -1.000000e+000
      outer loop
         vertex -3.738535e+000 -1.980553e+001 0.000000e+000
         vertex -4.472974e-001 -2.242908e+001 0.000000e+000
         vertex -5.423816e-001 -2.255610e+001 0.000000e+000
      endloop
   endfacet
   facet normal 0.000000e+000 0.000000e+000 -1.000000e+000
      outer loop
         vertex -3.453619e+000 1.929614e+000 0.000000e+000
         vertex -3.443284e+000 1.917439e+000 0.000000e+000
         vertex -6.141084e+000 1.801967e+000 0.000000e+000
      endloop
   endfacet
   facet normal 0.000000e+000 0.000000e+000 -1.000000e+000
      outer loop
         vertex -6.141084e+000 1.801967e+000 0.000000e+000
         vertex -3.443284e+000 1.917439e+000 0.000000e+000
         vertex -3.433145e+000 1.905100e+000 0.000000e+000
      endloop
   endfacet
   facet normal 0.000000e+000 0.000000e+000 -1.000000e+000
      outer loop
         vertex -6.141084e+000 1.801967e+000 0.000000e+000
         vertex -3.433145e+000 1.905100e+000 0.000000e+000
         vertex -3.423204e+000 1.892601e+000 0.000000e+000
      endloop
   endfacet
   facet normal 0.000000e+000 0.000000e+000 -1.000000e+000
      outer loop
         vertex -6.141084e+000 1.801967e+000 0.000000e+000
         vertex -3.320253e+000 1.731304e+000 0.000000e+000
         vertex -3.313102e+000 1.717024e+000 0.000000e+000
      endloop
   endfacet
   facet normal 0.000000e+000 0.000000e+000 -1.000000e+000
      outer loop
         vertex -1.373058e+000 -2.351475e+001 0.000000e+000
         vertex -1.485251e+000 -2.362694e+001 0.000000e+000
         vertex -4.485251e+000 -2.062694e+001 0.000000e+000
      endloop
   endfacet
   facet normal 0.000000e+000 0.000000e+000 -1.000000e+000
      outer loop
         vertex -4.485251e+000 -2.062694e+001 0.000000e+000
         vertex -1.485251e+000 -2.362694e+001 0.000000e+000
         vertex -1.599210e+000 -2.373734e+001 0.000000e+000
      endloop
   endfacet
   facet normal 0.000000e+000 0.000000e+000 -1.000000e+000
      outer loop
         vertex -4.485251e+000 -2.062694e+001 0.000000e+000
         vertex -1.599210e+000 -2.373734e+001 0.000000e+000
         vertex -4.599210e+000 -2.073734e+001 0.000000e+000
      endloop
   endfacet
   facet normal 0.000000e+000 0.000000e+000 -1.000000e+000
      outer loop
         vertex -4.599210e+000 -2.073734e+001 0.000000e+000
         vertex -1.599210e+000 -2.373734e+001 0.000000e+000
         vertex -1.714906e+000 -2.384592e+001 0.000000e+000
      endloop
   endfacet
   facet normal 0.000000e+000 0.000000e+000 -1.000000e+000
      outer loop
         vertex -4.599210e+000 -2.073734e+001 0.000000e+000
         vertex -1.714906e+000 -2.384592e+001 0.000000e+000
         vertex -4.714906e+000 -2.084592e+001 0.000000e+000
      endloop
   endfacet
   facet normal 0.000000e+000 0.000000e+000 -1.000000e+000
      outer loop
         vertex -4.714906e+000 -2.084592e+001 0.000000e+000
         vertex -1.714906e+000 -2.384592e+001 0.000000e+000
         vertex -1.832310e+000 -2.395264e+001 0.000000e+000
      endloop
   endfacet
   facet normal 0.000000e+000 0.000000e+000 -1.000000e+000
      outer loop
         vertex -4.714906e+000 -2.084592e+001 0.000000e+000
         vertex -1.832310e+000 -2.395264e+001 0.000000e+000
         vertex -4.832310e+000 -2.095264e+001 0.000000e+000
      endloop
   endfacet
   facet normal 0.000000e+000 0.000000e+000 -1.000000e+000
      outer loop
         vertex -4.832310e+000 -2.095264e+001 0.000000e+000
         vertex -1.832310e+000 -2.395264e+001 0.000000e+000
         vertex -1.951393e+000 -2.405750e+001 0.000000e+000
      endloop
   endfacet
   facet normal 0.000000e+000 0.000000e+000 -1.000000e+000
      outer loop
         vertex -4.832310e+000 -2.095264e+001 0.000000e+000
         vertex -1.951393e+000 -2.405750e+001 0.000000e+000
         vertex -2.072124e+000 -2.416044e+001 0.000000e+000
      endloop
   endfacet
   facet normal 0.000000e+000 0.000000e+000 -1.000000e+000
      outer loop
         vertex -1.505035e+000 -1.381728e+001 0.000000e+000
         vertex -1.501259e+000 -1.365866e+001 0.000000e+000
         vertex 1.500000e+000 -1.650000e+001 0.000000e+000
      endloop
   endfacet
   facet normal 0.000000e+000 0.000000e+000 -1.000000e+000
      outer loop
         vertex 1.500000e+000 -1.650000e+001 0.000000e+000
         vertex -1.501259e+000 -1.365866e+001 0.000000e+000
         vertex -1.500000e+000 -1.350000e+001 0.000000e+000
      endloop
   endfacet
   facet normal 0.000000e+000 0.000000e+000 -1.000000e+000
      outer loop
         vertex 1.500000e+000 -1.650000e+001 0.000000e+000
         vertex -1.500000e+000 -1.350000e+001 0.000000e+000
         vertex 1.500000e+000 -6.221736e+000 0.000000e+000
      endloop
   endfacet
   facet normal 0.000000e+000 0.000000e+000 -1.000000e+000
      outer loop
         vertex 1.500000e+000 -6.221736e+000 0.000000e+000
         vertex -1.500000e+000 -1.350000e+001 0.000000e+000
         vertex -1.500000e+000 -6.221736e+000 0.000000e+000
      endloop
   endfacet
   facet normal 0.000000e+000 0.000000e+000 -1.000000e+000
      outer loop
         vertex 1.500000e+000 -6.221736e+000 0.000000e+000
         vertex -1.500000e+000 -6.221736e+000 0.000000e+000
         vertex -1.598600e+000 -6.197134e+000 0.000000e+000
      endloop
   endfacet
   facet normal 0.000000e+000 0.000000e+000 -1.000000e+000
      outer loop
         vertex -3.423204e+000 1.892601e+000 0.000000e+000
         vertex -3.413464e+000 1.879945e+000 0.000000e+000
         vertex -6.141084e+000 1.801967e+000 0.000000e+000
      endloop
   endfacet
   facet normal 0.000000e+000 0.000000e+000 -1.000000e+000
      outer loop
         vertex -6.141084e+000 1.801967e+000 0.000000e+000
         vertex -3.413464e+000 1.879945e+000 0.000000e+000
         vertex -3.403927e+000 1.867135e+000 0.000000e+000
      endloop
   endfacet
   facet normal 0.000000e+000 0.000000e+000 -1.000000e+000
      outer loop
         vertex -6.141084e+000 1.801967e+000 0.000000e+000
         vertex -3.403927e+000 1.867135e+000 0.000000e+000
         vertex -3.394596e+000 1.854174e+000 0.000000e+000
      endloop
   endfacet
   facet normal 0.000000e+000 0.000000e+000 -1.000000e+000
      outer loop
         vertex -3.394596e+000 1.854174e+000 0.000000e+000
         vertex -3.385473e+000 1.841066e+000 0.000000e+000
         vertex -6.141084e+000 1.801967e+000 0.000000e+000
      endloop
   endfacet
   facet normal 0.000000e+000 0.000000e+000 -1.000000e+000
      outer loop
         vertex -6.141084e+000 1.801967e+000 0.000000e+000
         vertex -3.385473e+000 1.841066e+000 0.000000e+000
         vertex -3.376561e+000 1.827813e+000 0.000000e+000
      endloop
   endfacet
   facet normal 0.000000e+000 0.000000e+000 -1.000000e+000
      outer loop
         vertex -6.141084e+000 1.801967e+000 0.000000e+000
         vertex -3.376561e+000 1.827813e+000 0.000000e+000
         vertex -3.367861e+000 1.814420e+000 0.000000e+000
      endloop
   endfacet
   facet normal 0.000000e+000 0.000000e+000 -1.000000e+000
      outer loop
         vertex -3.343061e+000 1.773432e+000 0.000000e+000
         vertex -3.335234e+000 1.759511e+000 0.000000e+000
         vertex -6.141084e+000 1.801967e+000 0.000000e+000
      endloop
   endfacet
   facet normal 0.000000e+000 0.000000e+000 -1.000000e+000
      outer loop
         vertex -6.141084e+000 1.801967e+000 0.000000e+000
         vertex -3.335234e+000 1.759511e+000 0.000000e+000
         vertex -3.327631e+000 1.745467e+000 0.000000e+000
      endloop
   endfacet
   facet normal 0.000000e+000 0.000000e+000 -1.000000e+000
      outer loop
         vertex -6.141084e+000 1.801967e+000 0.000000e+000
         vertex -3.327631e+000 1.745467e+000 0.000000e+000
         vertex -3.320253e+000 1.731304e+000 0.000000e+000
      endloop
   endfacet
   facet normal 0.000000e+000 0.000000e+000 -1.000000e+000
      outer loop
         vertex -3.313102e+000 1.717024e+000 0.000000e+000
         vertex -3.306180e+000 1.702632e+000 0.000000e+000
         vertex -6.141084e+000 1.801967e+000 0.000000e+000
      endloop
   endfacet
   facet normal 0.000000e+000 0.000000e+000 -1.000000e+000
      outer loop
         vertex -6.141084e+000 1.801967e+000 0.000000e+000
         vertex -3.306180e+000 1.702632e+000 0.000000e+000
         vertex -3.299488e+000 1.688131e+000 0.000000e+000
      endloop
   endfacet
   facet normal 0.000000e+000 0.000000e+000 -1.000000e+000
      outer loop
         vertex -6.141084e+000 1.801967e+000 0.000000e+000
         vertex -3.299488e+000 1.688131e+000 0.000000e+000
         vertex -3.293029e+000 1.673525e+000 0.000000e+000
      endloop
   endfacet
   facet normal 0.000000e+000 0.000000e+000 -1.000000e+000
      outer loop
         vertex 1.218116e+000 -1.885759e+001 0.000000e+000
         vertex 1.179487e+000 -1.901148e+001 0.000000e+000
         vertex -2.338915e+000 -1.750931e+001 0.000000e+000
      endloop
   endfacet
   facet normal 0.000000e+000 0.000000e+000 -1.000000e+000
      outer loop
         vertex -2.338915e+000 -1.750931e+001 0.000000e+000
         vertex 1.179487e+000 -1.901148e+001 0.000000e+000
         vertex 1.138422e+000 -1.916474e+001 0.000000e+000
      endloop
   endfacet
   facet normal 0.000000e+000 0.000000e+000 -1.000000e+000
      outer loop
         vertex -2.338915e+000 -1.750931e+001 0.000000e+000
         vertex 1.138422e+000 -1.916474e+001 0.000000e+000
         vertex -2.403680e+000 -1.765415e+001 0.000000e+000
      endloop
   endfacet
   facet normal 0.000000e+000 0.000000e+000 -1.000000e+000
      outer loop
         vertex -2.403680e+000 -1.765415e+001 0.000000e+000
         vertex 1.138422e+000 -1.916474e+001 0.000000e+000
         vertex 1.094930e+000 -1.931733e+001 0.000000e+000
      endloop
   endfacet
   facet normal 0.000000e+000 0.000000e+000 -1.000000e+000
      outer loop
         vertex -2.403680e+000 -1.765415e+001 0.000000e+000
         vertex 1.094930e+000 -1.931733e+001 0.000000e+000
         vertex -2.470735e+000 -1.779795e+001 0.000000e+000
      endloop
   endfacet
   facet normal 0.000000e+000 0.000000e+000 -1.000000e+000
      outer loop
         vertex -2.470735e+000 -1.779795e+001 0.000000e+000
         vertex 1.094930e+000 -1.931733e+001 0.000000e+000
         vertex 1.049022e+000 -1.946920e+001 0.000000e+000
      endloop
   endfacet
   facet normal 0.000000e+000 0.000000e+000 -1.000000e+000
      outer loop
         vertex -2.470735e+000 -1.779795e+001 0.000000e+000
         vertex 1.049022e+000 -1.946920e+001 0.000000e+000
         vertex -2.540062e+000 -1.794067e+001 0.000000e+000
      endloop
   endfacet
   facet normal 0.000000e+000 0.000000e+000 -1.000000e+000
      outer loop
         vertex -2.540062e+000 -1.794067e+001 0.000000e+000
         vertex 1.049022e+000 -1.946920e+001 0.000000e+000
         vertex 1.000711e+000 -1.962033e+001 0.000000e+000
      endloop
   endfacet
   facet normal 0.000000e+000 0.000000e+000 -1.000000e+000
      outer loop
         vertex -2.540062e+000 -1.794067e+001 0.000000e+000
         vertex 1.000711e+000 -1.962033e+001 0.000000e+000
         vertex 9.500082e-001 -1.977068e+001 0.000000e+000
      endloop
   endfacet
   facet normal 0.000000e+000 0.000000e+000 -1.000000e+000
      outer loop
         vertex -3.367861e+000 1.814420e+000 0.000000e+000
         vertex -3.359377e+000 1.800890e+000 0.000000e+000
         vertex -6.141084e+000 1.801967e+000 0.000000e+000
      endloop
   endfacet
   facet normal 0.000000e+000 0.000000e+000 -1.000000e+000
      outer loop
         vertex -6.141084e+000 1.801967e+000 0.000000e+000
         vertex -3.359377e+000 1.800890e+000 0.000000e+000
         vertex -3.351109e+000 1.787227e+000 0.000000e+000
      endloop
   endfacet
   facet normal 0.000000e+000 0.000000e+000 -1.000000e+000
      outer loop
         vertex -6.141084e+000 1.801967e+000 0.000000e+000
         vertex -3.351109e+000 1.787227e+000 0.000000e+000
         vertex -3.343061e+000 1.773432e+000 0.000000e+000
      endloop
   endfacet
   facet normal 0.000000e+000 0.000000e+000 -1.000000e+000
      outer loop
         vertex -3.249910e+000 1.553349e+000 0.000000e+000
         vertex -3.245609e+000 1.537969e+000 0.000000e+000
         vertex -6.141084e+000 1.801967e+000 0.000000e+000
      endloop
   endfacet
   facet normal 0.000000e+000 0.000000e+000 -1.000000e+000
      outer loop
         vertex -6.141084e+000 1.801967e+000 0.000000e+000
         vertex -3.245609e+000 1.537969e+000 0.000000e+000
         vertex -3.241555e+000 1.522522e+000 0.000000e+000
      endloop
   endfacet
   facet normal 0.000000e+000 0.000000e+000 -1.000000e+000
      outer loop
         vertex -6.141084e+000 1.801967e+000 0.000000e+000
         vertex -3.241555e+000 1.522522e+000 0.000000e+000
         vertex -3.237749e+000 1.507012e+000 0.000000e+000
      endloop
   endfacet
   facet normal 0.000000e+000 0.000000e+000 -1.000000e+000
      outer loop
         vertex -3.237749e+000 1.507012e+000 0.000000e+000
         vertex -3.234190e+000 1.491443e+000 0.000000e+000
         vertex -6.141084e+000 1.801967e+000 0.000000e+000
      endloop
   endfacet
   facet normal 0.000000e+000 0.000000e+000 -1.000000e+000
      outer loop
         vertex -6.141084e+000 1.801967e+000 0.000000e+000
         vertex -3.234190e+000 1.491443e+000 0.000000e+000
         vertex -3.230880e+000 1.475819e+000 0.000000e+000
      endloop
   endfacet
   facet normal 0.000000e+000 0.000000e+000 -1.000000e+000
      outer loop
         vertex -6.141084e+000 1.801967e+000 0.000000e+000
         vertex -3.230880e+000 1.475819e+000 0.000000e+000
         vertex -3.227821e+000 1.460145e+000 0.000000e+000
      endloop
   endfacet
   facet normal -1.430700e-016 1.000000e+000 0.000000e+000
      outer loop
         vertex -1.150000e+001 -2.350000e+001 0.000000e+000
         vertex -5.000000e+001 -2.350000e+001 0.000000e+000
         vertex -1.150000e+001 -2.350000e+001 2.800000e+001
      endloop
   endfacet
   facet normal -1.430700e-016 1.000000e+000 0.000000e+000
      outer loop
         vertex -1.150000e+001 -2.350000e+001 2.800000e+001
         vertex -5.000000e+001 -2.350000e+001 0.000000e+000
         vertex -5.000000e+001 -2.350000e+001 2.800000e+001
      endloop
   endfacet
   facet normal -1.000000e+000 0.000000e+000 0.000000e+000
      outer loop
         vertex -5.000000e+001 -2.650000e+001 2.800000e+001
         vertex -5.000000e+001 -2.350000e+001 2.800000e+001
         vertex -5.000000e+001 -2.650000e+001 0.000000e+000
      endloop
   endfacet
   facet normal -1.000000e+000 0.000000e+000 0.000000e+000
      outer loop
         vertex -5.000000e+001 -2.650000e+001 0.000000e+000
         vertex -5.000000e+001 -2.350000e+001 2.800000e+001
         vertex -5.000000e+001 -2.350000e+001 0.000000e+000
      endloop
   endfacet
   facet normal 1.347358e-016 -1.000000e+000 0.000000e+000
      outer loop
         vertex -8.500000e+000 -2.650000e+001 2.800000e+001
         vertex -5.000000e+001 -2.650000e+001 2.800000e+001
         vertex -8.500000e+000 -2.650000e+001 0.000000e+000
      endloop
   endfacet
   facet normal 1.347358e-016 -1.000000e+000 0.000000e+000
      outer loop
         vertex -8.500000e+000 -2.650000e+001 0.000000e+000
         vertex -5.000000e+001 -2.650000e+001 2.800000e+001
         vertex -5.000000e+001 -2.650000e+001 0.000000e+000
      endloop
   endfacet
   facet normal 1.000000e+000 1.069324e-016 0.000000e+000
      outer loop
         vertex 1.500000e+000 -1.650000e+001 0.000000e+000
         vertex 1.500000e+000 -6.221736e+000 0.000000e+000
         vertex 1.500000e+000 -1.650000e+001 2.800000e+001
      endloop
   endfacet
   facet normal 1.000000e+000 1.069324e-016 0.000000e+000
      outer loop
         vertex 1.500000e+000 -1.650000e+001 2.800000e+001
         vertex 1.500000e+000 -6.221736e+000 0.000000e+000
         vertex 1.500000e+000 -6.221736e+000 2.800000e+001
      endloop
   endfacet
   facet normal -8.686597e-001 4.954093e-001 0.000000e+000
      outer loop
         vertex -5.542563e+000 3.200000e+000 2.800000e+001
         vertex -5.542563e+000 3.200000e+000 0.000000e+000
         vertex -5.592674e+000 3.111591e+000 0.000000e+000
      endloop
   endfacet
   facet normal -8.712697e-001 4.908045e-001 0.000000e+000
      outer loop
         vertex -5.542563e+000 3.200000e+000 2.800000e+001
         vertex -5.592674e+000 3.111591e+000 0.000000e+000
         vertex -5.592674e+000 3.111591e+000 2.800000e+001
      endloop
   endfacet
   facet normal -8.764164e-001 4.815541e-001 0.000000e+000
      outer loop
         vertex -5.592674e+000 3.111591e+000 2.800000e+001
         vertex -5.592674e+000 3.111591e+000 0.000000e+000
         vertex -5.641375e+000 3.022398e+000 0.000000e+000
      endloop
   endfacet
   facet normal -8.789530e-001 4.769084e-001 0.000000e+000
      outer loop
         vertex -5.592674e+000 3.111591e+000 2.800000e+001
         vertex -5.641375e+000 3.022398e+000 0.000000e+000
         vertex -5.641375e+000 3.022398e+000 2.800000e+001
      endloop
   endfacet
   facet normal -8.839521e-001 4.675775e-001 0.000000e+000
      outer loop
         vertex -5.641375e+000 3.022398e+000 2.800000e+001
         vertex -5.641375e+000 3.022398e+000 0.000000e+000
         vertex -5.688654e+000 2.932442e+000 0.000000e+000
      endloop
   endfacet
   facet normal -8.864146e-001 4.628922e-001 0.000000e+000
      outer loop
         vertex -5.641375e+000 3.022398e+000 2.800000e+001
         vertex -5.688654e+000 2.932442e+000 0.000000e+000
         vertex -5.688654e+000 2.932442e+000 2.800000e+001
      endloop
   endfacet
   facet normal -8.912649e-001 4.534831e-001 0.000000e+000
      outer loop
         vertex -5.688654e+000 2.932442e+000 2.800000e+001
         vertex -5.688654e+000 2.932442e+000 0.000000e+000
         vertex -5.734499e+000 2.841747e+000 0.000000e+000
      endloop
   endfacet
   facet normal -8.936527e-001 4.487593e-001 0.000000e+000
      outer loop
         vertex -5.688654e+000 2.932442e+000 2.800000e+001
         vertex -5.734499e+000 2.841747e+000 0.000000e+000
         vertex -5.734499e+000 2.841747e+000 2.800000e+001
      endloop
   endfacet
   facet normal -8.983530e-001 4.392743e-001 0.000000e+000
      outer loop
         vertex -5.734499e+000 2.841747e+000 2.800000e+001
         vertex -5.734499e+000 2.841747e+000 0.000000e+000
         vertex -5.778897e+000 2.750336e+000 0.000000e+000
      endloop
   endfacet
   facet normal -9.006655e-001 4.345131e-001 0.000000e+000
      outer loop
         vertex -5.734499e+000 2.841747e+000 2.800000e+001
         vertex -5.778897e+000 2.750336e+000 0.000000e+000
         vertex -5.778897e+000 2.750336e+000 2.800000e+001
      endloop
   endfacet
   facet normal -9.052145e-001 4.249547e-001 0.000000e+000
      outer loop
         vertex -5.778897e+000 2.750336e+000 2.800000e+001
         vertex -5.778897e+000 2.750336e+000 0.000000e+000
         vertex -5.821839e+000 2.658231e+000 0.000000e+000
      endloop
   endfacet
   facet normal -9.074512e-001 4.201576e-001 0.000000e+000
      outer loop
         vertex -5.778897e+000 2.750336e+000 2.800000e+001
         vertex -5.821839e+000 2.658231e+000 0.000000e+000
         vertex -5.821839e+000 2.658231e+000 2.800000e+001
      endloop
   endfacet
   facet normal -9.118479e-001 4.105281e-001 0.000000e+000
      outer loop
         vertex -5.821839e+000 2.658231e+000 2.800000e+001
         vertex -5.821839e+000 2.658231e+000 0.000000e+000
         vertex -5.863313e+000 2.565456e+000 0.000000e+000
      endloop
   endfacet
   facet normal -9.140081e-001 4.056959e-001 0.000000e+000
      outer loop
         vertex -5.821839e+000 2.658231e+000 2.800000e+001
         vertex -5.863313e+000 2.565456e+000 0.000000e+000
         vertex -5.863313e+000 2.565456e+000 2.800000e+001
      endloop
   endfacet
   facet normal -9.182515e-001 3.959979e-001 0.000000e+000
      outer loop
         vertex -5.863313e+000 2.565456e+000 2.800000e+001
         vertex -5.863313e+000 2.565456e+000 0.000000e+000
         vertex -5.903308e+000 2.472034e+000 0.000000e+000
      endloop
   endfacet
   facet normal -9.203346e-001 3.911320e-001 0.000000e+000
      outer loop
         vertex -5.863313e+000 2.565456e+000 2.800000e+001
         vertex -5.903308e+000 2.472034e+000 0.000000e+000
         vertex -5.903308e+000 2.472034e+000 2.800000e+001
      endloop
   endfacet
   facet normal -9.244233e-001 3.813678e-001 0.000000e+000
      outer loop
         vertex -5.903308e+000 2.472034e+000 2.800000e+001
         vertex -5.903308e+000 2.472034e+000 0.000000e+000
         vertex -5.941815e+000 2.377989e+000 0.000000e+000
      endloop
   endfacet
   facet normal -9.264290e-001 3.764695e-001 0.000000e+000
      outer loop
         vertex -5.903308e+000 2.472034e+000 2.800000e+001
         vertex -5.941815e+000 2.377989e+000 0.000000e+000
         vertex -5.941815e+000 2.377989e+000 2.800000e+001
      endloop
   endfacet
   facet normal -9.303622e-001 3.666416e-001 0.000000e+000
      outer loop
         vertex -5.941815e+000 2.377989e+000 2.800000e+001
         vertex -5.941815e+000 2.377989e+000 0.000000e+000
         vertex -5.978824e+000 2.283344e+000 0.000000e+000
      endloop
   endfacet
   facet normal -9.322898e-001 3.617121e-001 0.000000e+000
      outer loop
         vertex -5.941815e+000 2.377989e+000 2.800000e+001
         vertex -5.978824e+000 2.283344e+000 0.000000e+000
         vertex -5.978824e+000 2.283344e+000 2.800000e+001
      endloop
   endfacet
   facet normal -9.360666e-001 3.518230e-001 0.000000e+000
      outer loop
         vertex -5.978824e+000 2.283344e+000 2.800000e+001
         vertex -5.978824e+000 2.283344e+000 0.000000e+000
         vertex -6.014326e+000 2.188124e+000 0.000000e+000
      endloop
   endfacet
   facet normal -9.379156e-001 3.468634e-001 0.000000e+000
      outer loop
         vertex -5.978824e+000 2.283344e+000 2.800000e+001
         vertex -6.014326e+000 2.188124e+000 0.000000e+000
         vertex -6.014326e+000 2.188124e+000 2.800000e+001
      endloop
   endfacet
   facet normal -9.415349e-001 3.369157e-001 0.000000e+000
      outer loop
         vertex -6.014326e+000 2.188124e+000 2.800000e+001
         vertex -6.014326e+000 2.188124e+000 0.000000e+000
         vertex -6.048311e+000 2.092352e+000 0.000000e+000
      endloop
   endfacet
   facet normal -9.433049e-001 3.319274e-001 0.000000e+000
      outer loop
         vertex -6.014326e+000 2.188124e+000 2.800000e+001
         vertex -6.048311e+000 2.092352e+000 0.000000e+000
         vertex -6.048311e+000 2.092352e+000 2.800000e+001
      endloop
   endfacet
   facet normal -9.467657e-001 3.219234e-001 0.000000e+000
      outer loop
         vertex -6.048311e+000 2.092352e+000 2.800000e+001
         vertex -6.048311e+000 2.092352e+000 0.000000e+000
         vertex -6.080771e+000 1.996052e+000 0.000000e+000
      endloop
   endfacet
   facet normal -9.484564e-001 3.169076e-001 0.000000e+000
      outer loop
         vertex -6.048311e+000 2.092352e+000 2.800000e+001
         vertex -6.080771e+000 1.996052e+000 0.000000e+000
         vertex -6.080771e+000 1.996052e+000 2.800000e+001
      endloop
   endfacet
   facet normal -9.517579e-001 3.068500e-001 0.000000e+000
      outer loop
         vertex -6.080771e+000 1.996052e+000 2.800000e+001
         vertex -6.080771e+000 1.996052e+000 0.000000e+000
         vertex -6.111698e+000 1.899249e+000 0.000000e+000
      endloop
   endfacet
   facet normal -9.533688e-001 3.018080e-001 0.000000e+000
      outer loop
         vertex -6.080771e+000 1.996052e+000 2.800000e+001
         vertex -6.111698e+000 1.899249e+000 0.000000e+000
         vertex -6.111698e+000 1.899249e+000 2.800000e+001
      endloop
   endfacet
   facet normal -9.565102e-001 2.916991e-001 0.000000e+000
      outer loop
         vertex -6.111698e+000 1.899249e+000 2.800000e+001
         vertex -6.111698e+000 1.899249e+000 0.000000e+000
         vertex -6.141084e+000 1.801967e+000 0.000000e+000
      endloop
   endfacet
   facet normal -9.580407e-001 2.866322e-001 0.000000e+000
      outer loop
         vertex -6.111698e+000 1.899249e+000 2.800000e+001
         vertex -6.141084e+000 1.801967e+000 0.000000e+000
         vertex -6.141084e+000 1.801967e+000 2.800000e+001
      endloop
   endfacet
   facet normal -9.610212e-001 2.764747e-001 0.000000e+000
      outer loop
         vertex -6.141084e+000 1.801967e+000 2.800000e+001
         vertex -6.141084e+000 1.801967e+000 0.000000e+000
         vertex -6.168922e+000 1.704231e+000 0.000000e+000
      endloop
   endfacet
   facet normal -9.624711e-001 2.713842e-001 0.000000e+000
      outer loop
         vertex -6.141084e+000 1.801967e+000 2.800000e+001
         vertex -6.168922e+000 1.704231e+000 0.000000e+000
         vertex -6.168922e+000 1.704231e+000 2.800000e+001
      endloop
   endfacet
   facet normal -9.652900e-001 2.611807e-001 0.000000e+000
      outer loop
         vertex -6.168922e+000 1.704231e+000 2.800000e+001
         vertex -6.168922e+000 1.704231e+000 0.000000e+000
         vertex -6.195204e+000 1.606065e+000 0.000000e+000
      endloop
   endfacet
   facet normal -9.666588e-001 2.560677e-001 0.000000e+000
      outer loop
         vertex -6.168922e+000 1.704231e+000 2.800000e+001
         vertex -6.195204e+000 1.606065e+000 0.000000e+000
         vertex -6.195204e+000 1.606065e+000 2.800000e+001
      endloop
   endfacet
   facet normal -9.693154e-001 2.458207e-001 0.000000e+000
      outer loop
         vertex -6.195204e+000 1.606065e+000 2.800000e+001
         vertex -6.195204e+000 1.606065e+000 0.000000e+000
         vertex -6.219924e+000 1.507495e+000 0.000000e+000
      endloop
   endfacet
   facet normal -9.706029e-001 2.406867e-001 0.000000e+000
      outer loop
         vertex -6.195204e+000 1.606065e+000 2.800000e+001
         vertex -6.219924e+000 1.507495e+000 0.000000e+000
         vertex -6.219924e+000 1.507495e+000 2.800000e+001
      endloop
   endfacet
   facet normal -9.730963e-001 2.303988e-001 0.000000e+000
      outer loop
         vertex -6.219924e+000 1.507495e+000 2.800000e+001
         vertex -6.219924e+000 1.507495e+000 0.000000e+000
         vertex -6.243077e+000 1.408544e+000 0.000000e+000
      endloop
   endfacet
   facet normal -9.743022e-001 2.252450e-001 0.000000e+000
      outer loop
         vertex -6.219924e+000 1.507495e+000 2.800000e+001
         vertex -6.243077e+000 1.408544e+000 0.000000e+000
         vertex -6.243077e+000 1.408544e+000 2.800000e+001
      endloop
   endfacet
   facet normal -9.766319e-001 2.149188e-001 0.000000e+000
      outer loop
         vertex -6.243077e+000 1.408544e+000 2.800000e+001
         vertex -6.243077e+000 1.408544e+000 0.000000e+000
         vertex -6.264655e+000 1.309238e+000 0.000000e+000
      endloop
   endfacet
   facet normal -9.777558e-001 2.097465e-001 0.000000e+000
      outer loop
         vertex -6.243077e+000 1.408544e+000 2.800000e+001
         vertex -6.264655e+000 1.309238e+000 0.000000e+000
         vertex -6.264655e+000 1.309238e+000 2.800000e+001
      endloop
   endfacet
   facet normal -9.799213e-001 1.993846e-001 0.000000e+000
      outer loop
         vertex -6.264655e+000 1.309238e+000 2.800000e+001
         vertex -6.264655e+000 1.309238e+000 0.000000e+000
         vertex -6.284653e+000 1.209602e+000 0.000000e+000
      endloop
   endfacet
   facet normal -9.809629e-001 1.941951e-001 0.000000e+000
      outer loop
         vertex -6.264655e+000 1.309238e+000 2.800000e+001
         vertex -6.284653e+000 1.209602e+000 0.000000e+000
         vertex -6.284653e+000 1.209602e+000 2.800000e+001
      endloop
   endfacet
   facet normal -9.829636e-001 1.838002e-001 0.000000e+000
      outer loop
         vertex -6.284653e+000 1.209602e+000 2.800000e+001
         vertex -6.284653e+000 1.209602e+000 0.000000e+000
         vertex -6.303067e+000 1.109661e+000 0.000000e+000
      endloop
   endfacet
   facet normal -9.839227e-001 1.785948e-001 0.000000e+000
      outer loop
         vertex -6.284653e+000 1.209602e+000 2.800000e+001
         vertex -6.303067e+000 1.109661e+000 0.000000e+000
         vertex -6.303067e+000 1.109661e+000 2.800000e+001
      endloop
   endfacet
   facet normal -9.857581e-001 1.681694e-001 0.000000e+000
      outer loop
         vertex -6.303067e+000 1.109661e+000 2.800000e+001
         vertex -6.303067e+000 1.109661e+000 0.000000e+000
         vertex -6.319891e+000 1.009440e+000 0.000000e+000
      endloop
   endfacet
   facet normal -9.866345e-001 1.629494e-001 0.000000e+000
      outer loop
         vertex -6.303067e+000 1.109661e+000 2.800000e+001
         vertex -6.319891e+000 1.009440e+000 0.000000e+000
         vertex -6.319891e+000 1.009440e+000 2.800000e+001
      endloop
   endfacet
   facet normal -9.883041e-001 1.524962e-001 0.000000e+000
      outer loop
         vertex -6.319891e+000 1.009440e+000 2.800000e+001
         vertex -6.319891e+000 1.009440e+000 0.000000e+000
         vertex -6.335123e+000 9.089647e-001 0.000000e+000
      endloop
   endfacet
   facet normal -9.890974e-001 1.472630e-001 0.000000e+000
      outer loop
         vertex -6.319891e+000 1.009440e+000 2.800000e+001
         vertex -6.335123e+000 9.089647e-001 0.000000e+000
         vertex -6.335123e+000 9.089647e-001 2.800000e+001
      endloop
   endfacet
   facet normal -9.906009e-001 1.367846e-001 0.000000e+000
      outer loop
         vertex -6.335123e+000 9.089647e-001 2.800000e+001
         vertex -6.335123e+000 9.089647e-001 0.000000e+000
         vertex -6.348757e+000 8.082602e-001 0.000000e+000
      endloop
   endfacet
   facet normal -9.913110e-001 1.315394e-001 0.000000e+000
      outer loop
         vertex -6.335123e+000 9.089647e-001 2.800000e+001
         vertex -6.348757e+000 8.082602e-001 0.000000e+000
         vertex -6.348757e+000 8.082602e-001 2.800000e+001
      endloop
   endfacet
   facet normal -9.926479e-001 1.210384e-001 0.000000e+000
      outer loop
         vertex -6.348757e+000 8.082602e-001 2.800000e+001
         vertex -6.348757e+000 8.082602e-001 0.000000e+000
         vertex -6.360790e+000 7.073519e-001 0.000000e+000
      endloop
   endfacet
   facet normal -9.932746e-001 1.157826e-001 0.000000e+000
      outer loop
         vertex -6.348757e+000 8.082602e-001 2.800000e+001
         vertex -6.360790e+000 7.073519e-001 0.000000e+000
         vertex -6.360790e+000 7.073519e-001 2.800000e+001
      endloop
   endfacet
   facet normal -9.944445e-001 1.052618e-001 0.000000e+000
      outer loop
         vertex -6.360790e+000 7.073519e-001 2.800000e+001
         vertex -6.360790e+000 7.073519e-001 0.000000e+000
         vertex -6.371220e+000 6.062652e-001 0.000000e+000
      endloop
   endfacet
   facet normal -9.949878e-001 9.999668e-002 0.000000e+000
      outer loop
         vertex -6.360790e+000 7.073519e-001 2.800000e+001
         vertex -6.371220e+000 6.062652e-001 0.000000e+000
         vertex -6.371220e+000 6.062652e-001 2.800000e+001
      endloop
   endfacet
   facet normal -9.959906e-001 8.945857e-002 0.000000e+000
      outer loop
         vertex -6.371220e+000 6.062652e-001 2.800000e+001
         vertex -6.371220e+000 6.062652e-001 0.000000e+000
         vertex -6.380043e+000 5.050258e-001 0.000000e+000
      endloop
   endfacet
   facet normal -9.964501e-001 8.418552e-002 0.000000e+000
      outer loop
         vertex -6.371220e+000 6.062652e-001 2.800000e+001
         vertex -6.380043e+000 5.050258e-001 0.000000e+000
         vertex -6.380043e+000 5.050258e-001 2.800000e+001
      endloop
   endfacet
   facet normal -9.972855e-001 7.363282e-002 0.000000e+000
      outer loop
         vertex -6.380043e+000 5.050258e-001 2.800000e+001
         vertex -6.380043e+000 5.050258e-001 0.000000e+000
         vertex -6.387258e+000 4.036590e-001 0.000000e+000
      endloop
   endfacet
   facet normal -9.976612e-001 6.835315e-002 0.000000e+000
      outer loop
         vertex -6.380043e+000 5.050258e-001 2.800000e+001
         vertex -6.387258e+000 4.036590e-001 0.000000e+000
         vertex -6.387258e+000 4.036590e-001 2.800000e+001
      endloop
   endfacet
   facet normal -9.983289e-001 5.778851e-002 0.000000e+000
      outer loop
         vertex -6.387258e+000 4.036590e-001 2.800000e+001
         vertex -6.387258e+000 4.036590e-001 0.000000e+000
         vertex -6.392862e+000 3.021903e-001 0.000000e+000
      endloop
   endfacet
   facet normal -9.986207e-001 5.250354e-002 0.000000e+000
      outer loop
         vertex -6.387258e+000 4.036590e-001 2.800000e+001
         vertex -6.392862e+000 3.021903e-001 0.000000e+000
         vertex -6.392862e+000 3.021903e-001 2.800000e+001
      endloop
   endfacet
   facet normal -9.991206e-001 4.192962e-002 0.000000e+000
      outer loop
         vertex -6.392862e+000 3.021903e-001 2.800000e+001
         vertex -6.392862e+000 3.021903e-001 0.000000e+000
         vertex -6.396854e+000 2.006456e-001 0.000000e+000
      endloop
   endfacet
   facet normal -9.993286e-001 3.664069e-002 0.000000e+000
      outer loop
         vertex -6.392862e+000 3.021903e-001 2.800000e+001
         vertex -6.396854e+000 2.006456e-001 0.000000e+000
         vertex -6.396854e+000 2.006456e-001 2.800000e+001
      endloop
   endfacet
   facet normal -9.996604e-001 2.606017e-002 0.000000e+000
      outer loop
         vertex -6.396854e+000 2.006456e-001 2.800000e+001
         vertex -6.396854e+000 2.006456e-001 0.000000e+000
         vertex -6.399233e+000 9.905016e-002 0.000000e+000
      endloop
   endfacet
   facet normal -9.997844e-001 2.076860e-002 0.000000e+000
      outer loop
         vertex -6.396854e+000 2.006456e-001 2.800000e+001
         vertex -6.399233e+000 9.905016e-002 0.000000e+000
         vertex -6.399233e+000 9.905016e-002 2.800000e+001
      endloop
   endfacet
   facet normal -9.999481e-001 1.018415e-002 0.000000e+000
      outer loop
         vertex -6.399233e+000 9.905016e-002 2.800000e+001
         vertex -6.399233e+000 9.905016e-002 0.000000e+000
         vertex -6.399999e+000 -2.570200e-003 0.000000e+000
      endloop
   endfacet
   facet normal -9.999881e-001 4.891271e-003 0.000000e+000
      outer loop
         vertex -6.399233e+000 9.905016e-002 2.800000e+001
         vertex -6.399999e+000 -2.570200e-003 0.000000e+000
         vertex -6.399999e+000 -2.570200e-003 2.800000e+001
      endloop
   endfacet
   facet normal -9.999838e-001 -5.694446e-003 0.000000e+000
      outer loop
         vertex -6.399999e+000 -2.570200e-003 2.800000e+001
         vertex -6.399999e+000 -2.570200e-003 0.000000e+000
         vertex -6.399152e+000 -1.041899e-001 0.000000e+000
      endloop
   endfacet
   facet normal -9.999397e-001 -1.098729e-002 0.000000e+000
      outer loop
         vertex -6.399999e+000 -2.570200e-003 2.800000e+001
         vertex -6.399152e+000 -1.041899e-001 0.000000e+000
         vertex -6.399152e+000 -1.041899e-001 2.800000e+001
      endloop
   endfacet
   facet normal -9.997673e-001 -2.157160e-002 0.000000e+000
      outer loop
         vertex -6.399152e+000 -1.041899e-001 2.800000e+001
         vertex -6.399152e+000 -1.041899e-001 0.000000e+000
         vertex -6.396691e+000 -2.057834e-001 0.000000e+000
      endloop
   endfacet
   facet normal -9.996392e-001 -2.686308e-002 0.000000e+000
      outer loop
         vertex -6.399152e+000 -1.041899e-001 2.800000e+001
         vertex -6.396691e+000 -2.057834e-001 0.000000e+000
         vertex -6.396691e+000 -2.057834e-001 2.800000e+001
      endloop
   endfacet
   facet normal -9.992988e-001 -3.744332e-002 0.000000e+000
      outer loop
         vertex -6.396691e+000 -2.057834e-001 2.800000e+001
         vertex -6.396691e+000 -2.057834e-001 0.000000e+000
         vertex -6.392617e+000 -3.073249e-001 0.000000e+000
      endloop
   endfacet
   facet normal -9.990866e-001 -4.273209e-002 0.000000e+000
      outer loop
         vertex -6.396691e+000 -2.057834e-001 2.800000e+001
         vertex -6.392617e+000 -3.073249e-001 0.000000e+000
         vertex -6.392617e+000 -3.073249e-001 2.800000e+001
      endloop
   endfacet
   facet normal -9.985783e-001 -5.330560e-002 0.000000e+000
      outer loop
         vertex -6.392617e+000 -3.073249e-001 2.800000e+001
         vertex -6.392617e+000 -3.073249e-001 0.000000e+000
         vertex -6.386931e+000 -4.087890e-001 0.000000e+000
      endloop
   endfacet
   facet normal -9.982821e-001 -5.859033e-002 0.000000e+000
      outer loop
         vertex -6.392617e+000 -3.073249e-001 2.800000e+001
         vertex -6.386931e+000 -4.087890e-001 0.000000e+000
         vertex -6.386931e+000 -4.087890e-001 2.800000e+001
      endloop
   endfacet
   facet normal -9.976060e-001 -6.915444e-002 0.000000e+000
      outer loop
         vertex -6.386931e+000 -4.087890e-001 2.800000e+001
         vertex -6.386931e+000 -4.087890e-001 0.000000e+000
         vertex -6.379635e+000 -5.101500e-001 0.000000e+000
      endloop
   endfacet
   facet normal -9.972260e-001 -7.443380e-002 0.000000e+000
      outer loop
         vertex -6.386931e+000 -4.087890e-001 2.800000e+001
         vertex -6.379635e+000 -5.101500e-001 0.000000e+000
         vertex -6.379635e+000 -5.101500e-001 2.800000e+001
      endloop
   endfacet
   facet normal -9.963822e-001 -8.498584e-002 0.000000e+000
      outer loop
         vertex -6.379635e+000 -5.101500e-001 2.800000e+001
         vertex -6.379635e+000 -5.101500e-001 0.000000e+000
         vertex -6.370731e+000 -6.113824e-001 0.000000e+000
      endloop
   endfacet
   facet normal -9.959184e-001 -9.025851e-002 0.000000e+000
      outer loop
         vertex -6.379635e+000 -5.101500e-001 2.800000e+001
         vertex -6.370731e+000 -6.113824e-001 0.000000e+000
         vertex -6.370731e+000 -6.113824e-001 2.800000e+001
      endloop
   endfacet
   facet normal -9.949071e-001 -1.007958e-001 0.000000e+000
      outer loop
         vertex -6.370731e+000 -6.113824e-001 2.800000e+001
         vertex -6.370731e+000 -6.113824e-001 0.000000e+000
         vertex -6.360220e+000 -7.124606e-001 0.000000e+000
      endloop
   endfacet
   facet normal -9.943597e-001 -1.060605e-001 0.000000e+000
      outer loop
         vertex -6.370731e+000 -6.113824e-001 2.800000e+001
         vertex -6.360220e+000 -7.124606e-001 0.000000e+000
         vertex -6.360220e+000 -7.124606e-001 2.800000e+001
      endloop
   endfacet
   facet normal -9.931813e-001 -1.165804e-001 0.000000e+000
      outer loop
         vertex -6.360220e+000 -7.124606e-001 2.800000e+001
         vertex -6.360220e+000 -7.124606e-001 0.000000e+000
         vertex -6.348105e+000 -8.133591e-001 0.000000e+000
      endloop
   endfacet
   facet normal -9.925503e-001 -1.218356e-001 0.000000e+000
      outer loop
         vertex -6.360220e+000 -7.124606e-001 2.800000e+001
         vertex -6.348105e+000 -8.133591e-001 0.000000e+000
         vertex -6.348105e+000 -8.133591e-001 2.800000e+001
      endloop
   endfacet
   facet normal -9.912050e-001 -1.323355e-001 0.000000e+000
      outer loop
         vertex -6.348105e+000 -8.133591e-001 2.800000e+001
         vertex -6.348105e+000 -8.133591e-001 0.000000e+000
         vertex -6.334391e+000 -9.140527e-001 0.000000e+000
      endloop
   endfacet
   facet normal -9.904907e-001 -1.375801e-001 0.000000e+000
      outer loop
         vertex -6.348105e+000 -8.133591e-001 2.800000e+001
         vertex -6.334391e+000 -9.140527e-001 0.000000e+000
         vertex -6.334391e+000 -9.140527e-001 2.800000e+001
      endloop
   endfacet
   facet normal -9.889788e-001 -1.480573e-001 0.000000e+000
      outer loop
         vertex -6.334391e+000 -9.140527e-001 2.800000e+001
         vertex -6.334391e+000 -9.140527e-001 0.000000e+000
         vertex -6.319079e+000 -1.014516e+000 0.000000e+000
      endloop
   endfacet
   facet normal -9.881812e-001 -1.532899e-001 0.000000e+000
      outer loop
         vertex -6.334391e+000 -9.140527e-001 2.800000e+001
         vertex -6.319079e+000 -1.014516e+000 0.000000e+000
         vertex -6.319079e+000 -1.014516e+000 2.800000e+001
      endloop
   endfacet
   facet normal -9.865032e-001 -1.637418e-001 0.000000e+000
      outer loop
         vertex -6.319079e+000 -1.014516e+000 2.800000e+001
         vertex -6.319079e+000 -1.014516e+000 0.000000e+000
         vertex -6.302174e+000 -1.114723e+000 0.000000e+000
      endloop
   endfacet
   facet normal -9.856227e-001 -1.689611e-001 0.000000e+000
      outer loop
         vertex -6.319079e+000 -1.014516e+000 2.800000e+001
         vertex -6.302174e+000 -1.114723e+000 0.000000e+000
         vertex -6.302174e+000 -1.114723e+000 2.800000e+001
      endloop
   endfacet
   facet normal -9.837790e-001 -1.793850e-001 0.000000e+000
      outer loop
         vertex -6.302174e+000 -1.114723e+000 2.800000e+001
         vertex -6.302174e+000 -1.114723e+000 0.000000e+000
         vertex -6.283679e+000 -1.214649e+000 0.000000e+000
      endloop
   endfacet
   facet normal -9.828157e-001 -1.845896e-001 0.000000e+000
      outer loop
         vertex -6.302174e+000 -1.114723e+000 2.800000e+001
         vertex -6.283679e+000 -1.214649e+000 0.000000e+000
         vertex -6.283679e+000 -1.214649e+000 2.800000e+001
      endloop
   endfacet
   facet normal -9.808066e-001 -1.949829e-001 0.000000e+000
      outer loop
         vertex -6.283679e+000 -1.214649e+000 2.800000e+001
         vertex -6.283679e+000 -1.214649e+000 0.000000e+000
         vertex -6.263601e+000 -1.314269e+000 0.000000e+000
      endloop
   endfacet
   facet normal -9.797609e-001 -2.001716e-001 0.000000e+000
      outer loop
         vertex -6.283679e+000 -1.214649e+000 2.800000e+001
         vertex -6.263601e+000 -1.314269e+000 0.000000e+000
         vertex -6.263601e+000 -1.314269e+000 2.800000e+001
      endloop
   endfacet
   facet normal -9.775870e-001 -2.105318e-001 0.000000e+000
      outer loop
         vertex -6.263601e+000 -1.314269e+000 2.800000e+001
         vertex -6.263601e+000 -1.314269e+000 0.000000e+000
         vertex -6.241943e+000 -1.413558e+000 0.000000e+000
      endloop
   endfacet
   facet normal -9.764590e-001 -2.157032e-001 0.000000e+000
      outer loop
         vertex -6.263601e+000 -1.314269e+000 2.800000e+001
         vertex -6.241943e+000 -1.413558e+000 0.000000e+000
         vertex -6.241943e+000 -1.413558e+000 2.800000e+001
      endloop
   endfacet
   facet normal -9.741210e-001 -2.260275e-001 0.000000e+000
      outer loop
         vertex -6.241943e+000 -1.413558e+000 2.800000e+001
         vertex -6.241943e+000 -1.413558e+000 0.000000e+000
         vertex -6.218711e+000 -1.512490e+000 0.000000e+000
      endloop
   endfacet
   facet normal -9.729109e-001 -2.311804e-001 0.000000e+000
      outer loop
         vertex -6.241943e+000 -1.413558e+000 2.800000e+001
         vertex -6.218711e+000 -1.512490e+000 0.000000e+000
         vertex -6.218711e+000 -1.512490e+000 2.800000e+001
      endloop
   endfacet
   facet normal -9.704093e-001 -2.414662e-001 0.000000e+000
      outer loop
         vertex -6.218711e+000 -1.512490e+000 2.800000e+001
         vertex -6.218711e+000 -1.512490e+000 0.000000e+000
         vertex -6.193912e+000 -1.611041e+000 0.000000e+000
      endloop
   endfacet
   facet normal -9.691175e-001 -2.465992e-001 0.000000e+000
      outer loop
         vertex -6.218711e+000 -1.512490e+000 2.800000e+001
         vertex -6.193912e+000 -1.611041e+000 0.000000e+000
         vertex -6.193912e+000 -1.611041e+000 2.800000e+001
      endloop
   endfacet
   facet normal -9.664528e-001 -2.568440e-001 0.000000e+000
      outer loop
         vertex -6.193912e+000 -1.611041e+000 2.800000e+001
         vertex -6.193912e+000 -1.611041e+000 0.000000e+000
         vertex -6.167551e+000 -1.709186e+000 0.000000e+000
      endloop
   endfacet
   facet normal -9.650799e-001 -2.619559e-001 0.000000e+000
      outer loop
         vertex -6.193912e+000 -1.611041e+000 2.800000e+001
         vertex -6.167551e+000 -1.709186e+000 0.000000e+000
         vertex -6.167551e+000 -1.709186e+000 2.800000e+001
      endloop
   endfacet
   facet normal -9.622529e-001 -2.721571e-001 0.000000e+000
      outer loop
         vertex -6.167551e+000 -1.709186e+000 2.800000e+001
         vertex -6.167551e+000 -1.709186e+000 0.000000e+000
         vertex -6.139635e+000 -1.806899e+000 0.000000e+000
      endloop
   endfacet
   facet normal -9.607989e-001 -2.772465e-001 0.000000e+000
      outer loop
         vertex -6.167551e+000 -1.709186e+000 2.800000e+001
         vertex -6.139635e+000 -1.806899e+000 0.000000e+000
         vertex -6.139635e+000 -1.806899e+000 2.800000e+001
      endloop
   endfacet
   facet normal -9.578102e-001 -2.874016e-001 0.000000e+000
      outer loop
         vertex -6.139635e+000 -1.806899e+000 2.800000e+001
         vertex -6.139635e+000 -1.806899e+000 0.000000e+000
         vertex -6.110170e+000 -1.904157e+000 0.000000e+000
      endloop
   endfacet
   facet normal -9.562755e-001 -2.924672e-001 0.000000e+000
      outer loop
         vertex -6.139635e+000 -1.806899e+000 2.800000e+001
         vertex -6.110170e+000 -1.904157e+000 0.000000e+000
         vertex -6.110170e+000 -1.904157e+000 2.800000e+001
      endloop
   endfacet
   facet normal -9.531261e-001 -3.025736e-001 0.000000e+000
      outer loop
         vertex -6.110170e+000 -1.904157e+000 2.800000e+001
         vertex -6.110170e+000 -1.904157e+000 0.000000e+000
         vertex -6.079166e+000 -2.000935e+000 0.000000e+000
      endloop
   endfacet
   facet normal -9.515111e-001 -3.076142e-001 0.000000e+000
      outer loop
         vertex -6.110170e+000 -1.904157e+000 2.800000e+001
         vertex -6.079166e+000 -2.000935e+000 0.000000e+000
         vertex -6.079166e+000 -2.000935e+000 2.800000e+001
      endloop
   endfacet
   facet normal -9.482016e-001 -3.176693e-001 0.000000e+000
      outer loop
         vertex -6.079166e+000 -2.000935e+000 2.800000e+001
         vertex -6.079166e+000 -2.000935e+000 0.000000e+000
         vertex -6.046628e+000 -2.097209e+000 0.000000e+000
      endloop
   endfacet
   facet normal -9.465069e-001 -3.226837e-001 0.000000e+000
      outer loop
         vertex -6.079166e+000 -2.000935e+000 2.800000e+001
         vertex -6.046628e+000 -2.097209e+000 0.000000e+000
         vertex -6.046628e+000 -2.097209e+000 2.800000e+001
      endloop
   endfacet
   facet normal -9.430380e-001 -3.326849e-001 0.000000e+000
      outer loop
         vertex -6.046628e+000 -2.097209e+000 2.800000e+001
         vertex -6.046628e+000 -2.097209e+000 0.000000e+000
         vertex -6.012567e+000 -2.192954e+000 0.000000e+000
      endloop
   endfacet
   facet normal -9.412639e-001 -3.376718e-001 0.000000e+000
      outer loop
         vertex -6.046628e+000 -2.097209e+000 2.800000e+001
         vertex -6.012567e+000 -2.192954e+000 0.000000e+000
         vertex -6.012567e+000 -2.192954e+000 2.800000e+001
      endloop
   endfacet
   facet normal -9.376367e-001 -3.476167e-001 0.000000e+000
      outer loop
         vertex -6.012567e+000 -2.192954e+000 2.800000e+001
         vertex -6.012567e+000 -2.192954e+000 0.000000e+000
         vertex -5.976988e+000 -2.288146e+000 0.000000e+000
      endloop
   endfacet
   facet normal -9.357837e-001 -3.525747e-001 0.000000e+000
      outer loop
         vertex -6.012567e+000 -2.192954e+000 2.800000e+001
         vertex -5.976988e+000 -2.288146e+000 0.000000e+000
         vertex -5.976988e+000 -2.288146e+000 2.800000e+001
      endloop
   endfacet
   facet normal -9.319990e-001 -3.624608e-001 0.000000e+000
      outer loop
         vertex -5.976988e+000 -2.288146e+000 2.800000e+001
         vertex -5.976988e+000 -2.288146e+000 0.000000e+000
         vertex -5.939903e+000 -2.382761e+000 0.000000e+000
      endloop
   endfacet
   facet normal -9.300675e-001 -3.673888e-001 0.000000e+000
      outer loop
         vertex -5.976988e+000 -2.288146e+000 2.800000e+001
         vertex -5.939903e+000 -2.382761e+000 0.000000e+000
         vertex -5.939903e+000 -2.382761e+000 2.800000e+001
      endloop
   endfacet
   facet normal -9.261264e-001 -3.772135e-001 0.000000e+000
      outer loop
         vertex -5.939903e+000 -2.382761e+000 2.800000e+001
         vertex -5.939903e+000 -2.382761e+000 0.000000e+000
         vertex -5.901321e+000 -2.476775e+000 0.000000e+000
      endloop
   endfacet
   facet normal -9.241167e-001 -3.821102e-001 0.000000e+000
      outer loop
         vertex -5.939903e+000 -2.382761e+000 2.800000e+001
         vertex -5.901321e+000 -2.476775e+000 0.000000e+000
         vertex -5.901321e+000 -2.476775e+000 2.800000e+001
      endloop
   endfacet
   facet normal -9.200202e-001 -3.918711e-001 0.000000e+000
      outer loop
         vertex -5.901321e+000 -2.476775e+000 2.800000e+001
         vertex -5.901321e+000 -2.476775e+000 0.000000e+000
         vertex -5.861250e+000 -2.570164e+000 0.000000e+000
      endloop
   endfacet
   facet normal -9.179331e-001 -3.967352e-001 0.000000e+000
      outer loop
         vertex -5.901321e+000 -2.476775e+000 2.800000e+001
         vertex -5.861250e+000 -2.570164e+000 0.000000e+000
         vertex -5.861250e+000 -2.570164e+000 2.800000e+001
      endloop
   endfacet
   facet normal -9.136820e-001 -4.064299e-001 0.000000e+000
      outer loop
         vertex -5.861250e+000 -2.570164e+000 2.800000e+001
         vertex -5.861250e+000 -2.570164e+000 0.000000e+000
         vertex -5.819702e+000 -2.662906e+000 0.000000e+000
      endloop
   endfacet
   facet normal -9.115179e-001 -4.112603e-001 0.000000e+000
      outer loop
         vertex -5.861250e+000 -2.570164e+000 2.800000e+001
         vertex -5.819702e+000 -2.662906e+000 0.000000e+000
         vertex -5.819702e+000 -2.662906e+000 2.800000e+001
      endloop
   endfacet
   facet normal -9.071134e-001 -4.208862e-001 0.000000e+000
      outer loop
         vertex -5.819702e+000 -2.662906e+000 2.800000e+001
         vertex -5.819702e+000 -2.662906e+000 0.000000e+000
         vertex -5.776686e+000 -2.754977e+000 0.000000e+000
      endloop
   endfacet
   facet normal -9.048730e-001 -4.256817e-001 0.000000e+000
      outer loop
         vertex -5.819702e+000 -2.662906e+000 2.800000e+001
         vertex -5.776686e+000 -2.754977e+000 0.000000e+000
         vertex -5.776686e+000 -2.754977e+000 2.800000e+001
      endloop
   endfacet
   facet normal -9.003162e-001 -4.352364e-001 0.000000e+000
      outer loop
         vertex -5.776686e+000 -2.754977e+000 2.800000e+001
         vertex -5.776686e+000 -2.754977e+000 0.000000e+000
         vertex -5.732214e+000 -2.846352e+000 0.000000e+000
      endloop
   endfacet
   facet normal -8.979999e-001 -4.399957e-001 0.000000e+000
      outer loop
         vertex -5.776686e+000 -2.754977e+000 2.800000e+001
         vertex -5.732214e+000 -2.846352e+000 0.000000e+000
         vertex -5.732214e+000 -2.846352e+000 2.800000e+001
      endloop
   endfacet
   facet normal -8.932920e-001 -4.494769e-001 0.000000e+000
      outer loop
         vertex -5.732214e+000 -2.846352e+000 2.800000e+001
         vertex -5.732214e+000 -2.846352e+000 0.000000e+000
         vertex -5.686296e+000 -2.937010e+000 0.000000e+000
      endloop
   endfacet
   facet normal -8.909004e-001 -4.541988e-001 0.000000e+000
      outer loop
         vertex -5.732214e+000 -2.846352e+000 2.800000e+001
         vertex -5.686296e+000 -2.937010e+000 0.000000e+000
         vertex -5.686296e+000 -2.937010e+000 2.800000e+001
      endloop
   endfacet
   facet normal -8.860425e-001 -4.636041e-001 0.000000e+000
      outer loop
         vertex -5.686296e+000 -2.937010e+000 2.800000e+001
         vertex -5.686296e+000 -2.937010e+000 0.000000e+000
         vertex -5.638946e+000 -3.026927e+000 0.000000e+000
      endloop
   endfacet
   facet normal -8.835762e-001 -4.682874e-001 0.000000e+000
      outer loop
         vertex -5.686296e+000 -2.937010e+000 2.800000e+001
         vertex -5.638946e+000 -3.026927e+000 0.000000e+000
         vertex -5.638946e+000 -3.026927e+000 2.800000e+001
      endloop
   endfacet
   facet normal -8.785697e-001 -4.776143e-001 0.000000e+000
      outer loop
         vertex -5.638946e+000 -3.026927e+000 2.800000e+001
         vertex -5.638946e+000 -3.026927e+000 0.000000e+000
         vertex -5.590173e+000 -3.116082e+000 0.000000e+000
      endloop
   endfacet
   facet normal -8.760293e-001 -4.822579e-001 0.000000e+000
      outer loop
         vertex -5.638946e+000 -3.026927e+000 2.800000e+001
         vertex -5.590173e+000 -3.116082e+000 0.000000e+000
         vertex -5.590173e+000 -3.116082e+000 2.800000e+001
      endloop
   endfacet
   facet normal -8.708752e-001 -4.915041e-001 0.000000e+000
      outer loop
         vertex -5.590173e+000 -3.116082e+000 2.800000e+001
         vertex -5.590173e+000 -3.116082e+000 0.000000e+000
         vertex -5.539990e+000 -3.204451e+000 0.000000e+000
      endloop
   endfacet
   facet normal -8.682615e-001 -4.961068e-001 0.000000e+000
      outer loop
         vertex -5.590173e+000 -3.116082e+000 2.800000e+001
         vertex -5.539990e+000 -3.204451e+000 0.000000e+000
         vertex -5.539990e+000 -3.204451e+000 2.800000e+001
      endloop
   endfacet
   facet normal -8.629613e-001 -5.052700e-001 0.000000e+000
      outer loop
         vertex -5.539990e+000 -3.204451e+000 2.800000e+001
         vertex -5.539990e+000 -3.204451e+000 0.000000e+000
         vertex -5.488411e+000 -3.292011e+000 0.000000e+000
      endloop
   endfacet
   facet normal -8.602748e-001 -5.098306e-001 0.000000e+000
      outer loop
         vertex -5.539990e+000 -3.204451e+000 2.800000e+001
         vertex -5.488411e+000 -3.292011e+000 0.000000e+000
         vertex -5.488411e+000 -3.292011e+000 2.800000e+001
      endloop
   endfacet
   facet normal -8.548298e-001 -5.189086e-001 0.000000e+000
      outer loop
         vertex -5.488411e+000 -3.292011e+000 2.800000e+001
         vertex -5.488411e+000 -3.292011e+000 0.000000e+000
         vertex -5.435449e+000 -3.378742e+000 0.000000e+000
      endloop
   endfacet
   facet normal -8.520712e-001 -5.234259e-001 0.000000e+000
      outer loop
         vertex -5.488411e+000 -3.292011e+000 2.800000e+001
         vertex -5.435449e+000 -3.378742e+000 0.000000e+000
         vertex -5.435449e+000 -3.378742e+000 2.800000e+001
      endloop
   endfacet
   facet normal -8.464827e-001 -5.324162e-001 0.000000e+000
      outer loop
         vertex -5.435449e+000 -3.378742e+000 2.800000e+001
         vertex -5.435449e+000 -3.378742e+000 0.000000e+000
         vertex -5.381115e+000 -3.464621e+000 0.000000e+000
      endloop
   endfacet
   facet normal -8.436528e-001 -5.368892e-001 0.000000e+000
      outer loop
         vertex -5.435449e+000 -3.378742e+000 2.800000e+001
         vertex -5.381115e+000 -3.464621e+000 0.000000e+000
         vertex -5.381115e+000 -3.464621e+000 2.800000e+001
      endloop
   endfacet
   facet normal -8.379222e-001 -5.457897e-001 0.000000e+000
      outer loop
         vertex -5.381115e+000 -3.464621e+000 2.800000e+001
         vertex -5.381115e+000 -3.464621e+000 0.000000e+000
         vertex -5.325426e+000 -3.549626e+000 0.000000e+000
      endloop
   endfacet
   facet normal -8.350216e-001 -5.502172e-001 0.000000e+000
      outer loop
         vertex -5.381115e+000 -3.464621e+000 2.800000e+001
         vertex -5.325426e+000 -3.549626e+000 0.000000e+000
         vertex -5.325426e+000 -3.549626e+000 2.800000e+001
      endloop
   endfacet
   facet normal -8.291505e-001 -5.590255e-001 0.000000e+000
      outer loop
         vertex -5.325426e+000 -3.549626e+000 2.800000e+001
         vertex -5.325426e+000 -3.549626e+000 0.000000e+000
         vertex -5.268393e+000 -3.633737e+000 0.000000e+000
      endloop
   endfacet
   facet normal -8.261799e-001 -5.634063e-001 0.000000e+000
      outer loop
         vertex -5.325426e+000 -3.549626e+000 2.800000e+001
         vertex -5.268393e+000 -3.633737e+000 0.000000e+000
         vertex -5.268393e+000 -3.633737e+000 2.800000e+001
      endloop
   endfacet
   facet normal -8.201697e-001 -5.721204e-001 0.000000e+000
      outer loop
         vertex -5.268393e+000 -3.633737e+000 2.800000e+001
         vertex -5.268393e+000 -3.633737e+000 0.000000e+000
         vertex -5.210032e+000 -3.716931e+000 0.000000e+000
      endloop
   endfacet
   facet normal -8.171299e-001 -5.764536e-001 0.000000e+000
      outer loop
         vertex -5.268393e+000 -3.633737e+000 2.800000e+001
         vertex -5.210032e+000 -3.716931e+000 0.000000e+000
         vertex -5.210032e+000 -3.716931e+000 2.800000e+001
      endloop
   endfacet
   facet normal -8.109820e-001 -5.850710e-001 0.000000e+000
      outer loop
         vertex -5.210032e+000 -3.716931e+000 2.800000e+001
         vertex -5.210032e+000 -3.716931e+000 0.000000e+000
         vertex -5.150357e+000 -3.799188e+000 0.000000e+000
      endloop
   endfacet
   facet normal -8.078740e-001 -5.893553e-001 0.000000e+000
      outer loop
         vertex -5.210032e+000 -3.716931e+000 2.800000e+001
         vertex -5.150357e+000 -3.799188e+000 0.000000e+000
         vertex -5.150357e+000 -3.799188e+000 2.800000e+001
      endloop
   endfacet
   facet normal -8.015900e-001 -5.978742e-001 0.000000e+000
      outer loop
         vertex -5.150357e+000 -3.799188e+000 2.800000e+001
         vertex -5.150357e+000 -3.799188e+000 0.000000e+000
         vertex -5.089383e+000 -3.880487e+000 0.000000e+000
      endloop
   endfacet
   facet normal -7.984142e-001 -6.021087e-001 0.000000e+000
      outer loop
         vertex -5.150357e+000 -3.799188e+000 2.800000e+001
         vertex -5.089383e+000 -3.880487e+000 0.000000e+000
         vertex -5.089383e+000 -3.880487e+000 2.800000e+001
      endloop
   endfacet
   facet normal -7.919958e-001 -6.105266e-001 0.000000e+000
      outer loop
         vertex -5.089383e+000 -3.880487e+000 2.800000e+001
         vertex -5.089383e+000 -3.880487e+000 0.000000e+000
         vertex -5.027127e+000 -3.960807e+000 0.000000e+000
      endloop
   endfacet
   facet normal -7.887533e-001 -6.147100e-001 0.000000e+000
      outer loop
         vertex -5.089383e+000 -3.880487e+000 2.800000e+001
         vertex -5.027127e+000 -3.960807e+000 0.000000e+000
         vertex -5.027127e+000 -3.960807e+000 2.800000e+001
      endloop
   endfacet
   facet normal -7.822019e-001 -6.230250e-001 0.000000e+000
      outer loop
         vertex -5.027127e+000 -3.960807e+000 2.800000e+001
         vertex -5.027127e+000 -3.960807e+000 0.000000e+000
         vertex -4.963603e+000 -4.040130e+000 0.000000e+000
      endloop
   endfacet
   facet normal -7.788934e-001 -6.271564e-001 0.000000e+000
      outer loop
         vertex -5.027127e+000 -3.960807e+000 2.800000e+001
         vertex -4.963603e+000 -4.040130e+000 0.000000e+000
         vertex -4.963603e+000 -4.040130e+000 2.800000e+001
      endloop
   endfacet
   facet normal -7.722108e-001 -6.353664e-001 0.000000e+000
      outer loop
         vertex -4.963603e+000 -4.040130e+000 2.800000e+001
         vertex -4.963603e+000 -4.040130e+000 0.000000e+000
         vertex -4.898828e+000 -4.118433e+000 0.000000e+000
      endloop
   endfacet
   facet normal -7.688370e-001 -6.394448e-001 0.000000e+000
      outer loop
         vertex -4.963603e+000 -4.040130e+000 2.800000e+001
         vertex -4.898828e+000 -4.118433e+000 0.000000e+000
         vertex -4.898828e+000 -4.118433e+000 2.800000e+001
      endloop
   endfacet
   facet normal -7.620251e-001 -6.475475e-001 0.000000e+000
      outer loop
         vertex -4.898828e+000 -4.118433e+000 2.800000e+001
         vertex -4.898828e+000 -4.118433e+000 0.000000e+000
         vertex -4.832817e+000 -4.195698e+000 0.000000e+000
      endloop
   endfacet
   facet normal -7.585869e-001 -6.515719e-001 0.000000e+000
      outer loop
         vertex -4.898828e+000 -4.118433e+000 2.800000e+001
         vertex -4.832817e+000 -4.195698e+000 0.000000e+000
         vertex -4.832817e+000 -4.195698e+000 2.800000e+001
      endloop
   endfacet
   facet normal -7.516472e-001 -6.595654e-001 0.000000e+000
      outer loop
         vertex -4.832817e+000 -4.195698e+000 2.800000e+001
         vertex -4.832817e+000 -4.195698e+000 0.000000e+000
         vertex -4.765588e+000 -4.271905e+000 0.000000e+000
      endloop
   endfacet
   facet normal -7.481456e-001 -6.635346e-001 0.000000e+000
      outer loop
         vertex -4.832817e+000 -4.195698e+000 2.800000e+001
         vertex -4.765588e+000 -4.271905e+000 0.000000e+000
         vertex -4.765588e+000 -4.271905e+000 2.800000e+001
      endloop
   endfacet
   facet normal -7.410797e-001 -6.714170e-001 0.000000e+000
      outer loop
         vertex -4.765588e+000 -4.271905e+000 2.800000e+001
         vertex -4.765588e+000 -4.271905e+000 0.000000e+000
         vertex -4.697157e+000 -4.347035e+000 0.000000e+000
      endloop
   endfacet
   facet normal -7.375156e-001 -6.753302e-001 0.000000e+000
      outer loop
         vertex -4.765588e+000 -4.271905e+000 2.800000e+001
         vertex -4.697157e+000 -4.347035e+000 0.000000e+000
         vertex -4.697157e+000 -4.347035e+000 2.800000e+001
      endloop
   endfacet
   facet normal -7.303255e-001 -6.830993e-001 0.000000e+000
      outer loop
         vertex -4.697157e+000 -4.347035e+000 2.800000e+001
         vertex -4.697157e+000 -4.347035e+000 0.000000e+000
         vertex -4.627542e+000 -4.421069e+000 0.000000e+000
      endloop
   endfacet
   facet normal -7.266997e-001 -6.869554e-001 0.000000e+000
      outer loop
         vertex -4.697157e+000 -4.347035e+000 2.800000e+001
         vertex -4.627542e+000 -4.421069e+000 0.000000e+000
         vertex -4.627542e+000 -4.421069e+000 2.800000e+001
      endloop
   endfacet
   facet normal -7.193871e-001 -6.946095e-001 0.000000e+000
      outer loop
         vertex -4.627542e+000 -4.421069e+000 2.800000e+001
         vertex -4.627542e+000 -4.421069e+000 0.000000e+000
         vertex -4.556760e+000 -4.493989e+000 0.000000e+000
      endloop
   endfacet
   facet normal -7.157004e-001 -6.984074e-001 0.000000e+000
      outer loop
         vertex -4.627542e+000 -4.421069e+000 2.800000e+001
         vertex -4.556760e+000 -4.493989e+000 0.000000e+000
         vertex -4.556760e+000 -4.493989e+000 2.800000e+001
      endloop
   endfacet
   facet normal -7.082673e-001 -7.059444e-001 0.000000e+000
      outer loop
         vertex -4.556760e+000 -4.493989e+000 2.800000e+001
         vertex -4.556760e+000 -4.493989e+000 0.000000e+000
         vertex -4.484830e+000 -4.565775e+000 0.000000e+000
      endloop
   endfacet
   facet normal -7.045208e-001 -7.096834e-001 0.000000e+000
      outer loop
         vertex -4.556760e+000 -4.493989e+000 2.800000e+001
         vertex -4.484830e+000 -4.565775e+000 0.000000e+000
         vertex -4.484830e+000 -4.565775e+000 2.800000e+001
      endloop
   endfacet
   facet normal -6.969689e-001 -7.171014e-001 0.000000e+000
      outer loop
         vertex -4.484830e+000 -4.565775e+000 2.800000e+001
         vertex -4.484830e+000 -4.565775e+000 0.000000e+000
         vertex -4.411768e+000 -4.636410e+000 0.000000e+000
      endloop
   endfacet
   facet normal -6.931635e-001 -7.207804e-001 0.000000e+000
      outer loop
         vertex -4.484830e+000 -4.565775e+000 2.800000e+001
         vertex -4.411768e+000 -4.636410e+000 0.000000e+000
         vertex -4.411768e+000 -4.636410e+000 2.800000e+001
      endloop
   endfacet
   facet normal -6.854948e-001 -7.280775e-001 0.000000e+000
      outer loop
         vertex -4.411768e+000 -4.636410e+000 2.800000e+001
         vertex -4.411768e+000 -4.636410e+000 0.000000e+000
         vertex -4.337595e+000 -4.705876e+000 0.000000e+000
      endloop
   endfacet
   facet normal -6.816314e-001 -7.316957e-001 0.000000e+000
      outer loop
         vertex -4.411768e+000 -4.636410e+000 2.800000e+001
         vertex -4.337595e+000 -4.705876e+000 0.000000e+000
         vertex -4.337595e+000 -4.705876e+000 2.800000e+001
      endloop
   endfacet
   facet normal -6.738479e-001 -7.388701e-001 0.000000e+000
      outer loop
         vertex -4.337595e+000 -4.705876e+000 2.800000e+001
         vertex -4.337595e+000 -4.705876e+000 0.000000e+000
         vertex -4.262327e+000 -4.774156e+000 0.000000e+000
      endloop
   endfacet
   facet normal -6.699276e-001 -7.424265e-001 0.000000e+000
      outer loop
         vertex -4.337595e+000 -4.705876e+000 2.800000e+001
         vertex -4.262327e+000 -4.774156e+000 0.000000e+000
         vertex -4.262327e+000 -4.774156e+000 2.800000e+001
      endloop
   endfacet
   facet normal -6.620311e-001 -7.494764e-001 0.000000e+000
      outer loop
         vertex -4.262327e+000 -4.774156e+000 2.800000e+001
         vertex -4.262327e+000 -4.774156e+000 0.000000e+000
         vertex -4.185985e+000 -4.841232e+000 0.000000e+000
      endloop
   endfacet
   facet normal -6.580548e-001 -7.529700e-001 0.000000e+000
      outer loop
         vertex -4.262327e+000 -4.774156e+000 2.800000e+001
         vertex -4.185985e+000 -4.841232e+000 0.000000e+000
         vertex -4.185985e+000 -4.841232e+000 2.800000e+001
      endloop
   endfacet
   facet normal -6.500474e-001 -7.598937e-001 0.000000e+000
      outer loop
         vertex -4.185985e+000 -4.841232e+000 2.800000e+001
         vertex -4.185985e+000 -4.841232e+000 0.000000e+000
         vertex -4.108588e+000 -4.907087e+000 0.000000e+000
      endloop
   endfacet
   facet normal -6.460161e-001 -7.633238e-001 0.000000e+000
      outer loop
         vertex -4.185985e+000 -4.841232e+000 2.800000e+001
         vertex -4.108588e+000 -4.907087e+000 0.000000e+000
         vertex -4.108588e+000 -4.907087e+000 2.800000e+001
      endloop
   endfacet
   facet normal -6.378997e-001 -7.701195e-001 0.000000e+000
      outer loop
         vertex -4.108588e+000 -4.907087e+000 2.800000e+001
         vertex -4.108588e+000 -4.907087e+000 0.000000e+000
         vertex -4.030155e+000 -4.971705e+000 0.000000e+000
      endloop
   endfacet
   facet normal -6.338145e-001 -7.734851e-001 0.000000e+000
      outer loop
         vertex -4.108588e+000 -4.907087e+000 2.800000e+001
         vertex -4.030155e+000 -4.971705e+000 0.000000e+000
         vertex -4.030155e+000 -4.971705e+000 2.800000e+001
      endloop
   endfacet
   facet normal -6.255912e-001 -7.801511e-001 0.000000e+000
      outer loop
         vertex -4.030155e+000 -4.971705e+000 2.800000e+001
         vertex -4.030155e+000 -4.971705e+000 0.000000e+000
         vertex -3.950705e+000 -5.035070e+000 0.000000e+000
      endloop
   endfacet
   facet normal -6.214530e-001 -7.834513e-001 0.000000e+000
      outer loop
         vertex -4.030155e+000 -4.971705e+000 2.800000e+001
         vertex -3.950705e+000 -5.035070e+000 0.000000e+000
         vertex -3.950705e+000 -5.035070e+000 2.800000e+001
      endloop
   endfacet
   facet normal -6.131250e-001 -7.899859e-001 0.000000e+000
      outer loop
         vertex -3.950705e+000 -5.035070e+000 2.800000e+001
         vertex -3.950705e+000 -5.035070e+000 0.000000e+000
         vertex -3.870260e+000 -5.097165e+000 0.000000e+000
      endloop
   endfacet
   facet normal -6.089350e-001 -7.932202e-001 0.000000e+000
      outer loop
         vertex -3.950705e+000 -5.035070e+000 2.800000e+001
         vertex -3.870260e+000 -5.097165e+000 0.000000e+000
         vertex -3.870260e+000 -5.097165e+000 2.800000e+001
      endloop
   endfacet
   facet normal -6.005042e-001 -7.996216e-001 0.000000e+000
      outer loop
         vertex -3.870260e+000 -5.097165e+000 2.800000e+001
         vertex -3.870260e+000 -5.097165e+000 0.000000e+000
         vertex -3.788838e+000 -5.157975e+000 0.000000e+000
      endloop
   endfacet
   facet normal -5.962633e-001 -8.027889e-001 0.000000e+000
      outer loop
         vertex -3.870260e+000 -5.097165e+000 2.800000e+001
         vertex -3.788838e+000 -5.157975e+000 0.000000e+000
         vertex -3.788838e+000 -5.157975e+000 2.800000e+001
      endloop
   endfacet
   facet normal -5.877320e-001 -8.090557e-001 0.000000e+000
      outer loop
         vertex -3.788838e+000 -5.157975e+000 2.800000e+001
         vertex -3.788838e+000 -5.157975e+000 0.000000e+000
         vertex -3.706461e+000 -5.217484e+000 0.000000e+000
      endloop
   endfacet
   facet normal -5.834414e-001 -8.121552e-001 0.000000e+000
      outer loop
         vertex -3.788838e+000 -5.157975e+000 2.800000e+001
         vertex -3.706461e+000 -5.217484e+000 0.000000e+000
         vertex -3.706461e+000 -5.217484e+000 2.800000e+001
      endloop
   endfacet
   facet normal -5.748116e-001 -8.182858e-001 0.000000e+000
      outer loop
         vertex -3.706461e+000 -5.217484e+000 2.800000e+001
         vertex -3.706461e+000 -5.217484e+000 0.000000e+000
         vertex -3.623151e+000 -5.275678e+000 0.000000e+000
      endloop
   endfacet
   facet normal -5.704724e-001 -8.213168e-001 0.000000e+000
      outer loop
         vertex -3.706461e+000 -5.217484e+000 2.800000e+001
         vertex -3.623151e+000 -5.275678e+000 0.000000e+000
         vertex -3.623151e+000 -5.275678e+000 2.800000e+001
      endloop
   endfacet
   facet normal -5.617462e-001 -8.273095e-001 0.000000e+000
      outer loop
         vertex -3.623151e+000 -5.275678e+000 2.800000e+001
         vertex -3.623151e+000 -5.275678e+000 0.000000e+000
         vertex -3.538926e+000 -5.332542e+000 0.000000e+000
      endloop
   endfacet
   facet normal -5.573595e-001 -8.302712e-001 0.000000e+000
      outer loop
         vertex -3.623151e+000 -5.275678e+000 2.800000e+001
         vertex -3.538926e+000 -5.332542e+000 0.000000e+000
         vertex -3.538926e+000 -5.332542e+000 2.800000e+001
      endloop
   endfacet
   facet normal -5.485393e-001 -8.361248e-001 0.000000e+000
      outer loop
         vertex -3.538926e+000 -5.332542e+000 2.800000e+001
         vertex -3.538926e+000 -5.332542e+000 0.000000e+000
         vertex -3.453809e+000 -5.388061e+000 0.000000e+000
      endloop
   endfacet
   facet normal -5.441061e-001 -8.390164e-001 0.000000e+000
      outer loop
         vertex -3.538926e+000 -5.332542e+000 2.800000e+001
         vertex -3.453809e+000 -5.388061e+000 0.000000e+000
         vertex -3.453809e+000 -5.388061e+000 2.800000e+001
      endloop
   endfacet
   facet normal -5.351942e-001 -8.447291e-001 0.000000e+000
      outer loop
         vertex -3.453809e+000 -5.388061e+000 2.800000e+001
         vertex -3.453809e+000 -5.388061e+000 0.000000e+000
         vertex -3.367821e+000 -5.442222e+000 0.000000e+000
      endloop
   endfacet
   facet normal -5.307155e-001 -8.475500e-001 0.000000e+000
      outer loop
         vertex -3.453809e+000 -5.388061e+000 2.800000e+001
         vertex -3.367821e+000 -5.442222e+000 0.000000e+000
         vertex -3.367821e+000 -5.442222e+000 2.800000e+001
      endloop
   endfacet
   facet normal -5.217139e-001 -8.531206e-001 0.000000e+000
      outer loop
         vertex -3.367821e+000 -5.442222e+000 2.800000e+001
         vertex -3.367821e+000 -5.442222e+000 0.000000e+000
         vertex -3.280984e+000 -5.495011e+000 0.000000e+000
      endloop
   endfacet
   facet normal -5.171911e-001 -8.558699e-001 0.000000e+000
      outer loop
         vertex -3.367821e+000 -5.442222e+000 2.800000e+001
         vertex -3.280984e+000 -5.495011e+000 0.000000e+000
         vertex -3.280984e+000 -5.495011e+000 2.800000e+001
      endloop
   endfacet
   facet normal -5.081022e-001 -8.612968e-001 0.000000e+000
      outer loop
         vertex -3.280984e+000 -5.495011e+000 2.800000e+001
         vertex -3.280984e+000 -5.495011e+000 0.000000e+000
         vertex -3.193320e+000 -5.546414e+000 0.000000e+000
      endloop
   endfacet
   facet normal -5.035362e-001 -8.639742e-001 0.000000e+000
      outer loop
         vertex -3.280984e+000 -5.495011e+000 2.800000e+001
         vertex -3.193320e+000 -5.546414e+000 0.000000e+000
         vertex -3.193320e+000 -5.546414e+000 2.800000e+001
      endloop
   endfacet
   facet normal -4.943624e-001 -8.692559e-001 0.000000e+000
      outer loop
         vertex -3.193320e+000 -5.546414e+000 2.800000e+001
         vertex -3.193320e+000 -5.546414e+000 0.000000e+000
         vertex -3.104851e+000 -5.596418e+000 0.000000e+000
      endloop
   endfacet
   facet normal -4.897544e-001 -8.718604e-001 0.000000e+000
      outer loop
         vertex -3.193320e+000 -5.546414e+000 2.800000e+001
         vertex -3.104851e+000 -5.596418e+000 0.000000e+000
         vertex -3.104851e+000 -5.596418e+000 2.800000e+001
      endloop
   endfacet
   facet normal -4.804979e-001 -8.769959e-001 0.000000e+000
      outer loop
         vertex -3.104851e+000 -5.596418e+000 2.800000e+001
         vertex -3.104851e+000 -5.596418e+000 0.000000e+000
         vertex -3.015599e+000 -5.645012e+000 0.000000e+000
      endloop
   endfacet
   facet normal -4.758492e-001 -8.795269e-001 0.000000e+000
      outer loop
         vertex -3.104851e+000 -5.596418e+000 2.800000e+001
         vertex -3.015599e+000 -5.645012e+000 0.000000e+000
         vertex -3.015599e+000 -5.645012e+000 2.800000e+001
      endloop
   endfacet
   facet normal -4.665122e-001 -8.845147e-001 0.000000e+000
      outer loop
         vertex -3.015599e+000 -5.645012e+000 2.800000e+001
         vertex -3.015599e+000 -5.645012e+000 0.000000e+000
         vertex -2.925586e+000 -5.692183e+000 0.000000e+000
      endloop
   endfacet
   facet normal -4.618239e-001 -8.869717e-001 0.000000e+000
      outer loop
         vertex -3.015599e+000 -5.645012e+000 2.800000e+001
         vertex -2.925586e+000 -5.692183e+000 0.000000e+000
         vertex -2.925586e+000 -5.692183e+000 2.800000e+001
      endloop
   endfacet
   facet normal -4.524090e-001 -8.918106e-001 0.000000e+000
      outer loop
         vertex -2.925586e+000 -5.692183e+000 2.800000e+001
         vertex -2.925586e+000 -5.692183e+000 0.000000e+000
         vertex -2.834836e+000 -5.737918e+000 0.000000e+000
      endloop
   endfacet
   facet normal -4.476823e-001 -8.941927e-001 0.000000e+000
      outer loop
         vertex -2.925586e+000 -5.692183e+000 2.800000e+001
         vertex -2.834836e+000 -5.737918e+000 0.000000e+000
         vertex -2.834836e+000 -5.737918e+000 2.800000e+001
      endloop
   endfacet
   facet normal -4.381917e-001 -8.988816e-001 0.000000e+000
      outer loop
         vertex -2.834836e+000 -5.737918e+000 2.800000e+001
         vertex -2.834836e+000 -5.737918e+000 0.000000e+000
         vertex -2.743371e+000 -5.782207e+000 0.000000e+000
      endloop
   endfacet
   facet normal -4.334278e-001 -9.011884e-001 0.000000e+000
      outer loop
         vertex -2.834836e+000 -5.737918e+000 2.800000e+001
         vertex -2.743371e+000 -5.782207e+000 0.000000e+000
         vertex -2.743371e+000 -5.782207e+000 2.800000e+001
      endloop
   endfacet
   facet normal -4.238639e-001 -9.057260e-001 0.000000e+000
      outer loop
         vertex -2.743371e+000 -5.782207e+000 2.800000e+001
         vertex -2.743371e+000 -5.782207e+000 0.000000e+000
         vertex -2.651215e+000 -5.825037e+000 0.000000e+000
      endloop
   endfacet
   facet normal -4.190639e-001 -9.079568e-001 0.000000e+000
      outer loop
         vertex -2.743371e+000 -5.782207e+000 2.800000e+001
         vertex -2.651215e+000 -5.825037e+000 0.000000e+000
         vertex -2.651215e+000 -5.825037e+000 2.800000e+001
      endloop
   endfacet
   facet normal -4.094292e-001 -9.123420e-001 0.000000e+000
      outer loop
         vertex -2.651215e+000 -5.825037e+000 2.800000e+001
         vertex -2.651215e+000 -5.825037e+000 0.000000e+000
         vertex -2.558390e+000 -5.866399e+000 0.000000e+000
      endloop
   endfacet
   facet normal -4.045944e-001 -9.144962e-001 0.000000e+000
      outer loop
         vertex -2.651215e+000 -5.825037e+000 2.800000e+001
         vertex -2.558390e+000 -5.866399e+000 0.000000e+000
         vertex -2.558390e+000 -5.866399e+000 2.800000e+001
      endloop
   endfacet
   facet normal -3.948913e-001 -9.187279e-001 0.000000e+000
      outer loop
         vertex -2.558390e+000 -5.866399e+000 2.800000e+001
         vertex -2.558390e+000 -5.866399e+000 0.000000e+000
         vertex -2.464920e+000 -5.906282e+000 0.000000e+000
      endloop
   endfacet
   facet normal -3.900229e-001 -9.208052e-001 0.000000e+000
      outer loop
         vertex -2.558390e+000 -5.866399e+000 2.800000e+001
         vertex -2.464920e+000 -5.906282e+000 0.000000e+000
         vertex -2.464920e+000 -5.906282e+000 2.800000e+001
      endloop
   endfacet
   facet normal -3.802538e-001 -9.248822e-001 0.000000e+000
      outer loop
         vertex -2.464920e+000 -5.906282e+000 2.800000e+001
         vertex -2.464920e+000 -5.906282e+000 0.000000e+000
         vertex -2.370829e+000 -5.944676e+000 0.000000e+000
      endloop
   endfacet
   facet normal -3.753531e-001 -9.268819e-001 0.000000e+000
      outer loop
         vertex -2.464920e+000 -5.906282e+000 2.800000e+001
         vertex -2.370829e+000 -5.944676e+000 0.000000e+000
         vertex -2.370829e+000 -5.944676e+000 2.800000e+001
      endloop
   endfacet
   facet normal -3.655205e-001 -9.308033e-001 0.000000e+000
      outer loop
         vertex -2.370829e+000 -5.944676e+000 2.800000e+001
         vertex -2.370829e+000 -5.944676e+000 0.000000e+000
         vertex -2.276139e+000 -5.981571e+000 0.000000e+000
      endloop
   endfacet
   facet normal -3.605887e-001 -9.327250e-001 0.000000e+000
      outer loop
         vertex -2.370829e+000 -5.944676e+000 2.800000e+001
         vertex -2.276139e+000 -5.981571e+000 0.000000e+000
         vertex -2.276139e+000 -5.981571e+000 2.800000e+001
      endloop
   endfacet
   facet normal -3.506950e-001 -9.364898e-001 0.000000e+000
      outer loop
         vertex -2.276139e+000 -5.981571e+000 2.800000e+001
         vertex -2.276139e+000 -5.981571e+000 0.000000e+000
         vertex -2.180876e+000 -6.016958e+000 0.000000e+000
      endloop
   endfacet
   facet normal -3.457332e-001 -9.383329e-001 0.000000e+000
      outer loop
         vertex -2.276139e+000 -5.981571e+000 2.800000e+001
         vertex -2.180876e+000 -6.016958e+000 0.000000e+000
         vertex -2.180876e+000 -6.016958e+000 2.800000e+001
      endloop
   endfacet
   facet normal -3.357811e-001 -9.419401e-001 0.000000e+000
      outer loop
         vertex -2.180876e+000 -6.016958e+000 2.800000e+001
         vertex -2.180876e+000 -6.016958e+000 0.000000e+000
         vertex -2.085063e+000 -6.050828e+000 0.000000e+000
      endloop
   endfacet
   facet normal -3.307907e-001 -9.437042e-001 0.000000e+000
      outer loop
         vertex -2.180876e+000 -6.016958e+000 2.800000e+001
         vertex -2.085063e+000 -6.050828e+000 0.000000e+000
         vertex -2.085063e+000 -6.050828e+000 2.800000e+001
      endloop
   endfacet
   facet normal -3.207825e-001 -9.471529e-001 0.000000e+000
      outer loop
         vertex -2.085063e+000 -6.050828e+000 2.800000e+001
         vertex -2.085063e+000 -6.050828e+000 0.000000e+000
         vertex -1.988725e+000 -6.083171e+000 0.000000e+000
      endloop
   endfacet
   facet normal -3.157647e-001 -9.488375e-001 0.000000e+000
      outer loop
         vertex -2.085063e+000 -6.050828e+000 2.800000e+001
         vertex -1.988725e+000 -6.083171e+000 0.000000e+000
         vertex -1.988725e+000 -6.083171e+000 2.800000e+001
      endloop
   endfacet
   facet normal -3.057030e-001 -9.521269e-001 0.000000e+000
      outer loop
         vertex -1.988725e+000 -6.083171e+000 2.800000e+001
         vertex -1.988725e+000 -6.083171e+000 0.000000e+000
         vertex -1.891884e+000 -6.113982e+000 0.000000e+000
      endloop
   endfacet
   facet normal -3.006591e-001 -9.537317e-001 0.000000e+000
      outer loop
         vertex -1.988725e+000 -6.083171e+000 2.800000e+001
         vertex -1.891884e+000 -6.113982e+000 0.000000e+000
         vertex -1.891884e+000 -6.113982e+000 2.800000e+001
      endloop
   endfacet
   facet normal -2.905465e-001 -9.568609e-001 0.000000e+000
      outer loop
         vertex -1.891884e+000 -6.113982e+000 2.800000e+001
         vertex -1.891884e+000 -6.113982e+000 0.000000e+000
         vertex -1.794567e+000 -6.143250e+000 0.000000e+000
      endloop
   endfacet
   facet normal -2.854778e-001 -9.583853e-001 0.000000e+000
      outer loop
         vertex -1.891884e+000 -6.113982e+000 2.800000e+001
         vertex -1.794567e+000 -6.143250e+000 0.000000e+000
         vertex -1.794567e+000 -6.143250e+000 2.800000e+001
      endloop
   endfacet
   facet normal -2.753167e-001 -9.613536e-001 0.000000e+000
      outer loop
         vertex -1.794567e+000 -6.143250e+000 2.800000e+001
         vertex -1.794567e+000 -6.143250e+000 0.000000e+000
         vertex -1.696798e+000 -6.170970e+000 0.000000e+000
      endloop
   endfacet
   facet normal -2.702244e-001 -9.627974e-001 0.000000e+000
      outer loop
         vertex -1.794567e+000 -6.143250e+000 2.800000e+001
         vertex -1.696798e+000 -6.170970e+000 0.000000e+000
         vertex -1.696798e+000 -6.170970e+000 2.800000e+001
      endloop
   endfacet
   facet normal -2.600175e-001 -9.656039e-001 0.000000e+000
      outer loop
         vertex -1.696798e+000 -6.170970e+000 2.800000e+001
         vertex -1.696798e+000 -6.170970e+000 0.000000e+000
         vertex -1.598600e+000 -6.197134e+000 0.000000e+000
      endloop
   endfacet
   facet normal -2.549029e-001 -9.669666e-001 0.000000e+000
      outer loop
         vertex -1.696798e+000 -6.170970e+000 2.800000e+001
         vertex -1.598600e+000 -6.197134e+000 0.000000e+000
         vertex -1.598600e+000 -6.197134e+000 2.800000e+001
      endloop
   endfacet
   facet normal -2.446527e-001 -9.696108e-001 0.000000e+000
      outer loop
         vertex -1.598600e+000 -6.197134e+000 2.800000e+001
         vertex -1.598600e+000 -6.197134e+000 0.000000e+000
         vertex -1.500000e+000 -6.221736e+000 0.000000e+000
      endloop
   endfacet
   facet normal -2.395171e-001 -9.708921e-001 0.000000e+000
      outer loop
         vertex -1.598600e+000 -6.197134e+000 2.800000e+001
         vertex -1.500000e+000 -6.221736e+000 0.000000e+000
         vertex -1.500000e+000 -6.221736e+000 2.800000e+001
      endloop
   endfacet
   facet normal -1.000000e+000 -1.003992e-016 0.000000e+000
      outer loop
         vertex -1.500000e+000 -1.350000e+001 2.800000e+001
         vertex -1.500000e+000 -6.221736e+000 2.800000e+001
         vertex -1.500000e+000 -1.350000e+001 0.000000e+000
      endloop
   endfacet
   facet normal -1.000000e+000 -1.003992e-016 0.000000e+000
      outer loop
         vertex -1.500000e+000 -1.350000e+001 0.000000e+000
         vertex -1.500000e+000 -6.221736e+000 2.800000e+001
         vertex -1.500000e+000 -6.221736e+000 0.000000e+000
      endloop
   endfacet
   facet normal 1.796855e-001 9.837241e-001 0.000000e+000
      outer loop
         vertex -5.931497e-001 -3.347861e+000 2.800000e+001
         vertex -5.931497e-001 -3.347861e+000 0.000000e+000
         vertex -6.464409e-001 -3.337981e+000 2.800000e+001
      endloop
   endfacet
   facet normal 1.849103e-001 9.827554e-001 0.000000e+000
      outer loop
         vertex -6.464409e-001 -3.337981e+000 2.800000e+001
         vertex -5.931497e-001 -3.347861e+000 0.000000e+000
         vertex -6.464409e-001 -3.337981e+000 0.000000e+000
      endloop
   endfacet
   facet normal 1.953437e-001 9.807348e-001 0.000000e+000
      outer loop
         vertex -6.464409e-001 -3.337981e+000 2.800000e+001
         vertex -6.464409e-001 -3.337981e+000 0.000000e+000
         vertex -6.995680e-001 -3.327252e+000 2.800000e+001
      endloop
   endfacet
   facet normal 2.005524e-001 9.796830e-001 0.000000e+000
      outer loop
         vertex -6.995680e-001 -3.327252e+000 2.800000e+001
         vertex -6.464409e-001 -3.337981e+000 0.000000e+000
         vertex -6.995680e-001 -3.327252e+000 0.000000e+000
      endloop
   endfacet
   facet normal 2.109523e-001 9.774963e-001 0.000000e+000
      outer loop
         vertex -6.995680e-001 -3.327252e+000 2.800000e+001
         vertex -6.995680e-001 -3.327252e+000 0.000000e+000
         vertex -7.525172e-001 -3.315678e+000 2.800000e+001
      endloop
   endfacet
   facet normal 2.161436e-001 9.763616e-001 0.000000e+000
      outer loop
         vertex -7.525172e-001 -3.315678e+000 2.800000e+001
         vertex -6.995680e-001 -3.327252e+000 0.000000e+000
         vertex -7.525172e-001 -3.315678e+000 0.000000e+000
      endloop
   endfacet
   facet normal 2.265073e-001 9.740095e-001 0.000000e+000
      outer loop
         vertex -7.525172e-001 -3.315678e+000 2.800000e+001
         vertex -7.525172e-001 -3.315678e+000 0.000000e+000
         vertex -8.052751e-001 -3.303261e+000 2.800000e+001
      endloop
   endfacet
   facet normal 2.316798e-001 9.727921e-001 0.000000e+000
      outer loop
         vertex -8.052751e-001 -3.303261e+000 2.800000e+001
         vertex -7.525172e-001 -3.315678e+000 0.000000e+000
         vertex -8.052751e-001 -3.303261e+000 0.000000e+000
      endloop
   endfacet
   facet normal 2.420048e-001 9.702751e-001 0.000000e+000
      outer loop
         vertex -8.052751e-001 -3.303261e+000 2.800000e+001
         vertex -8.052751e-001 -3.303261e+000 0.000000e+000
         vertex -8.578285e-001 -3.290004e+000 2.800000e+001
      endloop
   endfacet
   facet normal 2.471572e-001 9.689754e-001 0.000000e+000
      outer loop
         vertex -8.578285e-001 -3.290004e+000 2.800000e+001
         vertex -8.052751e-001 -3.303261e+000 0.000000e+000
         vertex -8.578285e-001 -3.290004e+000 0.000000e+000
      endloop
   endfacet
   facet normal 2.574407e-001 9.662941e-001 0.000000e+000
      outer loop
         vertex -8.578285e-001 -3.290004e+000 2.800000e+001
         vertex -8.578285e-001 -3.290004e+000 0.000000e+000
         vertex -9.101639e-001 -3.275912e+000 2.800000e+001
      endloop
   endfacet
   facet normal 2.625718e-001 9.649125e-001 0.000000e+000
      outer loop
         vertex -9.101639e-001 -3.275912e+000 2.800000e+001
         vertex -8.578285e-001 -3.290004e+000 0.000000e+000
         vertex -9.101639e-001 -3.275912e+000 0.000000e+000
      endloop
   endfacet
   facet normal 2.728112e-001 9.620676e-001 0.000000e+000
      outer loop
         vertex -9.101639e-001 -3.275912e+000 2.800000e+001
         vertex -9.101639e-001 -3.275912e+000 0.000000e+000
         vertex -9.622679e-001 -3.260988e+000 2.800000e+001
      endloop
   endfacet
   facet normal 2.779196e-001 9.606044e-001 0.000000e+000
      outer loop
         vertex -9.622679e-001 -3.260988e+000 2.800000e+001
         vertex -9.101639e-001 -3.275912e+000 0.000000e+000
         vertex -9.622679e-001 -3.260988e+000 0.000000e+000
      endloop
   endfacet
   facet normal 2.881124e-001 9.575966e-001 0.000000e+000
      outer loop
         vertex -9.622679e-001 -3.260988e+000 2.800000e+001
         vertex -9.622679e-001 -3.260988e+000 0.000000e+000
         vertex -1.014127e+000 -3.245234e+000 2.800000e+001
      endloop
   endfacet
   facet normal 2.931968e-001 9.560521e-001 0.000000e+000
      outer loop
         vertex -1.014127e+000 -3.245234e+000 2.800000e+001
         vertex -9.622679e-001 -3.260988e+000 0.000000e+000
         vertex -1.014127e+000 -3.245234e+000 0.000000e+000
      endloop
   endfacet
   facet normal 3.033404e-001 9.528823e-001 0.000000e+000
      outer loop
         vertex -1.014127e+000 -3.245234e+000 2.800000e+001
         vertex -1.014127e+000 -3.245234e+000 0.000000e+000
         vertex -1.065729e+000 -3.228656e+000 2.800000e+001
      endloop
   endfacet
   facet normal 3.083995e-001 9.512569e-001 0.000000e+000
      outer loop
         vertex -1.065729e+000 -3.228656e+000 2.800000e+001
         vertex -1.014127e+000 -3.245234e+000 0.000000e+000
         vertex -1.065729e+000 -3.228656e+000 0.000000e+000
      endloop
   endfacet
   facet normal 3.184913e-001 9.479258e-001 0.000000e+000
      outer loop
         vertex -1.065729e+000 -3.228656e+000 2.800000e+001
         vertex -1.065729e+000 -3.228656e+000 0.000000e+000
         vertex -1.117060e+000 -3.211258e+000 2.800000e+001
      endloop
   endfacet
   facet normal 3.235238e-001 9.462200e-001 0.000000e+000
      outer loop
         vertex -1.117060e+000 -3.211258e+000 2.800000e+001
         vertex -1.065729e+000 -3.228656e+000 0.000000e+000
         vertex -1.117060e+000 -3.211258e+000 0.000000e+000
      endloop
   endfacet
   facet normal 3.335612e-001 9.427285e-001 0.000000e+000
      outer loop
         vertex -1.117060e+000 -3.211258e+000 2.800000e+001
         vertex -1.117060e+000 -3.211258e+000 0.000000e+000
         vertex -1.168108e+000 -3.193043e+000 2.800000e+001
      endloop
   endfacet
   facet normal 3.385660e-001 9.409426e-001 0.000000e+000
      outer loop
         vertex -1.168108e+000 -3.193043e+000 2.800000e+001
         vertex -1.117060e+000 -3.211258e+000 0.000000e+000
         vertex -1.168108e+000 -3.193043e+000 0.000000e+000
      endloop
   endfacet
   facet normal 3.485464e-001 9.372915e-001 0.000000e+000
      outer loop
         vertex -1.168108e+000 -3.193043e+000 2.800000e+001
         vertex -1.168108e+000 -3.193043e+000 0.000000e+000
         vertex -1.218858e+000 -3.174017e+000 2.800000e+001
      endloop
   endfacet
   facet normal 3.535220e-001 9.354262e-001 0.000000e+000
      outer loop
         vertex -1.218858e+000 -3.174017e+000 2.800000e+001
         vertex -1.168108e+000 -3.193043e+000 0.000000e+000
         vertex -1.218858e+000 -3.174017e+000 0.000000e+000
      endloop
   endfacet
   facet normal 3.634430e-001 9.316165e-001 0.000000e+000
      outer loop
         vertex -1.218858e+000 -3.174017e+000 2.800000e+001
         vertex -1.218858e+000 -3.174017e+000 0.000000e+000
         vertex -1.269298e+000 -3.154185e+000 2.800000e+001
      endloop
   endfacet
   facet normal 3.683883e-001 9.296721e-001 0.000000e+000
      outer loop
         vertex -1.269298e+000 -3.154185e+000 2.800000e+001
         vertex -1.218858e+000 -3.174017e+000 0.000000e+000
         vertex -1.269298e+000 -3.154185e+000 0.000000e+000
      endloop
   endfacet
   facet normal 3.782473e-001 9.257046e-001 0.000000e+000
      outer loop
         vertex -1.269298e+000 -3.154185e+000 2.800000e+001
         vertex -1.269298e+000 -3.154185e+000 0.000000e+000
         vertex -1.319416e+000 -3.133551e+000 2.800000e+001
      endloop
   endfacet
   facet normal 3.831609e-001 9.236816e-001 0.000000e+000
      outer loop
         vertex -1.319416e+000 -3.133551e+000 2.800000e+001
         vertex -1.269298e+000 -3.154185e+000 0.000000e+000
         vertex -1.319416e+000 -3.133551e+000 0.000000e+000
      endloop
   endfacet
   facet normal 3.929555e-001 9.195576e-001 0.000000e+000
      outer loop
         vertex -1.319416e+000 -3.133551e+000 2.800000e+001
         vertex -1.319416e+000 -3.133551e+000 0.000000e+000
         vertex -1.369199e+000 -3.112120e+000 2.800000e+001
      endloop
   endfacet
   facet normal 3.978362e-001 9.174564e-001 0.000000e+000
      outer loop
         vertex -1.369199e+000 -3.112120e+000 2.800000e+001
         vertex -1.319416e+000 -3.133551e+000 0.000000e+000
         vertex -1.369199e+000 -3.112120e+000 0.000000e+000
      endloop
   endfacet
   facet normal 4.075637e-001 9.131768e-001 0.000000e+000
      outer loop
         vertex -1.369199e+000 -3.112120e+000 2.800000e+001
         vertex -1.369199e+000 -3.112120e+000 0.000000e+000
         vertex -1.418634e+000 -3.089899e+000 2.800000e+001
      endloop
   endfacet
   facet normal 4.124104e-001 9.109982e-001 0.000000e+000
      outer loop
         vertex -1.418634e+000 -3.089899e+000 2.800000e+001
         vertex -1.369199e+000 -3.112120e+000 0.000000e+000
         vertex -1.418634e+000 -3.089899e+000 0.000000e+000
      endloop
   endfacet
   facet normal 4.220684e-001 9.065640e-001 0.000000e+000
      outer loop
         vertex -1.418634e+000 -3.089899e+000 2.800000e+001
         vertex -1.418634e+000 -3.089899e+000 0.000000e+000
         vertex -1.467708e+000 -3.066893e+000 2.800000e+001
      endloop
   endfacet
   facet normal 4.268798e-001 9.043084e-001 0.000000e+000
      outer loop
         vertex -1.467708e+000 -3.066893e+000 2.800000e+001
         vertex -1.418634e+000 -3.089899e+000 0.000000e+000
         vertex -1.467708e+000 -3.066893e+000 0.000000e+000
      endloop
   endfacet
   facet normal 4.364659e-001 8.997208e-001 0.000000e+000
      outer loop
         vertex -1.467708e+000 -3.066893e+000 2.800000e+001
         vertex -1.467708e+000 -3.066893e+000 0.000000e+000
         vertex -1.516410e+000 -3.043107e+000 2.800000e+001
      endloop
   endfacet
   facet normal 4.412407e-001 8.973888e-001 0.000000e+000
      outer loop
         vertex -1.516410e+000 -3.043107e+000 2.800000e+001
         vertex -1.467708e+000 -3.066893e+000 0.000000e+000
         vertex -1.516410e+000 -3.043107e+000 0.000000e+000
      endloop
   endfacet
   facet normal 4.507525e-001 8.926490e-001 0.000000e+000
      outer loop
         vertex -1.516410e+000 -3.043107e+000 2.800000e+001
         vertex -1.516410e+000 -3.043107e+000 0.000000e+000
         vertex -1.564726e+000 -3.018548e+000 2.800000e+001
      endloop
   endfacet
   facet normal 4.554895e-001 8.902411e-001 0.000000e+000
      outer loop
         vertex -1.564726e+000 -3.018548e+000 2.800000e+001
         vertex -1.516410e+000 -3.043107e+000 0.000000e+000
         vertex -1.564726e+000 -3.018548e+000 0.000000e+000
      endloop
   endfacet
   facet normal 4.649245e-001 8.853504e-001 0.000000e+000
      outer loop
         vertex -1.564726e+000 -3.018548e+000 2.800000e+001
         vertex -1.564726e+000 -3.018548e+000 0.000000e+000
         vertex -1.612644e+000 -2.993222e+000 2.800000e+001
      endloop
   endfacet
   facet normal 4.696225e-001 8.828673e-001 0.000000e+000
      outer loop
         vertex -1.612644e+000 -2.993222e+000 2.800000e+001
         vertex -1.564726e+000 -3.018548e+000 0.000000e+000
         vertex -1.612644e+000 -2.993222e+000 0.000000e+000
      endloop
   endfacet
   facet normal 4.789783e-001 8.778268e-001 0.000000e+000
      outer loop
         vertex -1.612644e+000 -2.993222e+000 2.800000e+001
         vertex -1.612644e+000 -2.993222e+000 0.000000e+000
         vertex -1.660153e+000 -2.967135e+000 2.800000e+001
      endloop
   endfacet
   facet normal 4.836362e-001 8.752691e-001 0.000000e+000
      outer loop
         vertex -1.660153e+000 -2.967135e+000 2.800000e+001
         vertex -1.612644e+000 -2.993222e+000 0.000000e+000
         vertex -1.660153e+000 -2.967135e+000 0.000000e+000
      endloop
   endfacet
   facet normal 4.929104e-001 8.700801e-001 0.000000e+000
      outer loop
         vertex -1.660153e+000 -2.967135e+000 2.800000e+001
         vertex -1.660153e+000 -2.967135e+000 0.000000e+000
         vertex -1.707239e+000 -2.940295e+000 2.800000e+001
      endloop
   endfacet
   facet normal 4.975270e-001 8.674485e-001 0.000000e+000
      outer loop
         vertex -1.707239e+000 -2.940295e+000 2.800000e+001
         vertex -1.660153e+000 -2.967135e+000 0.000000e+000
         vertex -1.707239e+000 -2.940295e+000 0.000000e+000
      endloop
   endfacet
   facet normal 5.067174e-001 8.621123e-001 0.000000e+000
      outer loop
         vertex -1.707239e+000 -2.940295e+000 2.800000e+001
         vertex -1.707239e+000 -2.940295e+000 0.000000e+000
         vertex -1.753892e+000 -2.912707e+000 2.800000e+001
      endloop
   endfacet
   facet normal 5.112913e-001 8.594075e-001 0.000000e+000
      outer loop
         vertex -1.753892e+000 -2.912707e+000 2.800000e+001
         vertex -1.707239e+000 -2.940295e+000 0.000000e+000
         vertex -1.753892e+000 -2.912707e+000 0.000000e+000
      endloop
   endfacet
   facet normal 5.203955e-001 8.539254e-001 0.000000e+000
      outer loop
         vertex -1.753892e+000 -2.912707e+000 2.800000e+001
         vertex -1.753892e+000 -2.912707e+000 0.000000e+000
         vertex -1.800099e+000 -2.884379e+000 2.800000e+001
      endloop
   endfacet
   facet normal 5.249258e-001 8.511480e-001 0.000000e+000
      outer loop
         vertex -1.800099e+000 -2.884379e+000 2.800000e+001
         vertex -1.753892e+000 -2.912707e+000 0.000000e+000
         vertex -1.800099e+000 -2.884379e+000 0.000000e+000
      endloop
   endfacet
   facet normal 5.339414e-001 8.455215e-001 0.000000e+000
      outer loop
         vertex -1.800099e+000 -2.884379e+000 2.800000e+001
         vertex -1.800099e+000 -2.884379e+000 0.000000e+000
         vertex -1.845849e+000 -2.855318e+000 2.800000e+001
      endloop
   endfacet
   facet normal 5.384268e-001 8.426723e-001 0.000000e+000
      outer loop
         vertex -1.845849e+000 -2.855318e+000 2.800000e+001
         vertex -1.800099e+000 -2.884379e+000 0.000000e+000
         vertex -1.845849e+000 -2.855318e+000 0.000000e+000
      endloop
   endfacet
   facet normal 5.473516e-001 8.369028e-001 0.000000e+000
      outer loop
         vertex -1.845849e+000 -2.855318e+000 2.800000e+001
         vertex -1.845849e+000 -2.855318e+000 0.000000e+000
         vertex -1.891130e+000 -2.825531e+000 2.800000e+001
      endloop
   endfacet
   facet normal 5.517910e-001 8.339824e-001 0.000000e+000
      outer loop
         vertex -1.891130e+000 -2.825531e+000 2.800000e+001
         vertex -1.845849e+000 -2.855318e+000 0.000000e+000
         vertex -1.891130e+000 -2.825531e+000 0.000000e+000
      endloop
   endfacet
   facet normal 5.606228e-001 8.280714e-001 0.000000e+000
      outer loop
         vertex -1.891130e+000 -2.825531e+000 2.800000e+001
         vertex -1.891130e+000 -2.825531e+000 0.000000e+000
         vertex -1.935930e+000 -2.795027e+000 2.800000e+001
      endloop
   endfacet
   facet normal 5.650150e-001 8.250806e-001 0.000000e+000
      outer loop
         vertex -1.935930e+000 -2.795027e+000 2.800000e+001
         vertex -1.891130e+000 -2.825531e+000 0.000000e+000
         vertex -1.935930e+000 -2.795027e+000 0.000000e+000
      endloop
   endfacet
   facet normal 5.737513e-001 8.190295e-001 0.000000e+000
      outer loop
         vertex -1.935930e+000 -2.795027e+000 2.800000e+001
         vertex -1.935930e+000 -2.795027e+000 0.000000e+000
         vertex -1.980238e+000 -2.763812e+000 2.800000e+001
      endloop
   endfacet
   facet normal 5.780954e-001 8.159692e-001 0.000000e+000
      outer loop
         vertex -1.980238e+000 -2.763812e+000 2.800000e+001
         vertex -1.935930e+000 -2.795027e+000 0.000000e+000
         vertex -1.980238e+000 -2.763812e+000 0.000000e+000
      endloop
   endfacet
   facet normal 5.867342e-001 8.097796e-001 0.000000e+000
      outer loop
         vertex -1.980238e+000 -2.763812e+000 2.800000e+001
         vertex -1.980238e+000 -2.763812e+000 0.000000e+000
         vertex -2.024043e+000 -2.731894e+000 2.800000e+001
      endloop
   endfacet
   facet normal 5.910289e-001 8.066503e-001 0.000000e+000
      outer loop
         vertex -2.024043e+000 -2.731894e+000 2.800000e+001
         vertex -1.980238e+000 -2.763812e+000 0.000000e+000
         vertex -2.024043e+000 -2.731894e+000 0.000000e+000
      endloop
   endfacet
   facet normal 5.995679e-001 8.003238e-001 0.000000e+000
      outer loop
         vertex -2.024043e+000 -2.731894e+000 2.800000e+001
         vertex -2.024043e+000 -2.731894e+000 0.000000e+000
         vertex -2.067334e+000 -2.699283e+000 2.800000e+001
      endloop
   endfacet
   facet normal 6.038123e-001 7.971265e-001 0.000000e+000
      outer loop
         vertex -2.067334e+000 -2.699283e+000 2.800000e+001
         vertex -2.024043e+000 -2.731894e+000 0.000000e+000
         vertex -2.067334e+000 -2.699283e+000 0.000000e+000
      endloop
   endfacet
   facet normal 6.122493e-001 7.906648e-001 0.000000e+000
      outer loop
         vertex -2.067334e+000 -2.699283e+000 2.800000e+001
         vertex -2.067334e+000 -2.699283e+000 0.000000e+000
         vertex -2.110099e+000 -2.665986e+000 2.800000e+001
      endloop
   endfacet
   facet normal 6.164421e-001 7.874002e-001 0.000000e+000
      outer loop
         vertex -2.110099e+000 -2.665986e+000 2.800000e+001
         vertex -2.067334e+000 -2.699283e+000 0.000000e+000
         vertex -2.110099e+000 -2.665986e+000 0.000000e+000
      endloop
   endfacet
   facet normal 6.247752e-001 7.808047e-001 0.000000e+000
      outer loop
         vertex -2.110099e+000 -2.665986e+000 2.800000e+001
         vertex -2.110099e+000 -2.665986e+000 0.000000e+000
         vertex -2.152328e+000 -2.632011e+000 2.800000e+001
      endloop
   endfacet
   facet normal 6.289154e-001 7.774737e-001 0.000000e+000
      outer loop
         vertex -2.152328e+000 -2.632011e+000 2.800000e+001
         vertex -2.110099e+000 -2.665986e+000 0.000000e+000
         vertex -2.152328e+000 -2.632011e+000 0.000000e+000
      endloop
   endfacet
   facet normal 6.371422e-001 7.707462e-001 0.000000e+000
      outer loop
         vertex -2.152328e+000 -2.632011e+000 2.800000e+001
         vertex -2.152328e+000 -2.632011e+000 0.000000e+000
         vertex -2.194010e+000 -2.597368e+000 2.800000e+001
      endloop
   endfacet
   facet normal 6.412288e-001 7.673498e-001 0.000000e+000
      outer loop
         vertex -2.194010e+000 -2.597368e+000 2.800000e+001
         vertex -2.152328e+000 -2.632011e+000 0.000000e+000
         vertex -2.194010e+000 -2.597368e+000 0.000000e+000
      endloop
   endfacet
   facet normal 6.493474e-001 7.604919e-001 0.000000e+000
      outer loop
         vertex -2.194010e+000 -2.597368e+000 2.800000e+001
         vertex -2.194010e+000 -2.597368e+000 0.000000e+000
         vertex -2.235135e+000 -2.562064e+000 2.800000e+001
      endloop
   endfacet
   facet normal 6.533793e-001 7.570307e-001 0.000000e+000
      outer loop
         vertex -2.235135e+000 -2.562064e+000 2.800000e+001
         vertex -2.194010e+000 -2.597368e+000 0.000000e+000
         vertex -2.235135e+000 -2.562064e+000 0.000000e+000
      endloop
   endfacet
   facet normal 6.613874e-001 7.500444e-001 0.000000e+000
      outer loop
         vertex -2.235135e+000 -2.562064e+000 2.800000e+001
         vertex -2.235135e+000 -2.562064e+000 0.000000e+000
         vertex -2.275692e+000 -2.526109e+000 2.800000e+001
      endloop
   endfacet
   facet normal 6.653637e-001 7.465193e-001 0.000000e+000
      outer loop
         vertex -2.275692e+000 -2.526109e+000 2.800000e+001
         vertex -2.235135e+000 -2.562064e+000 0.000000e+000
         vertex -2.275692e+000 -2.526109e+000 0.000000e+000
      endloop
   endfacet
   facet normal 6.732595e-001 7.394062e-001 0.000000e+000
      outer loop
         vertex -2.275692e+000 -2.526109e+000 2.800000e+001
         vertex -2.275692e+000 -2.526109e+000 0.000000e+000
         vertex -2.315670e+000 -2.489512e+000 2.800000e+001
      endloop
   endfacet
   facet normal 6.771792e-001 7.358183e-001 0.000000e+000
      outer loop
         vertex -2.315670e+000 -2.489512e+000 2.800000e+001
         vertex -2.275692e+000 -2.526109e+000 0.000000e+000
         vertex -2.315670e+000 -2.489512e+000 0.000000e+000
      endloop
   endfacet
   facet normal 6.849605e-001 7.285802e-001 0.000000e+000
      outer loop
         vertex -2.315670e+000 -2.489512e+000 2.800000e+001
         vertex -2.315670e+000 -2.489512e+000 0.000000e+000
         vertex -2.355060e+000 -2.452283e+000 2.800000e+001
      endloop
   endfacet
   facet normal 6.888224e-001 7.249302e-001 0.000000e+000
      outer loop
         vertex -2.355060e+000 -2.452283e+000 2.800000e+001
         vertex -2.315670e+000 -2.489512e+000 0.000000e+000
         vertex -2.355060e+000 -2.452283e+000 0.000000e+000
      endloop
   endfacet
   facet normal 6.964874e-001 7.175691e-001 0.000000e+000
      outer loop
         vertex -2.355060e+000 -2.452283e+000 2.800000e+001
         vertex -2.355060e+000 -2.452283e+000 0.000000e+000
         vertex -2.393851e+000 -2.414431e+000 2.800000e+001
      endloop
   endfacet
   facet normal 7.002906e-001 7.138578e-001 0.000000e+000
      outer loop
         vertex -2.393851e+000 -2.414431e+000 2.800000e+001
         vertex -2.355060e+000 -2.452283e+000 0.000000e+000
         vertex -2.393851e+000 -2.414431e+000 0.000000e+000
      endloop
   endfacet
   facet normal 7.078373e-001 7.063755e-001 0.000000e+000
      outer loop
         vertex -2.393851e+000 -2.414431e+000 2.800000e+001
         vertex -2.393851e+000 -2.414431e+000 0.000000e+000
         vertex -2.432034e+000 -2.375965e+000 2.800000e+001
      endloop
   endfacet
   facet normal 7.115809e-001 7.026042e-001 0.000000e+000
      outer loop
         vertex -2.432034e+000 -2.375965e+000 2.800000e+001
         vertex -2.393851e+000 -2.414431e+000 0.000000e+000
         vertex -2.432034e+000 -2.375965e+000 0.000000e+000
      endloop
   endfacet
   facet normal 7.190074e-001 6.950024e-001 0.000000e+000
      outer loop
         vertex -2.432034e+000 -2.375965e+000 2.800000e+001
         vertex -2.432034e+000 -2.375965e+000 0.000000e+000
         vertex -2.469599e+000 -2.336895e+000 2.800000e+001
      endloop
   endfacet
   facet normal 7.226903e-001 6.911720e-001 0.000000e+000
      outer loop
         vertex -2.469599e+000 -2.336895e+000 2.800000e+001
         vertex -2.432034e+000 -2.375965e+000 0.000000e+000
         vertex -2.469599e+000 -2.336895e+000 0.000000e+000
      endloop
   endfacet
   facet normal 7.299947e-001 6.834528e-001 0.000000e+000
      outer loop
         vertex -2.469599e+000 -2.336895e+000 2.800000e+001
         vertex -2.469599e+000 -2.336895e+000 0.000000e+000
         vertex -2.506537e+000 -2.297231e+000 2.800000e+001
      endloop
   endfacet
   facet normal 7.336162e-001 6.795641e-001 0.000000e+000
      outer loop
         vertex -2.506537e+000 -2.297231e+000 2.800000e+001
         vertex -2.469599e+000 -2.336895e+000 0.000000e+000
         vertex -2.506537e+000 -2.297231e+000 0.000000e+000
      endloop
   endfacet
   facet normal 7.407966e-001 6.717294e-001 0.000000e+000
      outer loop
         vertex -2.506537e+000 -2.297231e+000 2.800000e+001
         vertex -2.506537e+000 -2.297231e+000 0.000000e+000
         vertex -2.542838e+000 -2.256984e+000 2.800000e+001
      endloop
   endfacet
   facet normal 7.443556e-001 6.677836e-001 0.000000e+000
      outer loop
         vertex -2.542838e+000 -2.256984e+000 2.800000e+001
         vertex -2.506537e+000 -2.297231e+000 0.000000e+000
         vertex -2.542838e+000 -2.256984e+000 0.000000e+000
      endloop
   endfacet
   facet normal 7.514101e-001 6.598354e-001 0.000000e+000
      outer loop
         vertex -2.542838e+000 -2.256984e+000 2.800000e+001
         vertex -2.542838e+000 -2.256984e+000 0.000000e+000
         vertex -2.578492e+000 -2.216163e+000 2.800000e+001
      endloop
   endfacet
   facet normal 7.549058e-001 6.558333e-001 0.000000e+000
      outer loop
         vertex -2.578492e+000 -2.216163e+000 2.800000e+001
         vertex -2.542838e+000 -2.256984e+000 0.000000e+000
         vertex -2.578492e+000 -2.216163e+000 0.000000e+000
      endloop
   endfacet
   facet normal 7.618328e-001 6.477737e-001 0.000000e+000
      outer loop
         vertex -2.578492e+000 -2.216163e+000 2.800000e+001
         vertex -2.578492e+000 -2.216163e+000 0.000000e+000
         vertex -2.613491e+000 -2.174779e+000 2.800000e+001
      endloop
   endfacet
   facet normal 7.652642e-001 6.437163e-001 0.000000e+000
      outer loop
         vertex -2.613491e+000 -2.174779e+000 2.800000e+001
         vertex -2.578492e+000 -2.216163e+000 0.000000e+000
         vertex -2.613491e+000 -2.174779e+000 0.000000e+000
      endloop
   endfacet
   facet normal 7.720619e-001 6.355474e-001 0.000000e+000
      outer loop
         vertex -2.613491e+000 -2.174779e+000 2.800000e+001
         vertex -2.613491e+000 -2.174779e+000 0.000000e+000
         vertex -2.647826e+000 -2.132842e+000 2.800000e+001
      endloop
   endfacet
   facet normal 7.754281e-001 6.314359e-001 0.000000e+000
      outer loop
         vertex -2.647826e+000 -2.132842e+000 2.800000e+001
         vertex -2.613491e+000 -2.174779e+000 0.000000e+000
         vertex -2.647826e+000 -2.132842e+000 0.000000e+000
      endloop
   endfacet
   facet normal 7.820947e-001 6.231596e-001 0.000000e+000
      outer loop
         vertex -2.647826e+000 -2.132842e+000 2.800000e+001
         vertex -2.647826e+000 -2.132842e+000 0.000000e+000
         vertex -2.681489e+000 -2.090364e+000 2.800000e+001
      endloop
   endfacet
   facet normal 7.853950e-001 6.189949e-001 0.000000e+000
      outer loop
         vertex -2.681489e+000 -2.090364e+000 2.800000e+001
         vertex -2.647826e+000 -2.132842e+000 0.000000e+000
         vertex -2.681489e+000 -2.090364e+000 0.000000e+000
      endloop
   endfacet
   facet normal 7.919288e-001 6.106134e-001 0.000000e+000
      outer loop
         vertex -2.681489e+000 -2.090364e+000 2.800000e+001
         vertex -2.681489e+000 -2.090364e+000 0.000000e+000
         vertex -2.714469e+000 -2.047354e+000 2.800000e+001
      endloop
   endfacet
   facet normal 7.951623e-001 6.063966e-001 0.000000e+000
      outer loop
         vertex -2.714469e+000 -2.047354e+000 2.800000e+001
         vertex -2.681489e+000 -2.090364e+000 0.000000e+000
         vertex -2.714469e+000 -2.047354e+000 0.000000e+000
      endloop
   endfacet
   facet normal 8.015617e-001 5.979121e-001 0.000000e+000
      outer loop
         vertex -2.714469e+000 -2.047354e+000 2.800000e+001
         vertex -2.714469e+000 -2.047354e+000 0.000000e+000
         vertex -2.746760e+000 -2.003824e+000 2.800000e+001
      endloop
   endfacet
   facet normal 8.047276e-001 5.936443e-001 0.000000e+000
      outer loop
         vertex -2.746760e+000 -2.003824e+000 2.800000e+001
         vertex -2.714469e+000 -2.047354e+000 0.000000e+000
         vertex -2.746760e+000 -2.003824e+000 0.000000e+000
      endloop
   endfacet
   facet normal 8.109909e-001 5.850589e-001 0.000000e+000
      outer loop
         vertex -2.746760e+000 -2.003824e+000 2.800000e+001
         vertex -2.746760e+000 -2.003824e+000 0.000000e+000
         vertex -2.778353e+000 -1.959784e+000 2.800000e+001
      endloop
   endfacet
   facet normal 8.140883e-001 5.807411e-001 0.000000e+000
      outer loop
         vertex -2.778353e+000 -1.959784e+000 2.800000e+001
         vertex -2.746760e+000 -2.003824e+000 0.000000e+000
         vertex -2.778353e+000 -1.959784e+000 0.000000e+000
      endloop
   endfacet
   facet normal 8.202140e-001 5.720569e-001 0.000000e+000
      outer loop
         vertex -2.778353e+000 -1.959784e+000 2.800000e+001
         vertex -2.778353e+000 -1.959784e+000 0.000000e+000
         vertex -2.809240e+000 -1.915247e+000 2.800000e+001
      endloop
   endfacet
   facet normal 8.232421e-001 5.676904e-001 0.000000e+000
      outer loop
         vertex -2.809240e+000 -1.915247e+000 2.800000e+001
         vertex -2.778353e+000 -1.959784e+000 0.000000e+000
         vertex -2.809240e+000 -1.915247e+000 0.000000e+000
      endloop
   endfacet
   facet normal 8.292286e-001 5.589095e-001 0.000000e+000
      outer loop
         vertex -2.809240e+000 -1.915247e+000 2.800000e+001
         vertex -2.809240e+000 -1.915247e+000 0.000000e+000
         vertex -2.839413e+000 -1.870223e+000 2.800000e+001
      endloop
   endfacet
   facet normal 8.321868e-001 5.544953e-001 0.000000e+000
      outer loop
         vertex -2.839413e+000 -1.870223e+000 2.800000e+001
         vertex -2.809240e+000 -1.915247e+000 0.000000e+000
         vertex -2.839413e+000 -1.870223e+000 0.000000e+000
      endloop
   endfacet
   facet normal 8.380326e-001 5.456202e-001 0.000000e+000
      outer loop
         vertex -2.839413e+000 -1.870223e+000 2.800000e+001
         vertex -2.839413e+000 -1.870223e+000 0.000000e+000
         vertex -2.868865e+000 -1.824724e+000 2.800000e+001
      endloop
   endfacet
   facet normal 8.409201e-001 5.411594e-001 0.000000e+000
      outer loop
         vertex -2.868865e+000 -1.824724e+000 2.800000e+001
         vertex -2.839413e+000 -1.870223e+000 0.000000e+000
         vertex -2.868865e+000 -1.824724e+000 0.000000e+000
      endloop
   endfacet
   facet normal 8.466235e-001 5.321923e-001 0.000000e+000
      outer loop
         vertex -2.868865e+000 -1.824724e+000 2.800000e+001
         vertex -2.868865e+000 -1.824724e+000 0.000000e+000
         vertex -2.897587e+000 -1.778760e+000 2.800000e+001
      endloop
   endfacet
   facet normal 8.494396e-001 5.276859e-001 0.000000e+000
      outer loop
         vertex -2.897587e+000 -1.778760e+000 2.800000e+001
         vertex -2.868865e+000 -1.824724e+000 0.000000e+000
         vertex -2.897587e+000 -1.778760e+000 0.000000e+000
      endloop
   endfacet
   facet normal 8.549994e-001 5.186290e-001 0.000000e+000
      outer loop
         vertex -2.897587e+000 -1.778760e+000 2.800000e+001
         vertex -2.897587e+000 -1.778760e+000 0.000000e+000
         vertex -2.925573e+000 -1.732345e+000 2.800000e+001
      endloop
   endfacet
   facet normal 8.577432e-001 5.140784e-001 0.000000e+000
      outer loop
         vertex -2.925573e+000 -1.732345e+000 2.800000e+001
         vertex -2.897587e+000 -1.778760e+000 0.000000e+000
         vertex -2.925573e+000 -1.732345e+000 0.000000e+000
      endloop
   endfacet
   facet normal 8.631580e-001 5.049340e-001 0.000000e+000
      outer loop
         vertex -2.925573e+000 -1.732345e+000 2.800000e+001
         vertex -2.925573e+000 -1.732345e+000 0.000000e+000
         vertex -2.952816e+000 -1.685490e+000 2.800000e+001
      endloop
   endfacet
   facet normal 8.658289e-001 5.003402e-001 0.000000e+000
      outer loop
         vertex -2.952816e+000 -1.685490e+000 2.800000e+001
         vertex -2.925573e+000 -1.732345e+000 0.000000e+000
         vertex -2.952816e+000 -1.685490e+000 0.000000e+000
      endloop
   endfacet
   facet normal 8.710972e-001 4.911107e-001 0.000000e+000
      outer loop
         vertex -2.952816e+000 -1.685490e+000 2.800000e+001
         vertex -2.952816e+000 -1.685490e+000 0.000000e+000
         vertex -2.979308e+000 -1.638207e+000 2.800000e+001
      endloop
   endfacet
   facet normal 8.736946e-001 4.864749e-001 0.000000e+000
      outer loop
         vertex -2.979308e+000 -1.638207e+000 2.800000e+001
         vertex -2.952816e+000 -1.685490e+000 0.000000e+000
         vertex -2.979308e+000 -1.638207e+000 0.000000e+000
      endloop
   endfacet
   facet normal 8.788151e-001 4.771625e-001 0.000000e+000
      outer loop
         vertex -2.979308e+000 -1.638207e+000 2.800000e+001
         vertex -2.979308e+000 -1.638207e+000 0.000000e+000
         vertex -3.005044e+000 -1.590507e+000 2.800000e+001
      endloop
   endfacet
   facet normal 8.813382e-001 4.724859e-001 0.000000e+000
      outer loop
         vertex -3.005044e+000 -1.590507e+000 2.800000e+001
         vertex -2.979308e+000 -1.638207e+000 0.000000e+000
         vertex -3.005044e+000 -1.590507e+000 0.000000e+000
      endloop
   endfacet
   facet normal 8.863096e-001 4.630931e-001 0.000000e+000
      outer loop
         vertex -3.005044e+000 -1.590507e+000 2.800000e+001
         vertex -3.005044e+000 -1.590507e+000 0.000000e+000
         vertex -3.030015e+000 -1.542403e+000 2.800000e+001
      endloop
   endfacet
   facet normal 8.887579e-001 4.583769e-001 0.000000e+000
      outer loop
         vertex -3.030015e+000 -1.542403e+000 2.800000e+001
         vertex -3.005044e+000 -1.590507e+000 0.000000e+000
         vertex -3.030015e+000 -1.542403e+000 0.000000e+000
      endloop
   endfacet
   facet normal 8.935790e-001 4.489061e-001 0.000000e+000
      outer loop
         vertex -3.030015e+000 -1.542403e+000 2.800000e+001
         vertex -3.030015e+000 -1.542403e+000 0.000000e+000
         vertex -3.054217e+000 -1.493907e+000 2.800000e+001
      endloop
   endfacet
   facet normal 8.959517e-001 4.441514e-001 0.000000e+000
      outer loop
         vertex -3.054217e+000 -1.493907e+000 2.800000e+001
         vertex -3.030015e+000 -1.542403e+000 0.000000e+000
         vertex -3.054217e+000 -1.493907e+000 0.000000e+000
      endloop
   endfacet
   facet normal 9.006212e-001 4.346049e-001 0.000000e+000
      outer loop
         vertex -3.054217e+000 -1.493907e+000 2.800000e+001
         vertex -3.054217e+000 -1.493907e+000 0.000000e+000
         vertex -3.077643e+000 -1.445031e+000 2.800000e+001
      endloop
   endfacet
   facet normal 9.029179e-001 4.298130e-001 0.000000e+000
      outer loop
         vertex -3.077643e+000 -1.445031e+000 2.800000e+001
         vertex -3.054217e+000 -1.493907e+000 0.000000e+000
         vertex -3.077643e+000 -1.445031e+000 0.000000e+000
      endloop
   endfacet
   facet normal 9.074346e-001 4.201933e-001 0.000000e+000
      outer loop
         vertex -3.077643e+000 -1.445031e+000 2.800000e+001
         vertex -3.077643e+000 -1.445031e+000 0.000000e+000
         vertex -3.100286e+000 -1.395788e+000 2.800000e+001
      endloop
   endfacet
   facet normal 9.096546e-001 4.153655e-001 0.000000e+000
      outer loop
         vertex -3.100286e+000 -1.395788e+000 2.800000e+001
         vertex -3.077643e+000 -1.445031e+000 0.000000e+000
         vertex -3.100286e+000 -1.395788e+000 0.000000e+000
      endloop
   endfacet
   facet normal 9.140174e-001 4.056750e-001 0.000000e+000
      outer loop
         vertex -3.100286e+000 -1.395788e+000 2.800000e+001
         vertex -3.100286e+000 -1.395788e+000 0.000000e+000
         vertex -3.122142e+000 -1.346191e+000 2.800000e+001
      endloop
   endfacet
   facet normal 9.161602e-001 4.008123e-001 0.000000e+000
      outer loop
         vertex -3.122142e+000 -1.346191e+000 2.800000e+001
         vertex -3.100286e+000 -1.395788e+000 0.000000e+000
         vertex -3.122142e+000 -1.346191e+000 0.000000e+000
      endloop
   endfacet
   facet normal 9.203680e-001 3.910535e-001 0.000000e+000
      outer loop
         vertex -3.122142e+000 -1.346191e+000 2.800000e+001
         vertex -3.122142e+000 -1.346191e+000 0.000000e+000
         vertex -3.143204e+000 -1.296251e+000 2.800000e+001
      endloop
   endfacet
   facet normal 9.224330e-001 3.861573e-001 0.000000e+000
      outer loop
         vertex -3.143204e+000 -1.296251e+000 2.800000e+001
         vertex -3.122142e+000 -1.346191e+000 0.000000e+000
         vertex -3.143204e+000 -1.296251e+000 0.000000e+000
      endloop
   endfacet
   facet normal 9.264846e-001 3.763327e-001 0.000000e+000
      outer loop
         vertex -3.143204e+000 -1.296251e+000 2.800000e+001
         vertex -3.143204e+000 -1.296251e+000 0.000000e+000
         vertex -3.163468e+000 -1.245982e+000 2.800000e+001
      endloop
   endfacet
   facet normal 9.284713e-001 3.714043e-001 0.000000e+000
      outer loop
         vertex -3.163468e+000 -1.245982e+000 2.800000e+001
         vertex -3.143204e+000 -1.296251e+000 0.000000e+000
         vertex -3.163468e+000 -1.245982e+000 0.000000e+000
      endloop
   endfacet
   facet normal 9.323658e-001 3.615163e-001 0.000000e+000
      outer loop
         vertex -3.163468e+000 -1.245982e+000 2.800000e+001
         vertex -3.163468e+000 -1.245982e+000 0.000000e+000
         vertex -3.182927e+000 -1.195397e+000 2.800000e+001
      endloop
   endfacet
   facet normal 9.342737e-001 3.565567e-001 0.000000e+000
      outer loop
         vertex -3.182927e+000 -1.195397e+000 2.800000e+001
         vertex -3.163468e+000 -1.245982e+000 0.000000e+000
         vertex -3.182927e+000 -1.195397e+000 0.000000e+000
      endloop
   endfacet
   facet normal 9.380101e-001 3.466080e-001 0.000000e+000
      outer loop
         vertex -3.182927e+000 -1.195397e+000 2.800000e+001
         vertex -3.182927e+000 -1.195397e+000 0.000000e+000
         vertex -3.201578e+000 -1.144507e+000 2.800000e+001
      endloop
   endfacet
   facet normal 9.398386e-001 3.416187e-001 0.000000e+000
      outer loop
         vertex -3.201578e+000 -1.144507e+000 2.800000e+001
         vertex -3.182927e+000 -1.195397e+000 0.000000e+000
         vertex -3.201578e+000 -1.144507e+000 0.000000e+000
      endloop
   endfacet
   facet normal 9.434160e-001 3.316115e-001 0.000000e+000
      outer loop
         vertex -3.201578e+000 -1.144507e+000 2.800000e+001
         vertex -3.201578e+000 -1.144507e+000 0.000000e+000
         vertex -3.219415e+000 -1.093327e+000 2.800000e+001
      endloop
   endfacet
   facet normal 9.451649e-001 3.265937e-001 0.000000e+000
      outer loop
         vertex -3.219415e+000 -1.093327e+000 2.800000e+001
         vertex -3.201578e+000 -1.144507e+000 0.000000e+000
         vertex -3.219415e+000 -1.093327e+000 0.000000e+000
      endloop
   endfacet
   facet normal 9.485822e-001 3.165308e-001 0.000000e+000
      outer loop
         vertex -3.219415e+000 -1.093327e+000 2.800000e+001
         vertex -3.219415e+000 -1.093327e+000 0.000000e+000
         vertex -3.236435e+000 -1.041869e+000 2.800000e+001
      endloop
   endfacet
   facet normal 9.502508e-001 3.114859e-001 0.000000e+000
      outer loop
         vertex -3.236435e+000 -1.041869e+000 2.800000e+001
         vertex -3.219415e+000 -1.093327e+000 0.000000e+000
         vertex -3.236435e+000 -1.041869e+000 0.000000e+000
      endloop
   endfacet
   facet normal 9.535074e-001 3.013698e-001 0.000000e+000
      outer loop
         vertex -3.236435e+000 -1.041869e+000 2.800000e+001
         vertex -3.236435e+000 -1.041869e+000 0.000000e+000
         vertex -3.252631e+000 -9.901463e-001 2.800000e+001
      endloop
   endfacet
   facet normal 9.550954e-001 2.962987e-001 0.000000e+000
      outer loop
         vertex -3.252631e+000 -9.901463e-001 2.800000e+001
         vertex -3.236435e+000 -1.041869e+000 0.000000e+000
         vertex -3.252631e+000 -9.901463e-001 0.000000e+000
      endloop
   endfacet
   facet normal 9.581902e-001 2.861321e-001 0.000000e+000
      outer loop
         vertex -3.252631e+000 -9.901463e-001 2.800000e+001
         vertex -3.252631e+000 -9.901463e-001 0.000000e+000
         vertex -3.268001e+000 -9.381719e-001 2.800000e+001
      endloop
   endfacet
   facet normal 9.596971e-001 2.810363e-001 0.000000e+000
      outer loop
         vertex -3.268001e+000 -9.381719e-001 2.800000e+001
         vertex -3.252631e+000 -9.901463e-001 0.000000e+000
         vertex -3.268001e+000 -9.381719e-001 0.000000e+000
      endloop
   endfacet
   facet normal 9.626296e-001 2.708217e-001 0.000000e+000
      outer loop
         vertex -3.268001e+000 -9.381719e-001 2.800000e+001
         vertex -3.268001e+000 -9.381719e-001 0.000000e+000
         vertex -3.282541e+000 -8.859591e-001 2.800000e+001
      endloop
   endfacet
   facet normal 9.640551e-001 2.657026e-001 0.000000e+000
      outer loop
         vertex -3.282541e+000 -8.859591e-001 2.800000e+001
         vertex -3.268001e+000 -9.381719e-001 0.000000e+000
         vertex -3.282541e+000 -8.859591e-001 0.000000e+000
      endloop
   endfacet
   facet normal 9.668242e-001 2.554424e-001 0.000000e+000
      outer loop
         vertex -3.282541e+000 -8.859591e-001 2.800000e+001
         vertex -3.282541e+000 -8.859591e-001 0.000000e+000
         vertex -3.296247e+000 -8.335211e-001 2.800000e+001
      endloop
   endfacet
   facet normal 9.681680e-001 2.503013e-001 0.000000e+000
      outer loop
         vertex -3.296247e+000 -8.335211e-001 2.800000e+001
         vertex -3.282541e+000 -8.859591e-001 0.000000e+000
         vertex -3.296247e+000 -8.335211e-001 0.000000e+000
      endloop
   endfacet
   facet normal 9.707733e-001 2.399983e-001 0.000000e+000
      outer loop
         vertex -3.296247e+000 -8.335211e-001 2.800000e+001
         vertex -3.296247e+000 -8.335211e-001 0.000000e+000
         vertex -3.309115e+000 -7.808714e-001 2.800000e+001
      endloop
   endfacet
   facet normal 9.720349e-001 2.348364e-001 0.000000e+000
      outer loop
         vertex -3.309115e+000 -7.808714e-001 2.800000e+001
         vertex -3.296247e+000 -8.335211e-001 0.000000e+000
         vertex -3.309115e+000 -7.808714e-001 0.000000e+000
      endloop
   endfacet
   facet normal 9.744757e-001 2.244932e-001 0.000000e+000
      outer loop
         vertex -3.309115e+000 -7.808714e-001 2.800000e+001
         vertex -3.309115e+000 -7.808714e-001 0.000000e+000
         vertex -3.321142e+000 -7.280232e-001 2.800000e+001
      endloop
   endfacet
   facet normal 9.756548e-001 2.193119e-001 0.000000e+000
      outer loop
         vertex -3.321142e+000 -7.280232e-001 2.800000e+001
         vertex -3.309115e+000 -7.808714e-001 0.000000e+000
         vertex -3.321142e+000 -7.280232e-001 0.000000e+000
      endloop
   endfacet
   facet normal 9.779304e-001 2.089310e-001 0.000000e+000
      outer loop
         vertex -3.321142e+000 -7.280232e-001 2.800000e+001
         vertex -3.321142e+000 -7.280232e-001 0.000000e+000
         vertex -3.332325e+000 -6.749900e-001 2.800000e+001
      endloop
   endfacet
   facet normal 9.790268e-001 2.037316e-001 0.000000e+000
      outer loop
         vertex -3.332325e+000 -6.749900e-001 2.800000e+001
         vertex -3.321142e+000 -7.280232e-001 0.000000e+000
         vertex -3.332325e+000 -6.749900e-001 0.000000e+000
      endloop
   endfacet
   facet normal 9.811366e-001 1.933158e-001 0.000000e+000
      outer loop
         vertex -3.332325e+000 -6.749900e-001 2.800000e+001
         vertex -3.332325e+000 -6.749900e-001 0.000000e+000
         vertex -3.342661e+000 -6.217852e-001 2.800000e+001
      endloop
   endfacet
   facet normal 9.821500e-001 1.880995e-001 0.000000e+000
      outer loop
         vertex -3.342661e+000 -6.217852e-001 2.800000e+001
         vertex -3.332325e+000 -6.749900e-001 0.000000e+000
         vertex -3.342661e+000 -6.217852e-001 0.000000e+000
      endloop
   endfacet
   facet normal 9.840935e-001 1.776514e-001 0.000000e+000
      outer loop
         vertex -3.342661e+000 -6.217852e-001 2.800000e+001
         vertex -3.342661e+000 -6.217852e-001 0.000000e+000
         vertex -3.352148e+000 -5.684226e-001 2.800000e+001
      endloop
   endfacet
   facet normal 9.850236e-001 1.724196e-001 0.000000e+000
      outer loop
         vertex -3.352148e+000 -5.684226e-001 2.800000e+001
         vertex -3.342661e+000 -6.217852e-001 0.000000e+000
         vertex -3.352148e+000 -5.684226e-001 0.000000e+000
      endloop
   endfacet
   facet normal 9.868004e-001 1.619419e-001 0.000000e+000
      outer loop
         vertex -3.352148e+000 -5.684226e-001 2.800000e+001
         vertex -3.352148e+000 -5.684226e-001 0.000000e+000
         vertex -3.360783e+000 -5.149153e-001 2.800000e+001
      endloop
   endfacet
   facet normal 9.876469e-001 1.566959e-001 0.000000e+000
      outer loop
         vertex -3.360783e+000 -5.149153e-001 2.800000e+001
         vertex -3.352148e+000 -5.684226e-001 0.000000e+000
         vertex -3.360783e+000 -5.149153e-001 0.000000e+000
      endloop
   endfacet
   facet normal 9.892564e-001 1.461912e-001 0.000000e+000
      outer loop
         vertex -3.360783e+000 -5.149153e-001 2.800000e+001
         vertex -3.360783e+000 -5.149153e-001 0.000000e+000
         vertex -3.368564e+000 -4.612773e-001 2.800000e+001
      endloop
   endfacet
   facet normal 9.900192e-001 1.409324e-001 0.000000e+000
      outer loop
         vertex -3.368564e+000 -4.612773e-001 2.800000e+001
         vertex -3.360783e+000 -5.149153e-001 0.000000e+000
         vertex -3.368564e+000 -4.612773e-001 0.000000e+000
      endloop
   endfacet
   facet normal 9.914610e-001 1.304034e-001 0.000000e+000
      outer loop
         vertex -3.368564e+000 -4.612773e-001 2.800000e+001
         vertex -3.368564e+000 -4.612773e-001 0.000000e+000
         vertex -3.375489e+000 -4.075221e-001 2.800000e+001
      endloop
   endfacet
   facet normal 9.921399e-001 1.251331e-001 0.000000e+000
      outer loop
         vertex -3.375489e+000 -4.075221e-001 2.800000e+001
         vertex -3.368564e+000 -4.612773e-001 0.000000e+000
         vertex -3.375489e+000 -4.075221e-001 0.000000e+000
      endloop
   endfacet
   facet normal 9.934137e-001 1.145824e-001 0.000000e+000
      outer loop
         vertex -3.375489e+000 -4.075221e-001 2.800000e+001
         vertex -3.375489e+000 -4.075221e-001 0.000000e+000
         vertex -3.381556e+000 -3.536633e-001 2.800000e+001
      endloop
   endfacet
   facet normal 9.940086e-001 1.093020e-001 0.000000e+000
      outer loop
         vertex -3.381556e+000 -3.536633e-001 2.800000e+001
         vertex -3.375489e+000 -4.075221e-001 0.000000e+000
         vertex -3.381556e+000 -3.536633e-001 0.000000e+000
      endloop
   endfacet
   facet normal 9.951141e-001 9.873232e-002 0.000000e+000
      outer loop
         vertex -3.381556e+000 -3.536633e-001 2.800000e+001
         vertex -3.381556e+000 -3.536633e-001 0.000000e+000
         vertex -3.386764e+000 -2.997146e-001 2.800000e+001
      endloop
   endfacet
   facet normal 9.956247e-001 9.344308e-002 0.000000e+000
      outer loop
         vertex -3.386764e+000 -2.997146e-001 2.800000e+001
         vertex -3.381556e+000 -3.536633e-001 0.000000e+000
         vertex -3.386764e+000 -2.997146e-001 0.000000e+000
      endloop
   endfacet
   facet normal 9.965614e-001 8.285714e-002 0.000000e+000
      outer loop
         vertex -3.386764e+000 -2.997146e-001 2.800000e+001
         vertex -3.386764e+000 -2.997146e-001 0.000000e+000
         vertex -3.391112e+000 -2.456898e-001 2.800000e+001
      endloop
   endfacet
   facet normal 9.969877e-001 7.756044e-002 0.000000e+000
      outer loop
         vertex -3.391112e+000 -2.456898e-001 2.800000e+001
         vertex -3.386764e+000 -2.997146e-001 0.000000e+000
         vertex -3.391112e+000 -2.456898e-001 0.000000e+000
      endloop
   endfacet
   facet normal 9.977556e-001 6.696092e-002 0.000000e+000
      outer loop
         vertex -3.391112e+000 -2.456898e-001 2.800000e+001
         vertex -3.391112e+000 -2.456898e-001 0.000000e+000
         vertex -3.394597e+000 -1.916025e-001 2.800000e+001
      endloop
   endfacet
   facet normal 9.980973e-001 6.165810e-002 0.000000e+000
      outer loop
         vertex -3.394597e+000 -1.916025e-001 2.800000e+001
         vertex -3.391112e+000 -2.456898e-001 0.000000e+000
         vertex -3.394597e+000 -1.916025e-001 0.000000e+000
      endloop
   endfacet
   facet normal 9.986962e-001 5.104768e-002 0.000000e+000
      outer loop
         vertex -3.394597e+000 -1.916025e-001 2.800000e+001
         vertex -3.394597e+000 -1.916025e-001 0.000000e+000
         vertex -3.397220e+000 -1.374665e-001 2.800000e+001
      endloop
   endfacet
   facet normal 9.989534e-001 4.574007e-002 0.000000e+000
      outer loop
         vertex -3.397220e+000 -1.374665e-001 2.800000e+001
         vertex -3.394597e+000 -1.916025e-001 0.000000e+000
         vertex -3.397220e+000 -1.374665e-001 0.000000e+000
      endloop
   endfacet
   facet normal 9.993831e-001 3.512145e-002 0.000000e+000
      outer loop
         vertex -3.397220e+000 -1.374665e-001 2.800000e+001
         vertex -3.397220e+000 -1.374665e-001 0.000000e+000
         vertex -3.398980e+000 -8.329565e-002 2.800000e+001
      endloop
   endfacet
   facet normal 9.995556e-001 2.981043e-002 0.000000e+000
      outer loop
         vertex -3.398980e+000 -8.329565e-002 2.800000e+001
         vertex -3.397220e+000 -1.374665e-001 0.000000e+000
         vertex -3.398980e+000 -8.329565e-002 0.000000e+000
      endloop
   endfacet
   facet normal 9.998159e-001 1.918631e-002 0.000000e+000
      outer loop
         vertex -3.398980e+000 -8.329565e-002 2.800000e+001
         vertex -3.398980e+000 -8.329565e-002 0.000000e+000
         vertex -3.399875e+000 -2.910359e-002 2.800000e+001
      endloop
   endfacet
   facet normal 9.999038e-001 1.387322e-002 0.000000e+000
      outer loop
         vertex -3.399875e+000 -2.910359e-002 2.800000e+001
         vertex -3.398980e+000 -8.329565e-002 0.000000e+000
         vertex -3.399875e+000 -2.910359e-002 0.000000e+000
      endloop
   endfacet
   facet normal 9.999948e-001 3.246299e-003 0.000000e+000
      outer loop
         vertex -3.399875e+000 -2.910359e-002 2.800000e+001
         vertex -3.399875e+000 -2.910359e-002 0.000000e+000
         vertex -3.399907e+000 2.509586e-002 2.800000e+001
      endloop
   endfacet
   facet normal 9.999979e-001 -2.067523e-003 0.000000e+000
      outer loop
         vertex -3.399907e+000 2.509586e-002 2.800000e+001
         vertex -3.399875e+000 -2.910359e-002 0.000000e+000
         vertex -3.399907e+000 2.509586e-002 0.000000e+000
      endloop
   endfacet
   facet normal 9.999194e-001 -1.269454e-002 0.000000e+000
      outer loop
         vertex -3.399907e+000 2.509586e-002 2.800000e+001
         vertex -3.399907e+000 2.509586e-002 0.000000e+000
         vertex -3.399075e+000 7.928894e-002 2.800000e+001
      endloop
   endfacet
   facet normal 9.998379e-001 -1.800774e-002 0.000000e+000
      outer loop
         vertex -3.399075e+000 7.928894e-002 2.800000e+001
         vertex -3.399907e+000 2.509586e-002 0.000000e+000
         vertex -3.399075e+000 7.928894e-002 0.000000e+000
      endloop
   endfacet
   facet normal 9.995900e-001 -2.863216e-002 0.000000e+000
      outer loop
         vertex -3.399075e+000 7.928894e-002 2.800000e+001
         vertex -3.399075e+000 7.928894e-002 0.000000e+000
         vertex -3.397380e+000 1.334619e-001 2.800000e+001
      endloop
   endfacet
   facet normal 9.994238e-001 -3.394338e-002 0.000000e+000
      outer loop
         vertex -3.397380e+000 1.334619e-001 2.800000e+001
         vertex -3.399075e+000 7.928894e-002 0.000000e+000
         vertex -3.397380e+000 1.334619e-001 0.000000e+000
      endloop
   endfacet
   facet normal 9.990066e-001 -4.456249e-002 0.000000e+000
      outer loop
         vertex -3.397380e+000 1.334619e-001 2.800000e+001
         vertex -3.397380e+000 1.334619e-001 0.000000e+000
         vertex -3.394820e+000 1.876009e-001 2.800000e+001
      endloop
   endfacet
   facet normal 9.987557e-001 -4.987039e-002 0.000000e+000
      outer loop
         vertex -3.394820e+000 1.876009e-001 2.800000e+001
         vertex -3.397380e+000 1.334619e-001 0.000000e+000
         vertex -3.394820e+000 1.876009e-001 0.000000e+000
      endloop
   endfacet
   facet normal 9.981693e-001 -6.048151e-002 0.000000e+000
      outer loop
         vertex -3.394820e+000 1.876009e-001 2.800000e+001
         vertex -3.394820e+000 1.876009e-001 0.000000e+000
         vertex -3.391399e+000 2.416922e-001 2.800000e+001
      endloop
   endfacet
   facet normal 9.978338e-001 -6.578472e-002 0.000000e+000
      outer loop
         vertex -3.391399e+000 2.416922e-001 2.800000e+001
         vertex -3.394820e+000 1.876009e-001 0.000000e+000
         vertex -3.391399e+000 2.416922e-001 0.000000e+000
      endloop
   endfacet
   facet normal 9.970784e-001 -7.638515e-002 0.000000e+000
      outer loop
         vertex -3.391399e+000 2.416922e-001 2.800000e+001
         vertex -3.391399e+000 2.416922e-001 0.000000e+000
         vertex -3.387115e+000 2.957221e-001 2.800000e+001
      endloop
   endfacet
   facet normal 9.966584e-001 -8.168236e-002 0.000000e+000
      outer loop
         vertex -3.387115e+000 2.957221e-001 2.800000e+001
         vertex -3.391399e+000 2.416922e-001 0.000000e+000
         vertex -3.387115e+000 2.957221e-001 0.000000e+000
      endloop
   endfacet
   facet normal 9.957341e-001 -9.226939e-002 0.000000e+000
      outer loop
         vertex -3.387115e+000 2.957221e-001 2.800000e+001
         vertex -3.387115e+000 2.957221e-001 0.000000e+000
         vertex -3.381971e+000 3.496769e-001 2.800000e+001
      endloop
   endfacet
   facet normal 9.952298e-001 -9.755923e-002 0.000000e+000
      outer loop
         vertex -3.381971e+000 3.496769e-001 2.800000e+001
         vertex -3.387115e+000 2.957221e-001 0.000000e+000
         vertex -3.381971e+000 3.496769e-001 0.000000e+000
      endloop
   endfacet
   facet normal 9.941368e-001 -1.081302e-001 0.000000e+000
      outer loop
         vertex -3.381971e+000 3.496769e-001 2.800000e+001
         vertex -3.381971e+000 3.496769e-001 0.000000e+000
         vertex -3.375967e+000 4.035428e-001 2.800000e+001
      endloop
   endfacet
   facet normal 9.935482e-001 -1.134113e-001 0.000000e+000
      outer loop
         vertex -3.375967e+000 4.035428e-001 2.800000e+001
         vertex -3.381971e+000 3.496769e-001 0.000000e+000
         vertex -3.375967e+000 4.035428e-001 0.000000e+000
      endloop
   endfacet
   facet normal 9.922868e-001 -1.239635e-001 0.000000e+000
      outer loop
         vertex -3.375967e+000 4.035428e-001 2.800000e+001
         vertex -3.375967e+000 4.035428e-001 0.000000e+000
         vertex -3.369105e+000 4.573062e-001 2.800000e+001
      endloop
   endfacet
   facet normal 9.916140e-001 -1.292346e-001 0.000000e+000
      outer loop
         vertex -3.369105e+000 4.573062e-001 2.800000e+001
         vertex -3.375967e+000 4.035428e-001 0.000000e+000
         vertex -3.369105e+000 4.573062e-001 0.000000e+000
      endloop
   endfacet
   facet normal 9.901847e-001 -1.397653e-001 0.000000e+000
      outer loop
         vertex -3.369105e+000 4.573062e-001 2.800000e+001
         vertex -3.369105e+000 4.573062e-001 0.000000e+000
         vertex -3.361388e+000 5.109534e-001 2.800000e+001
      endloop
   endfacet
   facet normal 9.894280e-001 -1.450250e-001 0.000000e+000
      outer loop
         vertex -3.361388e+000 5.109534e-001 2.800000e+001
         vertex -3.369105e+000 4.573062e-001 0.000000e+000
         vertex -3.361388e+000 5.109534e-001 0.000000e+000
      endloop
   endfacet
   facet normal 9.878309e-001 -1.555316e-001 0.000000e+000
      outer loop
         vertex -3.361388e+000 5.109534e-001 2.800000e+001
         vertex -3.361388e+000 5.109534e-001 0.000000e+000
         vertex -3.352816e+000 5.644706e-001 2.800000e+001
      endloop
   endfacet
   facet normal 9.869905e-001 -1.607785e-001 0.000000e+000
      outer loop
         vertex -3.352816e+000 5.644706e-001 2.800000e+001
         vertex -3.361388e+000 5.109534e-001 0.000000e+000
         vertex -3.352816e+000 5.644706e-001 0.000000e+000
      endloop
   endfacet
   facet normal 9.852262e-001 -1.712584e-001 0.000000e+000
      outer loop
         vertex -3.352816e+000 5.644706e-001 2.800000e+001
         vertex -3.352816e+000 5.644706e-001 0.000000e+000
         vertex -3.343392e+000 6.178446e-001 2.800000e+001
      endloop
   endfacet
   facet normal 9.843022e-001 -1.764912e-001 0.000000e+000
      outer loop
         vertex -3.343392e+000 6.178446e-001 2.800000e+001
         vertex -3.352816e+000 5.644706e-001 0.000000e+000
         vertex -3.343392e+000 6.178446e-001 0.000000e+000
      endloop
   endfacet
   facet normal 9.823711e-001 -1.869416e-001 0.000000e+000
      outer loop
         vertex -3.343392e+000 6.178446e-001 2.800000e+001
         vertex -3.343392e+000 6.178446e-001 0.000000e+000
         vertex -3.333118e+000 6.710615e-001 2.800000e+001
      endloop
   endfacet
   facet normal 9.813638e-001 -1.921591e-001 0.000000e+000
      outer loop
         vertex -3.333118e+000 6.710615e-001 2.800000e+001
         vertex -3.343392e+000 6.178446e-001 0.000000e+000
         vertex -3.333118e+000 6.710615e-001 0.000000e+000
      endloop
   endfacet
   facet normal 9.792662e-001 -2.025774e-001 0.000000e+000
      outer loop
         vertex -3.333118e+000 6.710615e-001 2.800000e+001
         vertex -3.333118e+000 6.710615e-001 0.000000e+000
         vertex -3.321998e+000 7.241078e-001 2.800000e+001
      endloop
   endfacet
   facet normal 9.781760e-001 -2.077781e-001 0.000000e+000
      outer loop
         vertex -3.321998e+000 7.241078e-001 2.800000e+001
         vertex -3.333118e+000 6.710615e-001 0.000000e+000
         vertex -3.321998e+000 7.241078e-001 0.000000e+000
      endloop
   endfacet
   facet normal 9.759127e-001 -2.181616e-001 0.000000e+000
      outer loop
         vertex -3.321998e+000 7.241078e-001 2.800000e+001
         vertex -3.321998e+000 7.241078e-001 0.000000e+000
         vertex -3.310033e+000 7.769701e-001 2.800000e+001
      endloop
   endfacet
   facet normal 9.747396e-001 -2.233444e-001 0.000000e+000
      outer loop
         vertex -3.310033e+000 7.769701e-001 2.800000e+001
         vertex -3.321998e+000 7.241078e-001 0.000000e+000
         vertex -3.310033e+000 7.769701e-001 0.000000e+000
      endloop
   endfacet
   facet normal 9.723111e-001 -2.336904e-001 0.000000e+000
      outer loop
         vertex -3.310033e+000 7.769701e-001 2.800000e+001
         vertex -3.310033e+000 7.769701e-001 0.000000e+000
         vertex -3.297227e+000 8.296350e-001 2.800000e+001
      endloop
   endfacet
   facet normal 9.710556e-001 -2.388538e-001 0.000000e+000
      outer loop
         vertex -3.297227e+000 8.296350e-001 2.800000e+001
         vertex -3.310033e+000 7.769701e-001 0.000000e+000
         vertex -3.297227e+000 8.296350e-001 0.000000e+000
      endloop
   endfacet
   facet normal 9.684623e-001 -2.491599e-001 0.000000e+000
      outer loop
         vertex -3.297227e+000 8.296350e-001 2.800000e+001
         vertex -3.297227e+000 8.296350e-001 0.000000e+000
         vertex -3.283583e+000 8.820891e-001 2.800000e+001
      endloop
   endfacet
   facet normal 9.671247e-001 -2.543026e-001 0.000000e+000
      outer loop
         vertex -3.283583e+000 8.820891e-001 2.800000e+001
         vertex -3.297227e+000 8.296350e-001 0.000000e+000
         vertex -3.283583e+000 8.820891e-001 0.000000e+000
      endloop
   endfacet
   facet normal 9.643676e-001 -2.645660e-001 0.000000e+000
      outer loop
         vertex -3.283583e+000 8.820891e-001 2.800000e+001
         vertex -3.283583e+000 8.820891e-001 0.000000e+000
         vertex -3.269105e+000 9.343190e-001 2.800000e+001
      endloop
   endfacet
   facet normal 9.629481e-001 -2.696868e-001 0.000000e+000
      outer loop
         vertex -3.269105e+000 9.343190e-001 2.800000e+001
         vertex -3.283583e+000 8.820891e-001 0.000000e+000
         vertex -3.269105e+000 9.343190e-001 0.000000e+000
      endloop
   endfacet
   facet normal 9.600278e-001 -2.799049e-001 0.000000e+000
      outer loop
         vertex -3.269105e+000 9.343190e-001 2.800000e+001
         vertex -3.269105e+000 9.343190e-001 0.000000e+000
         vertex -3.253796e+000 9.863115e-001 2.800000e+001
      endloop
   endfacet
   facet normal 9.585268e-001 -2.850024e-001 0.000000e+000
      outer loop
         vertex -3.253796e+000 9.863115e-001 2.800000e+001
         vertex -3.269105e+000 9.343190e-001 0.000000e+000
         vertex -3.253796e+000 9.863115e-001 0.000000e+000
      endloop
   endfacet
   facet normal -9.585268e-001 -2.850024e-001 0.000000e+000
      outer loop
         vertex 3.253796e+000 9.863115e-001 2.800000e+001
         vertex 3.253796e+000 9.863115e-001 0.000000e+000
         vertex 3.269105e+000 9.343190e-001 2.800000e+001
      endloop
   endfacet
   facet normal -9.600278e-001 -2.799049e-001 0.000000e+000
      outer loop
         vertex 3.269105e+000 9.343190e-001 2.800000e+001
         vertex 3.253796e+000 9.863115e-001 0.000000e+000
         vertex 3.269105e+000 9.343190e-001 0.000000e+000
      endloop
   endfacet
   facet normal -9.629481e-001 -2.696868e-001 0.000000e+000
      outer loop
         vertex 3.269105e+000 9.343190e-001 2.800000e+001
         vertex 3.269105e+000 9.343190e-001 0.000000e+000
         vertex 3.283583e+000 8.820891e-001 2.800000e+001
      endloop
   endfacet
   facet normal -9.643676e-001 -2.645660e-001 0.000000e+000
      outer loop
         vertex 3.283583e+000 8.820891e-001 2.800000e+001
         vertex 3.269105e+000 9.343190e-001 0.000000e+000
         vertex 3.283583e+000 8.820891e-001 0.000000e+000
      endloop
   endfacet
   facet normal -9.671247e-001 -2.543027e-001 0.000000e+000
      outer loop
         vertex 3.283583e+000 8.820891e-001 2.800000e+001
         vertex 3.283583e+000 8.820891e-001 0.000000e+000
         vertex 3.297227e+000 8.296350e-001 2.800000e+001
      endloop
   endfacet
   facet normal -9.684623e-001 -2.491599e-001 0.000000e+000
      outer loop
         vertex 3.297227e+000 8.296350e-001 2.800000e+001
         vertex 3.283583e+000 8.820891e-001 0.000000e+000
         vertex 3.297227e+000 8.296350e-001 0.000000e+000
      endloop
   endfacet
   facet normal -9.710556e-001 -2.388538e-001 0.000000e+000
      outer loop
         vertex 3.297227e+000 8.296350e-001 2.800000e+001
         vertex 3.297227e+000 8.296350e-001 0.000000e+000
         vertex 3.310033e+000 7.769701e-001 2.800000e+001
      endloop
   endfacet
   facet normal -9.723111e-001 -2.336904e-001 0.000000e+000
      outer loop
         vertex 3.310033e+000 7.769701e-001 2.800000e+001
         vertex 3.297227e+000 8.296350e-001 0.000000e+000
         vertex 3.310033e+000 7.769701e-001 0.000000e+000
      endloop
   endfacet
   facet normal -9.747396e-001 -2.233444e-001 0.000000e+000
      outer loop
         vertex 3.310033e+000 7.769701e-001 2.800000e+001
         vertex 3.310033e+000 7.769701e-001 0.000000e+000
         vertex 3.321998e+000 7.241078e-001 2.800000e+001
      endloop
   endfacet
   facet normal -9.759127e-001 -2.181616e-001 0.000000e+000
      outer loop
         vertex 3.321998e+000 7.241078e-001 2.800000e+001
         vertex 3.310033e+000 7.769701e-001 0.000000e+000
         vertex 3.321998e+000 7.241078e-001 0.000000e+000
      endloop
   endfacet
   facet normal -9.781760e-001 -2.077781e-001 0.000000e+000
      outer loop
         vertex 3.321998e+000 7.241078e-001 2.800000e+001
         vertex 3.321998e+000 7.241078e-001 0.000000e+000
         vertex 3.333118e+000 6.710615e-001 2.800000e+001
      endloop
   endfacet
   facet normal -9.792662e-001 -2.025774e-001 0.000000e+000
      outer loop
         vertex 3.333118e+000 6.710615e-001 2.800000e+001
         vertex 3.321998e+000 7.241078e-001 0.000000e+000
         vertex 3.333118e+000 6.710615e-001 0.000000e+000
      endloop
   endfacet
   facet normal -9.813638e-001 -1.921591e-001 0.000000e+000
      outer loop
         vertex 3.333118e+000 6.710615e-001 2.800000e+001
         vertex 3.333118e+000 6.710615e-001 0.000000e+000
         vertex 3.343392e+000 6.178446e-001 2.800000e+001
      endloop
   endfacet
   facet normal -9.823711e-001 -1.869416e-001 0.000000e+000
      outer loop
         vertex 3.343392e+000 6.178446e-001 2.800000e+001
         vertex 3.333118e+000 6.710615e-001 0.000000e+000
         vertex 3.343392e+000 6.178446e-001 0.000000e+000
      endloop
   endfacet
   facet normal -9.843022e-001 -1.764912e-001 0.000000e+000
      outer loop
         vertex 3.343392e+000 6.178446e-001 2.800000e+001
         vertex 3.343392e+000 6.178446e-001 0.000000e+000
         vertex 3.352816e+000 5.644706e-001 2.800000e+001
      endloop
   endfacet
   facet normal -9.852262e-001 -1.712584e-001 0.000000e+000
      outer loop
         vertex 3.352816e+000 5.644706e-001 2.800000e+001
         vertex 3.343392e+000 6.178446e-001 0.000000e+000
         vertex 3.352816e+000 5.644706e-001 0.000000e+000
      endloop
   endfacet
   facet normal -9.869905e-001 -1.607785e-001 0.000000e+000
      outer loop
         vertex 3.352816e+000 5.644706e-001 2.800000e+001
         vertex 3.352816e+000 5.644706e-001 0.000000e+000
         vertex 3.361388e+000 5.109534e-001 2.800000e+001
      endloop
   endfacet
   facet normal -9.878309e-001 -1.555316e-001 0.000000e+000
      outer loop
         vertex 3.361388e+000 5.109534e-001 2.800000e+001
         vertex 3.352816e+000 5.644706e-001 0.000000e+000
         vertex 3.361388e+000 5.109534e-001 0.000000e+000
      endloop
   endfacet
   facet normal -9.894280e-001 -1.450250e-001 0.000000e+000
      outer loop
         vertex 3.361388e+000 5.109534e-001 2.800000e+001
         vertex 3.361388e+000 5.109534e-001 0.000000e+000
         vertex 3.369105e+000 4.573062e-001 2.800000e+001
      endloop
   endfacet
   facet normal -9.901847e-001 -1.397653e-001 0.000000e+000
      outer loop
         vertex 3.369105e+000 4.573062e-001 2.800000e+001
         vertex 3.361388e+000 5.109534e-001 0.000000e+000
         vertex 3.369105e+000 4.573062e-001 0.000000e+000
      endloop
   endfacet
   facet normal -9.916140e-001 -1.292346e-001 0.000000e+000
      outer loop
         vertex 3.369105e+000 4.573062e-001 2.800000e+001
         vertex 3.369105e+000 4.573062e-001 0.000000e+000
         vertex 3.375967e+000 4.035428e-001 2.800000e+001
      endloop
   endfacet
   facet normal -9.922868e-001 -1.239635e-001 0.000000e+000
      outer loop
         vertex 3.375967e+000 4.035428e-001 2.800000e+001
         vertex 3.369105e+000 4.573062e-001 0.000000e+000
         vertex 3.375967e+000 4.035428e-001 0.000000e+000
      endloop
   endfacet
   facet normal -9.935482e-001 -1.134113e-001 0.000000e+000
      outer loop
         vertex 3.375967e+000 4.035428e-001 2.800000e+001
         vertex 3.375967e+000 4.035428e-001 0.000000e+000
         vertex 3.381971e+000 3.496769e-001 2.800000e+001
      endloop
   endfacet
   facet normal -9.941368e-001 -1.081302e-001 0.000000e+000
      outer loop
         vertex 3.381971e+000 3.496769e-001 2.800000e+001
         vertex 3.375967e+000 4.035428e-001 0.000000e+000
         vertex 3.381971e+000 3.496769e-001 0.000000e+000
      endloop
   endfacet
   facet normal -9.952298e-001 -9.755924e-002 0.000000e+000
      outer loop
         vertex 3.381971e+000 3.496769e-001 2.800000e+001
         vertex 3.381971e+000 3.496769e-001 0.000000e+000
         vertex 3.387115e+000 2.957221e-001 2.800000e+001
      endloop
   endfacet
   facet normal -9.957341e-001 -9.226939e-002 0.000000e+000
      outer loop
         vertex 3.387115e+000 2.957221e-001 2.800000e+001
         vertex 3.381971e+000 3.496769e-001 0.000000e+000
         vertex 3.387115e+000 2.957221e-001 0.000000e+000
      endloop
   endfacet
   facet normal -9.966584e-001 -8.168236e-002 0.000000e+000
      outer loop
         vertex 3.387115e+000 2.957221e-001 2.800000e+001
         vertex 3.387115e+000 2.957221e-001 0.000000e+000
         vertex 3.391399e+000 2.416922e-001 2.800000e+001
      endloop
   endfacet
   facet normal -9.970784e-001 -7.638516e-002 0.000000e+000
      outer loop
         vertex 3.391399e+000 2.416922e-001 2.800000e+001
         vertex 3.387115e+000 2.957221e-001 0.000000e+000
         vertex 3.391399e+000 2.416922e-001 0.000000e+000
      endloop
   endfacet
   facet normal -9.978338e-001 -6.578473e-002 0.000000e+000
      outer loop
         vertex 3.391399e+000 2.416922e-001 2.800000e+001
         vertex 3.391399e+000 2.416922e-001 0.000000e+000
         vertex 3.394820e+000 1.876009e-001 2.800000e+001
      endloop
   endfacet
   facet normal -9.981693e-001 -6.048151e-002 0.000000e+000
      outer loop
         vertex 3.394820e+000 1.876009e-001 2.800000e+001
         vertex 3.391399e+000 2.416922e-001 0.000000e+000
         vertex 3.394820e+000 1.876009e-001 0.000000e+000
      endloop
   endfacet
   facet normal -9.987557e-001 -4.987039e-002 0.000000e+000
      outer loop
         vertex 3.394820e+000 1.876009e-001 2.800000e+001
         vertex 3.394820e+000 1.876009e-001 0.000000e+000
         vertex 3.397380e+000 1.334619e-001 2.800000e+001
      endloop
   endfacet
   facet normal -9.990066e-001 -4.456249e-002 0.000000e+000
      outer loop
         vertex 3.397380e+000 1.334619e-001 2.800000e+001
         vertex 3.394820e+000 1.876009e-001 0.000000e+000
         vertex 3.397380e+000 1.334619e-001 0.000000e+000
      endloop
   endfacet
   facet normal -9.994238e-001 -3.394338e-002 0.000000e+000
      outer loop
         vertex 3.397380e+000 1.334619e-001 2.800000e+001
         vertex 3.397380e+000 1.334619e-001 0.000000e+000
         vertex 3.399075e+000 7.928894e-002 2.800000e+001
      endloop
   endfacet
   facet normal -9.995900e-001 -2.863216e-002 0.000000e+000
      outer loop
         vertex 3.399075e+000 7.928894e-002 2.800000e+001
         vertex 3.397380e+000 1.334619e-001 0.000000e+000
         vertex 3.399075e+000 7.928894e-002 0.000000e+000
      endloop
   endfacet
   facet normal -9.998379e-001 -1.800774e-002 0.000000e+000
      outer loop
         vertex 3.399075e+000 7.928894e-002 2.800000e+001
         vertex 3.399075e+000 7.928894e-002 0.000000e+000
         vertex 3.399907e+000 2.509586e-002 2.800000e+001
      endloop
   endfacet
   facet normal -9.999194e-001 -1.269454e-002 0.000000e+000
      outer loop
         vertex 3.399907e+000 2.509586e-002 2.800000e+001
         vertex 3.399075e+000 7.928894e-002 0.000000e+000
         vertex 3.399907e+000 2.509586e-002 0.000000e+000
      endloop
   endfacet
   facet normal -9.999979e-001 -2.067523e-003 0.000000e+000
      outer loop
         vertex 3.399907e+000 2.509586e-002 2.800000e+001
         vertex 3.399907e+000 2.509586e-002 0.000000e+000
         vertex 3.399875e+000 -2.910359e-002 2.800000e+001
      endloop
   endfacet
   facet normal -9.999948e-001 3.246299e-003 0.000000e+000
      outer loop
         vertex 3.399875e+000 -2.910359e-002 2.800000e+001
         vertex 3.399907e+000 2.509586e-002 0.000000e+000
         vertex 3.399875e+000 -2.910359e-002 0.000000e+000
      endloop
   endfacet
   facet normal -9.999038e-001 1.387322e-002 0.000000e+000
      outer loop
         vertex 3.399875e+000 -2.910359e-002 2.800000e+001
         vertex 3.399875e+000 -2.910359e-002 0.000000e+000
         vertex 3.398980e+000 -8.329565e-002 2.800000e+001
      endloop
   endfacet
   facet normal -9.998159e-001 1.918631e-002 0.000000e+000
      outer loop
         vertex 3.398980e+000 -8.329565e-002 2.800000e+001
         vertex 3.399875e+000 -2.910359e-002 0.000000e+000
         vertex 3.398980e+000 -8.329565e-002 0.000000e+000
      endloop
   endfacet
   facet normal -9.995556e-001 2.981043e-002 0.000000e+000
      outer loop
         vertex 3.398980e+000 -8.329565e-002 2.800000e+001
         vertex 3.398980e+000 -8.329565e-002 0.000000e+000
         vertex 3.397220e+000 -1.374665e-001 2.800000e+001
      endloop
   endfacet
   facet normal -9.993831e-001 3.512145e-002 0.000000e+000
      outer loop
         vertex 3.397220e+000 -1.374665e-001 2.800000e+001
         vertex 3.398980e+000 -8.329565e-002 0.000000e+000
         vertex 3.397220e+000 -1.374665e-001 0.000000e+000
      endloop
   endfacet
   facet normal -9.989534e-001 4.574007e-002 0.000000e+000
      outer loop
         vertex 3.397220e+000 -1.374665e-001 2.800000e+001
         vertex 3.397220e+000 -1.374665e-001 0.000000e+000
         vertex 3.394597e+000 -1.916025e-001 2.800000e+001
      endloop
   endfacet
   facet normal -9.986962e-001 5.104767e-002 0.000000e+000
      outer loop
         vertex 3.394597e+000 -1.916025e-001 2.800000e+001
         vertex 3.397220e+000 -1.374665e-001 0.000000e+000
         vertex 3.394597e+000 -1.916025e-001 0.000000e+000
      endloop
   endfacet
   facet normal -9.980973e-001 6.165810e-002 0.000000e+000
      outer loop
         vertex 3.394597e+000 -1.916025e-001 2.800000e+001
         vertex 3.394597e+000 -1.916025e-001 0.000000e+000
         vertex 3.391112e+000 -2.456898e-001 2.800000e+001
      endloop
   endfacet
   facet normal -9.977556e-001 6.696092e-002 0.000000e+000
      outer loop
         vertex 3.391112e+000 -2.456898e-001 2.800000e+001
         vertex 3.394597e+000 -1.916025e-001 0.000000e+000
         vertex 3.391112e+000 -2.456898e-001 0.000000e+000
      endloop
   endfacet
   facet normal -9.969877e-001 7.756044e-002 0.000000e+000
      outer loop
         vertex 3.391112e+000 -2.456898e-001 2.800000e+001
         vertex 3.391112e+000 -2.456898e-001 0.000000e+000
         vertex 3.386764e+000 -2.997146e-001 2.800000e+001
      endloop
   endfacet
   facet normal -9.965614e-001 8.285714e-002 0.000000e+000
      outer loop
         vertex 3.386764e+000 -2.997146e-001 2.800000e+001
         vertex 3.391112e+000 -2.456898e-001 0.000000e+000
         vertex 3.386764e+000 -2.997146e-001 0.000000e+000
      endloop
   endfacet
   facet normal -9.956247e-001 9.344308e-002 0.000000e+000
      outer loop
         vertex 3.386764e+000 -2.997146e-001 2.800000e+001
         vertex 3.386764e+000 -2.997146e-001 0.000000e+000
         vertex 3.381556e+000 -3.536633e-001 2.800000e+001
      endloop
   endfacet
   facet normal -9.951141e-001 9.873232e-002 0.000000e+000
      outer loop
         vertex 3.381556e+000 -3.536633e-001 2.800000e+001
         vertex 3.386764e+000 -2.997146e-001 0.000000e+000
         vertex 3.381556e+000 -3.536633e-001 0.000000e+000
      endloop
   endfacet
   facet normal -9.940086e-001 1.093020e-001 0.000000e+000
      outer loop
         vertex 3.381556e+000 -3.536633e-001 2.800000e+001
         vertex 3.381556e+000 -3.536633e-001 0.000000e+000
         vertex 3.375489e+000 -4.075221e-001 2.800000e+001
      endloop
   endfacet
   facet normal -9.934137e-001 1.145824e-001 0.000000e+000
      outer loop
         vertex 3.375489e+000 -4.075221e-001 2.800000e+001
         vertex 3.381556e+000 -3.536633e-001 0.000000e+000
         vertex 3.375489e+000 -4.075221e-001 0.000000e+000
      endloop
   endfacet
   facet normal -9.921399e-001 1.251331e-001 0.000000e+000
      outer loop
         vertex 3.375489e+000 -4.075221e-001 2.800000e+001
         vertex 3.375489e+000 -4.075221e-001 0.000000e+000
         vertex 3.368564e+000 -4.612773e-001 2.800000e+001
      endloop
   endfacet
   facet normal -9.914610e-001 1.304034e-001 0.000000e+000
      outer loop
         vertex 3.368564e+000 -4.612773e-001 2.800000e+001
         vertex 3.375489e+000 -4.075221e-001 0.000000e+000
         vertex 3.368564e+000 -4.612773e-001 0.000000e+000
      endloop
   endfacet
   facet normal -9.900192e-001 1.409324e-001 0.000000e+000
      outer loop
         vertex 3.368564e+000 -4.612773e-001 2.800000e+001
         vertex 3.368564e+000 -4.612773e-001 0.000000e+000
         vertex 3.360783e+000 -5.149153e-001 2.800000e+001
      endloop
   endfacet
   facet normal -9.892564e-001 1.461912e-001 0.000000e+000
      outer loop
         vertex 3.360783e+000 -5.149153e-001 2.800000e+001
         vertex 3.368564e+000 -4.612773e-001 0.000000e+000
         vertex 3.360783e+000 -5.149153e-001 0.000000e+000
      endloop
   endfacet
   facet normal -9.876469e-001 1.566959e-001 0.000000e+000
      outer loop
         vertex 3.360783e+000 -5.149153e-001 2.800000e+001
         vertex 3.360783e+000 -5.149153e-001 0.000000e+000
         vertex 3.352148e+000 -5.684226e-001 2.800000e+001
      endloop
   endfacet
   facet normal -9.868004e-001 1.619419e-001 0.000000e+000
      outer loop
         vertex 3.352148e+000 -5.684226e-001 2.800000e+001
         vertex 3.360783e+000 -5.149153e-001 0.000000e+000
         vertex 3.352148e+000 -5.684226e-001 0.000000e+000
      endloop
   endfacet
   facet normal -9.850236e-001 1.724196e-001 0.000000e+000
      outer loop
         vertex 3.352148e+000 -5.684226e-001 2.800000e+001
         vertex 3.352148e+000 -5.684226e-001 0.000000e+000
         vertex 3.342661e+000 -6.217852e-001 2.800000e+001
      endloop
   endfacet
   facet normal -9.840935e-001 1.776514e-001 0.000000e+000
      outer loop
         vertex 3.342661e+000 -6.217852e-001 2.800000e+001
         vertex 3.352148e+000 -5.684226e-001 0.000000e+000
         vertex 3.342661e+000 -6.217852e-001 0.000000e+000
      endloop
   endfacet
   facet normal -9.821500e-001 1.880995e-001 0.000000e+000
      outer loop
         vertex 3.342661e+000 -6.217852e-001 2.800000e+001
         vertex 3.342661e+000 -6.217852e-001 0.000000e+000
         vertex 3.332325e+000 -6.749900e-001 2.800000e+001
      endloop
   endfacet
   facet normal -9.811366e-001 1.933158e-001 0.000000e+000
      outer loop
         vertex 3.332325e+000 -6.749900e-001 2.800000e+001
         vertex 3.342661e+000 -6.217852e-001 0.000000e+000
         vertex 3.332325e+000 -6.749900e-001 0.000000e+000
      endloop
   endfacet
   facet normal -9.790268e-001 2.037316e-001 0.000000e+000
      outer loop
         vertex 3.332325e+000 -6.749900e-001 2.800000e+001
         vertex 3.332325e+000 -6.749900e-001 0.000000e+000
         vertex 3.321142e+000 -7.280232e-001 2.800000e+001
      endloop
   endfacet
   facet normal -9.779304e-001 2.089310e-001 0.000000e+000
      outer loop
         vertex 3.321142e+000 -7.280232e-001 2.800000e+001
         vertex 3.332325e+000 -6.749900e-001 0.000000e+000
         vertex 3.321142e+000 -7.280232e-001 0.000000e+000
      endloop
   endfacet
   facet normal -9.756548e-001 2.193119e-001 0.000000e+000
      outer loop
         vertex 3.321142e+000 -7.280232e-001 2.800000e+001
         vertex 3.321142e+000 -7.280232e-001 0.000000e+000
         vertex 3.309115e+000 -7.808714e-001 2.800000e+001
      endloop
   endfacet
   facet normal -9.744757e-001 2.244932e-001 0.000000e+000
      outer loop
         vertex 3.309115e+000 -7.808714e-001 2.800000e+001
         vertex 3.321142e+000 -7.280232e-001 0.000000e+000
         vertex 3.309115e+000 -7.808714e-001 0.000000e+000
      endloop
   endfacet
   facet normal -9.720349e-001 2.348364e-001 0.000000e+000
      outer loop
         vertex 3.309115e+000 -7.808714e-001 2.800000e+001
         vertex 3.309115e+000 -7.808714e-001 0.000000e+000
         vertex 3.296247e+000 -8.335211e-001 2.800000e+001
      endloop
   endfacet
   facet normal -9.707733e-001 2.399983e-001 0.000000e+000
      outer loop
         vertex 3.296247e+000 -8.335211e-001 2.800000e+001
         vertex 3.309115e+000 -7.808714e-001 0.000000e+000
         vertex 3.296247e+000 -8.335211e-001 0.000000e+000
      endloop
   endfacet
   facet normal -9.681680e-001 2.503013e-001 0.000000e+000
      outer loop
         vertex 3.296247e+000 -8.335211e-001 2.800000e+001
         vertex 3.296247e+000 -8.335211e-001 0.000000e+000
         vertex 3.282541e+000 -8.859591e-001 2.800000e+001
      endloop
   endfacet
   facet normal -9.668242e-001 2.554424e-001 0.000000e+000
      outer loop
         vertex 3.282541e+000 -8.859591e-001 2.800000e+001
         vertex 3.296247e+000 -8.335211e-001 0.000000e+000
         vertex 3.282541e+000 -8.859591e-001 0.000000e+000
      endloop
   endfacet
   facet normal -9.640551e-001 2.657026e-001 0.000000e+000
      outer loop
         vertex 3.282541e+000 -8.859591e-001 2.800000e+001
         vertex 3.282541e+000 -8.859591e-001 0.000000e+000
         vertex 3.268001e+000 -9.381719e-001 2.800000e+001
      endloop
   endfacet
   facet normal -9.626296e-001 2.708217e-001 0.000000e+000
      outer loop
         vertex 3.268001e+000 -9.381719e-001 2.800000e+001
         vertex 3.282541e+000 -8.859591e-001 0.000000e+000
         vertex 3.268001e+000 -9.381719e-001 0.000000e+000
      endloop
   endfacet
   facet normal -9.596971e-001 2.810363e-001 0.000000e+000
      outer loop
         vertex 3.268001e+000 -9.381719e-001 2.800000e+001
         vertex 3.268001e+000 -9.381719e-001 0.000000e+000
         vertex 3.252631e+000 -9.901463e-001 2.800000e+001
      endloop
   endfacet
   facet normal -9.581902e-001 2.861321e-001 0.000000e+000
      outer loop
         vertex 3.252631e+000 -9.901463e-001 2.800000e+001
         vertex 3.268001e+000 -9.381719e-001 0.000000e+000
         vertex 3.252631e+000 -9.901463e-001 0.000000e+000
      endloop
   endfacet
   facet normal -9.550954e-001 2.962987e-001 0.000000e+000
      outer loop
         vertex 3.252631e+000 -9.901463e-001 2.800000e+001
         vertex 3.252631e+000 -9.901463e-001 0.000000e+000
         vertex 3.236435e+000 -1.041869e+000 2.800000e+001
      endloop
   endfacet
   facet normal -9.535074e-001 3.013698e-001 0.000000e+000
      outer loop
         vertex 3.236435e+000 -1.041869e+000 2.800000e+001
         vertex 3.252631e+000 -9.901463e-001 0.000000e+000
         vertex 3.236435e+000 -1.041869e+000 0.000000e+000
      endloop
   endfacet
   facet normal -9.502508e-001 3.114858e-001 0.000000e+000
      outer loop
         vertex 3.236435e+000 -1.041869e+000 2.800000e+001
         vertex 3.236435e+000 -1.041869e+000 0.000000e+000
         vertex 3.219415e+000 -1.093327e+000 2.800000e+001
      endloop
   endfacet
   facet normal -9.485822e-001 3.165308e-001 0.000000e+000
      outer loop
         vertex 3.219415e+000 -1.093327e+000 2.800000e+001
         vertex 3.236435e+000 -1.041869e+000 0.000000e+000
         vertex 3.219415e+000 -1.093327e+000 0.000000e+000
      endloop
   endfacet
   facet normal -9.451649e-001 3.265937e-001 0.000000e+000
      outer loop
         vertex 3.219415e+000 -1.093327e+000 2.800000e+001
         vertex 3.219415e+000 -1.093327e+000 0.000000e+000
         vertex 3.201578e+000 -1.144507e+000 2.800000e+001
      endloop
   endfacet
   facet normal -9.434160e-001 3.316115e-001 0.000000e+000
      outer loop
         vertex 3.201578e+000 -1.144507e+000 2.800000e+001
         vertex 3.219415e+000 -1.093327e+000 0.000000e+000
         vertex 3.201578e+000 -1.144507e+000 0.000000e+000
      endloop
   endfacet
   facet normal -9.398386e-001 3.416187e-001 0.000000e+000
      outer loop
         vertex 3.201578e+000 -1.144507e+000 2.800000e+001
         vertex 3.201578e+000 -1.144507e+000 0.000000e+000
         vertex 3.182927e+000 -1.195397e+000 2.800000e+001
      endloop
   endfacet
   facet normal -9.380101e-001 3.466080e-001 0.000000e+000
      outer loop
         vertex 3.182927e+000 -1.195397e+000 2.800000e+001
         vertex 3.201578e+000 -1.144507e+000 0.000000e+000
         vertex 3.182927e+000 -1.195397e+000 0.000000e+000
      endloop
   endfacet
   facet normal -9.342737e-001 3.565567e-001 0.000000e+000
      outer loop
         vertex 3.182927e+000 -1.195397e+000 2.800000e+001
         vertex 3.182927e+000 -1.195397e+000 0.000000e+000
         vertex 3.163468e+000 -1.245982e+000 2.800000e+001
      endloop
   endfacet
   facet normal -9.323658e-001 3.615163e-001 0.000000e+000
      outer loop
         vertex 3.163468e+000 -1.245982e+000 2.800000e+001
         vertex 3.182927e+000 -1.195397e+000 0.000000e+000
         vertex 3.163468e+000 -1.245982e+000 0.000000e+000
      endloop
   endfacet
   facet normal -9.284713e-001 3.714043e-001 0.000000e+000
      outer loop
         vertex 3.163468e+000 -1.245982e+000 2.800000e+001
         vertex 3.163468e+000 -1.245982e+000 0.000000e+000
         vertex 3.143204e+000 -1.296251e+000 2.800000e+001
      endloop
   endfacet
   facet normal -9.264846e-001 3.763327e-001 0.000000e+000
      outer loop
         vertex 3.143204e+000 -1.296251e+000 2.800000e+001
         vertex 3.163468e+000 -1.245982e+000 0.000000e+000
         vertex 3.143204e+000 -1.296251e+000 0.000000e+000
      endloop
   endfacet
   facet normal -9.224329e-001 3.861574e-001 0.000000e+000
      outer loop
         vertex 3.143204e+000 -1.296251e+000 2.800000e+001
         vertex 3.143204e+000 -1.296251e+000 0.000000e+000
         vertex 3.122142e+000 -1.346191e+000 2.800000e+001
      endloop
   endfacet
   facet normal -9.203680e-001 3.910535e-001 0.000000e+000
      outer loop
         vertex 3.122142e+000 -1.346191e+000 2.800000e+001
         vertex 3.143204e+000 -1.296251e+000 0.000000e+000
         vertex 3.122142e+000 -1.346191e+000 0.000000e+000
      endloop
   endfacet
   facet normal -9.161602e-001 4.008123e-001 0.000000e+000
      outer loop
         vertex 3.122142e+000 -1.346191e+000 2.800000e+001
         vertex 3.122142e+000 -1.346191e+000 0.000000e+000
         vertex 3.100286e+000 -1.395788e+000 2.800000e+001
      endloop
   endfacet
   facet normal -9.140174e-001 4.056750e-001 0.000000e+000
      outer loop
         vertex 3.100286e+000 -1.395788e+000 2.800000e+001
         vertex 3.122142e+000 -1.346191e+000 0.000000e+000
         vertex 3.100286e+000 -1.395788e+000 0.000000e+000
      endloop
   endfacet
   facet normal -9.096546e-001 4.153655e-001 0.000000e+000
      outer loop
         vertex 3.100286e+000 -1.395788e+000 2.800000e+001
         vertex 3.100286e+000 -1.395788e+000 0.000000e+000
         vertex 3.077643e+000 -1.445031e+000 2.800000e+001
      endloop
   endfacet
   facet normal -9.074346e-001 4.201933e-001 0.000000e+000
      outer loop
         vertex 3.077643e+000 -1.445031e+000 2.800000e+001
         vertex 3.100286e+000 -1.395788e+000 0.000000e+000
         vertex 3.077643e+000 -1.445031e+000 0.000000e+000
      endloop
   endfacet
   facet normal -9.029179e-001 4.298130e-001 0.000000e+000
      outer loop
         vertex 3.077643e+000 -1.445031e+000 2.800000e+001
         vertex 3.077643e+000 -1.445031e+000 0.000000e+000
         vertex 3.054217e+000 -1.493907e+000 2.800000e+001
      endloop
   endfacet
   facet normal -9.006212e-001 4.346049e-001 0.000000e+000
      outer loop
         vertex 3.054217e+000 -1.493907e+000 2.800000e+001
         vertex 3.077643e+000 -1.445031e+000 0.000000e+000
         vertex 3.054217e+000 -1.493907e+000 0.000000e+000
      endloop
   endfacet
   facet normal -8.959517e-001 4.441514e-001 0.000000e+000
      outer loop
         vertex 3.054217e+000 -1.493907e+000 2.800000e+001
         vertex 3.054217e+000 -1.493907e+000 0.000000e+000
         vertex 3.030015e+000 -1.542403e+000 2.800000e+001
      endloop
   endfacet
   facet normal -8.935790e-001 4.489061e-001 0.000000e+000
      outer loop
         vertex 3.030015e+000 -1.542403e+000 2.800000e+001
         vertex 3.054217e+000 -1.493907e+000 0.000000e+000
         vertex 3.030015e+000 -1.542403e+000 0.000000e+000
      endloop
   endfacet
   facet normal -8.887579e-001 4.583769e-001 0.000000e+000
      outer loop
         vertex 3.030015e+000 -1.542403e+000 2.800000e+001
         vertex 3.030015e+000 -1.542403e+000 0.000000e+000
         vertex 3.005044e+000 -1.590507e+000 2.800000e+001
      endloop
   endfacet
   facet normal -8.863096e-001 4.630931e-001 0.000000e+000
      outer loop
         vertex 3.005044e+000 -1.590507e+000 2.800000e+001
         vertex 3.030015e+000 -1.542403e+000 0.000000e+000
         vertex 3.005044e+000 -1.590507e+000 0.000000e+000
      endloop
   endfacet
   facet normal -8.813382e-001 4.724859e-001 0.000000e+000
      outer loop
         vertex 3.005044e+000 -1.590507e+000 2.800000e+001
         vertex 3.005044e+000 -1.590507e+000 0.000000e+000
         vertex 2.979308e+000 -1.638207e+000 2.800000e+001
      endloop
   endfacet
   facet normal -8.788151e-001 4.771625e-001 0.000000e+000
      outer loop
         vertex 2.979308e+000 -1.638207e+000 2.800000e+001
         vertex 3.005044e+000 -1.590507e+000 0.000000e+000
         vertex 2.979308e+000 -1.638207e+000 0.000000e+000
      endloop
   endfacet
   facet normal -8.736946e-001 4.864749e-001 0.000000e+000
      outer loop
         vertex 2.979308e+000 -1.638207e+000 2.800000e+001
         vertex 2.979308e+000 -1.638207e+000 0.000000e+000
         vertex 2.952816e+000 -1.685490e+000 2.800000e+001
      endloop
   endfacet
   facet normal -8.710972e-001 4.911107e-001 0.000000e+000
      outer loop
         vertex 2.952816e+000 -1.685490e+000 2.800000e+001
         vertex 2.979308e+000 -1.638207e+000 0.000000e+000
         vertex 2.952816e+000 -1.685490e+000 0.000000e+000
      endloop
   endfacet
   facet normal -8.658289e-001 5.003402e-001 0.000000e+000
      outer loop
         vertex 2.952816e+000 -1.685490e+000 2.800000e+001
         vertex 2.952816e+000 -1.685490e+000 0.000000e+000
         vertex 2.925573e+000 -1.732345e+000 2.800000e+001
      endloop
   endfacet
   facet normal -8.631580e-001 5.049340e-001 0.000000e+000
      outer loop
         vertex 2.925573e+000 -1.732345e+000 2.800000e+001
         vertex 2.952816e+000 -1.685490e+000 0.000000e+000
         vertex 2.925573e+000 -1.732345e+000 0.000000e+000
      endloop
   endfacet
   facet normal -8.577432e-001 5.140784e-001 0.000000e+000
      outer loop
         vertex 2.925573e+000 -1.732345e+000 2.800000e+001
         vertex 2.925573e+000 -1.732345e+000 0.000000e+000
         vertex 2.897587e+000 -1.778760e+000 2.800000e+001
      endloop
   endfacet
   facet normal -8.549994e-001 5.186290e-001 0.000000e+000
      outer loop
         vertex 2.897587e+000 -1.778760e+000 2.800000e+001
         vertex 2.925573e+000 -1.732345e+000 0.000000e+000
         vertex 2.897587e+000 -1.778760e+000 0.000000e+000
      endloop
   endfacet
   facet normal -8.494396e-001 5.276859e-001 0.000000e+000
      outer loop
         vertex 2.897587e+000 -1.778760e+000 2.800000e+001
         vertex 2.897587e+000 -1.778760e+000 0.000000e+000
         vertex 2.868865e+000 -1.824724e+000 2.800000e+001
      endloop
   endfacet
   facet normal -8.466235e-001 5.321923e-001 0.000000e+000
      outer loop
         vertex 2.868865e+000 -1.824724e+000 2.800000e+001
         vertex 2.897587e+000 -1.778760e+000 0.000000e+000
         vertex 2.868865e+000 -1.824724e+000 0.000000e+000
      endloop
   endfacet
   facet normal -8.409201e-001 5.411594e-001 0.000000e+000
      outer loop
         vertex 2.868865e+000 -1.824724e+000 2.800000e+001
         vertex 2.868865e+000 -1.824724e+000 0.000000e+000
         vertex 2.839413e+000 -1.870223e+000 2.800000e+001
      endloop
   endfacet
   facet normal -8.380326e-001 5.456202e-001 0.000000e+000
      outer loop
         vertex 2.839413e+000 -1.870223e+000 2.800000e+001
         vertex 2.868865e+000 -1.824724e+000 0.000000e+000
         vertex 2.839413e+000 -1.870223e+000 0.000000e+000
      endloop
   endfacet
   facet normal -8.321868e-001 5.544953e-001 0.000000e+000
      outer loop
         vertex 2.839413e+000 -1.870223e+000 2.800000e+001
         vertex 2.839413e+000 -1.870223e+000 0.000000e+000
         vertex 2.809240e+000 -1.915247e+000 2.800000e+001
      endloop
   endfacet
   facet normal -8.292286e-001 5.589096e-001 0.000000e+000
      outer loop
         vertex 2.809240e+000 -1.915247e+000 2.800000e+001
         vertex 2.839413e+000 -1.870223e+000 0.000000e+000
         vertex 2.809240e+000 -1.915247e+000 0.000000e+000
      endloop
   endfacet
   facet normal -8.232421e-001 5.676904e-001 0.000000e+000
      outer loop
         vertex 2.809240e+000 -1.915247e+000 2.800000e+001
         vertex 2.809240e+000 -1.915247e+000 0.000000e+000
         vertex 2.778353e+000 -1.959784e+000 2.800000e+001
      endloop
   endfacet
   facet normal -8.202140e-001 5.720569e-001 0.000000e+000
      outer loop
         vertex 2.778353e+000 -1.959784e+000 2.800000e+001
         vertex 2.809240e+000 -1.915247e+000 0.000000e+000
         vertex 2.778353e+000 -1.959784e+000 0.000000e+000
      endloop
   endfacet
   facet normal -8.140883e-001 5.807411e-001 0.000000e+000
      outer loop
         vertex 2.778353e+000 -1.959784e+000 2.800000e+001
         vertex 2.778353e+000 -1.959784e+000 0.000000e+000
         vertex 2.746760e+000 -2.003824e+000 2.800000e+001
      endloop
   endfacet
   facet normal -8.109909e-001 5.850589e-001 0.000000e+000
      outer loop
         vertex 2.746760e+000 -2.003824e+000 2.800000e+001
         vertex 2.778353e+000 -1.959784e+000 0.000000e+000
         vertex 2.746760e+000 -2.003824e+000 0.000000e+000
      endloop
   endfacet
   facet normal -8.047276e-001 5.936443e-001 0.000000e+000
      outer loop
         vertex 2.746760e+000 -2.003824e+000 2.800000e+001
         vertex 2.746760e+000 -2.003824e+000 0.000000e+000
         vertex 2.714469e+000 -2.047354e+000 2.800000e+001
      endloop
   endfacet
   facet normal -8.015617e-001 5.979121e-001 0.000000e+000
      outer loop
         vertex 2.714469e+000 -2.047354e+000 2.800000e+001
         vertex 2.746760e+000 -2.003824e+000 0.000000e+000
         vertex 2.714469e+000 -2.047354e+000 0.000000e+000
      endloop
   endfacet
   facet normal -7.951623e-001 6.063967e-001 0.000000e+000
      outer loop
         vertex 2.714469e+000 -2.047354e+000 2.800000e+001
         vertex 2.714469e+000 -2.047354e+000 0.000000e+000
         vertex 2.681489e+000 -2.090364e+000 2.800000e+001
      endloop
   endfacet
   facet normal -7.919289e-001 6.106134e-001 0.000000e+000
      outer loop
         vertex 2.681489e+000 -2.090364e+000 2.800000e+001
         vertex 2.714469e+000 -2.047354e+000 0.000000e+000
         vertex 2.681489e+000 -2.090364e+000 0.000000e+000
      endloop
   endfacet
   facet normal -7.853950e-001 6.189949e-001 0.000000e+000
      outer loop
         vertex 2.681489e+000 -2.090364e+000 2.800000e+001
         vertex 2.681489e+000 -2.090364e+000 0.000000e+000
         vertex 2.647826e+000 -2.132842e+000 2.800000e+001
      endloop
   endfacet
   facet normal -7.820947e-001 6.231596e-001 0.000000e+000
      outer loop
         vertex 2.647826e+000 -2.132842e+000 2.800000e+001
         vertex 2.681489e+000 -2.090364e+000 0.000000e+000
         vertex 2.647826e+000 -2.132842e+000 0.000000e+000
      endloop
   endfacet
   facet normal -7.754281e-001 6.314359e-001 0.000000e+000
      outer loop
         vertex 2.647826e+000 -2.132842e+000 2.800000e+001
         vertex 2.647826e+000 -2.132842e+000 0.000000e+000
         vertex 2.613491e+000 -2.174779e+000 2.800000e+001
      endloop
   endfacet
   facet normal -7.720619e-001 6.355474e-001 0.000000e+000
      outer loop
         vertex 2.613491e+000 -2.174779e+000 2.800000e+001
         vertex 2.647826e+000 -2.132842e+000 0.000000e+000
         vertex 2.613491e+000 -2.174779e+000 0.000000e+000
      endloop
   endfacet
   facet normal -7.652642e-001 6.437163e-001 0.000000e+000
      outer loop
         vertex 2.613491e+000 -2.174779e+000 2.800000e+001
         vertex 2.613491e+000 -2.174779e+000 0.000000e+000
         vertex 2.578492e+000 -2.216163e+000 2.800000e+001
      endloop
   endfacet
   facet normal -7.618328e-001 6.477737e-001 0.000000e+000
      outer loop
         vertex 2.578492e+000 -2.216163e+000 2.800000e+001
         vertex 2.613491e+000 -2.174779e+000 0.000000e+000
         vertex 2.578492e+000 -2.216163e+000 0.000000e+000
      endloop
   endfacet
   facet normal -7.549058e-001 6.558332e-001 0.000000e+000
      outer loop
         vertex 2.578492e+000 -2.216163e+000 2.800000e+001
         vertex 2.578492e+000 -2.216163e+000 0.000000e+000
         vertex 2.542838e+000 -2.256984e+000 2.800000e+001
      endloop
   endfacet
   facet normal -7.514101e-001 6.598354e-001 0.000000e+000
      outer loop
         vertex 2.542838e+000 -2.256984e+000 2.800000e+001
         vertex 2.578492e+000 -2.216163e+000 0.000000e+000
         vertex 2.542838e+000 -2.256984e+000 0.000000e+000
      endloop
   endfacet
   facet normal -7.443556e-001 6.677836e-001 0.000000e+000
      outer loop
         vertex 2.542838e+000 -2.256984e+000 2.800000e+001
         vertex 2.542838e+000 -2.256984e+000 0.000000e+000
         vertex 2.506537e+000 -2.297231e+000 2.800000e+001
      endloop
   endfacet
   facet normal -7.407966e-001 6.717294e-001 0.000000e+000
      outer loop
         vertex 2.506537e+000 -2.297231e+000 2.800000e+001
         vertex 2.542838e+000 -2.256984e+000 0.000000e+000
         vertex 2.506537e+000 -2.297231e+000 0.000000e+000
      endloop
   endfacet
   facet normal -7.336162e-001 6.795641e-001 0.000000e+000
      outer loop
         vertex 2.506537e+000 -2.297231e+000 2.800000e+001
         vertex 2.506537e+000 -2.297231e+000 0.000000e+000
         vertex 2.469599e+000 -2.336895e+000 2.800000e+001
      endloop
   endfacet
   facet normal -7.299947e-001 6.834528e-001 0.000000e+000
      outer loop
         vertex 2.469599e+000 -2.336895e+000 2.800000e+001
         vertex 2.506537e+000 -2.297231e+000 0.000000e+000
         vertex 2.469599e+000 -2.336895e+000 0.000000e+000
      endloop
   endfacet
   facet normal -7.226903e-001 6.911719e-001 0.000000e+000
      outer loop
         vertex 2.469599e+000 -2.336895e+000 2.800000e+001
         vertex 2.469599e+000 -2.336895e+000 0.000000e+000
         vertex 2.432034e+000 -2.375965e+000 2.800000e+001
      endloop
   endfacet
   facet normal -7.190074e-001 6.950024e-001 0.000000e+000
      outer loop
         vertex 2.432034e+000 -2.375965e+000 2.800000e+001
         vertex 2.469599e+000 -2.336895e+000 0.000000e+000
         vertex 2.432034e+000 -2.375965e+000 0.000000e+000
      endloop
   endfacet
   facet normal -7.115809e-001 7.026042e-001 0.000000e+000
      outer loop
         vertex 2.432034e+000 -2.375965e+000 2.800000e+001
         vertex 2.432034e+000 -2.375965e+000 0.000000e+000
         vertex 2.393851e+000 -2.414431e+000 2.800000e+001
      endloop
   endfacet
   facet normal -7.078374e-001 7.063755e-001 0.000000e+000
      outer loop
         vertex 2.393851e+000 -2.414431e+000 2.800000e+001
         vertex 2.432034e+000 -2.375965e+000 0.000000e+000
         vertex 2.393851e+000 -2.414431e+000 0.000000e+000
      endloop
   endfacet
   facet normal -7.002906e-001 7.138578e-001 0.000000e+000
      outer loop
         vertex 2.393851e+000 -2.414431e+000 2.800000e+001
         vertex 2.393851e+000 -2.414431e+000 0.000000e+000
         vertex 2.355060e+000 -2.452283e+000 2.800000e+001
      endloop
   endfacet
   facet normal -6.964874e-001 7.175691e-001 0.000000e+000
      outer loop
         vertex 2.355060e+000 -2.452283e+000 2.800000e+001
         vertex 2.393851e+000 -2.414431e+000 0.000000e+000
         vertex 2.355060e+000 -2.452283e+000 0.000000e+000
      endloop
   endfacet
   facet normal -6.888224e-001 7.249302e-001 0.000000e+000
      outer loop
         vertex 2.355060e+000 -2.452283e+000 2.800000e+001
         vertex 2.355060e+000 -2.452283e+000 0.000000e+000
         vertex 2.315670e+000 -2.489512e+000 2.800000e+001
      endloop
   endfacet
   facet normal -6.849605e-001 7.285802e-001 0.000000e+000
      outer loop
         vertex 2.315670e+000 -2.489512e+000 2.800000e+001
         vertex 2.355060e+000 -2.452283e+000 0.000000e+000
         vertex 2.315670e+000 -2.489512e+000 0.000000e+000
      endloop
   endfacet
   facet normal -6.771791e-001 7.358183e-001 0.000000e+000
      outer loop
         vertex 2.315670e+000 -2.489512e+000 2.800000e+001
         vertex 2.315670e+000 -2.489512e+000 0.000000e+000
         vertex 2.275692e+000 -2.526109e+000 2.800000e+001
      endloop
   endfacet
   facet normal -6.732595e-001 7.394062e-001 0.000000e+000
      outer loop
         vertex 2.275692e+000 -2.526109e+000 2.800000e+001
         vertex 2.315670e+000 -2.489512e+000 0.000000e+000
         vertex 2.275692e+000 -2.526109e+000 0.000000e+000
      endloop
   endfacet
   facet normal -6.653637e-001 7.465193e-001 0.000000e+000
      outer loop
         vertex 2.275692e+000 -2.526109e+000 2.800000e+001
         vertex 2.275692e+000 -2.526109e+000 0.000000e+000
         vertex 2.235135e+000 -2.562064e+000 2.800000e+001
      endloop
   endfacet
   facet normal -6.613875e-001 7.500444e-001 0.000000e+000
      outer loop
         vertex 2.235135e+000 -2.562064e+000 2.800000e+001
         vertex 2.275692e+000 -2.526109e+000 0.000000e+000
         vertex 2.235135e+000 -2.562064e+000 0.000000e+000
      endloop
   endfacet
   facet normal -6.533793e-001 7.570307e-001 0.000000e+000
      outer loop
         vertex 2.235135e+000 -2.562064e+000 2.800000e+001
         vertex 2.235135e+000 -2.562064e+000 0.000000e+000
         vertex 2.194010e+000 -2.597368e+000 2.800000e+001
      endloop
   endfacet
   facet normal -6.493473e-001 7.604920e-001 0.000000e+000
      outer loop
         vertex 2.194010e+000 -2.597368e+000 2.800000e+001
         vertex 2.235135e+000 -2.562064e+000 0.000000e+000
         vertex 2.194010e+000 -2.597368e+000 0.000000e+000
      endloop
   endfacet
   facet normal -6.412288e-001 7.673497e-001 0.000000e+000
      outer loop
         vertex 2.194010e+000 -2.597368e+000 2.800000e+001
         vertex 2.194010e+000 -2.597368e+000 0.000000e+000
         vertex 2.152328e+000 -2.632011e+000 2.800000e+001
      endloop
   endfacet
   facet normal -6.371422e-001 7.707462e-001 0.000000e+000
      outer loop
         vertex 2.152328e+000 -2.632011e+000 2.800000e+001
         vertex 2.194010e+000 -2.597368e+000 0.000000e+000
         vertex 2.152328e+000 -2.632011e+000 0.000000e+000
      endloop
   endfacet
   facet normal -6.289154e-001 7.774738e-001 0.000000e+000
      outer loop
         vertex 2.152328e+000 -2.632011e+000 2.800000e+001
         vertex 2.152328e+000 -2.632011e+000 0.000000e+000
         vertex 2.110099e+000 -2.665986e+000 2.800000e+001
      endloop
   endfacet
   facet normal -6.247752e-001 7.808047e-001 0.000000e+000
      outer loop
         vertex 2.110099e+000 -2.665986e+000 2.800000e+001
         vertex 2.152328e+000 -2.632011e+000 0.000000e+000
         vertex 2.110099e+000 -2.665986e+000 0.000000e+000
      endloop
   endfacet
   facet normal -6.164421e-001 7.874002e-001 0.000000e+000
      outer loop
         vertex 2.110099e+000 -2.665986e+000 2.800000e+001
         vertex 2.110099e+000 -2.665986e+000 0.000000e+000
         vertex 2.067334e+000 -2.699283e+000 2.800000e+001
      endloop
   endfacet
   facet normal -6.122493e-001 7.906648e-001 0.000000e+000
      outer loop
         vertex 2.067334e+000 -2.699283e+000 2.800000e+001
         vertex 2.110099e+000 -2.665986e+000 0.000000e+000
         vertex 2.067334e+000 -2.699283e+000 0.000000e+000
      endloop
   endfacet
   facet normal -6.038123e-001 7.971265e-001 0.000000e+000
      outer loop
         vertex 2.067334e+000 -2.699283e+000 2.800000e+001
         vertex 2.067334e+000 -2.699283e+000 0.000000e+000
         vertex 2.024043e+000 -2.731894e+000 2.800000e+001
      endloop
   endfacet
   facet normal -5.995679e-001 8.003238e-001 0.000000e+000
      outer loop
         vertex 2.024043e+000 -2.731894e+000 2.800000e+001
         vertex 2.067334e+000 -2.699283e+000 0.000000e+000
         vertex 2.024043e+000 -2.731894e+000 0.000000e+000
      endloop
   endfacet
   facet normal -5.910289e-001 8.066503e-001 0.000000e+000
      outer loop
         vertex 2.024043e+000 -2.731894e+000 2.800000e+001
         vertex 2.024043e+000 -2.731894e+000 0.000000e+000
         vertex 1.980238e+000 -2.763812e+000 2.800000e+001
      endloop
   endfacet
   facet normal -5.867342e-001 8.097796e-001 0.000000e+000
      outer loop
         vertex 1.980238e+000 -2.763812e+000 2.800000e+001
         vertex 2.024043e+000 -2.731894e+000 0.000000e+000
         vertex 1.980238e+000 -2.763812e+000 0.000000e+000
      endloop
   endfacet
   facet normal -5.780954e-001 8.159692e-001 0.000000e+000
      outer loop
         vertex 1.980238e+000 -2.763812e+000 2.800000e+001
         vertex 1.980238e+000 -2.763812e+000 0.000000e+000
         vertex 1.935930e+000 -2.795027e+000 2.800000e+001
      endloop
   endfacet
   facet normal -5.737513e-001 8.190295e-001 0.000000e+000
      outer loop
         vertex 1.935930e+000 -2.795027e+000 2.800000e+001
         vertex 1.980238e+000 -2.763812e+000 0.000000e+000
         vertex 1.935930e+000 -2.795027e+000 0.000000e+000
      endloop
   endfacet
   facet normal -5.650150e-001 8.250806e-001 0.000000e+000
      outer loop
         vertex 1.935930e+000 -2.795027e+000 2.800000e+001
         vertex 1.935930e+000 -2.795027e+000 0.000000e+000
         vertex 1.891130e+000 -2.825531e+000 2.800000e+001
      endloop
   endfacet
   facet normal -5.606227e-001 8.280714e-001 0.000000e+000
      outer loop
         vertex 1.891130e+000 -2.825531e+000 2.800000e+001
         vertex 1.935930e+000 -2.795027e+000 0.000000e+000
         vertex 1.891130e+000 -2.825531e+000 0.000000e+000
      endloop
   endfacet
   facet normal -5.517910e-001 8.339824e-001 0.000000e+000
      outer loop
         vertex 1.891130e+000 -2.825531e+000 2.800000e+001
         vertex 1.891130e+000 -2.825531e+000 0.000000e+000
         vertex 1.845849e+000 -2.855318e+000 2.800000e+001
      endloop
   endfacet
   facet normal -5.473516e-001 8.369028e-001 0.000000e+000
      outer loop
         vertex 1.845849e+000 -2.855318e+000 2.800000e+001
         vertex 1.891130e+000 -2.825531e+000 0.000000e+000
         vertex 1.845849e+000 -2.855318e+000 0.000000e+000
      endloop
   endfacet
   facet normal -5.384268e-001 8.426723e-001 0.000000e+000
      outer loop
         vertex 1.845849e+000 -2.855318e+000 2.800000e+001
         vertex 1.845849e+000 -2.855318e+000 0.000000e+000
         vertex 1.800099e+000 -2.884379e+000 2.800000e+001
      endloop
   endfacet
   facet normal -5.339414e-001 8.455215e-001 0.000000e+000
      outer loop
         vertex 1.800099e+000 -2.884379e+000 2.800000e+001
         vertex 1.845849e+000 -2.855318e+000 0.000000e+000
         vertex 1.800099e+000 -2.884379e+000 0.000000e+000
      endloop
   endfacet
   facet normal -5.249258e-001 8.511480e-001 0.000000e+000
      outer loop
         vertex 1.800099e+000 -2.884379e+000 2.800000e+001
         vertex 1.800099e+000 -2.884379e+000 0.000000e+000
         vertex 1.753892e+000 -2.912707e+000 2.800000e+001
      endloop
   endfacet
   facet normal -5.203955e-001 8.539254e-001 0.000000e+000
      outer loop
         vertex 1.753892e+000 -2.912707e+000 2.800000e+001
         vertex 1.800099e+000 -2.884379e+000 0.000000e+000
         vertex 1.753892e+000 -2.912707e+000 0.000000e+000
      endloop
   endfacet
   facet normal -5.112913e-001 8.594074e-001 0.000000e+000
      outer loop
         vertex 1.753892e+000 -2.912707e+000 2.800000e+001
         vertex 1.753892e+000 -2.912707e+000 0.000000e+000
         vertex 1.707239e+000 -2.940295e+000 2.800000e+001
      endloop
   endfacet
   facet normal -5.067174e-001 8.621123e-001 0.000000e+000
      outer loop
         vertex 1.707239e+000 -2.940295e+000 2.800000e+001
         vertex 1.753892e+000 -2.912707e+000 0.000000e+000
         vertex 1.707239e+000 -2.940295e+000 0.000000e+000
      endloop
   endfacet
   facet normal -4.975270e-001 8.674485e-001 0.000000e+000
      outer loop
         vertex 1.707239e+000 -2.940295e+000 2.800000e+001
         vertex 1.707239e+000 -2.940295e+000 0.000000e+000
         vertex 1.660153e+000 -2.967135e+000 2.800000e+001
      endloop
   endfacet
   facet normal -4.929105e-001 8.700800e-001 0.000000e+000
      outer loop
         vertex 1.660153e+000 -2.967135e+000 2.800000e+001
         vertex 1.707239e+000 -2.940295e+000 0.000000e+000
         vertex 1.660153e+000 -2.967135e+000 0.000000e+000
      endloop
   endfacet
   facet normal -4.836362e-001 8.752691e-001 0.000000e+000
      outer loop
         vertex 1.660153e+000 -2.967135e+000 2.800000e+001
         vertex 1.660153e+000 -2.967135e+000 0.000000e+000
         vertex 1.612644e+000 -2.993222e+000 2.800000e+001
      endloop
   endfacet
   facet normal -4.789783e-001 8.778268e-001 0.000000e+000
      outer loop
         vertex 1.612644e+000 -2.993222e+000 2.800000e+001
         vertex 1.660153e+000 -2.967135e+000 0.000000e+000
         vertex 1.612644e+000 -2.993222e+000 0.000000e+000
      endloop
   endfacet
   facet normal -4.696225e-001 8.828673e-001 0.000000e+000
      outer loop
         vertex 1.612644e+000 -2.993222e+000 2.800000e+001
         vertex 1.612644e+000 -2.993222e+000 0.000000e+000
         vertex 1.564726e+000 -3.018548e+000 2.800000e+001
      endloop
   endfacet
   facet normal -4.649245e-001 8.853504e-001 0.000000e+000
      outer loop
         vertex 1.564726e+000 -3.018548e+000 2.800000e+001
         vertex 1.612644e+000 -2.993222e+000 0.000000e+000
         vertex 1.564726e+000 -3.018548e+000 0.000000e+000
      endloop
   endfacet
   facet normal -4.554895e-001 8.902411e-001 0.000000e+000
      outer loop
         vertex 1.564726e+000 -3.018548e+000 2.800000e+001
         vertex 1.564726e+000 -3.018548e+000 0.000000e+000
         vertex 1.516410e+000 -3.043107e+000 2.800000e+001
      endloop
   endfacet
   facet normal -4.507525e-001 8.926490e-001 0.000000e+000
      outer loop
         vertex 1.516410e+000 -3.043107e+000 2.800000e+001
         vertex 1.564726e+000 -3.018548e+000 0.000000e+000
         vertex 1.516410e+000 -3.043107e+000 0.000000e+000
      endloop
   endfacet
   facet normal -4.412407e-001 8.973888e-001 0.000000e+000
      outer loop
         vertex 1.516410e+000 -3.043107e+000 2.800000e+001
         vertex 1.516410e+000 -3.043107e+000 0.000000e+000
         vertex 1.467708e+000 -3.066893e+000 2.800000e+001
      endloop
   endfacet
   facet normal -4.364659e-001 8.997208e-001 0.000000e+000
      outer loop
         vertex 1.467708e+000 -3.066893e+000 2.800000e+001
         vertex 1.516410e+000 -3.043107e+000 0.000000e+000
         vertex 1.467708e+000 -3.066893e+000 0.000000e+000
      endloop
   endfacet
   facet normal -4.268798e-001 9.043084e-001 0.000000e+000
      outer loop
         vertex 1.467708e+000 -3.066893e+000 2.800000e+001
         vertex 1.467708e+000 -3.066893e+000 0.000000e+000
         vertex 1.418634e+000 -3.089899e+000 2.800000e+001
      endloop
   endfacet
   facet normal -4.220684e-001 9.065640e-001 0.000000e+000
      outer loop
         vertex 1.418634e+000 -3.089899e+000 2.800000e+001
         vertex 1.467708e+000 -3.066893e+000 0.000000e+000
         vertex 1.418634e+000 -3.089899e+000 0.000000e+000
      endloop
   endfacet
   facet normal -4.124104e-001 9.109982e-001 0.000000e+000
      outer loop
         vertex 1.418634e+000 -3.089899e+000 2.800000e+001
         vertex 1.418634e+000 -3.089899e+000 0.000000e+000
         vertex 1.369199e+000 -3.112120e+000 2.800000e+001
      endloop
   endfacet
   facet normal -4.075637e-001 9.131768e-001 0.000000e+000
      outer loop
         vertex 1.369199e+000 -3.112120e+000 2.800000e+001
         vertex 1.418634e+000 -3.089899e+000 0.000000e+000
         vertex 1.369199e+000 -3.112120e+000 0.000000e+000
      endloop
   endfacet
   facet normal -3.978362e-001 9.174564e-001 0.000000e+000
      outer loop
         vertex 1.369199e+000 -3.112120e+000 2.800000e+001
         vertex 1.369199e+000 -3.112120e+000 0.000000e+000
         vertex 1.319416e+000 -3.133551e+000 2.800000e+001
      endloop
   endfacet
   facet normal -3.929555e-001 9.195576e-001 0.000000e+000
      outer loop
         vertex 1.319416e+000 -3.133551e+000 2.800000e+001
         vertex 1.369199e+000 -3.112120e+000 0.000000e+000
         vertex 1.319416e+000 -3.133551e+000 0.000000e+000
      endloop
   endfacet
   facet normal -3.831609e-001 9.236816e-001 0.000000e+000
      outer loop
         vertex 1.319416e+000 -3.133551e+000 2.800000e+001
         vertex 1.319416e+000 -3.133551e+000 0.000000e+000
         vertex 1.269298e+000 -3.154185e+000 2.800000e+001
      endloop
   endfacet
   facet normal -3.782473e-001 9.257046e-001 0.000000e+000
      outer loop
         vertex 1.269298e+000 -3.154185e+000 2.800000e+001
         vertex 1.319416e+000 -3.133551e+000 0.000000e+000
         vertex 1.269298e+000 -3.154185e+000 0.000000e+000
      endloop
   endfacet
   facet normal -3.683883e-001 9.296721e-001 0.000000e+000
      outer loop
         vertex 1.269298e+000 -3.154185e+000 2.800000e+001
         vertex 1.269298e+000 -3.154185e+000 0.000000e+000
         vertex 1.218858e+000 -3.174017e+000 2.800000e+001
      endloop
   endfacet
   facet normal -3.634430e-001 9.316165e-001 0.000000e+000
      outer loop
         vertex 1.218858e+000 -3.174017e+000 2.800000e+001
         vertex 1.269298e+000 -3.154185e+000 0.000000e+000
         vertex 1.218858e+000 -3.174017e+000 0.000000e+000
      endloop
   endfacet
   facet normal -3.535221e-001 9.354262e-001 0.000000e+000
      outer loop
         vertex 1.218858e+000 -3.174017e+000 2.800000e+001
         vertex 1.218858e+000 -3.174017e+000 0.000000e+000
         vertex 1.168108e+000 -3.193043e+000 2.800000e+001
      endloop
   endfacet
   facet normal -3.485464e-001 9.372915e-001 0.000000e+000
      outer loop
         vertex 1.168108e+000 -3.193043e+000 2.800000e+001
         vertex 1.218858e+000 -3.174017e+000 0.000000e+000
         vertex 1.168108e+000 -3.193043e+000 0.000000e+000
      endloop
   endfacet
   facet normal -3.385660e-001 9.409426e-001 0.000000e+000
      outer loop
         vertex 1.168108e+000 -3.193043e+000 2.800000e+001
         vertex 1.168108e+000 -3.193043e+000 0.000000e+000
         vertex 1.117060e+000 -3.211258e+000 2.800000e+001
      endloop
   endfacet
   facet normal -3.335612e-001 9.427285e-001 0.000000e+000
      outer loop
         vertex 1.117060e+000 -3.211258e+000 2.800000e+001
         vertex 1.168108e+000 -3.193043e+000 0.000000e+000
         vertex 1.117060e+000 -3.211258e+000 0.000000e+000
      endloop
   endfacet
   facet normal -3.235238e-001 9.462200e-001 0.000000e+000
      outer loop
         vertex 1.117060e+000 -3.211258e+000 2.800000e+001
         vertex 1.117060e+000 -3.211258e+000 0.000000e+000
         vertex 1.065729e+000 -3.228656e+000 2.800000e+001
      endloop
   endfacet
   facet normal -3.184913e-001 9.479258e-001 0.000000e+000
      outer loop
         vertex 1.065729e+000 -3.228656e+000 2.800000e+001
         vertex 1.117060e+000 -3.211258e+000 0.000000e+000
         vertex 1.065729e+000 -3.228656e+000 0.000000e+000
      endloop
   endfacet
   facet normal -3.083995e-001 9.512569e-001 0.000000e+000
      outer loop
         vertex 1.065729e+000 -3.228656e+000 2.800000e+001
         vertex 1.065729e+000 -3.228656e+000 0.000000e+000
         vertex 1.014127e+000 -3.245234e+000 2.800000e+001
      endloop
   endfacet
   facet normal -3.033404e-001 9.528823e-001 0.000000e+000
      outer loop
         vertex 1.014127e+000 -3.245234e+000 2.800000e+001
         vertex 1.065729e+000 -3.228656e+000 0.000000e+000
         vertex 1.014127e+000 -3.245234e+000 0.000000e+000
      endloop
   endfacet
   facet normal -2.931968e-001 9.560521e-001 0.000000e+000
      outer loop
         vertex 1.014127e+000 -3.245234e+000 2.800000e+001
         vertex 1.014127e+000 -3.245234e+000 0.000000e+000
         vertex 9.622679e-001 -3.260988e+000 2.800000e+001
      endloop
   endfacet
   facet normal -2.881124e-001 9.575966e-001 0.000000e+000
      outer loop
         vertex 9.622679e-001 -3.260988e+000 2.800000e+001
         vertex 1.014127e+000 -3.245234e+000 0.000000e+000
         vertex 9.622679e-001 -3.260988e+000 0.000000e+000
      endloop
   endfacet
   facet normal -2.779196e-001 9.606044e-001 0.000000e+000
      outer loop
         vertex 9.622679e-001 -3.260988e+000 2.800000e+001
         vertex 9.622679e-001 -3.260988e+000 0.000000e+000
         vertex 9.101639e-001 -3.275912e+000 2.800000e+001
      endloop
   endfacet
   facet normal -2.728112e-001 9.620676e-001 0.000000e+000
      outer loop
         vertex 9.101639e-001 -3.275912e+000 2.800000e+001
         vertex 9.622679e-001 -3.260988e+000 0.000000e+000
         vertex 9.101639e-001 -3.275912e+000 0.000000e+000
      endloop
   endfacet
   facet normal -2.625718e-001 9.649125e-001 0.000000e+000
      outer loop
         vertex 9.101639e-001 -3.275912e+000 2.800000e+001
         vertex 9.101639e-001 -3.275912e+000 0.000000e+000
         vertex 8.578285e-001 -3.290004e+000 2.800000e+001
      endloop
   endfacet
   facet normal -2.574407e-001 9.662941e-001 0.000000e+000
      outer loop
         vertex 8.578285e-001 -3.290004e+000 2.800000e+001
         vertex 9.101639e-001 -3.275912e+000 0.000000e+000
         vertex 8.578285e-001 -3.290004e+000 0.000000e+000
      endloop
   endfacet
   facet normal -2.471572e-001 9.689754e-001 0.000000e+000
      outer loop
         vertex 8.578285e-001 -3.290004e+000 2.800000e+001
         vertex 8.578285e-001 -3.290004e+000 0.000000e+000
         vertex 8.052751e-001 -3.303261e+000 2.800000e+001
      endloop
   endfacet
   facet normal -2.420048e-001 9.702751e-001 0.000000e+000
      outer loop
         vertex 8.052751e-001 -3.303261e+000 2.800000e+001
         vertex 8.578285e-001 -3.290004e+000 0.000000e+000
         vertex 8.052751e-001 -3.303261e+000 0.000000e+000
      endloop
   endfacet
   facet normal -2.316798e-001 9.727921e-001 0.000000e+000
      outer loop
         vertex 8.052751e-001 -3.303261e+000 2.800000e+001
         vertex 8.052751e-001 -3.303261e+000 0.000000e+000
         vertex 7.525172e-001 -3.315678e+000 2.800000e+001
      endloop
   endfacet
   facet normal -2.265073e-001 9.740095e-001 0.000000e+000
      outer loop
         vertex 7.525172e-001 -3.315678e+000 2.800000e+001
         vertex 8.052751e-001 -3.303261e+000 0.000000e+000
         vertex 7.525172e-001 -3.315678e+000 0.000000e+000
      endloop
   endfacet
   facet normal -2.161436e-001 9.763616e-001 0.000000e+000
      outer loop
         vertex 7.525172e-001 -3.315678e+000 2.800000e+001
         vertex 7.525172e-001 -3.315678e+000 0.000000e+000
         vertex 6.995680e-001 -3.327252e+000 2.800000e+001
      endloop
   endfacet
   facet normal -2.109523e-001 9.774963e-001 0.000000e+000
      outer loop
         vertex 6.995680e-001 -3.327252e+000 2.800000e+001
         vertex 7.525172e-001 -3.315678e+000 0.000000e+000
         vertex 6.995680e-001 -3.327252e+000 0.000000e+000
      endloop
   endfacet
   facet normal -2.005524e-001 9.796830e-001 0.000000e+000
      outer loop
         vertex 6.995680e-001 -3.327252e+000 2.800000e+001
         vertex 6.995680e-001 -3.327252e+000 0.000000e+000
         vertex 6.464409e-001 -3.337981e+000 2.800000e+001
      endloop
   endfacet
   facet normal -1.953437e-001 9.807348e-001 0.000000e+000
      outer loop
         vertex 6.464409e-001 -3.337981e+000 2.800000e+001
         vertex 6.995680e-001 -3.327252e+000 0.000000e+000
         vertex 6.464409e-001 -3.337981e+000 0.000000e+000
      endloop
   endfacet
   facet normal -1.849103e-001 9.827554e-001 0.000000e+000
      outer loop
         vertex 6.464409e-001 -3.337981e+000 2.800000e+001
         vertex 6.464409e-001 -3.337981e+000 0.000000e+000
         vertex 5.931497e-001 -3.347861e+000 2.800000e+001
      endloop
   endfacet
   facet normal -1.796855e-001 9.837241e-001 0.000000e+000
      outer loop
         vertex 5.931497e-001 -3.347861e+000 2.800000e+001
         vertex 6.464409e-001 -3.337981e+000 0.000000e+000
         vertex 5.931497e-001 -3.347861e+000 0.000000e+000
      endloop
   endfacet
   facet normal -1.692212e-001 9.855781e-001 0.000000e+000
      outer loop
         vertex 5.931497e-001 -3.347861e+000 2.800000e+001
         vertex 5.931497e-001 -3.347861e+000 0.000000e+000
         vertex 5.397077e-001 -3.356891e+000 2.800000e+001
      endloop
   endfacet
   facet normal -1.639816e-001 9.864634e-001 0.000000e+000
      outer loop
         vertex 5.397077e-001 -3.356891e+000 2.800000e+001
         vertex 5.931497e-001 -3.347861e+000 0.000000e+000
         vertex 5.397077e-001 -3.356891e+000 0.000000e+000
      endloop
   endfacet
   facet normal -1.534891e-001 9.881504e-001 0.000000e+000
      outer loop
         vertex 5.397077e-001 -3.356891e+000 2.800000e+001
         vertex 5.397077e-001 -3.356891e+000 0.000000e+000
         vertex 4.861286e-001 -3.365067e+000 2.800000e+001
      endloop
   endfacet
   facet normal -1.482361e-001 9.889520e-001 0.000000e+000
      outer loop
         vertex 4.861286e-001 -3.365067e+000 2.800000e+001
         vertex 5.397077e-001 -3.356891e+000 0.000000e+000
         vertex 4.861286e-001 -3.365067e+000 0.000000e+000
      endloop
   endfacet
   facet normal -1.377179e-001 9.904715e-001 0.000000e+000
      outer loop
         vertex 4.861286e-001 -3.365067e+000 2.800000e+001
         vertex 4.861286e-001 -3.365067e+000 0.000000e+000
         vertex 4.324259e-001 -3.372389e+000 2.800000e+001
      endloop
   endfacet
   facet normal -1.324528e-001 9.911893e-001 0.000000e+000
      outer loop
         vertex 4.324259e-001 -3.372389e+000 2.800000e+001
         vertex 4.861286e-001 -3.365067e+000 0.000000e+000
         vertex 4.324259e-001 -3.372389e+000 0.000000e+000
      endloop
   endfacet
   facet normal -1.219118e-001 9.925410e-001 0.000000e+000
      outer loop
         vertex 4.324259e-001 -3.372389e+000 2.800000e+001
         vertex 4.324259e-001 -3.372389e+000 0.000000e+000
         vertex 3.786134e-001 -3.378854e+000 2.800000e+001
      endloop
   endfacet
   facet normal -1.166359e-001 9.931748e-001 0.000000e+000
      outer loop
         vertex 3.786134e-001 -3.378854e+000 2.800000e+001
         vertex 4.324259e-001 -3.372389e+000 0.000000e+000
         vertex 3.786134e-001 -3.378854e+000 0.000000e+000
      endloop
   endfacet
   facet normal -1.060747e-001 9.943582e-001 0.000000e+000
      outer loop
         vertex 3.786134e-001 -3.378854e+000 2.800000e+001
         vertex 3.786134e-001 -3.378854e+000 0.000000e+000
         vertex 3.247046e-001 -3.384459e+000 2.800000e+001
      endloop
   endfacet
   facet normal -1.007894e-001 9.949078e-001 0.000000e+000
      outer loop
         vertex 3.247046e-001 -3.384459e+000 2.800000e+001
         vertex 3.786134e-001 -3.378854e+000 0.000000e+000
         vertex 3.247046e-001 -3.384459e+000 0.000000e+000
      endloop
   endfacet
   facet normal -9.021063e-002 9.959227e-001 0.000000e+000
      outer loop
         vertex 3.247046e-001 -3.384459e+000 2.800000e+001
         vertex 3.247046e-001 -3.384459e+000 0.000000e+000
         vertex 2.707133e-001 -3.389205e+000 2.800000e+001
      endloop
   endfacet
   facet normal -8.491722e-002 9.963880e-001 0.000000e+000
      outer loop
         vertex 2.707133e-001 -3.389205e+000 2.800000e+001
         vertex 3.247046e-001 -3.384459e+000 0.000000e+000
         vertex 2.707133e-001 -3.389205e+000 0.000000e+000
      endloop
   endfacet
   facet normal -7.432366e-002 9.972342e-001 0.000000e+000
      outer loop
         vertex 2.707133e-001 -3.389205e+000 2.800000e+001
         vertex 2.707133e-001 -3.389205e+000 0.000000e+000
         vertex 2.166533e-001 -3.393090e+000 2.800000e+001
      endloop
   endfacet
   facet normal -6.902350e-002 9.976150e-001 0.000000e+000
      outer loop
         vertex 2.166533e-001 -3.393090e+000 2.800000e+001
         vertex 2.707133e-001 -3.389205e+000 0.000000e+000
         vertex 2.166533e-001 -3.393090e+000 0.000000e+000
      endloop
   endfacet
   facet normal -5.841779e-002 9.982922e-001 0.000000e+000
      outer loop
         vertex 2.166533e-001 -3.393090e+000 2.800000e+001
         vertex 2.166533e-001 -3.393090e+000 0.000000e+000
         vertex 1.625381e-001 -3.396113e+000 2.800000e+001
      endloop
   endfacet
   facet normal -5.311224e-002 9.985886e-001 0.000000e+000
      outer loop
         vertex 1.625381e-001 -3.396113e+000 2.800000e+001
         vertex 2.166533e-001 -3.393090e+000 0.000000e+000
         vertex 1.625381e-001 -3.396113e+000 0.000000e+000
      endloop
   endfacet
   facet normal -4.249708e-002 9.990966e-001 0.000000e+000
      outer loop
         vertex 1.625381e-001 -3.396113e+000 2.800000e+001
         vertex 1.625381e-001 -3.396113e+000 0.000000e+000
         vertex 1.083817e-001 -3.398272e+000 2.800000e+001
      endloop
   endfacet
   facet normal -3.718747e-002 9.993083e-001 0.000000e+000
      outer loop
         vertex 1.083817e-001 -3.398272e+000 2.800000e+001
         vertex 1.625381e-001 -3.396113e+000 0.000000e+000
         vertex 1.083817e-001 -3.398272e+000 0.000000e+000
      endloop
   endfacet
   facet normal -2.656557e-002 9.996471e-001 0.000000e+000
      outer loop
         vertex 1.083817e-001 -3.398272e+000 2.800000e+001
         vertex 1.083817e-001 -3.398272e+000 0.000000e+000
         vertex 5.419774e-002 -3.399568e+000 2.800000e+001
      endloop
   endfacet
   facet normal -2.125327e-002 9.997742e-001 0.000000e+000
      outer loop
         vertex 5.419774e-002 -3.399568e+000 2.800000e+001
         vertex 1.083817e-001 -3.398272e+000 0.000000e+000
         vertex 5.419774e-002 -3.399568e+000 0.000000e+000
      endloop
   endfacet
   facet normal -1.062731e-002 9.999436e-001 0.000000e+000
      outer loop
         vertex 5.419774e-002 -3.399568e+000 2.800000e+001
         vertex 5.419774e-002 -3.399568e+000 0.000000e+000
         vertex 3.644377e-015 -3.400000e+000 2.800000e+001
      endloop
   endfacet
   facet normal -5.313654e-003 9.999859e-001 0.000000e+000
      outer loop
         vertex 3.644377e-015 -3.400000e+000 2.800000e+001
         vertex 5.419774e-002 -3.399568e+000 0.000000e+000
         vertex 3.644377e-015 -3.400000e+000 0.000000e+000
      endloop
   endfacet
   facet normal 5.313654e-003 9.999859e-001 0.000000e+000
      outer loop
         vertex 3.644377e-015 -3.400000e+000 2.800000e+001
         vertex 3.644377e-015 -3.400000e+000 0.000000e+000
         vertex -5.419774e-002 -3.399568e+000 2.800000e+001
      endloop
   endfacet
   facet normal 1.062731e-002 9.999436e-001 0.000000e+000
      outer loop
         vertex -5.419774e-002 -3.399568e+000 2.800000e+001
         vertex 3.644377e-015 -3.400000e+000 0.000000e+000
         vertex -5.419774e-002 -3.399568e+000 0.000000e+000
      endloop
   endfacet
   facet normal 2.125327e-002 9.997742e-001 0.000000e+000
      outer loop
         vertex -5.419774e-002 -3.399568e+000 2.800000e+001
         vertex -5.419774e-002 -3.399568e+000 0.000000e+000
         vertex -1.083817e-001 -3.398272e+000 2.800000e+001
      endloop
   endfacet
   facet normal 2.656557e-002 9.996471e-001 0.000000e+000
      outer loop
         vertex -1.083817e-001 -3.398272e+000 2.800000e+001
         vertex -5.419774e-002 -3.399568e+000 0.000000e+000
         vertex -1.083817e-001 -3.398272e+000 0.000000e+000
      endloop
   endfacet
   facet normal 3.718748e-002 9.993083e-001 0.000000e+000
      outer loop
         vertex -1.083817e-001 -3.398272e+000 2.800000e+001
         vertex -1.083817e-001 -3.398272e+000 0.000000e+000
         vertex -1.625381e-001 -3.396113e+000 2.800000e+001
      endloop
   endfacet
   facet normal 4.249708e-002 9.990966e-001 0.000000e+000
      outer loop
         vertex -1.625381e-001 -3.396113e+000 2.800000e+001
         vertex -1.083817e-001 -3.398272e+000 0.000000e+000
         vertex -1.625381e-001 -3.396113e+000 0.000000e+000
      endloop
   endfacet
   facet normal 5.311224e-002 9.985886e-001 0.000000e+000
      outer loop
         vertex -1.625381e-001 -3.396113e+000 2.800000e+001
         vertex -1.625381e-001 -3.396113e+000 0.000000e+000
         vertex -2.166533e-001 -3.393090e+000 2.800000e+001
      endloop
   endfacet
   facet normal 5.841779e-002 9.982922e-001 0.000000e+000
      outer loop
         vertex -2.166533e-001 -3.393090e+000 2.800000e+001
         vertex -1.625381e-001 -3.396113e+000 0.000000e+000
         vertex -2.166533e-001 -3.393090e+000 0.000000e+000
      endloop
   endfacet
   facet normal 6.902350e-002 9.976150e-001 0.000000e+000
      outer loop
         vertex -2.166533e-001 -3.393090e+000 2.800000e+001
         vertex -2.166533e-001 -3.393090e+000 0.000000e+000
         vertex -2.707133e-001 -3.389205e+000 2.800000e+001
      endloop
   endfacet
   facet normal 7.432366e-002 9.972342e-001 0.000000e+000
      outer loop
         vertex -2.707133e-001 -3.389205e+000 2.800000e+001
         vertex -2.166533e-001 -3.393090e+000 0.000000e+000
         vertex -2.707133e-001 -3.389205e+000 0.000000e+000
      endloop
   endfacet
   facet normal 8.491724e-002 9.963880e-001 0.000000e+000
      outer loop
         vertex -2.707133e-001 -3.389205e+000 2.800000e+001
         vertex -2.707133e-001 -3.389205e+000 0.000000e+000
         vertex -3.247046e-001 -3.384459e+000 2.800000e+001
      endloop
   endfacet
   facet normal 9.021063e-002 9.959227e-001 0.000000e+000
      outer loop
         vertex -3.247046e-001 -3.384459e+000 2.800000e+001
         vertex -2.707133e-001 -3.389205e+000 0.000000e+000
         vertex -3.247046e-001 -3.384459e+000 0.000000e+000
      endloop
   endfacet
   facet normal 1.007894e-001 9.949078e-001 0.000000e+000
      outer loop
         vertex -3.247046e-001 -3.384459e+000 2.800000e+001
         vertex -3.247046e-001 -3.384459e+000 0.000000e+000
         vertex -3.786134e-001 -3.378854e+000 2.800000e+001
      endloop
   endfacet
   facet normal 1.060747e-001 9.943582e-001 0.000000e+000
      outer loop
         vertex -3.786134e-001 -3.378854e+000 2.800000e+001
         vertex -3.247046e-001 -3.384459e+000 0.000000e+000
         vertex -3.786134e-001 -3.378854e+000 0.000000e+000
      endloop
   endfacet
   facet normal 1.166359e-001 9.931748e-001 0.000000e+000
      outer loop
         vertex -3.786134e-001 -3.378854e+000 2.800000e+001
         vertex -3.786134e-001 -3.378854e+000 0.000000e+000
         vertex -4.324259e-001 -3.372389e+000 2.800000e+001
      endloop
   endfacet
   facet normal 1.219118e-001 9.925410e-001 0.000000e+000
      outer loop
         vertex -4.324259e-001 -3.372389e+000 2.800000e+001
         vertex -3.786134e-001 -3.378854e+000 0.000000e+000
         vertex -4.324259e-001 -3.372389e+000 0.000000e+000
      endloop
   endfacet
   facet normal 1.324528e-001 9.911893e-001 0.000000e+000
      outer loop
         vertex -4.324259e-001 -3.372389e+000 2.800000e+001
         vertex -4.324259e-001 -3.372389e+000 0.000000e+000
         vertex -4.861286e-001 -3.365067e+000 2.800000e+001
      endloop
   endfacet
   facet normal 1.377179e-001 9.904715e-001 0.000000e+000
      outer loop
         vertex -4.861286e-001 -3.365067e+000 2.800000e+001
         vertex -4.324259e-001 -3.372389e+000 0.000000e+000
         vertex -4.861286e-001 -3.365067e+000 0.000000e+000
      endloop
   endfacet
   facet normal 1.482360e-001 9.889520e-001 0.000000e+000
      outer loop
         vertex -4.861286e-001 -3.365067e+000 2.800000e+001
         vertex -4.861286e-001 -3.365067e+000 0.000000e+000
         vertex -5.397077e-001 -3.356891e+000 2.800000e+001
      endloop
   endfacet
   facet normal 1.534891e-001 9.881504e-001 0.000000e+000
      outer loop
         vertex -5.397077e-001 -3.356891e+000 2.800000e+001
         vertex -4.861286e-001 -3.365067e+000 0.000000e+000
         vertex -5.397077e-001 -3.356891e+000 0.000000e+000
      endloop
   endfacet
   facet normal 1.639816e-001 9.864634e-001 0.000000e+000
      outer loop
         vertex -5.397077e-001 -3.356891e+000 2.800000e+001
         vertex -5.397077e-001 -3.356891e+000 0.000000e+000
         vertex -5.931497e-001 -3.347861e+000 2.800000e+001
      endloop
   endfacet
   facet normal 1.692212e-001 9.855781e-001 0.000000e+000
      outer loop
         vertex -5.931497e-001 -3.347861e+000 2.800000e+001
         vertex -5.397077e-001 -3.356891e+000 0.000000e+000
         vertex -5.931497e-001 -3.347861e+000 0.000000e+000
      endloop
   endfacet
   facet normal 5.288803e-003 -9.999861e-001 0.000000e+000
      outer loop
         vertex -8.500000e+000 -2.650000e+001 2.800000e+001
         vertex -8.500000e+000 -2.650000e+001 0.000000e+000
         vertex -8.341340e+000 -2.649874e+001 0.000000e+000
      endloop
   endfacet
   facet normal 1.057761e-002 -9.999441e-001 0.000000e+000
      outer loop
         vertex -8.500000e+000 -2.650000e+001 2.800000e+001
         vertex -8.341340e+000 -2.649874e+001 0.000000e+000
         vertex -8.341340e+000 -2.649874e+001 2.800000e+001
      endloop
   endfacet
   facet normal 2.115388e-002 -9.997762e-001 0.000000e+000
      outer loop
         vertex -8.341340e+000 -2.649874e+001 2.800000e+001
         vertex -8.341340e+000 -2.649874e+001 0.000000e+000
         vertex -8.182720e+000 -2.649496e+001 0.000000e+000
      endloop
   endfacet
   facet normal 2.644135e-002 -9.996504e-001 0.000000e+000
      outer loop
         vertex -8.341340e+000 -2.649874e+001 2.800000e+001
         vertex -8.182720e+000 -2.649496e+001 0.000000e+000
         vertex -8.182720e+000 -2.649496e+001 2.800000e+001
      endloop
   endfacet
   facet normal 3.701363e-002 -9.993148e-001 0.000000e+000
      outer loop
         vertex -8.182720e+000 -2.649496e+001 2.800000e+001
         vertex -8.182720e+000 -2.649496e+001 0.000000e+000
         vertex -8.024181e+000 -2.648867e+001 0.000000e+000
      endloop
   endfacet
   facet normal 4.229844e-002 -9.991051e-001 0.000000e+000
      outer loop
         vertex -8.182720e+000 -2.649496e+001 2.800000e+001
         vertex -8.024181e+000 -2.648867e+001 0.000000e+000
         vertex -8.024181e+000 -2.648867e+001 2.800000e+001
      endloop
   endfacet
   facet normal 5.286407e-002 -9.986017e-001 0.000000e+000
      outer loop
         vertex -8.024181e+000 -2.648867e+001 2.800000e+001
         vertex -8.024181e+000 -2.648867e+001 0.000000e+000
         vertex -7.865760e+000 -2.647987e+001 0.000000e+000
      endloop
   endfacet
   facet normal 5.814487e-002 -9.983081e-001 0.000000e+000
      outer loop
         vertex -8.024181e+000 -2.648867e+001 2.800000e+001
         vertex -7.865760e+000 -2.647987e+001 0.000000e+000
         vertex -7.865760e+000 -2.647987e+001 2.800000e+001
      endloop
   endfacet
   facet normal 6.870119e-002 -9.976373e-001 0.000000e+000
      outer loop
         vertex -7.865760e+000 -2.647987e+001 2.800000e+001
         vertex -7.865760e+000 -2.647987e+001 0.000000e+000
         vertex -7.707500e+000 -2.646855e+001 0.000000e+000
      endloop
   endfacet
   facet normal 7.397667e-002 -9.972600e-001 0.000000e+000
      outer loop
         vertex -7.865760e+000 -2.647987e+001 2.800000e+001
         vertex -7.707500e+000 -2.646855e+001 0.000000e+000
         vertex -7.707500e+000 -2.646855e+001 2.800000e+001
      endloop
   endfacet
   facet normal 8.452101e-002 -9.964217e-001 0.000000e+000
      outer loop
         vertex -7.707500e+000 -2.646855e+001 2.800000e+001
         vertex -7.707500e+000 -2.646855e+001 0.000000e+000
         vertex -7.549439e+000 -2.645472e+001 0.000000e+000
      endloop
   endfacet
   facet normal 8.978985e-002 -9.959607e-001 0.000000e+000
      outer loop
         vertex -7.707500e+000 -2.646855e+001 2.800000e+001
         vertex -7.549439e+000 -2.645472e+001 0.000000e+000
         vertex -7.549439e+000 -2.645472e+001 2.800000e+001
      endloop
   endfacet
   facet normal 1.003196e-001 -9.949553e-001 0.000000e+000
      outer loop
         vertex -7.549439e+000 -2.645472e+001 2.800000e+001
         vertex -7.549439e+000 -2.645472e+001 0.000000e+000
         vertex -7.391618e+000 -2.643839e+001 0.000000e+000
      endloop
   endfacet
   facet normal 1.055804e-001 -9.944108e-001 0.000000e+000
      outer loop
         vertex -7.549439e+000 -2.645472e+001 2.800000e+001
         vertex -7.391618e+000 -2.643839e+001 0.000000e+000
         vertex -7.391618e+000 -2.643839e+001 2.800000e+001
      endloop
   endfacet
   facet normal 1.160929e-001 -9.932384e-001 0.000000e+000
      outer loop
         vertex -7.391618e+000 -2.643839e+001 2.800000e+001
         vertex -7.391618e+000 -2.643839e+001 0.000000e+000
         vertex -7.234076e+000 -2.641955e+001 0.000000e+000
      endloop
   endfacet
   facet normal 1.213444e-001 -9.926105e-001 0.000000e+000
      outer loop
         vertex -7.391618e+000 -2.643839e+001 2.800000e+001
         vertex -7.234076e+000 -2.641955e+001 0.000000e+000
         vertex -7.234076e+000 -2.641955e+001 2.800000e+001
      endloop
   endfacet
   facet normal 1.318370e-001 -9.912714e-001 0.000000e+000
      outer loop
         vertex -7.234076e+000 -2.641955e+001 2.800000e+001
         vertex -7.234076e+000 -2.641955e+001 0.000000e+000
         vertex -7.076851e+000 -2.639821e+001 0.000000e+000
      endloop
   endfacet
   facet normal 1.370779e-001 -9.905603e-001 0.000000e+000
      outer loop
         vertex -7.234076e+000 -2.641955e+001 2.800000e+001
         vertex -7.076851e+000 -2.639821e+001 0.000000e+000
         vertex -7.076851e+000 -2.639821e+001 2.800000e+001
      endloop
   endfacet
   facet normal 1.475478e-001 -9.890549e-001 0.000000e+000
      outer loop
         vertex -7.076851e+000 -2.639821e+001 2.800000e+001
         vertex -7.076851e+000 -2.639821e+001 0.000000e+000
         vertex -6.919986e+000 -2.637439e+001 0.000000e+000
      endloop
   endfacet
   facet normal 1.527768e-001 -9.882607e-001 0.000000e+000
      outer loop
         vertex -7.076851e+000 -2.639821e+001 2.800000e+001
         vertex -6.919986e+000 -2.637439e+001 0.000000e+000
         vertex -6.919986e+000 -2.637439e+001 2.800000e+001
      endloop
   endfacet
   facet normal 1.632216e-001 -9.865895e-001 0.000000e+000
      outer loop
         vertex -6.919986e+000 -2.637439e+001 2.800000e+001
         vertex -6.919986e+000 -2.637439e+001 0.000000e+000
         vertex -6.763518e+000 -2.634808e+001 0.000000e+000
      endloop
   endfacet
   facet normal 1.684373e-001 -9.857123e-001 0.000000e+000
      outer loop
         vertex -6.919986e+000 -2.637439e+001 2.800000e+001
         vertex -6.763518e+000 -2.634808e+001 0.000000e+000
         vertex -6.763518e+000 -2.634808e+001 2.800000e+001
      endloop
   endfacet
   facet normal 1.788542e-001 -9.838756e-001 0.000000e+000
      outer loop
         vertex -6.763518e+000 -2.634808e+001 2.800000e+001
         vertex -6.763518e+000 -2.634808e+001 0.000000e+000
         vertex -6.607487e+000 -2.631929e+001 0.000000e+000
      endloop
   endfacet
   facet normal 1.840554e-001 -9.829159e-001 0.000000e+000
      outer loop
         vertex -6.763518e+000 -2.634808e+001 2.800000e+001
         vertex -6.607487e+000 -2.631929e+001 0.000000e+000
         vertex -6.607487e+000 -2.631929e+001 2.800000e+001
      endloop
   endfacet
   facet normal 1.944418e-001 -9.809141e-001 0.000000e+000
      outer loop
         vertex -6.607487e+000 -2.631929e+001 2.800000e+001
         vertex -6.607487e+000 -2.631929e+001 0.000000e+000
         vertex -6.451933e+000 -2.628802e+001 0.000000e+000
      endloop
   endfacet
   facet normal 1.996271e-001 -9.798720e-001 0.000000e+000
      outer loop
         vertex -6.607487e+000 -2.631929e+001 2.800000e+001
         vertex -6.451933e+000 -2.628802e+001 0.000000e+000
         vertex -6.451933e+000 -2.628802e+001 2.800000e+001
      endloop
   endfacet
   facet normal 2.099805e-001 -9.777056e-001 0.000000e+000
      outer loop
         vertex -6.451933e+000 -2.628802e+001 2.800000e+001
         vertex -6.451933e+000 -2.628802e+001 0.000000e+000
         vertex -6.296895e+000 -2.625430e+001 0.000000e+000
      endloop
   endfacet
   facet normal 2.151486e-001 -9.765813e-001 0.000000e+000
      outer loop
         vertex -6.451933e+000 -2.628802e+001 2.800000e+001
         vertex -6.296895e+000 -2.625430e+001 0.000000e+000
         vertex -6.296895e+000 -2.625430e+001 2.800000e+001
      endloop
   endfacet
   facet normal 2.254663e-001 -9.742510e-001 0.000000e+000
      outer loop
         vertex -6.296895e+000 -2.625430e+001 2.800000e+001
         vertex -6.296895e+000 -2.625430e+001 0.000000e+000
         vertex -6.142410e+000 -2.621812e+001 0.000000e+000
      endloop
   endfacet
   facet normal 2.306159e-001 -9.730448e-001 0.000000e+000
      outer loop
         vertex -6.296895e+000 -2.625430e+001 2.800000e+001
         vertex -6.142410e+000 -2.621812e+001 0.000000e+000
         vertex -6.142410e+000 -2.621812e+001 2.800000e+001
      endloop
   endfacet
   facet normal 2.408953e-001 -9.705511e-001 0.000000e+000
      outer loop
         vertex -6.142410e+000 -2.621812e+001 2.800000e+001
         vertex -6.142410e+000 -2.621812e+001 0.000000e+000
         vertex -5.988520e+000 -2.617949e+001 0.000000e+000
      endloop
   endfacet
   facet normal 2.460252e-001 -9.692635e-001 0.000000e+000
      outer loop
         vertex -6.142410e+000 -2.621812e+001 2.800000e+001
         vertex -5.988520e+000 -2.617949e+001 0.000000e+000
         vertex -5.988520e+000 -2.617949e+001 2.800000e+001
      endloop
   endfacet
   facet normal 2.562637e-001 -9.666069e-001 0.000000e+000
      outer loop
         vertex -5.988520e+000 -2.617949e+001 2.800000e+001
         vertex -5.988520e+000 -2.617949e+001 0.000000e+000
         vertex -5.835262e+000 -2.613842e+001 0.000000e+000
      endloop
   endfacet
   facet normal 2.613725e-001 -9.652380e-001 0.000000e+000
      outer loop
         vertex -5.988520e+000 -2.617949e+001 2.800000e+001
         vertex -5.835262e+000 -2.613842e+001 0.000000e+000
         vertex -5.835262e+000 -2.613842e+001 2.800000e+001
      endloop
   endfacet
   facet normal 2.715676e-001 -9.624193e-001 0.000000e+000
      outer loop
         vertex -5.835262e+000 -2.613842e+001 2.800000e+001
         vertex -5.835262e+000 -2.613842e+001 0.000000e+000
         vertex -5.682674e+000 -2.609493e+001 0.000000e+000
      endloop
   endfacet
   facet normal 2.766540e-001 -9.609696e-001 0.000000e+000
      outer loop
         vertex -5.835262e+000 -2.613842e+001 2.800000e+001
         vertex -5.682674e+000 -2.609493e+001 0.000000e+000
         vertex -5.682674e+000 -2.609493e+001 2.800000e+001
      endloop
   endfacet
   facet normal 2.868032e-001 -9.579895e-001 0.000000e+000
      outer loop
         vertex -5.682674e+000 -2.609493e+001 2.800000e+001
         vertex -5.682674e+000 -2.609493e+001 0.000000e+000
         vertex -5.530797e+000 -2.604902e+001 0.000000e+000
      endloop
   endfacet
   facet normal 2.918660e-001 -9.564593e-001 0.000000e+000
      outer loop
         vertex -5.682674e+000 -2.609493e+001 2.800000e+001
         vertex -5.530797e+000 -2.604902e+001 0.000000e+000
         vertex -5.530797e+000 -2.604902e+001 2.800000e+001
      endloop
   endfacet
   facet normal 3.019665e-001 -9.533185e-001 0.000000e+000
      outer loop
         vertex -5.530797e+000 -2.604902e+001 2.800000e+001
         vertex -5.530797e+000 -2.604902e+001 0.000000e+000
         vertex -5.379666e+000 -2.600071e+001 0.000000e+000
      endloop
   endfacet
   facet normal 3.070044e-001 -9.517081e-001 0.000000e+000
      outer loop
         vertex -5.530797e+000 -2.604902e+001 2.800000e+001
         vertex -5.379666e+000 -2.600071e+001 0.000000e+000
         vertex -5.379666e+000 -2.600071e+001 2.800000e+001
      endloop
   endfacet
   facet normal 3.170538e-001 -9.484076e-001 0.000000e+000
      outer loop
         vertex -5.379666e+000 -2.600071e+001 2.800000e+001
         vertex -5.379666e+000 -2.600071e+001 0.000000e+000
         vertex -5.229321e+000 -2.595001e+001 0.000000e+000
      endloop
   endfacet
   facet normal 3.220654e-001 -9.467174e-001 0.000000e+000
      outer loop
         vertex -5.379666e+000 -2.600071e+001 2.800000e+001
         vertex -5.229321e+000 -2.595001e+001 0.000000e+000
         vertex -5.229321e+000 -2.595001e+001 2.800000e+001
      endloop
   endfacet
   facet normal 3.320613e-001 -9.432578e-001 0.000000e+000
      outer loop
         vertex -5.229321e+000 -2.595001e+001 2.800000e+001
         vertex -5.229321e+000 -2.595001e+001 0.000000e+000
         vertex -5.079798e+000 -2.589692e+001 0.000000e+000
      endloop
   endfacet
   facet normal 3.370455e-001 -9.414884e-001 0.000000e+000
      outer loop
         vertex -5.229321e+000 -2.595001e+001 2.800000e+001
         vertex -5.079798e+000 -2.589692e+001 0.000000e+000
         vertex -5.079798e+000 -2.589692e+001 2.800000e+001
      endloop
   endfacet
   facet normal 3.469852e-001 -9.378706e-001 0.000000e+000
      outer loop
         vertex -5.079798e+000 -2.589692e+001 2.800000e+001
         vertex -5.079798e+000 -2.589692e+001 0.000000e+000
         vertex -4.931138e+000 -2.584148e+001 0.000000e+000
      endloop
   endfacet
   facet normal 3.519407e-001 -9.360223e-001 0.000000e+000
      outer loop
         vertex -5.079798e+000 -2.589692e+001 2.800000e+001
         vertex -4.931138e+000 -2.584148e+001 0.000000e+000
         vertex -4.931138e+000 -2.584148e+001 2.800000e+001
      endloop
   endfacet
   facet normal 3.618218e-001 -9.322473e-001 0.000000e+000
      outer loop
         vertex -4.931138e+000 -2.584148e+001 2.800000e+001
         vertex -4.931138e+000 -2.584148e+001 0.000000e+000
         vertex -4.783376e+000 -2.578368e+001 0.000000e+000
      endloop
   endfacet
   facet normal 3.667473e-001 -9.303206e-001 0.000000e+000
      outer loop
         vertex -4.931138e+000 -2.584148e+001 2.800000e+001
         vertex -4.783376e+000 -2.578368e+001 0.000000e+000
         vertex -4.783376e+000 -2.578368e+001 2.800000e+001
      endloop
   endfacet
   facet normal 3.765672e-001 -9.263893e-001 0.000000e+000
      outer loop
         vertex -4.783376e+000 -2.578368e+001 2.800000e+001
         vertex -4.783376e+000 -2.578368e+001 0.000000e+000
         vertex -4.636549e+000 -2.572354e+001 0.000000e+000
      endloop
   endfacet
   facet normal 3.814616e-001 -9.243847e-001 0.000000e+000
      outer loop
         vertex -4.783376e+000 -2.578368e+001 2.800000e+001
         vertex -4.636549e+000 -2.572354e+001 0.000000e+000
         vertex -4.636549e+000 -2.572354e+001 2.800000e+001
      endloop
   endfacet
   facet normal 3.912179e-001 -9.202982e-001 0.000000e+000
      outer loop
         vertex -4.636549e+000 -2.572354e+001 2.800000e+001
         vertex -4.636549e+000 -2.572354e+001 0.000000e+000
         vertex -4.490695e+000 -2.566109e+001 0.000000e+000
      endloop
   endfacet
   facet normal 3.960798e-001 -9.182161e-001 0.000000e+000
      outer loop
         vertex -4.636549e+000 -2.572354e+001 2.800000e+001
         vertex -4.490695e+000 -2.566109e+001 0.000000e+000
         vertex -4.490695e+000 -2.566109e+001 2.800000e+001
      endloop
   endfacet
   facet normal 4.057701e-001 -9.139752e-001 0.000000e+000
      outer loop
         vertex -4.490695e+000 -2.566109e+001 2.800000e+001
         vertex -4.490695e+000 -2.566109e+001 0.000000e+000
         vertex -4.345850e+000 -2.559632e+001 0.000000e+000
      endloop
   endfacet
   facet normal 4.105984e-001 -9.118164e-001 0.000000e+000
      outer loop
         vertex -4.490695e+000 -2.566109e+001 2.800000e+001
         vertex -4.345850e+000 -2.559632e+001 0.000000e+000
         vertex -4.345850e+000 -2.559632e+001 2.800000e+001
      endloop
   endfacet
   facet normal 4.202201e-001 -9.074222e-001 0.000000e+000
      outer loop
         vertex -4.345850e+000 -2.559632e+001 2.800000e+001
         vertex -4.345850e+000 -2.559632e+001 0.000000e+000
         vertex -4.202051e+000 -2.552927e+001 0.000000e+000
      endloop
   endfacet
   facet normal 4.250135e-001 -9.051870e-001 0.000000e+000
      outer loop
         vertex -4.345850e+000 -2.559632e+001 2.800000e+001
         vertex -4.202051e+000 -2.552927e+001 0.000000e+000
         vertex -4.202051e+000 -2.552927e+001 2.800000e+001
      endloop
   endfacet
   facet normal 4.345643e-001 -9.006408e-001 0.000000e+000
      outer loop
         vertex -4.202051e+000 -2.552927e+001 2.800000e+001
         vertex -4.202051e+000 -2.552927e+001 0.000000e+000
         vertex -4.059334e+000 -2.545994e+001 0.000000e+000
      endloop
   endfacet
   facet normal 4.393217e-001 -8.983298e-001 0.000000e+000
      outer loop
         vertex -4.202051e+000 -2.552927e+001 2.800000e+001
         vertex -4.059334e+000 -2.545994e+001 0.000000e+000
         vertex -4.059334e+000 -2.545994e+001 2.800000e+001
      endloop
   endfacet
   facet normal 4.487992e-001 -8.936327e-001 0.000000e+000
      outer loop
         vertex -4.059334e+000 -2.545994e+001 2.800000e+001
         vertex -4.059334e+000 -2.545994e+001 0.000000e+000
         vertex -3.917735e+000 -2.538836e+001 0.000000e+000
      endloop
   endfacet
   facet normal 4.535193e-001 -8.912465e-001 0.000000e+000
      outer loop
         vertex -4.059334e+000 -2.545994e+001 2.800000e+001
         vertex -3.917735e+000 -2.538836e+001 0.000000e+000
         vertex -3.917735e+000 -2.538836e+001 2.800000e+001
      endloop
   endfacet
   facet normal 4.629210e-001 -8.863996e-001 0.000000e+000
      outer loop
         vertex -3.917735e+000 -2.538836e+001 2.800000e+001
         vertex -3.917735e+000 -2.538836e+001 0.000000e+000
         vertex -3.777289e+000 -2.531453e+001 0.000000e+000
      endloop
   endfacet
   facet normal 4.676027e-001 -8.839387e-001 0.000000e+000
      outer loop
         vertex -3.917735e+000 -2.538836e+001 2.800000e+001
         vertex -3.777289e+000 -2.531453e+001 0.000000e+000
         vertex -3.777289e+000 -2.531453e+001 2.800000e+001
      endloop
   endfacet
   facet normal 4.769263e-001 -8.789433e-001 0.000000e+000
      outer loop
         vertex -3.777289e+000 -2.531453e+001 2.800000e+001
         vertex -3.777289e+000 -2.531453e+001 0.000000e+000
         vertex -3.638033e+000 -2.523849e+001 0.000000e+000
      endloop
   endfacet
   facet normal 4.815684e-001 -8.764086e-001 0.000000e+000
      outer loop
         vertex -3.777289e+000 -2.531453e+001 2.800000e+001
         vertex -3.638033e+000 -2.523849e+001 0.000000e+000
         vertex -3.638033e+000 -2.523849e+001 2.800000e+001
      endloop
   endfacet
   facet normal 4.908116e-001 -8.712658e-001 0.000000e+000
      outer loop
         vertex -3.638033e+000 -2.523849e+001 2.800000e+001
         vertex -3.638033e+000 -2.523849e+001 0.000000e+000
         vertex -3.500000e+000 -2.516026e+001 0.000000e+000
      endloop
   endfacet
   facet normal 4.954128e-001 -8.686577e-001 0.000000e+000
      outer loop
         vertex -3.638033e+000 -2.523849e+001 2.800000e+001
         vertex -3.500000e+000 -2.516026e+001 0.000000e+000
         vertex -3.500000e+000 -2.516026e+001 2.800000e+001
      endloop
   endfacet
   facet normal 5.045732e-001 -8.633689e-001 0.000000e+000
      outer loop
         vertex -3.500000e+000 -2.516026e+001 2.800000e+001
         vertex -3.500000e+000 -2.516026e+001 0.000000e+000
         vertex -3.363226e+000 -2.507983e+001 0.000000e+000
      endloop
   endfacet
   facet normal 5.091325e-001 -8.606882e-001 0.000000e+000
      outer loop
         vertex -3.500000e+000 -2.516026e+001 2.800000e+001
         vertex -3.363226e+000 -2.507983e+001 0.000000e+000
         vertex -3.363226e+000 -2.507983e+001 2.800000e+001
      endloop
   endfacet
   facet normal 5.182079e-001 -8.552547e-001 0.000000e+000
      outer loop
         vertex -3.363226e+000 -2.507983e+001 2.800000e+001
         vertex -3.363226e+000 -2.507983e+001 0.000000e+000
         vertex -3.227746e+000 -2.499726e+001 0.000000e+000
      endloop
   endfacet
   facet normal 5.227240e-001 -8.525019e-001 0.000000e+000
      outer loop
         vertex -3.363226e+000 -2.507983e+001 2.800000e+001
         vertex -3.227746e+000 -2.499726e+001 0.000000e+000
         vertex -3.227746e+000 -2.499726e+001 2.800000e+001
      endloop
   endfacet
   facet normal 5.317122e-001 -8.469251e-001 0.000000e+000
      outer loop
         vertex -3.227746e+000 -2.499726e+001 2.800000e+001
         vertex -3.227746e+000 -2.499726e+001 0.000000e+000
         vertex -3.093592e+000 -2.491254e+001 0.000000e+000
      endloop
   endfacet
   facet normal 5.361840e-001 -8.441011e-001 0.000000e+000
      outer loop
         vertex -3.227746e+000 -2.499726e+001 2.800000e+001
         vertex -3.093592e+000 -2.491254e+001 0.000000e+000
         vertex -3.093592e+000 -2.491254e+001 2.800000e+001
      endloop
   endfacet
   facet normal 5.450825e-001 -8.383824e-001 0.000000e+000
      outer loop
         vertex -3.093592e+000 -2.491254e+001 2.800000e+001
         vertex -3.093592e+000 -2.491254e+001 0.000000e+000
         vertex -2.960799e+000 -2.482570e+001 0.000000e+000
      endloop
   endfacet
   facet normal 5.495090e-001 -8.354878e-001 0.000000e+000
      outer loop
         vertex -3.093592e+000 -2.491254e+001 2.800000e+001
         vertex -2.960799e+000 -2.482570e+001 0.000000e+000
         vertex -2.960799e+000 -2.482570e+001 2.800000e+001
      endloop
   endfacet
   facet normal 5.583156e-001 -8.296286e-001 0.000000e+000
      outer loop
         vertex -2.960799e+000 -2.482570e+001 2.800000e+001
         vertex -2.960799e+000 -2.482570e+001 0.000000e+000
         vertex -2.829401e+000 -2.473676e+001 0.000000e+000
      endloop
   endfacet
   facet normal 5.626957e-001 -8.266641e-001 0.000000e+000
      outer loop
         vertex -2.960799e+000 -2.482570e+001 2.800000e+001
         vertex -2.829401e+000 -2.473676e+001 0.000000e+000
         vertex -2.829401e+000 -2.473676e+001 2.800000e+001
      endloop
   endfacet
   facet normal 5.714083e-001 -8.206660e-001 0.000000e+000
      outer loop
         vertex -2.829401e+000 -2.473676e+001 2.800000e+001
         vertex -2.829401e+000 -2.473676e+001 0.000000e+000
         vertex -2.699431e+000 -2.464576e+001 0.000000e+000
      endloop
   endfacet
   facet normal 5.757407e-001 -8.176324e-001 0.000000e+000
      outer loop
         vertex -2.829401e+000 -2.473676e+001 2.800000e+001
         vertex -2.699431e+000 -2.464576e+001 0.000000e+000
         vertex -2.699431e+000 -2.464576e+001 2.800000e+001
      endloop
   endfacet
   facet normal 5.843569e-001 -8.114968e-001 0.000000e+000
      outer loop
         vertex -2.699431e+000 -2.464576e+001 2.800000e+001
         vertex -2.699431e+000 -2.464576e+001 0.000000e+000
         vertex -2.570921e+000 -2.455270e+001 0.000000e+000
      endloop
   endfacet
   facet normal 5.886407e-001 -8.083948e-001 0.000000e+000
      outer loop
         vertex -2.699431e+000 -2.464576e+001 2.800000e+001
         vertex -2.570921e+000 -2.455270e+001 0.000000e+000
         vertex -2.570921e+000 -2.455270e+001 2.800000e+001
      endloop
   endfacet
   facet normal 5.971585e-001 -8.021232e-001 0.000000e+000
      outer loop
         vertex -2.570921e+000 -2.455270e+001 2.800000e+001
         vertex -2.570921e+000 -2.455270e+001 0.000000e+000
         vertex -2.443903e+000 -2.445762e+001 0.000000e+000
      endloop
   endfacet
   facet normal 6.013926e-001 -7.989537e-001 0.000000e+000
      outer loop
         vertex -2.570921e+000 -2.455270e+001 2.800000e+001
         vertex -2.443903e+000 -2.445762e+001 0.000000e+000
         vertex -2.443903e+000 -2.445762e+001 2.800000e+001
      endloop
   endfacet
   facet normal 6.098099e-001 -7.925478e-001 0.000000e+000
      outer loop
         vertex -2.443903e+000 -2.445762e+001 2.800000e+001
         vertex -2.443903e+000 -2.445762e+001 0.000000e+000
         vertex -2.318410e+000 -2.436053e+001 0.000000e+000
      endloop
   endfacet
   facet normal 6.139930e-001 -7.893114e-001 0.000000e+000
      outer loop
         vertex -2.443903e+000 -2.445762e+001 2.800000e+001
         vertex -2.318410e+000 -2.436053e+001 0.000000e+000
         vertex -2.318410e+000 -2.436053e+001 2.800000e+001
      endloop
   endfacet
   facet normal 6.223076e-001 -7.827728e-001 0.000000e+000
      outer loop
         vertex -2.318410e+000 -2.436053e+001 2.800000e+001
         vertex -2.318410e+000 -2.436053e+001 0.000000e+000
         vertex -2.194473e+000 -2.426147e+001 0.000000e+000
      endloop
   endfacet
   facet normal 6.264389e-001 -7.794705e-001 0.000000e+000
      outer loop
         vertex -2.318410e+000 -2.436053e+001 2.800000e+001
         vertex -2.194473e+000 -2.426147e+001 0.000000e+000
         vertex -2.194473e+000 -2.426147e+001 2.800000e+001
      endloop
   endfacet
   facet normal 6.346487e-001 -7.728007e-001 0.000000e+000
      outer loop
         vertex -2.194473e+000 -2.426147e+001 2.800000e+001
         vertex -2.194473e+000 -2.426147e+001 0.000000e+000
         vertex -2.072124e+000 -2.416044e+001 0.000000e+000
      endloop
   endfacet
   facet normal 6.387272e-001 -7.694333e-001 0.000000e+000
      outer loop
         vertex -2.194473e+000 -2.426147e+001 2.800000e+001
         vertex -2.072124e+000 -2.416044e+001 0.000000e+000
         vertex -2.072124e+000 -2.416044e+001 2.800000e+001
      endloop
   endfacet
   facet normal 6.468301e-001 -7.626342e-001 0.000000e+000
      outer loop
         vertex -2.072124e+000 -2.416044e+001 2.800000e+001
         vertex -2.072124e+000 -2.416044e+001 0.000000e+000
         vertex -1.951393e+000 -2.405750e+001 0.000000e+000
      endloop
   endfacet
   facet normal 6.508546e-001 -7.592024e-001 0.000000e+000
      outer loop
         vertex -2.072124e+000 -2.416044e+001 2.800000e+001
         vertex -1.951393e+000 -2.405750e+001 0.000000e+000
         vertex -1.951393e+000 -2.405750e+001 2.800000e+001
      endloop
   endfacet
   facet normal 6.588486e-001 -7.522756e-001 0.000000e+000
      outer loop
         vertex -1.951393e+000 -2.405750e+001 2.800000e+001
         vertex -1.951393e+000 -2.405750e+001 0.000000e+000
         vertex -1.832310e+000 -2.395264e+001 0.000000e+000
      endloop
   endfacet
   facet normal 6.628181e-001 -7.487804e-001 0.000000e+000
      outer loop
         vertex -1.951393e+000 -2.405750e+001 2.800000e+001
         vertex -1.832310e+000 -2.395264e+001 0.000000e+000
         vertex -1.832310e+000 -2.395264e+001 2.800000e+001
      endloop
   endfacet
   facet normal 6.707013e-001 -7.417276e-001 0.000000e+000
      outer loop
         vertex -1.832310e+000 -2.395264e+001 2.800000e+001
         vertex -1.832310e+000 -2.395264e+001 0.000000e+000
         vertex -1.714906e+000 -2.384592e+001 0.000000e+000
      endloop
   endfacet
   facet normal 6.746148e-001 -7.381699e-001 0.000000e+000
      outer loop
         vertex -1.832310e+000 -2.395264e+001 2.800000e+001
         vertex -1.714906e+000 -2.384592e+001 0.000000e+000
         vertex -1.714906e+000 -2.384592e+001 2.800000e+001
      endloop
   endfacet
   facet normal 6.823850e-001 -7.309929e-001 0.000000e+000
      outer loop
         vertex -1.714906e+000 -2.384592e+001 2.800000e+001
         vertex -1.714906e+000 -2.384592e+001 0.000000e+000
         vertex -1.599210e+000 -2.373734e+001 0.000000e+000
      endloop
   endfacet
   facet normal 6.862417e-001 -7.273736e-001 0.000000e+000
      outer loop
         vertex -1.714906e+000 -2.384592e+001 2.800000e+001
         vertex -1.599210e+000 -2.373734e+001 0.000000e+000
         vertex -1.599210e+000 -2.373734e+001 2.800000e+001
      endloop
   endfacet
   facet normal 6.938971e-001 -7.200742e-001 0.000000e+000
      outer loop
         vertex -1.599210e+000 -2.373734e+001 2.800000e+001
         vertex -1.599210e+000 -2.373734e+001 0.000000e+000
         vertex -1.485251e+000 -2.362694e+001 0.000000e+000
      endloop
   endfacet
   facet normal 6.976958e-001 -7.163942e-001 0.000000e+000
      outer loop
         vertex -1.599210e+000 -2.373734e+001 2.800000e+001
         vertex -1.485251e+000 -2.362694e+001 0.000000e+000
         vertex -1.485251e+000 -2.362694e+001 2.800000e+001
      endloop
   endfacet
   facet normal 7.052344e-001 -7.089742e-001 0.000000e+000
      outer loop
         vertex -1.485251e+000 -2.362694e+001 2.800000e+001
         vertex -1.485251e+000 -2.362694e+001 0.000000e+000
         vertex -1.373058e+000 -2.351475e+001 0.000000e+000
      endloop
   endfacet
   facet normal 7.089742e-001 -7.052344e-001 0.000000e+000
      outer loop
         vertex -1.485251e+000 -2.362694e+001 2.800000e+001
         vertex -1.373058e+000 -2.351475e+001 0.000000e+000
         vertex -1.373058e+000 -2.351475e+001 2.800000e+001
      endloop
   endfacet
   facet normal 7.163942e-001 -6.976958e-001 0.000000e+000
      outer loop
         vertex -1.373058e+000 -2.351475e+001 2.800000e+001
         vertex -1.373058e+000 -2.351475e+001 0.000000e+000
         vertex -1.262660e+000 -2.340079e+001 0.000000e+000
      endloop
   endfacet
   facet normal 7.200742e-001 -6.938970e-001 0.000000e+000
      outer loop
         vertex -1.373058e+000 -2.351475e+001 2.800000e+001
         vertex -1.262660e+000 -2.340079e+001 0.000000e+000
         vertex -1.262660e+000 -2.340079e+001 2.800000e+001
      endloop
   endfacet
   facet normal 7.273736e-001 -6.862417e-001 0.000000e+000
      outer loop
         vertex -1.262660e+000 -2.340079e+001 2.800000e+001
         vertex -1.262660e+000 -2.340079e+001 0.000000e+000
         vertex -1.154083e+000 -2.328510e+001 0.000000e+000
      endloop
   endfacet
   facet normal 7.309929e-001 -6.823850e-001 0.000000e+000
      outer loop
         vertex -1.262660e+000 -2.340079e+001 2.800000e+001
         vertex -1.154083e+000 -2.328510e+001 0.000000e+000
         vertex -1.154083e+000 -2.328510e+001 2.800000e+001
      endloop
   endfacet
   facet normal 7.381699e-001 -6.746148e-001 0.000000e+000
      outer loop
         vertex -1.154083e+000 -2.328510e+001 2.800000e+001
         vertex -1.154083e+000 -2.328510e+001 0.000000e+000
         vertex -1.047355e+000 -2.316769e+001 0.000000e+000
      endloop
   endfacet
   facet normal 7.417277e-001 -6.707013e-001 0.000000e+000
      outer loop
         vertex -1.154083e+000 -2.328510e+001 2.800000e+001
         vertex -1.047355e+000 -2.316769e+001 0.000000e+000
         vertex -1.047355e+000 -2.316769e+001 2.800000e+001
      endloop
   endfacet
   facet normal 7.487804e-001 -6.628181e-001 0.000000e+000
      outer loop
         vertex -1.047355e+000 -2.316769e+001 2.800000e+001
         vertex -1.047355e+000 -2.316769e+001 0.000000e+000
         vertex -9.425043e-001 -2.304861e+001 0.000000e+000
      endloop
   endfacet
   facet normal 7.522756e-001 -6.588486e-001 0.000000e+000
      outer loop
         vertex -1.047355e+000 -2.316769e+001 2.800000e+001
         vertex -9.425043e-001 -2.304861e+001 0.000000e+000
         vertex -9.425043e-001 -2.304861e+001 2.800000e+001
      endloop
   endfacet
   facet normal 7.592024e-001 -6.508546e-001 0.000000e+000
      outer loop
         vertex -9.425043e-001 -2.304861e+001 2.800000e+001
         vertex -9.425043e-001 -2.304861e+001 0.000000e+000
         vertex -8.395556e-001 -2.292788e+001 0.000000e+000
      endloop
   endfacet
   facet normal 7.626342e-001 -6.468301e-001 0.000000e+000
      outer loop
         vertex -9.425043e-001 -2.304861e+001 2.800000e+001
         vertex -8.395556e-001 -2.292788e+001 0.000000e+000
         vertex -8.395556e-001 -2.292788e+001 2.800000e+001
      endloop
   endfacet
   facet normal 7.694333e-001 -6.387272e-001 0.000000e+000
      outer loop
         vertex -8.395556e-001 -2.292788e+001 2.800000e+001
         vertex -8.395556e-001 -2.292788e+001 0.000000e+000
         vertex -7.385353e-001 -2.280553e+001 0.000000e+000
      endloop
   endfacet
   facet normal 7.728007e-001 -6.346487e-001 0.000000e+000
      outer loop
         vertex -8.395556e-001 -2.292788e+001 2.800000e+001
         vertex -7.385353e-001 -2.280553e+001 0.000000e+000
         vertex -7.385353e-001 -2.280553e+001 2.800000e+001
      endloop
   endfacet
   facet normal 7.794705e-001 -6.264390e-001 0.000000e+000
      outer loop
         vertex -7.385353e-001 -2.280553e+001 2.800000e+001
         vertex -7.385353e-001 -2.280553e+001 0.000000e+000
         vertex -6.394691e-001 -2.268159e+001 0.000000e+000
      endloop
   endfacet
   facet normal 7.827728e-001 -6.223076e-001 0.000000e+000
      outer loop
         vertex -7.385353e-001 -2.280553e+001 2.800000e+001
         vertex -6.394691e-001 -2.268159e+001 0.000000e+000
         vertex -6.394691e-001 -2.268159e+001 2.800000e+001
      endloop
   endfacet
   facet normal 7.893113e-001 -6.139931e-001 0.000000e+000
      outer loop
         vertex -6.394691e-001 -2.268159e+001 2.800000e+001
         vertex -6.394691e-001 -2.268159e+001 0.000000e+000
         vertex -5.423816e-001 -2.255610e+001 0.000000e+000
      endloop
   endfacet
   facet normal 7.925478e-001 -6.098099e-001 0.000000e+000
      outer loop
         vertex -6.394691e-001 -2.268159e+001 2.800000e+001
         vertex -5.423816e-001 -2.255610e+001 0.000000e+000
         vertex -5.423816e-001 -2.255610e+001 2.800000e+001
      endloop
   endfacet
   facet normal 7.989537e-001 -6.013926e-001 0.000000e+000
      outer loop
         vertex -5.423816e-001 -2.255610e+001 2.800000e+001
         vertex -5.423816e-001 -2.255610e+001 0.000000e+000
         vertex -4.472974e-001 -2.242908e+001 0.000000e+000
      endloop
   endfacet
   facet normal 8.021232e-001 -5.971586e-001 0.000000e+000
      outer loop
         vertex -5.423816e-001 -2.255610e+001 2.800000e+001
         vertex -4.472974e-001 -2.242908e+001 0.000000e+000
         vertex -4.472974e-001 -2.242908e+001 2.800000e+001
      endloop
   endfacet
   facet normal 8.083948e-001 -5.886407e-001 0.000000e+000
      outer loop
         vertex -4.472974e-001 -2.242908e+001 2.800000e+001
         vertex -4.472974e-001 -2.242908e+001 0.000000e+000
         vertex -3.542405e-001 -2.230057e+001 0.000000e+000
      endloop
   endfacet
   facet normal 8.114968e-001 -5.843569e-001 0.000000e+000
      outer loop
         vertex -4.472974e-001 -2.242908e+001 2.800000e+001
         vertex -3.542405e-001 -2.230057e+001 0.000000e+000
         vertex -3.542405e-001 -2.230057e+001 2.800000e+001
      endloop
   endfacet
   facet normal 8.176324e-001 -5.757407e-001 0.000000e+000
      outer loop
         vertex -3.542405e-001 -2.230057e+001 2.800000e+001
         vertex -3.542405e-001 -2.230057e+001 0.000000e+000
         vertex -2.632342e-001 -2.217060e+001 0.000000e+000
      endloop
   endfacet
   facet normal 8.206660e-001 -5.714083e-001 0.000000e+000
      outer loop
         vertex -3.542405e-001 -2.230057e+001 2.800000e+001
         vertex -2.632342e-001 -2.217060e+001 0.000000e+000
         vertex -2.632342e-001 -2.217060e+001 2.800000e+001
      endloop
   endfacet
   facet normal 8.266641e-001 -5.626957e-001 0.000000e+000
      outer loop
         vertex -2.632342e-001 -2.217060e+001 2.800000e+001
         vertex -2.632342e-001 -2.217060e+001 0.000000e+000
         vertex -1.743015e-001 -2.203920e+001 0.000000e+000
      endloop
   endfacet
   facet normal 8.296286e-001 -5.583156e-001 0.000000e+000
      outer loop
         vertex -2.632342e-001 -2.217060e+001 2.800000e+001
         vertex -1.743015e-001 -2.203920e+001 0.000000e+000
         vertex -1.743015e-001 -2.203920e+001 2.800000e+001
      endloop
   endfacet
   facet normal 8.354878e-001 -5.495090e-001 0.000000e+000
      outer loop
         vertex -1.743015e-001 -2.203920e+001 2.800000e+001
         vertex -1.743015e-001 -2.203920e+001 0.000000e+000
         vertex -8.746468e-002 -2.190641e+001 0.000000e+000
      endloop
   endfacet
   facet normal 8.383824e-001 -5.450825e-001 0.000000e+000
      outer loop
         vertex -1.743015e-001 -2.203920e+001 2.800000e+001
         vertex -8.746468e-002 -2.190641e+001 0.000000e+000
         vertex -8.746468e-002 -2.190641e+001 2.800000e+001
      endloop
   endfacet
   facet normal 8.441011e-001 -5.361840e-001 0.000000e+000
      outer loop
         vertex -8.746468e-002 -2.190641e+001 2.800000e+001
         vertex -8.746468e-002 -2.190641e+001 0.000000e+000
         vertex -2.745701e-003 -2.177225e+001 0.000000e+000
      endloop
   endfacet
   facet normal 8.469251e-001 -5.317121e-001 0.000000e+000
      outer loop
         vertex -8.746468e-002 -2.190641e+001 2.800000e+001
         vertex -2.745701e-003 -2.177225e+001 0.000000e+000
         vertex -2.745701e-003 -2.177225e+001 2.800000e+001
      endloop
   endfacet
   facet normal 8.525019e-001 -5.227240e-001 0.000000e+000
      outer loop
         vertex -2.745701e-003 -2.177225e+001 2.800000e+001
         vertex -2.745701e-003 -2.177225e+001 0.000000e+000
         vertex 7.983413e-002 -2.163677e+001 0.000000e+000
      endloop
   endfacet
   facet normal 8.552547e-001 -5.182079e-001 0.000000e+000
      outer loop
         vertex -2.745701e-003 -2.177225e+001 2.800000e+001
         vertex 7.983413e-002 -2.163677e+001 0.000000e+000
         vertex 7.983413e-002 -2.163677e+001 2.800000e+001
      endloop
   endfacet
   facet normal 8.606882e-001 -5.091325e-001 0.000000e+000
      outer loop
         vertex 7.983413e-002 -2.163677e+001 2.800000e+001
         vertex 7.983413e-002 -2.163677e+001 0.000000e+000
         vertex 1.602540e-001 -2.150000e+001 0.000000e+000
      endloop
   endfacet
   facet normal 8.633689e-001 -5.045732e-001 0.000000e+000
      outer loop
         vertex 7.983413e-002 -2.163677e+001 2.800000e+001
         vertex 1.602540e-001 -2.150000e+001 0.000000e+000
         vertex 1.602540e-001 -2.150000e+001 2.800000e+001
      endloop
   endfacet
   facet normal 8.686577e-001 -4.954128e-001 0.000000e+000
      outer loop
         vertex 1.602540e-001 -2.150000e+001 2.800000e+001
         vertex 1.602540e-001 -2.150000e+001 0.000000e+000
         vertex 2.384938e-001 -2.136197e+001 0.000000e+000
      endloop
   endfacet
   facet normal 8.712658e-001 -4.908116e-001 0.000000e+000
      outer loop
         vertex 1.602540e-001 -2.150000e+001 2.800000e+001
         vertex 2.384938e-001 -2.136197e+001 0.000000e+000
         vertex 2.384938e-001 -2.136197e+001 2.800000e+001
      endloop
   endfacet
   facet normal 8.764086e-001 -4.815683e-001 0.000000e+000
      outer loop
         vertex 2.384938e-001 -2.136197e+001 2.800000e+001
         vertex 2.384938e-001 -2.136197e+001 0.000000e+000
         vertex 3.145336e-001 -2.122271e+001 0.000000e+000
      endloop
   endfacet
   facet normal 8.789433e-001 -4.769263e-001 0.000000e+000
      outer loop
         vertex 2.384938e-001 -2.136197e+001 2.800000e+001
         vertex 3.145336e-001 -2.122271e+001 0.000000e+000
         vertex 3.145336e-001 -2.122271e+001 2.800000e+001
      endloop
   endfacet
   facet normal 8.839387e-001 -4.676027e-001 0.000000e+000
      outer loop
         vertex 3.145336e-001 -2.122271e+001 2.800000e+001
         vertex 3.145336e-001 -2.122271e+001 0.000000e+000
         vertex 3.883545e-001 -2.108227e+001 0.000000e+000
      endloop
   endfacet
   facet normal 8.863996e-001 -4.629210e-001 0.000000e+000
      outer loop
         vertex 3.145336e-001 -2.122271e+001 2.800000e+001
         vertex 3.883545e-001 -2.108227e+001 0.000000e+000
         vertex 3.883545e-001 -2.108227e+001 2.800000e+001
      endloop
   endfacet
   facet normal 8.912465e-001 -4.535193e-001 0.000000e+000
      outer loop
         vertex 3.883545e-001 -2.108227e+001 2.800000e+001
         vertex 3.883545e-001 -2.108227e+001 0.000000e+000
         vertex 4.599378e-001 -2.094067e+001 0.000000e+000
      endloop
   endfacet
   facet normal 8.936327e-001 -4.487992e-001 0.000000e+000
      outer loop
         vertex 3.883545e-001 -2.108227e+001 2.800000e+001
         vertex 4.599378e-001 -2.094067e+001 0.000000e+000
         vertex 4.599378e-001 -2.094067e+001 2.800000e+001
      endloop
   endfacet
   facet normal 8.983298e-001 -4.393216e-001 0.000000e+000
      outer loop
         vertex 4.599378e-001 -2.094067e+001 2.800000e+001
         vertex 4.599378e-001 -2.094067e+001 0.000000e+000
         vertex 5.292654e-001 -2.079795e+001 0.000000e+000
      endloop
   endfacet
   facet normal 9.006408e-001 -4.345643e-001 0.000000e+000
      outer loop
         vertex 4.599378e-001 -2.094067e+001 2.800000e+001
         vertex 5.292654e-001 -2.079795e+001 0.000000e+000
         vertex 5.292654e-001 -2.079795e+001 2.800000e+001
      endloop
   endfacet
   facet normal 9.051870e-001 -4.250135e-001 0.000000e+000
      outer loop
         vertex 5.292654e-001 -2.079795e+001 2.800000e+001
         vertex 5.292654e-001 -2.079795e+001 0.000000e+000
         vertex 5.963200e-001 -2.065415e+001 0.000000e+000
      endloop
   endfacet
   facet normal 9.074222e-001 -4.202201e-001 0.000000e+000
      outer loop
         vertex 5.292654e-001 -2.079795e+001 2.800000e+001
         vertex 5.963200e-001 -2.065415e+001 0.000000e+000
         vertex 5.963200e-001 -2.065415e+001 2.800000e+001
      endloop
   endfacet
   facet normal 9.118164e-001 -4.105983e-001 0.000000e+000
      outer loop
         vertex 5.963200e-001 -2.065415e+001 2.800000e+001
         vertex 5.963200e-001 -2.065415e+001 0.000000e+000
         vertex 6.610846e-001 -2.050930e+001 0.000000e+000
      endloop
   endfacet
   facet normal 9.139752e-001 -4.057701e-001 0.000000e+000
      outer loop
         vertex 5.963200e-001 -2.065415e+001 2.800000e+001
         vertex 6.610846e-001 -2.050930e+001 0.000000e+000
         vertex 6.610846e-001 -2.050930e+001 2.800000e+001
      endloop
   endfacet
   facet normal 9.182161e-001 -3.960798e-001 0.000000e+000
      outer loop
         vertex 6.610846e-001 -2.050930e+001 2.800000e+001
         vertex 6.610846e-001 -2.050930e+001 0.000000e+000
         vertex 7.235429e-001 -2.036345e+001 0.000000e+000
      endloop
   endfacet
   facet normal 9.202981e-001 -3.912179e-001 0.000000e+000
      outer loop
         vertex 6.610846e-001 -2.050930e+001 2.800000e+001
         vertex 7.235429e-001 -2.036345e+001 0.000000e+000
         vertex 7.235429e-001 -2.036345e+001 2.800000e+001
      endloop
   endfacet
   facet normal 9.243847e-001 -3.814616e-001 0.000000e+000
      outer loop
         vertex 7.235429e-001 -2.036345e+001 2.800000e+001
         vertex 7.235429e-001 -2.036345e+001 0.000000e+000
         vertex 7.836793e-001 -2.021663e+001 0.000000e+000
      endloop
   endfacet
   facet normal 9.263893e-001 -3.765672e-001 0.000000e+000
      outer loop
         vertex 7.235429e-001 -2.036345e+001 2.800000e+001
         vertex 7.836793e-001 -2.021663e+001 0.000000e+000
         vertex 7.836793e-001 -2.021663e+001 2.800000e+001
      endloop
   endfacet
   facet normal 9.303206e-001 -3.667473e-001 0.000000e+000
      outer loop
         vertex 7.836793e-001 -2.021663e+001 2.800000e+001
         vertex 7.836793e-001 -2.021663e+001 0.000000e+000
         vertex 8.414786e-001 -2.006886e+001 0.000000e+000
      endloop
   endfacet
   facet normal 9.322473e-001 -3.618218e-001 0.000000e+000
      outer loop
         vertex 7.836793e-001 -2.021663e+001 2.800000e+001
         vertex 8.414786e-001 -2.006886e+001 0.000000e+000
         vertex 8.414786e-001 -2.006886e+001 2.800000e+001
      endloop
   endfacet
   facet normal 9.360223e-001 -3.519407e-001 0.000000e+000
      outer loop
         vertex 8.414786e-001 -2.006886e+001 2.800000e+001
         vertex 8.414786e-001 -2.006886e+001 0.000000e+000
         vertex 8.969262e-001 -1.992020e+001 0.000000e+000
      endloop
   endfacet
   facet normal 9.378706e-001 -3.469852e-001 0.000000e+000
      outer loop
         vertex 8.414786e-001 -2.006886e+001 2.800000e+001
         vertex 8.969262e-001 -1.992020e+001 0.000000e+000
         vertex 8.969262e-001 -1.992020e+001 2.800000e+001
      endloop
   endfacet
   facet normal 9.414884e-001 -3.370455e-001 0.000000e+000
      outer loop
         vertex 8.969262e-001 -1.992020e+001 2.800000e+001
         vertex 8.969262e-001 -1.992020e+001 0.000000e+000
         vertex 9.500082e-001 -1.977068e+001 0.000000e+000
      endloop
   endfacet
   facet normal 9.432578e-001 -3.320613e-001 0.000000e+000
      outer loop
         vertex 8.969262e-001 -1.992020e+001 2.800000e+001
         vertex 9.500082e-001 -1.977068e+001 0.000000e+000
         vertex 9.500082e-001 -1.977068e+001 2.800000e+001
      endloop
   endfacet
   facet normal 9.467174e-001 -3.220655e-001 0.000000e+000
      outer loop
         vertex 9.500082e-001 -1.977068e+001 2.800000e+001
         vertex 9.500082e-001 -1.977068e+001 0.000000e+000
         vertex 1.000711e+000 -1.962033e+001 0.000000e+000
      endloop
   endfacet
   facet normal 9.484076e-001 -3.170538e-001 0.000000e+000
      outer loop
         vertex 9.500082e-001 -1.977068e+001 2.800000e+001
         vertex 1.000711e+000 -1.962033e+001 0.000000e+000
         vertex 1.000711e+000 -1.962033e+001 2.800000e+001
      endloop
   endfacet
   facet normal 9.517081e-001 -3.070044e-001 0.000000e+000
      outer loop
         vertex 1.000711e+000 -1.962033e+001 2.800000e+001
         vertex 1.000711e+000 -1.962033e+001 0.000000e+000
         vertex 1.049022e+000 -1.946920e+001 0.000000e+000
      endloop
   endfacet
   facet normal 9.533185e-001 -3.019665e-001 0.000000e+000
      outer loop
         vertex 1.000711e+000 -1.962033e+001 2.800000e+001
         vertex 1.049022e+000 -1.946920e+001 0.000000e+000
         vertex 1.049022e+000 -1.946920e+001 2.800000e+001
      endloop
   endfacet
   facet normal 9.564593e-001 -2.918659e-001 0.000000e+000
      outer loop
         vertex 1.049022e+000 -1.946920e+001 2.800000e+001
         vertex 1.049022e+000 -1.946920e+001 0.000000e+000
         vertex 1.094930e+000 -1.931733e+001 0.000000e+000
      endloop
   endfacet
   facet normal 9.579895e-001 -2.868032e-001 0.000000e+000
      outer loop
         vertex 1.049022e+000 -1.946920e+001 2.800000e+001
         vertex 1.094930e+000 -1.931733e+001 0.000000e+000
         vertex 1.094930e+000 -1.931733e+001 2.800000e+001
      endloop
   endfacet
   facet normal 9.609696e-001 -2.766540e-001 0.000000e+000
      outer loop
         vertex 1.094930e+000 -1.931733e+001 2.800000e+001
         vertex 1.094930e+000 -1.931733e+001 0.000000e+000
         vertex 1.138422e+000 -1.916474e+001 0.000000e+000
      endloop
   endfacet
   facet normal 9.624193e-001 -2.715676e-001 0.000000e+000
      outer loop
         vertex 1.094930e+000 -1.931733e+001 2.800000e+001
         vertex 1.138422e+000 -1.916474e+001 0.000000e+000
         vertex 1.138422e+000 -1.916474e+001 2.800000e+001
      endloop
   endfacet
   facet normal 9.652380e-001 -2.613725e-001 0.000000e+000
      outer loop
         vertex 1.138422e+000 -1.916474e+001 2.800000e+001
         vertex 1.138422e+000 -1.916474e+001 0.000000e+000
         vertex 1.179487e+000 -1.901148e+001 0.000000e+000
      endloop
   endfacet
   facet normal 9.666069e-001 -2.562637e-001 0.000000e+000
      outer loop
         vertex 1.138422e+000 -1.916474e+001 2.800000e+001
         vertex 1.179487e+000 -1.901148e+001 0.000000e+000
         vertex 1.179487e+000 -1.901148e+001 2.800000e+001
      endloop
   endfacet
   facet normal 9.692635e-001 -2.460252e-001 0.000000e+000
      outer loop
         vertex 1.179487e+000 -1.901148e+001 2.800000e+001
         vertex 1.179487e+000 -1.901148e+001 0.000000e+000
         vertex 1.218116e+000 -1.885759e+001 0.000000e+000
      endloop
   endfacet
   facet normal 9.705511e-001 -2.408954e-001 0.000000e+000
      outer loop
         vertex 1.179487e+000 -1.901148e+001 2.800000e+001
         vertex 1.218116e+000 -1.885759e+001 0.000000e+000
         vertex 1.218116e+000 -1.885759e+001 2.800000e+001
      endloop
   endfacet
   facet normal 9.730448e-001 -2.306159e-001 0.000000e+000
      outer loop
         vertex 1.218116e+000 -1.885759e+001 2.800000e+001
         vertex 1.218116e+000 -1.885759e+001 0.000000e+000
         vertex 1.254298e+000 -1.870310e+001 0.000000e+000
      endloop
   endfacet
   facet normal 9.742510e-001 -2.254663e-001 0.000000e+000
      outer loop
         vertex 1.218116e+000 -1.885759e+001 2.800000e+001
         vertex 1.254298e+000 -1.870310e+001 0.000000e+000
         vertex 1.254298e+000 -1.870310e+001 2.800000e+001
      endloop
   endfacet
   facet normal 9.765813e-001 -2.151486e-001 0.000000e+000
      outer loop
         vertex 1.254298e+000 -1.870310e+001 2.800000e+001
         vertex 1.254298e+000 -1.870310e+001 0.000000e+000
         vertex 1.288024e+000 -1.854807e+001 0.000000e+000
      endloop
   endfacet
   facet normal 9.777056e-001 -2.099805e-001 0.000000e+000
      outer loop
         vertex 1.254298e+000 -1.870310e+001 2.800000e+001
         vertex 1.288024e+000 -1.854807e+001 0.000000e+000
         vertex 1.288024e+000 -1.854807e+001 2.800000e+001
      endloop
   endfacet
   facet normal 9.798720e-001 -1.996271e-001 0.000000e+000
      outer loop
         vertex 1.288024e+000 -1.854807e+001 2.800000e+001
         vertex 1.288024e+000 -1.854807e+001 0.000000e+000
         vertex 1.319287e+000 -1.839251e+001 0.000000e+000
      endloop
   endfacet
   facet normal 9.809141e-001 -1.944418e-001 0.000000e+000
      outer loop
         vertex 1.288024e+000 -1.854807e+001 2.800000e+001
         vertex 1.319287e+000 -1.839251e+001 0.000000e+000
         vertex 1.319287e+000 -1.839251e+001 2.800000e+001
      endloop
   endfacet
   facet normal 9.829159e-001 -1.840554e-001 0.000000e+000
      outer loop
         vertex 1.319287e+000 -1.839251e+001 2.800000e+001
         vertex 1.319287e+000 -1.839251e+001 0.000000e+000
         vertex 1.348078e+000 -1.823648e+001 0.000000e+000
      endloop
   endfacet
   facet normal 9.838756e-001 -1.788542e-001 0.000000e+000
      outer loop
         vertex 1.319287e+000 -1.839251e+001 2.800000e+001
         vertex 1.348078e+000 -1.823648e+001 0.000000e+000
         vertex 1.348078e+000 -1.823648e+001 2.800000e+001
      endloop
   endfacet
   facet normal 9.857123e-001 -1.684373e-001 0.000000e+000
      outer loop
         vertex 1.348078e+000 -1.823648e+001 2.800000e+001
         vertex 1.348078e+000 -1.823648e+001 0.000000e+000
         vertex 1.374389e+000 -1.808002e+001 0.000000e+000
      endloop
   endfacet
   facet normal 9.865895e-001 -1.632216e-001 0.000000e+000
      outer loop
         vertex 1.348078e+000 -1.823648e+001 2.800000e+001
         vertex 1.374389e+000 -1.808002e+001 0.000000e+000
         vertex 1.374389e+000 -1.808002e+001 2.800000e+001
      endloop
   endfacet
   facet normal 9.882607e-001 -1.527768e-001 0.000000e+000
      outer loop
         vertex 1.374389e+000 -1.808002e+001 2.800000e+001
         vertex 1.374389e+000 -1.808002e+001 0.000000e+000
         vertex 1.398214e+000 -1.792315e+001 0.000000e+000
      endloop
   endfacet
   facet normal 9.890549e-001 -1.475478e-001 0.000000e+000
      outer loop
         vertex 1.374389e+000 -1.808002e+001 2.800000e+001
         vertex 1.398214e+000 -1.792315e+001 0.000000e+000
         vertex 1.398214e+000 -1.792315e+001 2.800000e+001
      endloop
   endfacet
   facet normal 9.905603e-001 -1.370779e-001 0.000000e+000
      outer loop
         vertex 1.398214e+000 -1.792315e+001 2.800000e+001
         vertex 1.398214e+000 -1.792315e+001 0.000000e+000
         vertex 1.419548e+000 -1.776592e+001 0.000000e+000
      endloop
   endfacet
   facet normal 9.912714e-001 -1.318370e-001 0.000000e+000
      outer loop
         vertex 1.398214e+000 -1.792315e+001 2.800000e+001
         vertex 1.419548e+000 -1.776592e+001 0.000000e+000
         vertex 1.419548e+000 -1.776592e+001 2.800000e+001
      endloop
   endfacet
   facet normal 9.926105e-001 -1.213444e-001 0.000000e+000
      outer loop
         vertex 1.419548e+000 -1.776592e+001 2.800000e+001
         vertex 1.419548e+000 -1.776592e+001 0.000000e+000
         vertex 1.438385e+000 -1.760838e+001 0.000000e+000
      endloop
   endfacet
   facet normal 9.932384e-001 -1.160929e-001 0.000000e+000
      outer loop
         vertex 1.419548e+000 -1.776592e+001 2.800000e+001
         vertex 1.438385e+000 -1.760838e+001 0.000000e+000
         vertex 1.438385e+000 -1.760838e+001 2.800000e+001
      endloop
   endfacet
   facet normal 9.944108e-001 -1.055804e-001 0.000000e+000
      outer loop
         vertex 1.438385e+000 -1.760838e+001 2.800000e+001
         vertex 1.438385e+000 -1.760838e+001 0.000000e+000
         vertex 1.454719e+000 -1.745056e+001 0.000000e+000
      endloop
   endfacet
   facet normal 9.949553e-001 -1.003196e-001 0.000000e+000
      outer loop
         vertex 1.438385e+000 -1.760838e+001 2.800000e+001
         vertex 1.454719e+000 -1.745056e+001 0.000000e+000
         vertex 1.454719e+000 -1.745056e+001 2.800000e+001
      endloop
   endfacet
   facet normal 9.959607e-001 -8.978985e-002 0.000000e+000
      outer loop
         vertex 1.454719e+000 -1.745056e+001 2.800000e+001
         vertex 1.454719e+000 -1.745056e+001 0.000000e+000
         vertex 1.468548e+000 -1.729250e+001 0.000000e+000
      endloop
   endfacet
   facet normal 9.964217e-001 -8.452101e-002 0.000000e+000
      outer loop
         vertex 1.454719e+000 -1.745056e+001 2.800000e+001
         vertex 1.468548e+000 -1.729250e+001 0.000000e+000
         vertex 1.468548e+000 -1.729250e+001 2.800000e+001
      endloop
   endfacet
   facet normal 9.972600e-001 -7.397667e-002 0.000000e+000
      outer loop
         vertex 1.468548e+000 -1.729250e+001 2.800000e+001
         vertex 1.468548e+000 -1.729250e+001 0.000000e+000
         vertex 1.479867e+000 -1.713424e+001 0.000000e+000
      endloop
   endfacet
   facet normal 9.976373e-001 -6.870119e-002 0.000000e+000
      outer loop
         vertex 1.468548e+000 -1.729250e+001 2.800000e+001
         vertex 1.479867e+000 -1.713424e+001 0.000000e+000
         vertex 1.479867e+000 -1.713424e+001 2.800000e+001
      endloop
   endfacet
   facet normal 9.983081e-001 -5.814487e-002 0.000000e+000
      outer loop
         vertex 1.479867e+000 -1.713424e+001 2.800000e+001
         vertex 1.479867e+000 -1.713424e+001 0.000000e+000
         vertex 1.488673e+000 -1.697582e+001 0.000000e+000
      endloop
   endfacet
   facet normal 9.986017e-001 -5.286406e-002 0.000000e+000
      outer loop
         vertex 1.479867e+000 -1.713424e+001 2.800000e+001
         vertex 1.488673e+000 -1.697582e+001 0.000000e+000
         vertex 1.488673e+000 -1.697582e+001 2.800000e+001
      endloop
   endfacet
   facet normal 9.991051e-001 -4.229844e-002 0.000000e+000
      outer loop
         vertex 1.488673e+000 -1.697582e+001 2.800000e+001
         vertex 1.488673e+000 -1.697582e+001 0.000000e+000
         vertex 1.494965e+000 -1.681728e+001 0.000000e+000
      endloop
   endfacet
   facet normal 9.993148e-001 -3.701363e-002 0.000000e+000
      outer loop
         vertex 1.488673e+000 -1.697582e+001 2.800000e+001
         vertex 1.494965e+000 -1.681728e+001 0.000000e+000
         vertex 1.494965e+000 -1.681728e+001 2.800000e+001
      endloop
   endfacet
   facet normal 9.996504e-001 -2.644135e-002 0.000000e+000
      outer loop
         vertex 1.494965e+000 -1.681728e+001 2.800000e+001
         vertex 1.494965e+000 -1.681728e+001 0.000000e+000
         vertex 1.498741e+000 -1.665866e+001 0.000000e+000
      endloop
   endfacet
   facet normal 9.997762e-001 -2.115388e-002 0.000000e+000
      outer loop
         vertex 1.494965e+000 -1.681728e+001 2.800000e+001
         vertex 1.498741e+000 -1.665866e+001 0.000000e+000
         vertex 1.498741e+000 -1.665866e+001 2.800000e+001
      endloop
   endfacet
   facet normal 9.999441e-001 -1.057761e-002 0.000000e+000
      outer loop
         vertex 1.498741e+000 -1.665866e+001 2.800000e+001
         vertex 1.498741e+000 -1.665866e+001 0.000000e+000
         vertex 1.500000e+000 -1.650000e+001 0.000000e+000
      endloop
   endfacet
   facet normal 9.999861e-001 -5.288803e-003 0.000000e+000
      outer loop
         vertex 1.498741e+000 -1.665866e+001 2.800000e+001
         vertex 1.500000e+000 -1.650000e+001 0.000000e+000
         vertex 1.500000e+000 -1.650000e+001 2.800000e+001
      endloop
   endfacet
   facet normal -5.288803e-003 9.999861e-001 0.000000e+000
      outer loop
         vertex -1.150000e+001 -2.350000e+001 0.000000e+000
         vertex -1.150000e+001 -2.350000e+001 2.800000e+001
         vertex -1.134134e+001 -2.349874e+001 0.000000e+000
      endloop
   endfacet
   facet normal -1.057761e-002 9.999441e-001 0.000000e+000
      outer loop
         vertex -1.134134e+001 -2.349874e+001 0.000000e+000
         vertex -1.150000e+001 -2.350000e+001 2.800000e+001
         vertex -1.134134e+001 -2.349874e+001 2.800000e+001
      endloop
   endfacet
   facet normal -2.115388e-002 9.997762e-001 0.000000e+000
      outer loop
         vertex -1.134134e+001 -2.349874e+001 0.000000e+000
         vertex -1.134134e+001 -2.349874e+001 2.800000e+001
         vertex -1.118272e+001 -2.349497e+001 0.000000e+000
      endloop
   endfacet
   facet normal -2.644135e-002 9.996504e-001 0.000000e+000
      outer loop
         vertex -1.118272e+001 -2.349497e+001 0.000000e+000
         vertex -1.134134e+001 -2.349874e+001 2.800000e+001
         vertex -1.118272e+001 -2.349497e+001 2.800000e+001
      endloop
   endfacet
   facet normal -3.701363e-002 9.993148e-001 0.000000e+000
      outer loop
         vertex -1.118272e+001 -2.349497e+001 0.000000e+000
         vertex -1.118272e+001 -2.349497e+001 2.800000e+001
         vertex -1.102418e+001 -2.348867e+001 0.000000e+000
      endloop
   endfacet
   facet normal -4.229844e-002 9.991051e-001 0.000000e+000
      outer loop
         vertex -1.102418e+001 -2.348867e+001 0.000000e+000
         vertex -1.118272e+001 -2.349497e+001 2.800000e+001
         vertex -1.102418e+001 -2.348867e+001 2.800000e+001
      endloop
   endfacet
   facet normal -5.286407e-002 9.986017e-001 0.000000e+000
      outer loop
         vertex -1.102418e+001 -2.348867e+001 0.000000e+000
         vertex -1.102418e+001 -2.348867e+001 2.800000e+001
         vertex -1.086576e+001 -2.347987e+001 0.000000e+000
      endloop
   endfacet
   facet normal -5.814487e-002 9.983081e-001 0.000000e+000
      outer loop
         vertex -1.086576e+001 -2.347987e+001 0.000000e+000
         vertex -1.102418e+001 -2.348867e+001 2.800000e+001
         vertex -1.086576e+001 -2.347987e+001 2.800000e+001
      endloop
   endfacet
   facet normal -6.870119e-002 9.976373e-001 0.000000e+000
      outer loop
         vertex -1.086576e+001 -2.347987e+001 0.000000e+000
         vertex -1.086576e+001 -2.347987e+001 2.800000e+001
         vertex -1.070750e+001 -2.346855e+001 0.000000e+000
      endloop
   endfacet
   facet normal -7.397667e-002 9.972600e-001 0.000000e+000
      outer loop
         vertex -1.070750e+001 -2.346855e+001 0.000000e+000
         vertex -1.086576e+001 -2.347987e+001 2.800000e+001
         vertex -1.070750e+001 -2.346855e+001 2.800000e+001
      endloop
   endfacet
   facet normal -8.452101e-002 9.964217e-001 0.000000e+000
      outer loop
         vertex -1.070750e+001 -2.346855e+001 0.000000e+000
         vertex -1.070750e+001 -2.346855e+001 2.800000e+001
         vertex -1.054944e+001 -2.345472e+001 0.000000e+000
      endloop
   endfacet
   facet normal -8.978985e-002 9.959607e-001 0.000000e+000
      outer loop
         vertex -1.054944e+001 -2.345472e+001 0.000000e+000
         vertex -1.070750e+001 -2.346855e+001 2.800000e+001
         vertex -1.054944e+001 -2.345472e+001 2.800000e+001
      endloop
   endfacet
   facet normal -1.003196e-001 9.949553e-001 0.000000e+000
      outer loop
         vertex -1.054944e+001 -2.345472e+001 0.000000e+000
         vertex -1.054944e+001 -2.345472e+001 2.800000e+001
         vertex -1.039162e+001 -2.343839e+001 0.000000e+000
      endloop
   endfacet
   facet normal -1.055804e-001 9.944108e-001 0.000000e+000
      outer loop
         vertex -1.039162e+001 -2.343839e+001 0.000000e+000
         vertex -1.054944e+001 -2.345472e+001 2.800000e+001
         vertex -1.039162e+001 -2.343839e+001 2.800000e+001
      endloop
   endfacet
   facet normal -1.160929e-001 9.932384e-001 0.000000e+000
      outer loop
         vertex -1.039162e+001 -2.343839e+001 0.000000e+000
         vertex -1.039162e+001 -2.343839e+001 2.800000e+001
         vertex -1.023408e+001 -2.341955e+001 0.000000e+000
      endloop
   endfacet
   facet normal -1.213444e-001 9.926105e-001 0.000000e+000
      outer loop
         vertex -1.023408e+001 -2.341955e+001 0.000000e+000
         vertex -1.039162e+001 -2.343839e+001 2.800000e+001
         vertex -1.023408e+001 -2.341955e+001 2.800000e+001
      endloop
   endfacet
   facet normal -1.318370e-001 9.912714e-001 0.000000e+000
      outer loop
         vertex -1.023408e+001 -2.341955e+001 0.000000e+000
         vertex -1.023408e+001 -2.341955e+001 2.800000e+001
         vertex -1.007685e+001 -2.339821e+001 0.000000e+000
      endloop
   endfacet
   facet normal -1.370779e-001 9.905603e-001 0.000000e+000
      outer loop
         vertex -1.007685e+001 -2.339821e+001 0.000000e+000
         vertex -1.023408e+001 -2.341955e+001 2.800000e+001
         vertex -1.007685e+001 -2.339821e+001 2.800000e+001
      endloop
   endfacet
   facet normal -1.475478e-001 9.890549e-001 0.000000e+000
      outer loop
         vertex -1.007685e+001 -2.339821e+001 0.000000e+000
         vertex -1.007685e+001 -2.339821e+001 2.800000e+001
         vertex -9.919986e+000 -2.337439e+001 0.000000e+000
      endloop
   endfacet
   facet normal -1.527768e-001 9.882607e-001 0.000000e+000
      outer loop
         vertex -9.919986e+000 -2.337439e+001 0.000000e+000
         vertex -1.007685e+001 -2.339821e+001 2.800000e+001
         vertex -9.919986e+000 -2.337439e+001 2.800000e+001
      endloop
   endfacet
   facet normal -1.632216e-001 9.865895e-001 0.000000e+000
      outer loop
         vertex -9.919986e+000 -2.337439e+001 0.000000e+000
         vertex -9.919986e+000 -2.337439e+001 2.800000e+001
         vertex -9.763518e+000 -2.334808e+001 0.000000e+000
      endloop
   endfacet
   facet normal -1.684373e-001 9.857123e-001 0.000000e+000
      outer loop
         vertex -9.763518e+000 -2.334808e+001 0.000000e+000
         vertex -9.919986e+000 -2.337439e+001 2.800000e+001
         vertex -9.763518e+000 -2.334808e+001 2.800000e+001
      endloop
   endfacet
   facet normal -1.788542e-001 9.838756e-001 0.000000e+000
      outer loop
         vertex -9.763518e+000 -2.334808e+001 0.000000e+000
         vertex -9.763518e+000 -2.334808e+001 2.800000e+001
         vertex -9.607488e+000 -2.331929e+001 0.000000e+000
      endloop
   endfacet
   facet normal -1.840554e-001 9.829159e-001 0.000000e+000
      outer loop
         vertex -9.607488e+000 -2.331929e+001 0.000000e+000
         vertex -9.763518e+000 -2.334808e+001 2.800000e+001
         vertex -9.607488e+000 -2.331929e+001 2.800000e+001
      endloop
   endfacet
   facet normal -1.944418e-001 9.809141e-001 0.000000e+000
      outer loop
         vertex -9.607488e+000 -2.331929e+001 0.000000e+000
         vertex -9.607488e+000 -2.331929e+001 2.800000e+001
         vertex -9.451933e+000 -2.328802e+001 0.000000e+000
      endloop
   endfacet
   facet normal -1.996271e-001 9.798720e-001 0.000000e+000
      outer loop
         vertex -9.451933e+000 -2.328802e+001 0.000000e+000
         vertex -9.607488e+000 -2.331929e+001 2.800000e+001
         vertex -9.451933e+000 -2.328802e+001 2.800000e+001
      endloop
   endfacet
   facet normal -2.099805e-001 9.777056e-001 0.000000e+000
      outer loop
         vertex -9.451933e+000 -2.328802e+001 0.000000e+000
         vertex -9.451933e+000 -2.328802e+001 2.800000e+001
         vertex -9.296895e+000 -2.325430e+001 0.000000e+000
      endloop
   endfacet
   facet normal -2.151486e-001 9.765813e-001 0.000000e+000
      outer loop
         vertex -9.296895e+000 -2.325430e+001 0.000000e+000
         vertex -9.451933e+000 -2.328802e+001 2.800000e+001
         vertex -9.296895e+000 -2.325430e+001 2.800000e+001
      endloop
   endfacet
   facet normal -2.254663e-001 9.742510e-001 0.000000e+000
      outer loop
         vertex -9.296895e+000 -2.325430e+001 0.000000e+000
         vertex -9.296895e+000 -2.325430e+001 2.800000e+001
         vertex -9.142411e+000 -2.321811e+001 0.000000e+000
      endloop
   endfacet
   facet normal -2.306159e-001 9.730448e-001 0.000000e+000
      outer loop
         vertex -9.142411e+000 -2.321811e+001 0.000000e+000
         vertex -9.296895e+000 -2.325430e+001 2.800000e+001
         vertex -9.142411e+000 -2.321811e+001 2.800000e+001
      endloop
   endfacet
   facet normal -2.408953e-001 9.705511e-001 0.000000e+000
      outer loop
         vertex -9.142411e+000 -2.321811e+001 0.000000e+000
         vertex -9.142411e+000 -2.321811e+001 2.800000e+001
         vertex -8.988520e+000 -2.317949e+001 0.000000e+000
      endloop
   endfacet
   facet normal -2.460252e-001 9.692635e-001 0.000000e+000
      outer loop
         vertex -8.988520e+000 -2.317949e+001 0.000000e+000
         vertex -9.142411e+000 -2.321811e+001 2.800000e+001
         vertex -8.988520e+000 -2.317949e+001 2.800000e+001
      endloop
   endfacet
   facet normal -2.562637e-001 9.666069e-001 0.000000e+000
      outer loop
         vertex -8.988520e+000 -2.317949e+001 0.000000e+000
         vertex -8.988520e+000 -2.317949e+001 2.800000e+001
         vertex -8.835261e+000 -2.313842e+001 0.000000e+000
      endloop
   endfacet
   facet normal -2.613725e-001 9.652380e-001 0.000000e+000
      outer loop
         vertex -8.835261e+000 -2.313842e+001 0.000000e+000
         vertex -8.988520e+000 -2.317949e+001 2.800000e+001
         vertex -8.835261e+000 -2.313842e+001 2.800000e+001
      endloop
   endfacet
   facet normal -2.715676e-001 9.624193e-001 0.000000e+000
      outer loop
         vertex -8.835261e+000 -2.313842e+001 0.000000e+000
         vertex -8.835261e+000 -2.313842e+001 2.800000e+001
         vertex -8.682674e+000 -2.309493e+001 0.000000e+000
      endloop
   endfacet
   facet normal -2.766540e-001 9.609696e-001 0.000000e+000
      outer loop
         vertex -8.682674e+000 -2.309493e+001 0.000000e+000
         vertex -8.835261e+000 -2.313842e+001 2.800000e+001
         vertex -8.682674e+000 -2.309493e+001 2.800000e+001
      endloop
   endfacet
   facet normal -2.868032e-001 9.579895e-001 0.000000e+000
      outer loop
         vertex -8.682674e+000 -2.309493e+001 0.000000e+000
         vertex -8.682674e+000 -2.309493e+001 2.800000e+001
         vertex -8.530796e+000 -2.304902e+001 0.000000e+000
      endloop
   endfacet
   facet normal -2.918660e-001 9.564593e-001 0.000000e+000
      outer loop
         vertex -8.530796e+000 -2.304902e+001 0.000000e+000
         vertex -8.682674e+000 -2.309493e+001 2.800000e+001
         vertex -8.530796e+000 -2.304902e+001 2.800000e+001
      endloop
   endfacet
   facet normal -3.019665e-001 9.533185e-001 0.000000e+000
      outer loop
         vertex -8.530796e+000 -2.304902e+001 0.000000e+000
         vertex -8.530796e+000 -2.304902e+001 2.800000e+001
         vertex -8.379665e+000 -2.300071e+001 0.000000e+000
      endloop
   endfacet
   facet normal -3.070044e-001 9.517081e-001 0.000000e+000
      outer loop
         vertex -8.379665e+000 -2.300071e+001 0.000000e+000
         vertex -8.530796e+000 -2.304902e+001 2.800000e+001
         vertex -8.379665e+000 -2.300071e+001 2.800000e+001
      endloop
   endfacet
   facet normal -3.170538e-001 9.484076e-001 0.000000e+000
      outer loop
         vertex -8.379665e+000 -2.300071e+001 0.000000e+000
         vertex -8.379665e+000 -2.300071e+001 2.800000e+001
         vertex -8.229320e+000 -2.295001e+001 0.000000e+000
      endloop
   endfacet
   facet normal -3.220654e-001 9.467174e-001 0.000000e+000
      outer loop
         vertex -8.229320e+000 -2.295001e+001 0.000000e+000
         vertex -8.379665e+000 -2.300071e+001 2.800000e+001
         vertex -8.229320e+000 -2.295001e+001 2.800000e+001
      endloop
   endfacet
   facet normal -3.320613e-001 9.432578e-001 0.000000e+000
      outer loop
         vertex -8.229320e+000 -2.295001e+001 0.000000e+000
         vertex -8.229320e+000 -2.295001e+001 2.800000e+001
         vertex -8.079799e+000 -2.289693e+001 0.000000e+000
      endloop
   endfacet
   facet normal -3.370455e-001 9.414884e-001 0.000000e+000
      outer loop
         vertex -8.079799e+000 -2.289693e+001 0.000000e+000
         vertex -8.229320e+000 -2.295001e+001 2.800000e+001
         vertex -8.079799e+000 -2.289693e+001 2.800000e+001
      endloop
   endfacet
   facet normal -3.469852e-001 9.378706e-001 0.000000e+000
      outer loop
         vertex -8.079799e+000 -2.289693e+001 0.000000e+000
         vertex -8.079799e+000 -2.289693e+001 2.800000e+001
         vertex -7.931138e+000 -2.284148e+001 0.000000e+000
      endloop
   endfacet
   facet normal -3.519407e-001 9.360223e-001 0.000000e+000
      outer loop
         vertex -7.931138e+000 -2.284148e+001 0.000000e+000
         vertex -8.079799e+000 -2.289693e+001 2.800000e+001
         vertex -7.931138e+000 -2.284148e+001 2.800000e+001
      endloop
   endfacet
   facet normal -3.618218e-001 9.322473e-001 0.000000e+000
      outer loop
         vertex -7.931138e+000 -2.284148e+001 0.000000e+000
         vertex -7.931138e+000 -2.284148e+001 2.800000e+001
         vertex -7.783375e+000 -2.278368e+001 0.000000e+000
      endloop
   endfacet
   facet normal -3.667473e-001 9.303206e-001 0.000000e+000
      outer loop
         vertex -7.783375e+000 -2.278368e+001 0.000000e+000
         vertex -7.931138e+000 -2.284148e+001 2.800000e+001
         vertex -7.783375e+000 -2.278368e+001 2.800000e+001
      endloop
   endfacet
   facet normal -3.765672e-001 9.263893e-001 0.000000e+000
      outer loop
         vertex -7.783375e+000 -2.278368e+001 0.000000e+000
         vertex -7.783375e+000 -2.278368e+001 2.800000e+001
         vertex -7.636549e+000 -2.272354e+001 0.000000e+000
      endloop
   endfacet
   facet normal -3.814616e-001 9.243847e-001 0.000000e+000
      outer loop
         vertex -7.636549e+000 -2.272354e+001 0.000000e+000
         vertex -7.783375e+000 -2.278368e+001 2.800000e+001
         vertex -7.636549e+000 -2.272354e+001 2.800000e+001
      endloop
   endfacet
   facet normal -3.912179e-001 9.202982e-001 0.000000e+000
      outer loop
         vertex -7.636549e+000 -2.272354e+001 0.000000e+000
         vertex -7.636549e+000 -2.272354e+001 2.800000e+001
         vertex -7.490695e+000 -2.266109e+001 0.000000e+000
      endloop
   endfacet
   facet normal -3.960798e-001 9.182161e-001 0.000000e+000
      outer loop
         vertex -7.490695e+000 -2.266109e+001 0.000000e+000
         vertex -7.636549e+000 -2.272354e+001 2.800000e+001
         vertex -7.490695e+000 -2.266109e+001 2.800000e+001
      endloop
   endfacet
   facet normal -4.057701e-001 9.139752e-001 0.000000e+000
      outer loop
         vertex -7.490695e+000 -2.266109e+001 0.000000e+000
         vertex -7.490695e+000 -2.266109e+001 2.800000e+001
         vertex -7.345850e+000 -2.259632e+001 0.000000e+000
      endloop
   endfacet
   facet normal -4.105984e-001 9.118164e-001 0.000000e+000
      outer loop
         vertex -7.345850e+000 -2.259632e+001 0.000000e+000
         vertex -7.490695e+000 -2.266109e+001 2.800000e+001
         vertex -7.345850e+000 -2.259632e+001 2.800000e+001
      endloop
   endfacet
   facet normal -4.202201e-001 9.074222e-001 0.000000e+000
      outer loop
         vertex -7.345850e+000 -2.259632e+001 0.000000e+000
         vertex -7.345850e+000 -2.259632e+001 2.800000e+001
         vertex -7.202051e+000 -2.252926e+001 0.000000e+000
      endloop
   endfacet
   facet normal -4.250135e-001 9.051870e-001 0.000000e+000
      outer loop
         vertex -7.202051e+000 -2.252926e+001 0.000000e+000
         vertex -7.345850e+000 -2.259632e+001 2.800000e+001
         vertex -7.202051e+000 -2.252926e+001 2.800000e+001
      endloop
   endfacet
   facet normal -4.345643e-001 9.006408e-001 0.000000e+000
      outer loop
         vertex -7.202051e+000 -2.252926e+001 0.000000e+000
         vertex -7.202051e+000 -2.252926e+001 2.800000e+001
         vertex -7.059334e+000 -2.245994e+001 0.000000e+000
      endloop
   endfacet
   facet normal -4.393217e-001 8.983298e-001 0.000000e+000
      outer loop
         vertex -7.059334e+000 -2.245994e+001 0.000000e+000
         vertex -7.202051e+000 -2.252926e+001 2.800000e+001
         vertex -7.059334e+000 -2.245994e+001 2.800000e+001
      endloop
   endfacet
   facet normal -4.487992e-001 8.936327e-001 0.000000e+000
      outer loop
         vertex -7.059334e+000 -2.245994e+001 0.000000e+000
         vertex -7.059334e+000 -2.245994e+001 2.800000e+001
         vertex -6.917735e+000 -2.238835e+001 0.000000e+000
      endloop
   endfacet
   facet normal -4.535193e-001 8.912465e-001 0.000000e+000
      outer loop
         vertex -6.917735e+000 -2.238835e+001 0.000000e+000
         vertex -7.059334e+000 -2.245994e+001 2.800000e+001
         vertex -6.917735e+000 -2.238835e+001 2.800000e+001
      endloop
   endfacet
   facet normal -4.629210e-001 8.863996e-001 0.000000e+000
      outer loop
         vertex -6.917735e+000 -2.238835e+001 0.000000e+000
         vertex -6.917735e+000 -2.238835e+001 2.800000e+001
         vertex -6.777289e+000 -2.231453e+001 0.000000e+000
      endloop
   endfacet
   facet normal -4.676027e-001 8.839387e-001 0.000000e+000
      outer loop
         vertex -6.777289e+000 -2.231453e+001 0.000000e+000
         vertex -6.917735e+000 -2.238835e+001 2.800000e+001
         vertex -6.777289e+000 -2.231453e+001 2.800000e+001
      endloop
   endfacet
   facet normal -4.769263e-001 8.789433e-001 0.000000e+000
      outer loop
         vertex -6.777289e+000 -2.231453e+001 0.000000e+000
         vertex -6.777289e+000 -2.231453e+001 2.800000e+001
         vertex -6.638033e+000 -2.223849e+001 0.000000e+000
      endloop
   endfacet
   facet normal -4.815684e-001 8.764086e-001 0.000000e+000
      outer loop
         vertex -6.638033e+000 -2.223849e+001 0.000000e+000
         vertex -6.777289e+000 -2.231453e+001 2.800000e+001
         vertex -6.638033e+000 -2.223849e+001 2.800000e+001
      endloop
   endfacet
   facet normal -4.908116e-001 8.712658e-001 0.000000e+000
      outer loop
         vertex -6.638033e+000 -2.223849e+001 0.000000e+000
         vertex -6.638033e+000 -2.223849e+001 2.800000e+001
         vertex -6.500000e+000 -2.216025e+001 0.000000e+000
      endloop
   endfacet
   facet normal -4.954128e-001 8.686577e-001 0.000000e+000
      outer loop
         vertex -6.500000e+000 -2.216025e+001 0.000000e+000
         vertex -6.638033e+000 -2.223849e+001 2.800000e+001
         vertex -6.500000e+000 -2.216025e+001 2.800000e+001
      endloop
   endfacet
   facet normal -5.045732e-001 8.633689e-001 0.000000e+000
      outer loop
         vertex -6.500000e+000 -2.216025e+001 0.000000e+000
         vertex -6.500000e+000 -2.216025e+001 2.800000e+001
         vertex -6.363226e+000 -2.207983e+001 0.000000e+000
      endloop
   endfacet
   facet normal -5.091325e-001 8.606882e-001 0.000000e+000
      outer loop
         vertex -6.363226e+000 -2.207983e+001 0.000000e+000
         vertex -6.500000e+000 -2.216025e+001 2.800000e+001
         vertex -6.363226e+000 -2.207983e+001 2.800000e+001
      endloop
   endfacet
   facet normal -5.182079e-001 8.552547e-001 0.000000e+000
      outer loop
         vertex -6.363226e+000 -2.207983e+001 0.000000e+000
         vertex -6.363226e+000 -2.207983e+001 2.800000e+001
         vertex -6.227745e+000 -2.199725e+001 0.000000e+000
      endloop
   endfacet
   facet normal -5.227240e-001 8.525019e-001 0.000000e+000
      outer loop
         vertex -6.227745e+000 -2.199725e+001 0.000000e+000
         vertex -6.363226e+000 -2.207983e+001 2.800000e+001
         vertex -6.227745e+000 -2.199725e+001 2.800000e+001
      endloop
   endfacet
   facet normal -5.317122e-001 8.469251e-001 0.000000e+000
      outer loop
         vertex -6.227745e+000 -2.199725e+001 0.000000e+000
         vertex -6.227745e+000 -2.199725e+001 2.800000e+001
         vertex -6.093592e+000 -2.191253e+001 0.000000e+000
      endloop
   endfacet
   facet normal -5.361840e-001 8.441011e-001 0.000000e+000
      outer loop
         vertex -6.093592e+000 -2.191253e+001 0.000000e+000
         vertex -6.227745e+000 -2.199725e+001 2.800000e+001
         vertex -6.093592e+000 -2.191253e+001 2.800000e+001
      endloop
   endfacet
   facet normal -5.450825e-001 8.383824e-001 0.000000e+000
      outer loop
         vertex -6.093592e+000 -2.191253e+001 0.000000e+000
         vertex -6.093592e+000 -2.191253e+001 2.800000e+001
         vertex -5.960799e+000 -2.182570e+001 0.000000e+000
      endloop
   endfacet
   facet normal -5.495090e-001 8.354878e-001 0.000000e+000
      outer loop
         vertex -5.960799e+000 -2.182570e+001 0.000000e+000
         vertex -6.093592e+000 -2.191253e+001 2.800000e+001
         vertex -5.960799e+000 -2.182570e+001 2.800000e+001
      endloop
   endfacet
   facet normal -5.583156e-001 8.296286e-001 0.000000e+000
      outer loop
         vertex -5.960799e+000 -2.182570e+001 0.000000e+000
         vertex -5.960799e+000 -2.182570e+001 2.800000e+001
         vertex -5.829401e+000 -2.173676e+001 0.000000e+000
      endloop
   endfacet
   facet normal -5.626957e-001 8.266641e-001 0.000000e+000
      outer loop
         vertex -5.829401e+000 -2.173676e+001 0.000000e+000
         vertex -5.960799e+000 -2.182570e+001 2.800000e+001
         vertex -5.829401e+000 -2.173676e+001 2.800000e+001
      endloop
   endfacet
   facet normal -5.714083e-001 8.206660e-001 0.000000e+000
      outer loop
         vertex -5.829401e+000 -2.173676e+001 0.000000e+000
         vertex -5.829401e+000 -2.173676e+001 2.800000e+001
         vertex -5.699431e+000 -2.164576e+001 0.000000e+000
      endloop
   endfacet
   facet normal -5.757407e-001 8.176324e-001 0.000000e+000
      outer loop
         vertex -5.699431e+000 -2.164576e+001 0.000000e+000
         vertex -5.829401e+000 -2.173676e+001 2.800000e+001
         vertex -5.699431e+000 -2.164576e+001 2.800000e+001
      endloop
   endfacet
   facet normal -5.843569e-001 8.114968e-001 0.000000e+000
      outer loop
         vertex -5.699431e+000 -2.164576e+001 0.000000e+000
         vertex -5.699431e+000 -2.164576e+001 2.800000e+001
         vertex -5.570920e+000 -2.155270e+001 0.000000e+000
      endloop
   endfacet
   facet normal -5.886407e-001 8.083948e-001 0.000000e+000
      outer loop
         vertex -5.570920e+000 -2.155270e+001 0.000000e+000
         vertex -5.699431e+000 -2.164576e+001 2.800000e+001
         vertex -5.570920e+000 -2.155270e+001 2.800000e+001
      endloop
   endfacet
   facet normal -5.971585e-001 8.021232e-001 0.000000e+000
      outer loop
         vertex -5.570920e+000 -2.155270e+001 0.000000e+000
         vertex -5.570920e+000 -2.155270e+001 2.800000e+001
         vertex -5.443903e+000 -2.145762e+001 0.000000e+000
      endloop
   endfacet
   facet normal -6.013926e-001 7.989537e-001 0.000000e+000
      outer loop
         vertex -5.443903e+000 -2.145762e+001 0.000000e+000
         vertex -5.570920e+000 -2.155270e+001 2.800000e+001
         vertex -5.443903e+000 -2.145762e+001 2.800000e+001
      endloop
   endfacet
   facet normal -6.098099e-001 7.925478e-001 0.000000e+000
      outer loop
         vertex -5.443903e+000 -2.145762e+001 0.000000e+000
         vertex -5.443903e+000 -2.145762e+001 2.800000e+001
         vertex -5.318410e+000 -2.136053e+001 0.000000e+000
      endloop
   endfacet
   facet normal -6.139930e-001 7.893114e-001 0.000000e+000
      outer loop
         vertex -5.318410e+000 -2.136053e+001 0.000000e+000
         vertex -5.443903e+000 -2.145762e+001 2.800000e+001
         vertex -5.318410e+000 -2.136053e+001 2.800000e+001
      endloop
   endfacet
   facet normal -6.223076e-001 7.827728e-001 0.000000e+000
      outer loop
         vertex -5.318410e+000 -2.136053e+001 0.000000e+000
         vertex -5.318410e+000 -2.136053e+001 2.800000e+001
         vertex -5.194474e+000 -2.126147e+001 0.000000e+000
      endloop
   endfacet
   facet normal -6.264389e-001 7.794705e-001 0.000000e+000
      outer loop
         vertex -5.194474e+000 -2.126147e+001 0.000000e+000
         vertex -5.318410e+000 -2.136053e+001 2.800000e+001
         vertex -5.194474e+000 -2.126147e+001 2.800000e+001
      endloop
   endfacet
   facet normal -6.346487e-001 7.728007e-001 0.000000e+000
      outer loop
         vertex -5.194474e+000 -2.126147e+001 0.000000e+000
         vertex -5.194474e+000 -2.126147e+001 2.800000e+001
         vertex -5.072124e+000 -2.116044e+001 0.000000e+000
      endloop
   endfacet
   facet normal -6.387272e-001 7.694333e-001 0.000000e+000
      outer loop
         vertex -5.072124e+000 -2.116044e+001 0.000000e+000
         vertex -5.194474e+000 -2.126147e+001 2.800000e+001
         vertex -5.072124e+000 -2.116044e+001 2.800000e+001
      endloop
   endfacet
   facet normal -6.468301e-001 7.626342e-001 0.000000e+000
      outer loop
         vertex -5.072124e+000 -2.116044e+001 0.000000e+000
         vertex -5.072124e+000 -2.116044e+001 2.800000e+001
         vertex -4.951393e+000 -2.105750e+001 0.000000e+000
      endloop
   endfacet
   facet normal -6.508546e-001 7.592024e-001 0.000000e+000
      outer loop
         vertex -4.951393e+000 -2.105750e+001 0.000000e+000
         vertex -5.072124e+000 -2.116044e+001 2.800000e+001
         vertex -4.951393e+000 -2.105750e+001 2.800000e+001
      endloop
   endfacet
   facet normal -6.588486e-001 7.522756e-001 0.000000e+000
      outer loop
         vertex -4.951393e+000 -2.105750e+001 0.000000e+000
         vertex -4.951393e+000 -2.105750e+001 2.800000e+001
         vertex -4.832310e+000 -2.095264e+001 0.000000e+000
      endloop
   endfacet
   facet normal -6.628181e-001 7.487804e-001 0.000000e+000
      outer loop
         vertex -4.832310e+000 -2.095264e+001 0.000000e+000
         vertex -4.951393e+000 -2.105750e+001 2.800000e+001
         vertex -4.832310e+000 -2.095264e+001 2.800000e+001
      endloop
   endfacet
   facet normal -6.707013e-001 7.417276e-001 0.000000e+000
      outer loop
         vertex -4.832310e+000 -2.095264e+001 0.000000e+000
         vertex -4.832310e+000 -2.095264e+001 2.800000e+001
         vertex -4.714906e+000 -2.084592e+001 0.000000e+000
      endloop
   endfacet
   facet normal -6.746148e-001 7.381699e-001 0.000000e+000
      outer loop
         vertex -4.714906e+000 -2.084592e+001 0.000000e+000
         vertex -4.832310e+000 -2.095264e+001 2.800000e+001
         vertex -4.714906e+000 -2.084592e+001 2.800000e+001
      endloop
   endfacet
   facet normal -6.823850e-001 7.309929e-001 0.000000e+000
      outer loop
         vertex -4.714906e+000 -2.084592e+001 0.000000e+000
         vertex -4.714906e+000 -2.084592e+001 2.800000e+001
         vertex -4.599210e+000 -2.073734e+001 0.000000e+000
      endloop
   endfacet
   facet normal -6.862417e-001 7.273736e-001 0.000000e+000
      outer loop
         vertex -4.599210e+000 -2.073734e+001 0.000000e+000
         vertex -4.714906e+000 -2.084592e+001 2.800000e+001
         vertex -4.599210e+000 -2.073734e+001 2.800000e+001
      endloop
   endfacet
   facet normal -6.938971e-001 7.200742e-001 0.000000e+000
      outer loop
         vertex -4.599210e+000 -2.073734e+001 0.000000e+000
         vertex -4.599210e+000 -2.073734e+001 2.800000e+001
         vertex -4.485251e+000 -2.062694e+001 0.000000e+000
      endloop
   endfacet
   facet normal -6.976958e-001 7.163942e-001 0.000000e+000
      outer loop
         vertex -4.485251e+000 -2.062694e+001 0.000000e+000
         vertex -4.599210e+000 -2.073734e+001 2.800000e+001
         vertex -4.485251e+000 -2.062694e+001 2.800000e+001
      endloop
   endfacet
   facet normal -7.052344e-001 7.089742e-001 0.000000e+000
      outer loop
         vertex -4.485251e+000 -2.062694e+001 0.000000e+000
         vertex -4.485251e+000 -2.062694e+001 2.800000e+001
         vertex -4.373058e+000 -2.051475e+001 0.000000e+000
      endloop
   endfacet
   facet normal -7.089742e-001 7.052344e-001 0.000000e+000
      outer loop
         vertex -4.373058e+000 -2.051475e+001 0.000000e+000
         vertex -4.485251e+000 -2.062694e+001 2.800000e+001
         vertex -4.373058e+000 -2.051475e+001 2.800000e+001
      endloop
   endfacet
   facet normal -7.163942e-001 6.976958e-001 0.000000e+000
      outer loop
         vertex -4.373058e+000 -2.051475e+001 0.000000e+000
         vertex -4.373058e+000 -2.051475e+001 2.800000e+001
         vertex -4.262660e+000 -2.040079e+001 0.000000e+000
      endloop
   endfacet
   facet normal -7.200742e-001 6.938970e-001 0.000000e+000
      outer loop
         vertex -4.262660e+000 -2.040079e+001 0.000000e+000
         vertex -4.373058e+000 -2.051475e+001 2.800000e+001
         vertex -4.262660e+000 -2.040079e+001 2.800000e+001
      endloop
   endfacet
   facet normal -7.273736e-001 6.862417e-001 0.000000e+000
      outer loop
         vertex -4.262660e+000 -2.040079e+001 0.000000e+000
         vertex -4.262660e+000 -2.040079e+001 2.800000e+001
         vertex -4.154083e+000 -2.028509e+001 0.000000e+000
      endloop
   endfacet
   facet normal -7.309929e-001 6.823850e-001 0.000000e+000
      outer loop
         vertex -4.154083e+000 -2.028509e+001 0.000000e+000
         vertex -4.262660e+000 -2.040079e+001 2.800000e+001
         vertex -4.154083e+000 -2.028509e+001 2.800000e+001
      endloop
   endfacet
   facet normal -7.381699e-001 6.746148e-001 0.000000e+000
      outer loop
         vertex -4.154083e+000 -2.028509e+001 0.000000e+000
         vertex -4.154083e+000 -2.028509e+001 2.800000e+001
         vertex -4.047356e+000 -2.016769e+001 0.000000e+000
      endloop
   endfacet
   facet normal -7.417277e-001 6.707013e-001 0.000000e+000
      outer loop
         vertex -4.047356e+000 -2.016769e+001 0.000000e+000
         vertex -4.154083e+000 -2.028509e+001 2.800000e+001
         vertex -4.047356e+000 -2.016769e+001 2.800000e+001
      endloop
   endfacet
   facet normal -7.487804e-001 6.628181e-001 0.000000e+000
      outer loop
         vertex -4.047356e+000 -2.016769e+001 0.000000e+000
         vertex -4.047356e+000 -2.016769e+001 2.800000e+001
         vertex -3.942504e+000 -2.004861e+001 0.000000e+000
      endloop
   endfacet
   facet normal -7.522756e-001 6.588486e-001 0.000000e+000
      outer loop
         vertex -3.942504e+000 -2.004861e+001 0.000000e+000
         vertex -4.047356e+000 -2.016769e+001 2.800000e+001
         vertex -3.942504e+000 -2.004861e+001 2.800000e+001
      endloop
   endfacet
   facet normal -7.592024e-001 6.508546e-001 0.000000e+000
      outer loop
         vertex -3.942504e+000 -2.004861e+001 0.000000e+000
         vertex -3.942504e+000 -2.004861e+001 2.800000e+001
         vertex -3.839556e+000 -1.992788e+001 0.000000e+000
      endloop
   endfacet
   facet normal -7.626342e-001 6.468301e-001 0.000000e+000
      outer loop
         vertex -3.839556e+000 -1.992788e+001 0.000000e+000
         vertex -3.942504e+000 -2.004861e+001 2.800000e+001
         vertex -3.839556e+000 -1.992788e+001 2.800000e+001
      endloop
   endfacet
   facet normal -7.694333e-001 6.387272e-001 0.000000e+000
      outer loop
         vertex -3.839556e+000 -1.992788e+001 0.000000e+000
         vertex -3.839556e+000 -1.992788e+001 2.800000e+001
         vertex -3.738535e+000 -1.980553e+001 0.000000e+000
      endloop
   endfacet
   facet normal -7.728007e-001 6.346487e-001 0.000000e+000
      outer loop
         vertex -3.738535e+000 -1.980553e+001 0.000000e+000
         vertex -3.839556e+000 -1.992788e+001 2.800000e+001
         vertex -3.738535e+000 -1.980553e+001 2.800000e+001
      endloop
   endfacet
   facet normal -7.794705e-001 6.264390e-001 0.000000e+000
      outer loop
         vertex -3.738535e+000 -1.980553e+001 0.000000e+000
         vertex -3.738535e+000 -1.980553e+001 2.800000e+001
         vertex -3.639469e+000 -1.968159e+001 0.000000e+000
      endloop
   endfacet
   facet normal -7.827728e-001 6.223076e-001 0.000000e+000
      outer loop
         vertex -3.639469e+000 -1.968159e+001 0.000000e+000
         vertex -3.738535e+000 -1.980553e+001 2.800000e+001
         vertex -3.639469e+000 -1.968159e+001 2.800000e+001
      endloop
   endfacet
   facet normal -7.893113e-001 6.139931e-001 0.000000e+000
      outer loop
         vertex -3.639469e+000 -1.968159e+001 0.000000e+000
         vertex -3.639469e+000 -1.968159e+001 2.800000e+001
         vertex -3.542382e+000 -1.955610e+001 0.000000e+000
      endloop
   endfacet
   facet normal -7.925478e-001 6.098099e-001 0.000000e+000
      outer loop
         vertex -3.542382e+000 -1.955610e+001 0.000000e+000
         vertex -3.639469e+000 -1.968159e+001 2.800000e+001
         vertex -3.542382e+000 -1.955610e+001 2.800000e+001
      endloop
   endfacet
   facet normal -7.989537e-001 6.013926e-001 0.000000e+000
      outer loop
         vertex -3.542382e+000 -1.955610e+001 0.000000e+000
         vertex -3.542382e+000 -1.955610e+001 2.800000e+001
         vertex -3.447298e+000 -1.942908e+001 0.000000e+000
      endloop
   endfacet
   facet normal -8.021232e-001 5.971586e-001 0.000000e+000
      outer loop
         vertex -3.447298e+000 -1.942908e+001 0.000000e+000
         vertex -3.542382e+000 -1.955610e+001 2.800000e+001
         vertex -3.447298e+000 -1.942908e+001 2.800000e+001
      endloop
   endfacet
   facet normal -8.083948e-001 5.886407e-001 0.000000e+000
      outer loop
         vertex -3.447298e+000 -1.942908e+001 0.000000e+000
         vertex -3.447298e+000 -1.942908e+001 2.800000e+001
         vertex -3.354240e+000 -1.930057e+001 0.000000e+000
      endloop
   endfacet
   facet normal -8.114968e-001 5.843569e-001 0.000000e+000
      outer loop
         vertex -3.354240e+000 -1.930057e+001 0.000000e+000
         vertex -3.447298e+000 -1.942908e+001 2.800000e+001
         vertex -3.354240e+000 -1.930057e+001 2.800000e+001
      endloop
   endfacet
   facet normal -8.176324e-001 5.757407e-001 0.000000e+000
      outer loop
         vertex -3.354240e+000 -1.930057e+001 0.000000e+000
         vertex -3.354240e+000 -1.930057e+001 2.800000e+001
         vertex -3.263234e+000 -1.917060e+001 0.000000e+000
      endloop
   endfacet
   facet normal -8.206660e-001 5.714083e-001 0.000000e+000
      outer loop
         vertex -3.263234e+000 -1.917060e+001 0.000000e+000
         vertex -3.354240e+000 -1.930057e+001 2.800000e+001
         vertex -3.263234e+000 -1.917060e+001 2.800000e+001
      endloop
   endfacet
   facet normal -8.266641e-001 5.626957e-001 0.000000e+000
      outer loop
         vertex -3.263234e+000 -1.917060e+001 0.000000e+000
         vertex -3.263234e+000 -1.917060e+001 2.800000e+001
         vertex -3.174301e+000 -1.903920e+001 0.000000e+000
      endloop
   endfacet
   facet normal -8.296286e-001 5.583156e-001 0.000000e+000
      outer loop
         vertex -3.174301e+000 -1.903920e+001 0.000000e+000
         vertex -3.263234e+000 -1.917060e+001 2.800000e+001
         vertex -3.174301e+000 -1.903920e+001 2.800000e+001
      endloop
   endfacet
   facet normal -8.354878e-001 5.495090e-001 0.000000e+000
      outer loop
         vertex -3.174301e+000 -1.903920e+001 0.000000e+000
         vertex -3.174301e+000 -1.903920e+001 2.800000e+001
         vertex -3.087465e+000 -1.890641e+001 0.000000e+000
      endloop
   endfacet
   facet normal -8.383824e-001 5.450825e-001 0.000000e+000
      outer loop
         vertex -3.087465e+000 -1.890641e+001 0.000000e+000
         vertex -3.174301e+000 -1.903920e+001 2.800000e+001
         vertex -3.087465e+000 -1.890641e+001 2.800000e+001
      endloop
   endfacet
   facet normal -8.441011e-001 5.361840e-001 0.000000e+000
      outer loop
         vertex -3.087465e+000 -1.890641e+001 0.000000e+000
         vertex -3.087465e+000 -1.890641e+001 2.800000e+001
         vertex -3.002746e+000 -1.877225e+001 0.000000e+000
      endloop
   endfacet
   facet normal -8.469251e-001 5.317121e-001 0.000000e+000
      outer loop
         vertex -3.002746e+000 -1.877225e+001 0.000000e+000
         vertex -3.087465e+000 -1.890641e+001 2.800000e+001
         vertex -3.002746e+000 -1.877225e+001 2.800000e+001
      endloop
   endfacet
   facet normal -8.525019e-001 5.227240e-001 0.000000e+000
      outer loop
         vertex -3.002746e+000 -1.877225e+001 0.000000e+000
         vertex -3.002746e+000 -1.877225e+001 2.800000e+001
         vertex -2.920166e+000 -1.863677e+001 0.000000e+000
      endloop
   endfacet
   facet normal -8.552547e-001 5.182079e-001 0.000000e+000
      outer loop
         vertex -2.920166e+000 -1.863677e+001 0.000000e+000
         vertex -3.002746e+000 -1.877225e+001 2.800000e+001
         vertex -2.920166e+000 -1.863677e+001 2.800000e+001
      endloop
   endfacet
   facet normal -8.606882e-001 5.091325e-001 0.000000e+000
      outer loop
         vertex -2.920166e+000 -1.863677e+001 0.000000e+000
         vertex -2.920166e+000 -1.863677e+001 2.800000e+001
         vertex -2.839746e+000 -1.850000e+001 0.000000e+000
      endloop
   endfacet
   facet normal -8.633689e-001 5.045732e-001 0.000000e+000
      outer loop
         vertex -2.839746e+000 -1.850000e+001 0.000000e+000
         vertex -2.920166e+000 -1.863677e+001 2.800000e+001
         vertex -2.839746e+000 -1.850000e+001 2.800000e+001
      endloop
   endfacet
   facet normal -8.686577e-001 4.954128e-001 0.000000e+000
      outer loop
         vertex -2.839746e+000 -1.850000e+001 0.000000e+000
         vertex -2.839746e+000 -1.850000e+001 2.800000e+001
         vertex -2.761506e+000 -1.836197e+001 0.000000e+000
      endloop
   endfacet
   facet normal -8.712658e-001 4.908116e-001 0.000000e+000
      outer loop
         vertex -2.761506e+000 -1.836197e+001 0.000000e+000
         vertex -2.839746e+000 -1.850000e+001 2.800000e+001
         vertex -2.761506e+000 -1.836197e+001 2.800000e+001
      endloop
   endfacet
   facet normal -8.764086e-001 4.815683e-001 0.000000e+000
      outer loop
         vertex -2.761506e+000 -1.836197e+001 0.000000e+000
         vertex -2.761506e+000 -1.836197e+001 2.800000e+001
         vertex -2.685466e+000 -1.822271e+001 0.000000e+000
      endloop
   endfacet
   facet normal -8.789433e-001 4.769263e-001 0.000000e+000
      outer loop
         vertex -2.685466e+000 -1.822271e+001 0.000000e+000
         vertex -2.761506e+000 -1.836197e+001 2.800000e+001
         vertex -2.685466e+000 -1.822271e+001 2.800000e+001
      endloop
   endfacet
   facet normal -8.839387e-001 4.676027e-001 0.000000e+000
      outer loop
         vertex -2.685466e+000 -1.822271e+001 0.000000e+000
         vertex -2.685466e+000 -1.822271e+001 2.800000e+001
         vertex -2.611645e+000 -1.808226e+001 0.000000e+000
      endloop
   endfacet
   facet normal -8.863996e-001 4.629210e-001 0.000000e+000
      outer loop
         vertex -2.611645e+000 -1.808226e+001 0.000000e+000
         vertex -2.685466e+000 -1.822271e+001 2.800000e+001
         vertex -2.611645e+000 -1.808226e+001 2.800000e+001
      endloop
   endfacet
   facet normal -8.912465e-001 4.535193e-001 0.000000e+000
      outer loop
         vertex -2.611645e+000 -1.808226e+001 0.000000e+000
         vertex -2.611645e+000 -1.808226e+001 2.800000e+001
         vertex -2.540062e+000 -1.794067e+001 0.000000e+000
      endloop
   endfacet
   facet normal -8.936327e-001 4.487992e-001 0.000000e+000
      outer loop
         vertex -2.540062e+000 -1.794067e+001 0.000000e+000
         vertex -2.611645e+000 -1.808226e+001 2.800000e+001
         vertex -2.540062e+000 -1.794067e+001 2.800000e+001
      endloop
   endfacet
   facet normal -8.983298e-001 4.393216e-001 0.000000e+000
      outer loop
         vertex -2.540062e+000 -1.794067e+001 0.000000e+000
         vertex -2.540062e+000 -1.794067e+001 2.800000e+001
         vertex -2.470735e+000 -1.779795e+001 0.000000e+000
      endloop
   endfacet
   facet normal -9.006408e-001 4.345643e-001 0.000000e+000
      outer loop
         vertex -2.470735e+000 -1.779795e+001 0.000000e+000
         vertex -2.540062e+000 -1.794067e+001 2.800000e+001
         vertex -2.470735e+000 -1.779795e+001 2.800000e+001
      endloop
   endfacet
   facet normal -9.051870e-001 4.250135e-001 0.000000e+000
      outer loop
         vertex -2.470735e+000 -1.779795e+001 0.000000e+000
         vertex -2.470735e+000 -1.779795e+001 2.800000e+001
         vertex -2.403680e+000 -1.765415e+001 0.000000e+000
      endloop
   endfacet
   facet normal -9.074222e-001 4.202201e-001 0.000000e+000
      outer loop
         vertex -2.403680e+000 -1.765415e+001 0.000000e+000
         vertex -2.470735e+000 -1.779795e+001 2.800000e+001
         vertex -2.403680e+000 -1.765415e+001 2.800000e+001
      endloop
   endfacet
   facet normal -9.118164e-001 4.105983e-001 0.000000e+000
      outer loop
         vertex -2.403680e+000 -1.765415e+001 0.000000e+000
         vertex -2.403680e+000 -1.765415e+001 2.800000e+001
         vertex -2.338915e+000 -1.750931e+001 0.000000e+000
      endloop
   endfacet
   facet normal -9.139752e-001 4.057701e-001 0.000000e+000
      outer loop
         vertex -2.338915e+000 -1.750931e+001 0.000000e+000
         vertex -2.403680e+000 -1.765415e+001 2.800000e+001
         vertex -2.338915e+000 -1.750931e+001 2.800000e+001
      endloop
   endfacet
   facet normal -9.182161e-001 3.960798e-001 0.000000e+000
      outer loop
         vertex -2.338915e+000 -1.750931e+001 0.000000e+000
         vertex -2.338915e+000 -1.750931e+001 2.800000e+001
         vertex -2.276457e+000 -1.736345e+001 0.000000e+000
      endloop
   endfacet
   facet normal -9.202981e-001 3.912179e-001 0.000000e+000
      outer loop
         vertex -2.276457e+000 -1.736345e+001 0.000000e+000
         vertex -2.338915e+000 -1.750931e+001 2.800000e+001
         vertex -2.276457e+000 -1.736345e+001 2.800000e+001
      endloop
   endfacet
   facet normal -9.243847e-001 3.814616e-001 0.000000e+000
      outer loop
         vertex -2.276457e+000 -1.736345e+001 0.000000e+000
         vertex -2.276457e+000 -1.736345e+001 2.800000e+001
         vertex -2.216321e+000 -1.721663e+001 0.000000e+000
      endloop
   endfacet
   facet normal -9.263893e-001 3.765672e-001 0.000000e+000
      outer loop
         vertex -2.216321e+000 -1.721663e+001 0.000000e+000
         vertex -2.276457e+000 -1.736345e+001 2.800000e+001
         vertex -2.216321e+000 -1.721663e+001 2.800000e+001
      endloop
   endfacet
   facet normal -9.303206e-001 3.667473e-001 0.000000e+000
      outer loop
         vertex -2.216321e+000 -1.721663e+001 0.000000e+000
         vertex -2.216321e+000 -1.721663e+001 2.800000e+001
         vertex -2.158521e+000 -1.706886e+001 0.000000e+000
      endloop
   endfacet
   facet normal -9.322473e-001 3.618218e-001 0.000000e+000
      outer loop
         vertex -2.158521e+000 -1.706886e+001 0.000000e+000
         vertex -2.216321e+000 -1.721663e+001 2.800000e+001
         vertex -2.158521e+000 -1.706886e+001 2.800000e+001
      endloop
   endfacet
   facet normal -9.360223e-001 3.519407e-001 0.000000e+000
      outer loop
         vertex -2.158521e+000 -1.706886e+001 0.000000e+000
         vertex -2.158521e+000 -1.706886e+001 2.800000e+001
         vertex -2.103074e+000 -1.692020e+001 0.000000e+000
      endloop
   endfacet
   facet normal -9.378706e-001 3.469852e-001 0.000000e+000
      outer loop
         vertex -2.103074e+000 -1.692020e+001 0.000000e+000
         vertex -2.158521e+000 -1.706886e+001 2.800000e+001
         vertex -2.103074e+000 -1.692020e+001 2.800000e+001
      endloop
   endfacet
   facet normal -9.414884e-001 3.370455e-001 0.000000e+000
      outer loop
         vertex -2.103074e+000 -1.692020e+001 0.000000e+000
         vertex -2.103074e+000 -1.692020e+001 2.800000e+001
         vertex -2.049992e+000 -1.677068e+001 0.000000e+000
      endloop
   endfacet
   facet normal -9.432578e-001 3.320613e-001 0.000000e+000
      outer loop
         vertex -2.049992e+000 -1.677068e+001 0.000000e+000
         vertex -2.103074e+000 -1.692020e+001 2.800000e+001
         vertex -2.049992e+000 -1.677068e+001 2.800000e+001
      endloop
   endfacet
   facet normal -9.467174e-001 3.220655e-001 0.000000e+000
      outer loop
         vertex -2.049992e+000 -1.677068e+001 0.000000e+000
         vertex -2.049992e+000 -1.677068e+001 2.800000e+001
         vertex -1.999289e+000 -1.662033e+001 0.000000e+000
      endloop
   endfacet
   facet normal -9.484076e-001 3.170538e-001 0.000000e+000
      outer loop
         vertex -1.999289e+000 -1.662033e+001 0.000000e+000
         vertex -2.049992e+000 -1.677068e+001 2.800000e+001
         vertex -1.999289e+000 -1.662033e+001 2.800000e+001
      endloop
   endfacet
   facet normal -9.517081e-001 3.070044e-001 0.000000e+000
      outer loop
         vertex -1.999289e+000 -1.662033e+001 0.000000e+000
         vertex -1.999289e+000 -1.662033e+001 2.800000e+001
         vertex -1.950978e+000 -1.646920e+001 0.000000e+000
      endloop
   endfacet
   facet normal -9.533185e-001 3.019665e-001 0.000000e+000
      outer loop
         vertex -1.950978e+000 -1.646920e+001 0.000000e+000
         vertex -1.999289e+000 -1.662033e+001 2.800000e+001
         vertex -1.950978e+000 -1.646920e+001 2.800000e+001
      endloop
   endfacet
   facet normal -9.564593e-001 2.918659e-001 0.000000e+000
      outer loop
         vertex -1.950978e+000 -1.646920e+001 0.000000e+000
         vertex -1.950978e+000 -1.646920e+001 2.800000e+001
         vertex -1.905070e+000 -1.631733e+001 0.000000e+000
      endloop
   endfacet
   facet normal -9.579895e-001 2.868032e-001 0.000000e+000
      outer loop
         vertex -1.905070e+000 -1.631733e+001 0.000000e+000
         vertex -1.950978e+000 -1.646920e+001 2.800000e+001
         vertex -1.905070e+000 -1.631733e+001 2.800000e+001
      endloop
   endfacet
   facet normal -9.609696e-001 2.766540e-001 0.000000e+000
      outer loop
         vertex -1.905070e+000 -1.631733e+001 0.000000e+000
         vertex -1.905070e+000 -1.631733e+001 2.800000e+001
         vertex -1.861578e+000 -1.616474e+001 0.000000e+000
      endloop
   endfacet
   facet normal -9.624193e-001 2.715676e-001 0.000000e+000
      outer loop
         vertex -1.861578e+000 -1.616474e+001 0.000000e+000
         vertex -1.905070e+000 -1.631733e+001 2.800000e+001
         vertex -1.861578e+000 -1.616474e+001 2.800000e+001
      endloop
   endfacet
   facet normal -9.652380e-001 2.613725e-001 0.000000e+000
      outer loop
         vertex -1.861578e+000 -1.616474e+001 0.000000e+000
         vertex -1.861578e+000 -1.616474e+001 2.800000e+001
         vertex -1.820513e+000 -1.601148e+001 0.000000e+000
      endloop
   endfacet
   facet normal -9.666069e-001 2.562637e-001 0.000000e+000
      outer loop
         vertex -1.820513e+000 -1.601148e+001 0.000000e+000
         vertex -1.861578e+000 -1.616474e+001 2.800000e+001
         vertex -1.820513e+000 -1.601148e+001 2.800000e+001
      endloop
   endfacet
   facet normal -9.692635e-001 2.460252e-001 0.000000e+000
      outer loop
         vertex -1.820513e+000 -1.601148e+001 0.000000e+000
         vertex -1.820513e+000 -1.601148e+001 2.800000e+001
         vertex -1.781884e+000 -1.585759e+001 0.000000e+000
      endloop
   endfacet
   facet normal -9.705511e-001 2.408954e-001 0.000000e+000
      outer loop
         vertex -1.781884e+000 -1.585759e+001 0.000000e+000
         vertex -1.820513e+000 -1.601148e+001 2.800000e+001
         vertex -1.781884e+000 -1.585759e+001 2.800000e+001
      endloop
   endfacet
   facet normal -9.730448e-001 2.306159e-001 0.000000e+000
      outer loop
         vertex -1.781884e+000 -1.585759e+001 0.000000e+000
         vertex -1.781884e+000 -1.585759e+001 2.800000e+001
         vertex -1.745702e+000 -1.570310e+001 0.000000e+000
      endloop
   endfacet
   facet normal -9.742510e-001 2.254663e-001 0.000000e+000
      outer loop
         vertex -1.745702e+000 -1.570310e+001 0.000000e+000
         vertex -1.781884e+000 -1.585759e+001 2.800000e+001
         vertex -1.745702e+000 -1.570310e+001 2.800000e+001
      endloop
   endfacet
   facet normal -9.765813e-001 2.151486e-001 0.000000e+000
      outer loop
         vertex -1.745702e+000 -1.570310e+001 0.000000e+000
         vertex -1.745702e+000 -1.570310e+001 2.800000e+001
         vertex -1.711976e+000 -1.554807e+001 0.000000e+000
      endloop
   endfacet
   facet normal -9.777056e-001 2.099805e-001 0.000000e+000
      outer loop
         vertex -1.711976e+000 -1.554807e+001 0.000000e+000
         vertex -1.745702e+000 -1.570310e+001 2.800000e+001
         vertex -1.711976e+000 -1.554807e+001 2.800000e+001
      endloop
   endfacet
   facet normal -9.798720e-001 1.996271e-001 0.000000e+000
      outer loop
         vertex -1.711976e+000 -1.554807e+001 0.000000e+000
         vertex -1.711976e+000 -1.554807e+001 2.800000e+001
         vertex -1.680713e+000 -1.539251e+001 0.000000e+000
      endloop
   endfacet
   facet normal -9.809141e-001 1.944418e-001 0.000000e+000
      outer loop
         vertex -1.680713e+000 -1.539251e+001 0.000000e+000
         vertex -1.711976e+000 -1.554807e+001 2.800000e+001
         vertex -1.680713e+000 -1.539251e+001 2.800000e+001
      endloop
   endfacet
   facet normal -9.829159e-001 1.840554e-001 0.000000e+000
      outer loop
         vertex -1.680713e+000 -1.539251e+001 0.000000e+000
         vertex -1.680713e+000 -1.539251e+001 2.800000e+001
         vertex -1.651922e+000 -1.523648e+001 0.000000e+000
      endloop
   endfacet
   facet normal -9.838756e-001 1.788542e-001 0.000000e+000
      outer loop
         vertex -1.651922e+000 -1.523648e+001 0.000000e+000
         vertex -1.680713e+000 -1.539251e+001 2.800000e+001
         vertex -1.651922e+000 -1.523648e+001 2.800000e+001
      endloop
   endfacet
   facet normal -9.857123e-001 1.684373e-001 0.000000e+000
      outer loop
         vertex -1.651922e+000 -1.523648e+001 0.000000e+000
         vertex -1.651922e+000 -1.523648e+001 2.800000e+001
         vertex -1.625611e+000 -1.508001e+001 0.000000e+000
      endloop
   endfacet
   facet normal -9.865895e-001 1.632216e-001 0.000000e+000
      outer loop
         vertex -1.625611e+000 -1.508001e+001 0.000000e+000
         vertex -1.651922e+000 -1.523648e+001 2.800000e+001
         vertex -1.625611e+000 -1.508001e+001 2.800000e+001
      endloop
   endfacet
   facet normal -9.882607e-001 1.527768e-001 0.000000e+000
      outer loop
         vertex -1.625611e+000 -1.508001e+001 0.000000e+000
         vertex -1.625611e+000 -1.508001e+001 2.800000e+001
         vertex -1.601786e+000 -1.492315e+001 0.000000e+000
      endloop
   endfacet
   facet normal -9.890549e-001 1.475478e-001 0.000000e+000
      outer loop
         vertex -1.601786e+000 -1.492315e+001 0.000000e+000
         vertex -1.625611e+000 -1.508001e+001 2.800000e+001
         vertex -1.601786e+000 -1.492315e+001 2.800000e+001
      endloop
   endfacet
   facet normal -9.905603e-001 1.370779e-001 0.000000e+000
      outer loop
         vertex -1.601786e+000 -1.492315e+001 0.000000e+000
         vertex -1.601786e+000 -1.492315e+001 2.800000e+001
         vertex -1.580452e+000 -1.476592e+001 0.000000e+000
      endloop
   endfacet
   facet normal -9.912714e-001 1.318370e-001 0.000000e+000
      outer loop
         vertex -1.580452e+000 -1.476592e+001 0.000000e+000
         vertex -1.601786e+000 -1.492315e+001 2.800000e+001
         vertex -1.580452e+000 -1.476592e+001 2.800000e+001
      endloop
   endfacet
   facet normal -9.926105e-001 1.213444e-001 0.000000e+000
      outer loop
         vertex -1.580452e+000 -1.476592e+001 0.000000e+000
         vertex -1.580452e+000 -1.476592e+001 2.800000e+001
         vertex -1.561615e+000 -1.460838e+001 0.000000e+000
      endloop
   endfacet
   facet normal -9.932384e-001 1.160929e-001 0.000000e+000
      outer loop
         vertex -1.561615e+000 -1.460838e+001 0.000000e+000
         vertex -1.580452e+000 -1.476592e+001 2.800000e+001
         vertex -1.561615e+000 -1.460838e+001 2.800000e+001
      endloop
   endfacet
   facet normal -9.944108e-001 1.055804e-001 0.000000e+000
      outer loop
         vertex -1.561615e+000 -1.460838e+001 0.000000e+000
         vertex -1.561615e+000 -1.460838e+001 2.800000e+001
         vertex -1.545281e+000 -1.445056e+001 0.000000e+000
      endloop
   endfacet
   facet normal -9.949553e-001 1.003196e-001 0.000000e+000
      outer loop
         vertex -1.545281e+000 -1.445056e+001 0.000000e+000
         vertex -1.561615e+000 -1.460838e+001 2.800000e+001
         vertex -1.545281e+000 -1.445056e+001 2.800000e+001
      endloop
   endfacet
   facet normal -9.959607e-001 8.978985e-002 0.000000e+000
      outer loop
         vertex -1.545281e+000 -1.445056e+001 0.000000e+000
         vertex -1.545281e+000 -1.445056e+001 2.800000e+001
         vertex -1.531452e+000 -1.429250e+001 0.000000e+000
      endloop
   endfacet
   facet normal -9.964217e-001 8.452101e-002 0.000000e+000
      outer loop
         vertex -1.531452e+000 -1.429250e+001 0.000000e+000
         vertex -1.545281e+000 -1.445056e+001 2.800000e+001
         vertex -1.531452e+000 -1.429250e+001 2.800000e+001
      endloop
   endfacet
   facet normal -9.972600e-001 7.397667e-002 0.000000e+000
      outer loop
         vertex -1.531452e+000 -1.429250e+001 0.000000e+000
         vertex -1.531452e+000 -1.429250e+001 2.800000e+001
         vertex -1.520133e+000 -1.413424e+001 0.000000e+000
      endloop
   endfacet
   facet normal -9.976373e-001 6.870119e-002 0.000000e+000
      outer loop
         vertex -1.520133e+000 -1.413424e+001 0.000000e+000
         vertex -1.531452e+000 -1.429250e+001 2.800000e+001
         vertex -1.520133e+000 -1.413424e+001 2.800000e+001
      endloop
   endfacet
   facet normal -9.983081e-001 5.814487e-002 0.000000e+000
      outer loop
         vertex -1.520133e+000 -1.413424e+001 0.000000e+000
         vertex -1.520133e+000 -1.413424e+001 2.800000e+001
         vertex -1.511327e+000 -1.397582e+001 0.000000e+000
      endloop
   endfacet
   facet normal -9.986017e-001 5.286406e-002 0.000000e+000
      outer loop
         vertex -1.511327e+000 -1.397582e+001 0.000000e+000
         vertex -1.520133e+000 -1.413424e+001 2.800000e+001
         vertex -1.511327e+000 -1.397582e+001 2.800000e+001
      endloop
   endfacet
   facet normal -9.991051e-001 4.229844e-002 0.000000e+000
      outer loop
         vertex -1.511327e+000 -1.397582e+001 0.000000e+000
         vertex -1.511327e+000 -1.397582e+001 2.800000e+001
         vertex -1.505035e+000 -1.381728e+001 0.000000e+000
      endloop
   endfacet
   facet normal -9.993148e-001 3.701363e-002 0.000000e+000
      outer loop
         vertex -1.505035e+000 -1.381728e+001 0.000000e+000
         vertex -1.511327e+000 -1.397582e+001 2.800000e+001
         vertex -1.505035e+000 -1.381728e+001 2.800000e+001
      endloop
   endfacet
   facet normal -9.996504e-001 2.644135e-002 0.000000e+000
      outer loop
         vertex -1.505035e+000 -1.381728e+001 0.000000e+000
         vertex -1.505035e+000 -1.381728e+001 2.800000e+001
         vertex -1.501259e+000 -1.365866e+001 0.000000e+000
      endloop
   endfacet
   facet normal -9.997762e-001 2.115388e-002 0.000000e+000
      outer loop
         vertex -1.501259e+000 -1.365866e+001 0.000000e+000
         vertex -1.505035e+000 -1.381728e+001 2.800000e+001
         vertex -1.501259e+000 -1.365866e+001 2.800000e+001
      endloop
   endfacet
   facet normal -9.999441e-001 1.057761e-002 0.000000e+000
      outer loop
         vertex -1.501259e+000 -1.365866e+001 0.000000e+000
         vertex -1.501259e+000 -1.365866e+001 2.800000e+001
         vertex -1.500000e+000 -1.350000e+001 0.000000e+000
      endloop
   endfacet
   facet normal -9.999861e-001 5.288803e-003 0.000000e+000
      outer loop
         vertex -1.500000e+000 -1.350000e+001 0.000000e+000
         vertex -1.501259e+000 -1.365866e+001 2.800000e+001
         vertex -1.500000e+000 -1.350000e+001 2.800000e+001
      endloop
   endfacet
   facet normal 5.000000e-001 8.660254e-001 0.000000e+000
      outer loop
         vertex -3.710795e+000 2.142428e+000 -1.387779e-014
         vertex -5.542563e+000 3.200000e+000 -1.387779e-014
         vertex -3.710795e+000 2.142428e+000 2.800000e+001
      endloop
   endfacet
   facet normal 5.000000e-001 8.660254e-001 0.000000e+000
      outer loop
         vertex -3.710795e+000 2.142428e+000 2.800000e+001
         vertex -5.542563e+000 3.200000e+000 -1.387779e-014
         vertex -5.542563e+000 3.200000e+000 2.800000e+001
      endloop
   endfacet
   facet normal -5.000000e-001 8.660254e-001 0.000000e+000
      outer loop
         vertex 3.710795e+000 2.142428e+000 2.800000e+001
         vertex 5.542563e+000 3.200000e+000 2.800000e+001
         vertex 3.710795e+000 2.142428e+000 1.387779e-014
      endloop
   endfacet
   facet normal -5.000000e-001 8.660254e-001 0.000000e+000
      outer loop
         vertex 3.710795e+000 2.142428e+000 1.387779e-014
         vertex 5.542563e+000 3.200000e+000 2.800000e+001
         vertex 5.542563e+000 3.200000e+000 1.387779e-014
      endloop
   endfacet
   facet normal -5.046031e-001 8.633514e-001 0.000000e+000
      outer loop
         vertex 3.710795e+000 2.142428e+000 2.800000e+001
         vertex 3.710795e+000 2.142428e+000 0.000000e+000
         vertex 3.697029e+000 2.134333e+000 0.000000e+000
      endloop
   endfacet
   facet normal -5.091922e-001 8.606529e-001 0.000000e+000
      outer loop
         vertex 3.710795e+000 2.142428e+000 2.800000e+001
         vertex 3.697029e+000 2.134333e+000 0.000000e+000
         vertex 3.697029e+000 2.134333e+000 2.800000e+001
      endloop
   endfacet
   facet normal -5.183263e-001 8.551829e-001 0.000000e+000
      outer loop
         vertex 3.697029e+000 2.134333e+000 2.800000e+001
         vertex 3.697029e+000 2.134333e+000 0.000000e+000
         vertex 3.683393e+000 2.126019e+000 0.000000e+000
      endloop
   endfacet
   facet normal -5.228716e-001 8.524114e-001 0.000000e+000
      outer loop
         vertex 3.697029e+000 2.134333e+000 2.800000e+001
         vertex 3.683393e+000 2.126019e+000 0.000000e+000
         vertex 3.683393e+000 2.126019e+000 2.800000e+001
      endloop
   endfacet
   facet normal -5.319173e-001 8.467963e-001 0.000000e+000
      outer loop
         vertex 3.683393e+000 2.126019e+000 2.800000e+001
         vertex 3.683393e+000 2.126019e+000 0.000000e+000
         vertex 3.669892e+000 2.117488e+000 0.000000e+000
      endloop
   endfacet
   facet normal -5.364178e-001 8.439527e-001 0.000000e+000
      outer loop
         vertex 3.683393e+000 2.126019e+000 2.800000e+001
         vertex 3.669892e+000 2.117488e+000 0.000000e+000
         vertex 3.669892e+000 2.117488e+000 2.800000e+001
      endloop
   endfacet
   facet normal -5.453726e-001 8.381937e-001 0.000000e+000
      outer loop
         vertex 3.669892e+000 2.117488e+000 2.800000e+001
         vertex 3.669892e+000 2.117488e+000 0.000000e+000
         vertex 3.656529e+000 2.108743e+000 0.000000e+000
      endloop
   endfacet
   facet normal -5.498271e-001 8.352785e-001 0.000000e+000
      outer loop
         vertex 3.669892e+000 2.117488e+000 2.800000e+001
         vertex 3.656529e+000 2.108743e+000 0.000000e+000
         vertex 3.656529e+000 2.108743e+000 2.800000e+001
      endloop
   endfacet
   facet normal -5.586889e-001 8.293773e-001 0.000000e+000
      outer loop
         vertex 3.656529e+000 2.108743e+000 2.800000e+001
         vertex 3.656529e+000 2.108743e+000 0.000000e+000
         vertex 3.643308e+000 2.099785e+000 0.000000e+000
      endloop
   endfacet
   facet normal -5.630962e-001 8.263913e-001 0.000000e+000
      outer loop
         vertex 3.656529e+000 2.108743e+000 2.800000e+001
         vertex 3.643308e+000 2.099785e+000 0.000000e+000
         vertex 3.643308e+000 2.099785e+000 2.800000e+001
      endloop
   endfacet
   facet normal -5.718626e-001 8.203494e-001 0.000000e+000
      outer loop
         vertex 3.643308e+000 2.099785e+000 2.800000e+001
         vertex 3.643308e+000 2.099785e+000 0.000000e+000
         vertex 3.630231e+000 2.090618e+000 0.000000e+000
      endloop
   endfacet
   facet normal -5.762218e-001 8.172934e-001 0.000000e+000
      outer loop
         vertex 3.643308e+000 2.099785e+000 2.800000e+001
         vertex 3.630231e+000 2.090618e+000 0.000000e+000
         vertex 3.630231e+000 2.090618e+000 2.800000e+001
      endloop
   endfacet
   facet normal -5.848905e-001 8.111122e-001 0.000000e+000
      outer loop
         vertex 3.630231e+000 2.090618e+000 2.800000e+001
         vertex 3.630231e+000 2.090618e+000 0.000000e+000
         vertex 3.617302e+000 2.081242e+000 0.000000e+000
      endloop
   endfacet
   facet normal -5.892003e-001 8.079871e-001 0.000000e+000
      outer loop
         vertex 3.630231e+000 2.090618e+000 2.800000e+001
         vertex 3.617302e+000 2.081242e+000 0.000000e+000
         vertex 3.617302e+000 2.081242e+000 2.800000e+001
      endloop
   endfacet
   facet normal -5.977693e-001 8.016682e-001 0.000000e+000
      outer loop
         vertex 3.617302e+000 2.081242e+000 2.800000e+001
         vertex 3.617302e+000 2.081242e+000 0.000000e+000
         vertex 3.604525e+000 2.071662e+000 0.000000e+000
      endloop
   endfacet
   facet normal -6.020285e-001 7.984746e-001 0.000000e+000
      outer loop
         vertex 3.617302e+000 2.081242e+000 2.800000e+001
         vertex 3.604525e+000 2.071662e+000 0.000000e+000
         vertex 3.604525e+000 2.071662e+000 2.800000e+001
      endloop
   endfacet
   facet normal -6.104955e-001 7.920197e-001 0.000000e+000
      outer loop
         vertex 3.604525e+000 2.071662e+000 2.800000e+001
         vertex 3.604525e+000 2.071662e+000 0.000000e+000
         vertex 3.591902e+000 2.061878e+000 0.000000e+000
      endloop
   endfacet
   facet normal -6.147032e-001 7.887585e-001 0.000000e+000
      outer loop
         vertex 3.604525e+000 2.071662e+000 2.800000e+001
         vertex 3.591902e+000 2.061878e+000 0.000000e+000
         vertex 3.591902e+000 2.061878e+000 2.800000e+001
      endloop
   endfacet
   facet normal -6.230660e-001 7.821693e-001 0.000000e+000
      outer loop
         vertex 3.591902e+000 2.061878e+000 2.800000e+001
         vertex 3.591902e+000 2.061878e+000 0.000000e+000
         vertex 3.579437e+000 2.051894e+000 0.000000e+000
      endloop
   endfacet
   facet normal -6.272212e-001 7.788412e-001 0.000000e+000
      outer loop
         vertex 3.591902e+000 2.061878e+000 2.800000e+001
         vertex 3.579437e+000 2.051894e+000 0.000000e+000
         vertex 3.579437e+000 2.051894e+000 2.800000e+001
      endloop
   endfacet
   facet normal -6.354777e-001 7.721193e-001 0.000000e+000
      outer loop
         vertex 3.579437e+000 2.051894e+000 2.800000e+001
         vertex 3.579437e+000 2.051894e+000 0.000000e+000
         vertex 3.567133e+000 2.041713e+000 0.000000e+000
      endloop
   endfacet
   facet normal -6.395791e-001 7.687253e-001 0.000000e+000
      outer loop
         vertex 3.579437e+000 2.051894e+000 2.800000e+001
         vertex 3.567133e+000 2.041713e+000 0.000000e+000
         vertex 3.567133e+000 2.041713e+000 2.800000e+001
      endloop
   endfacet
   facet normal -6.477272e-001 7.618724e-001 0.000000e+000
      outer loop
         vertex 3.567133e+000 2.041713e+000 2.800000e+001
         vertex 3.567133e+000 2.041713e+000 0.000000e+000
         vertex 3.554993e+000 2.031336e+000 0.000000e+000
      endloop
   endfacet
   facet normal -6.517739e-001 7.584134e-001 0.000000e+000
      outer loop
         vertex 3.567133e+000 2.041713e+000 2.800000e+001
         vertex 3.554993e+000 2.031336e+000 0.000000e+000
         vertex 3.554993e+000 2.031336e+000 2.800000e+001
      endloop
   endfacet
   facet normal -6.598115e-001 7.514311e-001 0.000000e+000
      outer loop
         vertex 3.554993e+000 2.031336e+000 2.800000e+001
         vertex 3.554993e+000 2.031336e+000 0.000000e+000
         vertex 3.543020e+000 2.020767e+000 0.000000e+000
      endloop
   endfacet
   facet normal -6.638025e-001 7.479080e-001 0.000000e+000
      outer loop
         vertex 3.554993e+000 2.031336e+000 2.800000e+001
         vertex 3.543020e+000 2.020767e+000 0.000000e+000
         vertex 3.543020e+000 2.020767e+000 2.800000e+001
      endloop
   endfacet
   facet normal -6.717276e-001 7.407982e-001 0.000000e+000
      outer loop
         vertex 3.543020e+000 2.020767e+000 2.800000e+001
         vertex 3.543020e+000 2.020767e+000 0.000000e+000
         vertex 3.531218e+000 2.010008e+000 0.000000e+000
      endloop
   endfacet
   facet normal -6.756618e-001 7.372118e-001 0.000000e+000
      outer loop
         vertex 3.543020e+000 2.020767e+000 2.800000e+001
         vertex 3.531218e+000 2.010008e+000 0.000000e+000
         vertex 3.531218e+000 2.010008e+000 2.800000e+001
      endloop
   endfacet
   facet normal -6.834724e-001 7.299764e-001 0.000000e+000
      outer loop
         vertex 3.531218e+000 2.010008e+000 2.800000e+001
         vertex 3.531218e+000 2.010008e+000 0.000000e+000
         vertex 3.519590e+000 1.999061e+000 0.000000e+000
      endloop
   endfacet
   facet normal -6.873487e-001 7.263275e-001 0.000000e+000
      outer loop
         vertex 3.531218e+000 2.010008e+000 2.800000e+001
         vertex 3.519590e+000 1.999061e+000 0.000000e+000
         vertex 3.519590e+000 1.999061e+000 2.800000e+001
      endloop
   endfacet
   facet normal -6.950427e-001 7.189685e-001 0.000000e+000
      outer loop
         vertex 3.519590e+000 1.999061e+000 2.800000e+001
         vertex 3.519590e+000 1.999061e+000 0.000000e+000
         vertex 3.508137e+000 1.987931e+000 0.000000e+000
      endloop
   endfacet
   facet normal -6.988604e-001 7.152581e-001 0.000000e+000
      outer loop
         vertex 3.519590e+000 1.999061e+000 2.800000e+001
         vertex 3.508137e+000 1.987931e+000 0.000000e+000
         vertex 3.508137e+000 1.987931e+000 2.800000e+001
      endloop
   endfacet
   facet normal -7.064359e-001 7.077770e-001 0.000000e+000
      outer loop
         vertex 3.508137e+000 1.987931e+000 2.800000e+001
         vertex 3.508137e+000 1.987931e+000 0.000000e+000
         vertex 3.496864e+000 1.976619e+000 0.000000e+000
      endloop
   endfacet
   facet normal -7.101938e-001 7.040063e-001 0.000000e+000
      outer loop
         vertex 3.508137e+000 1.987931e+000 2.800000e+001
         vertex 3.496864e+000 1.976619e+000 0.000000e+000
         vertex 3.496864e+000 1.976619e+000 2.800000e+001
      endloop
   endfacet
   facet normal -7.176489e-001 6.964051e-001 0.000000e+000
      outer loop
         vertex 3.496864e+000 1.976619e+000 2.800000e+001
         vertex 3.496864e+000 1.976619e+000 0.000000e+000
         vertex 3.485772e+000 1.965128e+000 0.000000e+000
      endloop
   endfacet
   facet normal -7.213461e-001 6.925748e-001 0.000000e+000
      outer loop
         vertex 3.496864e+000 1.976619e+000 2.800000e+001
         vertex 3.485772e+000 1.965128e+000 0.000000e+000
         vertex 3.485772e+000 1.965128e+000 2.800000e+001
      endloop
   endfacet
   facet normal -7.286788e-001 6.848555e-001 0.000000e+000
      outer loop
         vertex 3.485772e+000 1.965128e+000 2.800000e+001
         vertex 3.485772e+000 1.965128e+000 0.000000e+000
         vertex 3.474866e+000 1.953462e+000 0.000000e+000
      endloop
   endfacet
   facet normal -7.323144e-001 6.809667e-001 0.000000e+000
      outer loop
         vertex 3.485772e+000 1.965128e+000 2.800000e+001
         vertex 3.474866e+000 1.953462e+000 0.000000e+000
         vertex 3.474866e+000 1.953462e+000 2.800000e+001
      endloop
   endfacet
   facet normal -7.395229e-001 6.731314e-001 0.000000e+000
      outer loop
         vertex 3.474866e+000 1.953462e+000 2.800000e+001
         vertex 3.474866e+000 1.953462e+000 0.000000e+000
         vertex 3.464148e+000 1.941623e+000 0.000000e+000
      endloop
   endfacet
   facet normal -7.430959e-001 6.691849e-001 0.000000e+000
      outer loop
         vertex 3.474866e+000 1.953462e+000 2.800000e+001
         vertex 3.464148e+000 1.941623e+000 0.000000e+000
         vertex 3.464148e+000 1.941623e+000 2.800000e+001
      endloop
   endfacet
   facet normal -7.501784e-001 6.612356e-001 0.000000e+000
      outer loop
         vertex 3.464148e+000 1.941623e+000 2.800000e+001
         vertex 3.464148e+000 1.941623e+000 0.000000e+000
         vertex 3.453619e+000 1.929614e+000 0.000000e+000
      endloop
   endfacet
   facet normal -7.536879e-001 6.572325e-001 0.000000e+000
      outer loop
         vertex 3.464148e+000 1.941623e+000 2.800000e+001
         vertex 3.453619e+000 1.929614e+000 0.000000e+000
         vertex 3.453619e+000 1.929614e+000 2.800000e+001
      endloop
   endfacet
   facet normal -7.606425e-001 6.491711e-001 0.000000e+000
      outer loop
         vertex 3.453619e+000 1.929614e+000 2.800000e+001
         vertex 3.453619e+000 1.929614e+000 0.000000e+000
         vertex 3.443284e+000 1.917439e+000 0.000000e+000
      endloop
   endfacet
   facet normal -7.640876e-001 6.451125e-001 0.000000e+000
      outer loop
         vertex 3.453619e+000 1.929614e+000 2.800000e+001
         vertex 3.443284e+000 1.917439e+000 0.000000e+000
         vertex 3.443284e+000 1.917439e+000 2.800000e+001
      endloop
   endfacet
   facet normal -7.709126e-001 6.369410e-001 0.000000e+000
      outer loop
         vertex 3.443284e+000 1.917439e+000 2.800000e+001
         vertex 3.443284e+000 1.917439e+000 0.000000e+000
         vertex 3.433145e+000 1.905100e+000 0.000000e+000
      endloop
   endfacet
   facet normal -7.742925e-001 6.328279e-001 0.000000e+000
      outer loop
         vertex 3.443284e+000 1.917439e+000 2.800000e+001
         vertex 3.433145e+000 1.905100e+000 0.000000e+000
         vertex 3.433145e+000 1.905100e+000 2.800000e+001
      endloop
   endfacet
   facet normal -7.809862e-001 6.245484e-001 0.000000e+000
      outer loop
         vertex 3.433145e+000 1.905100e+000 2.800000e+001
         vertex 3.433145e+000 1.905100e+000 0.000000e+000
         vertex 3.423204e+000 1.892601e+000 0.000000e+000
      endloop
   endfacet
   facet normal -7.842999e-001 6.203819e-001 0.000000e+000
      outer loop
         vertex 3.433145e+000 1.905100e+000 2.800000e+001
         vertex 3.423204e+000 1.892601e+000 0.000000e+000
         vertex 3.423204e+000 1.892601e+000 2.800000e+001
      endloop
   endfacet
   facet normal -7.908605e-001 6.119965e-001 0.000000e+000
      outer loop
         vertex 3.423204e+000 1.892601e+000 2.800000e+001
         vertex 3.423204e+000 1.892601e+000 0.000000e+000
         vertex 3.413464e+000 1.879945e+000 0.000000e+000
      endloop
   endfacet
   facet normal -7.941073e-001 6.077777e-001 0.000000e+000
      outer loop
         vertex 3.423204e+000 1.892601e+000 2.800000e+001
         vertex 3.413464e+000 1.879945e+000 0.000000e+000
         vertex 3.413464e+000 1.879945e+000 2.800000e+001
      endloop
   endfacet
   facet normal -8.005331e-001 5.992886e-001 0.000000e+000
      outer loop
         vertex 3.413464e+000 1.879945e+000 2.800000e+001
         vertex 3.413464e+000 1.879945e+000 0.000000e+000
         vertex 3.403927e+000 1.867135e+000 0.000000e+000
      endloop
   endfacet
   facet normal -8.037121e-001 5.950184e-001 0.000000e+000
      outer loop
         vertex 3.413464e+000 1.879945e+000 2.800000e+001
         vertex 3.403927e+000 1.867135e+000 0.000000e+000
         vertex 3.403927e+000 1.867135e+000 2.800000e+001
      endloop
   endfacet
   facet normal -8.100015e-001 5.864279e-001 0.000000e+000
      outer loop
         vertex 3.403927e+000 1.867135e+000 2.800000e+001
         vertex 3.403927e+000 1.867135e+000 0.000000e+000
         vertex 3.394596e+000 1.854174e+000 0.000000e+000
      endloop
   endfacet
   facet normal -8.131119e-001 5.821074e-001 0.000000e+000
      outer loop
         vertex 3.403927e+000 1.867135e+000 2.800000e+001
         vertex 3.394596e+000 1.854174e+000 0.000000e+000
         vertex 3.394596e+000 1.854174e+000 2.800000e+001
      endloop
   endfacet
   facet normal -8.192633e-001 5.734175e-001 0.000000e+000
      outer loop
         vertex 3.394596e+000 1.854174e+000 2.800000e+001
         vertex 3.394596e+000 1.854174e+000 0.000000e+000
         vertex 3.385473e+000 1.841066e+000 0.000000e+000
      endloop
   endfacet
   facet normal -8.223044e-001 5.690480e-001 0.000000e+000
      outer loop
         vertex 3.394596e+000 1.854174e+000 2.800000e+001
         vertex 3.385473e+000 1.841066e+000 0.000000e+000
         vertex 3.385473e+000 1.841066e+000 2.800000e+001
      endloop
   endfacet
   facet normal -8.283162e-001 5.602610e-001 0.000000e+000
      outer loop
         vertex 3.385473e+000 1.841066e+000 2.800000e+001
         vertex 3.385473e+000 1.841066e+000 0.000000e+000
         vertex 3.376561e+000 1.827813e+000 0.000000e+000
      endloop
   endfacet
   facet normal -8.312871e-001 5.558434e-001 0.000000e+000
      outer loop
         vertex 3.385473e+000 1.841066e+000 2.800000e+001
         vertex 3.376561e+000 1.827813e+000 0.000000e+000
         vertex 3.376561e+000 1.827813e+000 2.800000e+001
      endloop
   endfacet
   facet normal -8.371578e-001 5.469614e-001 0.000000e+000
      outer loop
         vertex 3.376561e+000 1.827813e+000 2.800000e+001
         vertex 3.376561e+000 1.827813e+000 0.000000e+000
         vertex 3.367861e+000 1.814420e+000 0.000000e+000
      endloop
   endfacet
   facet normal -8.400578e-001 5.424970e-001 0.000000e+000
      outer loop
         vertex 3.376561e+000 1.827813e+000 2.800000e+001
         vertex 3.367861e+000 1.814420e+000 0.000000e+000
         vertex 3.367861e+000 1.814420e+000 2.800000e+001
      endloop
   endfacet
   facet normal -8.457860e-001 5.335224e-001 0.000000e+000
      outer loop
         vertex 3.367861e+000 1.814420e+000 2.800000e+001
         vertex 3.367861e+000 1.814420e+000 0.000000e+000
         vertex 3.359377e+000 1.800890e+000 0.000000e+000
      endloop
   endfacet
   facet normal -8.486142e-001 5.290123e-001 0.000000e+000
      outer loop
         vertex 3.367861e+000 1.814420e+000 2.800000e+001
         vertex 3.359377e+000 1.800890e+000 0.000000e+000
         vertex 3.359377e+000 1.800890e+000 2.800000e+001
      endloop
   endfacet
   facet normal -8.541983e-001 5.199473e-001 0.000000e+000
      outer loop
         vertex 3.359377e+000 1.800890e+000 2.800000e+001
         vertex 3.359377e+000 1.800890e+000 0.000000e+000
         vertex 3.351109e+000 1.787227e+000 0.000000e+000
      endloop
   endfacet
   facet normal -8.569542e-001 5.153925e-001 0.000000e+000
      outer loop
         vertex 3.359377e+000 1.800890e+000 2.800000e+001
         vertex 3.351109e+000 1.787227e+000 0.000000e+000
         vertex 3.351109e+000 1.787227e+000 2.800000e+001
      endloop
   endfacet
   facet normal -8.623928e-001 5.062397e-001 0.000000e+000
      outer loop
         vertex 3.351109e+000 1.787227e+000 2.800000e+001
         vertex 3.351109e+000 1.787227e+000 0.000000e+000
         vertex 3.343061e+000 1.773432e+000 0.000000e+000
      endloop
   endfacet
   facet normal -8.650756e-001 5.016415e-001 0.000000e+000
      outer loop
         vertex 3.351109e+000 1.787227e+000 2.800000e+001
         vertex 3.343061e+000 1.773432e+000 0.000000e+000
         vertex 3.343061e+000 1.773432e+000 2.800000e+001
      endloop
   endfacet
   facet normal -8.703674e-001 4.924029e-001 0.000000e+000
      outer loop
         vertex 3.343061e+000 1.773432e+000 2.800000e+001
         vertex 3.343061e+000 1.773432e+000 0.000000e+000
         vertex 3.335234e+000 1.759511e+000 0.000000e+000
      endloop
   endfacet
   facet normal -8.729764e-001 4.877624e-001 0.000000e+000
      outer loop
         vertex 3.343061e+000 1.773432e+000 2.800000e+001
         vertex 3.335234e+000 1.759511e+000 0.000000e+000
         vertex 3.335234e+000 1.759511e+000 2.800000e+001
      endloop
   endfacet
   facet normal -8.781200e-001 4.784405e-001 0.000000e+000
      outer loop
         vertex 3.335234e+000 1.759511e+000 2.800000e+001
         vertex 3.335234e+000 1.759511e+000 0.000000e+000
         vertex 3.327631e+000 1.745467e+000 0.000000e+000
      endloop
   endfacet
   facet normal -8.806546e-001 4.737589e-001 0.000000e+000
      outer loop
         vertex 3.335234e+000 1.759511e+000 2.800000e+001
         vertex 3.327631e+000 1.745467e+000 0.000000e+000
         vertex 3.327631e+000 1.745467e+000 2.800000e+001
      endloop
   endfacet
   facet normal -8.856486e-001 4.643561e-001 0.000000e+000
      outer loop
         vertex 3.327631e+000 1.745467e+000 2.800000e+001
         vertex 3.327631e+000 1.745467e+000 0.000000e+000
         vertex 3.320253e+000 1.731304e+000 0.000000e+000
      endloop
   endfacet
   facet normal -8.881081e-001 4.596347e-001 0.000000e+000
      outer loop
         vertex 3.327631e+000 1.745467e+000 2.800000e+001
         vertex 3.320253e+000 1.731304e+000 0.000000e+000
         vertex 3.320253e+000 1.731304e+000 2.800000e+001
      endloop
   endfacet
   facet normal -8.929513e-001 4.501532e-001 0.000000e+000
      outer loop
         vertex 3.320253e+000 1.731304e+000 2.800000e+001
         vertex 3.320253e+000 1.731304e+000 0.000000e+000
         vertex 3.313102e+000 1.717024e+000 0.000000e+000
      endloop
   endfacet
   facet normal -8.953351e-001 4.453931e-001 0.000000e+000
      outer loop
         vertex 3.320253e+000 1.731304e+000 2.800000e+001
         vertex 3.313102e+000 1.717024e+000 0.000000e+000
         vertex 3.313102e+000 1.717024e+000 2.800000e+001
      endloop
   endfacet
   facet normal -9.000263e-001 4.358356e-001 0.000000e+000
      outer loop
         vertex 3.313102e+000 1.717024e+000 2.800000e+001
         vertex 3.313102e+000 1.717024e+000 0.000000e+000
         vertex 3.306180e+000 1.702632e+000 0.000000e+000
      endloop
   endfacet
   facet normal -9.023338e-001 4.310380e-001 0.000000e+000
      outer loop
         vertex 3.313102e+000 1.717024e+000 2.800000e+001
         vertex 3.306180e+000 1.702632e+000 0.000000e+000
         vertex 3.306180e+000 1.702632e+000 2.800000e+001
      endloop
   endfacet
   facet normal -9.068717e-001 4.214067e-001 0.000000e+000
      outer loop
         vertex 3.306180e+000 1.702632e+000 2.800000e+001
         vertex 3.306180e+000 1.702632e+000 0.000000e+000
         vertex 3.299488e+000 1.688131e+000 0.000000e+000
      endloop
   endfacet
   facet normal -9.091023e-001 4.165730e-001 0.000000e+000
      outer loop
         vertex 3.306180e+000 1.702632e+000 2.800000e+001
         vertex 3.299488e+000 1.688131e+000 0.000000e+000
         vertex 3.299488e+000 1.688131e+000 2.800000e+001
      endloop
   endfacet
   facet normal -9.134859e-001 4.068705e-001 0.000000e+000
      outer loop
         vertex 3.299488e+000 1.688131e+000 2.800000e+001
         vertex 3.299488e+000 1.688131e+000 0.000000e+000
         vertex 3.293029e+000 1.673525e+000 0.000000e+000
      endloop
   endfacet
   facet normal -9.156390e-001 4.020017e-001 0.000000e+000
      outer loop
         vertex 3.299488e+000 1.688131e+000 2.800000e+001
         vertex 3.293029e+000 1.673525e+000 0.000000e+000
         vertex 3.293029e+000 1.673525e+000 2.800000e+001
      endloop
   endfacet
   facet normal -9.198671e-001 3.922303e-001 0.000000e+000
      outer loop
         vertex 3.293029e+000 1.673525e+000 2.800000e+001
         vertex 3.293029e+000 1.673525e+000 0.000000e+000
         vertex 3.286804e+000 1.658818e+000 0.000000e+000
      endloop
   endfacet
   facet normal -9.219421e-001 3.873278e-001 0.000000e+000
      outer loop
         vertex 3.293029e+000 1.673525e+000 2.800000e+001
         vertex 3.286804e+000 1.658818e+000 0.000000e+000
         vertex 3.286804e+000 1.658818e+000 2.800000e+001
      endloop
   endfacet
   facet normal -9.260136e-001 3.774903e-001 0.000000e+000
      outer loop
         vertex 3.286804e+000 1.658818e+000 2.800000e+001
         vertex 3.286804e+000 1.658818e+000 0.000000e+000
         vertex 3.280815e+000 1.644013e+000 0.000000e+000
      endloop
   endfacet
   facet normal -9.280100e-001 3.725552e-001 0.000000e+000
      outer loop
         vertex 3.286804e+000 1.658818e+000 2.800000e+001
         vertex 3.280815e+000 1.644013e+000 0.000000e+000
         vertex 3.280815e+000 1.644013e+000 2.800000e+001
      endloop
   endfacet
   facet normal -9.319239e-001 3.626539e-001 0.000000e+000
      outer loop
         vertex 3.280815e+000 1.644013e+000 2.800000e+001
         vertex 3.280815e+000 1.644013e+000 0.000000e+000
         vertex 3.275063e+000 1.629114e+000 0.000000e+000
      endloop
   endfacet
   facet normal -9.338413e-001 3.576876e-001 0.000000e+000
      outer loop
         vertex 3.280815e+000 1.644013e+000 2.800000e+001
         vertex 3.275063e+000 1.629114e+000 0.000000e+000
         vertex 3.275063e+000 1.629114e+000 2.800000e+001
      endloop
   endfacet
   facet normal -9.375966e-001 3.477250e-001 0.000000e+000
      outer loop
         vertex 3.275063e+000 1.629114e+000 2.800000e+001
         vertex 3.275063e+000 1.629114e+000 0.000000e+000
         vertex 3.269549e+000 1.614126e+000 0.000000e+000
      endloop
   endfacet
   facet normal -9.394344e-001 3.427287e-001 0.000000e+000
      outer loop
         vertex 3.275063e+000 1.629114e+000 2.800000e+001
         vertex 3.269549e+000 1.614126e+000 0.000000e+000
         vertex 3.269549e+000 1.614126e+000 2.800000e+001
      endloop
   endfacet
   facet normal -9.430301e-001 3.327074e-001 0.000000e+000
      outer loop
         vertex 3.269549e+000 1.614126e+000 2.800000e+001
         vertex 3.269549e+000 1.614126e+000 0.000000e+000
         vertex 3.264276e+000 1.599051e+000 0.000000e+000
      endloop
   endfacet
   facet normal -9.447880e-001 3.276824e-001 0.000000e+000
      outer loop
         vertex 3.269549e+000 1.614126e+000 2.800000e+001
         vertex 3.264276e+000 1.599051e+000 0.000000e+000
         vertex 3.264276e+000 1.599051e+000 2.800000e+001
      endloop
   endfacet
   facet normal -9.482231e-001 3.176050e-001 0.000000e+000
      outer loop
         vertex 3.264276e+000 1.599051e+000 2.800000e+001
         vertex 3.264276e+000 1.599051e+000 0.000000e+000
         vertex 3.259244e+000 1.583894e+000 0.000000e+000
      endloop
   endfacet
   facet normal -9.499005e-001 3.125525e-001 0.000000e+000
      outer loop
         vertex 3.264276e+000 1.599051e+000 2.800000e+001
         vertex 3.259244e+000 1.583894e+000 0.000000e+000
         vertex 3.259244e+000 1.583894e+000 2.800000e+001
      endloop
   endfacet
   facet normal -9.531743e-001 3.024215e-001 0.000000e+000
      outer loop
         vertex 3.259244e+000 1.583894e+000 2.800000e+001
         vertex 3.259244e+000 1.583894e+000 0.000000e+000
         vertex 3.254455e+000 1.568659e+000 0.000000e+000
      endloop
   endfacet
   facet normal -9.547707e-001 2.973430e-001 0.000000e+000
      outer loop
         vertex 3.259244e+000 1.583894e+000 2.800000e+001
         vertex 3.254455e+000 1.568659e+000 0.000000e+000
         vertex 3.254455e+000 1.568659e+000 2.800000e+001
      endloop
   endfacet
   facet normal -9.578823e-001 2.871610e-001 0.000000e+000
      outer loop
         vertex 3.254455e+000 1.568659e+000 2.800000e+001
         vertex 3.254455e+000 1.568659e+000 0.000000e+000
         vertex 3.249910e+000 1.553349e+000 0.000000e+000
      endloop
   endfacet
   facet normal -9.593976e-001 2.820576e-001 0.000000e+000
      outer loop
         vertex 3.254455e+000 1.568659e+000 2.800000e+001
         vertex 3.249910e+000 1.553349e+000 0.000000e+000
         vertex 3.249910e+000 1.553349e+000 2.800000e+001
      endloop
   endfacet
   facet normal -9.623461e-001 2.718272e-001 0.000000e+000
      outer loop
         vertex 3.249910e+000 1.553349e+000 2.800000e+001
         vertex 3.249910e+000 1.553349e+000 0.000000e+000
         vertex 3.245609e+000 1.537969e+000 0.000000e+000
      endloop
   endfacet
   facet normal -9.637796e-001 2.667002e-001 0.000000e+000
      outer loop
         vertex 3.249910e+000 1.553349e+000 2.800000e+001
         vertex 3.245609e+000 1.537969e+000 0.000000e+000
         vertex 3.245609e+000 1.537969e+000 2.800000e+001
      endloop
   endfacet
   facet normal -9.665644e-001 2.564240e-001 0.000000e+000
      outer loop
         vertex 3.245609e+000 1.537969e+000 2.800000e+001
         vertex 3.245609e+000 1.537969e+000 0.000000e+000
         vertex 3.241555e+000 1.522522e+000 0.000000e+000
      endloop
   endfacet
   facet normal -9.679158e-001 2.512748e-001 0.000000e+000
      outer loop
         vertex 3.245609e+000 1.537969e+000 2.800000e+001
         vertex 3.241555e+000 1.522522e+000 0.000000e+000
         vertex 3.241555e+000 1.522522e+000 2.800000e+001
      endloop
   endfacet
   facet normal -9.705362e-001 2.409555e-001 0.000000e+000
      outer loop
         vertex 3.241555e+000 1.522522e+000 2.800000e+001
         vertex 3.241555e+000 1.522522e+000 0.000000e+000
         vertex 3.237749e+000 1.507012e+000 0.000000e+000
      endloop
   endfacet
   facet normal -9.718052e-001 2.357854e-001 0.000000e+000
      outer loop
         vertex 3.241555e+000 1.522522e+000 2.800000e+001
         vertex 3.237749e+000 1.507012e+000 0.000000e+000
         vertex 3.237749e+000 1.507012e+000 2.800000e+001
      endloop
   endfacet
   facet normal -9.742604e-001 2.254255e-001 0.000000e+000
      outer loop
         vertex 3.237749e+000 1.507012e+000 2.800000e+001
         vertex 3.237749e+000 1.507012e+000 0.000000e+000
         vertex 3.234190e+000 1.491443e+000 0.000000e+000
      endloop
   endfacet
   facet normal -9.754467e-001 2.202358e-001 0.000000e+000
      outer loop
         vertex 3.237749e+000 1.507012e+000 2.800000e+001
         vertex 3.234190e+000 1.491443e+000 0.000000e+000
         vertex 3.234190e+000 1.491443e+000 2.800000e+001
      endloop
   endfacet
   facet normal -9.777362e-001 2.098380e-001 0.000000e+000
      outer loop
         vertex 3.234190e+000 1.491443e+000 2.800000e+001
         vertex 3.234190e+000 1.491443e+000 0.000000e+000
         vertex 3.230880e+000 1.475819e+000 0.000000e+000
      endloop
   endfacet
   facet normal -9.788394e-001 2.046300e-001 0.000000e+000
      outer loop
         vertex 3.234190e+000 1.491443e+000 2.800000e+001
         vertex 3.230880e+000 1.475819e+000 0.000000e+000
         vertex 3.230880e+000 1.475819e+000 2.800000e+001
      endloop
   endfacet
   facet normal -9.809626e-001 1.941970e-001 0.000000e+000
      outer loop
         vertex 3.230880e+000 1.475819e+000 2.800000e+001
         vertex 3.230880e+000 1.475819e+000 0.000000e+000
         vertex 3.227821e+000 1.460145e+000 0.000000e+000
      endloop
   endfacet
   facet normal -9.819825e-001 1.889720e-001 0.000000e+000
      outer loop
         vertex 3.230880e+000 1.475819e+000 2.800000e+001
         vertex 3.227821e+000 1.460145e+000 0.000000e+000
         vertex 3.227821e+000 1.460145e+000 2.800000e+001
      endloop
   endfacet
   facet normal -9.839388e-001 1.785064e-001 0.000000e+000
      outer loop
         vertex 3.227821e+000 1.460145e+000 2.800000e+001
         vertex 3.227821e+000 1.460145e+000 0.000000e+000
         vertex 3.225012e+000 1.444424e+000 0.000000e+000
      endloop
   endfacet
   facet normal -9.848751e-001 1.732658e-001 0.000000e+000
      outer loop
         vertex 3.227821e+000 1.460145e+000 2.800000e+001
         vertex 3.225012e+000 1.444424e+000 0.000000e+000
         vertex 3.225012e+000 1.444424e+000 2.800000e+001
      endloop
   endfacet
   facet normal -9.866640e-001 1.627704e-001 0.000000e+000
      outer loop
         vertex 3.225012e+000 1.444424e+000 2.800000e+001
         vertex 3.225012e+000 1.444424e+000 0.000000e+000
         vertex 3.222454e+000 1.428659e+000 0.000000e+000
      endloop
   endfacet
   facet normal -9.875165e-001 1.575155e-001 0.000000e+000
      outer loop
         vertex 3.225012e+000 1.444424e+000 2.800000e+001
         vertex 3.222454e+000 1.428659e+000 0.000000e+000
         vertex 3.222454e+000 1.428659e+000 2.800000e+001
      endloop
   endfacet
   facet normal -9.891376e-001 1.469928e-001 0.000000e+000
      outer loop
         vertex 3.222454e+000 1.428659e+000 2.800000e+001
         vertex 3.222454e+000 1.428659e+000 0.000000e+000
         vertex 3.220149e+000 1.412856e+000 0.000000e+000
      endloop
   endfacet
   facet normal -9.899061e-001 1.417250e-001 0.000000e+000
      outer loop
         vertex 3.222454e+000 1.428659e+000 2.800000e+001
         vertex 3.220149e+000 1.412856e+000 0.000000e+000
         vertex 3.220149e+000 1.412856e+000 2.800000e+001
      endloop
   endfacet
   facet normal -9.913589e-001 1.311777e-001 0.000000e+000
      outer loop
         vertex 3.220149e+000 1.412856e+000 2.800000e+001
         vertex 3.220149e+000 1.412856e+000 0.000000e+000
         vertex 3.218096e+000 1.397019e+000 0.000000e+000
      endloop
   endfacet
   facet normal -9.920431e-001 1.258983e-001 0.000000e+000
      outer loop
         vertex 3.220149e+000 1.412856e+000 2.800000e+001
         vertex 3.218096e+000 1.397019e+000 0.000000e+000
         vertex 3.218096e+000 1.397019e+000 2.800000e+001
      endloop
   endfacet
   facet normal -9.933274e-001 1.153292e-001 0.000000e+000
      outer loop
         vertex 3.218096e+000 1.397019e+000 2.800000e+001
         vertex 3.218096e+000 1.397019e+000 0.000000e+000
         vertex 3.216296e+000 1.381150e+000 0.000000e+000
      endloop
   endfacet
   facet normal -9.939272e-001 1.100395e-001 0.000000e+000
      outer loop
         vertex 3.218096e+000 1.397019e+000 2.800000e+001
         vertex 3.216296e+000 1.381150e+000 0.000000e+000
         vertex 3.216296e+000 1.381150e+000 2.800000e+001
      endloop
   endfacet
   facet normal -9.950424e-001 9.945126e-002 0.000000e+000
      outer loop
         vertex 3.216296e+000 1.381150e+000 2.800000e+001
         vertex 3.216296e+000 1.381150e+000 0.000000e+000
         vertex 3.214750e+000 1.365255e+000 0.000000e+000
      endloop
   endfacet
   facet normal -9.955578e-001 9.415267e-002 0.000000e+000
      outer loop
         vertex 3.216296e+000 1.381150e+000 2.800000e+001
         vertex 3.214750e+000 1.365255e+000 0.000000e+000
         vertex 3.214750e+000 1.365255e+000 2.800000e+001
      endloop
   endfacet
   facet normal -9.965038e-001 8.354794e-002 0.000000e+000
      outer loop
         vertex 3.214750e+000 1.365255e+000 2.800000e+001
         vertex 3.214750e+000 1.365255e+000 0.000000e+000
         vertex 3.213458e+000 1.349337e+000 0.000000e+000
      endloop
   endfacet
   facet normal -9.969344e-001 7.824180e-002 0.000000e+000
      outer loop
         vertex 3.214750e+000 1.365255e+000 2.800000e+001
         vertex 3.213458e+000 1.349337e+000 0.000000e+000
         vertex 3.213458e+000 1.349337e+000 2.800000e+001
      endloop
   endfacet
   facet normal -9.977109e-001 6.762333e-002 0.000000e+000
      outer loop
         vertex 3.213458e+000 1.349337e+000 2.800000e+001
         vertex 3.213458e+000 1.349337e+000 0.000000e+000
         vertex 3.212421e+000 1.333400e+000 0.000000e+000
      endloop
   endfacet
   facet normal -9.980568e-001 6.231099e-002 0.000000e+000
      outer loop
         vertex 3.213458e+000 1.349337e+000 2.800000e+001
         vertex 3.212421e+000 1.333400e+000 0.000000e+000
         vertex 3.212421e+000 1.333400e+000 2.800000e+001
      endloop
   endfacet
   facet normal -9.986636e-001 5.168146e-002 0.000000e+000
      outer loop
         vertex 3.212421e+000 1.333400e+000 2.800000e+001
         vertex 3.212421e+000 1.333400e+000 0.000000e+000
         vertex 3.211638e+000 1.317449e+000 0.000000e+000
      endloop
   endfacet
   facet normal -9.989246e-001 4.636427e-002 0.000000e+000
      outer loop
         vertex 3.212421e+000 1.333400e+000 2.800000e+001
         vertex 3.211638e+000 1.317449e+000 0.000000e+000
         vertex 3.211638e+000 1.317449e+000 2.800000e+001
      endloop
   endfacet
   facet normal -9.993616e-001 3.572641e-002 0.000000e+000
      outer loop
         vertex 3.211638e+000 1.317449e+000 2.800000e+001
         vertex 3.211638e+000 1.317449e+000 0.000000e+000
         vertex 3.211110e+000 1.301487e+000 0.000000e+000
      endloop
   endfacet
   facet normal -9.995376e-001 3.040574e-002 0.000000e+000
      outer loop
         vertex 3.211638e+000 1.317449e+000 2.800000e+001
         vertex 3.211110e+000 1.301487e+000 0.000000e+000
         vertex 3.211110e+000 1.301487e+000 2.800000e+001
      endloop
   endfacet
   facet normal -9.998047e-001 1.976225e-002 0.000000e+000
      outer loop
         vertex 3.211110e+000 1.301487e+000 2.800000e+001
         vertex 3.211110e+000 1.301487e+000 0.000000e+000
         vertex 3.210837e+000 1.285519e+000 0.000000e+000
      endloop
   endfacet
   facet normal -9.998958e-001 1.443944e-002 0.000000e+000
      outer loop
         vertex 3.211110e+000 1.301487e+000 2.800000e+001
         vertex 3.210837e+000 1.285519e+000 0.000000e+000
         vertex 3.210837e+000 1.285519e+000 2.800000e+001
      endloop
   endfacet
   facet normal -9.999928e-001 3.793052e-003 0.000000e+000
      outer loop
         vertex 3.210837e+000 1.285519e+000 2.800000e+001
         vertex 3.210837e+000 1.285519e+000 0.000000e+000
         vertex 3.210819e+000 1.269549e+000 0.000000e+000
      endloop
   endfacet
   facet normal -9.999989e-001 -1.530532e-003 0.000000e+000
      outer loop
         vertex 3.210837e+000 1.285519e+000 2.800000e+001
         vertex 3.210819e+000 1.269549e+000 0.000000e+000
         vertex 3.210819e+000 1.269549e+000 2.800000e+001
      endloop
   endfacet
   facet normal -9.999259e-001 -1.217712e-002 0.000000e+000
      outer loop
         vertex 3.210819e+000 1.269549e+000 2.800000e+001
         vertex 3.210819e+000 1.269549e+000 0.000000e+000
         vertex 3.211056e+000 1.253581e+000 0.000000e+000
      endloop
   endfacet
   facet normal -9.998469e-001 -1.750012e-002 0.000000e+000
      outer loop
         vertex 3.210819e+000 1.269549e+000 2.800000e+001
         vertex 3.211056e+000 1.253581e+000 0.000000e+000
         vertex 3.211056e+000 1.253581e+000 2.800000e+001
      endloop
   endfacet
   facet normal -9.996039e-001 -2.814418e-002 0.000000e+000
      outer loop
         vertex 3.211056e+000 1.253581e+000 2.800000e+001
         vertex 3.211056e+000 1.253581e+000 0.000000e+000
         vertex 3.211547e+000 1.237618e+000 0.000000e+000
      endloop
   endfacet
   facet normal -9.994399e-001 -3.346524e-002 0.000000e+000
      outer loop
         vertex 3.211056e+000 1.253581e+000 2.800000e+001
         vertex 3.211547e+000 1.237618e+000 0.000000e+000
         vertex 3.211547e+000 1.237618e+000 2.800000e+001
      endloop
   endfacet
   facet normal -9.990270e-001 -4.410406e-002 0.000000e+000
      outer loop
         vertex 3.211547e+000 1.237618e+000 2.800000e+001
         vertex 3.211547e+000 1.237618e+000 0.000000e+000
         vertex 3.212294e+000 1.221665e+000 0.000000e+000
      endloop
   endfacet
   facet normal -9.987780e-001 -4.942183e-002 0.000000e+000
      outer loop
         vertex 3.211547e+000 1.237618e+000 2.800000e+001
         vertex 3.212294e+000 1.221665e+000 0.000000e+000
         vertex 3.212294e+000 1.221665e+000 2.800000e+001
      endloop
   endfacet
   facet normal -9.981952e-001 -6.005269e-002 0.000000e+000
      outer loop
         vertex 3.212294e+000 1.221665e+000 2.800000e+001
         vertex 3.212294e+000 1.221665e+000 0.000000e+000
         vertex 3.213296e+000 1.205726e+000 0.000000e+000
      endloop
   endfacet
   facet normal -9.978614e-001 -6.536581e-002 0.000000e+000
      outer loop
         vertex 3.212294e+000 1.221665e+000 2.800000e+001
         vertex 3.213296e+000 1.205726e+000 0.000000e+000
         vertex 3.213296e+000 1.205726e+000 2.800000e+001
      endloop
   endfacet
   facet normal -9.971089e-001 -7.598601e-002 0.000000e+000
      outer loop
         vertex 3.213296e+000 1.205726e+000 2.800000e+001
         vertex 3.213296e+000 1.205726e+000 0.000000e+000
         vertex 3.214552e+000 1.189805e+000 0.000000e+000
      endloop
   endfacet
   facet normal -9.966902e-001 -8.129312e-002 0.000000e+000
      outer loop
         vertex 3.213296e+000 1.205726e+000 2.800000e+001
         vertex 3.214552e+000 1.189805e+000 0.000000e+000
         vertex 3.214552e+000 1.189805e+000 2.800000e+001
      endloop
   endfacet
   facet normal -9.957682e-001 -9.189995e-002 0.000000e+000
      outer loop
         vertex 3.214552e+000 1.189805e+000 2.800000e+001
         vertex 3.214552e+000 1.189805e+000 0.000000e+000
         vertex 3.216062e+000 1.173907e+000 0.000000e+000
      endloop
   endfacet
   facet normal -9.952649e-001 -9.719969e-002 0.000000e+000
      outer loop
         vertex 3.214552e+000 1.189805e+000 2.800000e+001
         vertex 3.216062e+000 1.173907e+000 0.000000e+000
         vertex 3.216062e+000 1.173907e+000 2.800000e+001
      endloop
   endfacet
   facet normal -9.941736e-001 -1.077905e-001 0.000000e+000
      outer loop
         vertex 3.216062e+000 1.173907e+000 2.800000e+001
         vertex 3.216062e+000 1.173907e+000 0.000000e+000
         vertex 3.217825e+000 1.158034e+000 0.000000e+000
      endloop
   endfacet
   facet normal -9.935858e-001 -1.130815e-001 0.000000e+000
      outer loop
         vertex 3.216062e+000 1.173907e+000 2.800000e+001
         vertex 3.217825e+000 1.158034e+000 0.000000e+000
         vertex 3.217825e+000 1.158034e+000 2.800000e+001
      endloop
   endfacet
   facet normal -9.923255e-001 -1.236535e-001 0.000000e+000
      outer loop
         vertex 3.217825e+000 1.158034e+000 2.800000e+001
         vertex 3.217825e+000 1.158034e+000 0.000000e+000
         vertex 3.219842e+000 1.142192e+000 0.000000e+000
      endloop
   endfacet
   facet normal -9.916531e-001 -1.289344e-001 0.000000e+000
      outer loop
         vertex 3.217825e+000 1.158034e+000 2.800000e+001
         vertex 3.219842e+000 1.142192e+000 0.000000e+000
         vertex 3.219842e+000 1.142192e+000 2.800000e+001
      endloop
   endfacet
   facet normal -9.902242e-001 -1.394849e-001 0.000000e+000
      outer loop
         vertex 3.219842e+000 1.142192e+000 2.800000e+001
         vertex 3.219842e+000 1.142192e+000 0.000000e+000
         vertex 3.222112e+000 1.126383e+000 0.000000e+000
      endloop
   endfacet
   facet normal -9.894676e-001 -1.447545e-001 0.000000e+000
      outer loop
         vertex 3.219842e+000 1.142192e+000 2.800000e+001
         vertex 3.222112e+000 1.126383e+000 0.000000e+000
         vertex 3.222112e+000 1.126383e+000 2.800000e+001
      endloop
   endfacet
   facet normal -9.878703e-001 -1.552808e-001 0.000000e+000
      outer loop
         vertex 3.222112e+000 1.126383e+000 2.800000e+001
         vertex 3.222112e+000 1.126383e+000 0.000000e+000
         vertex 3.224634e+000 1.110613e+000 0.000000e+000
      endloop
   endfacet
   facet normal -9.870297e-001 -1.605376e-001 0.000000e+000
      outer loop
         vertex 3.222112e+000 1.126383e+000 2.800000e+001
         vertex 3.224634e+000 1.110613e+000 0.000000e+000
         vertex 3.224634e+000 1.110613e+000 2.800000e+001
      endloop
   endfacet
   facet normal -9.852646e-001 -1.710371e-001 0.000000e+000
      outer loop
         vertex 3.224634e+000 1.110613e+000 2.800000e+001
         vertex 3.224634e+000 1.110613e+000 0.000000e+000
         vertex 3.227407e+000 1.094886e+000 0.000000e+000
      endloop
   endfacet
   facet normal -9.843401e-001 -1.762798e-001 0.000000e+000
      outer loop
         vertex 3.224634e+000 1.110613e+000 2.800000e+001
         vertex 3.227407e+000 1.094886e+000 0.000000e+000
         vertex 3.227407e+000 1.094886e+000 2.800000e+001
      endloop
   endfacet
   facet normal -9.824076e-001 -1.867498e-001 0.000000e+000
      outer loop
         vertex 3.227407e+000 1.094886e+000 2.800000e+001
         vertex 3.227407e+000 1.094886e+000 0.000000e+000
         vertex 3.230432e+000 1.079204e+000 0.000000e+000
      endloop
   endfacet
   facet normal -9.813994e-001 -1.919770e-001 0.000000e+000
      outer loop
         vertex 3.227407e+000 1.094886e+000 2.800000e+001
         vertex 3.230432e+000 1.079204e+000 0.000000e+000
         vertex 3.230432e+000 1.079204e+000 2.800000e+001
      endloop
   endfacet
   facet normal -9.792999e-001 -2.024148e-001 0.000000e+000
      outer loop
         vertex 3.230432e+000 1.079204e+000 2.800000e+001
         vertex 3.230432e+000 1.079204e+000 0.000000e+000
         vertex 3.233706e+000 1.063573e+000 0.000000e+000
      endloop
   endfacet
   facet normal -9.782085e-001 -2.076253e-001 0.000000e+000
      outer loop
         vertex 3.230432e+000 1.079204e+000 2.800000e+001
         vertex 3.233706e+000 1.063573e+000 0.000000e+000
         vertex 3.233706e+000 1.063573e+000 2.800000e+001
      endloop
   endfacet
   facet normal -9.759425e-001 -2.180282e-001 0.000000e+000
      outer loop
         vertex 3.233706e+000 1.063573e+000 2.800000e+001
         vertex 3.233706e+000 1.063573e+000 0.000000e+000
         vertex 3.237229e+000 1.047997e+000 0.000000e+000
      endloop
   endfacet
   facet normal -9.747679e-001 -2.232206e-001 0.000000e+000
      outer loop
         vertex 3.233706e+000 1.063573e+000 2.800000e+001
         vertex 3.237229e+000 1.047997e+000 0.000000e+000
         vertex 3.237229e+000 1.047997e+000 2.800000e+001
      endloop
   endfacet
   facet normal -9.723362e-001 -2.335860e-001 0.000000e+000
      outer loop
         vertex 3.237229e+000 1.047997e+000 2.800000e+001
         vertex 3.237229e+000 1.047997e+000 0.000000e+000
         vertex 3.241001e+000 1.032478e+000 0.000000e+000
      endloop
   endfacet
   facet normal -9.710788e-001 -2.387590e-001 0.000000e+000
      outer loop
         vertex 3.237229e+000 1.047997e+000 2.800000e+001
         vertex 3.241001e+000 1.032478e+000 0.000000e+000
         vertex 3.241001e+000 1.032478e+000 2.800000e+001
      endloop
   endfacet
   facet normal -9.684818e-001 -2.490842e-001 0.000000e+000
      outer loop
         vertex 3.241001e+000 1.032478e+000 2.800000e+001
         vertex 3.241001e+000 1.032478e+000 0.000000e+000
         vertex 3.245020e+000 1.017022e+000 0.000000e+000
      endloop
   endfacet
   facet normal -9.671420e-001 -2.542365e-001 0.000000e+000
      outer loop
         vertex 3.241001e+000 1.032478e+000 2.800000e+001
         vertex 3.245020e+000 1.017022e+000 0.000000e+000
         vertex 3.245020e+000 1.017022e+000 2.800000e+001
      endloop
   endfacet
   facet normal -9.643805e-001 -2.645189e-001 0.000000e+000
      outer loop
         vertex 3.245020e+000 1.017022e+000 2.800000e+001
         vertex 3.245020e+000 1.017022e+000 0.000000e+000
         vertex 3.249285e+000 1.001632e+000 0.000000e+000
      endloop
   endfacet
   facet normal -9.629586e-001 -2.696491e-001 0.000000e+000
      outer loop
         vertex 3.245020e+000 1.017022e+000 2.800000e+001
         vertex 3.249285e+000 1.001632e+000 0.000000e+000
         vertex 3.249285e+000 1.001632e+000 2.800000e+001
      endloop
   endfacet
   facet normal -9.600332e-001 -2.798862e-001 0.000000e+000
      outer loop
         vertex 3.249285e+000 1.001632e+000 2.800000e+001
         vertex 3.249285e+000 1.001632e+000 0.000000e+000
         vertex 3.253796e+000 9.863115e-001 0.000000e+000
      endloop
   endfacet
   facet normal -9.585296e-001 -2.849930e-001 0.000000e+000
      outer loop
         vertex 3.249285e+000 1.001632e+000 2.800000e+001
         vertex 3.253796e+000 9.863115e-001 0.000000e+000
         vertex 3.253796e+000 9.863115e-001 2.800000e+001
      endloop
   endfacet
   facet normal 9.585296e-001 -2.849930e-001 0.000000e+000
      outer loop
         vertex -3.253796e+000 9.863115e-001 2.800000e+001
         vertex -3.253796e+000 9.863115e-001 0.000000e+000
         vertex -3.249285e+000 1.001632e+000 0.000000e+000
      endloop
   endfacet
   facet normal 9.600332e-001 -2.798862e-001 0.000000e+000
      outer loop
         vertex -3.253796e+000 9.863115e-001 2.800000e+001
         vertex -3.249285e+000 1.001632e+000 0.000000e+000
         vertex -3.249285e+000 1.001632e+000 2.800000e+001
      endloop
   endfacet
   facet normal 9.629586e-001 -2.696491e-001 0.000000e+000
      outer loop
         vertex -3.249285e+000 1.001632e+000 2.800000e+001
         vertex -3.249285e+000 1.001632e+000 0.000000e+000
         vertex -3.245020e+000 1.017022e+000 0.000000e+000
      endloop
   endfacet
   facet normal 9.643805e-001 -2.645189e-001 0.000000e+000
      outer loop
         vertex -3.249285e+000 1.001632e+000 2.800000e+001
         vertex -3.245020e+000 1.017022e+000 0.000000e+000
         vertex -3.245020e+000 1.017022e+000 2.800000e+001
      endloop
   endfacet
   facet normal 9.671420e-001 -2.542365e-001 0.000000e+000
      outer loop
         vertex -3.245020e+000 1.017022e+000 2.800000e+001
         vertex -3.245020e+000 1.017022e+000 0.000000e+000
         vertex -3.241001e+000 1.032478e+000 0.000000e+000
      endloop
   endfacet
   facet normal 9.684818e-001 -2.490842e-001 0.000000e+000
      outer loop
         vertex -3.245020e+000 1.017022e+000 2.800000e+001
         vertex -3.241001e+000 1.032478e+000 0.000000e+000
         vertex -3.241001e+000 1.032478e+000 2.800000e+001
      endloop
   endfacet
   facet normal 9.710788e-001 -2.387590e-001 0.000000e+000
      outer loop
         vertex -3.241001e+000 1.032478e+000 2.800000e+001
         vertex -3.241001e+000 1.032478e+000 0.000000e+000
         vertex -3.237229e+000 1.047997e+000 0.000000e+000
      endloop
   endfacet
   facet normal 9.723362e-001 -2.335860e-001 0.000000e+000
      outer loop
         vertex -3.241001e+000 1.032478e+000 2.800000e+001
         vertex -3.237229e+000 1.047997e+000 0.000000e+000
         vertex -3.237229e+000 1.047997e+000 2.800000e+001
      endloop
   endfacet
   facet normal 9.747679e-001 -2.232206e-001 0.000000e+000
      outer loop
         vertex -3.237229e+000 1.047997e+000 2.800000e+001
         vertex -3.237229e+000 1.047997e+000 0.000000e+000
         vertex -3.233706e+000 1.063573e+000 0.000000e+000
      endloop
   endfacet
   facet normal 9.759425e-001 -2.180282e-001 0.000000e+000
      outer loop
         vertex -3.237229e+000 1.047997e+000 2.800000e+001
         vertex -3.233706e+000 1.063573e+000 0.000000e+000
         vertex -3.233706e+000 1.063573e+000 2.800000e+001
      endloop
   endfacet
   facet normal 9.782085e-001 -2.076253e-001 0.000000e+000
      outer loop
         vertex -3.233706e+000 1.063573e+000 2.800000e+001
         vertex -3.233706e+000 1.063573e+000 0.000000e+000
         vertex -3.230432e+000 1.079204e+000 0.000000e+000
      endloop
   endfacet
   facet normal 9.792999e-001 -2.024148e-001 0.000000e+000
      outer loop
         vertex -3.233706e+000 1.063573e+000 2.800000e+001
         vertex -3.230432e+000 1.079204e+000 0.000000e+000
         vertex -3.230432e+000 1.079204e+000 2.800000e+001
      endloop
   endfacet
   facet normal 9.813994e-001 -1.919770e-001 0.000000e+000
      outer loop
         vertex -3.230432e+000 1.079204e+000 2.800000e+001
         vertex -3.230432e+000 1.079204e+000 0.000000e+000
         vertex -3.227407e+000 1.094886e+000 0.000000e+000
      endloop
   endfacet
   facet normal 9.824076e-001 -1.867498e-001 0.000000e+000
      outer loop
         vertex -3.230432e+000 1.079204e+000 2.800000e+001
         vertex -3.227407e+000 1.094886e+000 0.000000e+000
         vertex -3.227407e+000 1.094886e+000 2.800000e+001
      endloop
   endfacet
   facet normal 9.843401e-001 -1.762798e-001 0.000000e+000
      outer loop
         vertex -3.227407e+000 1.094886e+000 2.800000e+001
         vertex -3.227407e+000 1.094886e+000 0.000000e+000
         vertex -3.224634e+000 1.110613e+000 0.000000e+000
      endloop
   endfacet
   facet normal 9.852646e-001 -1.710371e-001 0.000000e+000
      outer loop
         vertex -3.227407e+000 1.094886e+000 2.800000e+001
         vertex -3.224634e+000 1.110613e+000 0.000000e+000
         vertex -3.224634e+000 1.110613e+000 2.800000e+001
      endloop
   endfacet
   facet normal 9.870297e-001 -1.605376e-001 0.000000e+000
      outer loop
         vertex -3.224634e+000 1.110613e+000 2.800000e+001
         vertex -3.224634e+000 1.110613e+000 0.000000e+000
         vertex -3.222112e+000 1.126383e+000 0.000000e+000
      endloop
   endfacet
   facet normal 9.878703e-001 -1.552808e-001 0.000000e+000
      outer loop
         vertex -3.224634e+000 1.110613e+000 2.800000e+001
         vertex -3.222112e+000 1.126383e+000 0.000000e+000
         vertex -3.222112e+000 1.126383e+000 2.800000e+001
      endloop
   endfacet
   facet normal 9.894676e-001 -1.447545e-001 0.000000e+000
      outer loop
         vertex -3.222112e+000 1.126383e+000 2.800000e+001
         vertex -3.222112e+000 1.126383e+000 0.000000e+000
         vertex -3.219842e+000 1.142192e+000 0.000000e+000
      endloop
   endfacet
   facet normal 9.902242e-001 -1.394849e-001 0.000000e+000
      outer loop
         vertex -3.222112e+000 1.126383e+000 2.800000e+001
         vertex -3.219842e+000 1.142192e+000 0.000000e+000
         vertex -3.219842e+000 1.142192e+000 2.800000e+001
      endloop
   endfacet
   facet normal 9.916531e-001 -1.289344e-001 0.000000e+000
      outer loop
         vertex -3.219842e+000 1.142192e+000 2.800000e+001
         vertex -3.219842e+000 1.142192e+000 0.000000e+000
         vertex -3.217825e+000 1.158034e+000 0.000000e+000
      endloop
   endfacet
   facet normal 9.923255e-001 -1.236535e-001 0.000000e+000
      outer loop
         vertex -3.219842e+000 1.142192e+000 2.800000e+001
         vertex -3.217825e+000 1.158034e+000 0.000000e+000
         vertex -3.217825e+000 1.158034e+000 2.800000e+001
      endloop
   endfacet
   facet normal 9.935858e-001 -1.130815e-001 0.000000e+000
      outer loop
         vertex -3.217825e+000 1.158034e+000 2.800000e+001
         vertex -3.217825e+000 1.158034e+000 0.000000e+000
         vertex -3.216062e+000 1.173907e+000 0.000000e+000
      endloop
   endfacet
   facet normal 9.941736e-001 -1.077905e-001 0.000000e+000
      outer loop
         vertex -3.217825e+000 1.158034e+000 2.800000e+001
         vertex -3.216062e+000 1.173907e+000 0.000000e+000
         vertex -3.216062e+000 1.173907e+000 2.800000e+001
      endloop
   endfacet
   facet normal 9.952649e-001 -9.719969e-002 0.000000e+000
      outer loop
         vertex -3.216062e+000 1.173907e+000 2.800000e+001
         vertex -3.216062e+000 1.173907e+000 0.000000e+000
         vertex -3.214552e+000 1.189805e+000 0.000000e+000
      endloop
   endfacet
   facet normal 9.957682e-001 -9.189995e-002 0.000000e+000
      outer loop
         vertex -3.216062e+000 1.173907e+000 2.800000e+001
         vertex -3.214552e+000 1.189805e+000 0.000000e+000
         vertex -3.214552e+000 1.189805e+000 2.800000e+001
      endloop
   endfacet
   facet normal 9.966902e-001 -8.129312e-002 0.000000e+000
      outer loop
         vertex -3.214552e+000 1.189805e+000 2.800000e+001
         vertex -3.214552e+000 1.189805e+000 0.000000e+000
         vertex -3.213296e+000 1.205726e+000 0.000000e+000
      endloop
   endfacet
   facet normal 9.971089e-001 -7.598601e-002 0.000000e+000
      outer loop
         vertex -3.214552e+000 1.189805e+000 2.800000e+001
         vertex -3.213296e+000 1.205726e+000 0.000000e+000
         vertex -3.213296e+000 1.205726e+000 2.800000e+001
      endloop
   endfacet
   facet normal 9.978614e-001 -6.536581e-002 0.000000e+000
      outer loop
         vertex -3.213296e+000 1.205726e+000 2.800000e+001
         vertex -3.213296e+000 1.205726e+000 0.000000e+000
         vertex -3.212294e+000 1.221665e+000 0.000000e+000
      endloop
   endfacet
   facet normal 9.981952e-001 -6.005269e-002 0.000000e+000
      outer loop
         vertex -3.213296e+000 1.205726e+000 2.800000e+001
         vertex -3.212294e+000 1.221665e+000 0.000000e+000
         vertex -3.212294e+000 1.221665e+000 2.800000e+001
      endloop
   endfacet
   facet normal 9.987780e-001 -4.942183e-002 0.000000e+000
      outer loop
         vertex -3.212294e+000 1.221665e+000 2.800000e+001
         vertex -3.212294e+000 1.221665e+000 0.000000e+000
         vertex -3.211547e+000 1.237618e+000 0.000000e+000
      endloop
   endfacet
   facet normal 9.990270e-001 -4.410406e-002 0.000000e+000
      outer loop
         vertex -3.212294e+000 1.221665e+000 2.800000e+001
         vertex -3.211547e+000 1.237618e+000 0.000000e+000
         vertex -3.211547e+000 1.237618e+000 2.800000e+001
      endloop
   endfacet
   facet normal 9.994399e-001 -3.346524e-002 0.000000e+000
      outer loop
         vertex -3.211547e+000 1.237618e+000 2.800000e+001
         vertex -3.211547e+000 1.237618e+000 0.000000e+000
         vertex -3.211056e+000 1.253581e+000 0.000000e+000
      endloop
   endfacet
   facet normal 9.996039e-001 -2.814418e-002 0.000000e+000
      outer loop
         vertex -3.211547e+000 1.237618e+000 2.800000e+001
         vertex -3.211056e+000 1.253581e+000 0.000000e+000
         vertex -3.211056e+000 1.253581e+000 2.800000e+001
      endloop
   endfacet
   facet normal 9.998469e-001 -1.750012e-002 0.000000e+000
      outer loop
         vertex -3.211056e+000 1.253581e+000 2.800000e+001
         vertex -3.211056e+000 1.253581e+000 0.000000e+000
         vertex -3.210819e+000 1.269549e+000 0.000000e+000
      endloop
   endfacet
   facet normal 9.999259e-001 -1.217712e-002 0.000000e+000
      outer loop
         vertex -3.211056e+000 1.253581e+000 2.800000e+001
         vertex -3.210819e+000 1.269549e+000 0.000000e+000
         vertex -3.210819e+000 1.269549e+000 2.800000e+001
      endloop
   endfacet
   facet normal 9.999989e-001 -1.530532e-003 0.000000e+000
      outer loop
         vertex -3.210819e+000 1.269549e+000 2.800000e+001
         vertex -3.210819e+000 1.269549e+000 0.000000e+000
         vertex -3.210837e+000 1.285519e+000 0.000000e+000
      endloop
   endfacet
   facet normal 9.999928e-001 3.793052e-003 0.000000e+000
      outer loop
         vertex -3.210819e+000 1.269549e+000 2.800000e+001
         vertex -3.210837e+000 1.285519e+000 0.000000e+000
         vertex -3.210837e+000 1.285519e+000 2.800000e+001
      endloop
   endfacet
   facet normal 9.998958e-001 1.443944e-002 0.000000e+000
      outer loop
         vertex -3.210837e+000 1.285519e+000 2.800000e+001
         vertex -3.210837e+000 1.285519e+000 0.000000e+000
         vertex -3.211110e+000 1.301487e+000 0.000000e+000
      endloop
   endfacet
   facet normal 9.998047e-001 1.976225e-002 0.000000e+000
      outer loop
         vertex -3.210837e+000 1.285519e+000 2.800000e+001
         vertex -3.211110e+000 1.301487e+000 0.000000e+000
         vertex -3.211110e+000 1.301487e+000 2.800000e+001
      endloop
   endfacet
   facet normal 9.995376e-001 3.040574e-002 0.000000e+000
      outer loop
         vertex -3.211110e+000 1.301487e+000 2.800000e+001
         vertex -3.211110e+000 1.301487e+000 0.000000e+000
         vertex -3.211638e+000 1.317449e+000 0.000000e+000
      endloop
   endfacet
   facet normal 9.993616e-001 3.572641e-002 0.000000e+000
      outer loop
         vertex -3.211110e+000 1.301487e+000 2.800000e+001
         vertex -3.211638e+000 1.317449e+000 0.000000e+000
         vertex -3.211638e+000 1.317449e+000 2.800000e+001
      endloop
   endfacet
   facet normal 9.989246e-001 4.636427e-002 0.000000e+000
      outer loop
         vertex -3.211638e+000 1.317449e+000 2.800000e+001
         vertex -3.211638e+000 1.317449e+000 0.000000e+000
         vertex -3.212421e+000 1.333400e+000 0.000000e+000
      endloop
   endfacet
   facet normal 9.986636e-001 5.168146e-002 0.000000e+000
      outer loop
         vertex -3.211638e+000 1.317449e+000 2.800000e+001
         vertex -3.212421e+000 1.333400e+000 0.000000e+000
         vertex -3.212421e+000 1.333400e+000 2.800000e+001
      endloop
   endfacet
   facet normal 9.980568e-001 6.231099e-002 0.000000e+000
      outer loop
         vertex -3.212421e+000 1.333400e+000 2.800000e+001
         vertex -3.212421e+000 1.333400e+000 0.000000e+000
         vertex -3.213458e+000 1.349337e+000 0.000000e+000
      endloop
   endfacet
   facet normal 9.977109e-001 6.762333e-002 0.000000e+000
      outer loop
         vertex -3.212421e+000 1.333400e+000 2.800000e+001
         vertex -3.213458e+000 1.349337e+000 0.000000e+000
         vertex -3.213458e+000 1.349337e+000 2.800000e+001
      endloop
   endfacet
   facet normal 9.969344e-001 7.824181e-002 0.000000e+000
      outer loop
         vertex -3.213458e+000 1.349337e+000 2.800000e+001
         vertex -3.213458e+000 1.349337e+000 0.000000e+000
         vertex -3.214750e+000 1.365255e+000 0.000000e+000
      endloop
   endfacet
   facet normal 9.965038e-001 8.354794e-002 0.000000e+000
      outer loop
         vertex -3.213458e+000 1.349337e+000 2.800000e+001
         vertex -3.214750e+000 1.365255e+000 0.000000e+000
         vertex -3.214750e+000 1.365255e+000 2.800000e+001
      endloop
   endfacet
   facet normal 9.955578e-001 9.415267e-002 0.000000e+000
      outer loop
         vertex -3.214750e+000 1.365255e+000 2.800000e+001
         vertex -3.214750e+000 1.365255e+000 0.000000e+000
         vertex -3.216296e+000 1.381150e+000 0.000000e+000
      endloop
   endfacet
   facet normal 9.950424e-001 9.945125e-002 0.000000e+000
      outer loop
         vertex -3.214750e+000 1.365255e+000 2.800000e+001
         vertex -3.216296e+000 1.381150e+000 0.000000e+000
         vertex -3.216296e+000 1.381150e+000 2.800000e+001
      endloop
   endfacet
   facet normal 9.939272e-001 1.100395e-001 0.000000e+000
      outer loop
         vertex -3.216296e+000 1.381150e+000 2.800000e+001
         vertex -3.216296e+000 1.381150e+000 0.000000e+000
         vertex -3.218096e+000 1.397019e+000 0.000000e+000
      endloop
   endfacet
   facet normal 9.933274e-001 1.153292e-001 0.000000e+000
      outer loop
         vertex -3.216296e+000 1.381150e+000 2.800000e+001
         vertex -3.218096e+000 1.397019e+000 0.000000e+000
         vertex -3.218096e+000 1.397019e+000 2.800000e+001
      endloop
   endfacet
   facet normal 9.920431e-001 1.258983e-001 0.000000e+000
      outer loop
         vertex -3.218096e+000 1.397019e+000 2.800000e+001
         vertex -3.218096e+000 1.397019e+000 0.000000e+000
         vertex -3.220149e+000 1.412856e+000 0.000000e+000
      endloop
   endfacet
   facet normal 9.913589e-001 1.311777e-001 0.000000e+000
      outer loop
         vertex -3.218096e+000 1.397019e+000 2.800000e+001
         vertex -3.220149e+000 1.412856e+000 0.000000e+000
         vertex -3.220149e+000 1.412856e+000 2.800000e+001
      endloop
   endfacet
   facet normal 9.899061e-001 1.417250e-001 0.000000e+000
      outer loop
         vertex -3.220149e+000 1.412856e+000 2.800000e+001
         vertex -3.220149e+000 1.412856e+000 0.000000e+000
         vertex -3.222454e+000 1.428659e+000 0.000000e+000
      endloop
   endfacet
   facet normal 9.891376e-001 1.469928e-001 0.000000e+000
      outer loop
         vertex -3.220149e+000 1.412856e+000 2.800000e+001
         vertex -3.222454e+000 1.428659e+000 0.000000e+000
         vertex -3.222454e+000 1.428659e+000 2.800000e+001
      endloop
   endfacet
   facet normal 9.875165e-001 1.575155e-001 0.000000e+000
      outer loop
         vertex -3.222454e+000 1.428659e+000 2.800000e+001
         vertex -3.222454e+000 1.428659e+000 0.000000e+000
         vertex -3.225012e+000 1.444424e+000 0.000000e+000
      endloop
   endfacet
   facet normal 9.866640e-001 1.627704e-001 0.000000e+000
      outer loop
         vertex -3.222454e+000 1.428659e+000 2.800000e+001
         vertex -3.225012e+000 1.444424e+000 0.000000e+000
         vertex -3.225012e+000 1.444424e+000 2.800000e+001
      endloop
   endfacet
   facet normal 9.848751e-001 1.732658e-001 0.000000e+000
      outer loop
         vertex -3.225012e+000 1.444424e+000 2.800000e+001
         vertex -3.225012e+000 1.444424e+000 0.000000e+000
         vertex -3.227821e+000 1.460145e+000 0.000000e+000
      endloop
   endfacet
   facet normal 9.839388e-001 1.785065e-001 0.000000e+000
      outer loop
         vertex -3.225012e+000 1.444424e+000 2.800000e+001
         vertex -3.227821e+000 1.460145e+000 0.000000e+000
         vertex -3.227821e+000 1.460145e+000 2.800000e+001
      endloop
   endfacet
   facet normal 9.819825e-001 1.889720e-001 0.000000e+000
      outer loop
         vertex -3.227821e+000 1.460145e+000 2.800000e+001
         vertex -3.227821e+000 1.460145e+000 0.000000e+000
         vertex -3.230880e+000 1.475819e+000 0.000000e+000
      endloop
   endfacet
   facet normal 9.809626e-001 1.941970e-001 0.000000e+000
      outer loop
         vertex -3.227821e+000 1.460145e+000 2.800000e+001
         vertex -3.230880e+000 1.475819e+000 0.000000e+000
         vertex -3.230880e+000 1.475819e+000 2.800000e+001
      endloop
   endfacet
   facet normal 9.788394e-001 2.046300e-001 0.000000e+000
      outer loop
         vertex -3.230880e+000 1.475819e+000 2.800000e+001
         vertex -3.230880e+000 1.475819e+000 0.000000e+000
         vertex -3.234190e+000 1.491443e+000 0.000000e+000
      endloop
   endfacet
   facet normal 9.777362e-001 2.098380e-001 0.000000e+000
      outer loop
         vertex -3.230880e+000 1.475819e+000 2.800000e+001
         vertex -3.234190e+000 1.491443e+000 0.000000e+000
         vertex -3.234190e+000 1.491443e+000 2.800000e+001
      endloop
   endfacet
   facet normal 9.754467e-001 2.202358e-001 0.000000e+000
      outer loop
         vertex -3.234190e+000 1.491443e+000 2.800000e+001
         vertex -3.234190e+000 1.491443e+000 0.000000e+000
         vertex -3.237749e+000 1.507012e+000 0.000000e+000
      endloop
   endfacet
   facet normal 9.742604e-001 2.254255e-001 0.000000e+000
      outer loop
         vertex -3.234190e+000 1.491443e+000 2.800000e+001
         vertex -3.237749e+000 1.507012e+000 0.000000e+000
         vertex -3.237749e+000 1.507012e+000 2.800000e+001
      endloop
   endfacet
   facet normal 9.718052e-001 2.357854e-001 0.000000e+000
      outer loop
         vertex -3.237749e+000 1.507012e+000 2.800000e+001
         vertex -3.237749e+000 1.507012e+000 0.000000e+000
         vertex -3.241555e+000 1.522522e+000 0.000000e+000
      endloop
   endfacet
   facet normal 9.705362e-001 2.409555e-001 0.000000e+000
      outer loop
         vertex -3.237749e+000 1.507012e+000 2.800000e+001
         vertex -3.241555e+000 1.522522e+000 0.000000e+000
         vertex -3.241555e+000 1.522522e+000 2.800000e+001
      endloop
   endfacet
   facet normal 9.679158e-001 2.512748e-001 0.000000e+000
      outer loop
         vertex -3.241555e+000 1.522522e+000 2.800000e+001
         vertex -3.241555e+000 1.522522e+000 0.000000e+000
         vertex -3.245609e+000 1.537969e+000 0.000000e+000
      endloop
   endfacet
   facet normal 9.665644e-001 2.564240e-001 0.000000e+000
      outer loop
         vertex -3.241555e+000 1.522522e+000 2.800000e+001
         vertex -3.245609e+000 1.537969e+000 0.000000e+000
         vertex -3.245609e+000 1.537969e+000 2.800000e+001
      endloop
   endfacet
   facet normal 9.637796e-001 2.667002e-001 0.000000e+000
      outer loop
         vertex -3.245609e+000 1.537969e+000 2.800000e+001
         vertex -3.245609e+000 1.537969e+000 0.000000e+000
         vertex -3.249910e+000 1.553349e+000 0.000000e+000
      endloop
   endfacet
   facet normal 9.623461e-001 2.718272e-001 0.000000e+000
      outer loop
         vertex -3.245609e+000 1.537969e+000 2.800000e+001
         vertex -3.249910e+000 1.553349e+000 0.000000e+000
         vertex -3.249910e+000 1.553349e+000 2.800000e+001
      endloop
   endfacet
   facet normal 9.593976e-001 2.820576e-001 0.000000e+000
      outer loop
         vertex -3.249910e+000 1.553349e+000 2.800000e+001
         vertex -3.249910e+000 1.553349e+000 0.000000e+000
         vertex -3.254455e+000 1.568659e+000 0.000000e+000
      endloop
   endfacet
   facet normal 9.578823e-001 2.871610e-001 0.000000e+000
      outer loop
         vertex -3.249910e+000 1.553349e+000 2.800000e+001
         vertex -3.254455e+000 1.568659e+000 0.000000e+000
         vertex -3.254455e+000 1.568659e+000 2.800000e+001
      endloop
   endfacet
   facet normal 9.547707e-001 2.973430e-001 0.000000e+000
      outer loop
         vertex -3.254455e+000 1.568659e+000 2.800000e+001
         vertex -3.254455e+000 1.568659e+000 0.000000e+000
         vertex -3.259244e+000 1.583894e+000 0.000000e+000
      endloop
   endfacet
   facet normal 9.531743e-001 3.024216e-001 0.000000e+000
      outer loop
         vertex -3.254455e+000 1.568659e+000 2.800000e+001
         vertex -3.259244e+000 1.583894e+000 0.000000e+000
         vertex -3.259244e+000 1.583894e+000 2.800000e+001
      endloop
   endfacet
   facet normal 9.499004e-001 3.125525e-001 0.000000e+000
      outer loop
         vertex -3.259244e+000 1.583894e+000 2.800000e+001
         vertex -3.259244e+000 1.583894e+000 0.000000e+000
         vertex -3.264276e+000 1.599051e+000 0.000000e+000
      endloop
   endfacet
   facet normal 9.482231e-001 3.176050e-001 0.000000e+000
      outer loop
         vertex -3.259244e+000 1.583894e+000 2.800000e+001
         vertex -3.264276e+000 1.599051e+000 0.000000e+000
         vertex -3.264276e+000 1.599051e+000 2.800000e+001
      endloop
   endfacet
   facet normal 9.447880e-001 3.276824e-001 0.000000e+000
      outer loop
         vertex -3.264276e+000 1.599051e+000 2.800000e+001
         vertex -3.264276e+000 1.599051e+000 0.000000e+000
         vertex -3.269549e+000 1.614126e+000 0.000000e+000
      endloop
   endfacet
   facet normal 9.430301e-001 3.327074e-001 0.000000e+000
      outer loop
         vertex -3.264276e+000 1.599051e+000 2.800000e+001
         vertex -3.269549e+000 1.614126e+000 0.000000e+000
         vertex -3.269549e+000 1.614126e+000 2.800000e+001
      endloop
   endfacet
   facet normal 9.394344e-001 3.427287e-001 0.000000e+000
      outer loop
         vertex -3.269549e+000 1.614126e+000 2.800000e+001
         vertex -3.269549e+000 1.614126e+000 0.000000e+000
         vertex -3.275063e+000 1.629114e+000 0.000000e+000
      endloop
   endfacet
   facet normal 9.375966e-001 3.477250e-001 0.000000e+000
      outer loop
         vertex -3.269549e+000 1.614126e+000 2.800000e+001
         vertex -3.275063e+000 1.629114e+000 0.000000e+000
         vertex -3.275063e+000 1.629114e+000 2.800000e+001
      endloop
   endfacet
   facet normal 9.338413e-001 3.576876e-001 0.000000e+000
      outer loop
         vertex -3.275063e+000 1.629114e+000 2.800000e+001
         vertex -3.275063e+000 1.629114e+000 0.000000e+000
         vertex -3.280815e+000 1.644013e+000 0.000000e+000
      endloop
   endfacet
   facet normal 9.319239e-001 3.626539e-001 0.000000e+000
      outer loop
         vertex -3.275063e+000 1.629114e+000 2.800000e+001
         vertex -3.280815e+000 1.644013e+000 0.000000e+000
         vertex -3.280815e+000 1.644013e+000 2.800000e+001
      endloop
   endfacet
   facet normal 9.280100e-001 3.725552e-001 0.000000e+000
      outer loop
         vertex -3.280815e+000 1.644013e+000 2.800000e+001
         vertex -3.280815e+000 1.644013e+000 0.000000e+000
         vertex -3.286804e+000 1.658818e+000 0.000000e+000
      endloop
   endfacet
   facet normal 9.260136e-001 3.774903e-001 0.000000e+000
      outer loop
         vertex -3.280815e+000 1.644013e+000 2.800000e+001
         vertex -3.286804e+000 1.658818e+000 0.000000e+000
         vertex -3.286804e+000 1.658818e+000 2.800000e+001
      endloop
   endfacet
   facet normal 9.219421e-001 3.873278e-001 0.000000e+000
      outer loop
         vertex -3.286804e+000 1.658818e+000 2.800000e+001
         vertex -3.286804e+000 1.658818e+000 0.000000e+000
         vertex -3.293029e+000 1.673525e+000 0.000000e+000
      endloop
   endfacet
   facet normal 9.198670e-001 3.922304e-001 0.000000e+000
      outer loop
         vertex -3.286804e+000 1.658818e+000 2.800000e+001
         vertex -3.293029e+000 1.673525e+000 0.000000e+000
         vertex -3.293029e+000 1.673525e+000 2.800000e+001
      endloop
   endfacet
   facet normal 9.156390e-001 4.020017e-001 0.000000e+000
      outer loop
         vertex -3.293029e+000 1.673525e+000 2.800000e+001
         vertex -3.293029e+000 1.673525e+000 0.000000e+000
         vertex -3.299488e+000 1.688131e+000 0.000000e+000
      endloop
   endfacet
   facet normal 9.134859e-001 4.068705e-001 0.000000e+000
      outer loop
         vertex -3.293029e+000 1.673525e+000 2.800000e+001
         vertex -3.299488e+000 1.688131e+000 0.000000e+000
         vertex -3.299488e+000 1.688131e+000 2.800000e+001
      endloop
   endfacet
   facet normal 9.091023e-001 4.165730e-001 0.000000e+000
      outer loop
         vertex -3.299488e+000 1.688131e+000 2.800000e+001
         vertex -3.299488e+000 1.688131e+000 0.000000e+000
         vertex -3.306180e+000 1.702632e+000 0.000000e+000
      endloop
   endfacet
   facet normal 9.068718e-001 4.214067e-001 0.000000e+000
      outer loop
         vertex -3.299488e+000 1.688131e+000 2.800000e+001
         vertex -3.306180e+000 1.702632e+000 0.000000e+000
         vertex -3.306180e+000 1.702632e+000 2.800000e+001
      endloop
   endfacet
   facet normal 9.023338e-001 4.310380e-001 0.000000e+000
      outer loop
         vertex -3.306180e+000 1.702632e+000 2.800000e+001
         vertex -3.306180e+000 1.702632e+000 0.000000e+000
         vertex -3.313102e+000 1.717024e+000 0.000000e+000
      endloop
   endfacet
   facet normal 9.000263e-001 4.358356e-001 0.000000e+000
      outer loop
         vertex -3.306180e+000 1.702632e+000 2.800000e+001
         vertex -3.313102e+000 1.717024e+000 0.000000e+000
         vertex -3.313102e+000 1.717024e+000 2.800000e+001
      endloop
   endfacet
   facet normal 8.953351e-001 4.453931e-001 0.000000e+000
      outer loop
         vertex -3.313102e+000 1.717024e+000 2.800000e+001
         vertex -3.313102e+000 1.717024e+000 0.000000e+000
         vertex -3.320253e+000 1.731304e+000 0.000000e+000
      endloop
   endfacet
   facet normal 8.929513e-001 4.501532e-001 0.000000e+000
      outer loop
         vertex -3.313102e+000 1.717024e+000 2.800000e+001
         vertex -3.320253e+000 1.731304e+000 0.000000e+000
         vertex -3.320253e+000 1.731304e+000 2.800000e+001
      endloop
   endfacet
   facet normal 8.881081e-001 4.596347e-001 0.000000e+000
      outer loop
         vertex -3.320253e+000 1.731304e+000 2.800000e+001
         vertex -3.320253e+000 1.731304e+000 0.000000e+000
         vertex -3.327631e+000 1.745467e+000 0.000000e+000
      endloop
   endfacet
   facet normal 8.856487e-001 4.643560e-001 0.000000e+000
      outer loop
         vertex -3.320253e+000 1.731304e+000 2.800000e+001
         vertex -3.327631e+000 1.745467e+000 0.000000e+000
         vertex -3.327631e+000 1.745467e+000 2.800000e+001
      endloop
   endfacet
   facet normal 8.806546e-001 4.737589e-001 0.000000e+000
      outer loop
         vertex -3.327631e+000 1.745467e+000 2.800000e+001
         vertex -3.327631e+000 1.745467e+000 0.000000e+000
         vertex -3.335234e+000 1.759511e+000 0.000000e+000
      endloop
   endfacet
   facet normal 8.781200e-001 4.784405e-001 0.000000e+000
      outer loop
         vertex -3.327631e+000 1.745467e+000 2.800000e+001
         vertex -3.335234e+000 1.759511e+000 0.000000e+000
         vertex -3.335234e+000 1.759511e+000 2.800000e+001
      endloop
   endfacet
   facet normal 8.729764e-001 4.877624e-001 0.000000e+000
      outer loop
         vertex -3.335234e+000 1.759511e+000 2.800000e+001
         vertex -3.335234e+000 1.759511e+000 0.000000e+000
         vertex -3.343061e+000 1.773432e+000 0.000000e+000
      endloop
   endfacet
   facet normal 8.703674e-001 4.924029e-001 0.000000e+000
      outer loop
         vertex -3.335234e+000 1.759511e+000 2.800000e+001
         vertex -3.343061e+000 1.773432e+000 0.000000e+000
         vertex -3.343061e+000 1.773432e+000 2.800000e+001
      endloop
   endfacet
   facet normal 8.650756e-001 5.016415e-001 0.000000e+000
      outer loop
         vertex -3.343061e+000 1.773432e+000 2.800000e+001
         vertex -3.343061e+000 1.773432e+000 0.000000e+000
         vertex -3.351109e+000 1.787227e+000 0.000000e+000
      endloop
   endfacet
   facet normal 8.623928e-001 5.062397e-001 0.000000e+000
      outer loop
         vertex -3.343061e+000 1.773432e+000 2.800000e+001
         vertex -3.351109e+000 1.787227e+000 0.000000e+000
         vertex -3.351109e+000 1.787227e+000 2.800000e+001
      endloop
   endfacet
   facet normal 8.569542e-001 5.153926e-001 0.000000e+000
      outer loop
         vertex -3.351109e+000 1.787227e+000 2.800000e+001
         vertex -3.351109e+000 1.787227e+000 0.000000e+000
         vertex -3.359377e+000 1.800890e+000 0.000000e+000
      endloop
   endfacet
   facet normal 8.541983e-001 5.199473e-001 0.000000e+000
      outer loop
         vertex -3.351109e+000 1.787227e+000 2.800000e+001
         vertex -3.359377e+000 1.800890e+000 0.000000e+000
         vertex -3.359377e+000 1.800890e+000 2.800000e+001
      endloop
   endfacet
   facet normal 8.486142e-001 5.290123e-001 0.000000e+000
      outer loop
         vertex -3.359377e+000 1.800890e+000 2.800000e+001
         vertex -3.359377e+000 1.800890e+000 0.000000e+000
         vertex -3.367861e+000 1.814420e+000 0.000000e+000
      endloop
   endfacet
   facet normal 8.457860e-001 5.335224e-001 0.000000e+000
      outer loop
         vertex -3.359377e+000 1.800890e+000 2.800000e+001
         vertex -3.367861e+000 1.814420e+000 0.000000e+000
         vertex -3.367861e+000 1.814420e+000 2.800000e+001
      endloop
   endfacet
   facet normal 8.400578e-001 5.424970e-001 0.000000e+000
      outer loop
         vertex -3.367861e+000 1.814420e+000 2.800000e+001
         vertex -3.367861e+000 1.814420e+000 0.000000e+000
         vertex -3.376561e+000 1.827813e+000 0.000000e+000
      endloop
   endfacet
   facet normal 8.371578e-001 5.469614e-001 0.000000e+000
      outer loop
         vertex -3.367861e+000 1.814420e+000 2.800000e+001
         vertex -3.376561e+000 1.827813e+000 0.000000e+000
         vertex -3.376561e+000 1.827813e+000 2.800000e+001
      endloop
   endfacet
   facet normal 8.312871e-001 5.558434e-001 0.000000e+000
      outer loop
         vertex -3.376561e+000 1.827813e+000 2.800000e+001
         vertex -3.376561e+000 1.827813e+000 0.000000e+000
         vertex -3.385473e+000 1.841066e+000 0.000000e+000
      endloop
   endfacet
   facet normal 8.283162e-001 5.602610e-001 0.000000e+000
      outer loop
         vertex -3.376561e+000 1.827813e+000 2.800000e+001
         vertex -3.385473e+000 1.841066e+000 0.000000e+000
         vertex -3.385473e+000 1.841066e+000 2.800000e+001
      endloop
   endfacet
   facet normal 8.223044e-001 5.690480e-001 0.000000e+000
      outer loop
         vertex -3.385473e+000 1.841066e+000 2.800000e+001
         vertex -3.385473e+000 1.841066e+000 0.000000e+000
         vertex -3.394596e+000 1.854174e+000 0.000000e+000
      endloop
   endfacet
   facet normal 8.192633e-001 5.734175e-001 0.000000e+000
      outer loop
         vertex -3.385473e+000 1.841066e+000 2.800000e+001
         vertex -3.394596e+000 1.854174e+000 0.000000e+000
         vertex -3.394596e+000 1.854174e+000 2.800000e+001
      endloop
   endfacet
   facet normal 8.131119e-001 5.821074e-001 0.000000e+000
      outer loop
         vertex -3.394596e+000 1.854174e+000 2.800000e+001
         vertex -3.394596e+000 1.854174e+000 0.000000e+000
         vertex -3.403927e+000 1.867135e+000 0.000000e+000
      endloop
   endfacet
   facet normal 8.100015e-001 5.864278e-001 0.000000e+000
      outer loop
         vertex -3.394596e+000 1.854174e+000 2.800000e+001
         vertex -3.403927e+000 1.867135e+000 0.000000e+000
         vertex -3.403927e+000 1.867135e+000 2.800000e+001
      endloop
   endfacet
   facet normal 8.037121e-001 5.950184e-001 0.000000e+000
      outer loop
         vertex -3.403927e+000 1.867135e+000 2.800000e+001
         vertex -3.403927e+000 1.867135e+000 0.000000e+000
         vertex -3.413464e+000 1.879945e+000 0.000000e+000
      endloop
   endfacet
   facet normal 8.005331e-001 5.992886e-001 0.000000e+000
      outer loop
         vertex -3.403927e+000 1.867135e+000 2.800000e+001
         vertex -3.413464e+000 1.879945e+000 0.000000e+000
         vertex -3.413464e+000 1.879945e+000 2.800000e+001
      endloop
   endfacet
   facet normal 7.941073e-001 6.077777e-001 0.000000e+000
      outer loop
         vertex -3.413464e+000 1.879945e+000 2.800000e+001
         vertex -3.413464e+000 1.879945e+000 0.000000e+000
         vertex -3.423204e+000 1.892601e+000 0.000000e+000
      endloop
   endfacet
   facet normal 7.908605e-001 6.119965e-001 0.000000e+000
      outer loop
         vertex -3.413464e+000 1.879945e+000 2.800000e+001
         vertex -3.423204e+000 1.892601e+000 0.000000e+000
         vertex -3.423204e+000 1.892601e+000 2.800000e+001
      endloop
   endfacet
   facet normal 7.842999e-001 6.203819e-001 0.000000e+000
      outer loop
         vertex -3.423204e+000 1.892601e+000 2.800000e+001
         vertex -3.423204e+000 1.892601e+000 0.000000e+000
         vertex -3.433145e+000 1.905100e+000 0.000000e+000
      endloop
   endfacet
   facet normal 7.809862e-001 6.245484e-001 0.000000e+000
      outer loop
         vertex -3.423204e+000 1.892601e+000 2.800000e+001
         vertex -3.433145e+000 1.905100e+000 0.000000e+000
         vertex -3.433145e+000 1.905100e+000 2.800000e+001
      endloop
   endfacet
   facet normal 7.742925e-001 6.328279e-001 0.000000e+000
      outer loop
         vertex -3.433145e+000 1.905100e+000 2.800000e+001
         vertex -3.433145e+000 1.905100e+000 0.000000e+000
         vertex -3.443284e+000 1.917439e+000 0.000000e+000
      endloop
   endfacet
   facet normal 7.709126e-001 6.369410e-001 0.000000e+000
      outer loop
         vertex -3.433145e+000 1.905100e+000 2.800000e+001
         vertex -3.443284e+000 1.917439e+000 0.000000e+000
         vertex -3.443284e+000 1.917439e+000 2.800000e+001
      endloop
   endfacet
   facet normal 7.640876e-001 6.451125e-001 0.000000e+000
      outer loop
         vertex -3.443284e+000 1.917439e+000 2.800000e+001
         vertex -3.443284e+000 1.917439e+000 0.000000e+000
         vertex -3.453619e+000 1.929614e+000 0.000000e+000
      endloop
   endfacet
   facet normal 7.606424e-001 6.491711e-001 0.000000e+000
      outer loop
         vertex -3.443284e+000 1.917439e+000 2.800000e+001
         vertex -3.453619e+000 1.929614e+000 0.000000e+000
         vertex -3.453619e+000 1.929614e+000 2.800000e+001
      endloop
   endfacet
   facet normal 7.536879e-001 6.572325e-001 0.000000e+000
      outer loop
         vertex -3.453619e+000 1.929614e+000 2.800000e+001
         vertex -3.453619e+000 1.929614e+000 0.000000e+000
         vertex -3.464148e+000 1.941623e+000 0.000000e+000
      endloop
   endfacet
   facet normal 7.501784e-001 6.612356e-001 0.000000e+000
      outer loop
         vertex -3.453619e+000 1.929614e+000 2.800000e+001
         vertex -3.464148e+000 1.941623e+000 0.000000e+000
         vertex -3.464148e+000 1.941623e+000 2.800000e+001
      endloop
   endfacet
   facet normal 7.430959e-001 6.691850e-001 0.000000e+000
      outer loop
         vertex -3.464148e+000 1.941623e+000 2.800000e+001
         vertex -3.464148e+000 1.941623e+000 0.000000e+000
         vertex -3.474866e+000 1.953462e+000 0.000000e+000
      endloop
   endfacet
   facet normal 7.395229e-001 6.731314e-001 0.000000e+000
      outer loop
         vertex -3.464148e+000 1.941623e+000 2.800000e+001
         vertex -3.474866e+000 1.953462e+000 0.000000e+000
         vertex -3.474866e+000 1.953462e+000 2.800000e+001
      endloop
   endfacet
   facet normal 7.323144e-001 6.809667e-001 0.000000e+000
      outer loop
         vertex -3.474866e+000 1.953462e+000 2.800000e+001
         vertex -3.474866e+000 1.953462e+000 0.000000e+000
         vertex -3.485772e+000 1.965128e+000 0.000000e+000
      endloop
   endfacet
   facet normal 7.286788e-001 6.848555e-001 0.000000e+000
      outer loop
         vertex -3.474866e+000 1.953462e+000 2.800000e+001
         vertex -3.485772e+000 1.965128e+000 0.000000e+000
         vertex -3.485772e+000 1.965128e+000 2.800000e+001
      endloop
   endfacet
   facet normal 7.213461e-001 6.925748e-001 0.000000e+000
      outer loop
         vertex -3.485772e+000 1.965128e+000 2.800000e+001
         vertex -3.485772e+000 1.965128e+000 0.000000e+000
         vertex -3.496864e+000 1.976619e+000 0.000000e+000
      endloop
   endfacet
   facet normal 7.176489e-001 6.964051e-001 0.000000e+000
      outer loop
         vertex -3.485772e+000 1.965128e+000 2.800000e+001
         vertex -3.496864e+000 1.976619e+000 0.000000e+000
         vertex -3.496864e+000 1.976619e+000 2.800000e+001
      endloop
   endfacet
   facet normal 7.101938e-001 7.040062e-001 0.000000e+000
      outer loop
         vertex -3.496864e+000 1.976619e+000 2.800000e+001
         vertex -3.496864e+000 1.976619e+000 0.000000e+000
         vertex -3.508137e+000 1.987931e+000 0.000000e+000
      endloop
   endfacet
   facet normal 7.064359e-001 7.077770e-001 0.000000e+000
      outer loop
         vertex -3.496864e+000 1.976619e+000 2.800000e+001
         vertex -3.508137e+000 1.987931e+000 0.000000e+000
         vertex -3.508137e+000 1.987931e+000 2.800000e+001
      endloop
   endfacet
   facet normal 6.988604e-001 7.152581e-001 0.000000e+000
      outer loop
         vertex -3.508137e+000 1.987931e+000 2.800000e+001
         vertex -3.508137e+000 1.987931e+000 0.000000e+000
         vertex -3.519590e+000 1.999061e+000 0.000000e+000
      endloop
   endfacet
   facet normal 6.950427e-001 7.189685e-001 0.000000e+000
      outer loop
         vertex -3.508137e+000 1.987931e+000 2.800000e+001
         vertex -3.519590e+000 1.999061e+000 0.000000e+000
         vertex -3.519590e+000 1.999061e+000 2.800000e+001
      endloop
   endfacet
   facet normal 6.873487e-001 7.263275e-001 0.000000e+000
      outer loop
         vertex -3.519590e+000 1.999061e+000 2.800000e+001
         vertex -3.519590e+000 1.999061e+000 0.000000e+000
         vertex -3.531218e+000 2.010008e+000 0.000000e+000
      endloop
   endfacet
   facet normal 6.834724e-001 7.299764e-001 0.000000e+000
      outer loop
         vertex -3.519590e+000 1.999061e+000 2.800000e+001
         vertex -3.531218e+000 2.010008e+000 0.000000e+000
         vertex -3.531218e+000 2.010008e+000 2.800000e+001
      endloop
   endfacet
   facet normal 6.756618e-001 7.372118e-001 0.000000e+000
      outer loop
         vertex -3.531218e+000 2.010008e+000 2.800000e+001
         vertex -3.531218e+000 2.010008e+000 0.000000e+000
         vertex -3.543020e+000 2.020767e+000 0.000000e+000
      endloop
   endfacet
   facet normal 6.717276e-001 7.407982e-001 0.000000e+000
      outer loop
         vertex -3.531218e+000 2.010008e+000 2.800000e+001
         vertex -3.543020e+000 2.020767e+000 0.000000e+000
         vertex -3.543020e+000 2.020767e+000 2.800000e+001
      endloop
   endfacet
   facet normal 6.638025e-001 7.479079e-001 0.000000e+000
      outer loop
         vertex -3.543020e+000 2.020767e+000 2.800000e+001
         vertex -3.543020e+000 2.020767e+000 0.000000e+000
         vertex -3.554993e+000 2.031336e+000 0.000000e+000
      endloop
   endfacet
   facet normal 6.598115e-001 7.514311e-001 0.000000e+000
      outer loop
         vertex -3.543020e+000 2.020767e+000 2.800000e+001
         vertex -3.554993e+000 2.031336e+000 0.000000e+000
         vertex -3.554993e+000 2.031336e+000 2.800000e+001
      endloop
   endfacet
   facet normal 6.517739e-001 7.584134e-001 0.000000e+000
      outer loop
         vertex -3.554993e+000 2.031336e+000 2.800000e+001
         vertex -3.554993e+000 2.031336e+000 0.000000e+000
         vertex -3.567133e+000 2.041713e+000 0.000000e+000
      endloop
   endfacet
   facet normal 6.477272e-001 7.618724e-001 0.000000e+000
      outer loop
         vertex -3.554993e+000 2.031336e+000 2.800000e+001
         vertex -3.567133e+000 2.041713e+000 0.000000e+000
         vertex -3.567133e+000 2.041713e+000 2.800000e+001
      endloop
   endfacet
   facet normal 6.395791e-001 7.687253e-001 0.000000e+000
      outer loop
         vertex -3.567133e+000 2.041713e+000 2.800000e+001
         vertex -3.567133e+000 2.041713e+000 0.000000e+000
         vertex -3.579437e+000 2.051894e+000 0.000000e+000
      endloop
   endfacet
   facet normal 6.354777e-001 7.721193e-001 0.000000e+000
      outer loop
         vertex -3.567133e+000 2.041713e+000 2.800000e+001
         vertex -3.579437e+000 2.051894e+000 0.000000e+000
         vertex -3.579437e+000 2.051894e+000 2.800000e+001
      endloop
   endfacet
   facet normal 6.272212e-001 7.788413e-001 0.000000e+000
      outer loop
         vertex -3.579437e+000 2.051894e+000 2.800000e+001
         vertex -3.579437e+000 2.051894e+000 0.000000e+000
         vertex -3.591902e+000 2.061878e+000 0.000000e+000
      endloop
   endfacet
   facet normal 6.230660e-001 7.821693e-001 0.000000e+000
      outer loop
         vertex -3.579437e+000 2.051894e+000 2.800000e+001
         vertex -3.591902e+000 2.061878e+000 0.000000e+000
         vertex -3.591902e+000 2.061878e+000 2.800000e+001
      endloop
   endfacet
   facet normal 6.147032e-001 7.887585e-001 0.000000e+000
      outer loop
         vertex -3.591902e+000 2.061878e+000 2.800000e+001
         vertex -3.591902e+000 2.061878e+000 0.000000e+000
         vertex -3.604525e+000 2.071662e+000 0.000000e+000
      endloop
   endfacet
   facet normal 6.104954e-001 7.920198e-001 0.000000e+000
      outer loop
         vertex -3.591902e+000 2.061878e+000 2.800000e+001
         vertex -3.604525e+000 2.071662e+000 0.000000e+000
         vertex -3.604525e+000 2.071662e+000 2.800000e+001
      endloop
   endfacet
   facet normal 6.020285e-001 7.984746e-001 0.000000e+000
      outer loop
         vertex -3.604525e+000 2.071662e+000 2.800000e+001
         vertex -3.604525e+000 2.071662e+000 0.000000e+000
         vertex -3.617302e+000 2.081242e+000 0.000000e+000
      endloop
   endfacet
   facet normal 5.977693e-001 8.016682e-001 0.000000e+000
      outer loop
         vertex -3.604525e+000 2.071662e+000 2.800000e+001
         vertex -3.617302e+000 2.081242e+000 0.000000e+000
         vertex -3.617302e+000 2.081242e+000 2.800000e+001
      endloop
   endfacet
   facet normal 5.892003e-001 8.079871e-001 0.000000e+000
      outer loop
         vertex -3.617302e+000 2.081242e+000 2.800000e+001
         vertex -3.617302e+000 2.081242e+000 0.000000e+000
         vertex -3.630231e+000 2.090618e+000 0.000000e+000
      endloop
   endfacet
   facet normal 5.848905e-001 8.111122e-001 0.000000e+000
      outer loop
         vertex -3.617302e+000 2.081242e+000 2.800000e+001
         vertex -3.630231e+000 2.090618e+000 0.000000e+000
         vertex -3.630231e+000 2.090618e+000 2.800000e+001
      endloop
   endfacet
   facet normal 5.762218e-001 8.172934e-001 0.000000e+000
      outer loop
         vertex -3.630231e+000 2.090618e+000 2.800000e+001
         vertex -3.630231e+000 2.090618e+000 0.000000e+000
         vertex -3.643308e+000 2.099785e+000 0.000000e+000
      endloop
   endfacet
   facet normal 5.718626e-001 8.203494e-001 0.000000e+000
      outer loop
         vertex -3.630231e+000 2.090618e+000 2.800000e+001
         vertex -3.643308e+000 2.099785e+000 0.000000e+000
         vertex -3.643308e+000 2.099785e+000 2.800000e+001
      endloop
   endfacet
   facet normal 5.630962e-001 8.263913e-001 0.000000e+000
      outer loop
         vertex -3.643308e+000 2.099785e+000 2.800000e+001
         vertex -3.643308e+000 2.099785e+000 0.000000e+000
         vertex -3.656529e+000 2.108743e+000 0.000000e+000
      endloop
   endfacet
   facet normal 5.586889e-001 8.293773e-001 0.000000e+000
      outer loop
         vertex -3.643308e+000 2.099785e+000 2.800000e+001
         vertex -3.656529e+000 2.108743e+000 0.000000e+000
         vertex -3.656529e+000 2.108743e+000 2.800000e+001
      endloop
   endfacet
   facet normal 5.498271e-001 8.352785e-001 0.000000e+000
      outer loop
         vertex -3.656529e+000 2.108743e+000 2.800000e+001
         vertex -3.656529e+000 2.108743e+000 0.000000e+000
         vertex -3.669892e+000 2.117488e+000 0.000000e+000
      endloop
   endfacet
   facet normal 5.453727e-001 8.381937e-001 0.000000e+000
      outer loop
         vertex -3.656529e+000 2.108743e+000 2.800000e+001
         vertex -3.669892e+000 2.117488e+000 0.000000e+000
         vertex -3.669892e+000 2.117488e+000 2.800000e+001
      endloop
   endfacet
   facet normal 5.364178e-001 8.439527e-001 0.000000e+000
      outer loop
         vertex -3.669892e+000 2.117488e+000 2.800000e+001
         vertex -3.669892e+000 2.117488e+000 0.000000e+000
         vertex -3.683393e+000 2.126019e+000 0.000000e+000
      endloop
   endfacet
   facet normal 5.319173e-001 8.467963e-001 0.000000e+000
      outer loop
         vertex -3.669892e+000 2.117488e+000 2.800000e+001
         vertex -3.683393e+000 2.126019e+000 0.000000e+000
         vertex -3.683393e+000 2.126019e+000 2.800000e+001
      endloop
   endfacet
   facet normal 5.228716e-001 8.524114e-001 0.000000e+000
      outer loop
         vertex -3.683393e+000 2.126019e+000 2.800000e+001
         vertex -3.683393e+000 2.126019e+000 0.000000e+000
         vertex -3.697029e+000 2.134333e+000 0.000000e+000
      endloop
   endfacet
   facet normal 5.183264e-001 8.551829e-001 0.000000e+000
      outer loop
         vertex -3.683393e+000 2.126019e+000 2.800000e+001
         vertex -3.697029e+000 2.134333e+000 0.000000e+000
         vertex -3.697029e+000 2.134333e+000 2.800000e+001
      endloop
   endfacet
   facet normal 5.091920e-001 8.606530e-001 0.000000e+000
      outer loop
         vertex -3.697029e+000 2.134333e+000 2.800000e+001
         vertex -3.697029e+000 2.134333e+000 0.000000e+000
         vertex -3.710795e+000 2.142428e+000 0.000000e+000
      endloop
   endfacet
   facet normal 5.046031e-001 8.633514e-001 0.000000e+000
      outer loop
         vertex -3.697029e+000 2.134333e+000 2.800000e+001
         vertex -3.710795e+000 2.142428e+000 0.000000e+000
         vertex -3.710795e+000 2.142428e+000 2.800000e+001
      endloop
   endfacet
endsolid