solid Flansh
facet normal 0.9084918099629856 2.3416885405821947e-14 0.417902657601239
outer loop
vertex 5.003672355305399 -3.000000000008054 65.8209734239892
vertex 4.231621764919915 -1.0000000000087599 68.31472012886412
vertex 4.231621764920185 -3.000000000008756 68.31472012886367
endloop
endfacet
facet normal 0.9856968690015064 9.260952953648663e-14 0.16852798711379463
outer loop
vertex 4.231621764919915 -1.0000000000087599 68.31472012886412
vertex 5.003672355305399 -3.000000000008054 65.8209734239892
vertex 5.003672355305146 -1.0000000000080576 65.82097342398964
endloop
endfacet
facet normal 0.9856968690015069 9.260952953648734e-14 0.1685279871137921
outer loop
vertex 4.231621764920185 -3.000000000008756 68.31472012886367
vertex 4.1313073013482935 -1.0000000000094056 70.92331587189996
vertex 4.131307301348564 -3.000000000009402 70.9233158718995
endloop
endfacet
facet normal 0.9957283153586698 1.5565144571196391e-13 -0.09233158718978857
outer loop
vertex 4.1313073013482935 -1.0000000000094056 70.92331587189996
vertex 4.231621764920185 -3.000000000008756 68.31472012886367
vertex 4.231621764919915 -1.0000000000087599 68.31472012886412
endloop
endfacet
facet normal 0.258827224194179 -1.2516106475207993e-05 -0.9659236345898591
outer loop
vertex 13.3121333196277 -3.0000000000087024 72.89777747886882
vertex 14.088533667071752 -5.38519250046027 73.00005678786482
vertex 14.088423795412147 -10.000000000008617 73.00016665952384
endloop
endfacet
facet normal -8.905925529628448e-05 -1.6071120880740746e-05 -0.9999999959050841
outer loop
vertex 14.088533667071752 -5.38519250046027 73.00005678786482
vertex 13.3121333196277 -3.0000000000087024 72.89777747886882
vertex 14.088596756493105 -4.773358070235064 73.00004860911896
endloop
endfacet
facet normal -9.67914443461539e-05 -1.607048277855233e-05 -0.9999999951865781
outer loop
vertex 14.088596756493105 -4.773358070235064 73.00004860911896
vertex 13.3121333196277 -3.0000000000087024 72.89777747886882
vertex 14.0885904549352 -3.0000000000086264 73.0000000000016
endloop
endfacet
facet normal -0.13057627065212718 3.2135254192478065e-06 -0.9914382671312703
outer loop
vertex 14.134400198611866 -10.282017456403965 72.99396903283107
vertex 14.088590454937174 -18.000000000008612 72.999999999998
vertex 14.088423795412147 -10.000000000008617 73.00016665952384
endloop
endfacet
facet normal -2.698682961238713e-05 1.3408080084302423e-05 -0.9999999995459672
outer loop
vertex 14.088590454937174 -18.000000000008612 72.999999999998
vertex 14.134400198611866 -10.282017456403965 72.99396903283107
vertex 14.865047590244748 -18.0000000000085 72.89777747886518
endloop
endfacet
facet normal -0.2588426297214433 1.566804550001198e-06 -0.9659195064996011
outer loop
vertex 14.865047590244748 -18.0000000000085 72.89777747886518
vertex 14.134400198611866 -10.282017456403965 72.99396903283107
vertex 14.173165604362014 -10.517638090213644 72.98886547034404
endloop
endfacet
facet normal -0.2588426297214433 1.566804550001198e-06 -0.9659195064996011
outer loop
vertex 14.865047590244748 -18.0000000000085 72.89777747886518
vertex 14.173165604362014 -10.517638090213644 72.98886547034404
vertex 14.422854502136037 -11.000000000008564 72.95599330333214
endloop
endfacet
facet normal -0.2588426297214433 1.566804550001198e-06 -0.9659195064996011
outer loop
vertex 14.865047590244748 -18.0000000000085 72.89777747886518
vertex 14.422854502136037 -11.000000000008564 72.95599330333214
vertex 14.507257094001432 -11.088018385583188 72.94488149131018
endloop
endfacet
facet normal -0.5814546850579816 0.3162277660165824 0.7496068631117815
outer loop
vertex -1.2340858863880395 -15.000000000014653 89.75387530939065
vertex -3.1055180434780265 -18.000000000014833 89.50288781038975
vertex -1.8469929400404805 -18.00000000001494 90.54403032176575
endloop
endfacet
facet normal -0.627375521435229 0.3162277660165861 0.7116178434412911
outer loop
vertex -3.1055180434780265 -18.000000000014833 89.50288781038975
vertex -1.2340858863880395 -15.000000000014653 89.75387530939065
vertex -2.444206178154925 -15.000000000014552 88.75277674075988
endloop
endfacet
facet normal 0.7846375269562578 0.31622776601681085 0.5332391126802171
outer loop
vertex 35.592685386075594 -18.000000000008647 84.61416782415354
vertex 35.60714113003524 -15.000000000008207 82.72603539375827
vertex 34.76560481180066 -15.000000000008638 84.05208444630225
endloop
endfacet
facet normal 0.8165715849487382 0.31622776601682706 0.48291908913845244
outer loop
vertex 35.60714113003524 -15.000000000008207 82.72603539375827
vertex 35.592685386075594 -18.000000000008647 84.61416782415354
vertex 36.467883157039566 -18.0000000000082 83.23507680950783
endloop
endfacet
facet normal -0.26467420260408886 0.31622776601702474 -0.9110145808250115
outer loop
vertex 7.113812803956326 -15.000000000002974 45.99265785807503
vertex 5.281404528559778 -18.000000000003116 45.537100007188
vertex 5.620142448804765 -15.000000000003302 46.47798077614294
endloop
endfacet
facet normal -0.32135500735310846 0.31622776601701275 -0.8925978709637242
outer loop
vertex 5.281404528559778 -18.000000000003116 45.537100007188
vertex 7.113812803956326 -15.000000000002974 45.99265785807503
vertex 6.834821697917394 -18.0000000000028 45.03236417239735
endloop
endfacet
facet normal 0.3767675707011766 0.3162277660170984 -0.8706584850949132
outer loop
vertex 24.017287720806603 -15.000000000001075 47.05613435789927
vertex 25.892343448165573 -18.00000000000076 46.83383037110046
vertex 24.41443561144167 -18.000000000000803 46.138379732214524
endloop
endfacet
facet normal 0.4306932045764812 0.31622776601709934 -0.8452830079514649
outer loop
vertex 25.892343448165573 -18.00000000000076 46.83383037110046
vertex 24.017287720806603 -15.000000000001075 47.05613435789927
vertex 25.43835294842575 -15.000000000001053 47.72483689528961
endloop
endfacet
facet normal 0.1484067642231032 0.3162277660170849 -0.9370034324017561
outer loop
vertex 17.999452080942863 -15.000000000001428 45.30779148512026
vertex 19.76031473124749 -18.000000000001037 44.62616418959057
vertex 18.155886545983392 -18.00000000000117 44.320103144524396
endloop
endfacet
facet normal 0.2069488496954697 0.31622776601708924 -0.9258359323387504
outer loop
vertex 19.76031473124749 -18.000000000001037 44.62616418959057
vertex 17.999452080942863 -15.000000000001428 45.30779148512026
vertex 19.54217148985064 -15.000000000001279 45.602080951530056
endloop
endfacet
facet normal -0.14840676422316565 0.31622776601704666 -0.937003432401759
outer loop
vertex 10.177728828931315 -15.000000000002434 45.3077914851202
vertex 8.416866178627243 -18.000000000002498 44.62616418959047
vertex 8.63500942002351 -15.000000000002702 45.602080951529935
endloop
endfacet
facet normal -0.20694884969553398 0.3162277660170362 -0.925835932338754
outer loop
vertex 8.416866178627243 -18.000000000002498 44.62616418959047
vertex 10.177728828931315 -15.000000000002434 45.3077914851202
vertex 10.021294363891352 -18.00000000000221 44.320103144524346
endloop
endfacet
facet normal 0.5814546850578957 0.3162277660170948 -0.749606863111632
outer loop
vertex 30.02417384991475 -18.00000000000086 49.455969678230126
vertex 30.62138708802837 -15.000000000001238 51.24722325923737
vertex 31.282698953352302 -18.000000000000966 50.497112189606135
endloop
endfacet
facet normal 0.627375521435146 0.31622776601709185 -0.7116178434411397
outer loop
vertex 30.62138708802837 -15.000000000001238 51.24722325923737
vertex 30.02417384991475 -18.00000000000086 49.455969678230126
vertex 29.41126679626148 -15.000000000001146 50.2461246906066
endloop
endfacet
facet normal -0.7116178434412727 0.31622776601659625 0.6273755214352449
outer loop
vertex -4.664186285825074 -15.000000000014316 86.53279663308965
vertex -6.455439866830961 -18.000000000014403 85.93558339497518
vertex -5.414297355454975 -18.000000000014573 87.19410849841272
endloop
endfacet
facet normal -0.7496068631117616 0.3162277660166019 0.5814546850579967
outer loop
vertex -6.455439866830961 -18.000000000014403 85.93558339497518
vertex -4.664186285825074 -15.000000000014316 86.53279663308965
vertex -5.6652848544558045 -15.000000000014138 85.32267634132275
endloop
endfacet
facet normal -0.20694884969553282 0.31622776601703617 -0.9258359323387543
outer loop
vertex 8.63500942002351 -15.000000000002702 45.602080951529935
vertex 6.834821697917394 -18.0000000000028 45.03236417239735
vertex 7.113812803956326 -15.000000000002974 45.99265785807503
endloop
endfacet
facet normal -0.26467420260408986 0.31622776601702474 -0.9110145808250113
outer loop
vertex 6.834821697917394 -18.0000000000028 45.03236417239735
vertex 8.63500942002351 -15.000000000002702 45.602080951529935
vertex 8.416866178627243 -18.000000000002498 44.62616418959047
endloop
endfacet
facet normal -0.7846375269563527 0.3162277660166079 0.5332391126801975
outer loop
vertex -6.588423901927574 -15.000000000013948 84.0520844463016
vertex -8.290702247165525 -18.000000000013966 83.23507680950743
vertex -7.415504476201562 -18.00000000001419 84.61416782415317
endloop
endfacet
facet normal -0.8165715849488321 0.31622776601661623 0.4829190891384321
outer loop
vertex -8.290702247165525 -18.000000000013966 83.23507680950743
vertex -6.588423901927574 -15.000000000013948 84.0520844463016
vertex -7.429960220162083 -15.00000000001375 82.72603539375761
endloop
endfacet
facet normal 0.2646742026040248 0.31622776601709296 -0.9110145808250066
outer loop
vertex 21.342359211957355 -18.000000000000927 45.0323641723975
vertex 22.557038461069375 -15.000000000001123 46.47798077614313
vertex 22.895776381314942 -18.000000000000867 45.53710000718816
endloop
endfacet
facet normal 0.32135500735304406 0.31622776601709596 -0.8925978709637179
outer loop
vertex 22.557038461069375 -15.000000000001123 46.47798077614313
vertex 21.342359211957355 -18.000000000000927 45.0323641723975
vertex 21.063368105917824 -15.000000000001183 45.99265785807517
endloop
endfacet
facet normal 0.20694884969547064 0.31622776601708924 -0.9258359323387501
outer loop
vertex 19.54217148985064 -15.000000000001279 45.602080951530056
vertex 21.342359211957355 -18.000000000000927 45.0323641723975
vertex 19.76031473124749 -18.000000000001037 44.62616418959057
endloop
endfacet
facet normal 0.2646742026040248 0.31622776601709296 -0.9110145808250066
outer loop
vertex 21.342359211957355 -18.000000000000927 45.0323641723975
vertex 19.54217148985064 -15.000000000001279 45.602080951530056
vertex 21.063368105917824 -15.000000000001183 45.99265785807517
endloop
endfacet
facet normal 0.08927898505294682 0.31622776601707914 -0.9444730079932212
outer loop
vertex 16.535406601218764 -18.00000000000131 44.11538892031788
vertex 17.999452080942863 -15.000000000001428 45.30779148512026
vertex 18.155886545983392 -18.00000000000117 44.320103144524396
endloop
endfacet
facet normal 0.1484067642231032 0.3162277660170849 -0.9370034324017561
outer loop
vertex 17.999452080942863 -15.000000000001428 45.30779148512026
vertex 16.535406601218764 -18.00000000000131 44.11538892031788
vertex 16.441298287899972 -15.000000000001577 45.110950884921714
endloop
endfacet
facet normal -0.7496068631117636 0.316227766016602 0.5814546850579942
outer loop
vertex -5.6652848544558045 -15.000000000014138 85.32267634132275
vertex -7.415504476201562 -18.00000000001419 84.61416782415317
vertex -6.455439866830961 -18.000000000014403 85.93558339497518
endloop
endfacet
facet normal -0.7846375269563511 0.31622776601660785 0.5332391126802
outer loop
vertex -7.415504476201562 -18.00000000001419 84.61416782415317
vertex -5.6652848544558045 -15.000000000014138 85.32267634132275
vertex -6.588423901927574 -15.000000000013948 84.0520844463016
endloop
endfacet
facet normal -0.6708203932499888 0.3162277660165904 0.6708203932500019
outer loop
vertex -3.589079074727283 -15.000000000014433 87.67766952966204
vertex -5.414297355454975 -18.000000000014573 87.19410849841272
vertex -4.296185855913277 -18.000000000014715 88.38477631084804
endloop
endfacet
facet normal -0.7116178434412708 0.3162277660165962 0.627375521435247
outer loop
vertex -5.414297355454975 -18.000000000014573 87.19410849841272
vertex -3.589079074727283 -15.000000000014433 87.67766952966204
vertex -4.664186285825074 -15.000000000014316 86.53279663308965
endloop
endfacet
facet normal 0.5332391126800997 0.3162277660170973 -0.7846375269562219
outer loop
vertex 28.140674901240345 -15.000000000001092 49.322985643134786
vertex 30.02417384991475 -18.00000000000086 49.455969678230126
vertex 28.702758279092752 -18.000000000000814 48.49590506885947
endloop
endfacet
facet normal 0.5814546850578957 0.3162277660170948 -0.749606863111632
outer loop
vertex 30.02417384991475 -18.00000000000086 49.455969678230126
vertex 28.140674901240345 -15.000000000001092 49.322985643134786
vertex 29.41126679626148 -15.000000000001146 50.2461246906066
endloop
endfacet
facet normal 0.4829190891383325 0.3162277660170988 -0.816571584948704
outer loop
vertex 26.814625848696352 -15.000000000001059 48.481449324900254
vertex 28.702758279092752 -18.000000000000814 48.49590506885947
vertex 27.323667264446982 -18.000000000000785 47.62070729789553
endloop
endfacet
facet normal 0.5332391126800985 0.31622776601709723 -0.7846375269562228
outer loop
vertex 28.702758279092752 -18.000000000000814 48.49590506885947
vertex 26.814625848696352 -15.000000000001059 48.481449324900254
vertex 28.140674901240345 -15.000000000001092 49.322985643134786
endloop
endfacet
facet normal 0.4306932045764812 0.31622776601709934 -0.8452830079514649
outer loop
vertex 25.892343448165573 -18.00000000000076 46.83383037110046
vertex 26.814625848696352 -15.000000000001059 48.481449324900254
vertex 27.323667264446982 -18.000000000000785 47.62070729789553
endloop
endfacet
facet normal 0.4829190891383325 0.3162277660170988 -0.816571584948704
outer loop
vertex 26.814625848696352 -15.000000000001059 48.481449324900254
vertex 25.892343448165573 -18.00000000000076 46.83383037110046
vertex 25.43835294842575 -15.000000000001053 47.72483689528961
endloop
endfacet
facet normal 0.32135500735304406 0.31622776601709596 -0.8925978709637179
outer loop
vertex 22.557038461069375 -15.000000000001123 46.47798077614313
vertex 24.41443561144167 -18.000000000000803 46.138379732214524
vertex 22.895776381314942 -18.000000000000867 45.53710000718816
endloop
endfacet
facet normal 0.37676757070117517 0.31622776601709834 -0.8706584850949138
outer loop
vertex 24.41443561144167 -18.000000000000803 46.138379732214524
vertex 22.557038461069375 -15.000000000001123 46.47798077614313
vertex 24.017287720806603 -15.000000000001075 47.05613435789927
endloop
endfacet
facet normal 0.029798862516478255 0.3162277660170722 -0.9482151801108102
outer loop
vertex 14.87385943189028 -15.000000000001751 45.0123359908554
vertex 16.535406601218764 -18.00000000000131 44.11538892031788
vertex 14.905270190968716 -18.000000000001513 44.012829430488935
endloop
endfacet
facet normal 0.08927898505294682 0.31622776601707914 -0.9444730079932212
outer loop
vertex 16.535406601218764 -18.00000000000131 44.11538892031788
vertex 14.87385943189028 -15.000000000001751 45.0123359908554
vertex 16.441298287899972 -15.000000000001577 45.110950884921714
endloop
endfacet
facet normal -0.02979886251654099 0.31622776601706426 -0.9482151801108107
outer loop
vertex 13.271910718906028 -18.000000000001705 44.012829430488914
vertex 14.87385943189028 -15.000000000001751 45.0123359908554
vertex 14.905270190968716 -18.000000000001513 44.012829430488935
endloop
endfacet
facet normal 0.029798862516478255 0.3162277660170722 -0.9482151801108102
outer loop
vertex 14.87385943189028 -15.000000000001751 45.0123359908554
vertex 13.271910718906028 -18.000000000001705 44.012829430488914
vertex 13.303321477983859 -15.000000000001975 45.01233599085538
endloop
endfacet
facet normal -0.02979886251653983 0.31622776601706437 -0.9482151801108109
outer loop
vertex 13.303321477983859 -15.000000000001975 45.01233599085538
vertex 11.641774308656004 -18.000000000001958 44.11538892031786
vertex 11.73588262197423 -15.000000000002187 45.11095088492166
endloop
endfacet
facet normal -0.0892789850530121 0.31622776601705577 -0.9444730079932229
outer loop
vertex 11.641774308656004 -18.000000000001958 44.11538892031786
vertex 13.303321477983859 -15.000000000001975 45.01233599085538
vertex 13.271910718906028 -18.000000000001705 44.012829430488914
endloop
endfacet
facet normal -0.08927898505301088 0.31622776601705577 -0.944473007993223
outer loop
vertex 11.73588262197423 -15.000000000002187 45.11095088492166
vertex 10.021294363891352 -18.00000000000221 44.320103144524346
vertex 10.177728828931315 -15.000000000002434 45.3077914851202
endloop
endfacet
facet normal -0.14840676422316698 0.31622776601704666 -0.9370034324017588
outer loop
vertex 10.021294363891352 -18.00000000000221 44.320103144524346
vertex 11.73588262197423 -15.000000000002187 45.11095088492166
vertex 11.641774308656004 -18.000000000001958 44.11538892031786
endloop
endfacet
facet normal -0.6273755214352312 0.3162277660165861 0.7116178434412891
outer loop
vertex -2.444206178154925 -15.000000000014552 88.75277674075988
vertex -4.296185855913277 -18.000000000014715 88.38477631084804
vertex -3.1055180434780265 -18.000000000014833 89.50288781038975
endloop
endfacet
facet normal -0.6708203932499868 0.3162277660165905 0.6708203932500039
outer loop
vertex -4.296185855913277 -18.000000000014715 88.38477631084804
vertex -2.444206178154925 -15.000000000014552 88.75277674075988
vertex -3.589079074727283 -15.000000000014433 87.67766952966204
endloop
endfacet
facet normal -0.5332391126801844 0.31622776601658004 0.7846375269563728
outer loop
vertex -0.5255773692185065 -18.000000000014985 91.50409493113642
vertex -1.2340858863880395 -15.000000000014653 89.75387530939065
vertex -1.8469929400404805 -18.00000000001494 90.54403032176575
endloop
endfacet
facet normal -0.5814546850579816 0.3162277660165824 0.7496068631117815
outer loop
vertex -1.2340858863880395 -15.000000000014653 89.75387530939065
vertex -0.5255773692185065 -18.000000000014985 91.50409493113642
vertex 0.03650600863309077 -15.000000000014712 90.67701435686246
endloop
endfacet
facet normal -0.701057384649977 0.13052619221988043 0.7010573846500107
outer loop
vertex 15.021889559684151 -9.482361909803664 73.83758942566651
vertex 14.126686099703255 -9.764869731788174 72.99498461321916
vertex 14.9955902359202 -9.764869731788277 73.86388874943606
endloop
endfacet
facet normal 0.9110145808250423 0.3162277660168922 0.26467420260414215
outer loop
vertex 39.05622628253764 -18.00000000000644 77.25376875701816
vertex 38.48650950340544 -15.00000000000608 75.4535810349126
vertex 38.09593259686023 -15.000000000006493 76.97477765097976
endloop
endfacet
facet normal 0.9258359323387854 0.31622776601690844 0.20694884969558955
outer loop
vertex 38.48650950340544 -15.00000000000608 75.4535810349126
vertex 39.05622628253764 -18.00000000000644 77.25376875701816
vertex 39.462426265344575 -18.000000000006008 75.67172427630832
endloop
endfacet
facet normal 0.8925978709637538 0.31622776601687597 0.32135500735316114
outer loop
vertex 38.55149044774696 -18.00000000000686 78.80718592637577
vertex 38.09593259686023 -15.000000000006493 76.97477765097976
vertex 37.61060967879235 -15.00000000000692 78.46844800613128
endloop
endfacet
facet normal 0.9110145808250417 0.31622776601689223 0.2646742026041439
outer loop
vertex 38.09593259686023 -15.000000000006493 76.97477765097976
vertex 38.55149044774696 -18.00000000000686 78.80718592637577
vertex 39.05622628253764 -18.00000000000644 77.25376875701816
endloop
endfacet
facet normal -0.7071067811865518 -2.7696190214321103e-13 0.7071067811865434
outer loop
vertex -3.8157125084713037 -16.600000000011118 73.7621673396756
vertex -4.2299260708442015 -18.000000000011095 73.44433009447948
vertex -3.8157125084711403 -18.000000000011116 73.76216733967526
endloop
endfacet
facet normal -0.49999999999998623 -2.872306024017942e-13 0.8660254037844465
outer loop
vertex -4.2299260708442015 -18.000000000011095 73.44433009447948
vertex -3.8157125084713037 -16.600000000011118 73.7621673396756
vertex -4.229926070844396 -16.600000000011093 73.44433009447984
endloop
endfacet
facet normal 0.9659258262890686 1.9315326424065226e-13 -0.25881904510251996
outer loop
vertex -7.161777723422547 -16.600000000012017 75.69401899225375
vertex -6.961976878413125 -18.0000000000121 76.17638090204836
vertex -7.161777723422366 -18.000000000012015 75.69401899225339
endloop
endfacet
facet normal 0.8660254037844417 2.378366612223487e-13 -0.4999999999999951
outer loop
vertex -6.961976878413125 -18.0000000000121 76.17638090204836
vertex -7.161777723422547 -16.600000000012017 75.69401899225375
vertex -6.961976878413292 -16.600000000012106 76.17638090204869
endloop
endfacet
facet normal 0.8660254037844417 2.378366612223487e-13 -0.4999999999999951
outer loop
vertex -6.961976878413125 -18.0000000000121 76.17638090204836
vertex -6.644139633217503 -16.600000000012166 76.5905944644218
vertex -6.644139633217349 -18.000000000012164 76.59059446442146
endloop
endfacet
facet normal 0.7071067811865467 2.73219316622878e-13 -0.7071067811865485
outer loop
vertex -6.644139633217503 -16.600000000012166 76.5905944644218
vertex -6.961976878413125 -18.0000000000121 76.17638090204836
vertex -6.961976878413292 -16.600000000012106 76.17638090204869
endloop
endfacet
facet normal -0.48291908913841636 0.316227766016579 0.8165715849488557
outer loop
vertex 0.8535136454272899 -18.000000000015014 92.37929270210033
vertex 0.03650600863309077 -15.000000000014712 90.67701435686246
vertex -0.5255773692185065 -18.000000000014985 91.50409493113642
endloop
endfacet
facet normal -0.5332391126801864 0.31622776601658 0.7846375269563715
outer loop
vertex 0.03650600863309077 -15.000000000014712 90.67701435686246
vertex 0.8535136454272899 -18.000000000015014 92.37929270210033
vertex 1.362555061177022 -15.000000000014744 91.51855067509705
endloop
endfacet
facet normal -0.4306932045765697 0.3162277660165787 0.8452830079516144
outer loop
vertex 2.7388279614476763 -15.000000000014753 92.27516310470766
vertex 0.8535136454272899 -18.000000000015014 92.37929270210033
vertex 2.2848374617086757 -18.000000000015024 93.1661696288954
endloop
endfacet
facet normal -0.48291908913841636 0.316227766016579 0.8165715849488557
outer loop
vertex 0.8535136454272899 -18.000000000015014 92.37929270210033
vertex 2.7388279614476763 -15.000000000014753 92.27516310470766
vertex 1.362555061177022 -15.000000000014744 91.51855067509705
endloop
endfacet
facet normal -0.9659258262890679 -6.406729454877064e-14 -0.25881904510252274
outer loop
vertex 21.19682300956557 -16.60000000000244 51.199121564421965
vertex 21.264971356987616 -18.00000000000229 50.68148347421657
vertex 21.19682300956574 -18.00000000000244 51.199121564421624
endloop
endfacet
facet normal -1.0 -1.3697011219311535e-13 5.7176485768175746e-15
outer loop
vertex 21.264971356987616 -18.00000000000229 50.68148347421657
vertex 21.19682300956557 -16.60000000000244 51.199121564421965
vertex 21.264971356987424 -16.60000000000229 50.68148347421692
endloop
endfacet
facet normal -0.9084918099629852 -2.507530288362708e-14 -0.4179026576012402
outer loop
vertex 23.173508554564837 -1.0000000000077447 74.17902657601448
vertex 21.782335809227167 -3.00000000000846 76.38797952590113
vertex 21.782335809226876 -1.0000000000084581 76.38797952590163
endloop
endfacet
facet normal -0.7693745354291905 4.409711530628095e-14 -0.6387979525899541
outer loop
vertex 21.782335809227167 -3.00000000000846 76.38797952590113
vertex 23.173508554564837 -1.0000000000077447 74.17902657601448
vertex 23.173508554565124 -3.0000000000077467 74.17902657601398
endloop
endfacet
facet normal -0.9856968690015064 -9.441105251444472e-14 -0.1685279871137935
outer loop
vertex 23.945559144950053 -1.0000000000070424 71.68527987114001
vertex 23.173508554565124 -3.0000000000077467 74.17902657601398
vertex 23.173508554564837 -1.0000000000077447 74.17902657601448
endloop
endfacet
facet normal -0.908491809962986 -2.5075302883627576e-14 -0.41790265760123846
outer loop
vertex 23.173508554565124 -3.0000000000077467 74.17902657601398
vertex 23.945559144950053 -1.0000000000070424 71.68527987114001
vertex 23.945559144950323 -3.0000000000070446 71.68527987113951
endloop
endfacet
facet normal -0.3767675707012648 0.31622776601657976 0.8706584850950635
outer loop
vertex 4.159893189066798 -15.00000000001473 92.94386564209803
vertex 2.2848374617086757 -18.000000000015024 93.1661696288954
vertex 3.762745298432592 -18.000000000015003 93.86162026778136
endloop
endfacet
facet normal -0.43069320457656735 0.3162277660165788 0.8452830079516156
outer loop
vertex 2.2848374617086757 -18.000000000015024 93.1661696288954
vertex 4.159893189066798 -15.00000000001473 92.94386564209803
vertex 2.7388279614476763 -15.000000000014753 92.27516310470766
endloop
endfacet
facet normal -0.32135500735312883 0.31622776601658126 0.8925978709638696
outer loop
vertex 5.28140452855926 -18.00000000001494 94.46289999280773
vertex 4.159893189066798 -15.00000000001473 92.94386564209803
vertex 3.762745298432592 -18.000000000015003 93.86162026778136
endloop
endfacet
facet normal -0.3767675707012648 0.31622776601657976 0.8706584850950635
outer loop
vertex 4.159893189066798 -15.00000000001473 92.94386564209803
vertex 5.28140452855926 -18.00000000001494 94.46289999280773
vertex 5.620142448803942 -15.000000000014682 93.52201922385416
endloop
endfacet
facet normal 0.8452830079515088 0.3162277660170515 -0.4306932045764299
outer loop
vertex 37.254760083834846 -18.00000000000206 58.196247006769916
vertex 37.03245609703651 -15.000000000002547 60.07130273412948
vertex 37.95021072272078 -18.000000000002334 59.67415484349387
endloop
endfacet
facet normal 0.8706584850949577 0.31622776601704206 -0.3767675707011211
outer loop
vertex 37.03245609703651 -15.000000000002547 60.07130273412948
vertex 37.254760083834846 -18.00000000000206 58.196247006769916
vertex 36.3637535596462 -15.000000000002288 58.65023750651032
endloop
endfacet
facet normal 0.8706584850949577 0.31622776601704206 -0.3767675707011211
outer loop
vertex 37.03245609703651 -15.000000000002547 60.07130273412948
vertex 38.55149044774707 -18.000000000002608 61.19281407362062
vertex 37.95021072272078 -18.000000000002334 59.67415484349387
endloop
endfacet
facet normal 0.8925978709637604 0.31622776601703156 -0.32135500735298894
outer loop
vertex 38.55149044774707 -18.000000000002608 61.19281407362062
vertex 37.03245609703651 -15.000000000002547 60.07130273412948
vertex 37.610609678792585 -15.000000000002826 61.53155199386671
endloop
endfacet
facet normal 0.9957283153586698 1.5565144571196391e-13 -0.09233158718978857
outer loop
vertex 4.1313073013482935 -1.0000000000094056 70.92331587189996
vertex 4.709565229505424 -3.000000000009943 73.46898916411712
vertex 4.131307301348564 -3.000000000009402 70.9233158718995
endloop
endfacet
facet normal 0.9379025225429829 2.0829288046885967e-13 -0.34689891641155257
outer loop
vertex 4.709565229505424 -3.000000000009943 73.46898916411712
vertex 4.1313073013482935 -1.0000000000094056 70.92331587189996
vertex 4.709565229505148 -1.000000000009947 73.46898916411757
endloop
endfacet
facet normal 0.9379025225429829 2.0829288046885967e-13 -0.34689891641155257
outer loop
vertex 4.709565229505424 -3.000000000009943 73.46898916411712
vertex 5.926988227203024 -1.0000000000103475 75.77825657757637
vertex 5.926988227203312 -3.0000000000103464 75.77825657757592
endloop
endfacet
facet normal 0.8161602227731969 2.459171828516201e-13 -0.5778256577574291
outer loop
vertex 5.926988227203024 -1.0000000000103475 75.77825657757637
vertex 4.709565229505424 -3.000000000009943 73.46898916411712
vertex 4.709565229505148 -1.000000000009947 73.46898916411757
endloop
endfacet
facet normal -0.26467420260411195 0.3162277660165841 0.9110145808251578
outer loop
vertex 6.834821697916914 -18.000000000014854 94.96763582759839
vertex 5.620142448803942 -15.000000000014682 93.52201922385416
vertex 5.28140452855926 -18.00000000001494 94.46289999280773
endloop
endfacet
facet normal -0.32135500735313155 0.31622776601658137 0.8925978709638686
outer loop
vertex 5.620142448803942 -15.000000000014682 93.52201922385416
vertex 6.834821697916914 -18.000000000014854 94.96763582759839
vertex 7.113812803955536 -15.000000000014605 94.00734214192214
endloop
endfacet
facet normal -0.20694884969555963 0.3162277660165881 0.9258359323389015
outer loop
vertex 8.635009420022628 -15.00000000001449 94.39791904846727
vertex 6.834821697916914 -18.000000000014854 94.96763582759839
vertex 8.41686617862672 -18.000000000014754 95.37383581040532
endloop
endfacet
facet normal -0.26467420260411195 0.3162277660165841 0.9110145808251578
outer loop
vertex 6.834821697916914 -18.000000000014854 94.96763582759839
vertex 8.635009420022628 -15.00000000001449 94.39791904846727
vertex 7.113812803955536 -15.000000000014605 94.00734214192214
endloop
endfacet
facet normal -0.49999999999998535 -2.872306024017942e-13 0.866025403784447
outer loop
vertex -4.229926070844396 -16.600000000011093 73.44433009447984
vertex -4.712287980639193 -18.00000000001111 73.24452924947022
vertex -4.2299260708442015 -18.000000000011095 73.44433009447948
endloop
endfacet
facet normal -0.25881904510252557 -2.7742243290936897e-13 0.9659258262890672
outer loop
vertex -4.712287980639193 -18.00000000001111 73.24452924947022
vertex -4.229926070844396 -16.600000000011093 73.44433009447984
vertex -4.712287980639357 -16.600000000011107 73.24452924947059
endloop
endfacet
facet normal -0.2588190451025278 -2.7742243290936907e-13 0.9659258262890664
outer loop
vertex -4.712287980639357 -16.600000000011107 73.24452924947059
vertex -5.229926070844205 -18.00000000001116 73.17638090204835
vertex -4.712287980639193 -18.00000000001111 73.24452924947022
endloop
endfacet
facet normal -1.4099832412738494e-14 -2.495692894828812e-13 1.0
outer loop
vertex -5.229926070844205 -18.00000000001116 73.17638090204835
vertex -4.712287980639357 -16.600000000011107 73.24452924947059
vertex -5.229926070844431 -16.60000000001116 73.17638090204869
endloop
endfacet
facet normal 0.9659258262890642 7.034692547780302e-14 0.2588190451025364
outer loop
vertex 26.29887442608997 -18.00000000000962 83.62449753352386
vertex 26.498675271099085 -16.600000000009466 83.14213562372927
vertex 26.298874426089803 -16.60000000000962 83.62449753352423
endloop
endfacet
facet normal 0.8660254037844359 -6.131534630026013e-15 0.5000000000000051
outer loop
vertex 26.498675271099085 -16.600000000009466 83.14213562372927
vertex 26.29887442608997 -18.00000000000962 83.62449753352386
vertex 26.498675271099213 -18.000000000009468 83.14213562372892
endloop
endfacet
facet normal 1.0 1.4099930210991288e-13 1.3544720900429866e-14
outer loop
vertex 26.23072607866812 -18.00000000000976 84.14213562372892
vertex 26.298874426089803 -16.60000000000962 83.62449753352423
vertex 26.230726078667892 -16.600000000009757 84.14213562372929
endloop
endfacet
facet normal 0.9659258262890642 7.034692547780308e-14 0.2588190451025361
outer loop
vertex 26.298874426089803 -16.60000000000962 83.62449753352423
vertex 26.23072607866812 -18.00000000000976 84.14213562372892
vertex 26.29887442608997 -18.00000000000962 83.62449753352386
endloop
endfacet
facet normal -8.856057073231923e-14 0.7071067811867147 -0.7071067811863805
outer loop
vertex 28.230726078667733 -15.000000000010372 87.74213562372967
vertex 28.748364168872968 -16.600000000009896 86.07398727630745
vertex 28.230726078667868 -16.600000000009985 86.1421356237293
endloop
endfacet
facet normal -0.18301270189231192 0.7071067811866916 -0.6830127018920455
outer loop
vertex 28.748364168872968 -16.600000000009896 86.07398727630745
vertex 28.230726078667733 -15.000000000010372 87.74213562372967
vertex 29.16247464103681 -15.000000000010223 87.61946859837035
endloop
endfacet
facet normal -0.18301270189231214 0.7071067811866916 -0.6830127018920453
outer loop
vertex 29.16247464103681 -15.000000000010223 87.61946859837035
vertex 29.23072607866789 -16.600000000009793 85.87418643129814
vertex 28.748364168872968 -16.600000000009896 86.07398727630745
endloop
endfacet
facet normal -0.353553390593366 0.7071067811866518 -0.6123724356956209
outer loop
vertex 29.23072607866789 -16.600000000009793 85.87418643129814
vertex 29.16247464103681 -15.000000000010223 87.61946859837035
vertex 30.03072607866775 -15.000000000010008 87.25982707735366
endloop
endfacet
facet normal -0.3535533905933679 0.7071067811866517 -0.6123724356956199
outer loop
vertex 30.03072607866775 -15.000000000010008 87.25982707735366
vertex 29.644939641041045 -16.600000000009658 85.55634918610238
vertex 29.23072607866789 -16.600000000009793 85.87418643129814
endloop
endfacet
facet normal -0.5000000000000916 0.7071067811866061 -0.4999999999998258
outer loop
vertex 29.644939641041045 -16.600000000009658 85.55634918610238
vertex 30.03072607866775 -15.000000000010008 87.25982707735366
vertex 30.77631049093931 -15.000000000009775 86.68772003600125
endloop
endfacet
facet normal -1.0 -1.445249842688615e-13 3.3306690738716606e-15
outer loop
vertex -3.22992607084444 -16.6000000000114 75.17638090204872
vertex -3.2980744182660775 -18.00000000001125 74.65874281184334
vertex -3.229926070844206 -18.0000000000114 75.17638090204838
endloop
endfacet
facet normal -0.9659258262890698 -2.0333102518625232e-13 0.2588190451025152
outer loop
vertex -3.2980744182660775 -18.00000000001125 74.65874281184334
vertex -3.22992607084444 -16.6000000000114 75.17638090204872
vertex -3.298074418266306 -16.600000000011253 74.65874281184368
endloop
endfacet
facet normal 0.7071067811865551 -8.217671030410431e-14 0.70710678118654
outer loop
vertex 26.816512516295035 -18.00000000000934 82.72792206135584
vertex 26.498675271099085 -16.600000000009466 83.14213562372927
vertex 26.498675271099213 -18.000000000009468 83.14213562372892
endloop
endfacet
facet normal 0.8660254037844359 -6.131534630026013e-15 0.5000000000000051
outer loop
vertex 26.498675271099085 -16.600000000009466 83.14213562372927
vertex 26.816512516295035 -18.00000000000934 82.72792206135584
vertex 26.816512516294836 -16.600000000009338 82.7279220613562
endloop
endfacet
facet normal 0.7846375269562692 0.31622776601706803 -0.5332391126800474
outer loop
vertex 35.59268538607586 -18.000000000001595 55.38583217584277
vertex 35.607141130035565 -15.000000000002053 57.273964606239666
vertex 36.467883157039815 -18.00000000000182 56.764923190488496
endloop
endfacet
facet normal 0.8165715849487498 0.31622776601706015 -0.4829190891382801
outer loop
vertex 35.607141130035565 -15.000000000002053 57.273964606239666
vertex 35.59268538607586 -18.000000000001595 55.38583217584277
vertex 34.76560481180103 -15.000000000001839 55.947915553695694
endloop
endfacet
facet normal 0.8165715849487498 0.31622776601706015 -0.4829190891382801
outer loop
vertex 35.607141130035565 -15.000000000002053 57.273964606239666
vertex 37.254760083834846 -18.00000000000206 58.196247006769916
vertex 36.467883157039815 -18.00000000000182 56.764923190488496
endloop
endfacet
facet normal 0.8452830079515088 0.3162277660170515 -0.4306932045764299
outer loop
vertex 37.254760083834846 -18.00000000000206 58.196247006769916
vertex 35.607141130035565 -15.000000000002053 57.273964606239666
vertex 36.3637535596462 -15.000000000002288 58.65023750651032
endloop
endfacet
facet normal 0.7496068631116807 0.3162277660170755 -0.5814546850578435
outer loop
vertex 33.84246576432929 -15.000000000001648 54.6773236586745
vertex 35.59268538607586 -18.000000000001595 55.38583217584277
vertex 34.63262077670522 -18.000000000001396 54.06441660502076
endloop
endfacet
facet normal 0.7846375269562692 0.31622776601706803 -0.5332391126800474
outer loop
vertex 35.59268538607586 -18.000000000001595 55.38583217584277
vertex 33.84246576432929 -15.000000000001648 54.6773236586745
vertex 34.76560481180103 -15.000000000001839 55.947915553695694
endloop
endfacet
facet normal -0.9659258262890684 -2.0333102518625346e-13 0.25881904510252085
outer loop
vertex -3.298074418266306 -16.600000000011253 74.65874281184368
vertex -3.497875263275338 -18.000000000011163 74.17638090204838
vertex -3.2980744182660775 -18.00000000001125 74.65874281184334
endloop
endfacet
facet normal -0.8660254037844479 -2.470204986645984e-13 0.49999999999998385
outer loop
vertex -3.497875263275338 -18.000000000011163 74.17638090204838
vertex -3.298074418266306 -16.600000000011253 74.65874281184368
vertex -3.4978752632755463 -16.60000000001116 74.17638090204872
endloop
endfacet
facet normal 0.7071067811865551 -8.217671030410431e-14 0.70710678118654
outer loop
vertex 26.816512516295035 -18.00000000000934 82.72792206135584
vertex 27.230726078667914 -16.600000000009207 82.41008481616039
vertex 26.816512516294836 -16.600000000009338 82.7279220613562
endloop
endfacet
facet normal 0.4999999999999955 -1.5280118944088075e-13 0.8660254037844413
outer loop
vertex 27.230726078667914 -16.600000000009207 82.41008481616039
vertex 26.816512516295035 -18.00000000000934 82.72792206135584
vertex 27.230726078668084 -18.000000000009205 82.41008481616004
endloop
endfacet
facet normal 1.0 1.4099930210991358e-13 1.065814103640446e-14
outer loop
vertex 26.230726078667892 -16.600000000009757 84.14213562372929
vertex 26.29887442608997 -18.000000000009877 84.65977371393399
vertex 26.23072607866812 -18.00000000000976 84.14213562372892
endloop
endfacet
facet normal 0.965925826289071 2.0016697255508124e-13 -0.25881904510251075
outer loop
vertex 26.29887442608997 -18.000000000009877 84.65977371393399
vertex 26.230726078667892 -16.600000000009757 84.14213562372929
vertex 26.298874426089732 -16.600000000009874 84.65977371393433
endloop
endfacet
facet normal -0.14840676422319266 0.3162277660165924 0.937003432401908
outer loop
vertex 10.177728828930475 -15.00000000001437 94.69220851487705
vertex 8.41686617862672 -18.000000000014754 95.37383581040532
vertex 10.021294363890851 -18.000000000014637 95.67989685547147
endloop
endfacet
facet normal -0.20694884969555652 0.31622776601658803 0.9258359323389022
outer loop
vertex 8.41686617862672 -18.000000000014754 95.37383581040532
vertex 10.177728828930475 -15.00000000001437 94.69220851487705
vertex 8.635009420022628 -15.00000000001449 94.39791904846727
endloop
endfacet
facet normal -0.08927898505303868 0.31622776601659847 0.9444730079933733
outer loop
vertex 11.735882621973323 -15.000000000014222 94.88904911507565
vertex 10.021294363890851 -18.000000000014637 95.67989685547147
vertex 11.641774308655412 -18.000000000014488 95.88461107967801
endloop
endfacet
facet normal -0.14840676422318969 0.31622776601659247 0.9370034324019085
outer loop
vertex 10.021294363890851 -18.000000000014637 95.67989685547147
vertex 11.735882621973323 -15.000000000014222 94.88904911507565
vertex 10.177728828930475 -15.00000000001437 94.69220851487705
endloop
endfacet
facet normal -0.029798862516564575 0.3162277660166061 0.9482151801109627
outer loop
vertex 13.271910718905424 -18.000000000014293 95.98717056950697
vertex 11.735882621973323 -15.000000000014222 94.88904911507565
vertex 11.641774308655412 -18.000000000014488 95.88461107967801
endloop
endfacet
facet normal -0.08927898505303868 0.31622776601659847 0.9444730079933733
outer loop
vertex 11.735882621973323 -15.000000000014222 94.88904911507565
vertex 13.271910718905424 -18.000000000014293 95.98717056950697
vertex 13.303321477983031 -15.000000000014047 94.98766400914197
endloop
endfacet
facet normal -0.7071067811865493 7.353678433591777e-14 -0.7071067811865458
outer loop
vertex -3.815712508471332 -16.600000000011804 76.59059446442178
vertex -3.4978752632753576 -18.00000000001166 76.17638090204838
vertex -3.8157125084711514 -18.000000000011802 76.59059446442146
endloop
endfacet
facet normal -0.8660254037844316 -1.0835705611792107e-15 -0.5000000000000121
outer loop
vertex -3.4978752632753576 -18.00000000001166 76.17638090204838
vertex -3.815712508471332 -16.600000000011804 76.59059446442178
vertex -3.4978752632755294 -16.60000000001166 76.17638090204869
endloop
endfacet
facet normal 0.2646742026040015 0.316227766016653 0.9110145808251661
outer loop
vertex 21.342359211956758 -18.000000000013006 94.9676358275986
vertex 19.54217148985001 -15.000000000013085 94.39791904846746
vertex 19.760314731246908 -18.000000000013287 95.3738358104055
endloop
endfacet
facet normal 0.2069488496954475 0.31622776601664204 0.9258359323389079
outer loop
vertex 19.54217148985001 -15.000000000013085 94.39791904846746
vertex 21.342359211956758 -18.000000000013006 94.9676358275986
vertex 21.0633681059172 -15.00000000001281 94.00734214192238
endloop
endfacet
facet normal 0.5778256577574307 -1.1696659962714297e-13 0.8161602227731958
outer loop
vertex 8.310333877360943 -3.0000000000066667 61.838397772269644
vertex 6.394845100643108 -1.0000000000073441 63.6120204741025
vertex 6.394845100643362 -3.0000000000073404 63.612020474102046
endloop
endfacet
facet normal 0.7693745354291873 -4.783770788134281e-14 0.638797952589958
outer loop
vertex 6.394845100643108 -1.0000000000073441 63.6120204741025
vertex 8.310333877360943 -3.0000000000066667 61.838397772269644
vertex 8.310333877360694 -1.0000000000066702 61.838397772270106
endloop
endfacet
facet normal 0.7693745354291887 -4.783770788134228e-14 0.6387979525899563
outer loop
vertex 6.394845100643362 -3.0000000000073404 63.612020474102046
vertex 5.003672355305146 -1.0000000000080576 65.82097342398964
vertex 5.003672355305399 -3.000000000008054 65.8209734239892
endloop
endfacet
facet normal 0.9084918099629846 2.3416885405821208e-14 0.41790265760124146
outer loop
vertex 5.003672355305146 -1.0000000000080576 65.82097342398964
vertex 6.394845100643362 -3.0000000000073404 63.612020474102046
vertex 6.394845100643108 -1.0000000000073441 63.6120204741025
endloop
endfacet
facet normal 0.9659258262890713 2.0016697255508104e-13 -0.25881904510250947
outer loop
vertex 26.298874426089732 -16.600000000009874 84.65977371393433
vertex 26.49867527109918 -18.000000000009965 85.14213562372893
vertex 26.29887442608997 -18.000000000009877 84.65977371393399
endloop
endfacet
facet normal 0.866025403784438 2.452496653528422e-13 -0.5000000000000009
outer loop
vertex 26.49867527109918 -18.000000000009965 85.14213562372893
vertex 26.298874426089732 -16.600000000009874 84.65977371393433
vertex 26.498675271098993 -16.600000000009967 85.14213562372927
endloop
endfacet
facet normal 0.866025403784438 2.4524966535284223e-13 -0.5000000000000012
outer loop
vertex 26.498675271098993 -16.600000000009967 85.14213562372927
vertex 26.816512516295006 -18.000000000010026 85.55634918610201
vertex 26.49867527109918 -18.000000000009965 85.14213562372893
endloop
endfacet
facet normal 0.7071067811865367 2.732768920325028e-13 -0.7071067811865585
outer loop
vertex 26.816512516295006 -18.000000000010026 85.55634918610201
vertex 26.498675271098993 -16.600000000009967 85.14213562372927
vertex 26.816512516294825 -16.600000000010027 85.5563491861024
endloop
endfacet
facet normal 0.029798862516453608 0.3162277660166137 0.9482151801109637
outer loop
vertex 14.87385943188966 -15.00000000001383 94.98766400914202
vertex 13.271910718905424 -18.000000000014293 95.98717056950697
vertex 14.905270190968146 -18.00000000001408 95.987170569507
endloop
endfacet
facet normal -0.029798862516564575 0.3162277660166061 0.9482151801109627
outer loop
vertex 13.271910718905424 -18.000000000014293 95.98717056950697
vertex 14.87385943188966 -15.00000000001383 94.98766400914202
vertex 13.303321477983031 -15.000000000014047 94.98766400914197
endloop
endfacet
facet normal 0.9110145808250479 0.3162277660170202 -0.2646742026039697
outer loop
vertex 38.09593259686048 -15.000000000003123 63.02522234901826
vertex 39.46242626534467 -18.000000000003265 64.32827572368808
vertex 39.05622628253777 -18.00000000000295 62.746231242978226
endloop
endfacet
facet normal 0.9258359323387902 0.3162277660170079 -0.2069488496954154
outer loop
vertex 39.46242626534467 -18.000000000003265 64.32827572368808
vertex 38.09593259686048 -15.000000000003123 63.02522234901826
vertex 38.48650950340558 -15.000000000003435 64.54641896508544
endloop
endfacet
facet normal 0.9258359323387907 0.3162277660170079 -0.2069488496954139
outer loop
vertex 38.48650950340558 -15.000000000003435 64.54641896508544
vertex 39.768487310410805 -18.000000000003595 65.9327039089522
vertex 39.46242626534467 -18.000000000003265 64.32827572368808
endloop
endfacet
facet normal 0.937003432401795 0.3162277660169954 -0.1484067642230475
outer loop
vertex 39.768487310410805 -18.000000000003595 65.9327039089522
vertex 38.48650950340558 -15.000000000003435 64.54641896508544
vertex 38.78079896981535 -15.000000000003777 66.08913837399325
endloop
endfacet
facet normal -1.1990408665951689e-14 2.418437155483862e-13 -1.0
outer loop
vertex 19.264971356987438 -16.600000000003046 52.68148347421692
vertex 19.782609447192662 -18.000000000002963 52.6133351267947
vertex 19.2649713569876 -18.000000000003045 52.68148347421659
endloop
endfacet
facet normal -0.25881904510252496 1.9816549613636412e-13 -0.9659258262890672
outer loop
vertex 19.782609447192662 -18.000000000002963 52.6133351267947
vertex 19.264971356987438 -16.600000000003046 52.68148347421692
vertex 19.78260944719246 -16.600000000002964 52.613335126795064
endloop
endfacet
facet normal 0.089278985052924 0.3162277660166215 0.9444730079933765
outer loop
vertex 16.535406601218163 -18.00000000001385 95.8846110796781
vertex 14.87385943188966 -15.00000000001383 94.98766400914202
vertex 14.905270190968146 -18.00000000001408 95.987170569507
endloop
endfacet
facet normal 0.029798862516453608 0.3162277660166137 0.9482151801109637
outer loop
vertex 14.87385943188966 -15.00000000001383 94.98766400914202
vertex 16.535406601218163 -18.00000000001385 95.8846110796781
vertex 16.4412982878993 -15.000000000013618 94.88904911507574
endloop
endfacet
facet normal 0.49999999999999933 2.7728870359789284e-13 -0.866025403784439
outer loop
vertex 18.264971356987417 -16.60000000000311 52.4135342817858
vertex 18.747333266782572 -18.00000000000309 52.61333512679472
vertex 18.264971356987598 -18.000000000003112 52.413534281785445
endloop
endfacet
facet normal 0.2588190451025236 2.7112252981758617e-13 -0.9659258262890675
outer loop
vertex 18.747333266782572 -18.00000000000309 52.61333512679472
vertex 18.264971356987417 -16.60000000000311 52.4135342817858
vertex 18.747333266782377 -16.600000000003092 52.613335126795086
endloop
endfacet
facet normal 0.14840676422307955 0.31622776601663133 0.9370034324019129
outer loop
vertex 18.15588654598275 -18.00000000001359 95.67989685547161
vertex 16.4412982878993 -15.000000000013618 94.88904911507574
vertex 16.535406601218163 -18.00000000001385 95.8846110796781
endloop
endfacet
facet normal 0.08927898505292417 0.3162277660166215 0.9444730079933766
outer loop
vertex 16.4412982878993 -15.000000000013618 94.88904911507574
vertex 18.15588654598275 -18.00000000001359 95.67989685547161
vertex 17.999452080942188 -15.00000000001337 94.6922085148772
endloop
endfacet
facet normal 0.20694884969544744 0.31622776601664204 0.9258359323389082
outer loop
vertex 19.760314731246908 -18.000000000013287 95.3738358104055
vertex 17.999452080942188 -15.00000000001337 94.6922085148772
vertex 18.15588654598275 -18.00000000001359 95.67989685547161
endloop
endfacet
facet normal 0.14840676422308027 0.3162277660166313 0.9370034324019129
outer loop
vertex 17.999452080942188 -15.00000000001337 94.6922085148772
vertex 19.760314731246908 -18.000000000013287 95.3738358104055
vertex 19.54217148985001 -15.000000000013085 94.39791904846746
endloop
endfacet
facet normal 0.8660254037844354 -3.9081471924645544e-15 0.5000000000000056
outer loop
vertex 17.53292054941874 -18.000000000002544 49.68148347421659
vertex 17.850757794614317 -16.600000000002403 49.267269911843826
vertex 17.53292054941853 -16.600000000002545 49.68148347421693
endloop
endfacet
facet normal 0.7071067811865474 -7.67836079223618e-14 0.7071067811865478
outer loop
vertex 17.850757794614317 -16.600000000002403 49.267269911843826
vertex 17.53292054941874 -18.000000000002544 49.68148347421659
vertex 17.85075779461451 -18.000000000002405 49.267269911843485
endloop
endfacet
facet normal 0.9659258262890686 7.074130086105204e-14 0.25881904510251924
outer loop
vertex 17.33311970440947 -18.000000000002686 50.163845384011545
vertex 17.53292054941853 -16.600000000002545 49.68148347421693
vertex 17.33311970440927 -16.600000000002687 50.163845384011886
endloop
endfacet
facet normal 0.8660254037844366 -3.908147192464012e-15 0.5000000000000039
outer loop
vertex 17.53292054941853 -16.600000000002545 49.68148347421693
vertex 17.33311970440947 -18.000000000002686 50.163845384011545
vertex 17.53292054941874 -18.000000000002544 49.68148347421659
endloop
endfacet
facet normal -0.7071067811865467 -2.5921786716151203e-13 0.7071067811865485
outer loop
vertex 20.679184919360512 -16.600000000002037 49.26726991184383
vertex 20.264971356987612 -18.000000000002 48.949432666647716
vertex 20.679184919360683 -18.000000000002036 49.267269911843506
endloop
endfacet
facet normal -0.4999999999999988 -2.7502852745867264e-13 0.8660254037844394
outer loop
vertex 20.264971356987612 -18.000000000002 48.949432666647716
vertex 20.679184919360512 -16.600000000002037 49.26726991184383
vertex 20.264971356987434 -16.600000000002 48.94943266664804
endloop
endfacet
facet normal -0.25881904510252 2.003286713688281e-13 -0.9659258262890685
outer loop
vertex 14.865047590242803 -3.0000000000085025 72.89777747886879
vertex 15.243255862365775 -8.26794919243953 72.74111848315277
vertex 14.865047590243467 -8.558158606715942 72.89777747886745
endloop
endfacet
facet normal -0.382683432365088 1.7422014886712385e-13 -0.9238795325112874
outer loop
vertex 15.243255862365775 -8.26794919243953 72.74111848315277
vertex 14.865047590242803 -3.0000000000085025 72.89777747886879
vertex 15.588590454935243 -3.000000000008336 72.59807621135494
endloop
endfacet
facet normal -0.382683432365088 1.7422014886712385e-13 -0.9238795325112874
outer loop
vertex 15.243255862365775 -8.26794919243953 72.74111848315277
vertex 15.588590454935243 -3.000000000008336 72.59807621135494
vertex 15.588590454935886 -8.12490692064031 72.59807621135369
endloop
endfacet
facet normal 0.9659258262890666 1.951291401772646e-13 -0.25881904510252657
outer loop
vertex 17.333119704409487 -18.00000000000293 51.199121564421645
vertex 17.532920549418538 -16.600000000003025 51.68148347421692
vertex 17.532920549418723 -18.000000000003045 51.6814834742166
endloop
endfacet
facet normal 0.8660254037844402 2.3598065628765247e-13 -0.49999999999999756
outer loop
vertex 17.532920549418538 -16.600000000003025 51.68148347421692
vertex 17.333119704409487 -18.00000000000293 51.199121564421645
vertex 17.33311970440928 -16.60000000000293 51.199121564421986
endloop
endfacet
facet normal 0.8660254037844402 2.3598065628765247e-13 -0.49999999999999756
outer loop
vertex 17.532920549418538 -16.600000000003025 51.68148347421692
vertex 17.850757794614502 -18.000000000003084 52.095697036589705
vertex 17.532920549418723 -18.000000000003045 51.6814834742166
endloop
endfacet
facet normal 0.7071067811865446 2.6491490676228636e-13 -0.7071067811865506
outer loop
vertex 17.850757794614502 -18.000000000003084 52.095697036589705
vertex 17.532920549418538 -16.600000000003025 51.68148347421692
vertex 17.850757794614328 -16.60000000000308 52.09569703659003
endloop
endfacet
facet normal -9.172470635250131e-14 0.7071067811863756 0.7071067811867195
outer loop
vertex 19.26497135698745 -16.60000000000208 48.681483474216904
vertex 20.19671991935632 -15.000000000001597 47.20415049957665
vertex 19.26497135698724 -15.000000000001688 47.0814834742173
endloop
endfacet
facet normal -0.18301270189231378 0.7071067811863592 0.6830127018923892
outer loop
vertex 20.19671991935632 -15.000000000001597 47.20415049957665
vertex 19.26497135698745 -16.60000000000208 48.681483474216904
vertex 19.782609447192467 -16.600000000002016 48.74963182163877
endloop
endfacet
facet normal 0.18301270189212684 0.7071067811864049 0.6830127018923917
outer loop
vertex 18.74733326678238 -16.600000000002165 48.74963182163878
vertex 19.26497135698724 -15.000000000001688 47.0814834742173
vertex 18.333222794618163 -15.000000000001837 47.204150499576635
endloop
endfacet
facet normal -9.200226210865761e-14 0.7071067811863757 0.7071067811867195
outer loop
vertex 19.26497135698724 -15.000000000001688 47.0814834742173
vertex 18.74733326678238 -16.600000000002165 48.74963182163878
vertex 19.26497135698745 -16.60000000000208 48.681483474216904
endloop
endfacet
facet normal 0.321355007353019 0.3162277660166643 0.8925978709638799
outer loop
vertex 22.895776381314292 -18.000000000012687 94.46289999280796
vertex 21.0633681059172 -15.00000000001281 94.00734214192238
vertex 21.342359211956758 -18.000000000013006 94.9676358275986
endloop
endfacet
facet normal 0.264674202604002 0.316227766016653 0.9110145808251658
outer loop
vertex 21.0633681059172 -15.00000000001281 94.00734214192238
vertex 22.895776381314292 -18.000000000012687 94.46289999280796
vertex 22.55703846106877 -15.000000000012498 93.52201922385444
endloop
endfacet
facet normal 0.37676757070115413 0.31622776601667674 0.8706584850950762
outer loop
vertex 24.41443561144108 -18.000000000012342 93.86162026778163
vertex 22.55703846106877 -15.000000000012498 93.52201922385444
vertex 22.895776381314292 -18.000000000012687 94.46289999280796
endloop
endfacet
facet normal 0.32135500735302047 0.3162277660166643 0.8925978709638792
outer loop
vertex 22.55703846106877 -15.000000000012498 93.52201922385444
vertex 24.41443561144108 -18.000000000012342 93.86162026778163
vertex 24.017287720805978 -15.000000000012172 92.94386564209836
endloop
endfacet
facet normal 0.25881904510251724 -2.072880653200706e-13 0.9659258262890693
outer loop
vertex -5.747564161049281 -18.000000000011237 73.24452924947022
vertex -5.229926070844431 -16.60000000001116 73.17638090204869
vertex -5.747564161049482 -16.60000000001124 73.24452924947057
endloop
endfacet
facet normal -8.215650382225164e-15 -2.4956928948288033e-13 1.0
outer loop
vertex -5.229926070844431 -16.60000000001116 73.17638090204869
vertex -5.747564161049281 -18.000000000011237 73.24452924947022
vertex -5.229926070844205 -18.00000000001116 73.17638090204835
endloop
endfacet
facet normal 0.43069320457645976 0.3162277660166895 0.845283007951629
outer loop
vertex 25.89234344816501 -18.000000000011987 93.16616962889573
vertex 24.017287720805978 -15.000000000012172 92.94386564209836
vertex 24.41443561144108 -18.000000000012342 93.86162026778163
endloop
endfacet
facet normal 0.37676757070115474 0.3162277660166767 0.8706584850950759
outer loop
vertex 24.017287720805978 -15.000000000012172 92.94386564209836
vertex 25.89234344816501 -18.000000000011987 93.16616962889573
vertex 25.438352948425187 -15.000000000011825 92.27516310470804
endloop
endfacet
facet normal 0.48291908913831033 0.31622776601670305 0.8165715849488703
outer loop
vertex 27.323667264446446 -18.00000000001161 92.37929270210071
vertex 25.438352948425187 -15.000000000011825 92.27516310470804
vertex 25.89234344816501 -18.000000000011987 93.16616962889573
endloop
endfacet
facet normal 0.430693204576461 0.3162277660166895 0.8452830079516285
outer loop
vertex 25.438352948425187 -15.000000000011825 92.27516310470804
vertex 27.323667264446446 -18.00000000001161 92.37929270210071
vertex 26.8146258486958 -15.000000000011465 91.51855067509746
endloop
endfacet
facet normal 0.4999999999999044 0.7071067811867328 -0.49999999999983363
outer loop
vertex 17.850757794614328 -16.60000000000308 52.09569703659003
vertex 17.46497135698724 -15.000000000003547 53.799174927841285
vertex 18.264971356987417 -16.60000000000311 52.4135342817858
endloop
endfacet
facet normal 0.35355339059318264 0.7071067811867394 -0.6123724356956257
outer loop
vertex 17.46497135698724 -15.000000000003547 53.799174927841285
vertex 17.850757794614328 -16.60000000000308 52.09569703659003
vertex 16.719386944715655 -15.000000000003507 53.227067886488896
endloop
endfacet
facet normal 0.35355339059318264 0.7071067811867394 -0.6123724356956257
outer loop
vertex 17.46497135698724 -15.000000000003547 53.799174927841285
vertex 18.747333266782377 -16.600000000003092 52.613335126795086
vertex 18.264971356987417 -16.60000000000311 52.4135342817858
endloop
endfacet
facet normal 0.18301270189212723 0.707106781186736 -0.6830127018920489
outer loop
vertex 18.747333266782377 -16.600000000003092 52.613335126795086
vertex 17.46497135698724 -15.000000000003547 53.799174927841285
vertex 18.33322279461816 -15.00000000000352 54.15881644885797
endloop
endfacet
facet normal 0.18301270189212687 0.707106781186736 -0.683012701892049
outer loop
vertex 18.33322279461816 -15.00000000000352 54.15881644885797
vertex 19.264971356987438 -16.600000000003046 52.68148347421692
vertex 18.747333266782377 -16.600000000003092 52.613335126795086
endloop
endfacet
facet normal -1.0338204811106529e-13 0.7071067811867163 -0.7071067811863789
outer loop
vertex 19.264971356987438 -16.600000000003046 52.68148347421692
vertex 18.33322279461816 -15.00000000000352 54.15881644885797
vertex 19.264971356987235 -15.000000000003427 54.281483474217296
endloop
endfacet
facet normal -1.017722247253588e-13 0.7071067811867162 -0.7071067811863789
outer loop
vertex 19.264971356987235 -15.000000000003427 54.281483474217296
vertex 19.78260944719246 -16.600000000002964 52.613335126795064
vertex 19.264971356987438 -16.600000000003046 52.68148347421692
endloop
endfacet
facet normal -0.18301270189230964 0.707106781186686 -0.6830127018920519
outer loop
vertex 19.78260944719246 -16.600000000002964 52.613335126795064
vertex 19.264971356987235 -15.000000000003427 54.281483474217296
vertex 20.196719919356312 -15.000000000003263 54.158816448857934
endloop
endfacet
facet normal 0.6273755214351273 0.316227766016746 0.7116178434413097
outer loop
vertex 31.282698953351783 -18.0000000000104 89.50288781039025
vertex 29.41126679626096 -15.000000000010692 89.75387530939119
vertex 30.024173849914163 -18.000000000010818 90.54403032176621
endloop
endfacet
facet normal 0.5814546850578762 0.3162277660167315 0.7496068631118002
outer loop
vertex 29.41126679626096 -15.000000000010692 89.75387530939119
vertex 31.282698953351783 -18.0000000000104 89.50288781039025
vertex 30.62138708802784 -15.000000000010294 88.75277674076041
endloop
endfacet
facet normal -0.8660254037844389 -2.28518148644726e-13 0.49999999999999944
outer loop
vertex 29.96277688623696 -18.000000000009017 83.14213562372895
vertex 29.644939641040988 -16.600000000008976 82.72792206135617
vertex 29.64493964104119 -18.000000000008978 82.72792206135587
endloop
endfacet
facet normal -0.7071067811865496 -2.547544547816446e-13 0.7071067811865456
outer loop
vertex 29.644939641040988 -16.600000000008976 82.72792206135617
vertex 29.96277688623696 -18.000000000009017 83.14213562372895
vertex 29.962776886236846 -16.600000000009015 83.14213562372927
endloop
endfacet
facet normal -0.7071067811865496 -2.547544547816446e-13 0.7071067811865456
outer loop
vertex 29.644939641040988 -16.600000000008976 82.72792206135617
vertex 29.23072607866808 -18.00000000000895 82.41008481616008
vertex 29.64493964104119 -18.000000000008978 82.72792206135587
endloop
endfacet
facet normal -0.5000000000000022 -2.6591709368210246e-13 0.8660254037844375
outer loop
vertex 29.23072607866808 -18.00000000000895 82.41008481616008
vertex 29.644939641040988 -16.600000000008976 82.72792206135617
vertex 29.230726078667956 -16.600000000008947 82.41008481616039
endloop
endfacet
facet normal -0.9659258262890684 -1.8721500249470728e-13 0.2588190451025206
outer loop
vertex 30.162577731246103 -16.60000000000911 83.62449753352423
vertex 29.96277688623696 -18.000000000009017 83.14213562372895
vertex 30.16257773124627 -18.000000000009113 83.6244975335239
endloop
endfacet
facet normal -0.8660254037844389 -2.28518148644726e-13 0.49999999999999944
outer loop
vertex 29.96277688623696 -18.000000000009017 83.14213562372895
vertex 30.162577731246103 -16.60000000000911 83.62449753352423
vertex 29.962776886236846 -16.600000000009015 83.14213562372927
endloop
endfacet
facet normal -0.499999999999995 1.4396212910161802e-13 -0.8660254037844416
outer loop
vertex 29.23072607866789 -16.600000000009793 85.87418643129814
vertex 28.74836416887316 -18.000000000009898 86.07398727630707
vertex 28.748364168872968 -16.600000000009896 86.07398727630745
endloop
endfacet
facet normal -0.2588190451025193 2.122575381444688e-13 -0.9659258262890686
outer loop
vertex 28.74836416887316 -18.000000000009898 86.07398727630707
vertex 29.23072607866789 -16.600000000009793 85.87418643129814
vertex 29.230726078668113 -18.00000000000979 85.8741864312978
endloop
endfacet
facet normal -1.0 -1.346906385037512e-13 -5.939693181746016e-15
outer loop
vertex 30.23072607866793 -16.600000000009256 84.1421356237293
vertex 30.16257773124627 -18.000000000009113 83.6244975335239
vertex 30.2307260786681 -18.000000000009255 84.14213562372893
endloop
endfacet
facet normal -0.9659258262890698 -1.8721500249470642e-13 0.2588190451025157
outer loop
vertex 30.16257773124627 -18.000000000009113 83.6244975335239
vertex 30.23072607866793 -16.600000000009256 84.1421356237293
vertex 30.162577731246103 -16.60000000000911 83.62449753352423
endloop
endfacet
facet normal 0.2588190451025303 2.791751618538144e-13 -0.9659258262890659
outer loop
vertex 27.713087988462842 -16.600000000010034 86.07398727630743
vertex 28.23072607866805 -18.00000000000997 86.14213562372892
vertex 27.713087988463023 -18.000000000010033 86.07398727630708
endloop
endfacet
facet normal -1.1157741397485624e-14 2.6360340182214035e-13 -1.0
outer loop
vertex 28.23072607866805 -18.00000000000997 86.14213562372892
vertex 27.713087988462842 -16.600000000010034 86.07398727630743
vertex 28.230726078667868 -16.600000000009985 86.1421356237293
endloop
endfacet
facet normal -0.9659258262890656 -6.870186185115051e-14 -0.25881904510253145
outer loop
vertex 30.162577731246078 -16.600000000009363 84.65977371393433
vertex 29.96277688623698 -18.000000000009514 85.14213562372893
vertex 29.962776886236757 -16.600000000009516 85.14213562372927
endloop
endfacet
facet normal -0.8660254037844372 5.858458738711302e-15 -0.5000000000000028
outer loop
vertex 29.96277688623698 -18.000000000009514 85.14213562372893
vertex 30.162577731246078 -16.600000000009363 84.65977371393433
vertex 30.16257773124626 -18.00000000000936 84.65977371393399
endloop
endfacet
facet normal -0.7071067811865513 7.814487608153273e-14 -0.7071067811865438
outer loop
vertex 29.644939641041045 -16.600000000009658 85.55634918610238
vertex 29.96277688623698 -18.000000000009514 85.14213562372893
vertex 29.6449396410412 -18.000000000009663 85.55634918610203
endloop
endfacet
facet normal -0.8660254037844372 5.858458738711302e-15 -0.5000000000000028
outer loop
vertex 29.96277688623698 -18.000000000009514 85.14213562372893
vertex 29.644939641041045 -16.600000000009658 85.55634918610238
vertex 29.962776886236757 -16.600000000009516 85.14213562372927
endloop
endfacet
facet normal -1.0 -1.346906385037512e-13 -5.939693181746016e-15
outer loop
vertex 30.23072607866793 -16.600000000009256 84.1421356237293
vertex 30.16257773124626 -18.00000000000936 84.65977371393399
vertex 30.162577731246078 -16.600000000009363 84.65977371393433
endloop
endfacet
facet normal -0.9659258262890666 -6.87018618511517e-14 -0.25881904510252723
outer loop
vertex 30.16257773124626 -18.00000000000936 84.65977371393399
vertex 30.23072607866793 -16.600000000009256 84.1421356237293
vertex 30.2307260786681 -18.000000000009255 84.14213562372893
endloop
endfacet
facet normal -0.7071067811865513 7.814487608153273e-14 -0.7071067811865438
outer loop
vertex 29.644939641041045 -16.600000000009658 85.55634918610238
vertex 29.230726078668113 -18.00000000000979 85.8741864312978
vertex 29.23072607866789 -16.600000000009793 85.87418643129814
endloop
endfacet
facet normal -0.5000000000000001 1.439621291016166e-13 -0.8660254037844386
outer loop
vertex 29.230726078668113 -18.00000000000979 85.8741864312978
vertex 29.644939641041045 -16.600000000009658 85.55634918610238
vertex 29.6449396410412 -18.000000000009663 85.55634918610203
endloop
endfacet
facet normal 0.6708203932498877 0.3162277660167623 0.6708203932500219
outer loop
vertex 32.47336676578718 -18.00000000000998 88.38477631084837
vertex 30.62138708802784 -15.000000000010294 88.75277674076041
vertex 31.282698953351783 -18.0000000000104 89.50288781039025
endloop
endfacet
facet normal 0.6273755214351283 0.3162277660167459 0.7116178434413089
outer loop
vertex 30.62138708802784 -15.000000000010294 88.75277674076041
vertex 32.47336676578718 -18.00000000000998 88.38477631084837
vertex 31.766259984600254 -15.000000000009901 87.67766952966265
endloop
endfacet
facet normal -0.2588190451025167 -2.6471851316194205e-13 0.9659258262890695
outer loop
vertex 28.748364168872936 -16.60000000000897 82.21028397115113
vertex 28.230726078668148 -18.000000000008995 82.14213562372895
vertex 28.748364168873117 -18.000000000008967 82.2102839711508
endloop
endfacet
facet normal 5.717648576820006e-15 -2.453423848475348e-13 1.0
outer loop
vertex 28.230726078668148 -18.000000000008995 82.14213562372895
vertex 28.748364168872936 -16.60000000000897 82.21028397115113
vertex 28.23072607866791 -16.600000000009 82.1421356237293
endloop
endfacet
facet normal -0.7071067811865496 -2.613438994662614e-13 0.7071067811865456
outer loop
vertex 20.984109041180318 -3.000000000007532 72.11801063129035
vertex 18.862788697622587 -18.000000000007283 69.99669028772708
vertex 20.984109041182215 -18.000000000007525 72.11801063128671
endloop
endfacet
facet normal -0.7071067811865496 -2.613438994662614e-13 0.7071067811865456
outer loop
vertex 18.862788697622587 -18.000000000007283 69.99669028772708
vertex 20.984109041180318 -3.000000000007532 72.11801063129035
vertex 18.862788697620672 -3.0000000000072897 69.9966902877307
endloop
endfacet
facet normal -0.5000000000000022 -2.6591709368210246e-13 0.8660254037844375
outer loop
vertex 29.23072607866808 -18.00000000000895 82.41008481616008
vertex 28.748364168872936 -16.60000000000897 82.21028397115113
vertex 28.748364168873117 -18.000000000008967 82.2102839711508
endloop
endfacet
facet normal -0.2588190451025167 -2.6471851316194205e-13 0.9659258262890695
outer loop
vertex 28.748364168872936 -16.60000000000897 82.21028397115113
vertex 29.23072607866808 -18.00000000000895 82.41008481616008
vertex 29.230726078667956 -16.600000000008947 82.41008481616039
endloop
endfacet
facet normal 0.5332391126800783 0.3162277660167172 0.7846375269563897
outer loop
vertex 28.702758279092144 -18.000000000011223 91.50409493113683
vertex 26.8146258486958 -15.000000000011465 91.51855067509746
vertex 27.323667264446446 -18.00000000001161 92.37929270210071
endloop
endfacet
facet normal 0.4829190891383114 0.31622776601670305 0.8165715849488696
outer loop
vertex 26.8146258486958 -15.000000000011465 91.51855067509746
vertex 28.702758279092144 -18.000000000011223 91.50409493113683
vertex 28.140674901239795 -15.000000000011095 90.67701435686293
endloop
endfacet
facet normal 0.5814546850578752 0.31622776601673147 0.7496068631118011
outer loop
vertex 30.024173849914163 -18.000000000010818 90.54403032176621
vertex 28.140674901239795 -15.000000000011095 90.67701435686293
vertex 28.702758279092144 -18.000000000011223 91.50409493113683
endloop
endfacet
facet normal 0.5332391126800797 0.31622776601671726 0.7846375269563887
outer loop
vertex 28.140674901239795 -15.000000000011095 90.67701435686293
vertex 30.024173849914163 -18.000000000010818 90.54403032176621
vertex 29.41126679626096 -15.000000000010692 89.75387530939119
endloop
endfacet
facet normal 0.4999999999999987 -1.5261322030718637e-13 0.8660254037844395
outer loop
vertex -6.229926070844232 -18.00000000001135 73.44433009447947
vertex -5.747564161049482 -16.60000000001124 73.24452924947057
vertex -6.229926070844406 -16.600000000011352 73.44433009447984
endloop
endfacet
facet normal 0.2588190451025198 -2.072880653200701e-13 0.9659258262890686
outer loop
vertex -5.747564161049482 -16.60000000001124 73.24452924947057
vertex -6.229926070844232 -18.00000000001135 73.44433009447947
vertex -5.747564161049281 -18.000000000011237 73.24452924947022
endloop
endfacet
facet normal -0.2588190451025161 2.1225753814446976e-13 -0.9659258262890696
outer loop
vertex 28.748364168872968 -16.600000000009896 86.07398727630745
vertex 28.23072607866805 -18.00000000000997 86.14213562372892
vertex 28.230726078667868 -16.600000000009985 86.1421356237293
endloop
endfacet
facet normal -1.1157741397485624e-14 2.6360340182214035e-13 -1.0
outer loop
vertex 28.23072607866805 -18.00000000000997 86.14213562372892
vertex 28.748364168872968 -16.600000000009896 86.07398727630745
vertex 28.74836416887316 -18.000000000009898 86.07398727630707
endloop
endfacet
facet normal -0.7071067811865472 7.991661808793569e-14 -0.7071067811865479
outer loop
vertex 16.20991079849486 -3.0000000000081415 72.12132034356124
vertex 16.45296616807441 -8.068148347429897 71.80456441891953
vertex 16.209910798495503 -8.01603418516872 72.12132034356004
endloop
endfacet
facet normal -0.7933533402912348 4.5052930257410284e-14 -0.6087614290087213
outer loop
vertex 16.45296616807441 -8.068148347429897 71.80456441891953
vertex 16.20991079849486 -3.0000000000081415 72.12132034356124
vertex 16.68666666628857 -3.00000000000793 71.50000000000159
endloop
endfacet
facet normal -0.7933533402912348 4.5052930257410284e-14 -0.6087614290087213
outer loop
vertex 16.45296616807441 -8.068148347429897 71.80456441891953
vertex 16.68666666628857 -3.00000000000793 71.50000000000159
vertex 16.686666666289227 -8.225802491583515 71.50000000000033
endloop
endfacet
facet normal 5.717648576820006e-15 -2.453423848475348e-13 1.0
outer loop
vertex 28.230726078668148 -18.000000000008995 82.14213562372895
vertex 27.713087988462917 -16.6000000000091 82.21028397115116
vertex 27.71308798846307 -18.000000000009102 82.2102839711508
endloop
endfacet
facet normal 0.2588190451025051 -2.087792172374941e-13 0.9659258262890726
outer loop
vertex 27.713087988462917 -16.6000000000091 82.21028397115116
vertex 28.230726078668148 -18.000000000008995 82.14213562372895
vertex 28.23072607866791 -16.600000000009 82.1421356237293
endloop
endfacet
facet normal 1.0 1.372082013251299e-13 4.940492459583985e-15
outer loop
vertex -7.229926070844216 -18.00000000001189 75.17638090204836
vertex -7.161777723422547 -16.600000000012017 75.69401899225375
vertex -7.161777723422366 -18.000000000012015 75.69401899225339
endloop
endfacet
facet normal 0.9659258262890686 1.9315326424065226e-13 -0.25881904510251996
outer loop
vertex -7.161777723422547 -16.600000000012017 75.69401899225375
vertex -7.229926070844216 -18.00000000001189 75.17638090204836
vertex -7.229926070844441 -16.600000000011892 75.17638090204872
endloop
endfacet
facet normal 0.8925978709637604 0.31622776601703156 -0.32135500735298894
outer loop
vertex 38.55149044774707 -18.000000000002608 61.19281407362062
vertex 38.09593259686048 -15.000000000003123 63.02522234901826
vertex 39.05622628253777 -18.00000000000295 62.746231242978226
endloop
endfacet
facet normal 0.9110145808250479 0.3162277660170202 -0.2646742026039697
outer loop
vertex 38.09593259686048 -15.000000000003123 63.02522234901826
vertex 38.55149044774707 -18.000000000002608 61.19281407362062
vertex 37.610609678792585 -15.000000000002826 61.53155199386671
endloop
endfacet
facet normal -0.25881904510252 2.003286713688281e-13 -0.9659258262890685
outer loop
vertex 14.865047590242803 -3.0000000000085025 72.89777747886879
vertex 14.422854502135728 -9.000000000008566 72.95599330333262
vertex 14.0885904549352 -3.0000000000086264 73.0000000000016
endloop
endfacet
facet normal -0.13066441113082958 -3.8899121437489435e-06 -0.9914266546995305
outer loop
vertex 14.422854502135728 -9.000000000008566 72.95599330333262
vertex 14.865047590242803 -3.0000000000085025 72.89777747886879
vertex 14.865047590243467 -8.558158606715942 72.89777747886745
endloop
endfacet
facet normal 0.8706584850949491 0.31622776601686003 0.37676757070129396
outer loop
vertex 37.950210722720605 -18.000000000007322 80.32584515650248
vertex 37.61060967879235 -15.00000000000692 78.46844800613128
vertex 37.03245609703618 -15.000000000007349 79.92869726586852
endloop
endfacet
facet normal 0.8925978709637532 0.3162277660168759 0.3213550073531622
outer loop
vertex 37.61060967879235 -15.00000000000692 78.46844800613128
vertex 37.950210722720605 -18.000000000007322 80.32584515650248
vertex 38.55149044774696 -18.00000000000686 78.80718592637577
endloop
endfacet
facet normal 0.258827224194179 -1.2516106475207993e-05 -0.9659236345898591
outer loop
vertex 13.3121333196277 -3.0000000000087024 72.89777747886882
vertex 14.088423795412147 -10.000000000008617 73.00016665952384
vertex 13.312133319629606 -18.000000000008704 72.89777747886518
endloop
endfacet
facet normal -8.905925529628448e-05 -1.6071120880740746e-05 -0.9999999959050841
outer loop
vertex 14.088533667071752 -5.38519250046027 73.00005678786482
vertex 14.126686099703255 -9.764869731788174 72.99498461321916
vertex 14.088423795412147 -10.000000000008617 73.00016665952384
endloop
endfacet
facet normal -0.13070932278311995 -5.153881860853651e-06 -0.9914207345577435
outer loop
vertex 14.126686099703255 -9.764869731788174 72.99498461321916
vertex 14.088533667071752 -5.38519250046027 73.00005678786482
vertex 14.088596756493105 -4.773358070235064 73.00004860911896
endloop
endfacet
facet normal -0.13070932278311995 -5.153881860853651e-06 -0.9914207345577435
outer loop
vertex 14.126686099703255 -9.764869731788174 72.99498461321916
vertex 14.088596756493105 -4.773358070235064 73.00004860911896
vertex 14.0885904549352 -3.0000000000086264 73.0000000000016
endloop
endfacet
facet normal -0.13070932278311995 -5.153881860853651e-06 -0.9914207345577435
outer loop
vertex 14.126686099703255 -9.764869731788174 72.99498461321916
vertex 14.0885904549352 -3.0000000000086264 73.0000000000016
vertex 14.173165604361941 -9.482361909803565 72.98886547034428
endloop
endfacet
facet normal -0.13070932278311995 -5.153881860853651e-06 -0.9914207345577435
outer loop
vertex 14.173165604361941 -9.482361909803565 72.98886547034428
vertex 14.0885904549352 -3.0000000000086264 73.0000000000016
vertex 14.422854502135728 -9.000000000008566 72.95599330333262
endloop
endfacet
facet normal -0.9957283153586696 -1.577908119598461e-13 0.09233158718979112
outer loop
vertex 24.045873608521678 -1.0000000000063995 69.07668412810418
vertex 23.945559144950323 -3.0000000000070446 71.68527987113951
vertex 23.945559144950053 -1.0000000000070424 71.68527987114001
endloop
endfacet
facet normal -0.9856968690015067 -9.441105251444512e-14 -0.16852798711379205
outer loop
vertex 23.945559144950323 -3.0000000000070446 71.68527987113951
vertex 24.045873608521678 -1.0000000000063995 69.07668412810418
vertex 24.045873608521955 -3.0000000000064015 69.07668412810368
endloop
endfacet
facet normal -0.9957283153586696 -1.577908119598461e-13 0.09233158718979112
outer loop
vertex 24.045873608521678 -1.0000000000063995 69.07668412810418
vertex 23.46761568036509 -3.000000000005857 66.53101083588606
vertex 24.045873608521955 -3.0000000000064015 69.07668412810368
endloop
endfacet
facet normal -0.9379025225429831 -2.1048931132145903e-13 0.3468989164115525
outer loop
vertex 23.46761568036509 -3.000000000005857 66.53101083588606
vertex 24.045873608521678 -1.0000000000063995 69.07668412810418
vertex 23.467615680364812 -1.000000000005858 66.53101083588656
endloop
endfacet
facet normal -0.9379025225429832 -2.1048931132145895e-13 0.34689891641155196
outer loop
vertex 23.467615680364812 -1.000000000005858 66.53101083588656
vertex 22.2501926826672 -3.000000000005457 64.22174342242727
vertex 23.46761568036509 -3.000000000005857 66.53101083588606
endloop
endfacet
facet normal -0.8161602227731949 -2.4884608395897516e-13 0.5778256577574321
outer loop
vertex 22.2501926826672 -3.000000000005457 64.22174342242727
vertex 23.467615680364812 -1.000000000005858 66.53101083588656
vertex 22.250192682666942 -1.0000000000054547 64.22174342242776
endloop
endfacet
facet normal -0.8161602227731954 -2.48846083958975e-13 0.5778256577574313
outer loop
vertex 22.250192682666942 -1.0000000000054547 64.22174342242776
vertex 20.476569980834796 -3.000000000005217 62.306254645709686
vertex 22.2501926826672 -3.000000000005457 64.22174342242727
endloop
endfacet
facet normal -0.6387979525899551 -2.7020010938653495e-13 0.7693745354291899
outer loop
vertex 20.476569980834796 -3.000000000005217 62.306254645709686
vertex 22.250192682666942 -1.0000000000054547 64.22174342242776
vertex 20.476569980834547 -1.0000000000052178 62.30625464571017
endloop
endfacet
facet normal -0.6387979525899558 -2.7020010938653485e-13 0.7693745354291892
outer loop
vertex 20.476569980834547 -1.0000000000052178 62.30625464571017
vertex 18.26761703094764 -3.0000000000051665 60.91508190037173
vertex 20.476569980834796 -3.000000000005217 62.306254645709686
endloop
endfacet
facet normal -0.41790265760123924 -2.721002159991042e-13 0.9084918099629856
outer loop
vertex 18.26761703094764 -3.0000000000051665 60.91508190037173
vertex 20.476569980834547 -1.0000000000052178 62.30625464571017
vertex 18.267617030947388 -1.0000000000051672 60.915081900372215
endloop
endfacet
facet normal -0.4179026576012393 -2.721002159991042e-13 0.9084918099629855
outer loop
vertex 18.267617030947388 -1.0000000000051672 60.915081900372215
vertex 15.773870326073183 -3.000000000005299 60.14303130998653
vertex 18.26761703094764 -3.0000000000051665 60.91508190037173
endloop
endfacet
facet normal -0.16852798711379158 -2.556282302213089e-13 0.9856968690015069
outer loop
vertex 15.773870326073183 -3.000000000005299 60.14303130998653
vertex 18.267617030947388 -1.0000000000051672 60.915081900372215
vertex 15.773870326072934 -1.0000000000053024 60.143031309987
endloop
endfacet
facet normal -0.1685279871137921 -2.5562823022130895e-13 0.9856968690015069
outer loop
vertex 15.773870326072934 -1.0000000000053024 60.143031309987
vertex 13.165274583037345 -3.000000000005609 60.042716846414905
vertex 15.773870326073183 -3.000000000005299 60.14303130998653
endloop
endfacet
facet normal 0.09233158718979018 -2.2449737965531072e-13 0.9957283153586698
outer loop
vertex 13.165274583037345 -3.000000000005609 60.042716846414905
vertex 15.773870326072934 -1.0000000000053024 60.143031309987
vertex 13.165274583037101 -1.00000000000561 60.04271684641538
endloop
endfacet
facet normal -0.34689891641154985 1.7113879824037242e-13 -0.937902522542984
outer loop
vertex 17.55757961905049 -1.000000000009727 79.3790252254319
vertex 15.011906326833163 -3.0000000000101945 79.95728315358829
vertex 15.011906326832875 -1.0000000000101952 79.95728315358878
endloop
endfacet
facet normal -0.0923315871897926 2.222115604927176e-13 -0.9957283153586693
outer loop
vertex 15.011906326833163 -3.0000000000101945 79.95728315358829
vertex 17.55757961905049 -1.000000000009727 79.3790252254319
vertex 17.557579619050784 -3.000000000009726 79.37902522543142
endloop
endfacet
facet normal 0.16852798711379047 2.5699682383832944e-13 -0.9856968690015071
outer loop
vertex 12.40331058379733 -3.000000000010502 79.85696869001666
vertex 15.011906326832875 -1.0000000000101952 79.95728315358878
vertex 15.011906326833163 -3.0000000000101945 79.95728315358829
endloop
endfacet
facet normal -0.09233158718979012 2.22211560492718e-13 -0.9957283153586696
outer loop
vertex 15.011906326832875 -1.0000000000101952 79.95728315358878
vertex 12.40331058379733 -3.000000000010502 79.85696869001666
vertex 12.403310583797037 -1.0000000000105025 79.85696869001714
endloop
endfacet
facet normal -0.18301270189231142 0.7071067811866859 -0.6830127018920514
outer loop
vertex 20.196719919356312 -15.000000000003263 54.158816448857934
vertex 20.264971356987413 -16.600000000002854 52.41353428178583
vertex 19.78260944719246 -16.600000000002964 52.613335126795064
endloop
endfacet
facet normal -0.3535533905933573 0.7071067811866483 -0.6123724356956302
outer loop
vertex 20.264971356987413 -16.600000000002854 52.41353428178583
vertex 20.196719919356312 -15.000000000003263 54.158816448857934
vertex 21.064971356987222 -15.00000000000308 53.79917492784128
endloop
endfacet
facet normal -0.5000000000000888 0.707106781186604 -0.4999999999998313
outer loop
vertex 21.810555769258816 -15.000000000002851 53.22706788648888
vertex 20.264971356987413 -16.600000000002854 52.41353428178583
vertex 21.064971356987222 -15.00000000000308 53.79917492784128
endloop
endfacet
facet normal -0.3535533905933573 0.7071067811866483 -0.6123724356956302
outer loop
vertex 20.264971356987413 -16.600000000002854 52.41353428178583
vertex 21.810555769258816 -15.000000000002851 53.22706788648888
vertex 20.67918491936053 -16.60000000000271 52.09569703659004
endloop
endfacet
facet normal -0.5000000000000875 0.707106781186604 -0.49999999999983286
outer loop
vertex 20.67918491936053 -16.60000000000271 52.09569703659004
vertex 22.382662810611244 -15.000000000002592 52.48148347421732
vertex 20.997022164556306 -16.60000000000258 51.68148347421694
endloop
endfacet
facet normal -0.6123724356958875 0.7071067811865545 -0.35355339059309915
outer loop
vertex 22.382662810611244 -15.000000000002592 52.48148347421732
vertex 20.67918491936053 -16.60000000000271 52.09569703659004
vertex 21.810555769258816 -15.000000000002851 53.22706788648888
endloop
endfacet
facet normal 0.49999999999990996 0.7071067811864913 0.5000000000001699
outer loop
vertex 17.850757794614317 -16.600000000002403 49.267269911843826
vertex 17.464971356987217 -15.000000000002037 47.56379202059332
vertex 16.719386944715648 -15.00000000000229 48.135899061945715
endloop
endfacet
facet normal 0.35355339059318114 0.7071067811864451 0.6123724356959664
outer loop
vertex 17.464971356987217 -15.000000000002037 47.56379202059332
vertex 17.850757794614317 -16.600000000002403 49.267269911843826
vertex 18.264971356987434 -16.600000000002275 48.94943266664804
endloop
endfacet
facet normal 0.6123724356957062 0.7071067811865396 0.3535533905934429
outer loop
vertex 16.14727990336325 -15.000000000002524 48.881483474217326
vertex 17.850757794614317 -16.600000000002403 49.267269911843826
vertex 16.719386944715648 -15.00000000000229 48.135899061945715
endloop
endfacet
facet normal 0.49999999999990996 0.7071067811864913 0.5000000000001699
outer loop
vertex 17.850757794614317 -16.600000000002403 49.267269911843826
vertex 16.14727990336325 -15.000000000002524 48.881483474217326
vertex 17.53292054941853 -16.600000000002545 49.68148347421693
endloop
endfacet
facet normal 0.6830127018921326 0.7071067811865881 0.18301270189238633
outer loop
vertex 15.787638382346577 -15.000000000002782 49.74973491184826
vertex 17.53292054941853 -16.600000000002545 49.68148347421693
vertex 16.14727990336325 -15.000000000002524 48.881483474217326
endloop
endfacet
facet normal 0.6123724356957064 0.7071067811865396 0.3535533905934423
outer loop
vertex 17.53292054941853 -16.600000000002545 49.68148347421693
vertex 15.787638382346577 -15.000000000002782 49.74973491184826
vertex 17.33311970440927 -16.600000000002687 50.163845384011886
endloop
endfacet
facet normal -0.7071067811865493 7.353678433591777e-14 -0.7071067811865458
outer loop
vertex -3.815712508471332 -16.600000000011804 76.59059446442178
vertex -4.229926070844257 -18.000000000011926 76.90843170961725
vertex -4.229926070844438 -16.600000000011928 76.90843170961759
endloop
endfacet
facet normal -0.5000000000000092 1.4452620671569985e-13 -0.8660254037844333
outer loop
vertex -4.229926070844257 -18.000000000011926 76.90843170961725
vertex -3.815712508471332 -16.600000000011804 76.59059446442178
vertex -3.8157125084711514 -18.000000000011802 76.59059446442146
endloop
endfacet
facet normal 0.5000000000000032 2.9056534701106115e-13 -0.8660254037844369
outer loop
vertex -6.229926070844242 -18.000000000012182 76.90843170961723
vertex -5.747564161049476 -16.600000000012173 77.10823255462685
vertex -5.747564161049276 -18.000000000012175 77.1082325546265
endloop
endfacet
facet normal 0.25881904510252746 2.7928161758680925e-13 -0.9659258262890664
outer loop
vertex -5.747564161049476 -16.600000000012173 77.10823255462685
vertex -6.229926070844242 -18.000000000012182 76.90843170961723
vertex -6.229926070844443 -16.600000000012187 76.90843170961759
endloop
endfacet
facet normal 0.9370034324017917 0.3162277660169239 0.14840676422322122
outer loop
vertex 39.768487310410734 -18.000000000005574 74.0672960910442
vertex 38.97763957001382 -15.000000000005265 72.35270783296191
vertex 38.780798969815216 -15.000000000005668 73.91086162600479
endloop
endfacet
facet normal 0.9444730079932571 0.31622776601693875 0.0892789850530663
outer loop
vertex 38.97763957001382 -15.000000000005265 72.35270783296191
vertex 39.768487310410734 -18.000000000005574 74.0672960910442
vertex 39.97320153461725 -18.000000000005162 72.44681614627956
endloop
endfacet
facet normal 0.9258359323387856 0.3162277660169084 0.20694884969558816
outer loop
vertex 39.462426265344575 -18.000000000006008 75.67172427630832
vertex 38.780798969815216 -15.000000000005668 73.91086162600479
vertex 38.48650950340544 -15.00000000000608 75.4535810349126
endloop
endfacet
facet normal 0.9370034324017916 0.3162277660169239 0.14840676422322246
outer loop
vertex 38.780798969815216 -15.000000000005668 73.91086162600479
vertex 39.462426265344575 -18.000000000006008 75.67172427630832
vertex 39.768487310410734 -18.000000000005574 74.0672960910442
endloop
endfacet
facet normal -0.8925978709638429 0.316227766016646 0.3213550073531395
outer loop
vertex -9.433428768919022 -15.000000000012964 78.4684480061306
vertex -10.879045372663445 -18.00000000001285 77.25376875701775
vertex -10.374309537872787 -18.000000000013166 78.80718592637537
endloop
endfacet
facet normal -0.9110145808251291 0.31622776601665753 0.26467420260412367
outer loop
vertex -10.879045372663445 -18.00000000001285 77.25376875701775
vertex -9.433428768919022 -15.000000000012964 78.4684480061306
vertex -9.918751686986928 -15.000000000012665 76.97477765097906
endloop
endfacet
facet normal -0.8706584850950397 0.31622776601663566 0.37676757070127254
outer loop
vertex -8.85527518716293 -15.000000000013257 79.92869726586784
vertex -10.374309537872787 -18.000000000013166 78.80718592637537
vertex -9.773029812846463 -18.000000000013472 80.32584515650208
endloop
endfacet
facet normal -0.8925978709638419 0.31622776601664604 0.3213550073531422
outer loop
vertex -10.374309537872787 -18.000000000013166 78.80718592637537
vertex -8.85527518716293 -15.000000000013257 79.92869726586784
vertex -9.433428768919022 -15.000000000012964 78.4684480061306
endloop
endfacet
facet normal -0.8452830079515913 0.316227766016626 0.43069320457658045
outer loop
vertex -9.077579173960482 -18.000000000013724 81.803752993226
vertex -8.85527518716293 -15.000000000013257 79.92869726586784
vertex -9.773029812846463 -18.000000000013472 80.32584515650208
endloop
endfacet
facet normal -0.8706584850950397 0.31622776601663566 0.37676757070127254
outer loop
vertex -8.85527518716293 -15.000000000013257 79.92869726586784
vertex -9.077579173960482 -18.000000000013724 81.803752993226
vertex -8.18657264977262 -15.000000000013515 81.34976249348699
endloop
endfacet
facet normal 0.866025403784438 -8.784824685723139e-15 0.5000000000000012
outer loop
vertex -6.961976878413086 -18.000000000011603 74.17638090204835
vertex -6.644139633217498 -16.60000000001148 73.7621673396756
vertex -6.961976878413303 -16.6000000000116 74.17638090204872
endloop
endfacet
facet normal 0.7071067811865531 -8.480694895047865e-14 0.707106781186542
outer loop
vertex -6.644139633217498 -16.60000000001148 73.7621673396756
vertex -6.961976878413086 -18.000000000011603 74.17638090204835
vertex -6.644139633217337 -18.000000000011482 73.76216733967526
endloop
endfacet
facet normal 0.965925826289065 6.842085070570008e-14 0.2588190451025334
outer loop
vertex -7.161777723422372 -18.000000000011767 74.6587428118433
vertex -6.961976878413303 -16.6000000000116 74.17638090204872
vertex -7.1617777234225635 -16.600000000011764 74.65874281184368
endloop
endfacet
facet normal 0.8660254037844406 -8.784824685721672e-15 0.4999999999999969
outer loop
vertex -6.961976878413303 -16.6000000000116 74.17638090204872
vertex -7.161777723422372 -18.000000000011767 74.6587428118433
vertex -6.961976878413086 -18.000000000011603 74.17638090204835
endloop
endfacet
facet normal -0.8165715849488321 0.31622776601661623 0.4829190891384321
outer loop
vertex -8.290702247165525 -18.000000000013966 83.23507680950743
vertex -8.18657264977262 -15.000000000013515 81.34976249348699
vertex -9.077579173960482 -18.000000000013724 81.803752993226
endloop
endfacet
facet normal -0.8452830079515925 0.316227766016626 0.43069320457657806
outer loop
vertex -8.18657264977262 -15.000000000013515 81.34976249348699
vertex -8.290702247165525 -18.000000000013966 83.23507680950743
vertex -7.429960220162083 -15.00000000001375 82.72603539375761
endloop
endfacet
facet normal -0.9110145808251291 0.31622776601665753 0.26467420260412367
outer loop
vertex -10.879045372663445 -18.00000000001285 77.25376875701775
vertex -10.309328593532006 -15.000000000012363 75.45358103491186
vertex -11.285245355470327 -18.00000000001254 75.67172427630793
endloop
endfacet
facet normal -0.9258359323388721 0.3162277660166697 0.20694884969556596
outer loop
vertex -10.309328593532006 -15.000000000012363 75.45358103491186
vertex -10.879045372663445 -18.00000000001285 77.25376875701775
vertex -9.918751686986928 -15.000000000012665 76.97477765097906
endloop
endfacet
facet normal -0.8165715849488219 0.31622776601685 -0.48291908913829595
outer loop
vertex -7.429960220161677 -15.000000000007592 57.27396460623915
vertex -7.415504476201353 -18.000000000007137 55.38583217584242
vertex -8.29070224716529 -18.000000000007585 56.76492319048817
endloop
endfacet
facet normal -0.7846375269563407 0.3162277660168661 -0.533239112680062
outer loop
vertex -7.415504476201353 -18.000000000007137 55.38583217584242
vertex -7.429960220161677 -15.000000000007592 57.27396460623915
vertex -6.588423901927146 -15.000000000007166 55.947915553695196
endloop
endfacet
facet normal -0.8452830079515823 0.3162277660168336 -0.43069320457644567
outer loop
vertex -8.186572649772287 -15.000000000008024 58.65023750650976
vertex -8.29070224716529 -18.000000000007585 56.76492319048817
vertex -9.077579173960357 -18.000000000008015 58.196247006769596
endloop
endfacet
facet normal -0.8165715849488228 0.31622776601685 -0.4829190891382946
outer loop
vertex -8.29070224716529 -18.000000000007585 56.76492319048817
vertex -8.186572649772287 -15.000000000008024 58.65023750650976
vertex -7.429960220161677 -15.000000000007592 57.27396460623915
endloop
endfacet
facet normal -0.4829190891383985 0.3162277660169741 -0.8165715849487133
outer loop
vertex 1.3625550611777129 -15.000000000004333 48.481449324899955
vertex -0.5255773692180807 -18.000000000004576 48.49590506885925
vertex 0.0365060086337168 -15.000000000004711 49.32298564313448
endloop
endfacet
facet normal -0.5332391126801671 0.3162277660169593 -0.7846375269562318
outer loop
vertex -0.5255773692180807 -18.000000000004576 48.49590506885925
vertex 1.3625550611777129 -15.000000000004333 48.481449324899955
vertex 0.8535136454276735 -18.00000000000419 47.6207072978953
endloop
endfacet
facet normal -0.9370034324018732 0.3162277660167541 -0.14840676422306828
outer loop
vertex -10.603618059941622 -15.000000000010136 66.0891383739926
vertex -11.285245355470273 -18.00000000000979 64.32827572368771
vertex -11.591306400536435 -18.000000000010225 65.93270390895182
endloop
endfacet
facet normal -0.9258359323388677 0.31622776601676983 -0.20694884969543212
outer loop
vertex -11.285245355470273 -18.00000000000979 64.32827572368771
vertex -10.603618059941622 -15.000000000010136 66.0891383739926
vertex -10.309328593531871 -15.00000000000971 64.54641896508481
endloop
endfacet
facet normal -0.5814546850579625 0.3162277660169441 -0.7496068631116438
outer loop
vertex -1.234085886387425 -15.000000000005093 50.24612469060626
vertex -3.1055180434776597 -18.000000000005386 50.49711218960589
vertex -2.4442061781543187 -15.000000000005494 51.24722325923703
endloop
endfacet
facet normal -0.6273755214352145 0.3162277660169297 -0.7116178434411512
outer loop
vertex -3.1055180434776597 -18.000000000005386 50.49711218960589
vertex -1.234085886387425 -15.000000000005093 50.24612469060626
vertex -1.8469929400400886 -18.00000000000498 49.45596967822988
endloop
endfacet
facet normal -0.6708203932499714 0.316227766016915 -0.6708203932498662
outer loop
vertex -3.5890790747267243 -15.000000000005903 52.32233047033481
vertex -3.1055180434776597 -18.000000000005386 50.49711218960589
vertex -4.296185855912963 -18.000000000005823 51.615223689147605
endloop
endfacet
facet normal -0.6273755214352145 0.3162277660169297 -0.7116178434411512
outer loop
vertex -3.1055180434776597 -18.000000000005386 50.49711218960589
vertex -3.5890790747267243 -15.000000000005903 52.32233047033481
vertex -2.4442061781543187 -15.000000000005494 51.24722325923703
endloop
endfacet
facet normal -0.7116178434412578 0.31622776601689945 -0.6273755214351089
outer loop
vertex -4.66418628582456 -15.000000000006303 53.46720336690722
vertex -4.296185855912963 -18.000000000005823 51.615223689147605
vertex -5.4142973554546705 -18.00000000000625 52.80589150158287
endloop
endfacet
facet normal -0.6708203932499724 0.31622776601691494 -0.6708203932498652
outer loop
vertex -4.296185855912963 -18.000000000005823 51.615223689147605
vertex -4.66418628582456 -15.000000000006303 53.46720336690722
vertex -3.5890790747267243 -15.000000000005903 52.32233047033481
endloop
endfacet
facet normal -0.74960686311175 0.31622776601688285 -0.5814546850578589
outer loop
vertex -5.665284854455331 -15.000000000006741 54.67732365867406
vertex -5.4142973554546705 -18.00000000000625 52.80589150158287
vertex -6.4554398668306785 -18.00000000000668 54.06441660502045
endloop
endfacet
facet normal -0.7116178434412581 0.31622776601689945 -0.6273755214351086
outer loop
vertex -5.4142973554546705 -18.00000000000625 52.80589150158287
vertex -5.665284854455331 -15.000000000006741 54.67732365867406
vertex -4.66418628582456 -15.000000000006303 53.46720336690722
endloop
endfacet
facet normal -0.78463752695634 0.3162277660168662 -0.5332391126800631
outer loop
vertex -6.588423901927146 -15.000000000007166 55.947915553695196
vertex -6.4554398668306785 -18.00000000000668 54.06441660502045
vertex -7.415504476201353 -18.000000000007137 55.38583217584242
endloop
endfacet
facet normal -0.7496068631117507 0.3162277660168828 -0.5814546850578579
outer loop
vertex -6.4554398668306785 -18.00000000000668 54.06441660502045
vertex -6.588423901927146 -15.000000000007166 55.947915553695196
vertex -5.665284854455331 -15.000000000006741 54.67732365867406
endloop
endfacet
facet normal -0.5332391126801662 0.3162277660169592 -0.7846375269562323
outer loop
vertex 0.0365060086337168 -15.000000000004711 49.32298564313448
vertex -1.8469929400400886 -18.00000000000498 49.45596967822988
vertex -1.234085886387425 -15.000000000005093 50.24612469060626
endloop
endfacet
facet normal -0.5814546850579633 0.316227766016944 -0.7496068631116432
outer loop
vertex -1.8469929400400886 -18.00000000000498 49.45596967822988
vertex 0.0365060086337168 -15.000000000004711 49.32298564313448
vertex -0.5255773692180807 -18.000000000004576 48.49590506885925
endloop
endfacet
facet normal -0.9444730079933384 0.3162277660167387 -0.0892789850529134
outer loop
vertex -10.800458660140196 -15.00000000001054 67.6472921670355
vertex -11.591306400536435 -18.000000000010225 65.93270390895182
vertex -11.796020624742937 -18.00000000001063 67.55318385371645
endloop
endfacet
facet normal -0.9370034324018734 0.31622776601675406 -0.1484067642230658
outer loop
vertex -11.591306400536435 -18.000000000010225 65.93270390895182
vertex -10.800458660140196 -15.00000000001054 67.6472921670355
vertex -10.603618059941622 -15.000000000010136 66.0891383739926
endloop
endfacet
facet normal -0.9482151801109274 0.31622776601672375 -0.029798862516442988
outer loop
vertex -10.8990735542065 -15.000000000010932 69.21473102304513
vertex -11.796020624742937 -18.00000000001063 67.55318385371645
vertex -11.898580114571871 -18.000000000011067 69.1833202639665
endloop
endfacet
facet normal -0.9444730079933386 0.3162277660167387 -0.08927898505291106
outer loop
vertex -11.796020624742937 -18.00000000001063 67.55318385371645
vertex -10.8990735542065 -15.000000000010932 69.21473102304513
vertex -10.800458660140196 -15.00000000001054 67.6472921670355
endloop
endfacet
facet normal -0.8706584850950309 0.316227766016817 -0.3767675707011409
outer loop
vertex -8.855275187162636 -15.000000000008455 60.071302734128906
vertex -9.077579173960357 -18.000000000008015 58.196247006769596
vertex -9.77302981284628 -18.000000000008477 59.67415484349352
endloop
endfacet
facet normal -0.845283007951583 0.31622776601683356 -0.4306932045764441
outer loop
vertex -9.077579173960357 -18.000000000008015 58.196247006769596
vertex -8.855275187162636 -15.000000000008455 60.071302734128906
vertex -8.186572649772287 -15.000000000008024 58.65023750650976
endloop
endfacet
facet normal -0.9110145808251234 0.31622776601678565 -0.2646742026039892
outer loop
vertex -9.918751686986717 -15.000000000009306 63.02522234901766
vertex -10.374309537872673 -18.000000000008924 61.192814073620234
vertex -10.879045372663331 -18.00000000000936 62.74623124297786
endloop
endfacet
facet normal -0.8925978709638359 0.3162277660168013 -0.32135500735300637
outer loop
vertex -10.374309537872673 -18.000000000008924 61.192814073620234
vertex -9.918751686986717 -15.000000000009306 63.02522234901766
vertex -9.433428768918793 -15.000000000008884 61.53155199386612
endloop
endfacet
facet normal -0.9258359323388674 0.31622776601676983 -0.20694884969543417
outer loop
vertex -10.309328593531871 -15.00000000000971 64.54641896508481
vertex -10.879045372663331 -18.00000000000936 62.74623124297786
vertex -11.285245355470273 -18.00000000000979 64.32827572368771
endloop
endfacet
facet normal -0.9110145808251241 0.3162277660167857 -0.2646742026039873
outer loop
vertex -10.879045372663331 -18.00000000000936 62.74623124297786
vertex -10.309328593531871 -15.00000000000971 64.54641896508481
vertex -9.918751686986717 -15.000000000009306 63.02522234901766
endloop
endfacet
facet normal -0.9482151801109281 0.3162277660167093 0.029798862516573918
outer loop
vertex -10.899073554206534 -15.000000000011294 70.78526897695153
vertex -11.898580114571871 -18.000000000011067 69.1833202639665
vertex -11.898580114571892 -18.000000000011447 70.81667973602916
endloop
endfacet
facet normal -0.9482151801109274 0.31622776601672364 -0.029798862516440268
outer loop
vertex -11.898580114571871 -18.000000000011067 69.1833202639665
vertex -10.899073554206534 -15.000000000011294 70.78526897695153
vertex -10.8990735542065 -15.000000000010932 69.21473102304513
endloop
endfacet
facet normal -0.8925978709638352 0.3162277660168013 -0.3213550073530081
outer loop
vertex -9.433428768918793 -15.000000000008884 61.53155199386612
vertex -9.77302981284628 -18.000000000008477 59.67415484349352
vertex -10.374309537872673 -18.000000000008924 61.192814073620234
endloop
endfacet
facet normal -0.8706584850950315 0.316227766016817 -0.3767675707011393
outer loop
vertex -9.77302981284628 -18.000000000008477 59.67415484349352
vertex -9.433428768918793 -15.000000000008884 61.53155199386612
vertex -8.855275187162636 -15.000000000008455 60.071302734128906
endloop
endfacet
facet normal -0.37676757070124034 0.31622776601700014 -0.8706584850949212
outer loop
vertex 4.159893189067549 -15.000000000003633 47.05613435789903
vertex 2.28483746170911 -18.000000000003805 46.8338303711003
vertex 2.738827961448359 -15.000000000003977 47.724836895289364
endloop
endfacet
facet normal -0.430693204576548 0.3162277660169874 -0.8452830079514725
outer loop
vertex 2.28483746170911 -18.000000000003805 46.8338303711003
vertex 4.159893189067549 -15.000000000003633 47.05613435789903
vertex 3.7627452984330434 -18.000000000003457 46.138379732214354
endloop
endfacet
facet normal -0.9444730079933402 0.3162277660166952 0.08927898505304725
outer loop
vertex -11.796020624742964 -18.000000000011823 72.44681614627918
vertex -10.899073554206534 -15.000000000011294 70.78526897695153
vertex -11.898580114571892 -18.000000000011447 70.81667973602916
endloop
endfacet
facet normal -0.9482151801109281 0.3162277660167093 0.029798862516573918
outer loop
vertex -10.899073554206534 -15.000000000011294 70.78526897695153
vertex -11.796020624742964 -18.000000000011823 72.44681614627918
vertex -10.800458660140258 -15.000000000011672 72.35270783296119
endloop
endfacet
facet normal -0.43069320457654703 0.31622776601698743 -0.8452830079514732
outer loop
vertex 2.738827961448359 -15.000000000003977 47.724836895289364
vertex 0.8535136454276735 -18.00000000000419 47.6207072978953
vertex 1.3625550611777129 -15.000000000004333 48.481449324899955
endloop
endfacet
facet normal -0.4829190891383993 0.3162277660169741 -0.8165715849487127
outer loop
vertex 0.8535136454276735 -18.00000000000419 47.6207072978953
vertex 2.738827961448359 -15.000000000003977 47.724836895289364
vertex 2.28483746170911 -18.000000000003805 46.8338303711003
endloop
endfacet
facet normal -0.9370034324018768 0.3162277660166819 0.14840676422319943
outer loop
vertex -10.60361805994173 -15.000000000012022 73.91086162600409
vertex -11.796020624742964 -18.000000000011823 72.44681614627918
vertex -11.591306400536448 -18.000000000012193 74.06729609104381
endloop
endfacet
facet normal -0.9444730079933402 0.3162277660166952 0.08927898505304725
outer loop
vertex -11.796020624742964 -18.000000000011823 72.44681614627918
vertex -10.60361805994173 -15.000000000012022 73.91086162600409
vertex -10.800458660140258 -15.000000000011672 72.35270783296119
endloop
endfacet
facet normal -0.9258359323388721 0.3162277660166697 0.20694884969556596
outer loop
vertex -10.309328593532006 -15.000000000012363 75.45358103491186
vertex -11.591306400536448 -18.000000000012193 74.06729609104381
vertex -11.285245355470327 -18.00000000001254 75.67172427630793
endloop
endfacet
facet normal -0.9370034324018764 0.3162277660166819 0.14840676422320218
outer loop
vertex -11.591306400536448 -18.000000000012193 74.06729609104381
vertex -10.309328593532006 -15.000000000012363 75.45358103491186
vertex -10.60361805994173 -15.000000000012022 73.91086162600409
endloop
endfacet
facet normal -0.3213550073531074 0.3162277660170128 -0.8925978709637247
outer loop
vertex 5.620142448804765 -15.000000000003302 46.47798077614294
vertex 3.7627452984330434 -18.000000000003457 46.138379732214354
vertex 4.159893189067549 -15.000000000003633 47.05613435789903
endloop
endfacet
facet normal -0.3767675707012417 0.3162277660170002 -0.8706584850949208
outer loop
vertex 3.7627452984330434 -18.000000000003457 46.138379732214354
vertex 5.620142448804765 -15.000000000003302 46.47798077614294
vertex 5.281404528559778 -18.000000000003116 45.537100007188
endloop
endfacet
facet normal -0.13052619222005468 2.2290409993479822e-13 -0.9914448613738102
outer loop
vertex 14.621453340446187 -11.207106781195082 72.92984727025059
vertex 14.865047590244748 -18.0000000000085 72.89777747886518
vertex 14.507257094001432 -11.088018385583188 72.94488149131018
endloop
endfacet
facet normal -0.2588426297214433 1.566804550001198e-06 -0.9659195064996011
outer loop
vertex 14.865047590244748 -18.0000000000085 72.89777747886518
vertex 14.621453340446187 -11.207106781195082 72.92984727025059
vertex 14.86504759024385 -11.441841393301065 72.89777747886674
endloop
endfacet
facet normal 0.6708203932499041 0.31622776601708796 -0.6708203932498521
outer loop
vertex 31.76625998460068 -15.000000000001348 52.32233047033522
vertex 33.59147826532927 -18.00000000000123 52.80589150158317
vertex 32.473366765787546 -18.00000000000109 51.615223689147896
endloop
endfacet
facet normal 0.7116178434411885 0.3162277660170823 -0.6273755214350953
outer loop
vertex 33.59147826532927 -18.00000000000123 52.80589150158317
vertex 31.76625998460068 -15.000000000001348 52.32233047033522
vertex 32.841367195698446 -15.00000000000149 53.46720336690764
endloop
endfacet
facet normal 0.7116178434411892 0.31622776601708225 -0.6273755214350945
outer loop
vertex 32.841367195698446 -15.00000000000149 53.46720336690764
vertex 34.63262077670522 -18.000000000001396 54.06441660502076
vertex 33.59147826532927 -18.00000000000123 52.80589150158317
endloop
endfacet
facet normal 0.7496068631116797 0.3162277660170754 -0.5814546850578447
outer loop
vertex 34.63262077670522 -18.000000000001396 54.06441660502076
vertex 32.841367195698446 -15.00000000000149 53.46720336690764
vertex 33.84246576432929 -15.000000000001648 54.6773236586745
endloop
endfacet
facet normal 0.6273755214351446 0.3162277660170918 -0.7116178434411407
outer loop
vertex 31.282698953352302 -18.000000000000966 50.497112189606135
vertex 31.76625998460068 -15.000000000001348 52.32233047033522
vertex 32.473366765787546 -18.00000000000109 51.615223689147896
endloop
endfacet
facet normal 0.6708203932499041 0.31622776601708796 -0.6708203932498521
outer loop
vertex 31.76625998460068 -15.000000000001348 52.32233047033522
vertex 31.282698953352302 -18.000000000000966 50.497112189606135
vertex 30.62138708802837 -15.000000000001238 51.24722325923737
endloop
endfacet
facet normal 0.25881904510252746 2.7928161758680925e-13 -0.9659258262890664
outer loop
vertex -5.747564161049476 -16.600000000012173 77.10823255462685
vertex -5.229926070844261 -18.000000000012122 77.17638090204836
vertex -5.747564161049276 -18.000000000012175 77.1082325546265
endloop
endfacet
facet normal 1.2323475573338707e-14 2.459402453323296e-13 -1.0
outer loop
vertex -5.229926070844261 -18.000000000012122 77.17638090204836
vertex -5.747564161049476 -16.600000000012173 77.10823255462685
vertex -5.229926070844439 -16.60000000001212 77.1763809020487
endloop
endfacet
facet normal -0.25881904510251685 2.0095790850666752e-13 -0.9659258262890693
outer loop
vertex -4.712287980639387 -16.60000000001204 77.10823255462685
vertex -5.229926070844261 -18.000000000012122 77.17638090204836
vertex -5.229926070844439 -16.60000000001212 77.1763809020487
endloop
endfacet
facet normal 1.2323475573338707e-14 2.459402453323296e-13 -1.0
outer loop
vertex -5.229926070844261 -18.000000000012122 77.17638090204836
vertex -4.712287980639387 -16.60000000001204 77.10823255462685
vertex -4.712287980639207 -18.000000000012044 77.10823255462651
endloop
endfacet
facet normal 0.3535533905931851 0.7071067811867391 -0.6123724356956245
outer loop
vertex 26.430726078667735 -15.000000000010486 87.25982707735363
vertex 27.713087988462842 -16.600000000010034 86.07398727630743
vertex 27.230726078667896 -16.60000000001005 85.87418643129814
endloop
endfacet
facet normal 0.18301270189213525 0.7071067811867324 -0.6830127018920504
outer loop
vertex 27.713087988462842 -16.600000000010034 86.07398727630743
vertex 26.430726078667735 -15.000000000010486 87.25982707735363
vertex 27.298977516298677 -15.000000000010463 87.6194685983703
endloop
endfacet
facet normal 0.18301270189213095 0.7071067811867325 -0.6830127018920515
outer loop
vertex 27.298977516298677 -15.000000000010463 87.6194685983703
vertex 28.230726078667868 -16.600000000009985 86.1421356237293
vertex 27.713087988462842 -16.600000000010034 86.07398727630743
endloop
endfacet
facet normal -8.295394445796218e-14 0.7071067811867146 -0.7071067811863806
outer loop
vertex 28.230726078667868 -16.600000000009985 86.1421356237293
vertex 27.298977516298677 -15.000000000010463 87.6194685983703
vertex 28.230726078667733 -15.000000000010372 87.74213562372967
endloop
endfacet
facet normal 0.7071067811865469 -7.678360792236198e-14 0.7071067811865482
outer loop
vertex 17.85075779461451 -18.000000000002405 49.267269911843485
vertex 18.264971356987434 -16.600000000002275 48.94943266664804
vertex 17.850757794614317 -16.600000000002403 49.267269911843826
endloop
endfacet
facet normal 0.49999999999999806 -1.4241544149365166e-13 0.8660254037844397
outer loop
vertex 18.264971356987434 -16.600000000002275 48.94943266664804
vertex 17.85075779461451 -18.000000000002405 49.267269911843485
vertex 18.26497135698761 -18.000000000002274 48.9494326666477
endloop
endfacet
facet normal 0.944473007993257 0.31622776601693875 0.08927898505306463
outer loop
vertex 39.97320153461725 -18.000000000005162 72.44681614627956
vertex 39.0762544640801 -15.00000000000486 70.78526897695224
vertex 38.97763957001382 -15.000000000005265 72.35270783296191
endloop
endfacet
facet normal 0.948215180110846 0.3162277660169533 0.029798862516596566
outer loop
vertex 39.0762544640801 -15.00000000000486 70.78526897695224
vertex 39.97320153461725 -18.000000000005162 72.44681614627956
vertex 40.0757610244462 -18.00000000000474 70.81667973602954
endloop
endfacet
facet normal 1.0 1.4073371087654902e-13 -5.662137425585405e-15
outer loop
vertex 17.264971356987612 -18.000000000002807 50.6814834742166
vertex 17.33311970440928 -16.60000000000293 51.199121564421986
vertex 17.333119704409487 -18.00000000000293 51.199121564421645
endloop
endfacet
facet normal 0.965925826289068 1.9512914017726374e-13 -0.2588190451025216
outer loop
vertex 17.33311970440928 -16.60000000000293 51.199121564421986
vertex 17.264971356987612 -18.000000000002807 50.6814834742166
vertex 17.264971356987406 -16.600000000002808 50.68148347421694
endloop
endfacet
facet normal 0.7071067811865467 2.73219316622878e-13 -0.7071067811865485
outer loop
vertex -6.644139633217503 -16.600000000012166 76.5905944644218
vertex -6.229926070844242 -18.000000000012182 76.90843170961723
vertex -6.644139633217349 -18.000000000012164 76.59059446442146
endloop
endfacet
facet normal 0.5000000000000032 2.9056534701106115e-13 -0.8660254037844369
outer loop
vertex -6.229926070844242 -18.000000000012182 76.90843170961723
vertex -6.644139633217503 -16.600000000012166 76.5905944644218
vertex -6.229926070844443 -16.600000000012187 76.90843170961759
endloop
endfacet
facet normal 0.7071067811865348 2.7327689203250304e-13 -0.7071067811865603
outer loop
vertex 26.816512516294825 -16.600000000010027 85.5563491861024
vertex 27.230726078668127 -18.000000000010047 85.8741864312978
vertex 26.816512516295006 -18.000000000010026 85.55634918610201
endloop
endfacet
facet normal 0.5000000000000088 2.807506389379559e-13 -0.8660254037844335
outer loop
vertex 27.230726078668127 -18.000000000010047 85.8741864312978
vertex 26.816512516294825 -16.600000000010027 85.5563491861024
vertex 27.230726078667896 -16.60000000001005 85.87418643129814
endloop
endfacet
facet normal 0.2588190451025236 2.7112252981758617e-13 -0.9659258262890675
outer loop
vertex 18.747333266782572 -18.00000000000309 52.61333512679472
vertex 19.264971356987438 -16.600000000003046 52.68148347421692
vertex 19.2649713569876 -18.000000000003045 52.68148347421659
endloop
endfacet
facet normal -1.1990408665951689e-14 2.418437155483862e-13 -1.0
outer loop
vertex 19.264971356987438 -16.600000000003046 52.68148347421692
vertex 18.747333266782572 -18.00000000000309 52.61333512679472
vertex 18.747333266782377 -16.600000000003092 52.613335126795086
endloop
endfacet
facet normal -0.49999999999999356 1.4530859153907725e-13 -0.8660254037844425
outer loop
vertex 20.264971356987413 -16.600000000002854 52.41353428178583
vertex 19.782609447192662 -18.000000000002963 52.6133351267947
vertex 19.78260944719246 -16.600000000002964 52.613335126795064
endloop
endfacet
facet normal -0.25881904510252496 1.9816549613636412e-13 -0.9659258262890672
outer loop
vertex 19.782609447192662 -18.000000000002963 52.6133351267947
vertex 20.264971356987413 -16.600000000002854 52.41353428178583
vertex 20.264971356987594 -18.000000000002856 52.41353428178547
endloop
endfacet
facet normal -0.9659258262890684 -6.183038108332834e-14 -0.25881904510252046
outer loop
vertex 16.986367933802462 -3.00000000000771 70.77645713530914
vertex 16.686666666289227 -8.225802491583515 71.50000000000033
vertex 16.68666666628857 -3.00000000000793 71.50000000000159
endloop
endfacet
facet normal -0.8844360994010223 -1.0827807621855106e-15 -0.46666131838444164
outer loop
vertex 16.686666666289227 -8.225802491583515 71.50000000000033
vertex 16.986367933802462 -3.00000000000771 70.77645713530914
vertex 16.900386242398614 -8.585786437634685 70.98403530081245
endloop
endfacet
facet normal -0.9238795325112861 -2.6493365428775913e-14 -0.3826834323650912
outer loop
vertex 16.900386242398614 -8.585786437634685 70.98403530081245
vertex 16.986367933802462 -3.00000000000771 70.77645713530914
vertex 16.986367933803184 -8.856307569768077 70.77645713530777
endloop
endfacet
facet normal -0.8660254037844429 -2.284050022633527e-13 0.4999999999999928
outer loop
vertex 20.997022164556316 -16.600000000002098 49.681483474216925
vertex 20.679184919360683 -18.000000000002036 49.267269911843506
vertex 20.997022164556473 -18.0000000000021 49.68148347421658
endloop
endfacet
facet normal -0.7071067811865483 -2.592178671615118e-13 0.7071067811865468
outer loop
vertex 20.679184919360683 -18.000000000002036 49.267269911843506
vertex 20.997022164556316 -16.600000000002098 49.681483474216925
vertex 20.679184919360512 -16.600000000002037 49.26726991184383
endloop
endfacet
facet normal -0.6830127018923107 0.7071067811865042 -0.18301270189204646
outer loop
vertex -3.298074418266281 -16.6000000000115 75.69401899225375
vertex -1.6299260708446486 -15.000000000011193 75.1763809020491
vertex -3.22992607084444 -16.6000000000114 75.17638090204872
endloop
endfacet
facet normal -0.7071067811866385 0.7071067811864566 1.7451215556797168e-13
outer loop
vertex -1.6299260708446486 -15.000000000011193 75.1763809020491
vertex -3.298074418266281 -16.6000000000115 75.69401899225375
vertex -1.7525930962039962 -15.000000000011418 76.10812946441817
endloop
endfacet
facet normal -0.7071067811866383 0.7071067811864568 1.7495624477782176e-13
outer loop
vertex -3.22992607084444 -16.6000000000114 75.17638090204872
vertex -1.7525930962039962 -15.000000000010953 74.24463233968004
vertex -3.298074418266306 -16.600000000011253 74.65874281184368
endloop
endfacet
facet normal -0.6830127018923102 0.7071067811864157 0.1830127018923899
outer loop
vertex -1.7525930962039962 -15.000000000010953 74.24463233968004
vertex -3.22992607084444 -16.6000000000114 75.17638090204872
vertex -1.6299260708446486 -15.000000000011193 75.1763809020491
endloop
endfacet
facet normal -0.6830127018923107 0.7071067811864158 0.18301270189238802
outer loop
vertex -3.298074418266306 -16.600000000011253 74.65874281184368
vertex -2.112234617220662 -15.000000000010804 73.3763809020491
vertex -3.4978752632755463 -16.60000000001116 74.17638090204872
endloop
endfacet
facet normal -0.6123724356958904 0.707106781186384 0.35355339059343466
outer loop
vertex -2.112234617220662 -15.000000000010804 73.3763809020491
vertex -3.298074418266306 -16.600000000011253 74.65874281184368
vertex -1.7525930962039962 -15.000000000010953 74.24463233968004
endloop
endfacet
facet normal 0.9444730079932588 0.3162277660169821 -0.08927898505289268
outer loop
vertex 39.973201534617274 -18.00000000000396 67.55318385371685
vertex 39.07625446408012 -15.00000000000449 69.21473102304583
vertex 40.07576102444622 -18.00000000000436 69.18332026396686
endloop
endfacet
facet normal 0.9482151801108466 0.31622776601696767 -0.029798862516421117
outer loop
vertex 39.07625446408012 -15.00000000000449 69.21473102304583
vertex 39.973201534617274 -18.00000000000396 67.55318385371685
vertex 38.97763957001386 -15.000000000004123 67.64729216703616
endloop
endfacet
facet normal 0.9482151801108462 0.31622776601695324 0.02979886251659518
outer loop
vertex 40.0757610244462 -18.00000000000474 70.81667973602954
vertex 39.07625446408012 -15.00000000000449 69.21473102304583
vertex 39.0762544640801 -15.00000000000486 70.78526897695224
endloop
endfacet
facet normal 0.9482151801108466 0.31622776601696767 -0.029798862516421117
outer loop
vertex 39.07625446408012 -15.00000000000449 69.21473102304583
vertex 40.0757610244462 -18.00000000000474 70.81667973602954
vertex 40.07576102444622 -18.00000000000436 69.18332026396686
endloop
endfacet
facet normal -0.8660254037844479 -2.470204986645984e-13 0.49999999999998385
outer loop
vertex -3.497875263275338 -18.000000000011163 74.17638090204838
vertex -3.8157125084713037 -16.600000000011118 73.7621673396756
vertex -3.8157125084711403 -18.000000000011116 73.76216733967526
endloop
endfacet
facet normal -0.7071067811865518 -2.7696190214321103e-13 0.7071067811865434
outer loop
vertex -3.8157125084713037 -16.600000000011118 73.7621673396756
vertex -3.497875263275338 -18.000000000011163 74.17638090204838
vertex -3.4978752632755463 -16.60000000001116 74.17638090204872
endloop
endfacet
facet normal 0.7071067811865446 2.6491490676228636e-13 -0.7071067811865506
outer loop
vertex 17.850757794614502 -18.000000000003084 52.095697036589705
vertex 18.264971356987417 -16.60000000000311 52.4135342817858
vertex 18.264971356987598 -18.000000000003112 52.413534281785445
endloop
endfacet
facet normal 0.49999999999999933 2.7728870359789284e-13 -0.866025403784439
outer loop
vertex 18.264971356987417 -16.60000000000311 52.4135342817858
vertex 17.850757794614502 -18.000000000003084 52.095697036589705
vertex 17.850757794614328 -16.60000000000308 52.09569703659003
endloop
endfacet
facet normal 0.25881904510252596 -1.981156081967961e-13 0.9659258262890669
outer loop
vertex 18.747333266782555 -18.000000000002164 48.749631821638445
vertex 18.264971356987434 -16.600000000002275 48.94943266664804
vertex 18.26497135698761 -18.000000000002274 48.9494326666477
endloop
endfacet
facet normal 0.49999999999999806 -1.4241544149365166e-13 0.8660254037844397
outer loop
vertex 18.264971356987434 -16.600000000002275 48.94943266664804
vertex 18.747333266782555 -18.000000000002164 48.749631821638445
vertex 18.74733326678238 -16.600000000002165 48.74963182163878
endloop
endfacet
facet normal 0.10650052363281498 -2.9219194070843736e-07 -0.99431264623651
outer loop
vertex 14.088423795412147 -10.000000000008617 73.00016665952384
vertex 14.088590454937174 -18.000000000008612 72.999999999998
vertex 13.312133319629606 -18.000000000008704 72.89777747886518
endloop
endfacet
facet normal 5.051514762044331e-15 -2.408370336837066e-13 1.0
outer loop
vertex 19.264971356987594 -18.00000000000208 48.681483474216556
vertex 18.74733326678238 -16.600000000002165 48.74963182163878
vertex 18.747333266782555 -18.000000000002164 48.749631821638445
endloop
endfacet
facet normal 0.25881904510252546 -1.9811560819679626e-13 0.9659258262890671
outer loop
vertex 18.74733326678238 -16.600000000002165 48.74963182163878
vertex 19.264971356987594 -18.00000000000208 48.681483474216556
vertex 19.26497135698745 -16.60000000000208 48.681483474216904
endloop
endfacet
facet normal -0.5000000000000085 1.4452620671570006e-13 -0.8660254037844336
outer loop
vertex -4.229926070844438 -16.600000000011928 76.90843170961759
vertex -4.712287980639207 -18.000000000012044 77.10823255462651
vertex -4.712287980639387 -16.60000000001204 77.10823255462685
endloop
endfacet
facet normal -0.25881904510251685 2.0095790850666752e-13 -0.9659258262890693
outer loop
vertex -4.712287980639207 -18.000000000012044 77.10823255462651
vertex -4.229926070844438 -16.600000000011928 76.90843170961759
vertex -4.229926070844257 -18.000000000011926 76.90843170961725
endloop
endfacet
facet normal -0.49999999999999717 -2.750285274586727e-13 0.8660254037844404
outer loop
vertex 20.264971356987434 -16.600000000002 48.94943266664804
vertex 19.782609447192613 -18.000000000002007 48.74963182163845
vertex 20.264971356987612 -18.000000000002 48.949432666647716
endloop
endfacet
facet normal -0.2588190451025222 -2.6780017343474353e-13 0.965925826289068
outer loop
vertex 19.782609447192613 -18.000000000002007 48.74963182163845
vertex 20.264971356987434 -16.600000000002 48.94943266664804
vertex 19.782609447192467 -16.600000000002016 48.74963182163877
endloop
endfacet
facet normal -0.2588190451025222 -2.6780017343474353e-13 0.965925826289068
outer loop
vertex 19.782609447192613 -18.000000000002007 48.74963182163845
vertex 19.26497135698745 -16.60000000000208 48.681483474216904
vertex 19.264971356987594 -18.00000000000208 48.681483474216556
endloop
endfacet
facet normal -1.6098233857066077e-15 -2.4083703368370745e-13 1.0
outer loop
vertex 19.26497135698745 -16.60000000000208 48.681483474216904
vertex 19.782609447192613 -18.000000000002007 48.74963182163845
vertex 19.782609447192467 -16.600000000002016 48.74963182163877
endloop
endfacet
facet normal 0.8452830079514998 0.31622776601684377 0.4306932045766003
outer loop
vertex 37.25476008383462 -18.00000000000776 81.80375299322638
vertex 37.03245609703618 -15.000000000007349 79.92869726586852
vertex 36.363753559645865 -15.000000000007779 81.3497624934877
endloop
endfacet
facet normal 0.8706584850949485 0.31622776601686 0.3767675707012953
outer loop
vertex 37.03245609703618 -15.000000000007349 79.92869726586852
vertex 37.25476008383462 -18.00000000000776 81.80375299322638
vertex 37.950210722720605 -18.000000000007322 80.32584515650248
endloop
endfacet
facet normal 0.8165715849487388 0.3162277660168271 0.48291908913845133
outer loop
vertex 36.467883157039566 -18.0000000000082 83.23507680950783
vertex 36.363753559645865 -15.000000000007779 81.3497624934877
vertex 35.60714113003524 -15.000000000008207 82.72603539375827
endloop
endfacet
facet normal 0.8452830079514989 0.3162277660168437 0.430693204576602
outer loop
vertex 36.363753559645865 -15.000000000007779 81.3497624934877
vertex 36.467883157039566 -18.0000000000082 83.23507680950783
vertex 37.25476008383462 -18.00000000000776 81.80375299322638
endloop
endfacet
facet normal -0.8660254037844353 -1.0835705611812506e-15 -0.5000000000000057
outer loop
vertex -3.4978752632755294 -16.60000000001166 76.17638090204869
vertex -3.2980744182661 -18.000000000011497 75.6940189922534
vertex -3.4978752632753576 -18.00000000001166 76.17638090204838
endloop
endfacet
facet normal -0.9659258262890669 -7.35096962548971e-14 -0.25881904510252596
outer loop
vertex -3.2980744182661 -18.000000000011497 75.6940189922534
vertex -3.4978752632755294 -16.60000000001166 76.17638090204869
vertex -3.298074418266281 -16.6000000000115 75.69401899225375
endloop
endfacet
facet normal -1.0 -1.445249842688615e-13 3.3306690738716606e-15
outer loop
vertex -3.22992607084444 -16.6000000000114 75.17638090204872
vertex -3.2980744182661 -18.000000000011497 75.6940189922534
vertex -3.298074418266281 -16.6000000000115 75.69401899225375
endloop
endfacet
facet normal -0.9659258262890669 -7.35096962548971e-14 -0.25881904510252596
outer loop
vertex -3.2980744182661 -18.000000000011497 75.6940189922534
vertex -3.22992607084444 -16.6000000000114 75.17638090204872
vertex -3.229926070844206 -18.0000000000114 75.17638090204838
endloop
endfacet
facet normal 0.6830127018921291 0.7071067811865891 0.18301270189239524
outer loop
vertex 24.7533931040271 -15.000000000009724 83.21038706136058
vertex 26.498675271099085 -16.600000000009466 83.14213562372927
vertex 25.113034625043774 -15.000000000009468 82.34213562372966
endloop
endfacet
facet normal 0.6123724356957034 0.7071067811865414 0.353553390593444
outer loop
vertex 26.498675271099085 -16.600000000009466 83.14213562372927
vertex 24.7533931040271 -15.000000000009724 83.21038706136058
vertex 26.298874426089803 -16.60000000000962 83.62449753352423
endloop
endfacet
facet normal 0.7071067811864595 0.7071067811866356 1.7634402355860243e-13
outer loop
vertex 24.630726078667738 -15.000000000009964 84.14213562372966
vertex 26.298874426089803 -16.60000000000962 83.62449753352423
vertex 24.7533931040271 -15.000000000009724 83.21038706136058
endloop
endfacet
facet normal 0.6830127018921288 0.7071067811865892 0.18301270189239677
outer loop
vertex 26.298874426089803 -16.60000000000962 83.62449753352423
vertex 24.630726078667738 -15.000000000009964 84.14213562372966
vertex 26.230726078667892 -16.600000000009757 84.14213562372929
endloop
endfacet
facet normal 0.683012701892133 0.7071067811866752 -0.1830127018920484
outer loop
vertex 24.753393104027097 -15.000000000010175 85.07388418609872
vertex 26.230726078667892 -16.600000000009757 84.14213562372929
vertex 24.630726078667738 -15.000000000009964 84.14213562372966
endloop
endfacet
facet normal 0.7071067811864594 0.7071067811866356 1.7795384694430888e-13
outer loop
vertex 26.230726078667892 -16.600000000009757 84.14213562372929
vertex 24.753393104027097 -15.000000000010175 85.07388418609872
vertex 26.298874426089732 -16.600000000009874 84.65977371393433
endloop
endfacet
facet normal 0.6123724356957071 0.7071067811867077 -0.3535533905931051
outer loop
vertex 25.113034625043746 -15.000000000010338 85.94213562372968
vertex 26.298874426089732 -16.600000000009874 84.65977371393433
vertex 24.753393104027097 -15.000000000010175 85.07388418609872
endloop
endfacet
facet normal 0.6830127018921334 0.7071067811866754 -0.18301270189204713
outer loop
vertex 26.298874426089732 -16.600000000009874 84.65977371393433
vertex 25.113034625043746 -15.000000000010338 85.94213562372968
vertex 26.498675271098993 -16.600000000009967 85.14213562372927
endloop
endfacet
facet normal -0.9659258262890679 -6.406729454877064e-14 -0.25881904510252274
outer loop
vertex 21.19682300956557 -16.60000000000244 51.199121564421965
vertex 20.997022164556487 -18.000000000002583 51.68148347421658
vertex 20.997022164556306 -16.60000000000258 51.68148347421694
endloop
endfacet
facet normal -0.8660254037844417 1.3133876225644306e-14 -0.4999999999999948
outer loop
vertex 20.997022164556487 -18.000000000002583 51.68148347421658
vertex 21.19682300956557 -16.60000000000244 51.199121564421965
vertex 21.19682300956574 -18.00000000000244 51.199121564421624
endloop
endfacet
facet normal -0.6830127018923102 0.7071067811864161 0.18301270189238789
outer loop
vertex 30.162577731246103 -16.60000000000911 83.62449753352423
vertex 31.348417532291684 -15.000000000008658 82.34213562372967
vertex 29.962776886236846 -16.600000000009015 83.14213562372927
endloop
endfacet
facet normal -0.6123724356958877 0.707106781186381 0.3535533905934453
outer loop
vertex 31.348417532291684 -15.000000000008658 82.34213562372967
vertex 30.162577731246103 -16.60000000000911 83.62449753352423
vertex 31.708059053308354 -15.000000000008827 83.21038706136058
endloop
endfacet
facet normal -0.6123724356958884 0.7071067811863812 0.35355339059344437
outer loop
vertex 29.962776886236846 -16.600000000009015 83.14213562372927
vertex 30.776310490939355 -15.000000000008539 81.59655121145808
vertex 29.644939641040988 -16.600000000008976 82.72792206135617
endloop
endfacet
facet normal -0.500000000000093 0.7071067811863619 0.5000000000001694
outer loop
vertex 30.776310490939355 -15.000000000008539 81.59655121145808
vertex 29.962776886236846 -16.600000000009015 83.14213562372927
vertex 31.348417532291684 -15.000000000008658 82.34213562372967
endloop
endfacet
facet normal -0.500000000000093 0.7071067811863619 0.5000000000001694
outer loop
vertex 30.776310490939355 -15.000000000008539 81.59655121145808
vertex 29.230726078667956 -16.600000000008947 82.41008481616039
vertex 29.644939641040988 -16.600000000008976 82.72792206135617
endloop
endfacet
facet normal -0.3535533905933657 0.7071067811863503 0.6123724356959693
outer loop
vertex 29.230726078667956 -16.600000000008947 82.41008481616039
vertex 30.776310490939355 -15.000000000008539 81.59655121145808
vertex 30.03072607866776 -15.000000000008495 81.0244441701057
endloop
endfacet
facet normal -0.18301270189231292 0.7071067811863592 0.6830127018923894
outer loop
vertex 19.782609447192467 -16.600000000002016 48.74963182163877
vertex 21.064971356987233 -15.000000000001577 47.56379202059332
vertex 20.19671991935632 -15.000000000001597 47.20415049957665
endloop
endfacet
facet normal -0.3535533905933636 0.7071067811863537 0.6123724356959664
outer loop
vertex 21.064971356987233 -15.000000000001577 47.56379202059332
vertex 19.782609447192467 -16.600000000002016 48.74963182163877
vertex 20.264971356987434 -16.600000000002 48.94943266664804
endloop
endfacet
facet normal -0.18301270189230542 0.7071067811866891 -0.6830127018920499
outer loop
vertex -4.298177508475565 -15.000000000012363 78.65371387668975
vertex -4.229926070844438 -16.600000000011928 76.90843170961759
vertex -4.712287980639387 -16.60000000001204 77.10823255462685
endloop
endfacet
facet normal -0.35355339059336865 0.7071067811866508 -0.6123724356956206
outer loop
vertex -4.229926070844438 -16.600000000011928 76.90843170961759
vertex -4.298177508475565 -15.000000000012363 78.65371387668975
vertex -3.4299260708446426 -15.000000000012149 78.29407235567308
endloop
endfacet
facet normal -0.35355339059336843 0.7071067811866508 -0.6123724356956206
outer loop
vertex -3.4299260708446426 -15.000000000012149 78.29407235567308
vertex -3.815712508471332 -16.600000000011804 76.59059446442178
vertex -4.229926070844438 -16.600000000011928 76.90843170961759
endloop
endfacet
facet normal -0.5000000000000935 0.7071067811866042 -0.4999999999998266
outer loop
vertex -3.815712508471332 -16.600000000011804 76.59059446442178
vertex -3.4299260708446426 -15.000000000012149 78.29407235567308
vertex -2.6843416585730737 -15.000000000011916 77.72196531432067
endloop
endfacet
facet normal -0.5000000000000935 0.7071067811866042 -0.4999999999998266
outer loop
vertex -3.815712508471332 -16.600000000011804 76.59059446442178
vertex -2.1122346172206563 -15.000000000011676 76.97638090204909
vertex -3.4978752632755294 -16.60000000001166 76.17638090204869
endloop
endfacet
facet normal -0.6123724356958836 0.7071067811865548 -0.35355339059310503
outer loop
vertex -2.1122346172206563 -15.000000000011676 76.97638090204909
vertex -3.815712508471332 -16.600000000011804 76.59059446442178
vertex -2.6843416585730737 -15.000000000011916 77.72196531432067
endloop
endfacet
facet normal -0.6123724356958841 0.7071067811865547 -0.35355339059310475
outer loop
vertex -3.4978752632755294 -16.60000000001166 76.17638090204869
vertex -1.7525930962039962 -15.000000000011418 76.10812946441817
vertex -3.298074418266281 -16.6000000000115 75.69401899225375
endloop
endfacet
facet normal -0.6830127018923098 0.7071067811865042 -0.18301270189204935
outer loop
vertex -1.7525930962039962 -15.000000000011418 76.10812946441817
vertex -3.4978752632755294 -16.60000000001166 76.17638090204869
vertex -2.1122346172206563 -15.000000000011676 76.97638090204909
endloop
endfacet
facet normal 0.3535533905931841 0.7071067811867408 -0.6123724356956233
outer loop
vertex -7.02992607084465 -15.000000000012623 78.29407235567307
vertex -5.747564161049476 -16.600000000012173 77.10823255462685
vertex -6.229926070844443 -16.600000000012187 76.90843170961759
endloop
endfacet
facet normal 0.18301270189212457 0.7071067811867362 -0.6830127018920495
outer loop
vertex -5.747564161049476 -16.600000000012173 77.10823255462685
vertex -7.02992607084465 -15.000000000012623 78.29407235567307
vertex -6.161674633213728 -15.000000000012603 78.65371387668975
endloop
endfacet
facet normal 0.18301270189212568 0.7071067811867361 -0.6830127018920492
outer loop
vertex -6.161674633213728 -15.000000000012603 78.65371387668975
vertex -5.229926070844439 -16.60000000001212 77.1763809020487
vertex -5.747564161049476 -16.600000000012173 77.10823255462685
endloop
endfacet
facet normal -8.983732721063839e-14 0.7071067811867164 -0.7071067811863786
outer loop
vertex -5.229926070844439 -16.60000000001212 77.1763809020487
vertex -6.161674633213728 -15.000000000012603 78.65371387668975
vertex -5.229926070844639 -15.000000000012513 78.77638090204908
endloop
endfacet
facet normal 0.3535533905931807 0.707106781186445 0.6123724356959668
outer loop
vertex 18.264971356987434 -16.600000000002275 48.94943266664804
vertex 18.333222794618163 -15.000000000001837 47.204150499576635
vertex 17.464971356987217 -15.000000000002037 47.56379202059332
endloop
endfacet
facet normal 0.1830127018921255 0.707106781186405 0.6830127018923922
outer loop
vertex 18.333222794618163 -15.000000000001837 47.204150499576635
vertex 18.264971356987434 -16.600000000002275 48.94943266664804
vertex 18.74733326678238 -16.600000000002165 48.74963182163878
endloop
endfacet
facet normal 1.0 1.372082013251299e-13 4.940492459583985e-15
outer loop
vertex -7.229926070844216 -18.00000000001189 75.17638090204836
vertex -7.1617777234225635 -16.600000000011764 74.65874281184368
vertex -7.229926070844441 -16.600000000011892 75.17638090204872
endloop
endfacet
facet normal 0.9659258262890655 6.842085070570082e-14 0.258819045102531
outer loop
vertex -7.1617777234225635 -16.600000000011764 74.65874281184368
vertex -7.229926070844216 -18.00000000001189 75.17638090204836
vertex -7.161777723422372 -18.000000000011767 74.6587428118433
endloop
endfacet
facet normal -0.7071067811865477 8.279007765844933e-14 -0.7071067811865475
outer loop
vertex 20.67918491936053 -16.60000000000271 52.09569703659004
vertex 20.264971356987594 -18.000000000002856 52.41353428178547
vertex 20.264971356987413 -16.600000000002854 52.41353428178583
endloop
endfacet
facet normal -0.49999999999999356 1.4530859153907725e-13 -0.8660254037844425
outer loop
vertex 20.264971356987594 -18.000000000002856 52.41353428178547
vertex 20.67918491936053 -16.60000000000271 52.09569703659004
vertex 20.67918491936072 -18.000000000002707 52.09569703658967
endloop
endfacet
facet normal -0.8660254037844394 1.3133876225645565e-14 -0.4999999999999987
outer loop
vertex 20.997022164556306 -16.60000000000258 51.68148347421694
vertex 20.67918491936072 -18.000000000002707 52.09569703658967
vertex 20.67918491936053 -16.60000000000271 52.09569703659004
endloop
endfacet
facet normal -0.7071067811865496 8.279007765844867e-14 -0.7071067811865456
outer loop
vertex 20.67918491936072 -18.000000000002707 52.09569703658967
vertex 20.997022164556306 -16.60000000000258 51.68148347421694
vertex 20.997022164556487 -18.000000000002583 51.68148347421658
endloop
endfacet
facet normal -0.5778256577574298 1.1011214238989907e-13 -0.8161602227731966
outer loop
vertex 19.866847032509295 -1.000000000009135 78.16160222773402
vertex 17.557579619050784 -3.000000000009726 79.37902522543142
vertex 17.55757961905049 -1.000000000009727 79.3790252254319
endloop
endfacet
facet normal -0.34689891641155207 1.7113879824037194e-13 -0.9379025225429831
outer loop
vertex 17.557579619050784 -3.000000000009726 79.37902522543142
vertex 19.866847032509295 -1.000000000009135 78.16160222773402
vertex 19.866847032509583 -3.0000000000091367 78.16160222773357
endloop
endfacet
facet normal -0.7693745354291894 4.409711530628141e-14 -0.6387979525899554
outer loop
vertex 21.782335809226876 -1.0000000000084581 76.38797952590163
vertex 19.866847032509583 -3.0000000000091367 78.16160222773357
vertex 19.866847032509295 -1.000000000009135 78.16160222773402
endloop
endfacet
facet normal -0.5778256577574309 1.101121423898987e-13 -0.8161602227731956
outer loop
vertex 19.866847032509583 -3.0000000000091367 78.16160222773357
vertex 21.782335809226876 -1.0000000000084581 76.38797952590163
vertex 21.782335809227167 -3.00000000000846 76.38797952590113
endloop
endfacet
facet normal -0.612372435695892 0.707106781186384 0.3535533905934324
outer loop
vertex -3.4978752632755463 -16.60000000001116 74.17638090204872
vertex -2.6843416585730453 -15.000000000010699 72.63079648977752
vertex -3.8157125084713037 -16.600000000011118 73.7621673396756
endloop
endfacet
facet normal -0.5000000000000915 0.7071067811863639 0.5000000000001683
outer loop
vertex -2.6843416585730453 -15.000000000010699 72.63079648977752
vertex -3.4978752632755463 -16.60000000001116 74.17638090204872
vertex -2.112234617220662 -15.000000000010804 73.3763809020491
endloop
endfacet
facet normal -0.3535533905933629 0.7071067811863543 0.6123724356959663
outer loop
vertex -4.229926070844396 -16.600000000011093 73.44433009447984
vertex -2.6843416585730453 -15.000000000010699 72.63079648977752
vertex -3.429926070844589 -15.000000000010655 72.05868944842513
endloop
endfacet
facet normal -0.5000000000000915 0.7071067811863639 0.5000000000001683
outer loop
vertex -2.6843416585730453 -15.000000000010699 72.63079648977752
vertex -4.229926070844396 -16.600000000011093 73.44433009447984
vertex -3.8157125084713037 -16.600000000011118 73.7621673396756
endloop
endfacet
facet normal -0.183012701892314 0.7071067811863609 0.6830127018923872
outer loop
vertex -4.712287980639357 -16.600000000011107 73.24452924947059
vertex -3.429926070844589 -15.000000000010655 72.05868944842513
vertex -4.298177508475553 -15.00000000001068 71.69904792740844
endloop
endfacet
facet normal -0.3535533905933639 0.7071067811863542 0.6123724356959659
outer loop
vertex -3.429926070844589 -15.000000000010655 72.05868944842513
vertex -4.712287980639357 -16.600000000011107 73.24452924947059
vertex -4.229926070844396 -16.600000000011093 73.44433009447984
endloop
endfacet
facet normal -8.81164815224697e-14 0.7071067811863768 0.7071067811867182
outer loop
vertex -5.229926070844431 -16.60000000001116 73.17638090204869
vertex -4.298177508475553 -15.00000000001068 71.69904792740844
vertex -5.229926070844597 -15.000000000010756 71.5763809020491
endloop
endfacet
facet normal -0.18301270189231225 0.707106781186361 0.6830127018923876
outer loop
vertex -4.298177508475553 -15.00000000001068 71.69904792740844
vertex -5.229926070844431 -16.60000000001116 73.17638090204869
vertex -4.712287980639357 -16.600000000011107 73.24452924947059
endloop
endfacet
facet normal -3.0531133177192964e-15 -2.4095236879321645e-13 1.0
outer loop
vertex 14.088590454936796 -15.000000000011044 82.99999999999869
vertex 10.72394286860219 -1.000000000011374 82.55703574175995
vertex 10.723942868604029 -15.00000000001137 82.5570357417566
endloop
endfacet
facet normal -0.25881904510252146 -2.6617086628518127e-13 0.9659258262890682
outer loop
vertex 10.72394286860219 -1.000000000011374 82.55703574175995
vertex 14.088590454936796 -15.000000000011044 82.99999999999869
vertex 14.088590454934963 -1.0000000000110496 83.00000000000207
endloop
endfacet
facet normal 0.5000000000000132 2.80750638937956e-13 -0.8660254037844309
outer loop
vertex 27.230726078667896 -16.60000000001005 85.87418643129814
vertex 27.713087988463023 -18.000000000010033 86.07398727630708
vertex 27.230726078668127 -18.000000000010047 85.8741864312978
endloop
endfacet
facet normal 0.25881904510253195 2.791751618538144e-13 -0.9659258262890653
outer loop
vertex 27.713087988463023 -18.000000000010033 86.07398727630708
vertex 27.230726078667896 -16.60000000001005 85.87418643129814
vertex 27.713087988462842 -16.600000000010034 86.07398727630743
endloop
endfacet
facet normal 0.183012701892127 0.7071067811864055 0.6830127018923912
outer loop
vertex -5.747564161049482 -16.60000000001124 73.24452924947057
vertex -5.229926070844597 -15.000000000010756 71.5763809020491
vertex -6.1616746332137 -15.00000000001092 71.69904792740846
endloop
endfacet
facet normal -9.000386066433247e-14 0.7071067811863768 0.7071067811867182
outer loop
vertex -5.229926070844597 -15.000000000010756 71.5763809020491
vertex -5.747564161049482 -16.60000000001124 73.24452924947057
vertex -5.229926070844431 -16.60000000001116 73.17638090204869
endloop
endfacet
facet normal 0.35355339059318136 0.7071067811864464 0.6123724356959647
outer loop
vertex -6.229926070844406 -16.600000000011352 73.44433009447984
vertex -6.1616746332137 -15.00000000001092 71.69904792740846
vertex -7.029926070844636 -15.00000000001112 72.0586894484251
endloop
endfacet
facet normal 0.18301270189212512 0.7071067811864056 0.6830127018923917
outer loop
vertex -6.1616746332137 -15.00000000001092 71.69904792740846
vertex -6.229926070844406 -16.600000000011352 73.44433009447984
vertex -5.747564161049482 -16.60000000001124 73.24452924947057
endloop
endfacet
facet normal 0.4999999999999094 0.7071067811864926 0.5000000000001685
outer loop
vertex -6.644139633217498 -16.60000000001148 73.7621673396756
vertex -7.029926070844636 -15.00000000001112 72.0586894484251
vertex -7.775510483116177 -15.000000000011354 72.63079648977752
endloop
endfacet
facet normal 0.3535533905931813 0.7071067811864465 0.6123724356959646
outer loop
vertex -7.029926070844636 -15.00000000001112 72.0586894484251
vertex -6.644139633217498 -16.60000000001148 73.7621673396756
vertex -6.229926070844406 -16.600000000011352 73.44433009447984
endloop
endfacet
facet normal -3.0531133177192964e-15 -2.4095236879321645e-13 1.0
outer loop
vertex 14.088590454936796 -15.000000000011044 82.99999999999869
vertex 17.45323804126775 -1.0000000000105083 82.55703574175996
vertex 14.088590454934963 -1.0000000000110496 83.00000000000207
endloop
endfacet
facet normal 0.25881904510251963 -1.9875497647369896e-13 0.9659258262890688
outer loop
vertex 17.45323804126775 -1.0000000000105083 82.55703574175996
vertex 14.088590454936796 -15.000000000011044 82.99999999999869
vertex 17.453238041269586 -15.000000000010505 82.55703574175661
endloop
endfacet
facet normal -0.5000000000000003 -2.729675791038054e-13 0.8660254037844385
outer loop
vertex 7.588590454934964 -1.0000000000114642 81.25833024919976
vertex 4.896202299511672 -15.000000000011303 79.19238815542381
vertex 7.588590454936803 -15.000000000011458 81.2583302491964
endloop
endfacet
facet normal -0.7071067811865476 -2.6129325029357874e-13 0.7071067811865476
outer loop
vertex 4.896202299511672 -15.000000000011303 79.19238815542381
vertex 7.588590454934964 -1.0000000000114642 81.25833024919976
vertex 4.896202299509845 -1.0000000000113118 79.19238815542717
endloop
endfacet
facet normal -1.287485084524283e-13 1.0 2.418197454734852e-13
outer loop
vertex 4.896202299511689 -15.000000000006859 60.80761184457356
vertex 15.664971356987218 -15.000000000003007 50.681483474217316
vertex 15.787638382346577 -15.000000000002782 49.74973491184826
endloop
endfacet
facet normal -1.287485084524283e-13 1.0 2.418197454734852e-13
outer loop
vertex 15.664971356987218 -15.000000000003007 50.681483474217316
vertex 4.896202299511689 -15.000000000006859 60.80761184457356
vertex 7.588590454936808 -15.000000000006013 58.741669750800995
endloop
endfacet
facet normal -1.287485084524283e-13 1.0 2.418197454734852e-13
outer loop
vertex 15.664971356987218 -15.000000000003007 50.681483474217316
vertex 7.588590454936808 -15.000000000006013 58.741669750800995
vertex 10.723942868604052 -15.000000000005299 57.442964258240806
endloop
endfacet
facet normal -1.287485084524283e-13 1.0 2.418197454734852e-13
outer loop
vertex 15.664971356987218 -15.000000000003007 50.681483474217316
vertex 10.723942868604052 -15.000000000005299 57.442964258240806
vertex 15.787638382346577 -15.000000000003215 51.61323203658639
endloop
endfacet
facet normal -1.287485084524283e-13 1.0 2.418197454734852e-13
outer loop
vertex 15.787638382346577 -15.000000000003215 51.61323203658639
vertex 10.723942868604052 -15.000000000005299 57.442964258240806
vertex 16.14727990336326 -15.000000000003384 52.48148347421734
endloop
endfacet
facet normal -1.287485084524283e-13 1.0 2.418197454734852e-13
outer loop
vertex 16.14727990336326 -15.000000000003384 52.48148347421734
vertex 10.723942868604052 -15.000000000005299 57.442964258240806
vertex 14.088590454936801 -15.000000000004755 56.999999999998685
endloop
endfacet
facet normal -1.287485084524283e-13 1.0 2.418197454734852e-13
outer loop
vertex 16.14727990336326 -15.000000000003384 52.48148347421734
vertex 14.088590454936801 -15.000000000004755 56.999999999998685
vertex 16.719386944715655 -15.000000000003507 53.227067886488896
endloop
endfacet
facet normal -1.287485084524283e-13 1.0 2.418197454734852e-13
outer loop
vertex 16.719386944715655 -15.000000000003507 53.227067886488896
vertex 14.088590454936801 -15.000000000004755 56.999999999998685
vertex 17.46497135698724 -15.000000000003547 53.799174927841285
endloop
endfacet
facet normal -1.287485084524283e-13 1.0 2.418197454734852e-13
outer loop
vertex 17.46497135698724 -15.000000000003547 53.799174927841285
vertex 14.088590454936801 -15.000000000004755 56.999999999998685
vertex 17.453238041269564 -15.000000000004428 57.44296425824082
endloop
endfacet
facet normal -1.287485084524283e-13 1.0 2.418197454734852e-13
outer loop
vertex 17.46497135698724 -15.000000000003547 53.799174927841285
vertex 17.453238041269564 -15.000000000004428 57.44296425824082
vertex 18.33322279461816 -15.00000000000352 54.15881644885797
endloop
endfacet
facet normal -1.287485084524283e-13 1.0 2.418197454734852e-13
outer loop
vertex 18.33322279461816 -15.00000000000352 54.15881644885797
vertex 17.453238041269564 -15.000000000004428 57.44296425824082
vertex 19.264971356987235 -15.000000000003427 54.281483474217296
endloop
endfacet
facet normal -1.287485084524283e-13 1.0 2.418197454734852e-13
outer loop
vertex 19.264971356987235 -15.000000000003427 54.281483474217296
vertex 17.453238041269564 -15.000000000004428 57.44296425824082
vertex 20.196719919356312 -15.000000000003263 54.158816448857934
endloop
endfacet
facet normal -1.287485084524283e-13 1.0 2.418197454734852e-13
outer loop
vertex 20.196719919356312 -15.000000000003263 54.158816448857934
vertex 17.453238041269564 -15.000000000004428 57.44296425824082
vertex 21.064971356987222 -15.00000000000308 53.79917492784128
endloop
endfacet
facet normal -1.287485084524283e-13 1.0 2.418197454734852e-13
outer loop
vertex 21.064971356987222 -15.00000000000308 53.79917492784128
vertex 17.453238041269564 -15.000000000004428 57.44296425824082
vertex 21.810555769258816 -15.000000000002851 53.22706788648888
endloop
endfacet
facet normal -1.287485084524283e-13 1.0 2.418197454734852e-13
outer loop
vertex 21.810555769258816 -15.000000000002851 53.22706788648888
vertex 17.453238041269564 -15.000000000004428 57.44296425824082
vertex 20.588590454936803 -15.000000000004343 58.74166975080098
endloop
endfacet
facet normal -1.287485084524283e-13 1.0 2.418197454734852e-13
outer loop
vertex 21.810555769258816 -15.000000000002851 53.22706788648888
vertex 20.588590454936803 -15.000000000004343 58.74166975080098
vertex 26.814625848696352 -15.000000000001059 48.481449324900254
endloop
endfacet
facet normal -1.287485084524283e-13 1.0 2.418197454734852e-13
outer loop
vertex 26.814625848696352 -15.000000000001059 48.481449324900254
vertex 20.588590454936803 -15.000000000004343 58.74166975080098
vertex 28.140674901240345 -15.000000000001092 49.322985643134786
endloop
endfacet
facet normal -1.287485084524283e-13 1.0 2.418197454734852e-13
outer loop
vertex 28.140674901240345 -15.000000000001092 49.322985643134786
vertex 20.588590454936803 -15.000000000004343 58.74166975080098
vertex 29.41126679626148 -15.000000000001146 50.2461246906066
endloop
endfacet
facet normal -1.287485084524283e-13 1.0 2.418197454734852e-13
outer loop
vertex 29.41126679626148 -15.000000000001146 50.2461246906066
vertex 20.588590454936803 -15.000000000004343 58.74166975080098
vertex 23.280978610361927 -15.000000000004501 60.80761184457359
endloop
endfacet
facet normal -1.287485084524283e-13 1.0 2.418197454734852e-13
outer loop
vertex 29.41126679626148 -15.000000000001146 50.2461246906066
vertex 23.280978610361927 -15.000000000004501 60.80761184457359
vertex 30.62138708802837 -15.000000000001238 51.24722325923737
endloop
endfacet
facet normal -1.287485084524283e-13 1.0 2.418197454734852e-13
outer loop
vertex 30.62138708802837 -15.000000000001238 51.24722325923737
vertex 23.280978610361927 -15.000000000004501 60.80761184457359
vertex 31.76625998460068 -15.000000000001348 52.32233047033522
endloop
endfacet
facet normal -1.287485084524283e-13 1.0 2.418197454734852e-13
outer loop
vertex 31.76625998460068 -15.000000000001348 52.32233047033522
vertex 23.280978610361927 -15.000000000004501 60.80761184457359
vertex 25.346920704134504 -15.000000000004881 63.4999999999987
endloop
endfacet
facet normal -1.287485084524283e-13 1.0 2.418197454734852e-13
outer loop
vertex 31.76625998460068 -15.000000000001348 52.32233047033522
vertex 25.346920704134504 -15.000000000004881 63.4999999999987
vertex 32.841367195698446 -15.00000000000149 53.46720336690764
endloop
endfacet
facet normal -1.287485084524283e-13 1.0 2.418197454734852e-13
outer loop
vertex 32.841367195698446 -15.00000000000149 53.46720336690764
vertex 25.346920704134504 -15.000000000004881 63.4999999999987
vertex 33.84246576432929 -15.000000000001648 54.6773236586745
endloop
endfacet
facet normal -1.287485084524283e-13 1.0 2.418197454734852e-13
outer loop
vertex 33.84246576432929 -15.000000000001648 54.6773236586745
vertex 25.346920704134504 -15.000000000004881 63.4999999999987
vertex 34.76560481180103 -15.000000000001839 55.947915553695694
endloop
endfacet
facet normal -1.287485084524283e-13 1.0 2.418197454734852e-13
outer loop
vertex 34.76560481180103 -15.000000000001839 55.947915553695694
vertex 25.346920704134504 -15.000000000004881 63.4999999999987
vertex 26.645626196694693 -15.00000000000548 66.63535241366593
endloop
endfacet
facet normal -1.287485084524283e-13 1.0 2.418197454734852e-13
outer loop
vertex 34.76560481180103 -15.000000000001839 55.947915553695694
vertex 26.645626196694693 -15.00000000000548 66.63535241366593
vertex 35.607141130035565 -15.000000000002053 57.273964606239666
endloop
endfacet
facet normal -1.287485084524283e-13 1.0 2.418197454734852e-13
outer loop
vertex 35.607141130035565 -15.000000000002053 57.273964606239666
vertex 26.645626196694693 -15.00000000000548 66.63535241366593
vertex 36.3637535596462 -15.000000000002288 58.65023750651032
endloop
endfacet
facet normal -1.287485084524283e-13 1.0 2.418197454734852e-13
outer loop
vertex 36.3637535596462 -15.000000000002288 58.65023750651032
vertex 26.645626196694693 -15.00000000000548 66.63535241366593
vertex 27.0885904549368 -15.000000000006235 69.99999999999869
endloop
endfacet
facet normal -1.287485084524283e-13 1.0 2.418197454734852e-13
outer loop
vertex 36.3637535596462 -15.000000000002288 58.65023750651032
vertex 27.0885904549368 -15.000000000006235 69.99999999999869
vertex 37.03245609703651 -15.000000000002547 60.07130273412948
endloop
endfacet
facet normal -1.287485084524283e-13 1.0 2.418197454734852e-13
outer loop
vertex 37.03245609703651 -15.000000000002547 60.07130273412948
vertex 27.0885904549368 -15.000000000006235 69.99999999999869
vertex 26.645626196694693 -15.000000000007107 73.36464758633146
endloop
endfacet
facet normal -1.287485084524283e-13 1.0 2.418197454734852e-13
outer loop
vertex 37.03245609703651 -15.000000000002547 60.07130273412948
vertex 26.645626196694693 -15.000000000007107 73.36464758633146
vertex 37.610609678792585 -15.000000000002826 61.53155199386671
endloop
endfacet
facet normal -1.287485084524283e-13 1.0 2.418197454734852e-13
outer loop
vertex 37.610609678792585 -15.000000000002826 61.53155199386671
vertex 26.645626196694693 -15.000000000007107 73.36464758633146
vertex 38.09593259686048 -15.000000000003123 63.02522234901826
endloop
endfacet
facet normal -1.287485084524283e-13 1.0 2.418197454734852e-13
outer loop
vertex 38.09593259686048 -15.000000000003123 63.02522234901826
vertex 26.645626196694693 -15.000000000007107 73.36464758633146
vertex 25.346920704134504 -15.000000000008024 76.49999999999869
endloop
endfacet
facet normal -1.287485084524283e-13 1.0 2.418197454734852e-13
outer loop
vertex 38.09593259686048 -15.000000000003123 63.02522234901826
vertex 25.346920704134504 -15.000000000008024 76.49999999999869
vertex 38.48650950340558 -15.000000000003435 64.54641896508544
endloop
endfacet
facet normal -1.287485084524283e-13 1.0 2.418197454734852e-13
outer loop
vertex 38.48650950340558 -15.000000000003435 64.54641896508544
vertex 25.346920704134504 -15.000000000008024 76.49999999999869
vertex 23.28097861036192 -15.000000000008946 79.19238815542381
endloop
endfacet
facet normal -1.287485084524283e-13 1.0 2.418197454734852e-13
outer loop
vertex 38.48650950340558 -15.000000000003435 64.54641896508544
vertex 23.28097861036192 -15.000000000008946 79.19238815542381
vertex 8.635009420022628 -15.00000000001449 94.39791904846727
endloop
endfacet
facet normal -1.287485084524283e-13 1.0 2.418197454734852e-13
outer loop
vertex 38.48650950340558 -15.000000000003435 64.54641896508544
vertex 8.635009420022628 -15.00000000001449 94.39791904846727
vertex 10.177728828930475 -15.00000000001437 94.69220851487705
endloop
endfacet
facet normal -1.287485084524283e-13 1.0 2.418197454734852e-13
outer loop
vertex 38.48650950340558 -15.000000000003435 64.54641896508544
vertex 10.177728828930475 -15.00000000001437 94.69220851487705
vertex 38.78079896981535 -15.000000000003777 66.08913837399325
endloop
endfacet
facet normal -1.287485084524283e-13 1.0 2.418197454734852e-13
outer loop
vertex 38.78079896981535 -15.000000000003777 66.08913837399325
vertex 10.177728828930475 -15.00000000001437 94.69220851487705
vertex 11.735882621973323 -15.000000000014222 94.88904911507565
endloop
endfacet
facet normal -1.287485084524283e-13 1.0 2.418197454734852e-13
outer loop
vertex 38.78079896981535 -15.000000000003777 66.08913837399325
vertex 11.735882621973323 -15.000000000014222 94.88904911507565
vertex 38.97763957001386 -15.000000000004123 67.64729216703616
endloop
endfacet
facet normal -1.287485084524283e-13 1.0 2.418197454734852e-13
outer loop
vertex 38.97763957001386 -15.000000000004123 67.64729216703616
vertex 11.735882621973323 -15.000000000014222 94.88904911507565
vertex 25.685141666396127 -15.000000000009214 81.59655121145809
endloop
endfacet
facet normal -1.287485084524283e-13 1.0 2.418197454734852e-13
outer loop
vertex 25.685141666396127 -15.000000000009214 81.59655121145809
vertex 11.735882621973323 -15.000000000014222 94.88904911507565
vertex 13.303321477983031 -15.000000000014047 94.98766400914197
endloop
endfacet
facet normal -1.287485084524283e-13 1.0 2.418197454734852e-13
outer loop
vertex 25.685141666396127 -15.000000000009214 81.59655121145809
vertex 13.303321477983031 -15.000000000014047 94.98766400914197
vertex 25.113034625043774 -15.000000000009468 82.34213562372966
endloop
endfacet
facet normal -1.287485084524283e-13 1.0 2.418197454734852e-13
outer loop
vertex 25.113034625043774 -15.000000000009468 82.34213562372966
vertex 13.303321477983031 -15.000000000014047 94.98766400914197
vertex 24.7533931040271 -15.000000000009724 83.21038706136058
endloop
endfacet
facet normal -1.287485084524283e-13 1.0 2.418197454734852e-13
outer loop
vertex 24.7533931040271 -15.000000000009724 83.21038706136058
vertex 13.303321477983031 -15.000000000014047 94.98766400914197
vertex 24.630726078667738 -15.000000000009964 84.14213562372966
endloop
endfacet
facet normal -1.287485084524283e-13 1.0 2.418197454734852e-13
outer loop
vertex 24.630726078667738 -15.000000000009964 84.14213562372966
vertex 13.303321477983031 -15.000000000014047 94.98766400914197
vertex 14.87385943188966 -15.00000000001383 94.98766400914202
endloop
endfacet
facet normal -1.287485084524283e-13 1.0 2.418197454734852e-13
outer loop
vertex 24.630726078667738 -15.000000000009964 84.14213562372966
vertex 14.87385943188966 -15.00000000001383 94.98766400914202
vertex 24.753393104027097 -15.000000000010175 85.07388418609872
endloop
endfacet
facet normal -1.287485084524283e-13 1.0 2.418197454734852e-13
outer loop
vertex 24.753393104027097 -15.000000000010175 85.07388418609872
vertex 14.87385943188966 -15.00000000001383 94.98766400914202
vertex 25.113034625043746 -15.000000000010338 85.94213562372968
endloop
endfacet
facet normal -1.287485084524283e-13 1.0 2.418197454734852e-13
outer loop
vertex 25.113034625043746 -15.000000000010338 85.94213562372968
vertex 14.87385943188966 -15.00000000001383 94.98766400914202
vertex 16.4412982878993 -15.000000000013618 94.88904911507574
endloop
endfacet
facet normal -1.287485084524283e-13 1.0 2.418197454734852e-13
outer loop
vertex 25.113034625043746 -15.000000000010338 85.94213562372968
vertex 16.4412982878993 -15.000000000013618 94.88904911507574
vertex 25.685141666396163 -15.00000000001044 86.68772003600122
endloop
endfacet
facet normal -1.287485084524283e-13 1.0 2.418197454734852e-13
outer loop
vertex 25.685141666396163 -15.00000000001044 86.68772003600122
vertex 16.4412982878993 -15.000000000013618 94.88904911507574
vertex 17.999452080942188 -15.00000000001337 94.6922085148772
endloop
endfacet
facet normal -1.287485084524283e-13 1.0 2.418197454734852e-13
outer loop
vertex 25.685141666396163 -15.00000000001044 86.68772003600122
vertex 17.999452080942188 -15.00000000001337 94.6922085148772
vertex 26.430726078667735 -15.000000000010486 87.25982707735363
endloop
endfacet
facet normal -1.287485084524283e-13 1.0 2.418197454734852e-13
outer loop
vertex 26.430726078667735 -15.000000000010486 87.25982707735363
vertex 17.999452080942188 -15.00000000001337 94.6922085148772
vertex 19.54217148985001 -15.000000000013085 94.39791904846746
endloop
endfacet
facet normal -1.287485084524283e-13 1.0 2.418197454734852e-13
outer loop
vertex 26.430726078667735 -15.000000000010486 87.25982707735363
vertex 19.54217148985001 -15.000000000013085 94.39791904846746
vertex 27.298977516298677 -15.000000000010463 87.6194685983703
endloop
endfacet
facet normal -1.287485084524283e-13 1.0 2.418197454734852e-13
outer loop
vertex 27.298977516298677 -15.000000000010463 87.6194685983703
vertex 19.54217148985001 -15.000000000013085 94.39791904846746
vertex 21.0633681059172 -15.00000000001281 94.00734214192238
endloop
endfacet
facet normal -1.287485084524283e-13 1.0 2.418197454734852e-13
outer loop
vertex 27.298977516298677 -15.000000000010463 87.6194685983703
vertex 21.0633681059172 -15.00000000001281 94.00734214192238
vertex 28.230726078667733 -15.000000000010372 87.74213562372967
endloop
endfacet
facet normal -1.287485084524283e-13 1.0 2.418197454734852e-13
outer loop
vertex 28.230726078667733 -15.000000000010372 87.74213562372967
vertex 21.0633681059172 -15.00000000001281 94.00734214192238
vertex 22.55703846106877 -15.000000000012498 93.52201922385444
endloop
endfacet
facet normal -1.287485084524283e-13 1.0 2.418197454734852e-13
outer loop
vertex 28.230726078667733 -15.000000000010372 87.74213562372967
vertex 22.55703846106877 -15.000000000012498 93.52201922385444
vertex 29.16247464103681 -15.000000000010223 87.61946859837035
endloop
endfacet
facet normal -1.287485084524283e-13 1.0 2.418197454734852e-13
outer loop
vertex 29.16247464103681 -15.000000000010223 87.61946859837035
vertex 22.55703846106877 -15.000000000012498 93.52201922385444
vertex 24.017287720805978 -15.000000000012172 92.94386564209836
endloop
endfacet
facet normal -1.287485084524283e-13 1.0 2.418197454734852e-13
outer loop
vertex 29.16247464103681 -15.000000000010223 87.61946859837035
vertex 24.017287720805978 -15.000000000012172 92.94386564209836
vertex 30.03072607866775 -15.000000000010008 87.25982707735366
endloop
endfacet
facet normal -1.287485084524283e-13 1.0 2.418197454734852e-13
outer loop
vertex 30.03072607866775 -15.000000000010008 87.25982707735366
vertex 24.017287720805978 -15.000000000012172 92.94386564209836
vertex 25.438352948425187 -15.000000000011825 92.27516310470804
endloop
endfacet
facet normal -1.287485084524283e-13 1.0 2.418197454734852e-13
outer loop
vertex 30.03072607866775 -15.000000000010008 87.25982707735366
vertex 25.438352948425187 -15.000000000011825 92.27516310470804
vertex 30.77631049093931 -15.000000000009775 86.68772003600125
endloop
endfacet
facet normal -1.287485084524283e-13 1.0 2.418197454734852e-13
outer loop
vertex 25.685141666396127 -15.000000000009214 81.59655121145809
vertex 39.07625446408012 -15.00000000000449 69.21473102304583
vertex 38.97763957001386 -15.000000000004123 67.64729216703616
endloop
endfacet
facet normal -1.287485084524283e-13 1.0 2.418197454734852e-13
outer loop
vertex 39.07625446408012 -15.00000000000449 69.21473102304583
vertex 25.685141666396127 -15.000000000009214 81.59655121145809
vertex 26.430726078667757 -15.00000000000898 81.02444417010568
endloop
endfacet
facet normal -1.287485084524283e-13 1.0 2.418197454734852e-13
outer loop
vertex 39.07625446408012 -15.00000000000449 69.21473102304583
vertex 26.430726078667757 -15.00000000000898 81.02444417010568
vertex 27.298977516298642 -15.000000000008779 80.66480264908901
endloop
endfacet
facet normal -1.287485084524283e-13 1.0 2.418197454734852e-13
outer loop
vertex 39.07625446408012 -15.00000000000449 69.21473102304583
vertex 27.298977516298642 -15.000000000008779 80.66480264908901
vertex 28.230726078667733 -15.000000000008615 80.54213562372965
endloop
endfacet
facet normal -1.287485084524283e-13 1.0 2.418197454734852e-13
outer loop
vertex 39.07625446408012 -15.00000000000449 69.21473102304583
vertex 28.230726078667733 -15.000000000008615 80.54213562372965
vertex 39.0762544640801 -15.00000000000486 70.78526897695224
endloop
endfacet
facet normal -1.287485084524283e-13 1.0 2.418197454734852e-13
outer loop
vertex 39.0762544640801 -15.00000000000486 70.78526897695224
vertex 28.230726078667733 -15.000000000008615 80.54213562372965
vertex 29.162474641036855 -15.000000000008539 80.66480264908903
endloop
endfacet
facet normal -1.287485084524283e-13 1.0 2.418197454734852e-13
outer loop
vertex 39.0762544640801 -15.00000000000486 70.78526897695224
vertex 29.162474641036855 -15.000000000008539 80.66480264908903
vertex 30.03072607866776 -15.000000000008495 81.0244441701057
endloop
endfacet
facet normal -1.287485084524283e-13 1.0 2.418197454734852e-13
outer loop
vertex 39.0762544640801 -15.00000000000486 70.78526897695224
vertex 30.03072607866776 -15.000000000008495 81.0244441701057
vertex 38.97763957001382 -15.000000000005265 72.35270783296191
endloop
endfacet
facet normal -1.287485084524283e-13 1.0 2.418197454734852e-13
outer loop
vertex 38.97763957001382 -15.000000000005265 72.35270783296191
vertex 30.03072607866776 -15.000000000008495 81.0244441701057
vertex 30.776310490939355 -15.000000000008539 81.59655121145808
endloop
endfacet
facet normal -1.287485084524283e-13 1.0 2.418197454734852e-13
outer loop
vertex 38.97763957001382 -15.000000000005265 72.35270783296191
vertex 30.776310490939355 -15.000000000008539 81.59655121145808
vertex 38.780798969815216 -15.000000000005668 73.91086162600479
endloop
endfacet
facet normal -1.287485084524283e-13 1.0 2.418197454734852e-13
outer loop
vertex 38.780798969815216 -15.000000000005668 73.91086162600479
vertex 30.776310490939355 -15.000000000008539 81.59655121145808
vertex 31.348417532291684 -15.000000000008658 82.34213562372967
endloop
endfacet
facet normal -1.287485084524283e-13 1.0 2.418197454734852e-13
outer loop
vertex 38.780798969815216 -15.000000000005668 73.91086162600479
vertex 31.348417532291684 -15.000000000008658 82.34213562372967
vertex 38.48650950340544 -15.00000000000608 75.4535810349126
endloop
endfacet
facet normal -1.287485084524283e-13 1.0 2.418197454734852e-13
outer loop
vertex 38.48650950340544 -15.00000000000608 75.4535810349126
vertex 31.348417532291684 -15.000000000008658 82.34213562372967
vertex 31.708059053308354 -15.000000000008827 83.21038706136058
endloop
endfacet
facet normal -1.287485084524283e-13 1.0 2.418197454734852e-13
outer loop
vertex 38.48650950340544 -15.00000000000608 75.4535810349126
vertex 31.708059053308354 -15.000000000008827 83.21038706136058
vertex 38.09593259686023 -15.000000000006493 76.97477765097976
endloop
endfacet
facet normal -1.287485084524283e-13 1.0 2.418197454734852e-13
outer loop
vertex 38.09593259686023 -15.000000000006493 76.97477765097976
vertex 31.708059053308354 -15.000000000008827 83.21038706136058
vertex 31.830726078667748 -15.000000000009036 84.14213562372969
endloop
endfacet
facet normal -1.287485084524283e-13 1.0 2.418197454734852e-13
outer loop
vertex 38.09593259686023 -15.000000000006493 76.97477765097976
vertex 31.830726078667748 -15.000000000009036 84.14213562372969
vertex 37.61060967879235 -15.00000000000692 78.46844800613128
endloop
endfacet
facet normal -1.287485084524283e-13 1.0 2.418197454734852e-13
outer loop
vertex 37.61060967879235 -15.00000000000692 78.46844800613128
vertex 31.830726078667748 -15.000000000009036 84.14213562372969
vertex 31.70805905330838 -15.000000000009278 85.07388418609877
endloop
endfacet
facet normal -1.287485084524283e-13 1.0 2.418197454734852e-13
outer loop
vertex 37.61060967879235 -15.00000000000692 78.46844800613128
vertex 31.70805905330838 -15.000000000009278 85.07388418609877
vertex 37.03245609703618 -15.000000000007349 79.92869726586852
endloop
endfacet
facet normal -1.287485084524283e-13 1.0 2.418197454734852e-13
outer loop
vertex 37.03245609703618 -15.000000000007349 79.92869726586852
vertex 31.70805905330838 -15.000000000009278 85.07388418609877
vertex 31.348417532291684 -15.000000000009535 85.94213562372967
endloop
endfacet
facet normal -1.287485084524283e-13 1.0 2.418197454734852e-13
outer loop
vertex 37.03245609703618 -15.000000000007349 79.92869726586852
vertex 31.348417532291684 -15.000000000009535 85.94213562372967
vertex 36.363753559645865 -15.000000000007779 81.3497624934877
endloop
endfacet
facet normal -1.287485084524283e-13 1.0 2.418197454734852e-13
outer loop
vertex 36.363753559645865 -15.000000000007779 81.3497624934877
vertex 31.348417532291684 -15.000000000009535 85.94213562372967
vertex 30.77631049093931 -15.000000000009775 86.68772003600125
endloop
endfacet
facet normal -1.287485084524283e-13 1.0 2.418197454734852e-13
outer loop
vertex 36.363753559645865 -15.000000000007779 81.3497624934877
vertex 30.77631049093931 -15.000000000009775 86.68772003600125
vertex 25.438352948425187 -15.000000000011825 92.27516310470804
endloop
endfacet
facet normal -1.287485084524283e-13 1.0 2.418197454734852e-13
outer loop
vertex 36.363753559645865 -15.000000000007779 81.3497624934877
vertex 25.438352948425187 -15.000000000011825 92.27516310470804
vertex 26.8146258486958 -15.000000000011465 91.51855067509746
endloop
endfacet
facet normal -1.287485084524283e-13 1.0 2.418197454734852e-13
outer loop
vertex 36.363753559645865 -15.000000000007779 81.3497624934877
vertex 26.8146258486958 -15.000000000011465 91.51855067509746
vertex 35.60714113003524 -15.000000000008207 82.72603539375827
endloop
endfacet
facet normal -1.287485084524283e-13 1.0 2.418197454734852e-13
outer loop
vertex 35.60714113003524 -15.000000000008207 82.72603539375827
vertex 26.8146258486958 -15.000000000011465 91.51855067509746
vertex 28.140674901239795 -15.000000000011095 90.67701435686293
endloop
endfacet
facet normal -1.287485084524283e-13 1.0 2.418197454734852e-13
outer loop
vertex 35.60714113003524 -15.000000000008207 82.72603539375827
vertex 28.140674901239795 -15.000000000011095 90.67701435686293
vertex 34.76560481180066 -15.000000000008638 84.05208444630225
endloop
endfacet
facet normal -1.287485084524283e-13 1.0 2.418197454734852e-13
outer loop
vertex 34.76560481180066 -15.000000000008638 84.05208444630225
vertex 28.140674901239795 -15.000000000011095 90.67701435686293
vertex 29.41126679626096 -15.000000000010692 89.75387530939119
endloop
endfacet
facet normal -1.287485084524283e-13 1.0 2.418197454734852e-13
outer loop
vertex 34.76560481180066 -15.000000000008638 84.05208444630225
vertex 29.41126679626096 -15.000000000010692 89.75387530939119
vertex 33.84246576432879 -15.000000000009045 85.3226763413234
endloop
endfacet
facet normal -1.287485084524283e-13 1.0 2.418197454734852e-13
outer loop
vertex 33.84246576432879 -15.000000000009045 85.3226763413234
vertex 29.41126679626096 -15.000000000010692 89.75387530939119
vertex 30.62138708802784 -15.000000000010294 88.75277674076041
endloop
endfacet
facet normal -1.287485084524283e-13 1.0 2.418197454734852e-13
outer loop
vertex 33.84246576432879 -15.000000000009045 85.3226763413234
vertex 30.62138708802784 -15.000000000010294 88.75277674076041
vertex 32.84136719569808 -15.000000000009488 86.53279663309027
endloop
endfacet
facet normal -1.287485084524283e-13 1.0 2.418197454734852e-13
outer loop
vertex 32.84136719569808 -15.000000000009488 86.53279663309027
vertex 30.62138708802784 -15.000000000010294 88.75277674076041
vertex 31.766259984600254 -15.000000000009901 87.67766952966265
endloop
endfacet
facet normal -1.287485084524283e-13 1.0 2.418197454734852e-13
outer loop
vertex -4.66418628582456 -15.000000000006303 53.46720336690722
vertex -2.4442061781543187 -15.000000000005494 51.24722325923703
vertex -3.5890790747267243 -15.000000000005903 52.32233047033481
endloop
endfacet
facet normal -1.287485084524283e-13 1.0 2.418197454734852e-13
outer loop
vertex -2.4442061781543187 -15.000000000005494 51.24722325923703
vertex -4.66418628582456 -15.000000000006303 53.46720336690722
vertex -5.665284854455331 -15.000000000006741 54.67732365867406
endloop
endfacet
facet normal -1.287485084524283e-13 1.0 2.418197454734852e-13
outer loop
vertex -2.4442061781543187 -15.000000000005494 51.24722325923703
vertex -5.665284854455331 -15.000000000006741 54.67732365867406
vertex -1.234085886387425 -15.000000000005093 50.24612469060626
endloop
endfacet
facet normal -1.287485084524283e-13 1.0 2.418197454734852e-13
outer loop
vertex -1.234085886387425 -15.000000000005093 50.24612469060626
vertex -5.665284854455331 -15.000000000006741 54.67732365867406
vertex -6.588423901927146 -15.000000000007166 55.947915553695196
endloop
endfacet
facet normal -1.287485084524283e-13 1.0 2.418197454734852e-13
outer loop
vertex -1.234085886387425 -15.000000000005093 50.24612469060626
vertex -6.588423901927146 -15.000000000007166 55.947915553695196
vertex 0.0365060086337168 -15.000000000004711 49.32298564313448
endloop
endfacet
facet normal -1.287485084524283e-13 1.0 2.418197454734852e-13
outer loop
vertex 0.0365060086337168 -15.000000000004711 49.32298564313448
vertex -6.588423901927146 -15.000000000007166 55.947915553695196
vertex -7.429960220161677 -15.000000000007592 57.27396460623915
endloop
endfacet
facet normal -1.287485084524283e-13 1.0 2.418197454734852e-13
outer loop
vertex 0.0365060086337168 -15.000000000004711 49.32298564313448
vertex -7.429960220161677 -15.000000000007592 57.27396460623915
vertex 1.3625550611777129 -15.000000000004333 48.481449324899955
endloop
endfacet
facet normal -1.287485084524283e-13 1.0 2.418197454734852e-13
outer loop
vertex 1.3625550611777129 -15.000000000004333 48.481449324899955
vertex -7.429960220161677 -15.000000000007592 57.27396460623915
vertex -8.186572649772287 -15.000000000008024 58.65023750650976
endloop
endfacet
facet normal -1.287485084524283e-13 1.0 2.418197454734852e-13
outer loop
vertex 1.3625550611777129 -15.000000000004333 48.481449324899955
vertex -8.186572649772287 -15.000000000008024 58.65023750650976
vertex 2.738827961448359 -15.000000000003977 47.724836895289364
endloop
endfacet
facet normal -1.287485084524283e-13 1.0 2.418197454734852e-13
outer loop
vertex 2.738827961448359 -15.000000000003977 47.724836895289364
vertex -8.186572649772287 -15.000000000008024 58.65023750650976
vertex -8.855275187162636 -15.000000000008455 60.071302734128906
endloop
endfacet
facet normal -1.287485084524283e-13 1.0 2.418197454734852e-13
outer loop
vertex 2.738827961448359 -15.000000000003977 47.724836895289364
vertex -8.855275187162636 -15.000000000008455 60.071302734128906
vertex 4.159893189067549 -15.000000000003633 47.05613435789903
endloop
endfacet
facet normal -1.287485084524283e-13 1.0 2.418197454734852e-13
outer loop
vertex 4.159893189067549 -15.000000000003633 47.05613435789903
vertex -8.855275187162636 -15.000000000008455 60.071302734128906
vertex -9.433428768918793 -15.000000000008884 61.53155199386612
endloop
endfacet
facet normal -1.287485084524283e-13 1.0 2.418197454734852e-13
outer loop
vertex 4.159893189067549 -15.000000000003633 47.05613435789903
vertex -9.433428768918793 -15.000000000008884 61.53155199386612
vertex 5.620142448804765 -15.000000000003302 46.47798077614294
endloop
endfacet
facet normal -1.287485084524283e-13 1.0 2.418197454734852e-13
outer loop
vertex 5.620142448804765 -15.000000000003302 46.47798077614294
vertex -9.433428768918793 -15.000000000008884 61.53155199386612
vertex -9.918751686986717 -15.000000000009306 63.02522234901766
endloop
endfacet
facet normal -1.287485084524283e-13 1.0 2.418197454734852e-13
outer loop
vertex 5.620142448804765 -15.000000000003302 46.47798077614294
vertex -9.918751686986717 -15.000000000009306 63.02522234901766
vertex 7.113812803956326 -15.000000000002974 45.99265785807503
endloop
endfacet
facet normal -1.287485084524283e-13 1.0 2.418197454734852e-13
outer loop
vertex 7.113812803956326 -15.000000000002974 45.99265785807503
vertex -9.918751686986717 -15.000000000009306 63.02522234901766
vertex -10.309328593531871 -15.00000000000971 64.54641896508481
endloop
endfacet
facet normal -1.287485084524283e-13 1.0 2.418197454734852e-13
outer loop
vertex 7.113812803956326 -15.000000000002974 45.99265785807503
vertex -10.309328593531871 -15.00000000000971 64.54641896508481
vertex 8.63500942002351 -15.000000000002702 45.602080951529935
endloop
endfacet
facet normal -1.287485084524283e-13 1.0 2.418197454734852e-13
outer loop
vertex 8.63500942002351 -15.000000000002702 45.602080951529935
vertex -10.309328593531871 -15.00000000000971 64.54641896508481
vertex -10.603618059941622 -15.000000000010136 66.0891383739926
endloop
endfacet
facet normal -1.287485084524283e-13 1.0 2.418197454734852e-13
outer loop
vertex 8.63500942002351 -15.000000000002702 45.602080951529935
vertex -10.603618059941622 -15.000000000010136 66.0891383739926
vertex 10.177728828931315 -15.000000000002434 45.3077914851202
endloop
endfacet
facet normal -1.287485084524283e-13 1.0 2.418197454734852e-13
outer loop
vertex 10.177728828931315 -15.000000000002434 45.3077914851202
vertex -10.603618059941622 -15.000000000010136 66.0891383739926
vertex -10.800458660140196 -15.00000000001054 67.6472921670355
endloop
endfacet
facet normal -1.287485084524283e-13 1.0 2.418197454734852e-13
outer loop
vertex 10.177728828931315 -15.000000000002434 45.3077914851202
vertex -10.800458660140196 -15.00000000001054 67.6472921670355
vertex 11.73588262197423 -15.000000000002187 45.11095088492166
endloop
endfacet
facet normal -1.287485084524283e-13 1.0 2.418197454734852e-13
outer loop
vertex 11.73588262197423 -15.000000000002187 45.11095088492166
vertex -10.800458660140196 -15.00000000001054 67.6472921670355
vertex -10.8990735542065 -15.000000000010932 69.21473102304513
endloop
endfacet
facet normal -1.287485084524283e-13 1.0 2.418197454734852e-13
outer loop
vertex 11.73588262197423 -15.000000000002187 45.11095088492166
vertex -10.8990735542065 -15.000000000010932 69.21473102304513
vertex 13.303321477983859 -15.000000000001975 45.01233599085538
endloop
endfacet
facet normal -1.287485084524283e-13 1.0 2.418197454734852e-13
outer loop
vertex 13.303321477983859 -15.000000000001975 45.01233599085538
vertex -10.8990735542065 -15.000000000010932 69.21473102304513
vertex -10.899073554206534 -15.000000000011294 70.78526897695153
endloop
endfacet
facet normal -1.287485084524283e-13 1.0 2.418197454734852e-13
outer loop
vertex 13.303321477983859 -15.000000000001975 45.01233599085538
vertex -10.899073554206534 -15.000000000011294 70.78526897695153
vertex 14.87385943189028 -15.000000000001751 45.0123359908554
endloop
endfacet
facet normal -1.287485084524283e-13 1.0 2.418197454734852e-13
outer loop
vertex 14.87385943189028 -15.000000000001751 45.0123359908554
vertex -10.899073554206534 -15.000000000011294 70.78526897695153
vertex -10.800458660140258 -15.000000000011672 72.35270783296119
endloop
endfacet
facet normal -1.287485084524283e-13 1.0 2.418197454734852e-13
outer loop
vertex 14.87385943189028 -15.000000000001751 45.0123359908554
vertex -10.800458660140258 -15.000000000011672 72.35270783296119
vertex 16.441298287899972 -15.000000000001577 45.110950884921714
endloop
endfacet
facet normal -1.287485084524283e-13 1.0 2.418197454734852e-13
outer loop
vertex 16.441298287899972 -15.000000000001577 45.110950884921714
vertex -10.800458660140258 -15.000000000011672 72.35270783296119
vertex -10.60361805994173 -15.000000000012022 73.91086162600409
endloop
endfacet
facet normal -1.287485084524283e-13 1.0 2.418197454734852e-13
outer loop
vertex 16.441298287899972 -15.000000000001577 45.110950884921714
vertex -10.60361805994173 -15.000000000012022 73.91086162600409
vertex 17.999452080942863 -15.000000000001428 45.30779148512026
endloop
endfacet
facet normal -1.287485084524283e-13 1.0 2.418197454734852e-13
outer loop
vertex 17.999452080942863 -15.000000000001428 45.30779148512026
vertex -10.60361805994173 -15.000000000012022 73.91086162600409
vertex -7.775510483116177 -15.000000000011354 72.63079648977752
endloop
endfacet
facet normal -1.287485084524283e-13 1.0 2.418197454734852e-13
outer loop
vertex -7.775510483116177 -15.000000000011354 72.63079648977752
vertex -10.60361805994173 -15.000000000012022 73.91086162600409
vertex -10.309328593532006 -15.000000000012363 75.45358103491186
endloop
endfacet
facet normal -1.287485084524283e-13 1.0 2.418197454734852e-13
outer loop
vertex 17.999452080942863 -15.000000000001428 45.30779148512026
vertex -7.775510483116177 -15.000000000011354 72.63079648977752
vertex 16.719386944715648 -15.00000000000229 48.135899061945715
endloop
endfacet
facet normal -1.287485084524283e-13 1.0 2.418197454734852e-13
outer loop
vertex -7.775510483116177 -15.000000000011354 72.63079648977752
vertex -10.309328593532006 -15.000000000012363 75.45358103491186
vertex -8.347617524468594 -15.000000000011608 73.3763809020491
endloop
endfacet
facet normal -1.287485084524283e-13 1.0 2.418197454734852e-13
outer loop
vertex -8.347617524468594 -15.000000000011608 73.3763809020491
vertex -10.309328593532006 -15.000000000012363 75.45358103491186
vertex -8.707259045485266 -15.00000000001185 74.24463233968001
endloop
endfacet
facet normal -1.287485084524283e-13 1.0 2.418197454734852e-13
outer loop
vertex -8.707259045485266 -15.00000000001185 74.24463233968001
vertex -10.309328593532006 -15.000000000012363 75.45358103491186
vertex -9.918751686986928 -15.000000000012665 76.97477765097906
endloop
endfacet
facet normal -1.287485084524283e-13 1.0 2.418197454734852e-13
outer loop
vertex -8.707259045485266 -15.00000000001185 74.24463233968001
vertex -9.918751686986928 -15.000000000012665 76.97477765097906
vertex -8.82992607084464 -15.000000000012104 75.1763809020491
endloop
endfacet
facet normal -1.287485084524283e-13 1.0 2.418197454734852e-13
outer loop
vertex -8.82992607084464 -15.000000000012104 75.1763809020491
vertex -9.918751686986928 -15.000000000012665 76.97477765097906
vertex -8.707259045485273 -15.000000000012315 76.10812946441817
endloop
endfacet
facet normal -1.287485084524283e-13 1.0 2.418197454734852e-13
outer loop
vertex -8.707259045485273 -15.000000000012315 76.10812946441817
vertex -9.918751686986928 -15.000000000012665 76.97477765097906
vertex -9.433428768919022 -15.000000000012964 78.4684480061306
endloop
endfacet
facet normal -1.287485084524283e-13 1.0 2.418197454734852e-13
outer loop
vertex -8.707259045485273 -15.000000000012315 76.10812946441817
vertex -9.433428768919022 -15.000000000012964 78.4684480061306
vertex -8.3476175244686 -15.000000000012474 76.97638090204909
endloop
endfacet
facet normal -1.287485084524283e-13 1.0 2.418197454734852e-13
outer loop
vertex -8.3476175244686 -15.000000000012474 76.97638090204909
vertex -9.433428768919022 -15.000000000012964 78.4684480061306
vertex -7.775510483116199 -15.000000000012585 77.72196531432068
endloop
endfacet
facet normal -1.287485084524283e-13 1.0 2.418197454734852e-13
outer loop
vertex -7.775510483116199 -15.000000000012585 77.72196531432068
vertex -9.433428768919022 -15.000000000012964 78.4684480061306
vertex -8.85527518716293 -15.000000000013257 79.92869726586784
endloop
endfacet
facet normal -1.287485084524283e-13 1.0 2.418197454734852e-13
outer loop
vertex -7.775510483116199 -15.000000000012585 77.72196531432068
vertex -8.85527518716293 -15.000000000013257 79.92869726586784
vertex -7.02992607084465 -15.000000000012623 78.29407235567307
endloop
endfacet
facet normal -1.287485084524283e-13 1.0 2.418197454734852e-13
outer loop
vertex -7.02992607084465 -15.000000000012623 78.29407235567307
vertex -8.85527518716293 -15.000000000013257 79.92869726586784
vertex -8.18657264977262 -15.000000000013515 81.34976249348699
endloop
endfacet
facet normal -1.287485084524283e-13 1.0 2.418197454734852e-13
outer loop
vertex -7.02992607084465 -15.000000000012623 78.29407235567307
vertex -8.18657264977262 -15.000000000013515 81.34976249348699
vertex -6.161674633213728 -15.000000000012603 78.65371387668975
endloop
endfacet
facet normal -1.287485084524283e-13 1.0 2.418197454734852e-13
outer loop
vertex -6.161674633213728 -15.000000000012603 78.65371387668975
vertex -8.18657264977262 -15.000000000013515 81.34976249348699
vertex -5.229926070844639 -15.000000000012513 78.77638090204908
endloop
endfacet
facet normal -1.287485084524283e-13 1.0 2.418197454734852e-13
outer loop
vertex -5.229926070844639 -15.000000000012513 78.77638090204908
vertex -8.18657264977262 -15.000000000013515 81.34976249348699
vertex -7.429960220162083 -15.00000000001375 82.72603539375761
endloop
endfacet
facet normal -1.287485084524283e-13 1.0 2.418197454734852e-13
outer loop
vertex -5.229926070844639 -15.000000000012513 78.77638090204908
vertex -7.429960220162083 -15.00000000001375 82.72603539375761
vertex -4.298177508475565 -15.000000000012363 78.65371387668975
endloop
endfacet
facet normal -1.287485084524283e-13 1.0 2.418197454734852e-13
outer loop
vertex -4.298177508475565 -15.000000000012363 78.65371387668975
vertex -7.429960220162083 -15.00000000001375 82.72603539375761
vertex -3.4299260708446426 -15.000000000012149 78.29407235567308
endloop
endfacet
facet normal -1.287485084524283e-13 1.0 2.418197454734852e-13
outer loop
vertex -3.4299260708446426 -15.000000000012149 78.29407235567308
vertex -7.429960220162083 -15.00000000001375 82.72603539375761
vertex -2.6843416585730737 -15.000000000011916 77.72196531432067
endloop
endfacet
facet normal -1.287485084524283e-13 1.0 2.418197454734852e-13
outer loop
vertex -7.775510483116177 -15.000000000011354 72.63079648977752
vertex 16.14727990336325 -15.000000000002524 48.881483474217326
vertex 16.719386944715648 -15.00000000000229 48.135899061945715
endloop
endfacet
facet normal -1.287485084524283e-13 1.0 2.418197454734852e-13
outer loop
vertex 16.14727990336325 -15.000000000002524 48.881483474217326
vertex -7.775510483116177 -15.000000000011354 72.63079648977752
vertex -7.029926070844636 -15.00000000001112 72.0586894484251
endloop
endfacet
facet normal -1.287485084524283e-13 1.0 2.418197454734852e-13
outer loop
vertex 16.14727990336325 -15.000000000002524 48.881483474217326
vertex -7.029926070844636 -15.00000000001112 72.0586894484251
vertex -6.1616746332137 -15.00000000001092 71.69904792740846
endloop
endfacet
facet normal -1.287485084524283e-13 1.0 2.418197454734852e-13
outer loop
vertex 16.14727990336325 -15.000000000002524 48.881483474217326
vertex -6.1616746332137 -15.00000000001092 71.69904792740846
vertex 15.787638382346577 -15.000000000002782 49.74973491184826
endloop
endfacet
facet normal -1.287485084524283e-13 1.0 2.418197454734852e-13
outer loop
vertex 15.787638382346577 -15.000000000002782 49.74973491184826
vertex -6.1616746332137 -15.00000000001092 71.69904792740846
vertex 4.896202299511689 -15.000000000006859 60.80761184457356
endloop
endfacet
facet normal -1.287485084524283e-13 1.0 2.418197454734852e-13
outer loop
vertex 4.896202299511689 -15.000000000006859 60.80761184457356
vertex -6.1616746332137 -15.00000000001092 71.69904792740846
vertex -5.229926070844597 -15.000000000010756 71.5763809020491
endloop
endfacet
facet normal -1.287485084524283e-13 1.0 2.418197454734852e-13
outer loop
vertex 4.896202299511689 -15.000000000006859 60.80761184457356
vertex -5.229926070844597 -15.000000000010756 71.5763809020491
vertex 2.830260205739104 -15.000000000007773 63.499999999998685
endloop
endfacet
facet normal -1.287485084524283e-13 1.0 2.418197454734852e-13
outer loop
vertex 2.830260205739104 -15.000000000007773 63.499999999998685
vertex -5.229926070844597 -15.000000000010756 71.5763809020491
vertex 1.5315547131789131 -15.000000000008697 66.6353524136659
endloop
endfacet
facet normal -1.287485084524283e-13 1.0 2.418197454734852e-13
outer loop
vertex 1.5315547131789131 -15.000000000008697 66.6353524136659
vertex -5.229926070844597 -15.000000000010756 71.5763809020491
vertex -4.298177508475553 -15.00000000001068 71.69904792740844
endloop
endfacet
facet normal -1.287485084524283e-13 1.0 2.418197454734852e-13
outer loop
vertex 1.5315547131789131 -15.000000000008697 66.6353524136659
vertex -4.298177508475553 -15.00000000001068 71.69904792740844
vertex -3.429926070844589 -15.000000000010655 72.05868944842513
endloop
endfacet
facet normal -1.287485084524283e-13 1.0 2.418197454734852e-13
outer loop
vertex 1.5315547131789131 -15.000000000008697 66.6353524136659
vertex -3.429926070844589 -15.000000000010655 72.05868944842513
vertex 1.0885904549367946 -15.000000000009571 69.99999999999868
endloop
endfacet
facet normal -1.287485084524283e-13 1.0 2.418197454734852e-13
outer loop
vertex 1.0885904549367946 -15.000000000009571 69.99999999999868
vertex -3.429926070844589 -15.000000000010655 72.05868944842513
vertex -2.6843416585730453 -15.000000000010699 72.63079648977752
endloop
endfacet
facet normal -1.287485084524283e-13 1.0 2.418197454734852e-13
outer loop
vertex 1.0885904549367946 -15.000000000009571 69.99999999999868
vertex -2.6843416585730453 -15.000000000010699 72.63079648977752
vertex -2.112234617220662 -15.000000000010804 73.3763809020491
endloop
endfacet
facet normal -1.287485084524283e-13 1.0 2.418197454734852e-13
outer loop
vertex 1.0885904549367946 -15.000000000009571 69.99999999999868
vertex -2.112234617220662 -15.000000000010804 73.3763809020491
vertex 1.5315547131788962 -15.000000000010324 73.36464758633144
endloop
endfacet
facet normal -1.287485084524283e-13 1.0 2.418197454734852e-13
outer loop
vertex 1.5315547131788962 -15.000000000010324 73.36464758633144
vertex -2.112234617220662 -15.000000000010804 73.3763809020491
vertex -1.7525930962039962 -15.000000000010953 74.24463233968004
endloop
endfacet
facet normal -1.287485084524283e-13 1.0 2.418197454734852e-13
outer loop
vertex 1.5315547131788962 -15.000000000010324 73.36464758633144
vertex -1.7525930962039962 -15.000000000010953 74.24463233968004
vertex -1.6299260708446486 -15.000000000011193 75.1763809020491
endloop
endfacet
facet normal -1.287485084524283e-13 1.0 2.418197454734852e-13
outer loop
vertex 1.5315547131788962 -15.000000000010324 73.36464758633144
vertex -1.6299260708446486 -15.000000000011193 75.1763809020491
vertex -1.7525930962039962 -15.000000000011418 76.10812946441817
endloop
endfacet
facet normal -1.287485084524283e-13 1.0 2.418197454734852e-13
outer loop
vertex 1.5315547131788962 -15.000000000010324 73.36464758633144
vertex -1.7525930962039962 -15.000000000011418 76.10812946441817
vertex -2.1122346172206563 -15.000000000011676 76.97638090204909
endloop
endfacet
facet normal -1.287485084524283e-13 1.0 2.418197454734852e-13
outer loop
vertex 1.5315547131788962 -15.000000000010324 73.36464758633144
vertex -2.1122346172206563 -15.000000000011676 76.97638090204909
vertex -2.6843416585730737 -15.000000000011916 77.72196531432067
endloop
endfacet
facet normal -1.287485084524283e-13 1.0 2.418197454734852e-13
outer loop
vertex 1.5315547131788962 -15.000000000010324 73.36464758633144
vertex -2.6843416585730737 -15.000000000011916 77.72196531432067
vertex 2.830260205739087 -15.000000000010914 76.49999999999869
endloop
endfacet
facet normal -1.287485084524283e-13 1.0 2.418197454734852e-13
outer loop
vertex 2.830260205739087 -15.000000000010914 76.49999999999869
vertex -2.6843416585730737 -15.000000000011916 77.72196531432067
vertex -7.429960220162083 -15.00000000001375 82.72603539375761
endloop
endfacet
facet normal -1.287485084524283e-13 1.0 2.418197454734852e-13
outer loop
vertex 2.830260205739087 -15.000000000010914 76.49999999999869
vertex -7.429960220162083 -15.00000000001375 82.72603539375761
vertex -6.588423901927574 -15.000000000013948 84.0520844463016
endloop
endfacet
facet normal -1.287485084524283e-13 1.0 2.418197454734852e-13
outer loop
vertex 2.830260205739087 -15.000000000010914 76.49999999999869
vertex -6.588423901927574 -15.000000000013948 84.0520844463016
vertex -5.6652848544558045 -15.000000000014138 85.32267634132275
endloop
endfacet
facet normal -1.287485084524283e-13 1.0 2.418197454734852e-13
outer loop
vertex 2.830260205739087 -15.000000000010914 76.49999999999869
vertex -5.6652848544558045 -15.000000000014138 85.32267634132275
vertex 4.896202299511672 -15.000000000011303 79.19238815542381
endloop
endfacet
facet normal -1.287485084524283e-13 1.0 2.418197454734852e-13
outer loop
vertex 4.896202299511672 -15.000000000011303 79.19238815542381
vertex -5.6652848544558045 -15.000000000014138 85.32267634132275
vertex -4.664186285825074 -15.000000000014316 86.53279663308965
endloop
endfacet
facet normal -1.287485084524283e-13 1.0 2.418197454734852e-13
outer loop
vertex 4.896202299511672 -15.000000000011303 79.19238815542381
vertex -4.664186285825074 -15.000000000014316 86.53279663308965
vertex -3.589079074727283 -15.000000000014433 87.67766952966204
endloop
endfacet
facet normal -1.287485084524283e-13 1.0 2.418197454734852e-13
outer loop
vertex 4.896202299511672 -15.000000000011303 79.19238815542381
vertex -3.589079074727283 -15.000000000014433 87.67766952966204
vertex -2.444206178154925 -15.000000000014552 88.75277674075988
endloop
endfacet
facet normal -1.287485084524283e-13 1.0 2.418197454734852e-13
outer loop
vertex 4.896202299511672 -15.000000000011303 79.19238815542381
vertex -2.444206178154925 -15.000000000014552 88.75277674075988
vertex 7.588590454936803 -15.000000000011458 81.2583302491964
endloop
endfacet
facet normal -1.287485084524283e-13 1.0 2.418197454734852e-13
outer loop
vertex 7.588590454936803 -15.000000000011458 81.2583302491964
vertex -2.444206178154925 -15.000000000014552 88.75277674075988
vertex -1.2340858863880395 -15.000000000014653 89.75387530939065
endloop
endfacet
facet normal -1.287485084524283e-13 1.0 2.418197454734852e-13
outer loop
vertex 7.588590454936803 -15.000000000011458 81.2583302491964
vertex -1.2340858863880395 -15.000000000014653 89.75387530939065
vertex 0.03650600863309077 -15.000000000014712 90.67701435686246
endloop
endfacet
facet normal -1.287485084524283e-13 1.0 2.418197454734852e-13
outer loop
vertex 7.588590454936803 -15.000000000011458 81.2583302491964
vertex 0.03650600863309077 -15.000000000014712 90.67701435686246
vertex 10.723942868604029 -15.00000000001137 82.5570357417566
endloop
endfacet
facet normal -1.287485084524283e-13 1.0 2.418197454734852e-13
outer loop
vertex 10.723942868604029 -15.00000000001137 82.5570357417566
vertex 0.03650600863309077 -15.000000000014712 90.67701435686246
vertex 1.362555061177022 -15.000000000014744 91.51855067509705
endloop
endfacet
facet normal -1.287485084524283e-13 1.0 2.418197454734852e-13
outer loop
vertex 10.723942868604029 -15.00000000001137 82.5570357417566
vertex 1.362555061177022 -15.000000000014744 91.51855067509705
vertex 2.7388279614476763 -15.000000000014753 92.27516310470766
endloop
endfacet
facet normal -1.287485084524283e-13 1.0 2.418197454734852e-13
outer loop
vertex 10.723942868604029 -15.00000000001137 82.5570357417566
vertex 2.7388279614476763 -15.000000000014753 92.27516310470766
vertex 14.088590454936796 -15.000000000011044 82.99999999999869
endloop
endfacet
facet normal -1.287485084524283e-13 1.0 2.418197454734852e-13
outer loop
vertex 14.088590454936796 -15.000000000011044 82.99999999999869
vertex 2.7388279614476763 -15.000000000014753 92.27516310470766
vertex 4.159893189066798 -15.00000000001473 92.94386564209803
endloop
endfacet
facet normal -1.287485084524283e-13 1.0 2.418197454734852e-13
outer loop
vertex 14.088590454936796 -15.000000000011044 82.99999999999869
vertex 4.159893189066798 -15.00000000001473 92.94386564209803
vertex 17.453238041269586 -15.000000000010505 82.55703574175661
endloop
endfacet
facet normal -1.287485084524283e-13 1.0 2.418197454734852e-13
outer loop
vertex 17.453238041269586 -15.000000000010505 82.55703574175661
vertex 4.159893189066798 -15.00000000001473 92.94386564209803
vertex 5.620142448803942 -15.000000000014682 93.52201922385416
endloop
endfacet
facet normal -1.287485084524283e-13 1.0 2.418197454734852e-13
outer loop
vertex 17.453238041269586 -15.000000000010505 82.55703574175661
vertex 5.620142448803942 -15.000000000014682 93.52201922385416
vertex 7.113812803955536 -15.000000000014605 94.00734214192214
endloop
endfacet
facet normal -1.287485084524283e-13 1.0 2.418197454734852e-13
outer loop
vertex 17.453238041269586 -15.000000000010505 82.55703574175661
vertex 7.113812803955536 -15.000000000014605 94.00734214192214
vertex 20.588590454936814 -15.000000000009791 81.2583302491964
endloop
endfacet
facet normal -1.287485084524283e-13 1.0 2.418197454734852e-13
outer loop
vertex 20.588590454936814 -15.000000000009791 81.2583302491964
vertex 7.113812803955536 -15.000000000014605 94.00734214192214
vertex 8.635009420022628 -15.00000000001449 94.39791904846727
endloop
endfacet
facet normal -1.287485084524283e-13 1.0 2.418197454734852e-13
outer loop
vertex 20.588590454936814 -15.000000000009791 81.2583302491964
vertex 8.635009420022628 -15.00000000001449 94.39791904846727
vertex 23.28097861036192 -15.000000000008946 79.19238815542381
endloop
endfacet
facet normal -1.287485084524283e-13 1.0 2.418197454734852e-13
outer loop
vertex 16.719386944715648 -15.00000000000229 48.135899061945715
vertex 19.54217148985064 -15.000000000001279 45.602080951530056
vertex 17.999452080942863 -15.000000000001428 45.30779148512026
endloop
endfacet
facet normal -1.287485084524283e-13 1.0 2.418197454734852e-13
outer loop
vertex 19.54217148985064 -15.000000000001279 45.602080951530056
vertex 16.719386944715648 -15.00000000000229 48.135899061945715
vertex 17.464971356987217 -15.000000000002037 47.56379202059332
endloop
endfacet
facet normal -1.287485084524283e-13 1.0 2.418197454734852e-13
outer loop
vertex 19.54217148985064 -15.000000000001279 45.602080951530056
vertex 17.464971356987217 -15.000000000002037 47.56379202059332
vertex 18.333222794618163 -15.000000000001837 47.204150499576635
endloop
endfacet
facet normal -1.287485084524283e-13 1.0 2.418197454734852e-13
outer loop
vertex 19.54217148985064 -15.000000000001279 45.602080951530056
vertex 18.333222794618163 -15.000000000001837 47.204150499576635
vertex 21.063368105917824 -15.000000000001183 45.99265785807517
endloop
endfacet
facet normal -1.287485084524283e-13 1.0 2.418197454734852e-13
outer loop
vertex 21.063368105917824 -15.000000000001183 45.99265785807517
vertex 18.333222794618163 -15.000000000001837 47.204150499576635
vertex 19.26497135698724 -15.000000000001688 47.0814834742173
endloop
endfacet
facet normal -1.287485084524283e-13 1.0 2.418197454734852e-13
outer loop
vertex 21.063368105917824 -15.000000000001183 45.99265785807517
vertex 19.26497135698724 -15.000000000001688 47.0814834742173
vertex 20.19671991935632 -15.000000000001597 47.20415049957665
endloop
endfacet
facet normal -1.287485084524283e-13 1.0 2.418197454734852e-13
outer loop
vertex 21.063368105917824 -15.000000000001183 45.99265785807517
vertex 20.19671991935632 -15.000000000001597 47.20415049957665
vertex 22.557038461069375 -15.000000000001123 46.47798077614313
endloop
endfacet
facet normal -1.287485084524283e-13 1.0 2.418197454734852e-13
outer loop
vertex 22.557038461069375 -15.000000000001123 46.47798077614313
vertex 20.19671991935632 -15.000000000001597 47.20415049957665
vertex 21.064971356987233 -15.000000000001577 47.56379202059332
endloop
endfacet
facet normal -1.287485084524283e-13 1.0 2.418197454734852e-13
outer loop
vertex 22.557038461069375 -15.000000000001123 46.47798077614313
vertex 21.064971356987233 -15.000000000001577 47.56379202059332
vertex 21.81055576925881 -15.00000000000162 48.135899061945715
endloop
endfacet
facet normal -1.287485084524283e-13 1.0 2.418197454734852e-13
outer loop
vertex 22.557038461069375 -15.000000000001123 46.47798077614313
vertex 21.81055576925881 -15.00000000000162 48.135899061945715
vertex 24.017287720806603 -15.000000000001075 47.05613435789927
endloop
endfacet
facet normal -1.287485084524283e-13 1.0 2.418197454734852e-13
outer loop
vertex 24.017287720806603 -15.000000000001075 47.05613435789927
vertex 21.81055576925881 -15.00000000000162 48.135899061945715
vertex 22.382662810611208 -15.000000000001727 48.8814834742173
endloop
endfacet
facet normal -1.287485084524283e-13 1.0 2.418197454734852e-13
outer loop
vertex 24.017287720806603 -15.000000000001075 47.05613435789927
vertex 22.382662810611208 -15.000000000001727 48.8814834742173
vertex 25.43835294842575 -15.000000000001053 47.72483689528961
endloop
endfacet
facet normal -1.287485084524283e-13 1.0 2.418197454734852e-13
outer loop
vertex 25.43835294842575 -15.000000000001053 47.72483689528961
vertex 22.382662810611208 -15.000000000001727 48.8814834742173
vertex 22.742304331627892 -15.000000000001885 49.74973491184822
endloop
endfacet
facet normal -1.287485084524283e-13 1.0 2.418197454734852e-13
outer loop
vertex 25.43835294842575 -15.000000000001053 47.72483689528961
vertex 22.742304331627892 -15.000000000001885 49.74973491184822
vertex 22.86497135698723 -15.000000000002078 50.681483474217295
endloop
endfacet
facet normal -1.287485084524283e-13 1.0 2.418197454734852e-13
outer loop
vertex 25.43835294842575 -15.000000000001053 47.72483689528961
vertex 22.86497135698723 -15.000000000002078 50.681483474217295
vertex 26.814625848696352 -15.000000000001059 48.481449324900254
endloop
endfacet
facet normal -1.287485084524283e-13 1.0 2.418197454734852e-13
outer loop
vertex 26.814625848696352 -15.000000000001059 48.481449324900254
vertex 22.86497135698723 -15.000000000002078 50.681483474217295
vertex 22.742304331627864 -15.000000000002336 51.61323203658637
endloop
endfacet
facet normal -1.287485084524283e-13 1.0 2.418197454734852e-13
outer loop
vertex 26.814625848696352 -15.000000000001059 48.481449324900254
vertex 22.742304331627864 -15.000000000002336 51.61323203658637
vertex 22.382662810611244 -15.000000000002592 52.48148347421732
endloop
endfacet
facet normal -1.287485084524283e-13 1.0 2.418197454734852e-13
outer loop
vertex 26.814625848696352 -15.000000000001059 48.481449324900254
vertex 22.382662810611244 -15.000000000002592 52.48148347421732
vertex 21.810555769258816 -15.000000000002851 53.22706788648888
endloop
endfacet
facet normal -0.25881904510252146 -2.6617086628518127e-13 0.9659258262890682
outer loop
vertex 10.72394286860219 -1.000000000011374 82.55703574175995
vertex 7.588590454936803 -15.000000000011458 81.2583302491964
vertex 10.723942868604029 -15.00000000001137 82.5570357417566
endloop
endfacet
facet normal -0.4999999999999998 -2.7296757910380545e-13 0.8660254037844389
outer loop
vertex 7.588590454936803 -15.000000000011458 81.2583302491964
vertex 10.72394286860219 -1.000000000011374 82.55703574175995
vertex 7.588590454934964 -1.0000000000114642 81.25833024919976
endloop
endfacet
facet normal 0.5000000000000009 -1.4385360767381474e-13 0.8660254037844382
outer loop
vertex 20.588590454936814 -15.000000000009791 81.2583302491964
vertex 17.45323804126775 -1.0000000000105083 82.55703574175996
vertex 17.453238041269586 -15.000000000010505 82.55703574175661
endloop
endfacet
facet normal 0.25881904510251963 -1.9875497647369896e-13 0.9659258262890688
outer loop
vertex 17.45323804126775 -1.0000000000105083 82.55703574175996
vertex 20.588590454936814 -15.000000000009791 81.2583302491964
vertex 20.58859045493497 -1.000000000009792 81.25833024919977
endloop
endfacet
facet normal 0.8660254037844383 -6.983411375783223e-15 0.5000000000000008
outer loop
vertex 25.346920704134504 -15.000000000008024 76.49999999999869
vertex 26.645626196692877 -1.0000000000071045 73.36464758633484
vertex 25.34692070413269 -1.0000000000080294 76.50000000000209
endloop
endfacet
facet normal 0.9659258262890684 6.322043649326183e-14 0.2588190451025206
outer loop
vertex 26.645626196692877 -1.0000000000071045 73.36464758633484
vertex 25.346920704134504 -15.000000000008024 76.49999999999869
vertex 26.645626196694693 -15.000000000007107 73.36464758633146
endloop
endfacet
facet normal 0.6123724356957071 0.7071067811867077 -0.3535533905931051
outer loop
vertex 25.113034625043746 -15.000000000010338 85.94213562372968
vertex 26.816512516294825 -16.600000000010027 85.5563491861024
vertex 26.498675271098993 -16.600000000009967 85.14213562372927
endloop
endfacet
facet normal 0.49999999999990774 0.7071067811867305 -0.49999999999983363
outer loop
vertex 26.816512516294825 -16.600000000010027 85.5563491861024
vertex 25.113034625043746 -15.000000000010338 85.94213562372968
vertex 25.685141666396163 -15.00000000001044 86.68772003600122
endloop
endfacet
facet normal 0.4999999999999091 0.7071067811867304 -0.4999999999998324
outer loop
vertex 25.685141666396163 -15.00000000001044 86.68772003600122
vertex 27.230726078667896 -16.60000000001005 85.87418643129814
vertex 26.816512516294825 -16.600000000010027 85.5563491861024
endloop
endfacet
facet normal 0.3535533905931873 0.7071067811867392 -0.6123724356956233
outer loop
vertex 27.230726078667896 -16.60000000001005 85.87418643129814
vertex 25.685141666396163 -15.00000000001044 86.68772003600122
vertex 26.430726078667735 -15.000000000010486 87.25982707735363
endloop
endfacet
facet normal -0.5000000000000916 0.7071067811866061 -0.4999999999998258
outer loop
vertex 29.644939641041045 -16.600000000009658 85.55634918610238
vertex 31.348417532291684 -15.000000000009535 85.94213562372967
vertex 29.962776886236757 -16.600000000009516 85.14213562372927
endloop
endfacet
facet normal -0.6123724356958848 0.707106781186555 -0.3535533905931024
outer loop
vertex 31.348417532291684 -15.000000000009535 85.94213562372967
vertex 29.644939641041045 -16.600000000009658 85.55634918610238
vertex 30.77631049093931 -15.000000000009775 86.68772003600125
endloop
endfacet
facet normal -0.6123724356958845 0.7071067811865551 -0.3535533905931029
outer loop
vertex 29.962776886236757 -16.600000000009516 85.14213562372927
vertex 31.70805905330838 -15.000000000009278 85.07388418609877
vertex 30.162577731246078 -16.600000000009363 84.65977371393433
endloop
endfacet
facet normal -0.6830127018923075 0.7071067811865059 -0.18301270189205138
outer loop
vertex 31.70805905330838 -15.000000000009278 85.07388418609877
vertex 29.962776886236757 -16.600000000009516 85.14213562372927
vertex 31.348417532291684 -15.000000000009535 85.94213562372967
endloop
endfacet
facet normal -0.683012701892307 0.7071067811865059 -0.18301270189205265
outer loop
vertex 30.162577731246078 -16.600000000009363 84.65977371393433
vertex 31.830726078667748 -15.000000000009036 84.14213562372969
vertex 30.23072607866793 -16.600000000009256 84.1421356237293
endloop
endfacet
facet normal -0.7071067811866385 0.7071067811864565 1.6557486021973914e-13
outer loop
vertex 31.830726078667748 -15.000000000009036 84.14213562372969
vertex 30.162577731246078 -16.600000000009363 84.65977371393433
vertex 31.70805905330838 -15.000000000009278 85.07388418609877
endloop
endfacet
facet normal -0.7071067811866386 0.7071067811864564 1.6485321525373276e-13
outer loop
vertex 30.23072607866793 -16.600000000009256 84.1421356237293
vertex 31.708059053308354 -15.000000000008827 83.21038706136058
vertex 30.162577731246103 -16.60000000000911 83.62449753352423
endloop
endfacet
facet normal -0.6830127018923094 0.7071067811864162 0.18301270189239072
outer loop
vertex 31.708059053308354 -15.000000000008827 83.21038706136058
vertex 30.23072607866793 -16.600000000009256 84.1421356237293
vertex 31.830726078667748 -15.000000000009036 84.14213562372969
endloop
endfacet
facet normal -1.287022214736258e-13 1.0 2.4158018277677454e-13
outer loop
vertex 1.0885904549349843 -1.0000000000095803 70.00000000000206
vertex 6.394845100643108 -1.0000000000073441 63.6120204741025
vertex 1.5315547131770944 -1.000000000008712 66.6353524136693
endloop
endfacet
facet normal -1.287022214736258e-13 1.0 2.4158018277677454e-13
outer loop
vertex 6.394845100643108 -1.0000000000073441 63.6120204741025
vertex 1.0885904549349843 -1.0000000000095803 70.00000000000206
vertex 5.003672355305146 -1.0000000000080576 65.82097342398964
endloop
endfacet
facet normal -1.287022214736258e-13 1.0 2.4158018277677454e-13
outer loop
vertex 5.003672355305146 -1.0000000000080576 65.82097342398964
vertex 1.0885904549349843 -1.0000000000095803 70.00000000000206
vertex 4.231621764919915 -1.0000000000087599 68.31472012886412
endloop
endfacet
facet normal -1.287022214736258e-13 1.0 2.4158018277677454e-13
outer loop
vertex 4.231621764919915 -1.0000000000087599 68.31472012886412
vertex 1.0885904549349843 -1.0000000000095803 70.00000000000206
vertex 1.5315547131770886 -1.0000000000103362 73.36464758633483
endloop
endfacet
facet normal -1.287022214736258e-13 1.0 2.4158018277677454e-13
outer loop
vertex 4.231621764919915 -1.0000000000087599 68.31472012886412
vertex 1.5315547131770886 -1.0000000000103362 73.36464758633483
vertex 4.1313073013482935 -1.0000000000094056 70.92331587189996
endloop
endfacet
facet normal -1.287022214736258e-13 1.0 2.4158018277677454e-13
outer loop
vertex 4.1313073013482935 -1.0000000000094056 70.92331587189996
vertex 1.5315547131770886 -1.0000000000103362 73.36464758633483
vertex 2.830260205737271 -1.0000000000109255 76.50000000000205
endloop
endfacet
facet normal -1.287022214736258e-13 1.0 2.4158018277677454e-13
outer loop
vertex 4.1313073013482935 -1.0000000000094056 70.92331587189996
vertex 2.830260205737271 -1.0000000000109255 76.50000000000205
vertex 4.709565229505148 -1.000000000009947 73.46898916411757
endloop
endfacet
facet normal -1.287022214736258e-13 1.0 2.4158018277677454e-13
outer loop
vertex 4.709565229505148 -1.000000000009947 73.46898916411757
vertex 2.830260205737271 -1.0000000000109255 76.50000000000205
vertex 5.926988227203024 -1.0000000000103475 75.77825657757637
endloop
endfacet
facet normal -1.287022214736258e-13 1.0 2.4158018277677454e-13
outer loop
vertex 5.926988227203024 -1.0000000000103475 75.77825657757637
vertex 2.830260205737271 -1.0000000000109255 76.50000000000205
vertex 4.896202299509845 -1.0000000000113118 79.19238815542717
endloop
endfacet
facet normal -1.287022214736258e-13 1.0 2.4158018277677454e-13
outer loop
vertex 5.926988227203024 -1.0000000000103475 75.77825657757637
vertex 4.896202299509845 -1.0000000000113118 79.19238815542717
vertex 7.700610929035425 -1.0000000000105844 77.69374535429397
endloop
endfacet
facet normal -1.287022214736258e-13 1.0 2.4158018277677454e-13
outer loop
vertex 7.700610929035425 -1.0000000000105844 77.69374535429397
vertex 4.896202299509845 -1.0000000000113118 79.19238815542717
vertex 7.588590454934964 -1.0000000000114642 81.25833024919976
endloop
endfacet
facet normal -1.287022214736258e-13 1.0 2.4158018277677454e-13
outer loop
vertex 7.700610929035425 -1.0000000000105844 77.69374535429397
vertex 7.588590454934964 -1.0000000000114642 81.25833024919976
vertex 9.909563878922585 -1.000000000010638 79.08491809963193
endloop
endfacet
facet normal -1.287022214736258e-13 1.0 2.4158018277677454e-13
outer loop
vertex 9.909563878922585 -1.000000000010638 79.08491809963193
vertex 7.588590454934964 -1.0000000000114642 81.25833024919976
vertex 10.72394286860219 -1.000000000011374 82.55703574175995
endloop
endfacet
facet normal -1.287022214736258e-13 1.0 2.4158018277677454e-13
outer loop
vertex 9.909563878922585 -1.000000000010638 79.08491809963193
vertex 10.72394286860219 -1.000000000011374 82.55703574175995
vertex 12.403310583797037 -1.0000000000105025 79.85696869001714
endloop
endfacet
facet normal -1.287022214736258e-13 1.0 2.4158018277677454e-13
outer loop
vertex 12.403310583797037 -1.0000000000105025 79.85696869001714
vertex 10.72394286860219 -1.000000000011374 82.55703574175995
vertex 15.011906326832875 -1.0000000000101952 79.95728315358878
endloop
endfacet
facet normal -1.287022214736258e-13 1.0 2.4158018277677454e-13
outer loop
vertex 15.011906326832875 -1.0000000000101952 79.95728315358878
vertex 10.72394286860219 -1.000000000011374 82.55703574175995
vertex 14.088590454934963 -1.0000000000110496 83.00000000000207
endloop
endfacet
facet normal -1.287022214736258e-13 1.0 2.4158018277677454e-13
outer loop
vertex 15.011906326832875 -1.0000000000101952 79.95728315358878
vertex 14.088590454934963 -1.0000000000110496 83.00000000000207
vertex 17.55757961905049 -1.000000000009727 79.3790252254319
endloop
endfacet
facet normal -1.287022214736258e-13 1.0 2.4158018277677454e-13
outer loop
vertex 17.55757961905049 -1.000000000009727 79.3790252254319
vertex 14.088590454934963 -1.0000000000110496 83.00000000000207
vertex 19.866847032509295 -1.000000000009135 78.16160222773402
endloop
endfacet
facet normal -1.287022214736258e-13 1.0 2.4158018277677454e-13
outer loop
vertex 19.866847032509295 -1.000000000009135 78.16160222773402
vertex 14.088590454934963 -1.0000000000110496 83.00000000000207
vertex 17.45323804126775 -1.0000000000105083 82.55703574175996
endloop
endfacet
facet normal -1.287022214736258e-13 1.0 2.4158018277677454e-13
outer loop
vertex 19.866847032509295 -1.000000000009135 78.16160222773402
vertex 17.45323804126775 -1.0000000000105083 82.55703574175996
vertex 21.782335809226876 -1.0000000000084581 76.38797952590163
endloop
endfacet
facet normal -1.287022214736258e-13 1.0 2.4158018277677454e-13
outer loop
vertex 2.8302602057372823 -1.0000000000077869 63.500000000002075
vertex 7.588590454934981 -1.0000000000060245 58.741669750804355
vertex 4.896202299509867 -1.0000000000068705 60.807611844576954
endloop
endfacet
facet normal -1.287022214736258e-13 1.0 2.4158018277677454e-13
outer loop
vertex 7.588590454934981 -1.0000000000060245 58.741669750804355
vertex 2.8302602057372823 -1.0000000000077869 63.500000000002075
vertex 10.723942868602219 -1.0000000000053082 57.44296425824418
endloop
endfacet
facet normal -1.287022214736258e-13 1.0 2.4158018277677454e-13
outer loop
vertex 10.723942868602219 -1.0000000000053082 57.44296425824418
vertex 2.8302602057372823 -1.0000000000077869 63.500000000002075
vertex 1.5315547131770944 -1.000000000008712 66.6353524136693
endloop
endfacet
facet normal -1.287022214736258e-13 1.0 2.4158018277677454e-13
outer loop
vertex 10.723942868602219 -1.0000000000053082 57.44296425824418
vertex 1.5315547131770944 -1.000000000008712 66.6353524136693
vertex 14.088590454934991 -1.0000000000047666 57.000000000002075
endloop
endfacet
facet normal -1.287022214736258e-13 1.0 2.4158018277677454e-13
outer loop
vertex 14.088590454934991 -1.0000000000047666 57.000000000002075
vertex 1.5315547131770944 -1.000000000008712 66.6353524136693
vertex 8.310333877360694 -1.0000000000066702 61.838397772270106
endloop
endfacet
facet normal -1.287022214736258e-13 1.0 2.4158018277677454e-13
outer loop
vertex 8.310333877360694 -1.0000000000066702 61.838397772270106
vertex 1.5315547131770944 -1.000000000008712 66.6353524136693
vertex 6.394845100643108 -1.0000000000073441 63.6120204741025
endloop
endfacet
facet normal -1.287022214736258e-13 1.0 2.4158018277677454e-13
outer loop
vertex 14.088590454934991 -1.0000000000047666 57.000000000002075
vertex 8.310333877360694 -1.0000000000066702 61.838397772270106
vertex 10.619601290819492 -1.000000000006078 60.62097477457223
endloop
endfacet
facet normal -1.287022214736258e-13 1.0 2.4158018277677454e-13
outer loop
vertex 14.088590454934991 -1.0000000000047666 57.000000000002075
vertex 10.619601290819492 -1.000000000006078 60.62097477457223
vertex 17.453238041267763 -1.0000000000044396 57.44296425824418
endloop
endfacet
facet normal -1.287022214736258e-13 1.0 2.4158018277677454e-13
outer loop
vertex 17.453238041267763 -1.0000000000044396 57.44296425824418
vertex 10.619601290819492 -1.000000000006078 60.62097477457223
vertex 13.165274583037101 -1.00000000000561 60.04271684641538
endloop
endfacet
facet normal -1.287022214736258e-13 1.0 2.4158018277677454e-13
outer loop
vertex 17.453238041267763 -1.0000000000044396 57.44296425824418
vertex 13.165274583037101 -1.00000000000561 60.04271684641538
vertex 15.773870326072934 -1.0000000000053024 60.143031309987
endloop
endfacet
facet normal -1.287022214736258e-13 1.0 2.4158018277677454e-13
outer loop
vertex 17.453238041267763 -1.0000000000044396 57.44296425824418
vertex 15.773870326072934 -1.0000000000053024 60.143031309987
vertex 20.58859045493499 -1.0000000000043494 58.74166975080437
endloop
endfacet
facet normal -1.287022214736258e-13 1.0 2.4158018277677454e-13
outer loop
vertex 20.58859045493499 -1.0000000000043494 58.74166975080437
vertex 15.773870326072934 -1.0000000000053024 60.143031309987
vertex 18.267617030947388 -1.0000000000051672 60.915081900372215
endloop
endfacet
facet normal -1.287022214736258e-13 1.0 2.4158018277677454e-13
outer loop
vertex 20.58859045493499 -1.0000000000043494 58.74166975080437
vertex 18.267617030947388 -1.0000000000051672 60.915081900372215
vertex 20.476569980834547 -1.0000000000052178 62.30625464571017
endloop
endfacet
facet normal -1.287022214736258e-13 1.0 2.4158018277677454e-13
outer loop
vertex 20.58859045493499 -1.0000000000043494 58.74166975080437
vertex 20.476569980834547 -1.0000000000052178 62.30625464571017
vertex 23.280978610360105 -1.0000000000045044 60.80761184457696
endloop
endfacet
facet normal -1.287022214736258e-13 1.0 2.4158018277677454e-13
outer loop
vertex 23.280978610360105 -1.0000000000045044 60.80761184457696
vertex 20.476569980834547 -1.0000000000052178 62.30625464571017
vertex 22.250192682666942 -1.0000000000054547 64.22174342242776
endloop
endfacet
facet normal -1.287022214736258e-13 1.0 2.4158018277677454e-13
outer loop
vertex 23.280978610360105 -1.0000000000045044 60.80761184457696
vertex 22.250192682666942 -1.0000000000054547 64.22174342242776
vertex 25.3469207041327 -1.000000000004888 63.500000000002075
endloop
endfacet
facet normal -1.287022214736258e-13 1.0 2.4158018277677454e-13
outer loop
vertex 25.3469207041327 -1.000000000004888 63.500000000002075
vertex 22.250192682666942 -1.0000000000054547 64.22174342242776
vertex 23.467615680364812 -1.000000000005858 66.53101083588656
endloop
endfacet
facet normal -1.287022214736258e-13 1.0 2.4158018277677454e-13
outer loop
vertex 25.3469207041327 -1.000000000004888 63.500000000002075
vertex 23.467615680364812 -1.000000000005858 66.53101083588656
vertex 26.645626196692877 -1.0000000000054803 66.63535241366931
endloop
endfacet
facet normal -1.287022214736258e-13 1.0 2.4158018277677454e-13
outer loop
vertex 26.645626196692877 -1.0000000000054803 66.63535241366931
vertex 23.467615680364812 -1.000000000005858 66.53101083588656
vertex 24.045873608521678 -1.0000000000063995 69.07668412810418
endloop
endfacet
facet normal -1.287022214736258e-13 1.0 2.4158018277677454e-13
outer loop
vertex 26.645626196692877 -1.0000000000054803 66.63535241366931
vertex 24.045873608521678 -1.0000000000063995 69.07668412810418
vertex 23.945559144950053 -1.0000000000070424 71.68527987114001
endloop
endfacet
facet normal -1.287022214736258e-13 1.0 2.4158018277677454e-13
outer loop
vertex 26.645626196692877 -1.0000000000054803 66.63535241366931
vertex 23.945559144950053 -1.0000000000070424 71.68527987114001
vertex 27.088590454934984 -1.000000000006233 70.00000000000209
endloop
endfacet
facet normal -1.287022214736258e-13 1.0 2.4158018277677454e-13
outer loop
vertex 27.088590454934984 -1.000000000006233 70.00000000000209
vertex 23.945559144950053 -1.0000000000070424 71.68527987114001
vertex 23.173508554564837 -1.0000000000077447 74.17902657601448
endloop
endfacet
facet normal -1.287022214736258e-13 1.0 2.4158018277677454e-13
outer loop
vertex 27.088590454934984 -1.000000000006233 70.00000000000209
vertex 23.173508554564837 -1.0000000000077447 74.17902657601448
vertex 26.645626196692877 -1.0000000000071045 73.36464758633484
endloop
endfacet
facet normal -1.287022214736258e-13 1.0 2.4158018277677454e-13
outer loop
vertex 26.645626196692877 -1.0000000000071045 73.36464758633484
vertex 23.173508554564837 -1.0000000000077447 74.17902657601448
vertex 21.782335809226876 -1.0000000000084581 76.38797952590163
endloop
endfacet
facet normal -1.287022214736258e-13 1.0 2.4158018277677454e-13
outer loop
vertex 26.645626196692877 -1.0000000000071045 73.36464758633484
vertex 21.782335809226876 -1.0000000000084581 76.38797952590163
vertex 17.45323804126775 -1.0000000000105083 82.55703574175996
endloop
endfacet
facet normal -1.287022214736258e-13 1.0 2.4158018277677454e-13
outer loop
vertex 26.645626196692877 -1.0000000000071045 73.36464758633484
vertex 17.45323804126775 -1.0000000000105083 82.55703574175996
vertex 20.58859045493497 -1.000000000009792 81.25833024919977
endloop
endfacet
facet normal -1.287022214736258e-13 1.0 2.4158018277677454e-13
outer loop
vertex 26.645626196692877 -1.0000000000071045 73.36464758633484
vertex 20.58859045493497 -1.000000000009792 81.25833024919977
vertex 25.34692070413269 -1.0000000000080294 76.50000000000209
endloop
endfacet
facet normal -1.287022214736258e-13 1.0 2.4158018277677454e-13
outer loop
vertex 25.34692070413269 -1.0000000000080294 76.50000000000209
vertex 20.58859045493497 -1.000000000009792 81.25833024919977
vertex 23.280978610360094 -1.000000000008943 79.19238815542718
endloop
endfacet
facet normal 0.7496068631116669 0.31622776601679503 0.5814546850580138
outer loop
vertex 34.632620776705004 -18.000000000009102 85.93558339497558
vertex 34.76560481180066 -15.000000000008638 84.05208444630225
vertex 33.84246576432879 -15.000000000009045 85.3226763413234
endloop
endfacet
facet normal 0.784637526956257 0.31622776601681085 0.533239112680218
outer loop
vertex 34.76560481180066 -15.000000000008638 84.05208444630225
vertex 34.632620776705004 -18.000000000009102 85.93558339497558
vertex 35.592685386075594 -18.000000000008647 84.61416782415354
endloop
endfacet
facet normal 0.7116178434411742 0.31622776601677904 0.6273755214352643
outer loop
vertex 33.59147826532898 -18.00000000000955 87.1941084984131
vertex 33.84246576432879 -15.000000000009045 85.3226763413234
vertex 32.84136719569808 -15.000000000009488 86.53279663309027
endloop
endfacet
facet normal 0.749606863111666 0.3162277660167949 0.581454685058015
outer loop
vertex 33.84246576432879 -15.000000000009045 85.3226763413234
vertex 33.59147826532898 -18.00000000000955 87.1941084984131
vertex 34.632620776705004 -18.000000000009102 85.93558339497558
endloop
endfacet
facet normal 0.9659258262890684 1.877641662609164e-13 -0.2588190451025202
outer loop
vertex 26.645626196692877 -1.0000000000054803 66.63535241366931
vertex 27.0885904549368 -15.000000000006235 69.99999999999869
vertex 26.645626196694693 -15.00000000000548 66.63535241366593
endloop
endfacet
facet normal 1.0 1.2991928468313973e-13 2.2204460492530775e-16
outer loop
vertex 27.0885904549368 -15.000000000006235 69.99999999999869
vertex 26.645626196692877 -1.0000000000054803 66.63535241366931
vertex 27.088590454934984 -1.000000000006233 70.00000000000209
endloop
endfacet
facet normal 0.9659258262890684 6.322043649326183e-14 0.2588190451025206
outer loop
vertex 26.645626196694693 -15.000000000007107 73.36464758633146
vertex 27.088590454934984 -1.000000000006233 70.00000000000209
vertex 26.645626196692877 -1.0000000000071045 73.36464758633484
endloop
endfacet
facet normal 1.0 1.2991928468313968e-13 3.330669073878233e-16
outer loop
vertex 27.088590454934984 -1.000000000006233 70.00000000000209
vertex 26.645626196694693 -15.000000000007107 73.36464758633146
vertex 27.0885904549368 -15.000000000006235 69.99999999999869
endloop
endfacet
facet normal -9.033692757171971e-14 0.7071067811867164 -0.7071067811863787
outer loop
vertex -5.229926070844639 -15.000000000012513 78.77638090204908
vertex -4.712287980639387 -16.60000000001204 77.10823255462685
vertex -5.229926070844439 -16.60000000001212 77.1763809020487
endloop
endfacet
facet normal -0.18301270189230462 0.707106781186689 -0.6830127018920501
outer loop
vertex -4.712287980639387 -16.60000000001204 77.10823255462685
vertex -5.229926070844639 -15.000000000012513 78.77638090204908
vertex -4.298177508475565 -15.000000000012363 78.65371387668975
endloop
endfacet
facet normal 0.6123724356957055 0.7071067811867111 -0.35355339059310087
outer loop
vertex -8.3476175244686 -15.000000000012474 76.97638090204909
vertex -7.161777723422547 -16.600000000012017 75.69401899225375
vertex -8.707259045485273 -15.000000000012315 76.10812946441817
endloop
endfacet
facet normal 0.6830127018921263 0.7071067811866809 -0.18301270189205224
outer loop
vertex -7.161777723422547 -16.600000000012017 75.69401899225375
vertex -8.3476175244686 -15.000000000012474 76.97638090204909
vertex -6.961976878413292 -16.600000000012106 76.17638090204869
endloop
endfacet
facet normal 0.49999999999991296 0.7071067811867334 -0.49999999999982436
outer loop
vertex -7.775510483116199 -15.000000000012585 77.72196531432068
vertex -6.961976878413292 -16.600000000012106 76.17638090204869
vertex -8.3476175244686 -15.000000000012474 76.97638090204909
endloop
endfacet
facet normal 0.6123724356957057 0.7071067811867111 -0.3535533905931004
outer loop
vertex -6.961976878413292 -16.600000000012106 76.17638090204869
vertex -7.775510483116199 -15.000000000012585 77.72196531432068
vertex -6.644139633217503 -16.600000000012166 76.5905944644218
endloop
endfacet
facet normal 0.3535533905931841 0.7071067811867408 -0.6123724356956233
outer loop
vertex -7.02992607084465 -15.000000000012623 78.29407235567307
vertex -6.644139633217503 -16.600000000012166 76.5905944644218
vertex -7.775510483116199 -15.000000000012585 77.72196531432068
endloop
endfacet
facet normal 0.4999999999999142 0.7071067811867332 -0.49999999999982325
outer loop
vertex -6.644139633217503 -16.600000000012166 76.5905944644218
vertex -7.02992607084465 -15.000000000012623 78.29407235567307
vertex -6.229926070844443 -16.600000000012187 76.90843170961759
endloop
endfacet
facet normal 0.6123724356957022 0.7071067811865425 0.35355339059344393
outer loop
vertex -8.347617524468594 -15.000000000011608 73.3763809020491
vertex -6.644139633217498 -16.60000000001148 73.7621673396756
vertex -7.775510483116177 -15.000000000011354 72.63079648977752
endloop
endfacet
facet normal 0.4999999999999094 0.7071067811864926 0.5000000000001685
outer loop
vertex -6.644139633217498 -16.60000000001148 73.7621673396756
vertex -8.347617524468594 -15.000000000011608 73.3763809020491
vertex -6.961976878413303 -16.6000000000116 74.17638090204872
endloop
endfacet
facet normal 0.6830127018921276 0.7071067811865915 0.18301270189239238
outer loop
vertex -8.707259045485266 -15.00000000001185 74.24463233968001
vertex -6.961976878413303 -16.6000000000116 74.17638090204872
vertex -8.347617524468594 -15.000000000011608 73.3763809020491
endloop
endfacet
facet normal 0.6123724356957024 0.7071067811865425 0.35355339059344365
outer loop
vertex -6.961976878413303 -16.6000000000116 74.17638090204872
vertex -8.707259045485266 -15.00000000001185 74.24463233968001
vertex -7.1617777234225635 -16.600000000011764 74.65874281184368
endloop
endfacet
facet normal 0.7071067811864563 0.7071067811866387 1.7467868902166545e-13
outer loop
vertex -8.82992607084464 -15.000000000012104 75.1763809020491
vertex -7.1617777234225635 -16.600000000011764 74.65874281184368
vertex -8.707259045485266 -15.00000000001185 74.24463233968001
endloop
endfacet
facet normal 0.6830127018921276 0.7071067811865915 0.18301270189239208
outer loop
vertex -7.1617777234225635 -16.600000000011764 74.65874281184368
vertex -8.82992607084464 -15.000000000012104 75.1763809020491
vertex -7.229926070844441 -16.600000000011892 75.17638090204872
endloop
endfacet
facet normal 0.6830127018921268 0.7071067811866808 -0.1830127018920504
outer loop
vertex -8.707259045485273 -15.000000000012315 76.10812946441817
vertex -7.229926070844441 -16.600000000011892 75.17638090204872
vertex -8.82992607084464 -15.000000000012104 75.1763809020491
endloop
endfacet
facet normal 0.7071067811864562 0.7071067811866389 1.7367948829950286e-13
outer loop
vertex -7.229926070844441 -16.600000000011892 75.17638090204872
vertex -8.707259045485273 -15.000000000012315 76.10812946441817
vertex -7.161777723422547 -16.600000000012017 75.69401899225375
endloop
endfacet
facet normal 0.25881904510252074 2.661093489164576e-13 -0.9659258262890683
outer loop
vertex 17.453238041269564 -15.000000000004428 57.44296425824082
vertex 20.58859045493499 -1.0000000000043494 58.74166975080437
vertex 20.588590454936803 -15.000000000004343 58.74166975080098
endloop
endfacet
facet normal 0.5 2.7317141472402996e-13 -0.8660254037844387
outer loop
vertex 20.58859045493499 -1.0000000000043494 58.74166975080437
vertex 17.453238041269564 -15.000000000004428 57.44296425824082
vertex 17.453238041267763 -1.0000000000044396 57.44296425824418
endloop
endfacet
facet normal 0.8660254037844385 2.328169668623326e-13 -0.5000000000000006
outer loop
vertex 25.346920704134504 -15.000000000004881 63.4999999999987
vertex 26.645626196692877 -1.0000000000054803 66.63535241366931
vertex 26.645626196694693 -15.00000000000548 66.63535241366593
endloop
endfacet
facet normal 0.9659258262890684 1.877641662609164e-13 -0.2588190451025202
outer loop
vertex 26.645626196692877 -1.0000000000054803 66.63535241366931
vertex 25.346920704134504 -15.000000000004881 63.4999999999987
vertex 25.3469207041327 -1.000000000004888 63.500000000002075
endloop
endfacet
facet normal 0.7071067811865479 2.618496969166895e-13 -0.7071067811865472
outer loop
vertex 23.280978610360105 -1.0000000000045044 60.80761184457696
vertex 25.346920704134504 -15.000000000004881 63.4999999999987
vertex 23.280978610361927 -15.000000000004501 60.80761184457359
endloop
endfacet
facet normal 0.8660254037844385 2.328169668623326e-13 -0.5000000000000006
outer loop
vertex 25.346920704134504 -15.000000000004881 63.4999999999987
vertex 23.280978610360105 -1.0000000000045044 60.80761184457696
vertex 25.3469207041327 -1.000000000004888 63.500000000002075
endloop
endfacet
facet normal 1.4988010832440875e-15 2.4087137023226863e-13 -1.0
outer loop
vertex 14.088590454934991 -1.0000000000047666 57.000000000002075
vertex 10.723942868604052 -15.000000000005299 57.442964258240806
vertex 10.723942868602219 -1.0000000000053082 57.44296425824418
endloop
endfacet
facet normal -0.2588190451025202 1.990246542286228e-13 -0.9659258262890684
outer loop
vertex 10.723942868604052 -15.000000000005299 57.442964258240806
vertex 14.088590454934991 -1.0000000000047666 57.000000000002075
vertex 14.088590454936801 -15.000000000004755 56.999999999998685
endloop
endfacet
facet normal 1.4988010832440875e-15 2.4087137023226863e-13 -1.0
outer loop
vertex 14.088590454934991 -1.0000000000047666 57.000000000002075
vertex 17.453238041269564 -15.000000000004428 57.44296425824082
vertex 14.088590454936801 -15.000000000004755 56.999999999998685
endloop
endfacet
facet normal 0.25881904510252074 2.661093489164576e-13 -0.9659258262890683
outer loop
vertex 17.453238041269564 -15.000000000004428 57.44296425824082
vertex 14.088590454934991 -1.0000000000047666 57.000000000002075
vertex 17.453238041267763 -1.0000000000044396 57.44296425824418
endloop
endfacet
facet normal 0.5000000000000001 2.731714147240299e-13 -0.8660254037844386
outer loop
vertex 20.588590454936803 -15.000000000004343 58.74166975080098
vertex 23.280978610360105 -1.0000000000045044 60.80761184457696
vertex 23.280978610361927 -15.000000000004501 60.80761184457359
endloop
endfacet
facet normal 0.7071067811865479 2.618496969166895e-13 -0.7071067811865472
outer loop
vertex 23.280978610360105 -1.0000000000045044 60.80761184457696
vertex 20.588590454936803 -15.000000000004343 58.74166975080098
vertex 20.58859045493499 -1.0000000000043494 58.74166975080437
endloop
endfacet
facet normal -0.4999999999999999 1.437320944304885e-13 -0.8660254037844388
outer loop
vertex 7.588590454934981 -1.0000000000060245 58.741669750804355
vertex 4.896202299511689 -15.000000000006859 60.80761184457356
vertex 4.896202299509867 -1.0000000000068705 60.807611844576954
endloop
endfacet
facet normal -0.7071067811865472 7.887946335525747e-14 -0.7071067811865479
outer loop
vertex 4.896202299511689 -15.000000000006859 60.80761184457356
vertex 7.588590454934981 -1.0000000000060245 58.741669750804355
vertex 7.588590454936808 -15.000000000006013 58.741669750800995
endloop
endfacet
facet normal -0.2588190451025204 1.990246542286228e-13 -0.9659258262890684
outer loop
vertex 10.723942868602219 -1.0000000000053082 57.44296425824418
vertex 7.588590454936808 -15.000000000006013 58.741669750800995
vertex 7.588590454934981 -1.0000000000060245 58.741669750804355
endloop
endfacet
facet normal -0.49999999999999967 1.4373209443048851e-13 -0.8660254037844389
outer loop
vertex 7.588590454936808 -15.000000000006013 58.741669750800995
vertex 10.723942868602219 -1.0000000000053082 57.44296425824418
vertex 10.723942868604052 -15.000000000005299 57.442964258240806
endloop
endfacet
facet normal 0.6708203932498877 0.3162277660167623 0.6708203932500219
outer loop
vertex 32.47336676578718 -18.00000000000998 88.38477631084837
vertex 32.84136719569808 -15.000000000009488 86.53279663309027
vertex 31.766259984600254 -15.000000000009901 87.67766952966265
endloop
endfacet
facet normal 0.7116178434411733 0.3162277660167791 0.6273755214352653
outer loop
vertex 32.84136719569808 -15.000000000009488 86.53279663309027
vertex 32.47336676578718 -18.00000000000998 88.38477631084837
vertex 33.59147826532898 -18.00000000000955 87.1941084984131
endloop
endfacet
facet normal -0.8660254037844393 -2.3211155600915715e-13 0.49999999999999933
outer loop
vertex 2.830260205739087 -15.000000000010914 76.49999999999869
vertex 1.5315547131770886 -1.0000000000103362 73.36464758633483
vertex 1.5315547131788962 -15.000000000010324 73.36464758633144
endloop
endfacet
facet normal -0.965925826289069 -1.8726827046291803e-13 0.258819045102519
outer loop
vertex 1.5315547131770886 -1.0000000000103362 73.36464758633483
vertex 2.830260205739087 -15.000000000010914 76.49999999999869
vertex 2.830260205737271 -1.0000000000109255 76.50000000000205
endloop
endfacet
facet normal -0.7071067811865474 7.88794633552574e-14 -0.7071067811865478
outer loop
vertex 4.896202299509867 -1.0000000000068705 60.807611844576954
vertex 2.830260205739104 -15.000000000007773 63.499999999998685
vertex 2.8302602057372823 -1.0000000000077869 63.500000000002075
endloop
endfacet
facet normal -0.8660254037844384 8.57243140641409e-15 -0.5000000000000007
outer loop
vertex 2.830260205739104 -15.000000000007773 63.499999999998685
vertex 4.896202299509867 -1.0000000000068705 60.807611844576954
vertex 4.896202299511689 -15.000000000006859 60.80761184457356
endloop
endfacet
facet normal -0.8660254037844385 8.572431406414041e-15 -0.5000000000000007
outer loop
vertex 2.8302602057372823 -1.0000000000077869 63.500000000002075
vertex 1.5315547131789131 -15.000000000008697 66.6353524136659
vertex 1.5315547131770944 -1.000000000008712 66.6353524136693
endloop
endfacet
facet normal -0.9659258262890679 -6.251413436849893e-14 -0.25881904510252224
outer loop
vertex 1.5315547131789131 -15.000000000008697 66.6353524136659
vertex 2.8302602057372823 -1.0000000000077869 63.500000000002075
vertex 2.830260205739104 -15.000000000007773 63.499999999998685
endloop
endfacet
facet normal -0.9659258262890688 -1.8726827046291803e-13 0.2588190451025191
outer loop
vertex 1.5315547131788962 -15.000000000010324 73.36464758633144
vertex 1.0885904549349843 -1.0000000000095803 70.00000000000206
vertex 1.0885904549367946 -15.000000000009571 69.99999999999868
endloop
endfacet
facet normal -1.0 -1.2938930964967478e-13 -1.2767564783190783e-15
outer loop
vertex 1.0885904549349843 -1.0000000000095803 70.00000000000206
vertex 1.5315547131788962 -15.000000000010324 73.36464758633144
vertex 1.5315547131770886 -1.0000000000103362 73.36464758633483
endloop
endfacet
facet normal -0.965925826289068 -6.251413436849894e-14 -0.2588190451025222
outer loop
vertex 1.5315547131770944 -1.000000000008712 66.6353524136693
vertex 1.0885904549367946 -15.000000000009571 69.99999999999868
vertex 1.0885904549349843 -1.0000000000095803 70.00000000000206
endloop
endfacet
facet normal -1.0 -1.2938930964967478e-13 -1.2767564783190783e-15
outer loop
vertex 1.0885904549367946 -15.000000000009571 69.99999999999868
vertex 1.5315547131770944 -1.000000000008712 66.6353524136693
vertex 1.5315547131789131 -15.000000000008697 66.6353524136659
endloop
endfacet
facet normal 0.2588190451025097 -2.0877921723749333e-13 0.9659258262890714
outer loop
vertex 27.71308798846307 -18.000000000009102 82.2102839711508
vertex 27.230726078667914 -16.600000000009207 82.41008481616039
vertex 27.230726078668084 -18.000000000009205 82.41008481616004
endloop
endfacet
facet normal 0.4999999999999955 -1.5280118944088075e-13 0.8660254037844413
outer loop
vertex 27.230726078667914 -16.600000000009207 82.41008481616039
vertex 27.71308798846307 -18.000000000009102 82.2102839711508
vertex 27.713087988462917 -16.6000000000091 82.21028397115116
endloop
endfacet
facet normal -0.3826834323650879 1.741302569974186e-13 -0.9238795325112875
outer loop
vertex 15.243255862366198 -11.732050807577291 72.74111848315194
vertex 14.865047590244748 -18.0000000000085 72.89777747886518
vertex 14.86504759024385 -11.441841393301065 72.89777747886674
endloop
endfacet
facet normal -0.2588426297214433 1.566804550001198e-06 -0.9659195064996011
outer loop
vertex 14.865047590244748 -18.0000000000085 72.89777747886518
vertex 15.243255862366198 -11.732050807577291 72.74111848315194
vertex 15.588590454937126 -18.000000000008338 72.59807621135128
endloop
endfacet
facet normal -0.49999999999999833 1.4505910660732898e-13 -0.8660254037844395
outer loop
vertex 15.588590454937126 -18.000000000008338 72.59807621135128
vertex 15.243255862366198 -11.732050807577291 72.74111848315194
vertex 15.588590454936371 -11.87509307937636 72.59807621135276
endloop
endfacet
facet normal -0.707106781186548 -2.612932502935787e-13 0.7071067811865471
outer loop
vertex 4.896202299509845 -1.0000000000113118 79.19238815542717
vertex 2.830260205739087 -15.000000000010914 76.49999999999869
vertex 4.896202299511672 -15.000000000011303 79.19238815542381
endloop
endfacet
facet normal -0.8660254037844393 -2.3211155600915715e-13 0.49999999999999933
outer loop
vertex 2.830260205739087 -15.000000000010914 76.49999999999869
vertex 4.896202299509845 -1.0000000000113118 79.19238815542717
vertex 2.830260205737271 -1.0000000000109255 76.50000000000205
endloop
endfacet
facet normal 0.7071067811865471 -7.995638050267632e-14 0.707106781186548
outer loop
vertex 11.967270111377504 -18.00000000000765 67.87867965643832
vertex 11.49051424358194 -3.0000000000078737 68.50000000000159
vertex 11.490514243583828 -18.000000000007873 68.49999999999795
endloop
endfacet
facet normal 0.8660254037844382 -9.402313267348542e-15 0.500000000000001
outer loop
vertex 11.49051424358194 -3.0000000000078737 68.50000000000159
vertex 11.967270111377504 -18.00000000000765 67.87867965643832
vertex 11.96727011137562 -3.000000000007662 67.87867965644193
endloop
endfacet
facet normal 0.8660254037844393 2.3244935269098697e-13 -0.4999999999999991
outer loop
vertex 11.490514243581911 -3.000000000008598 71.50000000000159
vertex 11.967270111377537 -18.00000000000869 72.1213203435576
vertex 11.490514243583851 -18.000000000008598 71.49999999999795
endloop
endfacet
facet normal 0.7071067811865483 2.62073525578129e-13 -0.7071067811865468
outer loop
vertex 11.967270111377537 -18.00000000000869 72.1213203435576
vertex 11.490514243581911 -3.000000000008598 71.50000000000159
vertex 11.967270111375608 -3.0000000000086886 72.12132034356125
endloop
endfacet
facet normal -1.0 -1.3697011219311535e-13 5.7176485768175746e-15
outer loop
vertex 21.264971356987616 -18.00000000000229 50.68148347421657
vertex 21.19682300956557 -16.60000000000219 50.16384538401188
vertex 21.19682300956574 -18.000000000002185 50.163845384011545
endloop
endfacet
facet normal -0.965925826289069 -1.9015391035857466e-13 0.2588190451025183
outer loop
vertex 21.19682300956557 -16.60000000000219 50.16384538401188
vertex 21.264971356987616 -18.00000000000229 50.68148347421657
vertex 21.264971356987424 -16.60000000000229 50.68148347421692
endloop
endfacet
facet normal -0.9659258262890685 -1.9015391035857504e-13 0.25881904510252035
outer loop
vertex 21.19682300956574 -18.000000000002185 50.163845384011545
vertex 20.997022164556316 -16.600000000002098 49.681483474216925
vertex 20.997022164556473 -18.0000000000021 49.68148347421658
endloop
endfacet
facet normal -0.8660254037844429 -2.284050022633527e-13 0.4999999999999928
outer loop
vertex 20.997022164556316 -16.600000000002098 49.681483474216925
vertex 21.19682300956574 -18.000000000002185 50.163845384011545
vertex 21.19682300956557 -16.60000000000219 50.16384538401188
endloop
endfacet
facet normal 0.5000000000000008 2.738378207940998e-13 -0.8660254037844382
outer loop
vertex 12.588590454935249 -3.0000000000087224 72.59807621135492
vertex 13.312133319629606 -18.000000000008704 72.89777747886518
vertex 12.588590454937165 -18.000000000008722 72.59807621135128
endloop
endfacet
facet normal 0.25882620874259565 1.1055378507202628e-05 -0.9659239067057575
outer loop
vertex 13.312133319629606 -18.000000000008704 72.89777747886518
vertex 12.588590454935249 -3.0000000000087224 72.59807621135492
vertex 13.3121333196277 -3.0000000000087024 72.89777747886882
endloop
endfacet
facet normal 1.0 1.2877626825318663e-13 1.2212453270876722e-15
outer loop
vertex 11.08859045493524 -3.000000000008288 70.0000000000016
vertex 11.190812976069969 -18.000000000008463 70.77645713530553
vertex 11.08859045493718 -18.00000000000829 69.99999999999795
endloop
endfacet
facet normal 0.9659258262890688 1.8698414055867214e-13 -0.25881904510251963
outer loop
vertex 11.190812976069969 -18.000000000008463 70.77645713530553
vertex 11.08859045493524 -3.000000000008288 70.0000000000016
vertex 11.19081297606804 -3.000000000008463 70.77645713530917
endloop
endfacet
facet normal 0.9659258262890688 1.8698414055867214e-13 -0.25881904510251963
outer loop
vertex 11.19081297606804 -3.000000000008463 70.77645713530917
vertex 11.490514243583851 -18.000000000008598 71.49999999999795
vertex 11.190812976069969 -18.000000000008463 70.77645713530553
endloop
endfacet
facet normal 0.8660254037844394 2.324493526909869e-13 -0.499999999999999
outer loop
vertex 11.490514243583851 -18.000000000008598 71.49999999999795
vertex 11.19081297606804 -3.000000000008463 70.77645713530917
vertex 11.490514243581911 -3.000000000008598 71.50000000000159
endloop
endfacet
facet normal 0.7071067811865482 2.62073525578129e-13 -0.7071067811865469
outer loop
vertex 11.967270111375608 -3.0000000000086886 72.12132034356125
vertex 12.588590454937165 -18.000000000008722 72.59807621135128
vertex 11.967270111377537 -18.00000000000869 72.1213203435576
endloop
endfacet
facet normal 0.5000000000000009 2.7383782079409984e-13 -0.866025403784438
outer loop
vertex 12.588590454937165 -18.000000000008722 72.59807621135128
vertex 11.967270111375608 -3.0000000000086886 72.12132034356125
vertex 12.588590454935249 -3.0000000000087224 72.59807621135492
endloop
endfacet
facet normal 0.965925826289068 6.179250607909185e-14 0.2588190451025219
outer loop
vertex 11.190812976069969 -18.00000000000809 69.2235428646904
vertex 11.49051424358194 -3.0000000000078737 68.50000000000159
vertex 11.19081297606804 -3.0000000000080878 69.22354286469404
endloop
endfacet
facet normal 0.8660254037844382 -9.402313267348542e-15 0.500000000000001
outer loop
vertex 11.49051424358194 -3.0000000000078737 68.50000000000159
vertex 11.190812976069969 -18.00000000000809 69.2235428646904
vertex 11.490514243583828 -18.000000000007873 68.49999999999795
endloop
endfacet
facet normal 1.0 1.2877626825318658e-13 1.27675647831893e-15
outer loop
vertex 11.08859045493718 -18.00000000000829 69.99999999999795
vertex 11.19081297606804 -3.0000000000080878 69.22354286469404
vertex 11.08859045493524 -3.000000000008288 70.0000000000016
endloop
endfacet
facet normal 0.9659258262890682 6.179250607909192e-14 0.25881904510252174
outer loop
vertex 11.19081297606804 -3.0000000000080878 69.22354286469404
vertex 11.08859045493718 -18.00000000000829 69.99999999999795
vertex 11.190812976069969 -18.00000000000809 69.2235428646904
endloop
endfacet
facet normal 0.4999999999999991 -1.4506155254091302e-13 0.8660254037844392
outer loop
vertex 12.588590454937178 -18.000000000007468 67.40192378864465
vertex 11.96727011137562 -3.000000000007662 67.87867965644193
vertex 11.967270111377504 -18.00000000000765 67.87867965643832
endloop
endfacet
facet normal 0.7071067811865468 -7.995638050267645e-14 0.7071067811865483
outer loop
vertex 11.96727011137562 -3.000000000007662 67.87867965644193
vertex 12.588590454937178 -18.000000000007468 67.40192378864465
vertex 12.588590454935249 -3.0000000000074674 67.40192378864826
endloop
endfacet
facet normal 0.2588190451025202 -2.0028101949903662e-13 0.9659258262890684
outer loop
vertex 13.312133319629595 -18.000000000007297 67.10222252113076
vertex 12.588590454935249 -3.0000000000074674 67.40192378864826
vertex 12.588590454937178 -18.000000000007468 67.40192378864465
endloop
endfacet
facet normal 0.4999999999999991 -1.4506155254091308e-13 0.8660254037844393
outer loop
vertex 12.588590454935249 -3.0000000000074674 67.40192378864826
vertex 13.312133319629595 -18.000000000007297 67.10222252113076
vertex 13.312133319627682 -3.0000000000072955 67.10222252113441
endloop
endfacet
facet normal 1.0 1.4073371087654902e-13 -5.662137425585405e-15
outer loop
vertex 17.264971356987612 -18.000000000002807 50.6814834742166
vertex 17.33311970440927 -16.600000000002687 50.163845384011886
vertex 17.264971356987406 -16.600000000002808 50.68148347421694
endloop
endfacet
facet normal 0.9659258262890693 7.074130086105274e-14 0.25881904510251685
outer loop
vertex 17.33311970440927 -16.600000000002687 50.163845384011886
vertex 17.264971356987612 -18.000000000002807 50.6814834742166
vertex 17.33311970440947 -18.000000000002686 50.163845384011545
endloop
endfacet
facet normal -0.25881904510252135 -2.6694052106134844e-13 0.9659258262890682
outer loop
vertex 14.865047590242803 -3.000000000007095 67.10222252113441
vertex 14.088590454937169 -18.000000000007173 66.99999999999795
vertex 14.865047590244748 -18.000000000007095 67.10222252113076
endloop
endfacet
facet normal -8.326672684688674e-16 -2.4185166595833513e-13 1.0
outer loop
vertex 14.088590454937169 -18.000000000007173 66.99999999999795
vertex 14.865047590242803 -3.000000000007095 67.10222252113441
vertex 14.088590454935257 -3.000000000007171 67.0000000000016
endloop
endfacet
facet normal 0.2588190451025202 -2.0028101949903662e-13 0.9659258262890684
outer loop
vertex 13.312133319629595 -18.000000000007297 67.10222252113076
vertex 14.088590454935257 -3.000000000007171 67.0000000000016
vertex 13.312133319627682 -3.0000000000072955 67.10222252113441
endloop
endfacet
facet normal -1.1657341758564144e-15 -2.4185166595833523e-13 1.0
outer loop
vertex 14.088590454935257 -3.000000000007171 67.0000000000016
vertex 13.312133319629595 -18.000000000007297 67.10222252113076
vertex 14.088590454937169 -18.000000000007173 66.99999999999795
endloop
endfacet
facet normal 0.9370034324017952 0.31622776601699537 -0.1484067642230461
outer loop
vertex 38.78079896981535 -15.000000000003777 66.08913837399325
vertex 39.973201534617274 -18.00000000000396 67.55318385371685
vertex 39.768487310410805 -18.000000000003595 65.9327039089522
endloop
endfacet
facet normal 0.9444730079932588 0.3162277660169821 -0.08927898505289268
outer loop
vertex 39.973201534617274 -18.00000000000396 67.55318385371685
vertex 38.78079896981535 -15.000000000003777 66.08913837399325
vertex 38.97763957001386 -15.000000000004123 67.64729216703616
endloop
endfacet
facet normal -0.8844360994010214 -9.755034675945603e-16 -0.4666613183844429
outer loop
vertex 16.686666666289717 -11.77419750843234 71.49999999999946
vertex 16.986367933804367 -18.00000000000771 70.77645713530553
vertex 16.686666666290485 -18.00000000000793 71.49999999999797
endloop
endfacet
facet normal -0.9659258262890683 -6.175250080882929e-14 -0.2588190451025212
outer loop
vertex 16.986367933804367 -18.00000000000771 70.77645713530553
vertex 16.686666666289717 -11.77419750843234 71.49999999999946
vertex 16.90038624239899 -11.414213562380873 70.98403530081175
endloop
endfacet
facet normal -0.9659258262890683 -6.175250080882929e-14 -0.2588190451025212
outer loop
vertex 16.986367933804367 -18.00000000000771 70.77645713530553
vertex 16.90038624239899 -11.414213562380873 70.98403530081175
vertex 16.986367933803443 -11.143692430247347 70.7764571353072
endloop
endfacet
facet normal -0.5000000000000009 -2.738378207940997e-13 0.8660254037844382
outer loop
vertex 15.588590454935254 -3.000000000007081 67.40192378864828
vertex 14.865047590244748 -18.000000000007095 67.10222252113076
vertex 15.588590454937183 -18.00000000000708 67.40192378864465
endloop
endfacet
facet normal -0.25881904510252196 -2.6694052106134844e-13 0.965925826289068
outer loop
vertex 14.865047590244748 -18.000000000007095 67.10222252113076
vertex 15.588590454935254 -3.000000000007081 67.40192378864828
vertex 14.865047590242803 -3.000000000007095 67.10222252113441
endloop
endfacet
facet normal 0.8161602227731969 2.459171828516201e-13 -0.5778256577574291
outer loop
vertex 5.926988227203024 -1.0000000000103475 75.77825657757637
vertex 7.700610929035718 -3.000000000010581 77.69374535429351
vertex 5.926988227203312 -3.0000000000103464 75.77825657757592
endloop
endfacet
facet normal 0.6387979525899538 2.668727999067003e-13 -0.769374535429191
outer loop
vertex 7.700610929035718 -3.000000000010581 77.69374535429351
vertex 5.926988227203024 -1.0000000000103475 75.77825657757637
vertex 7.700610929035425 -1.0000000000105844 77.69374535429397
endloop
endfacet
facet normal 0.6387979525899538 2.668727999067003e-13 -0.769374535429191
outer loop
vertex 7.700610929035718 -3.000000000010581 77.69374535429351
vertex 9.909563878922585 -1.000000000010638 79.08491809963193
vertex 9.909563878922878 -3.0000000000106373 79.08491809963147
endloop
endfacet
facet normal 0.41790265760124 2.713447380865358e-13 -0.9084918099629851
outer loop
vertex 9.909563878922585 -1.000000000010638 79.08491809963193
vertex 7.700610929035718 -3.000000000010581 77.69374535429351
vertex 7.700610929035425 -1.0000000000105844 77.69374535429397
endloop
endfacet
facet normal 0.41790265760124 2.713447380865358e-13 -0.9084918099629851
outer loop
vertex 9.909563878922585 -1.000000000010638 79.08491809963193
vertex 12.40331058379733 -3.000000000010502 79.85696869001666
vertex 9.909563878922878 -3.0000000000106373 79.08491809963147
endloop
endfacet
facet normal 0.16852798711379047 2.5699682383832944e-13 -0.9856968690015071
outer loop
vertex 12.40331058379733 -3.000000000010502 79.85696869001666
vertex 9.909563878922585 -1.000000000010638 79.08491809963193
vertex 12.403310583797037 -1.0000000000105025 79.85696869001714
endloop
endfacet
facet normal -0.7071067811865481 -2.6207352557812865e-13 0.707106781186547
outer loop
vertex 16.20991079849681 -18.000000000007095 67.87867965643832
vertex 15.588590454935254 -3.000000000007081 67.40192378864828
vertex 15.588590454937183 -18.00000000000708 67.40192378864465
endloop
endfacet
facet normal -0.5000000000000009 -2.738378207940997e-13 0.8660254037844382
outer loop
vertex 15.588590454935254 -3.000000000007081 67.40192378864828
vertex 16.20991079849681 -18.000000000007095 67.87867965643832
vertex 16.209910798494903 -3.0000000000071094 67.87867965644196
endloop
endfacet
facet normal -0.9659258262890684 -1.8698414055867217e-13 0.2588190451025202
outer loop
vertex 16.98636793380439 -18.000000000007336 69.2235428646904
vertex 16.68666666628858 -3.0000000000072053 68.50000000000159
vertex 16.686666666290492 -18.000000000007205 68.49999999999795
endloop
endfacet
facet normal -0.8660254037844389 -2.324493526909867e-13 0.49999999999999933
outer loop
vertex 16.68666666628858 -3.0000000000072053 68.50000000000159
vertex 16.98636793380439 -18.000000000007336 69.2235428646904
vertex 16.986367933802452 -3.000000000007335 69.22354286469404
endloop
endfacet
facet normal -0.8660254037844389 -2.324493526909867e-13 0.49999999999999933
outer loop
vertex 16.68666666628858 -3.0000000000072053 68.50000000000159
vertex 16.20991079849681 -18.000000000007095 67.87867965643832
vertex 16.686666666290492 -18.000000000007205 68.49999999999795
endloop
endfacet
facet normal -0.7071067811865481 -2.6207352557812865e-13 0.707106781186547
outer loop
vertex 16.20991079849681 -18.000000000007095 67.87867965643832
vertex 16.68666666628858 -3.0000000000072053 68.50000000000159
vertex 16.209910798494903 -3.0000000000071094 67.87867965644196
endloop
endfacet
facet normal 0.09233158718979018 -2.2449737965531072e-13 0.9957283153586698
outer loop
vertex 13.165274583037345 -3.000000000005609 60.042716846414905
vertex 10.619601290819492 -1.000000000006078 60.62097477457223
vertex 10.619601290819736 -3.0000000000060743 60.620974774571756
endloop
endfacet
facet normal 0.34689891641154963 -1.7806397511738752e-13 0.937902522542984
outer loop
vertex 10.619601290819492 -1.000000000006078 60.62097477457223
vertex 13.165274583037345 -3.000000000005609 60.042716846414905
vertex 13.165274583037101 -1.00000000000561 60.04271684641538
endloop
endfacet
facet normal 0.3468989164115511 -1.7806397511738722e-13 0.9379025225429836
outer loop
vertex 10.619601290819736 -3.0000000000060743 60.620974774571756
vertex 8.310333877360694 -1.0000000000066702 61.838397772270106
vertex 8.310333877360943 -3.0000000000066667 61.838397772269644
endloop
endfacet
facet normal 0.5778256577574291 -1.1696659962714345e-13 0.8161602227731968
outer loop
vertex 8.310333877360694 -1.0000000000066702 61.838397772270106
vertex 10.619601290819736 -3.0000000000060743 60.620974774571756
vertex 10.619601290819492 -1.000000000006078 60.62097477457223
endloop
endfacet
facet normal -1.0 -1.2877771532711683e-13 -3.330669073875472e-16
outer loop
vertex 17.088590454935247 -3.0000000000075095 70.0000000000016
vertex 16.98636793380439 -18.000000000007336 69.2235428646904
vertex 17.088590454937176 -18.00000000000751 69.99999999999797
endloop
endfacet
facet normal -0.9659258262890684 -1.8698414055867217e-13 0.2588190451025202
outer loop
vertex 16.98636793380439 -18.000000000007336 69.2235428646904
vertex 17.088590454935247 -3.0000000000075095 70.0000000000016
vertex 16.986367933802452 -3.000000000007335 69.22354286469404
endloop
endfacet
facet normal -0.7071067811865472 7.991661808793569e-14 -0.7071067811865479
outer loop
vertex 16.20991079849486 -3.0000000000081415 72.12132034356124
vertex 15.588590454935886 -8.12490692064031 72.59807621135369
vertex 15.588590454935243 -3.000000000008336 72.59807621135494
endloop
endfacet
facet normal -0.47214116634993286 1.5240854209266223e-13 -0.8815229543453337
outer loop
vertex 15.588590454935886 -8.12490692064031 72.59807621135369
vertex 16.20991079849486 -3.0000000000081415 72.12132034356124
vertex 15.698239598389792 -8.068148347430167 72.51393946437271
endloop
endfacet
facet normal -0.60876142900872 1.1341291042590417e-13 -0.7933533402912356
outer loop
vertex 15.698239598389792 -8.068148347430167 72.51393946437271
vertex 16.20991079849486 -3.0000000000081415 72.12132034356124
vertex 16.112453160762893 -8.000000000008173 72.19610221917692
endloop
endfacet
facet normal -0.60876142900872 1.1341291042590417e-13 -0.7933533402912356
outer loop
vertex 16.112453160762893 -8.000000000008173 72.19610221917692
vertex 16.20991079849486 -3.0000000000081415 72.12132034356124
vertex 16.209910798495503 -8.01603418516872 72.12132034356004
endloop
endfacet
facet normal -0.7933533402912345 4.507227861544076e-14 -0.6087614290087215
outer loop
vertex 16.452966168074852 -11.931851652586168 71.8045644189186
vertex 16.209910798496765 -18.000000000008143 72.12132034355761
vertex 16.209910798495994 -11.983965814847549 72.12132034355906
endloop
endfacet
facet normal -0.707106781186547 7.997329931233379e-14 -0.7071067811865481
outer loop
vertex 16.209910798496765 -18.000000000008143 72.12132034355761
vertex 16.452966168074852 -11.931851652586168 71.8045644189186
vertex 16.686666666290485 -18.00000000000793 71.49999999999797
endloop
endfacet
facet normal -0.8660254037844379 9.447495222586332e-15 -0.5000000000000017
outer loop
vertex 16.686666666290485 -18.00000000000793 71.49999999999797
vertex 16.452966168074852 -11.931851652586168 71.8045644189186
vertex 16.686666666289717 -11.77419750843234 71.49999999999946
endloop
endfacet
facet normal 0.3535533905931789 0.7071067811864458 0.6123724356959668
outer loop
vertex 27.230726078667914 -16.600000000009207 82.41008481616039
vertex 27.298977516298642 -15.000000000008779 80.66480264908901
vertex 26.430726078667757 -15.00000000000898 81.02444417010568
endloop
endfacet
facet normal 0.18301270189213045 0.7071067811864065 0.6830127018923892
outer loop
vertex 27.298977516298642 -15.000000000008779 80.66480264908901
vertex 27.230726078667914 -16.600000000009207 82.41008481616039
vertex 27.713087988462917 -16.6000000000091 82.21028397115116
endloop
endfacet
facet normal 0.49999999999990963 0.7071067811864923 0.5000000000001685
outer loop
vertex 26.816512516294836 -16.600000000009338 82.7279220613562
vertex 26.430726078667757 -15.00000000000898 81.02444417010568
vertex 25.685141666396127 -15.000000000009214 81.59655121145809
endloop
endfacet
facet normal 0.35355339059317814 0.707106781186446 0.6123724356959671
outer loop
vertex 26.430726078667757 -15.00000000000898 81.02444417010568
vertex 26.816512516294836 -16.600000000009338 82.7279220613562
vertex 27.230726078667914 -16.600000000009207 82.41008481616039
endloop
endfacet
facet normal 0.6123724356957031 0.7071067811865414 0.35355339059344454
outer loop
vertex 25.113034625043774 -15.000000000009468 82.34213562372966
vertex 26.816512516294836 -16.600000000009338 82.7279220613562
vertex 25.685141666396127 -15.000000000009214 81.59655121145809
endloop
endfacet
facet normal 0.49999999999990963 0.7071067811864923 0.5000000000001685
outer loop
vertex 26.816512516294836 -16.600000000009338 82.7279220613562
vertex 25.113034625043774 -15.000000000009468 82.34213562372966
vertex 26.498675271099085 -16.600000000009466 83.14213562372927
endloop
endfacet
facet normal -0.9659258262890684 -6.183038108332834e-14 -0.25881904510252046
outer loop
vertex 16.986367933802462 -3.00000000000771 70.77645713530914
vertex 17.00450827190842 -9.000000000007676 70.63866758753889
vertex 16.986367933803184 -8.856307569768077 70.77645713530777
endloop
endfacet
facet normal -0.9914448613738106 -9.610946177492428e-14 -0.13052619222005113
outer loop
vertex 17.00450827190842 -9.000000000007676 70.63866758753889
vertex 16.986367933802462 -3.00000000000771 70.77645713530914
vertex 17.088590454935247 -3.0000000000075095 70.0000000000016
endloop
endfacet
facet normal -0.9914448613738106 -9.610946177492428e-14 -0.13052619222005113
outer loop
vertex 17.00450827190842 -9.000000000007676 70.63866758753889
vertex 17.088590454935247 -3.0000000000075095 70.0000000000016
vertex 17.037380438920287 -9.482361909802565 70.38897868976487
endloop
endfacet
facet normal -0.9914448613738106 -9.610946177492428e-14 -0.13052619222005113
outer loop
vertex 17.037380438920287 -9.482361909802565 70.38897868976487
vertex 17.088590454935247 -3.0000000000075095 70.0000000000016
vertex 17.04859252292285 -10.000000000007597 70.30381445659
endloop
endfacet
facet normal -0.9914448613738106 -9.610946177492428e-14 -0.13052619222005113
outer loop
vertex 17.004508271908655 -11.000000000007674 70.6386675875384
vertex 16.986367933804367 -18.00000000000771 70.77645713530553
vertex 16.986367933803443 -11.143692430247347 70.7764571353072
endloop
endfacet
facet normal -0.9659258262890683 -6.175250080882929e-14 -0.2588190451025212
outer loop
vertex 16.986367933804367 -18.00000000000771 70.77645713530553
vertex 17.004508271908655 -11.000000000007674 70.6386675875384
vertex 17.088590454937176 -18.00000000000751 69.99999999999797
endloop
endfacet
facet normal -1.0 -1.287777153271169e-13 -1.1102230246251597e-16
outer loop
vertex 17.088590454937176 -18.00000000000751 69.99999999999797
vertex 17.004508271908655 -11.000000000007674 70.6386675875384
vertex 17.037380438920383 -10.51763809021265 70.38897868976458
endloop
endfacet
facet normal -1.0 -1.287777153271169e-13 -1.1102230246251597e-16
outer loop
vertex 17.088590454937176 -18.00000000000751 69.99999999999797
vertex 17.037380438920383 -10.51763809021265 70.38897868976458
vertex 17.04859252292285 -10.000000000007597 70.30381445659
endloop
endfacet
facet normal -1.0 -1.287777153271169e-13 -1.1102230246251597e-16
outer loop
vertex 17.088590454937176 -18.00000000000751 69.99999999999797
vertex 17.04859252292285 -10.000000000007597 70.30381445659
vertex 17.088590454935247 -3.0000000000075095 70.0000000000016
endloop
endfacet
facet normal -1.2820863815977116e-13 1.0 2.4211174865018893e-13
outer loop
vertex 5.003672355305399 -3.000000000008054 65.8209734239892
vertex 8.310333877360943 -3.0000000000066667 61.838397772269644
vertex 6.394845100643362 -3.0000000000073404 63.612020474102046
endloop
endfacet
facet normal -1.2820863815977116e-13 1.0 2.4211174865018893e-13
outer loop
vertex 8.310333877360943 -3.0000000000066667 61.838397772269644
vertex 5.003672355305399 -3.000000000008054 65.8209734239892
vertex 10.619601290819736 -3.0000000000060743 60.620974774571756
endloop
endfacet
facet normal -1.2820863815977116e-13 1.0 2.4211174865018893e-13
outer loop
vertex 10.619601290819736 -3.0000000000060743 60.620974774571756
vertex 5.003672355305399 -3.000000000008054 65.8209734239892
vertex 4.231621764920185 -3.000000000008756 68.31472012886367
endloop
endfacet
facet normal -1.2820863815977116e-13 1.0 2.4211174865018893e-13
outer loop
vertex 10.619601290819736 -3.0000000000060743 60.620974774571756
vertex 4.231621764920185 -3.000000000008756 68.31472012886367
vertex 13.165274583037345 -3.000000000005609 60.042716846414905
endloop
endfacet
facet normal -1.2820863815977116e-13 1.0 2.4211174865018893e-13
outer loop
vertex 13.165274583037345 -3.000000000005609 60.042716846414905
vertex 4.231621764920185 -3.000000000008756 68.31472012886367
vertex 4.131307301348564 -3.000000000009402 70.9233158718995
endloop
endfacet
facet normal -1.2820863815977116e-13 1.0 2.4211174865018893e-13
outer loop
vertex 13.165274583037345 -3.000000000005609 60.042716846414905
vertex 4.131307301348564 -3.000000000009402 70.9233158718995
vertex 15.773870326073183 -3.000000000005299 60.14303130998653
endloop
endfacet
facet normal -1.2820863815977116e-13 1.0 2.4211174865018893e-13
outer loop
vertex 15.773870326073183 -3.000000000005299 60.14303130998653
vertex 4.131307301348564 -3.000000000009402 70.9233158718995
vertex 4.709565229505424 -3.000000000009943 73.46898916411712
endloop
endfacet
facet normal -1.2820863815977116e-13 1.0 2.4211174865018893e-13
outer loop
vertex 15.773870326073183 -3.000000000005299 60.14303130998653
vertex 4.709565229505424 -3.000000000009943 73.46898916411712
vertex 18.26761703094764 -3.0000000000051665 60.91508190037173
endloop
endfacet
facet normal -1.2820863815977116e-13 1.0 2.4211174865018893e-13
outer loop
vertex 18.26761703094764 -3.0000000000051665 60.91508190037173
vertex 4.709565229505424 -3.000000000009943 73.46898916411712
vertex 11.96727011137562 -3.000000000007662 67.87867965644193
endloop
endfacet
facet normal -1.2820863815977116e-13 1.0 2.4211174865018893e-13
outer loop
vertex 11.96727011137562 -3.000000000007662 67.87867965644193
vertex 4.709565229505424 -3.000000000009943 73.46898916411712
vertex 11.49051424358194 -3.0000000000078737 68.50000000000159
endloop
endfacet
facet normal -1.2820863815977116e-13 1.0 2.4211174865018893e-13
outer loop
vertex 11.49051424358194 -3.0000000000078737 68.50000000000159
vertex 4.709565229505424 -3.000000000009943 73.46898916411712
vertex 5.926988227203312 -3.0000000000103464 75.77825657757592
endloop
endfacet
facet normal -1.2820863815977116e-13 1.0 2.4211174865018893e-13
outer loop
vertex 11.49051424358194 -3.0000000000078737 68.50000000000159
vertex 5.926988227203312 -3.0000000000103464 75.77825657757592
vertex 11.19081297606804 -3.0000000000080878 69.22354286469404
endloop
endfacet
facet normal -1.2820863815977116e-13 1.0 2.4211174865018893e-13
outer loop
vertex 11.19081297606804 -3.0000000000080878 69.22354286469404
vertex 5.926988227203312 -3.0000000000103464 75.77825657757592
vertex 11.08859045493524 -3.000000000008288 70.0000000000016
endloop
endfacet
facet normal -1.2820863815977116e-13 1.0 2.4211174865018893e-13
outer loop
vertex 11.08859045493524 -3.000000000008288 70.0000000000016
vertex 5.926988227203312 -3.0000000000103464 75.77825657757592
vertex 11.19081297606804 -3.000000000008463 70.77645713530917
endloop
endfacet
facet normal -1.2820863815977116e-13 1.0 2.4211174865018893e-13
outer loop
vertex 11.19081297606804 -3.000000000008463 70.77645713530917
vertex 5.926988227203312 -3.0000000000103464 75.77825657757592
vertex 7.700610929035718 -3.000000000010581 77.69374535429351
endloop
endfacet
facet normal -1.2820863815977116e-13 1.0 2.4211174865018893e-13
outer loop
vertex 11.19081297606804 -3.000000000008463 70.77645713530917
vertex 7.700610929035718 -3.000000000010581 77.69374535429351
vertex 11.490514243581911 -3.000000000008598 71.50000000000159
endloop
endfacet
facet normal -1.2820863815977116e-13 1.0 2.4211174865018893e-13
outer loop
vertex 11.490514243581911 -3.000000000008598 71.50000000000159
vertex 7.700610929035718 -3.000000000010581 77.69374535429351
vertex 11.967270111375608 -3.0000000000086886 72.12132034356125
endloop
endfacet
facet normal -1.2820863815977116e-13 1.0 2.4211174865018893e-13
outer loop
vertex 11.967270111375608 -3.0000000000086886 72.12132034356125
vertex 7.700610929035718 -3.000000000010581 77.69374535429351
vertex 12.588590454935249 -3.0000000000087224 72.59807621135492
endloop
endfacet
facet normal -1.2820863815977116e-13 1.0 2.4211174865018893e-13
outer loop
vertex 12.588590454935249 -3.0000000000087224 72.59807621135492
vertex 7.700610929035718 -3.000000000010581 77.69374535429351
vertex 13.3121333196277 -3.0000000000087024 72.89777747886882
endloop
endfacet
facet normal -1.2820863815977116e-13 1.0 2.4211174865018893e-13
outer loop
vertex 13.3121333196277 -3.0000000000087024 72.89777747886882
vertex 7.700610929035718 -3.000000000010581 77.69374535429351
vertex 9.909563878922878 -3.0000000000106373 79.08491809963147
endloop
endfacet
facet normal -1.2820863815977116e-13 1.0 2.4211174865018893e-13
outer loop
vertex 13.3121333196277 -3.0000000000087024 72.89777747886882
vertex 9.909563878922878 -3.0000000000106373 79.08491809963147
vertex 14.0885904549352 -3.0000000000086264 73.0000000000016
endloop
endfacet
facet normal -1.2820863815977116e-13 1.0 2.4211174865018893e-13
outer loop
vertex 14.0885904549352 -3.0000000000086264 73.0000000000016
vertex 9.909563878922878 -3.0000000000106373 79.08491809963147
vertex 14.865047590242803 -3.0000000000085025 72.89777747886879
endloop
endfacet
facet normal -1.2820863815977116e-13 1.0 2.4211174865018893e-13
outer loop
vertex 14.865047590242803 -3.0000000000085025 72.89777747886879
vertex 9.909563878922878 -3.0000000000106373 79.08491809963147
vertex 15.588590454935243 -3.000000000008336 72.59807621135494
endloop
endfacet
facet normal -1.2820863815977116e-13 1.0 2.4211174865018893e-13
outer loop
vertex 15.588590454935243 -3.000000000008336 72.59807621135494
vertex 9.909563878922878 -3.0000000000106373 79.08491809963147
vertex 16.20991079849486 -3.0000000000081415 72.12132034356124
endloop
endfacet
facet normal -1.2820863815977116e-13 1.0 2.4211174865018893e-13
outer loop
vertex 16.20991079849486 -3.0000000000081415 72.12132034356124
vertex 9.909563878922878 -3.0000000000106373 79.08491809963147
vertex 13.913041229314821 -3.0000000000091256 74.94643775603654
endloop
endfacet
facet normal -1.2820863815977116e-13 1.0 2.4211174865018893e-13
outer loop
vertex 16.20991079849486 -3.0000000000081415 72.12132034356124
vertex 13.913041229314821 -3.0000000000091256 74.94643775603654
vertex 18.862788697620672 -3.0000000000072897 69.9966902877307
endloop
endfacet
facet normal -1.2820863815977116e-13 1.0 2.4211174865018893e-13
outer loop
vertex 13.913041229314821 -3.0000000000091256 74.94643775603654
vertex 9.909563878922878 -3.0000000000106373 79.08491809963147
vertex 16.034361572874452 -3.0000000000093654 77.06775809959619
endloop
endfacet
facet normal -1.2820863815977116e-13 1.0 2.4211174865018893e-13
outer loop
vertex 16.034361572874452 -3.0000000000093654 77.06775809959619
vertex 9.909563878922878 -3.0000000000106373 79.08491809963147
vertex 12.40331058379733 -3.000000000010502 79.85696869001666
endloop
endfacet
facet normal -1.2820863815977116e-13 1.0 2.4211174865018893e-13
outer loop
vertex 16.034361572874452 -3.0000000000093654 77.06775809959619
vertex 12.40331058379733 -3.000000000010502 79.85696869001666
vertex 15.011906326833163 -3.0000000000101945 79.95728315358829
endloop
endfacet
facet normal -1.2820863815977116e-13 1.0 2.4211174865018893e-13
outer loop
vertex 16.034361572874452 -3.0000000000093654 77.06775809959619
vertex 15.011906326833163 -3.0000000000101945 79.95728315358829
vertex 20.984109041180318 -3.000000000007532 72.11801063129035
endloop
endfacet
facet normal -1.2820863815977116e-13 1.0 2.4211174865018893e-13
outer loop
vertex 20.984109041180318 -3.000000000007532 72.11801063129035
vertex 15.011906326833163 -3.0000000000101945 79.95728315358829
vertex 24.045873608521955 -3.0000000000064015 69.07668412810368
endloop
endfacet
facet normal -1.2820863815977116e-13 1.0 2.4211174865018893e-13
outer loop
vertex 24.045873608521955 -3.0000000000064015 69.07668412810368
vertex 15.011906326833163 -3.0000000000101945 79.95728315358829
vertex 23.945559144950323 -3.0000000000070446 71.68527987113951
endloop
endfacet
facet normal -1.2820863815977116e-13 1.0 2.4211174865018893e-13
outer loop
vertex 23.945559144950323 -3.0000000000070446 71.68527987113951
vertex 15.011906326833163 -3.0000000000101945 79.95728315358829
vertex 17.557579619050784 -3.000000000009726 79.37902522543142
endloop
endfacet
facet normal -1.2820863815977116e-13 1.0 2.4211174865018893e-13
outer loop
vertex 23.945559144950323 -3.0000000000070446 71.68527987113951
vertex 17.557579619050784 -3.000000000009726 79.37902522543142
vertex 23.173508554565124 -3.0000000000077467 74.17902657601398
endloop
endfacet
facet normal -1.2820863815977116e-13 1.0 2.4211174865018893e-13
outer loop
vertex 23.173508554565124 -3.0000000000077467 74.17902657601398
vertex 17.557579619050784 -3.000000000009726 79.37902522543142
vertex 19.866847032509583 -3.0000000000091367 78.16160222773357
endloop
endfacet
facet normal -1.2820863815977116e-13 1.0 2.4211174865018893e-13
outer loop
vertex 23.173508554565124 -3.0000000000077467 74.17902657601398
vertex 19.866847032509583 -3.0000000000091367 78.16160222773357
vertex 21.782335809227167 -3.00000000000846 76.38797952590113
endloop
endfacet
facet normal -1.2820863815977116e-13 1.0 2.4211174865018893e-13
outer loop
vertex 18.26761703094764 -3.0000000000051665 60.91508190037173
vertex 12.588590454935249 -3.0000000000074674 67.40192378864826
vertex 20.476569980834796 -3.000000000005217 62.306254645709686
endloop
endfacet
facet normal -1.2820863815977116e-13 1.0 2.4211174865018893e-13
outer loop
vertex 12.588590454935249 -3.0000000000074674 67.40192378864826
vertex 18.26761703094764 -3.0000000000051665 60.91508190037173
vertex 11.96727011137562 -3.000000000007662 67.87867965644193
endloop
endfacet
facet normal -1.2820863815977116e-13 1.0 2.4211174865018893e-13
outer loop
vertex 20.476569980834796 -3.000000000005217 62.306254645709686
vertex 12.588590454935249 -3.0000000000074674 67.40192378864826
vertex 13.312133319627682 -3.0000000000072955 67.10222252113441
endloop
endfacet
facet normal -1.2820863815977116e-13 1.0 2.4211174865018893e-13
outer loop
vertex 20.476569980834796 -3.000000000005217 62.306254645709686
vertex 13.312133319627682 -3.0000000000072955 67.10222252113441
vertex 14.088590454935257 -3.000000000007171 67.0000000000016
endloop
endfacet
facet normal -1.2820863815977116e-13 1.0 2.4211174865018893e-13
outer loop
vertex 20.476569980834796 -3.000000000005217 62.306254645709686
vertex 14.088590454935257 -3.000000000007171 67.0000000000016
vertex 14.865047590242803 -3.000000000007095 67.10222252113441
endloop
endfacet
facet normal -1.2820863815977116e-13 1.0 2.4211174865018893e-13
outer loop
vertex 20.476569980834796 -3.000000000005217 62.306254645709686
vertex 14.865047590242803 -3.000000000007095 67.10222252113441
vertex 15.588590454935254 -3.000000000007081 67.40192378864828
endloop
endfacet
facet normal -1.2820863815977116e-13 1.0 2.4211174865018893e-13
outer loop
vertex 20.476569980834796 -3.000000000005217 62.306254645709686
vertex 15.588590454935254 -3.000000000007081 67.40192378864828
vertex 22.2501926826672 -3.000000000005457 64.22174342242727
endloop
endfacet
facet normal -1.2820863815977116e-13 1.0 2.4211174865018893e-13
outer loop
vertex 22.2501926826672 -3.000000000005457 64.22174342242727
vertex 15.588590454935254 -3.000000000007081 67.40192378864828
vertex 16.209910798494903 -3.0000000000071094 67.87867965644196
endloop
endfacet
facet normal -1.2820863815977116e-13 1.0 2.4211174865018893e-13
outer loop
vertex 22.2501926826672 -3.000000000005457 64.22174342242727
vertex 16.209910798494903 -3.0000000000071094 67.87867965644196
vertex 16.68666666628858 -3.0000000000072053 68.50000000000159
endloop
endfacet
facet normal -1.2820863815977116e-13 1.0 2.4211174865018893e-13
outer loop
vertex 22.2501926826672 -3.000000000005457 64.22174342242727
vertex 16.68666666628858 -3.0000000000072053 68.50000000000159
vertex 16.986367933802452 -3.000000000007335 69.22354286469404
endloop
endfacet
facet normal -1.2820863815977116e-13 1.0 2.4211174865018893e-13
outer loop
vertex 22.2501926826672 -3.000000000005457 64.22174342242727
vertex 16.986367933802452 -3.000000000007335 69.22354286469404
vertex 17.088590454935247 -3.0000000000075095 70.0000000000016
endloop
endfacet
facet normal -1.2820863815977116e-13 1.0 2.4211174865018893e-13
outer loop
vertex 22.2501926826672 -3.000000000005457 64.22174342242727
vertex 17.088590454935247 -3.0000000000075095 70.0000000000016
vertex 23.46761568036509 -3.000000000005857 66.53101083588606
endloop
endfacet
facet normal -1.2820863815977116e-13 1.0 2.4211174865018893e-13
outer loop
vertex 23.46761568036509 -3.000000000005857 66.53101083588606
vertex 17.088590454935247 -3.0000000000075095 70.0000000000016
vertex 16.986367933802462 -3.00000000000771 70.77645713530914
endloop
endfacet
facet normal -1.2820863815977116e-13 1.0 2.4211174865018893e-13
outer loop
vertex 23.46761568036509 -3.000000000005857 66.53101083588606
vertex 16.986367933802462 -3.00000000000771 70.77645713530914
vertex 16.68666666628857 -3.00000000000793 71.50000000000159
endloop
endfacet
facet normal -1.2820863815977116e-13 1.0 2.4211174865018893e-13
outer loop
vertex 23.46761568036509 -3.000000000005857 66.53101083588606
vertex 16.68666666628857 -3.00000000000793 71.50000000000159
vertex 18.862788697620672 -3.0000000000072897 69.9966902877307
endloop
endfacet
facet normal -1.2820863815977116e-13 1.0 2.4211174865018893e-13
outer loop
vertex 18.862788697620672 -3.0000000000072897 69.9966902877307
vertex 16.68666666628857 -3.00000000000793 71.50000000000159
vertex 16.20991079849486 -3.0000000000081415 72.12132034356124
endloop
endfacet
facet normal -1.2820863815977116e-13 1.0 2.4211174865018893e-13
outer loop
vertex 23.46761568036509 -3.000000000005857 66.53101083588606
vertex 18.862788697620672 -3.0000000000072897 69.9966902877307
vertex 20.984109041180318 -3.000000000007532 72.11801063129035
endloop
endfacet
facet normal -1.2820863815977116e-13 1.0 2.4211174865018893e-13
outer loop
vertex 23.46761568036509 -3.000000000005857 66.53101083588606
vertex 20.984109041180318 -3.000000000007532 72.11801063129035
vertex 24.045873608521955 -3.0000000000064015 69.07668412810368
endloop
endfacet
facet normal -0.6123724356958874 0.7071067811865545 -0.3535533905930991
outer loop
vertex 20.997022164556306 -16.60000000000258 51.68148347421694
vertex 22.742304331627864 -15.000000000002336 51.61323203658637
vertex 21.19682300956557 -16.60000000000244 51.199121564421965
endloop
endfacet
facet normal -0.6830127018923133 0.7071067811865028 -0.18301270189204158
outer loop
vertex 22.742304331627864 -15.000000000002336 51.61323203658637
vertex 20.997022164556306 -16.60000000000258 51.68148347421694
vertex 22.382662810611244 -15.000000000002592 52.48148347421732
endloop
endfacet
facet normal -0.6830127018923131 0.7071067811865028 -0.18301270189204208
outer loop
vertex 21.19682300956557 -16.60000000000244 51.199121564421965
vertex 22.86497135698723 -15.000000000002078 50.681483474217295
vertex 21.264971356987424 -16.60000000000229 50.68148347421692
endloop
endfacet
facet normal -0.7071067811866386 0.7071067811864565 1.6790632857145197e-13
outer loop
vertex 22.86497135698723 -15.000000000002078 50.681483474217295
vertex 21.19682300956557 -16.60000000000244 51.199121564421965
vertex 22.742304331627864 -15.000000000002336 51.61323203658637
endloop
endfacet
facet normal -0.7071067811866385 0.7071067811864565 1.667961055468268e-13
outer loop
vertex 21.264971356987424 -16.60000000000229 50.68148347421692
vertex 22.742304331627892 -15.000000000001885 49.74973491184822
vertex 21.19682300956557 -16.60000000000219 50.16384538401188
endloop
endfacet
facet normal -0.6830127018923107 0.7071067811864173 0.18301270189238192
outer loop
vertex 22.742304331627892 -15.000000000001885 49.74973491184822
vertex 21.264971356987424 -16.60000000000229 50.68148347421692
vertex 22.86497135698723 -15.000000000002078 50.681483474217295
endloop
endfacet
facet normal -0.6830127018923107 0.7071067811864173 0.18301270189238225
outer loop
vertex 21.19682300956557 -16.60000000000219 50.16384538401188
vertex 22.382662810611208 -15.000000000001727 48.8814834742173
vertex 20.997022164556316 -16.600000000002098 49.681483474216925
endloop
endfacet
facet normal -0.6123724356958852 0.7071067811863843 0.35355339059344365
outer loop
vertex 22.382662810611208 -15.000000000001727 48.8814834742173
vertex 21.19682300956557 -16.60000000000219 50.16384538401188
vertex 22.742304331627892 -15.000000000001885 49.74973491184822
endloop
endfacet
facet normal 0.4999999999999987 -1.5261322030718637e-13 0.8660254037844395
outer loop
vertex -6.229926070844232 -18.00000000001135 73.44433009447947
vertex -6.644139633217498 -16.60000000001148 73.7621673396756
vertex -6.644139633217337 -18.000000000011482 73.76216733967526
endloop
endfacet
facet normal 0.7071067811865531 -8.480694895047865e-14 0.707106781186542
outer loop
vertex -6.644139633217498 -16.60000000001148 73.7621673396756
vertex -6.229926070844232 -18.00000000001135 73.44433009447947
vertex -6.229926070844406 -16.600000000011352 73.44433009447984
endloop
endfacet
facet normal -0.5000000000000877 0.7071067811863626 0.5000000000001739
outer loop
vertex 20.679184919360512 -16.600000000002037 49.26726991184383
vertex 22.382662810611208 -15.000000000001727 48.8814834742173
vertex 21.81055576925881 -15.00000000000162 48.135899061945715
endloop
endfacet
facet normal -0.6123724356958852 0.7071067811863843 0.35355339059344365
outer loop
vertex 22.382662810611208 -15.000000000001727 48.8814834742173
vertex 20.679184919360512 -16.600000000002037 49.26726991184383
vertex 20.997022164556316 -16.600000000002098 49.681483474216925
endloop
endfacet
facet normal -0.3535533905933648 0.7071067811863537 0.6123724356959658
outer loop
vertex 20.264971356987434 -16.600000000002 48.94943266664804
vertex 21.81055576925881 -15.00000000000162 48.135899061945715
vertex 21.064971356987233 -15.000000000001577 47.56379202059332
endloop
endfacet
facet normal -0.5000000000000869 0.7071067811863627 0.5000000000001746
outer loop
vertex 21.81055576925881 -15.00000000000162 48.135899061945715
vertex 20.264971356987434 -16.600000000002 48.94943266664804
vertex 20.679184919360512 -16.600000000002037 49.26726991184383
endloop
endfacet
facet normal 0.7071067811864602 0.7071067811866351 1.667405943955947e-13
outer loop
vertex 15.664971356987218 -15.000000000003007 50.681483474217316
vertex 17.33311970440927 -16.600000000002687 50.163845384011886
vertex 15.787638382346577 -15.000000000002782 49.74973491184826
endloop
endfacet
facet normal 0.6830127018921323 0.7071067811865881 0.18301270189238802
outer loop
vertex 17.33311970440927 -16.600000000002687 50.163845384011886
vertex 15.664971356987218 -15.000000000003007 50.681483474217316
vertex 17.264971356987406 -16.600000000002808 50.68148347421694
endloop
endfacet
facet normal 0.6830127018921315 0.7071067811866769 -0.18301270189204769
outer loop
vertex 15.787638382346577 -15.000000000003215 51.61323203658639
vertex 17.264971356987406 -16.600000000002808 50.68148347421694
vertex 15.664971356987218 -15.000000000003007 50.681483474217316
endloop
endfacet
facet normal 0.7071067811864602 0.7071067811866351 1.6651854979066966e-13
outer loop
vertex 17.264971356987406 -16.600000000002808 50.68148347421694
vertex 15.787638382346577 -15.000000000003215 51.61323203658639
vertex 17.33311970440928 -16.60000000000293 51.199121564421986
endloop
endfacet
facet normal 0.6123724356957058 0.7071067811867112 -0.35355339059310037
outer loop
vertex 16.14727990336326 -15.000000000003384 52.48148347421734
vertex 17.33311970440928 -16.60000000000293 51.199121564421986
vertex 15.787638382346577 -15.000000000003215 51.61323203658639
endloop
endfacet
facet normal 0.6830127018921308 0.707106781186677 -0.18301270189204938
outer loop
vertex 17.33311970440928 -16.60000000000293 51.199121564421986
vertex 16.14727990336326 -15.000000000003384 52.48148347421734
vertex 17.532920549418538 -16.600000000003025 51.68148347421692
endloop
endfacet
facet normal 0.49999999999990535 0.7071067811867329 -0.49999999999983274
outer loop
vertex 16.719386944715655 -15.000000000003507 53.227067886488896
vertex 17.532920549418538 -16.600000000003025 51.68148347421692
vertex 16.14727990336326 -15.000000000003384 52.48148347421734
endloop
endfacet
facet normal 0.6123724356957063 0.7071067811867112 -0.3535533905930992
outer loop
vertex 17.532920549418538 -16.600000000003025 51.68148347421692
vertex 16.719386944715655 -15.000000000003507 53.227067886488896
vertex 17.850757794614328 -16.60000000000308 52.09569703659003
endloop
endfacet
facet normal -0.18301270189231578 0.7071067811863594 0.6830127018923884
outer loop
vertex 28.748364168872936 -16.60000000000897 82.21028397115113
vertex 30.03072607866776 -15.000000000008495 81.0244441701057
vertex 29.162474641036855 -15.000000000008539 80.66480264908903
endloop
endfacet
facet normal -0.3535533905933667 0.7071067811863503 0.6123724356959686
outer loop
vertex 30.03072607866776 -15.000000000008495 81.0244441701057
vertex 28.748364168872936 -16.60000000000897 82.21028397115113
vertex 29.230726078667956 -16.600000000008947 82.41008481616039
endloop
endfacet
facet normal -8.217678834072552e-14 0.7071067811863799 0.7071067811867152
outer loop
vertex 28.23072607866791 -16.600000000009 82.1421356237293
vertex 29.162474641036855 -15.000000000008539 80.66480264908903
vertex 28.230726078667733 -15.000000000008615 80.54213562372965
endloop
endfacet
facet normal -0.18301270189232083 0.7071067811863594 0.6830127018923868
outer loop
vertex 29.162474641036855 -15.000000000008539 80.66480264908903
vertex 28.23072607866791 -16.600000000009 82.1421356237293
vertex 28.748364168872936 -16.60000000000897 82.21028397115113
endloop
endfacet
facet normal 0.18301270189212918 0.7071067811864065 0.6830127018923896
outer loop
vertex 27.713087988462917 -16.6000000000091 82.21028397115116
vertex 28.230726078667733 -15.000000000008615 80.54213562372965
vertex 27.298977516298642 -15.000000000008779 80.66480264908901
endloop
endfacet
facet normal -8.456376784366959e-14 0.7071067811863798 0.7071067811867153
outer loop
vertex 28.230726078667733 -15.000000000008615 80.54213562372965
vertex 27.713087988462917 -16.6000000000091 82.21028397115116
vertex 28.23072607866791 -16.600000000009 82.1421356237293
endloop
endfacet
facet normal -0.6830127018921904 -0.2588190451027366 0.6830127018921665
outer loop
vertex 15.021889559684258 -10.51763809021375 73.83758942566622
vertex 14.422854502136037 -11.000000000008564 72.95599330333214
vertex 15.16317009207717 -11.000000000008656 73.69630889327327
endloop
endfacet
facet normal -0.6233054044607271 -0.4722083708916536 0.6233054044606866
outer loop
vertex 14.422854502136037 -11.000000000008564 72.95599330333214
vertex 15.021889559684258 -10.51763809021375 73.83758942566622
vertex 14.173165604362014 -10.517638090213644 72.98886547034404
endloop
endfacet
facet normal -0.7010573846499677 -0.1305261922202275 0.7010573846499556
outer loop
vertex 14.995634944676778 -10.23561053054861 73.86384404067373
vertex 14.173165604362014 -10.517638090213644 72.98886547034404
vertex 15.021889559684258 -10.51763809021375 73.83758942566622
endloop
endfacet
facet normal -0.6860534927154858 -0.24220076437905122 0.6860534927154635
outer loop
vertex 14.173165604362014 -10.517638090213644 72.98886547034404
vertex 14.995634944676778 -10.23561053054861 73.86384404067373
vertex 14.134400198611866 -10.282017456403965 72.99396903283107
endloop
endfacet
facet normal -0.4721411663499351 1.5238779406286126e-13 -0.8815229543453325
outer loop
vertex 15.588590454936371 -11.87509307937636 72.59807621135276
vertex 16.209910798496765 -18.000000000008143 72.12132034355761
vertex 15.588590454937126 -18.000000000008338 72.59807621135128
endloop
endfacet
facet normal -0.707106781186547 7.997329931233379e-14 -0.7071067811865481
outer loop
vertex 16.209910798496765 -18.000000000008143 72.12132034355761
vertex 15.588590454936371 -11.87509307937636 72.59807621135276
vertex 15.698239598390327 -11.931851652586438 72.51393946437177
endloop
endfacet
facet normal -0.707106781186547 7.997329931233379e-14 -0.7071067811865481
outer loop
vertex 16.209910798496765 -18.000000000008143 72.12132034355761
vertex 15.698239598390327 -11.931851652586438 72.51393946437177
vertex 16.112453160763412 -12.000000000008173 72.19610221917597
endloop
endfacet
facet normal -0.707106781186547 7.997329931233379e-14 -0.7071067811865481
outer loop
vertex 16.209910798496765 -18.000000000008143 72.12132034355761
vertex 16.112453160763412 -12.000000000008173 72.19610221917597
vertex 16.209910798495994 -11.983965814847549 72.12132034355906
endloop
endfacet
facet normal -0.7009735671475218 -0.1307055237161732 0.7011077836043185
outer loop
vertex 15.165494047923374 -10.128967461508378 74.05348301778457
vertex 14.983711570251081 -10.107209927954603 73.87576742217651
vertex 14.988173200548687 -10.155288588721376 73.87130578369403
endloop
endfacet
facet normal -0.7009735671475218 -0.1307055237161732 0.7011077836043185
outer loop
vertex 14.983711570251081 -10.107209927954603 73.87576742217651
vertex 15.165494047923374 -10.128967461508378 74.05348301778457
vertex 14.973701401095502 -10.000000000008725 73.88577758425501
endloop
endfacet
facet normal -0.7011844391579288 0.13040978398301106 0.7009519744777708
outer loop
vertex 14.9955902359202 -9.764869731788277 73.86388874943606
vertex 14.088423795412147 -10.000000000008617 73.00016665952384
vertex 14.973701401095502 -10.000000000008725 73.88577758425501
endloop
endfacet
facet normal -0.7011479963122277 0.1295491201616212 0.7011479963122608
outer loop
vertex 14.126686099703255 -9.764869731788174 72.99498461321916
vertex 14.088423795412147 -10.000000000008617 73.00016665952384
vertex 14.9955902359202 -9.764869731788277 73.86388874943606
endloop
endfacet
facet normal -0.5609855267968072 -0.6087614290089932 0.5609855267967591
outer loop
vertex 15.275542527773018 -11.207106781195154 73.58393645757741
vertex 14.507257094001432 -11.088018385583188 72.94488149131018
vertex 14.621453340446187 -11.207106781195082 72.92984727025059
endloop
endfacet
facet normal -0.5609855267968072 -0.6087614290089932 0.5609855267967591
outer loop
vertex 14.507257094001432 -11.088018385583188 72.94488149131018
vertex 15.275542527773018 -11.207106781195154 73.58393645757741
vertex 15.16317009207717 -11.000000000008656 73.69630889327327
endloop
endfacet
facet normal -0.5609855267968072 -0.6087614290089932 0.5609855267967591
outer loop
vertex 14.507257094001432 -11.088018385583188 72.94488149131018
vertex 15.16317009207717 -11.000000000008656 73.69630889327327
vertex 14.422854502136037 -11.000000000008564 72.95599330333214
endloop
endfacet
facet normal -0.7010573846499856 0.13052619221986766 0.7010573846500046
outer loop
vertex 14.173165604361941 -9.482361909803565 72.98886547034428
vertex 14.126686099703255 -9.764869731788174 72.99498461321916
vertex 15.021889559684151 -9.482361909803664 73.83758942566651
endloop
endfacet
facet normal 0.8660254037844383 -6.983411375783223e-15 0.5000000000000008
outer loop
vertex 25.346920704134504 -15.000000000008024 76.49999999999869
vertex 23.28097861036152 -11.983965814848354 79.19238815542457
vertex 23.28097861036192 -15.000000000008946 79.19238815542381
endloop
endfacet
facet normal 0.8660254037844383 -6.983411375783223e-15 0.5000000000000008
outer loop
vertex 25.346920704134504 -15.000000000008024 76.49999999999869
vertex 23.52403397994032 -11.93185165258697 78.87563223078408
vertex 23.28097861036152 -11.983965814848354 79.19238815542457
endloop
endfacet
facet normal 0.8660254037844383 -6.983411375783223e-15 0.5000000000000008
outer loop
vertex 25.346920704134504 -15.000000000008024 76.49999999999869
vertex 23.82021114212692 -11.732050807577577 78.48964663816649
vertex 23.52403397994032 -11.93185165258697 78.87563223078408
endloop
endfacet
facet normal 0.8660254037844383 -6.983411375783223e-15 0.5000000000000008
outer loop
vertex 25.346920704134504 -15.000000000008024 76.49999999999869
vertex 24.07454423715712 -11.414213562381684 78.15819329556993
vertex 23.82021114212692 -11.732050807577577 78.48964663816649
endloop
endfacet
facet normal 0.8660254037844383 -6.983411375783223e-15 0.5000000000000008
outer loop
vertex 25.346920704134504 -15.000000000008024 76.49999999999869
vertex 24.269700884910016 -11.000000000008507 77.90386020053975
vertex 24.07454423715712 -11.414213562381684 78.15819329556993
endloop
endfacet
facet normal 0.8660254037844383 -6.983411375783223e-15 0.5000000000000008
outer loop
vertex 25.346920704134504 -15.000000000008024 76.49999999999869
vertex 24.392381482352793 -10.517638090213486 77.74397973319702
vertex 24.269700884910016 -11.000000000008507 77.90386020053975
endloop
endfacet
facet normal 0.8660254037844383 -6.983411375783223e-15 0.5000000000000008
outer loop
vertex 25.346920704134504 -15.000000000008024 76.49999999999869
vertex 24.43422554950904 -10.000000000008432 77.6894474831762
vertex 24.392381482352793 -10.517638090213486 77.74397973319702
endloop
endfacet
facet normal 0.8660254037844383 -6.983411375783223e-15 0.5000000000000008
outer loop
vertex 25.346920704134504 -15.000000000008024 76.49999999999869
vertex 25.34692070413269 -1.0000000000080294 76.50000000000209
vertex 24.43422554950904 -10.000000000008432 77.6894474831762
endloop
endfacet
facet normal 0.8660254037844378 -8.174360110754396e-15 0.5000000000000014
outer loop
vertex 25.34692070413269 -1.0000000000080294 76.50000000000209
vertex 24.39238148235269 -9.482361909803405 77.74397973319728
vertex 24.43422554950904 -10.000000000008432 77.6894474831762
endloop
endfacet
facet normal 0.8660254037844378 -8.174360110754396e-15 0.5000000000000014
outer loop
vertex 25.34692070413269 -1.0000000000080294 76.50000000000209
vertex 24.269700884909756 -9.000000000008505 77.90386020054025
vertex 24.39238148235269 -9.482361909803405 77.74397973319728
endloop
endfacet
facet normal 0.8660254037844378 -8.174360110754396e-15 0.5000000000000014
outer loop
vertex 25.34692070413269 -1.0000000000080294 76.50000000000209
vertex 24.074544237156736 -8.585786437635495 78.15819329557064
vertex 24.269700884909756 -9.000000000008505 77.90386020054025
endloop
endfacet
facet normal 0.8660254037844378 -8.174360110754396e-15 0.5000000000000014
outer loop
vertex 25.34692070413269 -1.0000000000080294 76.50000000000209
vertex 23.82021114212647 -8.267949192439827 78.48964663816733
vertex 24.074544237156736 -8.585786437635495 78.15819329557064
endloop
endfacet
facet normal 0.8660254037844378 -8.174360110754396e-15 0.5000000000000014
outer loop
vertex 25.34692070413269 -1.0000000000080294 76.50000000000209
vertex 23.52403397993986 -8.068148347430691 78.87563223078503
vertex 23.82021114212647 -8.267949192439827 78.48964663816733
endloop
endfacet
facet normal 0.8660254037844378 -8.174360110754396e-15 0.5000000000000014
outer loop
vertex 25.34692070413269 -1.0000000000080294 76.50000000000209
vertex 23.28097861036097 -8.016034185169527 79.19238815542552
vertex 23.52403397993986 -8.068148347430691 78.87563223078503
endloop
endfacet
facet normal 0.8660254037844378 -8.174360110754396e-15 0.5000000000000014
outer loop
vertex 25.34692070413269 -1.0000000000080294 76.50000000000209
vertex 23.280978610360094 -1.000000000008943 79.19238815542718
vertex 23.28097861036097 -8.016034185169527 79.19238815542552
endloop
endfacet
facet normal 0.6087614290087605 -1.2449272448995007e-13 0.7933533402912045
outer loop
vertex 21.63765491266819 -10.517638090214493 80.4533547786502
vertex 21.583122662647156 -10.000000000009472 80.49519884580667
vertex 20.588590454936814 -15.000000000009791 81.2583302491964
endloop
endfacet
facet normal 0.6087614290086855 -9.654558273150459e-14 0.7933533402912623
outer loop
vertex 21.797535380011126 -11.000000000009408 80.33067418120726
vertex 21.63765491266819 -10.517638090214493 80.4533547786502
vertex 20.588590454936814 -15.000000000009791 81.2583302491964
endloop
endfacet
facet normal 0.7071067811865472 -7.80791014415936e-14 0.7071067811865479
outer loop
vertex 23.28097861036192 -15.000000000008946 79.19238815542381
vertex 21.797535380011126 -11.000000000009408 80.33067418120726
vertex 20.588590454936814 -15.000000000009791 81.2583302491964
endloop
endfacet
facet normal 0.7071067811865472 -7.80791014415936e-14 0.7071067811865479
outer loop
vertex 23.28097861036192 -15.000000000008946 79.19238815542381
vertex 22.051868475041424 -11.414213562382418 80.13551753345423
vertex 21.797535380011126 -11.000000000009408 80.33067418120726
endloop
endfacet
facet normal 0.7071067811865472 -7.80791014415936e-14 0.7071067811865479
outer loop
vertex 23.28097861036192 -15.000000000008946 79.19238815542381
vertex 22.383321817638116 -11.7320508075781 79.88118443842389
vertex 22.051868475041424 -11.414213562382418 80.13551753345423
endloop
endfacet
facet normal 0.7071067811865472 -7.80791014415936e-14 0.7071067811865479
outer loop
vertex 23.28097861036192 -15.000000000008946 79.19238815542381
vertex 22.769307410255735 -11.93185165258724 79.58500727623726
vertex 22.383321817638116 -11.7320508075781 79.88118443842389
endloop
endfacet
facet normal 0.7071067811865472 -7.80791014415936e-14 0.7071067811865479
outer loop
vertex 23.28097861036192 -15.000000000008946 79.19238815542381
vertex 23.183520972628862 -12.000000000008974 79.26717003104147
vertex 22.769307410255735 -11.93185165258724 79.58500727623726
endloop
endfacet
facet normal 0.7071067811865472 -7.80791014415936e-14 0.7071067811865479
outer loop
vertex 23.28097861036192 -15.000000000008946 79.19238815542381
vertex 23.28097861036152 -11.983965814848354 79.19238815542457
vertex 23.183520972628862 -12.000000000008974 79.26717003104147
endloop
endfacet
facet normal 0.7071067811865468 -7.801138486509222e-14 0.7071067811865483
outer loop
vertex 23.280978610360094 -1.000000000008943 79.19238815542718
vertex 20.58859045493497 -1.000000000009792 81.25833024919977
vertex 21.637654912668093 -9.48236190980441 80.45335477865046
endloop
endfacet
facet normal 0.6087614290086275 -1.2778944850121395e-13 0.7933533402913067
outer loop
vertex 21.637654912668093 -9.48236190980441 80.45335477865046
vertex 20.58859045493497 -1.000000000009792 81.25833024919977
vertex 21.583122662647156 -10.000000000009472 80.49519884580667
endloop
endfacet
facet normal 0.6087614290087208 -1.1178899766910905e-13 0.793353340291235
outer loop
vertex 21.583122662647156 -10.000000000009472 80.49519884580667
vertex 20.58859045493497 -1.000000000009792 81.25833024919977
vertex 20.588590454936814 -15.000000000009791 81.2583302491964
endloop
endfacet
facet normal 0.7071067811865468 -7.801138486509222e-14 0.7071067811865483
outer loop
vertex 23.280978610360094 -1.000000000008943 79.19238815542718
vertex 21.637654912668093 -9.48236190980441 80.45335477865046
vertex 21.797535380010867 -9.000000000009408 80.33067418120774
endloop
endfacet
facet normal 0.7071067811865468 -7.801138486509222e-14 0.7071067811865483
outer loop
vertex 23.280978610360094 -1.000000000008943 79.19238815542718
vertex 21.797535380010867 -9.000000000009408 80.33067418120774
vertex 22.051868475041058 -8.585786437636232 80.13551753345492
endloop
endfacet
facet normal 0.7071067811865468 -7.801138486509222e-14 0.7071067811865483
outer loop
vertex 23.280978610360094 -1.000000000008943 79.19238815542718
vertex 22.051868475041058 -8.585786437636232 80.13551753345492
vertex 22.38332181763768 -8.267949192440344 79.8811844384247
endloop
endfacet
facet normal 0.7071067811865468 -7.801138486509222e-14 0.7071067811865483
outer loop
vertex 23.280978610360094 -1.000000000008943 79.19238815542718
vertex 22.38332181763768 -8.267949192440344 79.8811844384247
vertex 22.76930741025529 -8.068148347430967 79.5850072762382
endloop
endfacet
facet normal 0.7071067811865468 -7.801138486509222e-14 0.7071067811865483
outer loop
vertex 23.280978610360094 -1.000000000008943 79.19238815542718
vertex 22.76930741025529 -8.068148347430967 79.5850072762382
vertex 23.18352097262839 -8.000000000008976 79.26717003104241
endloop
endfacet
facet normal 0.7071067811865468 -7.801138486509222e-14 0.7071067811865483
outer loop
vertex 23.280978610360094 -1.000000000008943 79.19238815542718
vertex 23.18352097262839 -8.000000000008976 79.26717003104241
vertex 23.28097861036097 -8.016034185169527 79.19238815542552
endloop
endfacet
facet normal 0.9657247549777771 0.06652808999680832 0.2508978096048058
outer loop
vertex 15.021889559684258 -10.51763809021375 73.83758942566622
vertex 14.973701401095502 -10.000000000008725 73.88577758425501
vertex 14.973701401096534 -18.000000000009234 76.00709792781274
endloop
endfacet
facet normal 0.9657247549777771 0.06652808999680832 0.2508978096048058
outer loop
vertex 14.973701401095502 -10.000000000008725 73.88577758425501
vertex 15.021889559684258 -10.51763809021375 73.83758942566622
vertex 14.995634944676778 -10.23561053054861 73.86384404067373
endloop
endfacet
facet normal 0.9657247549777771 0.06652808999680832 0.2508978096048058
outer loop
vertex 14.973701401095502 -10.000000000008725 73.88577758425501
vertex 14.995634944676778 -10.23561053054861 73.86384404067373
vertex 14.988173200548687 -10.155288588721376 73.87130578369403
endloop
endfacet
facet normal 0.9657247549777771 0.06652808999680832 0.2508978096048058
outer loop
vertex 14.973701401095502 -10.000000000008725 73.88577758425501
vertex 14.988173200548687 -10.155288588721376 73.87130578369403
vertex 14.983711570251081 -10.107209927954603 73.87576742217651
endloop
endfacet
facet normal 0.869045782049274 0.13368592979315178 0.47632709441906246
outer loop
vertex 15.16317009207717 -11.000000000008656 73.69630889327327
vertex 15.021889559684258 -10.51763809021375 73.83758942566622
vertex 14.973701401096534 -18.000000000009234 76.00709792781274
endloop
endfacet
facet normal 0.8294711558548556 0.15460595557831527 0.5367258146433111
outer loop
vertex 18.862788697622587 -18.000000000007283 69.99669028772708
vertex 15.16317009207717 -11.000000000008656 73.69630889327327
vertex 14.973701401096534 -18.000000000009234 76.00709792781274
endloop
endfacet
facet normal 0.869045782049274 0.13368592979315178 0.47632709441906246
outer loop
vertex 15.16317009207717 -11.000000000008656 73.69630889327327
vertex 18.862788697622587 -18.000000000007283 69.99669028772708
vertex 15.275542527773018 -11.207106781195154 73.58393645757741
endloop
endfacet
facet normal 0.8294711558548556 0.15460595557831527 0.5367258146433111
outer loop
vertex 15.275542527773018 -11.207106781195154 73.58393645757741
vertex 18.862788697622587 -18.000000000007283 69.99669028772708
vertex 15.387914963468821 -11.41421356238167 73.47156402188159
endloop
endfacet
facet normal 0.7071067811865467 -8.116160533126998e-14 0.7071067811865485
outer loop
vertex 18.862788697622587 -18.000000000007283 69.99669028772708
vertex 15.680808182282277 -11.73205080757734 73.17867080306803
vertex 15.387914963468821 -11.41421356238167 73.47156402188159
endloop
endfacet
facet normal 0.7071067811865467 -8.116160533126998e-14 0.7071067811865485
outer loop
vertex 15.680808182282277 -11.73205080757734 73.17867080306803
vertex 18.862788697622587 -18.000000000007283 69.99669028772708
vertex 16.021889559684414 -11.931851652586467 72.8375894256659
endloop
endfacet
facet normal 0.7071067811865467 -8.116160533126998e-14 0.7071067811865485
outer loop
vertex 16.021889559684414 -11.931851652586467 72.8375894256659
vertex 18.862788697622587 -18.000000000007283 69.99669028772708
vertex 16.387914963468873 -12.000000000008203 72.47156402188143
endloop
endfacet
facet normal 0.7071067811865467 -8.116160533126998e-14 0.7071067811865485
outer loop
vertex 16.387914963468873 -12.000000000008203 72.47156402188143
vertex 18.862788697622587 -18.000000000007283 69.99669028772708
vertex 16.753940367253293 -11.931851652586202 72.10553861809701
endloop
endfacet
facet normal 0.7071067811865467 -8.116160533126998e-14 0.7071067811865485
outer loop
vertex 16.753940367253293 -11.931851652586202 72.10553861809701
vertex 18.862788697622587 -18.000000000007283 69.99669028772708
vertex 17.09502174465541 -11.732050807576808 71.76445724069495
endloop
endfacet
facet normal 0.7071067811865467 -8.116160533126998e-14 0.7071067811865485
outer loop
vertex 17.09502174465541 -11.732050807576808 71.76445724069495
vertex 18.862788697622587 -18.000000000007283 69.99669028772708
vertex 17.38791496346882 -11.414213562380926 71.47156402188159
endloop
endfacet
facet normal 0.7071067811865467 -8.116160533126998e-14 0.7071067811865485
outer loop
vertex 17.38791496346882 -11.414213562380926 71.47156402188159
vertex 18.862788697622587 -18.000000000007283 69.99669028772708
vertex 17.612659834860338 -11.000000000007748 71.2468191504901
endloop
endfacet
facet normal 0.7071067811865467 -8.116160533126998e-14 0.7071067811865485
outer loop
vertex 17.612659834860338 -11.000000000007748 71.2468191504901
vertex 18.862788697622587 -18.000000000007283 69.99669028772708
vertex 17.75394036725313 -10.51763809021273 71.10553861809736
endloop
endfacet
facet normal 0.7071067811865467 -8.116160533126998e-14 0.7071067811865485
outer loop
vertex 17.75394036725313 -10.51763809021273 71.10553861809736
vertex 18.862788697622587 -18.000000000007283 69.99669028772708
vertex 17.802128525841695 -10.00000000000768 71.05735045950884
endloop
endfacet
facet normal 0.7496113090126373 0.015036496777725453 0.6617074800582308
outer loop
vertex 13.913041229314821 -3.0000000000091256 74.94643775603654
vertex 15.387914963468411 -8.58578643763548 73.47156402188227
vertex 18.862788697620672 -3.0000000000072897 69.9966902877307
endloop
endfacet
facet normal 0.7071067811865467 -8.116160533126998e-14 0.7071067811865485
outer loop
vertex 15.387914963468411 -8.58578643763548 73.47156402188227
vertex 13.913041229314821 -3.0000000000091256 74.94643775603654
vertex 15.163170092076927 -9.000000000008656 73.69630889327377
endloop
endfacet
facet normal 0.7071067811865467 -8.116160533126998e-14 0.7071067811865485
outer loop
vertex 15.163170092076927 -9.000000000008656 73.69630889327377
vertex 13.913041229314821 -3.0000000000091256 74.94643775603654
vertex 15.021889559684151 -9.482361909803664 73.83758942566651
endloop
endfacet
facet normal 0.7071067811865467 -8.116160533126998e-14 0.7071067811865485
outer loop
vertex 18.862788697620672 -3.0000000000072897 69.9966902877307
vertex 15.387914963468411 -8.58578643763548 73.47156402188227
vertex 15.680808182281842 -8.267949192439588 73.17867080306888
endloop
endfacet
facet normal 0.7071067811865467 -8.116160533126998e-14 0.7071067811865485
outer loop
vertex 18.862788697620672 -3.0000000000072897 69.9966902877307
vertex 15.680808182281842 -8.267949192439588 73.17867080306888
vertex 16.021889559683927 -8.068148347430194 72.83758942566682
endloop
endfacet
facet normal 0.7071067811865467 -8.116160533126998e-14 0.7071067811865485
outer loop
vertex 18.862788697620672 -3.0000000000072897 69.9966902877307
vertex 16.021889559683927 -8.068148347430194 72.83758942566682
vertex 16.38791496346837 -8.000000000008205 72.4715640218824
endloop
endfacet
facet normal 0.7071067811865467 -8.116160533126998e-14 0.7071067811865485
outer loop
vertex 18.862788697620672 -3.0000000000072897 69.9966902877307
vertex 16.38791496346837 -8.000000000008205 72.4715640218824
vertex 16.75394036725282 -8.068148347429927 72.10553861809794
endloop
endfacet
facet normal 0.7071067811865467 -8.116160533126998e-14 0.7071067811865485
outer loop
vertex 18.862788697620672 -3.0000000000072897 69.9966902877307
vertex 16.75394036725282 -8.068148347429927 72.10553861809794
vertex 17.095021744654968 -8.267949192439056 71.76445724069579
endloop
endfacet
facet normal 0.7071067811865467 -8.116160533126998e-14 0.7071067811865485
outer loop
vertex 18.862788697620672 -3.0000000000072897 69.9966902877307
vertex 17.095021744654968 -8.267949192439056 71.76445724069579
vertex 17.387914963468464 -8.585786437634736 71.47156402188227
endloop
endfacet
facet normal 0.7071067811865467 -8.116160533126998e-14 0.7071067811865485
outer loop
vertex 18.862788697620672 -3.0000000000072897 69.9966902877307
vertex 17.387914963468464 -8.585786437634736 71.47156402188227
vertex 17.612659834860093 -9.00000000000775 71.2468191504906
endloop
endfacet
facet normal 0.7071067811865467 -8.116160533126998e-14 0.7071067811865485
outer loop
vertex 18.862788697620672 -3.0000000000072897 69.9966902877307
vertex 17.612659834860093 -9.00000000000775 71.2468191504906
vertex 17.75394036725304 -9.482361909802647 71.10553861809761
endloop
endfacet
facet normal 0.7071067811865467 -8.116160533126998e-14 0.7071067811865485
outer loop
vertex 18.862788697620672 -3.0000000000072897 69.9966902877307
vertex 17.75394036725304 -9.482361909802647 71.10553861809761
vertex 17.802128525841695 -10.00000000000768 71.05735045950884
endloop
endfacet
facet normal 0.7071067811865467 -8.116160533126998e-14 0.7071067811865485
outer loop
vertex 18.862788697620672 -3.0000000000072897 69.9966902877307
vertex 17.802128525841695 -10.00000000000768 71.05735045950884
vertex 18.862788697622587 -18.000000000007283 69.99669028772708
endloop
endfacet
facet normal 0.8903370698722258 0.07549352173029017 0.44899958818254804
outer loop
vertex 15.021889559684151 -9.482361909803664 73.83758942566651
vertex 13.913041229314821 -3.0000000000091256 74.94643775603654
vertex 14.973701401096534 -18.000000000009234 76.00709792781274
endloop
endfacet
facet normal 0.8726165397146975 -0.12518200972462243 -0.4720909224478399
outer loop
vertex 14.973701401096534 -18.000000000009234 76.00709792781274
vertex 14.9955902359202 -9.764869731788277 73.86388874943606
vertex 15.021889559684151 -9.482361909803664 73.83758942566651
endloop
endfacet
facet normal 0.8726165397146975 -0.12518200972462243 -0.4720909224478399
outer loop
vertex 14.9955902359202 -9.764869731788277 73.86388874943606
vertex 14.973701401096534 -18.000000000009234 76.00709792781274
vertex 14.973701401095502 -10.000000000008725 73.88577758425501
endloop
endfacet
facet normal -0.9196869237185914 -0.09202313877924209 -0.38171678541852244
outer loop
vertex 17.143209903243754 -9.482361909803908 75.95890976922612
vertex 17.095021744656187 -18.00000000000947 78.12841827137237
vertex 16.034361572874452 -3.0000000000093654 77.06775809959619
endloop
endfacet
facet normal -0.7071067811865469 8.114258902261707e-14 -0.7071067811865482
outer loop
vertex 16.034361572874452 -3.0000000000093654 77.06775809959619
vertex 17.284490435636553 -9.000000000008896 75.8176292368334
vertex 17.143209903243754 -9.482361909803908 75.95890976922612
endloop
endfacet
facet normal -0.7071067811865469 8.114258902261707e-14 -0.7071067811865482
outer loop
vertex 17.284490435636553 -9.000000000008896 75.8176292368334
vertex 16.034361572874452 -3.0000000000093654 77.06775809959619
vertex 17.50923530702807 -8.585786437635722 75.5928843654419
endloop
endfacet
facet normal -0.7071067811865469 8.114258902261707e-14 -0.7071067811865482
outer loop
vertex 17.50923530702807 -8.585786437635722 75.5928843654419
vertex 16.034361572874452 -3.0000000000093654 77.06775809959619
vertex 20.984109041180318 -3.000000000007532 72.11801063129035
endloop
endfacet
facet normal -0.7071067811865469 8.114258902261707e-14 -0.7071067811865482
outer loop
vertex 17.50923530702807 -8.585786437635722 75.5928843654419
vertex 20.984109041180318 -3.000000000007532 72.11801063129035
vertex 17.802128525841503 -8.26794919243983 75.29999114662851
endloop
endfacet
facet normal -0.7071067811865469 8.114258902261707e-14 -0.7071067811865482
outer loop
vertex 17.802128525841503 -8.26794919243983 75.29999114662851
vertex 20.984109041180318 -3.000000000007532 72.11801063129035
vertex 18.143209903243577 -8.068148347430435 74.95890976922648
endloop
endfacet
facet normal -0.7071067811865469 8.114258902261707e-14 -0.7071067811865482
outer loop
vertex 18.143209903243577 -8.068148347430435 74.95890976922648
vertex 20.984109041180318 -3.000000000007532 72.11801063129035
vertex 18.50923530702805 -8.000000000008438 74.59288436544202
endloop
endfacet
facet normal -0.7071067811865469 8.114258902261707e-14 -0.7071067811865482
outer loop
vertex 18.50923530702805 -8.000000000008438 74.59288436544202
vertex 20.984109041180318 -3.000000000007532 72.11801063129035
vertex 18.875260710812412 -8.06814834743017 74.22685896165758
endloop
endfacet
facet normal -0.7071067811865469 8.114258902261707e-14 -0.7071067811865482
outer loop
vertex 18.875260710812412 -8.06814834743017 74.22685896165758
vertex 20.984109041180318 -3.000000000007532 72.11801063129035
vertex 19.216342088214624 -8.267949192439303 73.88577758425544
endloop
endfacet
facet normal -0.7071067811865469 8.114258902261707e-14 -0.7071067811865482
outer loop
vertex 19.216342088214624 -8.267949192439303 73.88577758425544
vertex 20.984109041180318 -3.000000000007532 72.11801063129035
vertex 19.509235307028078 -8.585786437634978 73.59288436544192
endloop
endfacet
facet normal -0.7071067811865469 8.114258902261707e-14 -0.7071067811865482
outer loop
vertex 19.509235307028078 -8.585786437634978 73.59288436544192
vertex 20.984109041180318 -3.000000000007532 72.11801063129035
vertex 19.73398017841972 -9.000000000007983 73.36813949405023
endloop
endfacet
facet normal -0.7071067811865469 8.114258902261707e-14 -0.7071067811865482
outer loop
vertex 19.73398017841972 -9.000000000007983 73.36813949405023
vertex 20.984109041180318 -3.000000000007532 72.11801063129035
vertex 19.87526071081263 -9.482361909802894 73.22685896165724
endloop
endfacet
facet normal -0.7071067811865469 8.114258902261707e-14 -0.7071067811865482
outer loop
vertex 19.87526071081263 -9.482361909802894 73.22685896165724
vertex 20.984109041180318 -3.000000000007532 72.11801063129035
vertex 19.92344886940137 -10.000000000007919 73.17867080306847
endloop
endfacet
facet normal -0.7071067811865469 8.114258902261707e-14 -0.7071067811865482
outer loop
vertex 19.92344886940137 -10.000000000007919 73.17867080306847
vertex 20.984109041180318 -3.000000000007532 72.11801063129035
vertex 20.984109041182215 -18.000000000007525 72.11801063128671
endloop
endfacet
facet normal -0.7071067811865469 8.114258902261707e-14 -0.7071067811865482
outer loop
vertex 17.802128525841958 -11.732050807577583 75.29999114662768
vertex 20.984109041182215 -18.000000000007525 72.11801063128671
vertex 17.509235307028458 -11.41421356238191 75.59288436544122
endloop
endfacet
facet normal -0.7071067811865469 8.114258902261707e-14 -0.7071067811865482
outer loop
vertex 20.984109041182215 -18.000000000007525 72.11801063128671
vertex 17.802128525841958 -11.732050807577583 75.29999114662768
vertex 18.143209903244074 -11.931851652586708 74.95890976922554
endloop
endfacet
facet normal -0.7071067811865469 8.114258902261707e-14 -0.7071067811865482
outer loop
vertex 20.984109041182215 -18.000000000007525 72.11801063128671
vertex 18.143209903244074 -11.931851652586708 74.95890976922554
vertex 18.50923530702853 -12.000000000008436 74.5928843654411
endloop
endfacet
facet normal -0.7071067811865469 8.114258902261707e-14 -0.7071067811865482
outer loop
vertex 20.984109041182215 -18.000000000007525 72.11801063128671
vertex 18.50923530702853 -12.000000000008436 74.5928843654411
vertex 18.87526071081293 -11.931851652586438 74.22685896165666
endloop
endfacet
facet normal -0.7071067811865469 8.114258902261707e-14 -0.7071067811865482
outer loop
vertex 20.984109041182215 -18.000000000007525 72.11801063128671
vertex 18.87526071081293 -11.931851652586438 74.22685896165666
vertex 19.21634208821505 -11.732050807577057 73.8857775842546
endloop
endfacet
facet normal -0.7071067811865469 8.114258902261707e-14 -0.7071067811865482
outer loop
vertex 20.984109041182215 -18.000000000007525 72.11801063128671
vertex 19.21634208821505 -11.732050807577057 73.8857775842546
vertex 19.50923530702845 -11.414213562381166 73.59288436544124
endloop
endfacet
facet normal -0.7071067811865469 8.114258902261707e-14 -0.7071067811865482
outer loop
vertex 20.984109041182215 -18.000000000007525 72.11801063128671
vertex 19.50923530702845 -11.414213562381166 73.59288436544124
vertex 19.733980178419994 -11.000000000007985 73.36813949404973
endloop
endfacet
facet normal -0.7071067811865469 8.114258902261707e-14 -0.7071067811865482
outer loop
vertex 20.984109041182215 -18.000000000007525 72.11801063128671
vertex 19.733980178419994 -11.000000000007985 73.36813949404973
vertex 19.875260710812782 -10.517638090212975 73.22685896165697
endloop
endfacet
facet normal -0.7071067811865469 8.114258902261707e-14 -0.7071067811865482
outer loop
vertex 20.984109041182215 -18.000000000007525 72.11801063128671
vertex 19.875260710812782 -10.517638090212975 73.22685896165697
vertex 19.92344886940137 -10.000000000007919 73.17867080306847
endloop
endfacet
facet normal -0.8726165397143352 0.12518200972474064 0.472090922448478
outer loop
vertex 17.143209903243754 -9.482361909803908 75.95890976922612
vertex 17.09502174465516 -10.000000000008965 76.00709792781466
vertex 17.095021744656187 -18.00000000000947 78.12841827137237
endloop
endfacet
facet normal -0.8294709892178072 -0.1546072337682359 -0.5367257039797575
outer loop
vertex 17.284490435636783 -11.000000000008896 75.81762923683291
vertex 20.984109041182215 -18.000000000007525 72.11801063128671
vertex 17.095021744656187 -18.00000000000947 78.12841827137237
endloop
endfacet
facet normal -0.8294709892178072 -0.1546072337682359 -0.5367257039797575
outer loop
vertex 20.984109041182215 -18.000000000007525 72.11801063128671
vertex 17.284490435636783 -11.000000000008896 75.81762923683291
vertex 17.509235307028458 -11.41421356238191 75.59288436544122
endloop
endfacet
facet normal -0.8824860505483854 -0.12572834443000944 -0.45322263182061195
outer loop
vertex 17.284490435636783 -11.000000000008896 75.81762923683291
vertex 17.095021744656187 -18.00000000000947 78.12841827137237
vertex 17.1432099032439 -10.51763809021399 75.95890976922588
endloop
endfacet
facet normal -0.9540010611016206 -0.07780547525993338 -0.2895311441564756
outer loop
vertex 17.1432099032439 -10.51763809021399 75.95890976922588
vertex 17.095021744656187 -18.00000000000947 78.12841827137237
vertex 17.09502174465516 -10.000000000008965 76.00709792781466
endloop
endfacet
facet normal 0.707106781186549 2.6182159238052606e-13 -0.7071067811865461
outer loop
vertex 13.913041229314821 -3.0000000000091256 74.94643775603654
vertex 17.095021744656187 -18.00000000000947 78.12841827137237
vertex 14.973701401096534 -18.000000000009234 76.00709792781274
endloop
endfacet
facet normal 0.707106781186549 2.6182159238052606e-13 -0.7071067811865461
outer loop
vertex 17.095021744656187 -18.00000000000947 78.12841827137237
vertex 13.913041229314821 -3.0000000000091256 74.94643775603654
vertex 16.034361572874452 -3.0000000000093654 77.06775809959619
endloop
endfacet
facet normal 1.2008366920174987e-13 -1.0 -2.3428741092318764e-13
outer loop
vertex 18.50923530702805 -8.000000000008438 74.59288436544202
vertex 22.76930741025529 -8.068148347430967 79.5850072762382
vertex 18.143209903243577 -8.068148347430435 74.95890976922648
endloop
endfacet
facet normal 0.17584363743857184 -0.968585582354345 -0.17584363743868148
outer loop
vertex 22.76930741025529 -8.068148347430967 79.5850072762382
vertex 18.50923530702805 -8.000000000008438 74.59288436544202
vertex 23.18352097262839 -8.000000000008976 79.26717003104241
endloop
endfacet
facet normal -0.6824975897026252 0.26152261871620625 0.6824975897026488
outer loop
vertex 24.392381482352793 -10.517638090213486 77.74397973319702
vertex 19.733980178419994 -11.000000000007985 73.36813949404973
vertex 24.269700884910016 -11.000000000008507 77.90386020053975
endloop
endfacet
facet normal -0.612372435695856 0.4999999999997827 0.6123724356959106
outer loop
vertex 19.733980178419994 -11.000000000007985 73.36813949404973
vertex 24.392381482352793 -10.517638090213486 77.74397973319702
vertex 19.875260710812782 -10.517638090212975 73.22685896165697
endloop
endfacet
facet normal -0.707106781186551 -2.643565300300124e-13 0.7071067811865441
outer loop
vertex 24.43422554950904 -10.000000000008432 77.6894474831762
vertex 19.875260710812782 -10.517638090212975 73.22685896165697
vertex 24.392381482352793 -10.517638090213486 77.74397973319702
endloop
endfacet
facet normal -0.6830127018922604 0.2588190451022428 0.6830127018922837
outer loop
vertex 19.875260710812782 -10.517638090212975 73.22685896165697
vertex 24.43422554950904 -10.000000000008432 77.6894474831762
vertex 19.92344886940137 -10.000000000007919 73.17867080306847
endloop
endfacet
facet normal -1.2983794897500587e-13 1.0 2.448731020768675e-13
outer loop
vertex 18.50923530702853 -12.000000000008436 74.5928843654411
vertex 23.52403397994032 -11.93185165258697 78.87563223078408
vertex 18.87526071081293 -11.931851652586438 74.22685896165666
endloop
endfacet
facet normal -0.1758436374385648 0.9685855823543476 0.17584363743867443
outer loop
vertex 23.52403397994032 -11.93185165258697 78.87563223078408
vertex 18.50923530702853 -12.000000000008436 74.5928843654411
vertex 23.183520972628862 -12.000000000008974 79.26717003104147
endloop
endfacet
facet normal -0.1758436374385648 0.9685855823543476 0.17584363743867443
outer loop
vertex 23.52403397994032 -11.93185165258697 78.87563223078408
vertex 23.183520972628862 -12.000000000008974 79.26717003104147
vertex 23.28097861036152 -11.983965814848354 79.19238815542457
endloop
endfacet
facet normal 0.6830127018922558 -0.25881904510226006 -0.6830127018922817
outer loop
vertex 17.143209903243754 -9.482361909803908 75.95890976922612
vertex 21.583122662647156 -10.000000000009472 80.49519884580667
vertex 17.09502174465516 -10.000000000008965 76.00709792781466
endloop
endfacet
facet normal 0.7071067811865496 2.553126591125104e-13 -0.7071067811865456
outer loop
vertex 21.583122662647156 -10.000000000009472 80.49519884580667
vertex 17.143209903243754 -9.482361909803908 75.95890976922612
vertex 21.637654912668093 -9.48236190980441 80.45335477865046
endloop
endfacet
facet normal 0.3477923818488654 0.8706784241359478 -0.34779238184876293
outer loop
vertex 22.383321817638116 -11.7320508075781 79.88118443842389
vertex 18.143209903244074 -11.931851652586708 74.95890976922554
vertex 17.802128525841958 -11.732050807577583 75.29999114662768
endloop
endfacet
facet normal 0.18301270189210506 0.965925826289133 -0.18301270189199245
outer loop
vertex 18.143209903244074 -11.931851652586708 74.95890976922554
vertex 22.383321817638116 -11.7320508075781 79.88118443842389
vertex 22.769307410255735 -11.93185165258724 79.58500727623726
endloop
endfacet
facet normal -0.496158526344661 -0.7124980234857305 0.4961585263445765
outer loop
vertex 24.074544237156736 -8.585786437635495 78.15819329557064
vertex 19.73398017841972 -9.000000000007983 73.36813949405023
vertex 24.269700884909756 -9.000000000008505 77.90386020054025
endloop
endfacet
facet normal -0.6123724356957171 -0.5000000000002607 0.6123724356956591
outer loop
vertex 19.73398017841972 -9.000000000007983 73.36813949405023
vertex 24.074544237156736 -8.585786437635495 78.15819329557064
vertex 19.509235307028078 -8.585786437634978 73.59288436544192
endloop
endfacet
facet normal -0.6824975897025527 -0.2615226187167289 0.682497589702521
outer loop
vertex 24.39238148235269 -9.482361909803405 77.74397973319728
vertex 19.92344886940137 -10.000000000007919 73.17867080306847
vertex 24.43422554950904 -10.000000000008432 77.6894474831762
endloop
endfacet
facet normal -0.707106781186551 -2.626527477213454e-13 0.7071067811865441
outer loop
vertex 19.92344886940137 -10.000000000007919 73.17867080306847
vertex 24.39238148235269 -9.482361909803405 77.74397973319728
vertex 19.87526071081263 -9.482361909802894 73.22685896165724
endloop
endfacet
facet normal 0.18301270189234733 -0.9659258262889993 -0.18301270189245666
outer loop
vertex 18.143209903243577 -8.068148347430435 74.95890976922648
vertex 22.38332181763768 -8.267949192440344 79.8811844384247
vertex 17.802128525841503 -8.26794919243983 75.29999114662851
endloop
endfacet
facet normal 0.3477923818490823 -0.8706784241356949 -0.34779238184917927
outer loop
vertex 22.38332181763768 -8.267949192440344 79.8811844384247
vertex 18.143209903243577 -8.068148347430435 74.95890976922648
vertex 22.76930741025529 -8.068148347430967 79.5850072762382
endloop
endfacet
facet normal -0.34779238184908556 0.8706784241356922 0.347792381849183
outer loop
vertex 23.82021114212692 -11.732050807577577 78.48964663816649
vertex 19.50923530702845 -11.414213562381166 73.59288436544124
vertex 19.21634208821505 -11.732050807577057 73.8857775842546
endloop
endfacet
facet normal -0.5000000000000898 0.7071067811863646 0.5000000000001689
outer loop
vertex 19.50923530702845 -11.414213562381166 73.59288436544124
vertex 23.82021114212692 -11.732050807577577 78.48964663816649
vertex 24.07454423715712 -11.414213562381684 78.15819329556993
endloop
endfacet
facet normal -0.6104508181768171 -0.504677716146236 0.6104508181767585
outer loop
vertex 24.269700884909756 -9.000000000008505 77.90386020054025
vertex 19.87526071081263 -9.482361909802894 73.22685896165724
vertex 24.39238148235269 -9.482361909803405 77.74397973319728
endloop
endfacet
facet normal -0.6830127018921888 -0.25881904510276593 0.6830127018921572
outer loop
vertex 19.87526071081263 -9.482361909802894 73.22685896165724
vertex 24.269700884909756 -9.000000000008505 77.90386020054025
vertex 19.73398017841972 -9.000000000007983 73.36813949405023
endloop
endfacet
facet normal 0.17584363743833156 0.9685855823544727 -0.1758436374382187
outer loop
vertex 22.769307410255735 -11.93185165258724 79.58500727623726
vertex 18.50923530702853 -12.000000000008436 74.5928843654411
vertex 18.143209903244074 -11.931851652586708 74.95890976922554
endloop
endfacet
facet normal -1.2983794897500587e-13 1.0 2.448731020768675e-13
outer loop
vertex 18.50923530702853 -12.000000000008436 74.5928843654411
vertex 22.769307410255735 -11.93185165258724 79.58500727623726
vertex 23.183520972628862 -12.000000000008974 79.26717003104147
endloop
endfacet
facet normal -0.496158526344661 -0.7124980234857305 0.4961585263445765
outer loop
vertex 24.074544237156736 -8.585786437635495 78.15819329557064
vertex 19.216342088214624 -8.267949192439303 73.88577758425544
vertex 19.509235307028078 -8.585786437634978 73.59288436544192
endloop
endfacet
facet normal -0.35355339059316876 -0.8660254037845657 0.35355339059306773
outer loop
vertex 19.216342088214624 -8.267949192439303 73.88577758425544
vertex 24.074544237156736 -8.585786437635495 78.15819329557064
vertex 23.82021114212647 -8.267949192439827 78.48964663816733
endloop
endfacet
facet normal 0.7071067811865496 2.5716350402562696e-13 -0.7071067811865456
outer loop
vertex 17.09502174465516 -10.000000000008965 76.00709792781466
vertex 21.63765491266819 -10.517638090214493 80.4533547786502
vertex 17.1432099032439 -10.51763809021399 75.95890976922588
endloop
endfacet
facet normal 0.6824975897025535 0.26152261871673005 -0.6824975897025196
outer loop
vertex 21.63765491266819 -10.517638090214493 80.4533547786502
vertex 17.09502174465516 -10.000000000008965 76.00709792781466
vertex 21.583122662647156 -10.000000000009472 80.49519884580667
endloop
endfacet
facet normal -0.1758436374385648 0.9685855823543476 0.17584363743867443
outer loop
vertex 23.52403397994032 -11.93185165258697 78.87563223078408
vertex 19.21634208821505 -11.732050807577057 73.8857775842546
vertex 18.87526071081293 -11.931851652586438 74.22685896165666
endloop
endfacet
facet normal -0.3535533905933848 0.8660254037843086 0.3535533905934816
outer loop
vertex 19.21634208821505 -11.732050807577057 73.8857775842546
vertex 23.52403397994032 -11.93185165258697 78.87563223078408
vertex 23.82021114212692 -11.732050807577577 78.48964663816649
endloop
endfacet
facet normal 0.35355339059338314 -0.86602540378431 -0.3535533905934796
outer loop
vertex 17.802128525841503 -8.26794919243983 75.29999114662851
vertex 22.051868475041058 -8.585786437636232 80.13551753345492
vertex 17.50923530702807 -8.585786437635722 75.5928843654419
endloop
endfacet
facet normal 0.4961585263448422 -0.7124980234853655 -0.4961585263449196
outer loop
vertex 22.051868475041058 -8.585786437636232 80.13551753345492
vertex 17.802128525841503 -8.26794919243983 75.29999114662851
vertex 22.38332181763768 -8.267949192440344 79.8811844384247
endloop
endfacet
facet normal -0.610450818176956 0.5046777161457623 0.6104508181770112
outer loop
vertex 24.269700884910016 -11.000000000008507 77.90386020053975
vertex 19.50923530702845 -11.414213562381166 73.59288436544124
vertex 24.07454423715712 -11.414213562381684 78.15819329556993
endloop
endfacet
facet normal -0.5000000000000898 0.7071067811863646 0.5000000000001689
outer loop
vertex 19.50923530702845 -11.414213562381166 73.59288436544124
vertex 24.269700884910016 -11.000000000008507 77.90386020053975
vertex 19.733980178419994 -11.000000000007985 73.36813949404973
endloop
endfacet
facet normal -0.17584363743831946 -0.9685855823544768 0.17584363743820838
outer loop
vertex 23.52403397993986 -8.068148347430691 78.87563223078503
vertex 18.50923530702805 -8.000000000008438 74.59288436544202
vertex 18.875260710812412 -8.06814834743017 74.22685896165758
endloop
endfacet
facet normal 1.2008366920174987e-13 -1.0 -2.3428741092318764e-13
outer loop
vertex 18.50923530702805 -8.000000000008438 74.59288436544202
vertex 23.52403397993986 -8.068148347430691 78.87563223078503
vertex 23.18352097262839 -8.000000000008976 79.26717003104241
endloop
endfacet
facet normal -0.007691620554215558 -0.9999408372231339 0.007691620554101328
outer loop
vertex 23.18352097262839 -8.000000000008976 79.26717003104241
vertex 23.52403397993986 -8.068148347430691 78.87563223078503
vertex 23.28097861036097 -8.016034185169527 79.19238815542552
endloop
endfacet
facet normal 0.6123724356958654 -0.49999999999976225 -0.612372435695918
outer loop
vertex 17.284490435636553 -9.000000000008896 75.8176292368334
vertex 22.051868475041058 -8.585786437636232 80.13551753345492
vertex 21.797535380010867 -9.000000000009408 80.33067418120774
endloop
endfacet
facet normal 0.4961585263448422 -0.7124980234853655 -0.4961585263449196
outer loop
vertex 22.051868475041058 -8.585786437636232 80.13551753345492
vertex 17.284490435636553 -9.000000000008896 75.8176292368334
vertex 17.50923530702807 -8.585786437635722 75.5928843654419
endloop
endfacet
facet normal 0.4999999999999091 0.7071067811867353 -0.4999999999998253
outer loop
vertex 17.509235307028458 -11.41421356238191 75.59288436544122
vertex 22.383321817638116 -11.7320508075781 79.88118443842389
vertex 17.802128525841958 -11.732050807577583 75.29999114662768
endloop
endfacet
facet normal 0.3477923818488654 0.8706784241359478 -0.34779238184876293
outer loop
vertex 22.383321817638116 -11.7320508075781 79.88118443842389
vertex 17.509235307028458 -11.41421356238191 75.59288436544122
vertex 22.051868475041424 -11.414213562382418 80.13551753345423
endloop
endfacet
facet normal 0.6123724356958654 -0.49999999999976225 -0.612372435695918
outer loop
vertex 17.284490435636553 -9.000000000008896 75.8176292368334
vertex 21.637654912668093 -9.48236190980441 80.45335477865046
vertex 17.143209903243754 -9.482361909803908 75.95890976922612
endloop
endfacet
facet normal 0.6824975897026202 -0.26152261871622556 -0.6824975897026464
outer loop
vertex 21.637654912668093 -9.48236190980441 80.45335477865046
vertex 17.284490435636553 -9.000000000008896 75.8176292368334
vertex 21.797535380010867 -9.000000000009408 80.33067418120774
endloop
endfacet
facet normal 0.612372435695735 0.5000000000002195 -0.612372435695675
outer loop
vertex 17.284490435636783 -11.000000000008896 75.81762923683291
vertex 22.051868475041424 -11.414213562382418 80.13551753345423
vertex 17.509235307028458 -11.41421356238191 75.59288436544122
endloop
endfacet
facet normal 0.49615852634466057 0.712498023485731 -0.4961585263445762
outer loop
vertex 22.051868475041424 -11.414213562382418 80.13551753345423
vertex 17.284490435636783 -11.000000000008896 75.81762923683291
vertex 21.797535380011126 -11.000000000009408 80.33067418120726
endloop
endfacet
facet normal 0.612372435695735 0.5000000000002195 -0.612372435695675
outer loop
vertex 17.284490435636783 -11.000000000008896 75.81762923683291
vertex 21.63765491266819 -10.517638090214493 80.4533547786502
vertex 21.797535380011126 -11.000000000009408 80.33067418120726
endloop
endfacet
facet normal 0.6824975897025535 0.26152261871673005 -0.6824975897025196
outer loop
vertex 21.63765491266819 -10.517638090214493 80.4533547786502
vertex 17.284490435636783 -11.000000000008896 75.81762923683291
vertex 17.1432099032439 -10.51763809021399 75.95890976922588
endloop
endfacet
facet normal -0.35355339059316876 -0.8660254037845657 0.35355339059306773
outer loop
vertex 19.216342088214624 -8.267949192439303 73.88577758425544
vertex 23.52403397993986 -8.068148347430691 78.87563223078503
vertex 18.875260710812412 -8.06814834743017 74.22685896165758
endloop
endfacet
facet normal -0.17584363743831946 -0.9685855823544768 0.17584363743820838
outer loop
vertex 23.52403397993986 -8.068148347430691 78.87563223078503
vertex 19.216342088214624 -8.267949192439303 73.88577758425544
vertex 23.82021114212647 -8.267949192439827 78.48964663816733
endloop
endfacet
facet normal 1.2879290301669756e-13 -1.0 -2.4186424694387583e-13
outer loop
vertex 17.85075779461451 -18.000000000002405 49.267269911843485
vertex -6.229926070844232 -18.00000000001135 73.44433009447947
vertex -6.644139633217337 -18.000000000011482 73.76216733967526
endloop
endfacet
facet normal 1.2879290301669756e-13 -1.0 -2.4186424694387583e-13
outer loop
vertex -6.229926070844232 -18.00000000001135 73.44433009447947
vertex 17.85075779461451 -18.000000000002405 49.267269911843485
vertex 17.53292054941874 -18.000000000002544 49.68148347421659
endloop
endfacet
facet normal 1.2879290301669756e-13 -1.0 -2.4186424694387583e-13
outer loop
vertex -6.229926070844232 -18.00000000001135 73.44433009447947
vertex 17.53292054941874 -18.000000000002544 49.68148347421659
vertex -5.747564161049281 -18.000000000011237 73.24452924947022
endloop
endfacet
facet normal 1.2879290301669756e-13 -1.0 -2.4186424694387583e-13
outer loop
vertex -5.747564161049281 -18.000000000011237 73.24452924947022
vertex 17.53292054941874 -18.000000000002544 49.68148347421659
vertex 17.33311970440947 -18.000000000002686 50.163845384011545
endloop
endfacet
facet normal 1.2879290301669756e-13 -1.0 -2.4186424694387583e-13
outer loop
vertex -5.747564161049281 -18.000000000011237 73.24452924947022
vertex 17.33311970440947 -18.000000000002686 50.163845384011545
vertex -5.229926070844205 -18.00000000001116 73.17638090204835
endloop
endfacet
facet normal 1.2879290301669756e-13 -1.0 -2.4186424694387583e-13
outer loop
vertex -5.229926070844205 -18.00000000001116 73.17638090204835
vertex 17.33311970440947 -18.000000000002686 50.163845384011545
vertex 17.264971356987612 -18.000000000002807 50.6814834742166
endloop
endfacet
facet normal 1.2879290301669756e-13 -1.0 -2.4186424694387583e-13
outer loop
vertex -5.229926070844205 -18.00000000001116 73.17638090204835
vertex 17.264971356987612 -18.000000000002807 50.6814834742166
vertex -4.712287980639193 -18.00000000001111 73.24452924947022
endloop
endfacet
facet normal 1.2879290301669756e-13 -1.0 -2.4186424694387583e-13
outer loop
vertex -4.712287980639193 -18.00000000001111 73.24452924947022
vertex 17.264971356987612 -18.000000000002807 50.6814834742166
vertex 17.333119704409487 -18.00000000000293 51.199121564421645
endloop
endfacet
facet normal 1.2879290301669756e-13 -1.0 -2.4186424694387583e-13
outer loop
vertex -4.712287980639193 -18.00000000001111 73.24452924947022
vertex 17.333119704409487 -18.00000000000293 51.199121564421645
vertex -4.2299260708442015 -18.000000000011095 73.44433009447948
endloop
endfacet
facet normal 1.2879290301669756e-13 -1.0 -2.4186424694387583e-13
outer loop
vertex -4.2299260708442015 -18.000000000011095 73.44433009447948
vertex 17.333119704409487 -18.00000000000293 51.199121564421645
vertex 17.532920549418723 -18.000000000003045 51.6814834742166
endloop
endfacet
facet normal 1.2879290301669756e-13 -1.0 -2.4186424694387583e-13
outer loop
vertex -4.2299260708442015 -18.000000000011095 73.44433009447948
vertex 17.532920549418723 -18.000000000003045 51.6814834742166
vertex -3.8157125084711403 -18.000000000011116 73.76216733967526
endloop
endfacet
facet normal 1.2879290301669756e-13 -1.0 -2.4186424694387583e-13
outer loop
vertex -3.8157125084711403 -18.000000000011116 73.76216733967526
vertex 17.532920549418723 -18.000000000003045 51.6814834742166
vertex 17.850757794614502 -18.000000000003084 52.095697036589705
endloop
endfacet
facet normal 1.2879290301669756e-13 -1.0 -2.4186424694387583e-13
outer loop
vertex -3.8157125084711403 -18.000000000011116 73.76216733967526
vertex 17.850757794614502 -18.000000000003084 52.095697036589705
vertex -3.497875263275338 -18.000000000011163 74.17638090204838
endloop
endfacet
facet normal 1.2879290301669756e-13 -1.0 -2.4186424694387583e-13
outer loop
vertex -3.497875263275338 -18.000000000011163 74.17638090204838
vertex 17.850757794614502 -18.000000000003084 52.095697036589705
vertex 18.264971356987598 -18.000000000003112 52.413534281785445
endloop
endfacet
facet normal 1.2879290301669756e-13 -1.0 -2.4186424694387583e-13
outer loop
vertex -3.497875263275338 -18.000000000011163 74.17638090204838
vertex 18.264971356987598 -18.000000000003112 52.413534281785445
vertex 18.747333266782572 -18.00000000000309 52.61333512679472
endloop
endfacet
facet normal 1.2879290301669756e-13 -1.0 -2.4186424694387583e-13
outer loop
vertex -3.497875263275338 -18.000000000011163 74.17638090204838
vertex 18.747333266782572 -18.00000000000309 52.61333512679472
vertex -3.2980744182660775 -18.00000000001125 74.65874281184334
endloop
endfacet
facet normal 1.2879290301669756e-13 -1.0 -2.4186424694387583e-13
outer loop
vertex -3.2980744182660775 -18.00000000001125 74.65874281184334
vertex 18.747333266782572 -18.00000000000309 52.61333512679472
vertex 19.2649713569876 -18.000000000003045 52.68148347421659
endloop
endfacet
facet normal 1.2879290301669756e-13 -1.0 -2.4186424694387583e-13
outer loop
vertex -3.2980744182660775 -18.00000000001125 74.65874281184334
vertex 19.2649713569876 -18.000000000003045 52.68148347421659
vertex -3.229926070844206 -18.0000000000114 75.17638090204838
endloop
endfacet
facet normal 1.2879290301669756e-13 -1.0 -2.4186424694387583e-13
outer loop
vertex -3.229926070844206 -18.0000000000114 75.17638090204838
vertex 19.2649713569876 -18.000000000003045 52.68148347421659
vertex 19.782609447192662 -18.000000000002963 52.6133351267947
endloop
endfacet
facet normal 1.2879290301669756e-13 -1.0 -2.4186424694387583e-13
outer loop
vertex -3.229926070844206 -18.0000000000114 75.17638090204838
vertex 19.782609447192662 -18.000000000002963 52.6133351267947
vertex -3.2980744182661 -18.000000000011497 75.6940189922534
endloop
endfacet
facet normal 1.2879290301669756e-13 -1.0 -2.4186424694387583e-13
outer loop
vertex -3.2980744182661 -18.000000000011497 75.6940189922534
vertex 19.782609447192662 -18.000000000002963 52.6133351267947
vertex -3.4978752632753576 -18.00000000001166 76.17638090204838
endloop
endfacet
facet normal 1.2879290301669756e-13 -1.0 -2.4186424694387583e-13
outer loop
vertex -3.4978752632753576 -18.00000000001166 76.17638090204838
vertex 19.782609447192662 -18.000000000002963 52.6133351267947
vertex 20.264971356987594 -18.000000000002856 52.41353428178547
endloop
endfacet
facet normal 1.2879290301669756e-13 -1.0 -2.4186424694387583e-13
outer loop
vertex -3.4978752632753576 -18.00000000001166 76.17638090204838
vertex 20.264971356987594 -18.000000000002856 52.41353428178547
vertex 20.67918491936072 -18.000000000002707 52.09569703658967
endloop
endfacet
facet normal 1.2879290301669756e-13 -1.0 -2.4186424694387583e-13
outer loop
vertex -3.4978752632753576 -18.00000000001166 76.17638090204838
vertex 20.67918491936072 -18.000000000002707 52.09569703658967
vertex -3.8157125084711514 -18.000000000011802 76.59059446442146
endloop
endfacet
facet normal 1.2879290301669756e-13 -1.0 -2.4186424694387583e-13
outer loop
vertex 40.0757610244462 -18.00000000000474 70.81667973602954
vertex 26.816512516295035 -18.00000000000934 82.72792206135584
vertex 40.07576102444622 -18.00000000000436 69.18332026396686
endloop
endfacet
facet normal 1.2879290301669756e-13 -1.0 -2.4186424694387583e-13
outer loop
vertex 26.816512516295035 -18.00000000000934 82.72792206135584
vertex 40.0757610244462 -18.00000000000474 70.81667973602954
vertex 27.230726078668084 -18.000000000009205 82.41008481616004
endloop
endfacet
facet normal 1.2879290301669756e-13 -1.0 -2.4186424694387583e-13
outer loop
vertex 27.230726078668084 -18.000000000009205 82.41008481616004
vertex 40.0757610244462 -18.00000000000474 70.81667973602954
vertex 27.71308798846307 -18.000000000009102 82.2102839711508
endloop
endfacet
facet normal 1.2879290301669756e-13 -1.0 -2.4186424694387583e-13
outer loop
vertex 27.71308798846307 -18.000000000009102 82.2102839711508
vertex 40.0757610244462 -18.00000000000474 70.81667973602954
vertex 28.230726078668148 -18.000000000008995 82.14213562372895
endloop
endfacet
facet normal 1.2879290301669756e-13 -1.0 -2.4186424694387583e-13
outer loop
vertex 28.230726078668148 -18.000000000008995 82.14213562372895
vertex 40.0757610244462 -18.00000000000474 70.81667973602954
vertex 28.748364168873117 -18.000000000008967 82.2102839711508
endloop
endfacet
facet normal 1.2879290301669756e-13 -1.0 -2.4186424694387583e-13
outer loop
vertex 28.748364168873117 -18.000000000008967 82.2102839711508
vertex 40.0757610244462 -18.00000000000474 70.81667973602954
vertex 39.97320153461725 -18.000000000005162 72.44681614627956
endloop
endfacet
facet normal 1.2879290301669756e-13 -1.0 -2.4186424694387583e-13
outer loop
vertex 28.748364168873117 -18.000000000008967 82.2102839711508
vertex 39.97320153461725 -18.000000000005162 72.44681614627956
vertex 29.23072607866808 -18.00000000000895 82.41008481616008
endloop
endfacet
facet normal 1.2879290301669756e-13 -1.0 -2.4186424694387583e-13
outer loop
vertex 29.23072607866808 -18.00000000000895 82.41008481616008
vertex 39.97320153461725 -18.000000000005162 72.44681614627956
vertex 29.64493964104119 -18.000000000008978 82.72792206135587
endloop
endfacet
facet normal 1.2879290301669756e-13 -1.0 -2.4186424694387583e-13
outer loop
vertex 29.64493964104119 -18.000000000008978 82.72792206135587
vertex 39.97320153461725 -18.000000000005162 72.44681614627956
vertex 29.96277688623696 -18.000000000009017 83.14213562372895
endloop
endfacet
facet normal 1.2879290301669756e-13 -1.0 -2.4186424694387583e-13
outer loop
vertex 29.96277688623696 -18.000000000009017 83.14213562372895
vertex 39.97320153461725 -18.000000000005162 72.44681614627956
vertex 39.768487310410734 -18.000000000005574 74.0672960910442
endloop
endfacet
facet normal 1.2879290301669756e-13 -1.0 -2.4186424694387583e-13
outer loop
vertex 29.96277688623696 -18.000000000009017 83.14213562372895
vertex 39.768487310410734 -18.000000000005574 74.0672960910442
vertex 30.16257773124627 -18.000000000009113 83.6244975335239
endloop
endfacet
facet normal 1.2879290301669756e-13 -1.0 -2.4186424694387583e-13
outer loop
vertex 30.16257773124627 -18.000000000009113 83.6244975335239
vertex 39.768487310410734 -18.000000000005574 74.0672960910442
vertex 30.2307260786681 -18.000000000009255 84.14213562372893
endloop
endfacet
facet normal 1.2879290301669756e-13 -1.0 -2.4186424694387583e-13
outer loop
vertex 30.2307260786681 -18.000000000009255 84.14213562372893
vertex 39.768487310410734 -18.000000000005574 74.0672960910442
vertex 39.462426265344575 -18.000000000006008 75.67172427630832
endloop
endfacet
facet normal 1.2879290301669756e-13 -1.0 -2.4186424694387583e-13
outer loop
vertex 30.2307260786681 -18.000000000009255 84.14213562372893
vertex 39.462426265344575 -18.000000000006008 75.67172427630832
vertex 30.16257773124626 -18.00000000000936 84.65977371393399
endloop
endfacet
facet normal 1.2879290301669756e-13 -1.0 -2.4186424694387583e-13
outer loop
vertex 30.16257773124626 -18.00000000000936 84.65977371393399
vertex 39.462426265344575 -18.000000000006008 75.67172427630832
vertex 29.96277688623698 -18.000000000009514 85.14213562372893
endloop
endfacet
facet normal 1.2879290301669756e-13 -1.0 -2.4186424694387583e-13
outer loop
vertex 29.96277688623698 -18.000000000009514 85.14213562372893
vertex 39.462426265344575 -18.000000000006008 75.67172427630832
vertex 29.6449396410412 -18.000000000009663 85.55634918610203
endloop
endfacet
facet normal 1.2879290301669756e-13 -1.0 -2.4186424694387583e-13
outer loop
vertex 29.6449396410412 -18.000000000009663 85.55634918610203
vertex 39.462426265344575 -18.000000000006008 75.67172427630832
vertex 39.05622628253764 -18.00000000000644 77.25376875701816
endloop
endfacet
facet normal 1.2879290301669756e-13 -1.0 -2.4186424694387583e-13
outer loop
vertex 29.6449396410412 -18.000000000009663 85.55634918610203
vertex 39.05622628253764 -18.00000000000644 77.25376875701816
vertex 21.342359211956758 -18.000000000013006 94.9676358275986
endloop
endfacet
facet normal 1.2879290301669756e-13 -1.0 -2.4186424694387583e-13
outer loop
vertex 21.342359211956758 -18.000000000013006 94.9676358275986
vertex 39.05622628253764 -18.00000000000644 77.25376875701816
vertex 22.895776381314292 -18.000000000012687 94.46289999280796
endloop
endfacet
facet normal 1.2879290301669756e-13 -1.0 -2.4186424694387583e-13
outer loop
vertex 22.895776381314292 -18.000000000012687 94.46289999280796
vertex 39.05622628253764 -18.00000000000644 77.25376875701816
vertex 38.55149044774696 -18.00000000000686 78.80718592637577
endloop
endfacet
facet normal 1.2879290301669756e-13 -1.0 -2.4186424694387583e-13
outer loop
vertex 22.895776381314292 -18.000000000012687 94.46289999280796
vertex 38.55149044774696 -18.00000000000686 78.80718592637577
vertex 24.41443561144108 -18.000000000012342 93.86162026778163
endloop
endfacet
facet normal 1.2879290301669756e-13 -1.0 -2.4186424694387583e-13
outer loop
vertex 24.41443561144108 -18.000000000012342 93.86162026778163
vertex 38.55149044774696 -18.00000000000686 78.80718592637577
vertex 37.950210722720605 -18.000000000007322 80.32584515650248
endloop
endfacet
facet normal 1.2879290301669756e-13 -1.0 -2.4186424694387583e-13
outer loop
vertex 24.41443561144108 -18.000000000012342 93.86162026778163
vertex 37.950210722720605 -18.000000000007322 80.32584515650248
vertex 25.89234344816501 -18.000000000011987 93.16616962889573
endloop
endfacet
facet normal 1.2879290301669756e-13 -1.0 -2.4186424694387583e-13
outer loop
vertex 25.89234344816501 -18.000000000011987 93.16616962889573
vertex 37.950210722720605 -18.000000000007322 80.32584515650248
vertex 37.25476008383462 -18.00000000000776 81.80375299322638
endloop
endfacet
facet normal 1.2879290301669756e-13 -1.0 -2.4186424694387583e-13
outer loop
vertex 25.89234344816501 -18.000000000011987 93.16616962889573
vertex 37.25476008383462 -18.00000000000776 81.80375299322638
vertex 27.323667264446446 -18.00000000001161 92.37929270210071
endloop
endfacet
facet normal 1.2879290301669756e-13 -1.0 -2.4186424694387583e-13
outer loop
vertex 27.323667264446446 -18.00000000001161 92.37929270210071
vertex 37.25476008383462 -18.00000000000776 81.80375299322638
vertex 36.467883157039566 -18.0000000000082 83.23507680950783
endloop
endfacet
facet normal 1.2879290301669756e-13 -1.0 -2.4186424694387583e-13
outer loop
vertex 27.323667264446446 -18.00000000001161 92.37929270210071
vertex 36.467883157039566 -18.0000000000082 83.23507680950783
vertex 28.702758279092144 -18.000000000011223 91.50409493113683
endloop
endfacet
facet normal 1.2879290301669756e-13 -1.0 -2.4186424694387583e-13
outer loop
vertex 28.702758279092144 -18.000000000011223 91.50409493113683
vertex 36.467883157039566 -18.0000000000082 83.23507680950783
vertex 35.592685386075594 -18.000000000008647 84.61416782415354
endloop
endfacet
facet normal 1.2879290301669756e-13 -1.0 -2.4186424694387583e-13
outer loop
vertex 28.702758279092144 -18.000000000011223 91.50409493113683
vertex 35.592685386075594 -18.000000000008647 84.61416782415354
vertex 30.024173849914163 -18.000000000010818 90.54403032176621
endloop
endfacet
facet normal 1.2879290301669756e-13 -1.0 -2.4186424694387583e-13
outer loop
vertex 30.024173849914163 -18.000000000010818 90.54403032176621
vertex 35.592685386075594 -18.000000000008647 84.61416782415354
vertex 34.632620776705004 -18.000000000009102 85.93558339497558
endloop
endfacet
facet normal 1.2879290301669756e-13 -1.0 -2.4186424694387583e-13
outer loop
vertex 30.024173849914163 -18.000000000010818 90.54403032176621
vertex 34.632620776705004 -18.000000000009102 85.93558339497558
vertex 31.282698953351783 -18.0000000000104 89.50288781039025
endloop
endfacet
facet normal 1.2879290301669756e-13 -1.0 -2.4186424694387583e-13
outer loop
vertex 31.282698953351783 -18.0000000000104 89.50288781039025
vertex 34.632620776705004 -18.000000000009102 85.93558339497558
vertex 33.59147826532898 -18.00000000000955 87.1941084984131
endloop
endfacet
facet normal 1.2879290301669756e-13 -1.0 -2.4186424694387583e-13
outer loop
vertex 31.282698953351783 -18.0000000000104 89.50288781039025
vertex 33.59147826532898 -18.00000000000955 87.1941084984131
vertex 32.47336676578718 -18.00000000000998 88.38477631084837
endloop
endfacet
facet normal 1.2879290301669756e-13 -1.0 -2.4186424694387583e-13
outer loop
vertex 35.59268538607586 -18.000000000001595 55.38583217584277
vertex 18.862788697622587 -18.000000000007283 69.99669028772708
vertex 34.63262077670522 -18.000000000001396 54.06441660502076
endloop
endfacet
facet normal 1.2879290301669756e-13 -1.0 -2.4186424694387583e-13
outer loop
vertex 18.862788697622587 -18.000000000007283 69.99669028772708
vertex 35.59268538607586 -18.000000000001595 55.38583217584277
vertex 20.984109041182215 -18.000000000007525 72.11801063128671
endloop
endfacet
facet normal 1.2879290301669756e-13 -1.0 -2.4186424694387583e-13
outer loop
vertex 20.984109041182215 -18.000000000007525 72.11801063128671
vertex 35.59268538607586 -18.000000000001595 55.38583217584277
vertex 36.467883157039815 -18.00000000000182 56.764923190488496
endloop
endfacet
facet normal 1.2879290301669756e-13 -1.0 -2.4186424694387583e-13
outer loop
vertex 20.984109041182215 -18.000000000007525 72.11801063128671
vertex 36.467883157039815 -18.00000000000182 56.764923190488496
vertex 17.095021744656187 -18.00000000000947 78.12841827137237
endloop
endfacet
facet normal 1.2879290301669756e-13 -1.0 -2.4186424694387583e-13
outer loop
vertex 17.095021744656187 -18.00000000000947 78.12841827137237
vertex 36.467883157039815 -18.00000000000182 56.764923190488496
vertex 37.254760083834846 -18.00000000000206 58.196247006769916
endloop
endfacet
facet normal 1.2879290301669756e-13 -1.0 -2.4186424694387583e-13
outer loop
vertex 17.095021744656187 -18.00000000000947 78.12841827137237
vertex 37.254760083834846 -18.00000000000206 58.196247006769916
vertex 2.2848374617086757 -18.000000000015024 93.1661696288954
endloop
endfacet
facet normal 1.2879290301669756e-13 -1.0 -2.4186424694387583e-13
outer loop
vertex 2.2848374617086757 -18.000000000015024 93.1661696288954
vertex 37.254760083834846 -18.00000000000206 58.196247006769916
vertex 3.762745298432592 -18.000000000015003 93.86162026778136
endloop
endfacet
facet normal 1.2879290301669756e-13 -1.0 -2.4186424694387583e-13
outer loop
vertex 3.762745298432592 -18.000000000015003 93.86162026778136
vertex 37.254760083834846 -18.00000000000206 58.196247006769916
vertex 37.95021072272078 -18.000000000002334 59.67415484349387
endloop
endfacet
facet normal 1.2879290301669756e-13 -1.0 -2.4186424694387583e-13
outer loop
vertex 3.762745298432592 -18.000000000015003 93.86162026778136
vertex 37.95021072272078 -18.000000000002334 59.67415484349387
vertex 5.28140452855926 -18.00000000001494 94.46289999280773
endloop
endfacet
facet normal 1.2879290301669756e-13 -1.0 -2.4186424694387583e-13
outer loop
vertex 5.28140452855926 -18.00000000001494 94.46289999280773
vertex 37.95021072272078 -18.000000000002334 59.67415484349387
vertex 38.55149044774707 -18.000000000002608 61.19281407362062
endloop
endfacet
facet normal 1.2879290301669756e-13 -1.0 -2.4186424694387583e-13
outer loop
vertex 5.28140452855926 -18.00000000001494 94.46289999280773
vertex 38.55149044774707 -18.000000000002608 61.19281407362062
vertex 6.834821697916914 -18.000000000014854 94.96763582759839
endloop
endfacet
facet normal 1.2879290301669756e-13 -1.0 -2.4186424694387583e-13
outer loop
vertex 6.834821697916914 -18.000000000014854 94.96763582759839
vertex 38.55149044774707 -18.000000000002608 61.19281407362062
vertex 39.05622628253777 -18.00000000000295 62.746231242978226
endloop
endfacet
facet normal 1.2879290301669756e-13 -1.0 -2.4186424694387583e-13
outer loop
vertex 6.834821697916914 -18.000000000014854 94.96763582759839
vertex 39.05622628253777 -18.00000000000295 62.746231242978226
vertex 8.41686617862672 -18.000000000014754 95.37383581040532
endloop
endfacet
facet normal 1.2879290301669756e-13 -1.0 -2.4186424694387583e-13
outer loop
vertex 8.41686617862672 -18.000000000014754 95.37383581040532
vertex 39.05622628253777 -18.00000000000295 62.746231242978226
vertex 39.46242626534467 -18.000000000003265 64.32827572368808
endloop
endfacet
facet normal 1.2879290301669756e-13 -1.0 -2.4186424694387583e-13
outer loop
vertex 8.41686617862672 -18.000000000014754 95.37383581040532
vertex 39.46242626534467 -18.000000000003265 64.32827572368808
vertex 10.021294363890851 -18.000000000014637 95.67989685547147
endloop
endfacet
facet normal 1.2879290301669756e-13 -1.0 -2.4186424694387583e-13
outer loop
vertex 10.021294363890851 -18.000000000014637 95.67989685547147
vertex 39.46242626534467 -18.000000000003265 64.32827572368808
vertex 39.768487310410805 -18.000000000003595 65.9327039089522
endloop
endfacet
facet normal 1.2879290301669756e-13 -1.0 -2.4186424694387583e-13
outer loop
vertex 10.021294363890851 -18.000000000014637 95.67989685547147
vertex 39.768487310410805 -18.000000000003595 65.9327039089522
vertex 11.641774308655412 -18.000000000014488 95.88461107967801
endloop
endfacet
facet normal 1.2879290301669756e-13 -1.0 -2.4186424694387583e-13
outer loop
vertex 11.641774308655412 -18.000000000014488 95.88461107967801
vertex 39.768487310410805 -18.000000000003595 65.9327039089522
vertex 39.973201534617274 -18.00000000000396 67.55318385371685
endloop
endfacet
facet normal 1.2879290301669756e-13 -1.0 -2.4186424694387583e-13
outer loop
vertex 11.641774308655412 -18.000000000014488 95.88461107967801
vertex 39.973201534617274 -18.00000000000396 67.55318385371685
vertex 13.271910718905424 -18.000000000014293 95.98717056950697
endloop
endfacet
facet normal 1.2879290301669756e-13 -1.0 -2.4186424694387583e-13
outer loop
vertex 13.271910718905424 -18.000000000014293 95.98717056950697
vertex 39.973201534617274 -18.00000000000396 67.55318385371685
vertex 40.07576102444622 -18.00000000000436 69.18332026396686
endloop
endfacet
facet normal 1.2879290301669756e-13 -1.0 -2.4186424694387583e-13
outer loop
vertex 13.271910718905424 -18.000000000014293 95.98717056950697
vertex 40.07576102444622 -18.00000000000436 69.18332026396686
vertex 26.816512516295035 -18.00000000000934 82.72792206135584
endloop
endfacet
facet normal 1.2879290301669756e-13 -1.0 -2.4186424694387583e-13
outer loop
vertex 13.271910718905424 -18.000000000014293 95.98717056950697
vertex 26.816512516295035 -18.00000000000934 82.72792206135584
vertex 14.905270190968146 -18.00000000001408 95.987170569507
endloop
endfacet
facet normal 1.2879290301669756e-13 -1.0 -2.4186424694387583e-13
outer loop
vertex 14.905270190968146 -18.00000000001408 95.987170569507
vertex 26.816512516295035 -18.00000000000934 82.72792206135584
vertex 26.498675271099213 -18.000000000009468 83.14213562372892
endloop
endfacet
facet normal 1.2879290301669756e-13 -1.0 -2.4186424694387583e-13
outer loop
vertex 14.905270190968146 -18.00000000001408 95.987170569507
vertex 26.498675271099213 -18.000000000009468 83.14213562372892
vertex 26.29887442608997 -18.00000000000962 83.62449753352386
endloop
endfacet
facet normal 1.2879290301669756e-13 -1.0 -2.4186424694387583e-13
outer loop
vertex 14.905270190968146 -18.00000000001408 95.987170569507
vertex 26.29887442608997 -18.00000000000962 83.62449753352386
vertex 26.23072607866812 -18.00000000000976 84.14213562372892
endloop
endfacet
facet normal 1.2879290301669756e-13 -1.0 -2.4186424694387583e-13
outer loop
vertex 14.905270190968146 -18.00000000001408 95.987170569507
vertex 26.23072607866812 -18.00000000000976 84.14213562372892
vertex 26.29887442608997 -18.000000000009877 84.65977371393399
endloop
endfacet
facet normal 1.2879290301669756e-13 -1.0 -2.4186424694387583e-13
outer loop
vertex 14.905270190968146 -18.00000000001408 95.987170569507
vertex 26.29887442608997 -18.000000000009877 84.65977371393399
vertex 16.535406601218163 -18.00000000001385 95.8846110796781
endloop
endfacet
facet normal 1.2879290301669756e-13 -1.0 -2.4186424694387583e-13
outer loop
vertex 16.535406601218163 -18.00000000001385 95.8846110796781
vertex 26.29887442608997 -18.000000000009877 84.65977371393399
vertex 26.49867527109918 -18.000000000009965 85.14213562372893
endloop
endfacet
facet normal 1.2879290301669756e-13 -1.0 -2.4186424694387583e-13
outer loop
vertex 16.535406601218163 -18.00000000001385 95.8846110796781
vertex 26.49867527109918 -18.000000000009965 85.14213562372893
vertex 26.816512516295006 -18.000000000010026 85.55634918610201
endloop
endfacet
facet normal 1.2879290301669756e-13 -1.0 -2.4186424694387583e-13
outer loop
vertex 16.535406601218163 -18.00000000001385 95.8846110796781
vertex 26.816512516295006 -18.000000000010026 85.55634918610201
vertex 27.230726078668127 -18.000000000010047 85.8741864312978
endloop
endfacet
facet normal 1.2879290301669756e-13 -1.0 -2.4186424694387583e-13
outer loop
vertex 16.535406601218163 -18.00000000001385 95.8846110796781
vertex 27.230726078668127 -18.000000000010047 85.8741864312978
vertex 18.15588654598275 -18.00000000001359 95.67989685547161
endloop
endfacet
facet normal 1.2879290301669756e-13 -1.0 -2.4186424694387583e-13
outer loop
vertex 18.15588654598275 -18.00000000001359 95.67989685547161
vertex 27.230726078668127 -18.000000000010047 85.8741864312978
vertex 27.713087988463023 -18.000000000010033 86.07398727630708
endloop
endfacet
facet normal 1.2879290301669756e-13 -1.0 -2.4186424694387583e-13
outer loop
vertex 18.15588654598275 -18.00000000001359 95.67989685547161
vertex 27.713087988463023 -18.000000000010033 86.07398727630708
vertex 28.23072607866805 -18.00000000000997 86.14213562372892
endloop
endfacet
facet normal 1.2879290301669756e-13 -1.0 -2.4186424694387583e-13
outer loop
vertex 18.15588654598275 -18.00000000001359 95.67989685547161
vertex 28.23072607866805 -18.00000000000997 86.14213562372892
vertex 19.760314731246908 -18.000000000013287 95.3738358104055
endloop
endfacet
facet normal 1.2879290301669756e-13 -1.0 -2.4186424694387583e-13
outer loop
vertex 19.760314731246908 -18.000000000013287 95.3738358104055
vertex 28.23072607866805 -18.00000000000997 86.14213562372892
vertex 28.74836416887316 -18.000000000009898 86.07398727630707
endloop
endfacet
facet normal 1.2879290301669756e-13 -1.0 -2.4186424694387583e-13
outer loop
vertex 19.760314731246908 -18.000000000013287 95.3738358104055
vertex 28.74836416887316 -18.000000000009898 86.07398727630707
vertex 29.230726078668113 -18.00000000000979 85.8741864312978
endloop
endfacet
facet normal 1.2879290301669756e-13 -1.0 -2.4186424694387583e-13
outer loop
vertex 19.760314731246908 -18.000000000013287 95.3738358104055
vertex 29.230726078668113 -18.00000000000979 85.8741864312978
vertex 29.6449396410412 -18.000000000009663 85.55634918610203
endloop
endfacet
facet normal 1.2879290301669756e-13 -1.0 -2.4186424694387583e-13
outer loop
vertex 19.760314731246908 -18.000000000013287 95.3738358104055
vertex 29.6449396410412 -18.000000000009663 85.55634918610203
vertex 21.342359211956758 -18.000000000013006 94.9676358275986
endloop
endfacet
facet normal 1.2879290301669756e-13 -1.0 -2.4186424694387583e-13
outer loop
vertex 31.282698953352302 -18.000000000000966 50.497112189606135
vertex 11.967270111377504 -18.00000000000765 67.87867965643832
vertex 30.02417384991475 -18.00000000000086 49.455969678230126
endloop
endfacet
facet normal 1.2879290301669756e-13 -1.0 -2.4186424694387583e-13
outer loop
vertex 11.967270111377504 -18.00000000000765 67.87867965643832
vertex 31.282698953352302 -18.000000000000966 50.497112189606135
vertex 12.588590454937178 -18.000000000007468 67.40192378864465
endloop
endfacet
facet normal 1.2879290301669756e-13 -1.0 -2.4186424694387583e-13
outer loop
vertex 12.588590454937178 -18.000000000007468 67.40192378864465
vertex 31.282698953352302 -18.000000000000966 50.497112189606135
vertex 13.312133319629595 -18.000000000007297 67.10222252113076
endloop
endfacet
facet normal 1.2879290301669756e-13 -1.0 -2.4186424694387583e-13
outer loop
vertex 13.312133319629595 -18.000000000007297 67.10222252113076
vertex 31.282698953352302 -18.000000000000966 50.497112189606135
vertex 14.088590454937169 -18.000000000007173 66.99999999999795
endloop
endfacet
facet normal 1.2879290301669756e-13 -1.0 -2.4186424694387583e-13
outer loop
vertex 14.088590454937169 -18.000000000007173 66.99999999999795
vertex 31.282698953352302 -18.000000000000966 50.497112189606135
vertex 14.865047590244748 -18.000000000007095 67.10222252113076
endloop
endfacet
facet normal 1.2879290301669756e-13 -1.0 -2.4186424694387583e-13
outer loop
vertex 14.865047590244748 -18.000000000007095 67.10222252113076
vertex 31.282698953352302 -18.000000000000966 50.497112189606135
vertex 32.473366765787546 -18.00000000000109 51.615223689147896
endloop
endfacet
facet normal 1.2879290301669756e-13 -1.0 -2.4186424694387583e-13
outer loop
vertex 14.865047590244748 -18.000000000007095 67.10222252113076
vertex 32.473366765787546 -18.00000000000109 51.615223689147896
vertex 15.588590454937183 -18.00000000000708 67.40192378864465
endloop
endfacet
facet normal 1.2879290301669756e-13 -1.0 -2.4186424694387583e-13
outer loop
vertex 15.588590454937183 -18.00000000000708 67.40192378864465
vertex 32.473366765787546 -18.00000000000109 51.615223689147896
vertex 16.20991079849681 -18.000000000007095 67.87867965643832
endloop
endfacet
facet normal 1.2879290301669756e-13 -1.0 -2.4186424694387583e-13
outer loop
vertex 16.20991079849681 -18.000000000007095 67.87867965643832
vertex 32.473366765787546 -18.00000000000109 51.615223689147896
vertex 16.686666666290492 -18.000000000007205 68.49999999999795
endloop
endfacet
facet normal 1.2879290301669756e-13 -1.0 -2.4186424694387583e-13
outer loop
vertex 16.686666666290492 -18.000000000007205 68.49999999999795
vertex 32.473366765787546 -18.00000000000109 51.615223689147896
vertex 33.59147826532927 -18.00000000000123 52.80589150158317
endloop
endfacet
facet normal 1.2879290301669756e-13 -1.0 -2.4186424694387583e-13
outer loop
vertex 16.686666666290492 -18.000000000007205 68.49999999999795
vertex 33.59147826532927 -18.00000000000123 52.80589150158317
vertex 16.98636793380439 -18.000000000007336 69.2235428646904
endloop
endfacet
facet normal 1.2879290301669756e-13 -1.0 -2.4186424694387583e-13
outer loop
vertex 16.98636793380439 -18.000000000007336 69.2235428646904
vertex 33.59147826532927 -18.00000000000123 52.80589150158317
vertex 17.088590454937176 -18.00000000000751 69.99999999999797
endloop
endfacet
facet normal 1.2879290301669756e-13 -1.0 -2.4186424694387583e-13
outer loop
vertex 17.088590454937176 -18.00000000000751 69.99999999999797
vertex 33.59147826532927 -18.00000000000123 52.80589150158317
vertex 34.63262077670522 -18.000000000001396 54.06441660502076
endloop
endfacet
facet normal 1.2879290301669756e-13 -1.0 -2.4186424694387583e-13
outer loop
vertex 17.088590454937176 -18.00000000000751 69.99999999999797
vertex 34.63262077670522 -18.000000000001396 54.06441660502076
vertex 16.986367933804367 -18.00000000000771 70.77645713530553
endloop
endfacet
facet normal 1.2879290301669756e-13 -1.0 -2.4186424694387583e-13
outer loop
vertex 16.986367933804367 -18.00000000000771 70.77645713530553
vertex 34.63262077670522 -18.000000000001396 54.06441660502076
vertex 16.686666666290485 -18.00000000000793 71.49999999999797
endloop
endfacet
facet normal 1.2879290301669756e-13 -1.0 -2.4186424694387583e-13
outer loop
vertex 16.686666666290485 -18.00000000000793 71.49999999999797
vertex 34.63262077670522 -18.000000000001396 54.06441660502076
vertex 16.209910798496765 -18.000000000008143 72.12132034355761
endloop
endfacet
facet normal 1.2879290301669756e-13 -1.0 -2.4186424694387583e-13
outer loop
vertex 16.209910798496765 -18.000000000008143 72.12132034355761
vertex 34.63262077670522 -18.000000000001396 54.06441660502076
vertex -1.8469929400404805 -18.00000000001494 90.54403032176575
endloop
endfacet
facet normal 1.2879290301669756e-13 -1.0 -2.4186424694387583e-13
outer loop
vertex -1.8469929400404805 -18.00000000001494 90.54403032176575
vertex 34.63262077670522 -18.000000000001396 54.06441660502076
vertex 18.862788697622587 -18.000000000007283 69.99669028772708
endloop
endfacet
facet normal 1.2879290301669756e-13 -1.0 -2.4186424694387583e-13
outer loop
vertex -1.8469929400404805 -18.00000000001494 90.54403032176575
vertex 18.862788697622587 -18.000000000007283 69.99669028772708
vertex -0.5255773692185065 -18.000000000014985 91.50409493113642
endloop
endfacet
facet normal 1.2879290301669756e-13 -1.0 -2.4186424694387583e-13
outer loop
vertex -0.5255773692185065 -18.000000000014985 91.50409493113642
vertex 18.862788697622587 -18.000000000007283 69.99669028772708
vertex 14.973701401096534 -18.000000000009234 76.00709792781274
endloop
endfacet
facet normal 1.2879290301669756e-13 -1.0 -2.4186424694387583e-13
outer loop
vertex -0.5255773692185065 -18.000000000014985 91.50409493113642
vertex 14.973701401096534 -18.000000000009234 76.00709792781274
vertex 0.8535136454272899 -18.000000000015014 92.37929270210033
endloop
endfacet
facet normal 1.2879290301669756e-13 -1.0 -2.4186424694387583e-13
outer loop
vertex 0.8535136454272899 -18.000000000015014 92.37929270210033
vertex 14.973701401096534 -18.000000000009234 76.00709792781274
vertex 17.095021744656187 -18.00000000000947 78.12841827137237
endloop
endfacet
facet normal 1.2879290301669756e-13 -1.0 -2.4186424694387583e-13
outer loop
vertex 0.8535136454272899 -18.000000000015014 92.37929270210033
vertex 17.095021744656187 -18.00000000000947 78.12841827137237
vertex 2.2848374617086757 -18.000000000015024 93.1661696288954
endloop
endfacet
facet normal 1.2879290301669756e-13 -1.0 -2.4186424694387583e-13
outer loop
vertex 21.342359211957355 -18.000000000000927 45.0323641723975
vertex 17.85075779461451 -18.000000000002405 49.267269911843485
vertex -6.644139633217337 -18.000000000011482 73.76216733967526
endloop
endfacet
facet normal 1.2879290301669756e-13 -1.0 -2.4186424694387583e-13
outer loop
vertex 17.85075779461451 -18.000000000002405 49.267269911843485
vertex 21.342359211957355 -18.000000000000927 45.0323641723975
vertex 18.26497135698761 -18.000000000002274 48.9494326666477
endloop
endfacet
facet normal 1.2879290301669756e-13 -1.0 -2.4186424694387583e-13
outer loop
vertex 18.26497135698761 -18.000000000002274 48.9494326666477
vertex 21.342359211957355 -18.000000000000927 45.0323641723975
vertex 22.895776381314942 -18.000000000000867 45.53710000718816
endloop
endfacet
facet normal 1.2879290301669756e-13 -1.0 -2.4186424694387583e-13
outer loop
vertex 18.26497135698761 -18.000000000002274 48.9494326666477
vertex 22.895776381314942 -18.000000000000867 45.53710000718816
vertex 18.747333266782555 -18.000000000002164 48.749631821638445
endloop
endfacet
facet normal 1.2879290301669756e-13 -1.0 -2.4186424694387583e-13
outer loop
vertex 18.747333266782555 -18.000000000002164 48.749631821638445
vertex 22.895776381314942 -18.000000000000867 45.53710000718816
vertex 19.264971356987594 -18.00000000000208 48.681483474216556
endloop
endfacet
facet normal 1.2879290301669756e-13 -1.0 -2.4186424694387583e-13
outer loop
vertex 19.264971356987594 -18.00000000000208 48.681483474216556
vertex 22.895776381314942 -18.000000000000867 45.53710000718816
vertex 19.782609447192613 -18.000000000002007 48.74963182163845
endloop
endfacet
facet normal 1.2879290301669756e-13 -1.0 -2.4186424694387583e-13
outer loop
vertex 19.782609447192613 -18.000000000002007 48.74963182163845
vertex 22.895776381314942 -18.000000000000867 45.53710000718816
vertex 24.41443561144167 -18.000000000000803 46.138379732214524
endloop
endfacet
facet normal 1.2879290301669756e-13 -1.0 -2.4186424694387583e-13
outer loop
vertex 19.782609447192613 -18.000000000002007 48.74963182163845
vertex 24.41443561144167 -18.000000000000803 46.138379732214524
vertex 20.264971356987612 -18.000000000002 48.949432666647716
endloop
endfacet
facet normal 1.2879290301669756e-13 -1.0 -2.4186424694387583e-13
outer loop
vertex 20.264971356987612 -18.000000000002 48.949432666647716
vertex 24.41443561144167 -18.000000000000803 46.138379732214524
vertex 20.679184919360683 -18.000000000002036 49.267269911843506
endloop
endfacet
facet normal 1.2879290301669756e-13 -1.0 -2.4186424694387583e-13
outer loop
vertex 20.679184919360683 -18.000000000002036 49.267269911843506
vertex 24.41443561144167 -18.000000000000803 46.138379732214524
vertex 20.997022164556473 -18.0000000000021 49.68148347421658
endloop
endfacet
facet normal 1.2879290301669756e-13 -1.0 -2.4186424694387583e-13
outer loop
vertex 20.997022164556473 -18.0000000000021 49.68148347421658
vertex 24.41443561144167 -18.000000000000803 46.138379732214524
vertex 25.892343448165573 -18.00000000000076 46.83383037110046
endloop
endfacet
facet normal 1.2879290301669756e-13 -1.0 -2.4186424694387583e-13
outer loop
vertex 20.997022164556473 -18.0000000000021 49.68148347421658
vertex 25.892343448165573 -18.00000000000076 46.83383037110046
vertex 21.19682300956574 -18.000000000002185 50.163845384011545
endloop
endfacet
facet normal 1.2879290301669756e-13 -1.0 -2.4186424694387583e-13
outer loop
vertex 21.19682300956574 -18.000000000002185 50.163845384011545
vertex 25.892343448165573 -18.00000000000076 46.83383037110046
vertex 21.264971356987616 -18.00000000000229 50.68148347421657
endloop
endfacet
facet normal 1.2879290301669756e-13 -1.0 -2.4186424694387583e-13
outer loop
vertex 21.264971356987616 -18.00000000000229 50.68148347421657
vertex 25.892343448165573 -18.00000000000076 46.83383037110046
vertex 21.19682300956574 -18.00000000000244 51.199121564421624
endloop
endfacet
facet normal 1.2879290301669756e-13 -1.0 -2.4186424694387583e-13
outer loop
vertex 21.19682300956574 -18.00000000000244 51.199121564421624
vertex 25.892343448165573 -18.00000000000076 46.83383037110046
vertex 20.997022164556487 -18.000000000002583 51.68148347421658
endloop
endfacet
facet normal 1.2879290301669756e-13 -1.0 -2.4186424694387583e-13
outer loop
vertex 20.997022164556487 -18.000000000002583 51.68148347421658
vertex 25.892343448165573 -18.00000000000076 46.83383037110046
vertex 20.67918491936072 -18.000000000002707 52.09569703658967
endloop
endfacet
facet normal 1.2879290301669756e-13 -1.0 -2.4186424694387583e-13
outer loop
vertex 20.67918491936072 -18.000000000002707 52.09569703658967
vertex 25.892343448165573 -18.00000000000076 46.83383037110046
vertex 27.323667264446982 -18.000000000000785 47.62070729789553
endloop
endfacet
facet normal 1.2879290301669756e-13 -1.0 -2.4186424694387583e-13
outer loop
vertex 20.67918491936072 -18.000000000002707 52.09569703658967
vertex 27.323667264446982 -18.000000000000785 47.62070729789553
vertex -8.290702247165525 -18.000000000013966 83.23507680950743
endloop
endfacet
facet normal 1.2879290301669756e-13 -1.0 -2.4186424694387583e-13
outer loop
vertex -8.290702247165525 -18.000000000013966 83.23507680950743
vertex 27.323667264446982 -18.000000000000785 47.62070729789553
vertex -7.415504476201562 -18.00000000001419 84.61416782415317
endloop
endfacet
facet normal 1.2879290301669756e-13 -1.0 -2.4186424694387583e-13
outer loop
vertex -7.415504476201562 -18.00000000001419 84.61416782415317
vertex 27.323667264446982 -18.000000000000785 47.62070729789553
vertex 28.702758279092752 -18.000000000000814 48.49590506885947
endloop
endfacet
facet normal 1.2879290301669756e-13 -1.0 -2.4186424694387583e-13
outer loop
vertex -7.415504476201562 -18.00000000001419 84.61416782415317
vertex 28.702758279092752 -18.000000000000814 48.49590506885947
vertex -6.455439866830961 -18.000000000014403 85.93558339497518
endloop
endfacet
facet normal 1.2879290301669756e-13 -1.0 -2.4186424694387583e-13
outer loop
vertex -6.455439866830961 -18.000000000014403 85.93558339497518
vertex 28.702758279092752 -18.000000000000814 48.49590506885947
vertex 30.02417384991475 -18.00000000000086 49.455969678230126
endloop
endfacet
facet normal 1.2879290301669756e-13 -1.0 -2.4186424694387583e-13
outer loop
vertex -6.455439866830961 -18.000000000014403 85.93558339497518
vertex 30.02417384991475 -18.00000000000086 49.455969678230126
vertex 11.967270111377504 -18.00000000000765 67.87867965643832
endloop
endfacet
facet normal 1.2879290301669756e-13 -1.0 -2.4186424694387583e-13
outer loop
vertex -6.455439866830961 -18.000000000014403 85.93558339497518
vertex 11.967270111377504 -18.00000000000765 67.87867965643832
vertex -5.414297355454975 -18.000000000014573 87.19410849841272
endloop
endfacet
facet normal 1.2879290301669756e-13 -1.0 -2.4186424694387583e-13
outer loop
vertex -5.414297355454975 -18.000000000014573 87.19410849841272
vertex 11.967270111377504 -18.00000000000765 67.87867965643832
vertex 11.490514243583828 -18.000000000007873 68.49999999999795
endloop
endfacet
facet normal 1.2879290301669756e-13 -1.0 -2.4186424694387583e-13
outer loop
vertex -5.414297355454975 -18.000000000014573 87.19410849841272
vertex 11.490514243583828 -18.000000000007873 68.49999999999795
vertex 11.190812976069969 -18.00000000000809 69.2235428646904
endloop
endfacet
facet normal 1.2879290301669756e-13 -1.0 -2.4186424694387583e-13
outer loop
vertex -5.414297355454975 -18.000000000014573 87.19410849841272
vertex 11.190812976069969 -18.00000000000809 69.2235428646904
vertex 11.08859045493718 -18.00000000000829 69.99999999999795
endloop
endfacet
facet normal 1.2879290301669756e-13 -1.0 -2.4186424694387583e-13
outer loop
vertex -5.414297355454975 -18.000000000014573 87.19410849841272
vertex 11.08859045493718 -18.00000000000829 69.99999999999795
vertex 11.190812976069969 -18.000000000008463 70.77645713530553
endloop
endfacet
facet normal 1.2879290301669756e-13 -1.0 -2.4186424694387583e-13
outer loop
vertex -5.414297355454975 -18.000000000014573 87.19410849841272
vertex 11.190812976069969 -18.000000000008463 70.77645713530553
vertex -4.296185855913277 -18.000000000014715 88.38477631084804
endloop
endfacet
facet normal 1.2879290301669756e-13 -1.0 -2.4186424694387583e-13
outer loop
vertex -4.296185855913277 -18.000000000014715 88.38477631084804
vertex 11.190812976069969 -18.000000000008463 70.77645713530553
vertex 11.490514243583851 -18.000000000008598 71.49999999999795
endloop
endfacet
facet normal 1.2879290301669756e-13 -1.0 -2.4186424694387583e-13
outer loop
vertex -4.296185855913277 -18.000000000014715 88.38477631084804
vertex 11.490514243583851 -18.000000000008598 71.49999999999795
vertex 11.967270111377537 -18.00000000000869 72.1213203435576
endloop
endfacet
facet normal 1.2879290301669756e-13 -1.0 -2.4186424694387583e-13
outer loop
vertex -4.296185855913277 -18.000000000014715 88.38477631084804
vertex 11.967270111377537 -18.00000000000869 72.1213203435576
vertex -3.1055180434780265 -18.000000000014833 89.50288781038975
endloop
endfacet
facet normal 1.2879290301669756e-13 -1.0 -2.4186424694387583e-13
outer loop
vertex -3.1055180434780265 -18.000000000014833 89.50288781038975
vertex 11.967270111377537 -18.00000000000869 72.1213203435576
vertex 12.588590454937165 -18.000000000008722 72.59807621135128
endloop
endfacet
facet normal 1.2879290301669756e-13 -1.0 -2.4186424694387583e-13
outer loop
vertex -3.1055180434780265 -18.000000000014833 89.50288781038975
vertex 12.588590454937165 -18.000000000008722 72.59807621135128
vertex 13.312133319629606 -18.000000000008704 72.89777747886518
endloop
endfacet
facet normal 1.2879290301669756e-13 -1.0 -2.4186424694387583e-13
outer loop
vertex -3.1055180434780265 -18.000000000014833 89.50288781038975
vertex 13.312133319629606 -18.000000000008704 72.89777747886518
vertex 14.088590454937174 -18.000000000008612 72.999999999998
endloop
endfacet
facet normal 1.2879290301669756e-13 -1.0 -2.4186424694387583e-13
outer loop
vertex -3.1055180434780265 -18.000000000014833 89.50288781038975
vertex 14.088590454937174 -18.000000000008612 72.999999999998
vertex -1.8469929400404805 -18.00000000001494 90.54403032176575
endloop
endfacet
facet normal 1.2879290301669756e-13 -1.0 -2.4186424694387583e-13
outer loop
vertex -1.8469929400404805 -18.00000000001494 90.54403032176575
vertex 14.088590454937174 -18.000000000008612 72.999999999998
vertex 14.865047590244748 -18.0000000000085 72.89777747886518
endloop
endfacet
facet normal 1.2879290301669756e-13 -1.0 -2.4186424694387583e-13
outer loop
vertex -1.8469929400404805 -18.00000000001494 90.54403032176575
vertex 14.865047590244748 -18.0000000000085 72.89777747886518
vertex 15.588590454937126 -18.000000000008338 72.59807621135128
endloop
endfacet
facet normal 1.2879290301669756e-13 -1.0 -2.4186424694387583e-13
outer loop
vertex -1.8469929400404805 -18.00000000001494 90.54403032176575
vertex 15.588590454937126 -18.000000000008338 72.59807621135128
vertex 16.209910798496765 -18.000000000008143 72.12132034355761
endloop
endfacet
facet normal 1.2879290301669756e-13 -1.0 -2.4186424694387583e-13
outer loop
vertex -3.1055180434776597 -18.000000000005386 50.49711218960589
vertex -5.4142973554546705 -18.00000000000625 52.80589150158287
vertex -4.296185855912963 -18.000000000005823 51.615223689147605
endloop
endfacet
facet normal 1.2879290301669756e-13 -1.0 -2.4186424694387583e-13
outer loop
vertex -5.4142973554546705 -18.00000000000625 52.80589150158287
vertex -3.1055180434776597 -18.000000000005386 50.49711218960589
vertex -6.4554398668306785 -18.00000000000668 54.06441660502045
endloop
endfacet
facet normal 1.2879290301669756e-13 -1.0 -2.4186424694387583e-13
outer loop
vertex -6.4554398668306785 -18.00000000000668 54.06441660502045
vertex -3.1055180434776597 -18.000000000005386 50.49711218960589
vertex -1.8469929400400886 -18.00000000000498 49.45596967822988
endloop
endfacet
facet normal 1.2879290301669756e-13 -1.0 -2.4186424694387583e-13
outer loop
vertex -6.4554398668306785 -18.00000000000668 54.06441660502045
vertex -1.8469929400400886 -18.00000000000498 49.45596967822988
vertex -7.415504476201353 -18.000000000007137 55.38583217584242
endloop
endfacet
facet normal 1.2879290301669756e-13 -1.0 -2.4186424694387583e-13
outer loop
vertex -7.415504476201353 -18.000000000007137 55.38583217584242
vertex -1.8469929400400886 -18.00000000000498 49.45596967822988
vertex -0.5255773692180807 -18.000000000004576 48.49590506885925
endloop
endfacet
facet normal 1.2879290301669756e-13 -1.0 -2.4186424694387583e-13
outer loop
vertex -7.415504476201353 -18.000000000007137 55.38583217584242
vertex -0.5255773692180807 -18.000000000004576 48.49590506885925
vertex -8.29070224716529 -18.000000000007585 56.76492319048817
endloop
endfacet
facet normal 1.2879290301669756e-13 -1.0 -2.4186424694387583e-13
outer loop
vertex -8.29070224716529 -18.000000000007585 56.76492319048817
vertex -0.5255773692180807 -18.000000000004576 48.49590506885925
vertex 0.8535136454276735 -18.00000000000419 47.6207072978953
endloop
endfacet
facet normal 1.2879290301669756e-13 -1.0 -2.4186424694387583e-13
outer loop
vertex -8.29070224716529 -18.000000000007585 56.76492319048817
vertex 0.8535136454276735 -18.00000000000419 47.6207072978953
vertex -9.077579173960357 -18.000000000008015 58.196247006769596
endloop
endfacet
facet normal 1.2879290301669756e-13 -1.0 -2.4186424694387583e-13
outer loop
vertex -9.077579173960357 -18.000000000008015 58.196247006769596
vertex 0.8535136454276735 -18.00000000000419 47.6207072978953
vertex 2.28483746170911 -18.000000000003805 46.8338303711003
endloop
endfacet
facet normal 1.2879290301669756e-13 -1.0 -2.4186424694387583e-13
outer loop
vertex -9.077579173960357 -18.000000000008015 58.196247006769596
vertex 2.28483746170911 -18.000000000003805 46.8338303711003
vertex -9.77302981284628 -18.000000000008477 59.67415484349352
endloop
endfacet
facet normal 1.2879290301669756e-13 -1.0 -2.4186424694387583e-13
outer loop
vertex -9.77302981284628 -18.000000000008477 59.67415484349352
vertex 2.28483746170911 -18.000000000003805 46.8338303711003
vertex 3.7627452984330434 -18.000000000003457 46.138379732214354
endloop
endfacet
facet normal 1.2879290301669756e-13 -1.0 -2.4186424694387583e-13
outer loop
vertex -9.77302981284628 -18.000000000008477 59.67415484349352
vertex 3.7627452984330434 -18.000000000003457 46.138379732214354
vertex -10.374309537872673 -18.000000000008924 61.192814073620234
endloop
endfacet
facet normal 1.2879290301669756e-13 -1.0 -2.4186424694387583e-13
outer loop
vertex -10.374309537872673 -18.000000000008924 61.192814073620234
vertex 3.7627452984330434 -18.000000000003457 46.138379732214354
vertex 5.281404528559778 -18.000000000003116 45.537100007188
endloop
endfacet
facet normal 1.2879290301669756e-13 -1.0 -2.4186424694387583e-13
outer loop
vertex -10.374309537872673 -18.000000000008924 61.192814073620234
vertex 5.281404528559778 -18.000000000003116 45.537100007188
vertex -10.879045372663331 -18.00000000000936 62.74623124297786
endloop
endfacet
facet normal 1.2879290301669756e-13 -1.0 -2.4186424694387583e-13
outer loop
vertex -10.879045372663331 -18.00000000000936 62.74623124297786
vertex 5.281404528559778 -18.000000000003116 45.537100007188
vertex 6.834821697917394 -18.0000000000028 45.03236417239735
endloop
endfacet
facet normal 1.2879290301669756e-13 -1.0 -2.4186424694387583e-13
outer loop
vertex -10.879045372663331 -18.00000000000936 62.74623124297786
vertex 6.834821697917394 -18.0000000000028 45.03236417239735
vertex -11.285245355470273 -18.00000000000979 64.32827572368771
endloop
endfacet
facet normal 1.2879290301669756e-13 -1.0 -2.4186424694387583e-13
outer loop
vertex -11.285245355470273 -18.00000000000979 64.32827572368771
vertex 6.834821697917394 -18.0000000000028 45.03236417239735
vertex 8.416866178627243 -18.000000000002498 44.62616418959047
endloop
endfacet
facet normal 1.2879290301669756e-13 -1.0 -2.4186424694387583e-13
outer loop
vertex -11.285245355470273 -18.00000000000979 64.32827572368771
vertex 8.416866178627243 -18.000000000002498 44.62616418959047
vertex -11.591306400536435 -18.000000000010225 65.93270390895182
endloop
endfacet
facet normal 1.2879290301669756e-13 -1.0 -2.4186424694387583e-13
outer loop
vertex -11.591306400536435 -18.000000000010225 65.93270390895182
vertex 8.416866178627243 -18.000000000002498 44.62616418959047
vertex 10.021294363891352 -18.00000000000221 44.320103144524346
endloop
endfacet
facet normal 1.2879290301669756e-13 -1.0 -2.4186424694387583e-13
outer loop
vertex -11.591306400536435 -18.000000000010225 65.93270390895182
vertex 10.021294363891352 -18.00000000000221 44.320103144524346
vertex -11.796020624742937 -18.00000000001063 67.55318385371645
endloop
endfacet
facet normal 1.2879290301669756e-13 -1.0 -2.4186424694387583e-13
outer loop
vertex -11.796020624742937 -18.00000000001063 67.55318385371645
vertex 10.021294363891352 -18.00000000000221 44.320103144524346
vertex 11.641774308656004 -18.000000000001958 44.11538892031786
endloop
endfacet
facet normal 1.2879290301669756e-13 -1.0 -2.4186424694387583e-13
outer loop
vertex -11.796020624742937 -18.00000000001063 67.55318385371645
vertex 11.641774308656004 -18.000000000001958 44.11538892031786
vertex -11.898580114571871 -18.000000000011067 69.1833202639665
endloop
endfacet
facet normal 1.2879290301669756e-13 -1.0 -2.4186424694387583e-13
outer loop
vertex -11.898580114571871 -18.000000000011067 69.1833202639665
vertex 11.641774308656004 -18.000000000001958 44.11538892031786
vertex 13.271910718906028 -18.000000000001705 44.012829430488914
endloop
endfacet
facet normal 1.2879290301669756e-13 -1.0 -2.4186424694387583e-13
outer loop
vertex -11.898580114571871 -18.000000000011067 69.1833202639665
vertex 13.271910718906028 -18.000000000001705 44.012829430488914
vertex -11.898580114571892 -18.000000000011447 70.81667973602916
endloop
endfacet
facet normal 1.2879290301669756e-13 -1.0 -2.4186424694387583e-13
outer loop
vertex -11.898580114571892 -18.000000000011447 70.81667973602916
vertex 13.271910718906028 -18.000000000001705 44.012829430488914
vertex 14.905270190968716 -18.000000000001513 44.012829430488935
endloop
endfacet
facet normal 1.2879290301669756e-13 -1.0 -2.4186424694387583e-13
outer loop
vertex -11.898580114571892 -18.000000000011447 70.81667973602916
vertex 14.905270190968716 -18.000000000001513 44.012829430488935
vertex -11.796020624742964 -18.000000000011823 72.44681614627918
endloop
endfacet
facet normal 1.2879290301669756e-13 -1.0 -2.4186424694387583e-13
outer loop
vertex -11.796020624742964 -18.000000000011823 72.44681614627918
vertex 14.905270190968716 -18.000000000001513 44.012829430488935
vertex 16.535406601218764 -18.00000000000131 44.11538892031788
endloop
endfacet
facet normal 1.2879290301669756e-13 -1.0 -2.4186424694387583e-13
outer loop
vertex -11.796020624742964 -18.000000000011823 72.44681614627918
vertex 16.535406601218764 -18.00000000000131 44.11538892031788
vertex -11.591306400536448 -18.000000000012193 74.06729609104381
endloop
endfacet
facet normal 1.2879290301669756e-13 -1.0 -2.4186424694387583e-13
outer loop
vertex -11.591306400536448 -18.000000000012193 74.06729609104381
vertex 16.535406601218764 -18.00000000000131 44.11538892031788
vertex 18.155886545983392 -18.00000000000117 44.320103144524396
endloop
endfacet
facet normal 1.2879290301669756e-13 -1.0 -2.4186424694387583e-13
outer loop
vertex -11.591306400536448 -18.000000000012193 74.06729609104381
vertex 18.155886545983392 -18.00000000000117 44.320103144524396
vertex -11.285245355470327 -18.00000000001254 75.67172427630793
endloop
endfacet
facet normal 1.2879290301669756e-13 -1.0 -2.4186424694387583e-13
outer loop
vertex -11.285245355470327 -18.00000000001254 75.67172427630793
vertex 18.155886545983392 -18.00000000000117 44.320103144524396
vertex 19.76031473124749 -18.000000000001037 44.62616418959057
endloop
endfacet
facet normal 1.2879290301669756e-13 -1.0 -2.4186424694387583e-13
outer loop
vertex -11.285245355470327 -18.00000000001254 75.67172427630793
vertex 19.76031473124749 -18.000000000001037 44.62616418959057
vertex -10.879045372663445 -18.00000000001285 77.25376875701775
endloop
endfacet
facet normal 1.2879290301669756e-13 -1.0 -2.4186424694387583e-13
outer loop
vertex -10.879045372663445 -18.00000000001285 77.25376875701775
vertex 19.76031473124749 -18.000000000001037 44.62616418959057
vertex 21.342359211957355 -18.000000000000927 45.0323641723975
endloop
endfacet
facet normal 1.2879290301669756e-13 -1.0 -2.4186424694387583e-13
outer loop
vertex -10.879045372663445 -18.00000000001285 77.25376875701775
vertex 21.342359211957355 -18.000000000000927 45.0323641723975
vertex -6.644139633217337 -18.000000000011482 73.76216733967526
endloop
endfacet
facet normal 1.2879290301669756e-13 -1.0 -2.4186424694387583e-13
outer loop
vertex -10.879045372663445 -18.00000000001285 77.25376875701775
vertex -6.644139633217337 -18.000000000011482 73.76216733967526
vertex -6.961976878413086 -18.000000000011603 74.17638090204835
endloop
endfacet
facet normal 1.2879290301669756e-13 -1.0 -2.4186424694387583e-13
outer loop
vertex -10.879045372663445 -18.00000000001285 77.25376875701775
vertex -6.961976878413086 -18.000000000011603 74.17638090204835
vertex -10.374309537872787 -18.000000000013166 78.80718592637537
endloop
endfacet
facet normal 1.2879290301669756e-13 -1.0 -2.4186424694387583e-13
outer loop
vertex -10.374309537872787 -18.000000000013166 78.80718592637537
vertex -6.961976878413086 -18.000000000011603 74.17638090204835
vertex -7.161777723422372 -18.000000000011767 74.6587428118433
endloop
endfacet
facet normal 1.2879290301669756e-13 -1.0 -2.4186424694387583e-13
outer loop
vertex -10.374309537872787 -18.000000000013166 78.80718592637537
vertex -7.161777723422372 -18.000000000011767 74.6587428118433
vertex -7.229926070844216 -18.00000000001189 75.17638090204836
endloop
endfacet
facet normal 1.2879290301669756e-13 -1.0 -2.4186424694387583e-13
outer loop
vertex -10.374309537872787 -18.000000000013166 78.80718592637537
vertex -7.229926070844216 -18.00000000001189 75.17638090204836
vertex -7.161777723422366 -18.000000000012015 75.69401899225339
endloop
endfacet
facet normal 1.2879290301669756e-13 -1.0 -2.4186424694387583e-13
outer loop
vertex -10.374309537872787 -18.000000000013166 78.80718592637537
vertex -7.161777723422366 -18.000000000012015 75.69401899225339
vertex -9.773029812846463 -18.000000000013472 80.32584515650208
endloop
endfacet
facet normal 1.2879290301669756e-13 -1.0 -2.4186424694387583e-13
outer loop
vertex -9.773029812846463 -18.000000000013472 80.32584515650208
vertex -7.161777723422366 -18.000000000012015 75.69401899225339
vertex -6.961976878413125 -18.0000000000121 76.17638090204836
endloop
endfacet
facet normal 1.2879290301669756e-13 -1.0 -2.4186424694387583e-13
outer loop
vertex -9.773029812846463 -18.000000000013472 80.32584515650208
vertex -6.961976878413125 -18.0000000000121 76.17638090204836
vertex -6.644139633217349 -18.000000000012164 76.59059446442146
endloop
endfacet
facet normal 1.2879290301669756e-13 -1.0 -2.4186424694387583e-13
outer loop
vertex -9.773029812846463 -18.000000000013472 80.32584515650208
vertex -6.644139633217349 -18.000000000012164 76.59059446442146
vertex -6.229926070844242 -18.000000000012182 76.90843170961723
endloop
endfacet
facet normal 1.2879290301669756e-13 -1.0 -2.4186424694387583e-13
outer loop
vertex -9.773029812846463 -18.000000000013472 80.32584515650208
vertex -6.229926070844242 -18.000000000012182 76.90843170961723
vertex -9.077579173960482 -18.000000000013724 81.803752993226
endloop
endfacet
facet normal 1.2879290301669756e-13 -1.0 -2.4186424694387583e-13
outer loop
vertex -9.077579173960482 -18.000000000013724 81.803752993226
vertex -6.229926070844242 -18.000000000012182 76.90843170961723
vertex -5.747564161049276 -18.000000000012175 77.1082325546265
endloop
endfacet
facet normal 1.2879290301669756e-13 -1.0 -2.4186424694387583e-13
outer loop
vertex -9.077579173960482 -18.000000000013724 81.803752993226
vertex -5.747564161049276 -18.000000000012175 77.1082325546265
vertex -5.229926070844261 -18.000000000012122 77.17638090204836
endloop
endfacet
facet normal 1.2879290301669756e-13 -1.0 -2.4186424694387583e-13
outer loop
vertex -9.077579173960482 -18.000000000013724 81.803752993226
vertex -5.229926070844261 -18.000000000012122 77.17638090204836
vertex -4.712287980639207 -18.000000000012044 77.10823255462651
endloop
endfacet
facet normal 1.2879290301669756e-13 -1.0 -2.4186424694387583e-13
outer loop
vertex -9.077579173960482 -18.000000000013724 81.803752993226
vertex -4.712287980639207 -18.000000000012044 77.10823255462651
vertex -4.229926070844257 -18.000000000011926 76.90843170961725
endloop
endfacet
facet normal 1.2879290301669756e-13 -1.0 -2.4186424694387583e-13
outer loop
vertex -9.077579173960482 -18.000000000013724 81.803752993226
vertex -4.229926070844257 -18.000000000011926 76.90843170961725
vertex -3.8157125084711514 -18.000000000011802 76.59059446442146
endloop
endfacet
facet normal 1.2879290301669756e-13 -1.0 -2.4186424694387583e-13
outer loop
vertex -9.077579173960482 -18.000000000013724 81.803752993226
vertex -3.8157125084711514 -18.000000000011802 76.59059446442146
vertex -8.290702247165525 -18.000000000013966 83.23507680950743
endloop
endfacet
facet normal 1.2879290301669756e-13 -1.0 -2.4186424694387583e-13
outer loop
vertex -8.290702247165525 -18.000000000013966 83.23507680950743
vertex -3.8157125084711514 -18.000000000011802 76.59059446442146
vertex 20.67918491936072 -18.000000000002707 52.09569703658967
endloop
endfacet
endsolid Flansh
