solid Podstavek
facet normal 0.0 0.0 -1.0
outer loop
vertex -54.037176241477084 -306.07106781193625 -46.00000000000055
vertex -60.037176241468515 -356.07106781193727 -46.00000000000055
vertex -60.037176241477084 -306.07106781193727 -46.00000000000055
endloop
endfacet
facet normal 0.0 0.0 -1.0
outer loop
vertex -60.037176241468515 -356.07106781193727 -46.00000000000055
vertex -54.037176241477084 -306.07106781193625 -46.00000000000055
vertex -54.03717624146955 -350.07106781193625 -46.00000000000055
endloop
endfacet
facet normal 0.0 0.0 -1.0
outer loop
vertex -60.037176241468515 -356.07106781193727 -46.00000000000055
vertex -54.03717624146955 -350.07106781193625 -46.00000000000055
vertex -10.037176241468508 -356.0710678119287 -46.00000000000055
endloop
endfacet
facet normal 0.0 0.0 -1.0
outer loop
vertex -10.037176241468508 -356.0710678119287 -46.00000000000055
vertex -54.03717624146955 -350.07106781193625 -46.00000000000055
vertex -10.037176241469522 -350.0710678119287 -46.00000000000055
endloop
endfacet
facet normal 0.9649505047327671 1.6284729570974156e-13 -0.2624319405407392
outer loop
vertex -10.037176241469522 -350.0710678119287 -46.00000000000055
vertex -2.9661084296042213 -349.000000000062 -20.00000000000055
vertex -10.037176241468508 -356.0710678119287 -46.00000000000055
endloop
endfacet
facet normal 0.9649505047327671 1.6284729570974156e-13 -0.2624319405407392
outer loop
vertex -2.9661084296042213 -349.000000000062 -20.00000000000055
vertex -10.037176241469522 -350.0710678119287 -46.00000000000055
vertex -2.9661084296052365 -343.000000000062 -20.00000000000055
endloop
endfacet
facet normal 1.6544625609494143e-13 -0.9649505047327673 0.2624319405407382
outer loop
vertex -10.037176241468508 -356.0710678119287 -46.00000000000055
vertex -12.859139340455332 -355.7914450728738 -44.97183969820838
vertex -60.037176241468515 -356.07106781193727 -46.00000000000055
endloop
endfacet
facet normal 1.6544625609494143e-13 -0.9649505047327673 0.2624319405407382
outer loop
vertex -12.859139340455332 -355.7914450728738 -44.97183969820838
vertex -10.037176241468508 -356.0710678119287 -46.00000000000055
vertex -2.9661084296042213 -349.000000000062 -20.00000000000055
endloop
endfacet
facet normal 1.6544625609494143e-13 -0.9649505047327673 0.2624319405407382
outer loop
vertex -12.859139340455332 -355.7914450728738 -44.97183969820838
vertex -2.9661084296042213 -349.000000000062 -20.00000000000055
vertex -6.093480465418393 -349.0257861978346 -20.09481469558967
endloop
endfacet
facet normal 1.6544625609494143e-13 -0.9649505047327673 0.2624319405407382
outer loop
vertex -6.093480465418393 -349.0257861978346 -20.09481469558967
vertex -2.9661084296042213 -349.000000000062 -20.00000000000055
vertex -49.890308789334036 -349.025786197842 -20.094814695589665
endloop
endfacet
facet normal 1.6544625609494143e-13 -0.9649505047327673 0.2624319405407382
outer loop
vertex -60.037176241468515 -356.07106781193727 -46.00000000000055
vertex -56.65596766437099 -355.7914450728813 -44.97183969820837
vertex -52.966108429604226 -349.0000000000706 -20.00000000000055
endloop
endfacet
facet normal 1.6544625609494143e-13 -0.9649505047327673 0.2624319405407382
outer loop
vertex -56.65596766437099 -355.7914450728813 -44.97183969820837
vertex -60.037176241468515 -356.07106781193727 -46.00000000000055
vertex -12.859139340455332 -355.7914450728738 -44.97183969820838
endloop
endfacet
facet normal 1.6544625609494143e-13 -0.9649505047327673 0.2624319405407382
outer loop
vertex -52.966108429604226 -349.0000000000706 -20.00000000000055
vertex -56.65596766437099 -355.7914450728813 -44.97183969820837
vertex -49.890308789334036 -349.025786197842 -20.094814695589665
endloop
endfacet
facet normal 1.6544625609494143e-13 -0.9649505047327673 0.2624319405407382
outer loop
vertex -52.966108429604226 -349.0000000000706 -20.00000000000055
vertex -49.890308789334036 -349.025786197842 -20.094814695589665
vertex -2.9661084296042213 -349.000000000062 -20.00000000000055
endloop
endfacet
facet normal -1.66970012056823e-13 0.9649505047327674 -0.2624319405407378
outer loop
vertex -52.966108429612795 -299.0000000000706 -20.00000000000055
vertex -54.037176241477084 -306.07106781193625 -46.00000000000055
vertex -60.037176241477084 -306.07106781193727 -46.00000000000055
endloop
endfacet
facet normal -1.66970012056823e-13 0.9649505047327674 -0.2624319405407378
outer loop
vertex -54.037176241477084 -306.07106781193625 -46.00000000000055
vertex -52.966108429612795 -299.0000000000706 -20.00000000000055
vertex -46.966108429612795 -299.0000000000696 -20.00000000000055
endloop
endfacet
facet normal 0.9649505047327652 1.7020664098757988e-13 -0.26243194054074614
outer loop
vertex -54.037176241477084 -306.07106781193625 -46.00000000000055
vertex -46.96610842960526 -343.0000000000696 -20.00000000000055
vertex -54.03717624146955 -350.07106781193625 -46.00000000000055
endloop
endfacet
facet normal 0.9649505047327652 1.7020664098757988e-13 -0.26243194054074614
outer loop
vertex -46.96610842960526 -343.0000000000696 -20.00000000000055
vertex -54.037176241477084 -306.07106781193625 -46.00000000000055
vertex -46.96610842960623 -333.00000000006963 -20.000000000000664
endloop
endfacet
facet normal 0.9649505047327652 1.7020664098757988e-13 -0.26243194054074614
outer loop
vertex -46.96610842960623 -333.00000000006963 -20.000000000000664
vertex -54.037176241477084 -306.07106781193625 -46.00000000000055
vertex -46.96610842961119 -309.0000000000696 -20.00000000000028
endloop
endfacet
facet normal 0.9649505047327652 1.7020664098757988e-13 -0.26243194054074614
outer loop
vertex -46.96610842961119 -309.0000000000696 -20.00000000000028
vertex -54.037176241477084 -306.07106781193625 -46.00000000000055
vertex -46.966108429612795 -299.0000000000696 -20.00000000000055
endloop
endfacet
facet normal -1.6933909096490365e-13 0.9649505047327652 -0.2624319405407463
outer loop
vertex -2.9661084296052365 -343.000000000062 -20.00000000000055
vertex -10.037176241469522 -350.0710678119287 -46.00000000000055
vertex -12.966108429605134 -343.0000000000629 -20.00000000000077
endloop
endfacet
facet normal -1.6933909096490365e-13 0.9649505047327652 -0.2624319405407463
outer loop
vertex -46.96610842960526 -343.0000000000696 -20.00000000000055
vertex -10.037176241469522 -350.0710678119287 -46.00000000000055
vertex -54.03717624146955 -350.07106781193625 -46.00000000000055
endloop
endfacet
facet normal -1.6933909096490365e-13 0.9649505047327652 -0.2624319405407463
outer loop
vertex -10.037176241469522 -350.0710678119287 -46.00000000000055
vertex -46.96610842960526 -343.0000000000696 -20.00000000000055
vertex -36.966108429605306 -343.00000000006776 -20.00000000000069
endloop
endfacet
facet normal -1.6933909096490365e-13 0.9649505047327652 -0.2624319405407463
outer loop
vertex -10.037176241469522 -350.0710678119287 -46.00000000000055
vertex -36.966108429605306 -343.00000000006776 -20.00000000000069
vertex -12.966108429605134 -343.0000000000629 -20.00000000000077
endloop
endfacet
facet normal 1.7145396213891212e-13 -1.0 0.0
outer loop
vertex -2.966108429604225 -349.000000000062 -18.000000000000554
vertex -52.966108429604226 -349.0000000000706 -20.00000000000055
vertex -2.9661084296042213 -349.000000000062 -20.00000000000055
endloop
endfacet
facet normal 1.7145396213891212e-13 -1.0 0.0
outer loop
vertex -52.966108429604226 -349.0000000000706 -20.00000000000055
vertex -2.966108429604225 -349.000000000062 -18.000000000000554
vertex -52.966108429604226 -349.0000000000706 -18.000000000000554
endloop
endfacet
facet normal -1.7228560012221101e-13 1.0 3.4134394836894337e-16
outer loop
vertex -52.966108429612795 -299.0000000000706 -18.000000000000554
vertex -46.966108429612795 -299.0000000000696 -20.00000000000055
vertex -52.966108429612795 -299.0000000000706 -20.00000000000055
endloop
endfacet
facet normal -1.7228560012221101e-13 1.0 3.4134394836894337e-16
outer loop
vertex -46.966108429612795 -299.0000000000696 -20.00000000000055
vertex -52.966108429612795 -299.0000000000706 -18.000000000000554
vertex -41.966108429612795 -299.0000000000687 -20.00000000000055
endloop
endfacet
facet normal -1.7228560012221101e-13 1.0 3.4134394836894337e-16
outer loop
vertex -41.966108429612795 -299.0000000000687 -20.00000000000055
vertex -52.966108429612795 -299.0000000000706 -18.000000000000554
vertex -41.966108429612795 -299.0000000000687 -18.000000000000554
endloop
endfacet
facet normal 1.0 1.7011195676917447e-13 4.640144298140283e-16
outer loop
vertex -2.9661084296052365 -343.000000000062 -20.00000000000055
vertex -2.966108429604225 -349.000000000062 -18.000000000000554
vertex -2.9661084296042213 -349.000000000062 -20.00000000000055
endloop
endfacet
facet normal 1.0 1.7011195676917447e-13 4.640144298140283e-16
outer loop
vertex -2.966108429604225 -349.000000000062 -18.000000000000554
vertex -2.9661084296052365 -343.000000000062 -20.00000000000055
vertex -2.966108429606096 -338.0000000000621 -18.000000000000554
endloop
endfacet
facet normal 1.0 1.7011195676917447e-13 4.640144298140283e-16
outer loop
vertex -2.966108429606096 -338.0000000000621 -18.000000000000554
vertex -2.9661084296052365 -343.000000000062 -20.00000000000055
vertex -2.9661084296060927 -338.0000000000621 -20.00000000000055
endloop
endfacet
facet normal 0.8128966544856386 -0.5789213094383148 -0.0636329050435619
outer loop
vertex -53.64062149923803 -351.88124739354885 -42.02575309501834
vertex -49.890308789334036 -349.025786197842 -20.094814695589665
vertex -56.65596766437099 -355.7914450728813 -44.97183969820837
endloop
endfacet
facet normal 0.8128966544856386 -0.5789213094383148 -0.0636329050435619
outer loop
vertex -49.890308789334036 -349.025786197842 -20.094814695589665
vertex -53.64062149923803 -351.88124739354885 -42.02575309501834
vertex -48.65181841318462 -346.89244430749375 -23.68214733582106
endloop
endfacet
facet normal 1.0275561990040725e-13 -0.6017552635555561 0.7986805386280442
outer loop
vertex -12.859139340455332 -355.7914450728738 -44.97183969820838
vertex -53.64062149923803 -351.88124739354885 -42.02575309501834
vertex -56.65596766437099 -355.7914450728813 -44.97183969820837
endloop
endfacet
facet normal 1.0275561990040725e-13 -0.6017552635555561 0.7986805386280442
outer loop
vertex -53.64062149923803 -351.88124739354885 -42.02575309501834
vertex -12.859139340455332 -355.7914450728738 -44.97183969820838
vertex -13.843793175322388 -351.8812473935421 -42.025753095018345
endloop
endfacet
facet normal -0.8128966544854571 -0.4669520732835639 0.34807296703785034
outer loop
vertex -6.093480465418393 -349.0257861978346 -20.09481469558967
vertex -13.843793175322388 -351.8812473935421 -42.025753095018345
vertex -12.859139340455332 -355.7914450728738 -44.97183969820838
endloop
endfacet
facet normal -0.8128966544854571 -0.4669520732835639 0.34807296703785034
outer loop
vertex -13.843793175322388 -351.8812473935421 -42.025753095018345
vertex -6.093480465418393 -349.0257861978346 -20.09481469558967
vertex -8.85499008926898 -346.892444307487 -23.682147335821067
endloop
endfacet
facet normal 1.4654626908340166e-13 -0.8595008067371123 -0.5111343886085666
outer loop
vertex -6.093480465418393 -349.0257861978346 -20.09481469558967
vertex -48.65181841318462 -346.89244430749375 -23.68214733582106
vertex -8.85499008926898 -346.892444307487 -23.682147335821067
endloop
endfacet
facet normal 1.4654626908340166e-13 -0.8595008067371123 -0.5111343886085666
outer loop
vertex -48.65181841318462 -346.89244430749375 -23.68214733582106
vertex -6.093480465418393 -349.0257861978346 -20.09481469558967
vertex -49.890308789334036 -349.025786197842 -20.094814695589665
endloop
endfacet
facet normal -0.46695207328327937 -0.8128966544856222 0.34807296703784657
outer loop
vertex -55.8473558230891 -309.87768474578974 -42.025753095018345
vertex -52.991894627384276 -302.12737203588483 -20.094814695589676
vertex -59.75755350242119 -308.893030910924 -44.97183969820836
endloop
endfacet
facet normal -0.46695207328327937 -0.8128966544856222 0.34807296703784657
outer loop
vertex -52.991894627384276 -302.12737203588483 -20.094814695589676
vertex -55.8473558230891 -309.87768474578974 -42.025753095018345
vertex -50.858552737035716 -304.8888816597347 -23.68214733582107
endloop
endfacet
facet normal -0.6017552635555506 -1.032808440494094e-13 0.7986805386280487
outer loop
vertex -59.75755350241368 -352.68985923483956 -44.97183969820836
vertex -55.8473558230891 -309.87768474578974 -42.025753095018345
vertex -59.75755350242119 -308.893030910924 -44.97183969820836
endloop
endfacet
facet normal -0.6017552635555506 -1.032808440494094e-13 0.7986805386280487
outer loop
vertex -55.8473558230891 -309.87768474578974 -42.025753095018345
vertex -59.75755350241368 -352.68985923483956 -44.97183969820836
vertex -55.84735582308227 -349.6745130697053 -42.025753095018345
endloop
endfacet
facet normal -0.578921309438588 0.8128966544854443 -0.06363290504355976
outer loop
vertex -52.99189462737676 -345.92420035980047 -20.094814695589676
vertex -55.84735582308227 -349.6745130697053 -42.025753095018345
vertex -59.75755350241368 -352.68985923483956 -44.97183969820836
endloop
endfacet
facet normal -0.578921309438588 0.8128966544854443 -0.06363290504355976
outer loop
vertex -55.84735582308227 -349.6745130697053 -42.025753095018345
vertex -52.99189462737676 -345.92420035980047 -20.094814695589676
vertex -50.85855273702888 -344.68570998365027 -23.68214733582107
endloop
endfacet
facet normal -0.8595008067371087 -1.4751872209076472e-13 -0.5111343886085726
outer loop
vertex -52.991894627384276 -302.12737203588483 -20.094814695589676
vertex -50.85855273702888 -344.68570998365027 -23.68214733582107
vertex -52.99189462737676 -345.92420035980047 -20.094814695589676
endloop
endfacet
facet normal -0.8595008067371087 -1.4751872209076472e-13 -0.5111343886085726
outer loop
vertex -50.85855273702888 -344.68570998365027 -23.68214733582107
vertex -52.991894627384276 -302.12737203588483 -20.094814695589676
vertex -50.858552737035716 -304.8888816597347 -23.68214733582107
endloop
endfacet
facet normal -0.9649505047327669 -1.6574516399032785e-13 0.2624319405407396
outer loop
vertex -50.85855273702888 -344.68570998365027 -23.68214733582107
vertex -55.8473558230891 -309.87768474578974 -42.025753095018345
vertex -55.84735582308227 -349.6745130697053 -42.025753095018345
endloop
endfacet
facet normal -0.9649505047327669 -1.6574516399032785e-13 0.2624319405407396
outer loop
vertex -55.8473558230891 -309.87768474578974 -42.025753095018345
vertex -50.85855273702888 -344.68570998365027 -23.68214733582107
vertex -50.858552737035716 -304.8888816597347 -23.68214733582107
endloop
endfacet
facet normal 1.641396940166723e-13 -0.9649505047327671 0.26243194054073954
outer loop
vertex -8.85499008926898 -346.892444307487 -23.682147335821067
vertex -53.64062149923803 -351.88124739354885 -42.02575309501834
vertex -13.843793175322388 -351.8812473935421 -42.025753095018345
endloop
endfacet
facet normal 1.641396940166723e-13 -0.9649505047327671 0.26243194054073954
outer loop
vertex -53.64062149923803 -351.88124739354885 -42.02575309501834
vertex -8.85499008926898 -346.892444307487 -23.682147335821067
vertex -48.65181841318462 -346.89244430749375 -23.68214733582106
endloop
endfacet
facet normal 1.8047785488309242e-13 -1.0 -1.9344598089167524e-26
outer loop
vertex -41.96610842961151 -309.00000000006867 -18.000000000000554
vertex -46.96610842961119 -309.0000000000696 -20.00000000000028
vertex -41.966108429611936 -309.00000000006867 -20.00000000000055
endloop
endfacet
facet normal 1.8047785488309242e-13 -1.0 -1.9344598089167524e-26
outer loop
vertex -46.96610842961119 -309.0000000000696 -20.00000000000028
vertex -41.96610842961151 -309.00000000006867 -18.000000000000554
vertex -46.96610842961076 -309.0000000000696 -18.000000000000284
endloop
endfacet
facet normal -1.0 -1.917577208132577e-13 5.6399329650741636e-15
outer loop
vertex -12.966108429606075 -338.0000000000634 -18.00000000000049
vertex -12.966108429605134 -343.0000000000629 -20.00000000000077
vertex -12.966108429605116 -343.0000000000633 -18.000000000000774
endloop
endfacet
facet normal -1.0 -1.917577208132577e-13 5.6399329650741636e-15
outer loop
vertex -12.966108429605134 -343.0000000000629 -20.00000000000077
vertex -12.966108429606075 -338.0000000000634 -18.00000000000049
vertex -12.966108429606093 -338.0000000000629 -20.000000000000487
endloop
endfacet
facet normal 1.91574090698931e-15 -1.8829362987940885e-15 1.0
outer loop
vertex -46.96610842960628 -333.00000000006963 -18.000000000000526
vertex -43.69815923718057 -337.00000000006906 -18.000000000000316
vertex -41.966108429607026 -333.00000000006867 -18.00000000000068
endloop
endfacet
facet normal 1.91574090698931e-15 -1.8829362987940885e-15 1.0
outer loop
vertex -43.69815923718057 -337.00000000006906 -18.000000000000316
vertex -46.96610842960628 -333.00000000006963 -18.000000000000526
vertex -43.89796008218975 -337.48236190986404 -18.000000000000316
endloop
endfacet
facet normal 1.91574090698931e-15 -1.8829362987940885e-15 1.0
outer loop
vertex -43.89796008218975 -337.48236190986404 -18.000000000000316
vertex -46.96610842960628 -333.00000000006963 -18.000000000000526
vertex -43.96610842961151 -338.0000000000691 -18.000000000000316
endloop
endfacet
facet normal 1.91574090698931e-15 -1.8829362987940885e-15 1.0
outer loop
vertex -41.966108429607026 -333.00000000006867 -18.00000000000068
vertex -43.69815923718057 -337.00000000006906 -18.000000000000316
vertex -43.380321991984864 -336.58578643769596 -18.000000000000316
endloop
endfacet
facet normal 1.91574090698931e-15 -1.8829362987940885e-15 1.0
outer loop
vertex -41.966108429607026 -333.00000000006867 -18.00000000000068
vertex -43.380321991984864 -336.58578643769596 -18.000000000000316
vertex -42.96610842961182 -336.2679491925001 -18.000000000000316
endloop
endfacet
facet normal 1.91574090698931e-15 -1.8829362987940885e-15 1.0
outer loop
vertex -41.966108429607026 -333.00000000006867 -18.00000000000068
vertex -42.96610842961182 -336.2679491925001 -18.000000000000316
vertex -42.4837465198169 -336.06814834749076 -18.000000000000316
endloop
endfacet
facet normal 1.91574090698931e-15 -1.8829362987940885e-15 1.0
outer loop
vertex -41.966108429607026 -333.00000000006867 -18.00000000000068
vertex -42.4837465198169 -336.06814834749076 -18.000000000000316
vertex -41.96610842961187 -336.0000000000688 -18.000000000000316
endloop
endfacet
facet normal 1.91574090698931e-15 -1.8829362987940885e-15 1.0
outer loop
vertex -41.966108429607026 -333.00000000006867 -18.00000000000068
vertex -41.96610842961187 -336.0000000000688 -18.000000000000316
vertex -41.44847033940682 -336.06814834749053 -18.000000000000316
endloop
endfacet
facet normal 1.91574090698931e-15 -1.8829362987940885e-15 1.0
outer loop
vertex -41.966108429607026 -333.00000000006867 -18.00000000000068
vertex -41.44847033940682 -336.06814834749053 -18.000000000000316
vertex -41.31347746850664 -333.0427756931993 -18.000000000000654
endloop
endfacet
facet normal 1.91574090698931e-15 -1.8829362987940885e-15 1.0
outer loop
vertex -41.31347746850664 -333.0427756931993 -18.000000000000654
vertex -41.44847033940682 -336.06814834749053 -18.000000000000316
vertex -40.96610842961182 -336.2679491924997 -18.000000000000316
endloop
endfacet
facet normal 1.91574090698931e-15 -1.8829362987940885e-15 1.0
outer loop
vertex -41.31347746850664 -333.0427756931993 -18.000000000000654
vertex -40.96610842961182 -336.2679491924997 -18.000000000000316
vertex -40.67201320409415 -333.1703708686228 -18.000000000000625
endloop
endfacet
facet normal 1.91574090698931e-15 -1.8829362987940885e-15 1.0
outer loop
vertex -40.67201320409415 -333.1703708686228 -18.000000000000625
vertex -40.96610842961182 -336.2679491924997 -18.000000000000316
vertex -40.55189486723867 -336.5857864376954 -18.000000000000316
endloop
endfacet
facet normal 1.91574090698931e-15 -1.8829362987940885e-15 1.0
outer loop
vertex -40.67201320409415 -333.1703708686228 -18.000000000000625
vertex -40.55189486723867 -336.5857864376954 -18.000000000000316
vertex -40.05269126778113 -333.38060233751145 -18.000000000000597
endloop
endfacet
facet normal 1.91574090698931e-15 -1.8829362987940885e-15 1.0
outer loop
vertex -40.05269126778113 -333.38060233751145 -18.000000000000597
vertex -40.55189486723867 -336.5857864376954 -18.000000000000316
vertex -40.23405762204281 -337.00000000006844 -18.000000000000316
endloop
endfacet
facet normal 1.91574090698931e-15 -1.8829362987940885e-15 1.0
outer loop
vertex -40.05269126778113 -333.38060233751145 -18.000000000000597
vertex -40.23405762204281 -337.00000000006844 -18.000000000000316
vertex -40.03425677703347 -337.4823619098634 -18.000000000000316
endloop
endfacet
facet normal 1.91574090698931e-15 -1.8829362987940885e-15 1.0
outer loop
vertex -40.05269126778113 -333.38060233751145 -18.000000000000597
vertex -40.03425677703347 -337.4823619098634 -18.000000000000316
vertex -39.46610842960638 -333.66987298114555 -18.000000000000572
endloop
endfacet
facet normal 1.91574090698931e-15 -1.8829362987940885e-15 1.0
outer loop
vertex -39.46610842960638 -333.66987298114555 -18.000000000000572
vertex -40.03425677703347 -337.4823619098634 -18.000000000000316
vertex -39.96610842961151 -338.00000000006844 -18.000000000000316
endloop
endfacet
facet normal 1.91574090698931e-15 -1.8829362987940885e-15 1.0
outer loop
vertex -52.966108429604226 -349.0000000000706 -18.000000000000554
vertex -46.96610842960628 -333.00000000006963 -18.000000000000526
vertex -46.96610842961076 -309.0000000000696 -18.000000000000284
endloop
endfacet
facet normal 1.91574090698931e-15 -1.8829362987940885e-15 1.0
outer loop
vertex -46.96610842960628 -333.00000000006963 -18.000000000000526
vertex -52.966108429604226 -349.0000000000706 -18.000000000000554
vertex -43.69815923718021 -339.00000000006906 -18.000000000000316
endloop
endfacet
facet normal 1.91574090698931e-15 -1.8829362987940885e-15 1.0
outer loop
vertex -43.69815923718021 -339.00000000006906 -18.000000000000316
vertex -52.966108429604226 -349.0000000000706 -18.000000000000554
vertex -43.380321991984346 -339.41421356244217 -18.000000000000316
endloop
endfacet
facet normal 1.91574090698931e-15 -1.8829362987940885e-15 1.0
outer loop
vertex -43.380321991984346 -339.41421356244217 -18.000000000000316
vertex -52.966108429604226 -349.0000000000706 -18.000000000000554
vertex -42.9661084296112 -339.73205080763785 -18.000000000000316
endloop
endfacet
facet normal 1.91574090698931e-15 -1.8829362987940885e-15 1.0
outer loop
vertex -42.9661084296112 -339.73205080763785 -18.000000000000316
vertex -52.966108429604226 -349.0000000000706 -18.000000000000554
vertex -36.96610842960535 -343.00000000006776 -18.000000000000547
endloop
endfacet
facet normal 1.91574090698931e-15 -1.8829362987940885e-15 1.0
outer loop
vertex -36.96610842960535 -343.00000000006776 -18.000000000000547
vertex -52.966108429604226 -349.0000000000706 -18.000000000000554
vertex -2.966108429604225 -349.000000000062 -18.000000000000554
endloop
endfacet
facet normal 1.91574090698931e-15 -1.8829362987940885e-15 1.0
outer loop
vertex -46.96610842960628 -333.00000000006963 -18.000000000000526
vertex -43.69815923718021 -339.00000000006906 -18.000000000000316
vertex -43.897960082189556 -338.51763809027415 -18.000000000000316
endloop
endfacet
facet normal 1.91574090698931e-15 -1.8829362987940885e-15 1.0
outer loop
vertex -46.96610842960628 -333.00000000006963 -18.000000000000526
vertex -43.897960082189556 -338.51763809027415 -18.000000000000316
vertex -43.96610842961151 -338.0000000000691 -18.000000000000316
endloop
endfacet
facet normal 1.91574090698931e-15 -1.8829362987940885e-15 1.0
outer loop
vertex -42.9661084296112 -339.73205080763785 -18.000000000000316
vertex -36.96610842960535 -343.00000000006776 -18.000000000000547
vertex -42.48374651981621 -339.93185165264697 -18.000000000000316
endloop
endfacet
facet normal 1.91574090698931e-15 -1.8829362987940885e-15 1.0
outer loop
vertex -42.48374651981621 -339.93185165264697 -18.000000000000316
vertex -36.96610842960535 -343.00000000006776 -18.000000000000547
vertex -41.96610842961115 -340.0000000000688 -18.000000000000316
endloop
endfacet
facet normal 1.91574090698931e-15 -1.8829362987940885e-15 1.0
outer loop
vertex -41.96610842961115 -340.0000000000688 -18.000000000000316
vertex -36.96610842960535 -343.00000000006776 -18.000000000000547
vertex -41.44847033940612 -339.9318516526468 -18.000000000000316
endloop
endfacet
facet normal 1.91574090698931e-15 -1.8829362987940885e-15 1.0
outer loop
vertex -41.44847033940612 -339.9318516526468 -18.000000000000316
vertex -36.96610842960535 -343.00000000006776 -18.000000000000547
vertex -40.9661084296112 -339.73205080763745 -18.000000000000316
endloop
endfacet
facet normal 1.91574090698931e-15 -1.8829362987940885e-15 1.0
outer loop
vertex -40.9661084296112 -339.73205080763745 -18.000000000000316
vertex -36.96610842960535 -343.00000000006776 -18.000000000000547
vertex -40.55189486723816 -339.4142135624416 -18.000000000000316
endloop
endfacet
facet normal 1.91574090698931e-15 -1.8829362987940885e-15 1.0
outer loop
vertex -40.55189486723816 -339.4142135624416 -18.000000000000316
vertex -36.96610842960535 -343.00000000006776 -18.000000000000547
vertex -40.23405762204245 -339.00000000006844 -18.000000000000316
endloop
endfacet
facet normal 1.91574090698931e-15 -1.8829362987940885e-15 1.0
outer loop
vertex -40.23405762204245 -339.00000000006844 -18.000000000000316
vertex -36.96610842960535 -343.00000000006776 -18.000000000000547
vertex -40.03425677703328 -338.51763809027346 -18.000000000000316
endloop
endfacet
facet normal 1.91574090698931e-15 -1.8829362987940885e-15 1.0
outer loop
vertex -40.03425677703328 -338.51763809027346 -18.000000000000316
vertex -36.96610842960535 -343.00000000006776 -18.000000000000547
vertex -39.96610842961151 -338.00000000006844 -18.000000000000316
endloop
endfacet
facet normal 1.91574090698931e-15 -1.8829362987940885e-15 1.0
outer loop
vertex -39.96610842961151 -338.00000000006844 -18.000000000000316
vertex -36.96610842960535 -343.00000000006776 -18.000000000000547
vertex -39.46610842960638 -333.66987298114555 -18.000000000000572
endloop
endfacet
facet normal 1.91574090698931e-15 -1.8829362987940885e-15 1.0
outer loop
vertex -39.46610842960638 -333.66987298114555 -18.000000000000572
vertex -36.96610842960535 -343.00000000006776 -18.000000000000547
vertex -38.922301284562586 -334.03323329861144 -18.00000000000055
endloop
endfacet
facet normal 1.91574090698931e-15 -1.8829362987940885e-15 1.0
outer loop
vertex -38.922301284562586 -334.03323329861144 -18.00000000000055
vertex -36.96610842960535 -343.00000000006776 -18.000000000000547
vertex -38.43057452367326 -334.4644660941348 -18.00000000000053
endloop
endfacet
facet normal 1.91574090698931e-15 -1.8829362987940885e-15 1.0
outer loop
vertex -38.43057452367326 -334.4644660941348 -18.00000000000053
vertex -36.96610842960535 -343.00000000006776 -18.000000000000547
vertex -37.99934172814964 -334.95619285502397 -18.00000000000051
endloop
endfacet
facet normal 1.91574090698931e-15 -1.8829362987940885e-15 1.0
outer loop
vertex -37.99934172814964 -334.95619285502397 -18.00000000000051
vertex -36.96610842960535 -343.00000000006776 -18.000000000000547
vertex -37.63598141068346 -335.50000000006753 -18.000000000000494
endloop
endfacet
facet normal 1.91574090698931e-15 -1.8829362987940885e-15 1.0
outer loop
vertex -37.63598141068346 -335.50000000006753 -18.000000000000494
vertex -36.96610842960535 -343.00000000006776 -18.000000000000547
vertex -37.346710767049096 -336.0865828382421 -18.000000000000483
endloop
endfacet
facet normal 1.91574090698931e-15 -1.8829362987940885e-15 1.0
outer loop
vertex -37.346710767049096 -336.0865828382421 -18.000000000000483
vertex -36.96610842960535 -343.00000000006776 -18.000000000000547
vertex -37.13647929816009 -336.70590477455505 -18.000000000000476
endloop
endfacet
facet normal 1.91574090698931e-15 -1.8829362987940885e-15 1.0
outer loop
vertex -37.13647929816009 -336.70590477455505 -18.000000000000476
vertex -36.96610842960535 -343.00000000006776 -18.000000000000547
vertex -37.00888412273632 -337.34736903896754 -18.00000000000047
endloop
endfacet
facet normal 1.91574090698931e-15 -1.8829362987940885e-15 1.0
outer loop
vertex -36.96610842960535 -343.00000000006776 -18.000000000000547
vertex -2.966108429604225 -349.000000000062 -18.000000000000554
vertex -12.966108429605116 -343.0000000000633 -18.000000000000774
endloop
endfacet
facet normal 1.91574090698931e-15 -1.8829362987940885e-15 1.0
outer loop
vertex -12.966108429605116 -343.0000000000633 -18.000000000000774
vertex -2.966108429604225 -349.000000000062 -18.000000000000554
vertex -12.795737561051583 -336.70590477455073 -18.00000000000053
endloop
endfacet
facet normal 1.91574090698931e-15 -1.8829362987940885e-15 1.0
outer loop
vertex -12.795737561051583 -336.70590477455073 -18.00000000000053
vertex -2.966108429604225 -349.000000000062 -18.000000000000554
vertex -12.296235448528584 -335.5000000000633 -18.000000000000565
endloop
endfacet
facet normal 1.91574090698931e-15 -1.8829362987940885e-15 1.0
outer loop
vertex -12.296235448528584 -335.5000000000633 -18.000000000000565
vertex -2.966108429604225 -349.000000000062 -18.000000000000554
vertex -9.698159237174803 -339.000000000063 -18.000000000000483
endloop
endfacet
facet normal 1.91574090698931e-15 -1.8829362987940885e-15 1.0
outer loop
vertex -12.296235448528584 -335.5000000000633 -18.000000000000565
vertex -9.698159237174803 -339.000000000063 -18.000000000000483
vertex -9.897960082184138 -338.51763809026806 -18.000000000000494
endloop
endfacet
facet normal 1.91574090698931e-15 -1.8829362987940885e-15 1.0
outer loop
vertex -12.296235448528584 -335.5000000000633 -18.000000000000565
vertex -9.897960082184138 -338.51763809026806 -18.000000000000494
vertex -11.501642335539263 -334.46446609413044 -18.0000000000006
endloop
endfacet
facet normal 1.91574090698931e-15 -1.8829362987940885e-15 1.0
outer loop
vertex -11.501642335539263 -334.46446609413044 -18.0000000000006
vertex -9.897960082184138 -338.51763809026806 -18.000000000000494
vertex -9.966108429606084 -338.00000000006304 -18.000000000000508
endloop
endfacet
facet normal 1.91574090698931e-15 -1.8829362987940885e-15 1.0
outer loop
vertex -11.501642335539263 -334.46446609413044 -18.0000000000006
vertex -9.966108429606084 -338.00000000006304 -18.000000000000508
vertex -10.466108429606628 -333.6698729811409 -18.00000000000063
endloop
endfacet
facet normal 1.91574090698931e-15 -1.8829362987940885e-15 1.0
outer loop
vertex -9.698159237174803 -339.000000000063 -18.000000000000483
vertex -2.966108429604225 -349.000000000062 -18.000000000000554
vertex -9.380321991978956 -339.41421356243603 -18.000000000000473
endloop
endfacet
facet normal 1.91574090698931e-15 -1.8829362987940885e-15 1.0
outer loop
vertex -9.380321991978956 -339.41421356243603 -18.000000000000473
vertex -2.966108429604225 -349.000000000062 -18.000000000000554
vertex -8.96610842960581 -339.73205080763177 -18.000000000000465
endloop
endfacet
facet normal 1.91574090698931e-15 -1.8829362987940885e-15 1.0
outer loop
vertex -8.96610842960581 -339.73205080763177 -18.000000000000465
vertex -2.966108429604225 -349.000000000062 -18.000000000000554
vertex -8.48374651981082 -339.93185165264094 -18.000000000000462
endloop
endfacet
facet normal 1.91574090698931e-15 -1.8829362987940885e-15 1.0
outer loop
vertex -8.48374651981082 -339.93185165264094 -18.000000000000462
vertex -2.966108429604225 -349.000000000062 -18.000000000000554
vertex -7.966108429605769 -340.0000000000627 -18.000000000000465
endloop
endfacet
facet normal 1.91574090698931e-15 -1.8829362987940885e-15 1.0
outer loop
vertex -7.966108429605769 -340.0000000000627 -18.000000000000465
vertex -2.966108429604225 -349.000000000062 -18.000000000000554
vertex -7.448470339400737 -339.93185165264083 -18.000000000000473
endloop
endfacet
facet normal 1.91574090698931e-15 -1.8829362987940885e-15 1.0
outer loop
vertex -7.448470339400737 -339.93185165264083 -18.000000000000473
vertex -2.966108429604225 -349.000000000062 -18.000000000000554
vertex -6.966108429605812 -339.7320508076315 -18.00000000000048
endloop
endfacet
facet normal 1.91574090698931e-15 -1.8829362987940885e-15 1.0
outer loop
vertex -6.966108429605812 -339.7320508076315 -18.00000000000048
vertex -2.966108429604225 -349.000000000062 -18.000000000000554
vertex -6.551894867232766 -339.4142135624356 -18.00000000000049
endloop
endfacet
facet normal 1.91574090698931e-15 -1.8829362987940885e-15 1.0
outer loop
vertex -6.551894867232766 -339.4142135624356 -18.00000000000049
vertex -2.966108429604225 -349.000000000062 -18.000000000000554
vertex -6.234057622037051 -339.00000000006247 -18.000000000000504
endloop
endfacet
facet normal 1.91574090698931e-15 -1.8829362987940885e-15 1.0
outer loop
vertex -6.234057622037051 -339.00000000006247 -18.000000000000504
vertex -2.966108429604225 -349.000000000062 -18.000000000000554
vertex -6.034256777027869 -338.5176380902675 -18.000000000000522
endloop
endfacet
facet normal 1.91574090698931e-15 -1.8829362987940885e-15 1.0
outer loop
vertex -6.034256777027869 -338.5176380902675 -18.000000000000522
vertex -2.966108429604225 -349.000000000062 -18.000000000000554
vertex -5.966108429606087 -338.0000000000624 -18.000000000000536
endloop
endfacet
facet normal 1.91574090698931e-15 -1.8829362987940885e-15 1.0
outer loop
vertex -5.966108429606087 -338.0000000000624 -18.000000000000536
vertex -2.966108429604225 -349.000000000062 -18.000000000000554
vertex -5.466108429606639 -333.66987298114026 -18.00000000000066
endloop
endfacet
facet normal 1.91574090698931e-15 -1.8829362987940885e-15 1.0
outer loop
vertex -5.466108429606639 -333.66987298114026 -18.00000000000066
vertex -2.966108429604225 -349.000000000062 -18.000000000000554
vertex -4.430574523673804 -334.46446609412953 -18.000000000000643
endloop
endfacet
facet normal 1.91574090698931e-15 -1.8829362987940885e-15 1.0
outer loop
vertex -4.430574523673804 -334.46446609412953 -18.000000000000643
vertex -2.966108429604225 -349.000000000062 -18.000000000000554
vertex -3.6359814106842174 -335.5000000000622 -18.00000000000062
endloop
endfacet
facet normal 1.91574090698931e-15 -1.8829362987940885e-15 1.0
outer loop
vertex -3.6359814106842174 -335.5000000000622 -18.00000000000062
vertex -2.966108429604225 -349.000000000062 -18.000000000000554
vertex -3.1364792981609178 -336.70590477454954 -18.00000000000059
endloop
endfacet
facet normal 1.91574090698931e-15 -1.8829362987940885e-15 1.0
outer loop
vertex -3.1364792981609178 -336.70590477454954 -18.00000000000059
vertex -2.966108429604225 -349.000000000062 -18.000000000000554
vertex -2.966108429606096 -338.0000000000621 -18.000000000000554
endloop
endfacet
facet normal 1.91574090698931e-15 -1.8829362987940885e-15 1.0
outer loop
vertex -10.466108429606628 -333.6698729811409 -18.00000000000063
vertex -9.897960082184301 -337.48236190985796 -18.000000000000522
vertex -9.260203655119296 -333.17037086861757 -18.00000000000065
endloop
endfacet
facet normal 1.91574090698931e-15 -1.8829362987940885e-15 1.0
outer loop
vertex -9.897960082184301 -337.48236190985796 -18.000000000000522
vertex -10.466108429606628 -333.6698729811409 -18.00000000000063
vertex -9.966108429606084 -338.00000000006304 -18.000000000000508
endloop
endfacet
facet normal 1.91574090698931e-15 -1.8829362987940885e-15 1.0
outer loop
vertex -9.260203655119296 -333.17037086861757 -18.00000000000065
vertex -9.897960082184301 -337.48236190985796 -18.000000000000522
vertex -9.698159237175119 -337.000000000063 -18.00000000000054
endloop
endfacet
facet normal 1.91574090698931e-15 -1.8829362987940885e-15 1.0
outer loop
vertex -9.260203655119296 -333.17037086861757 -18.00000000000065
vertex -9.698159237175119 -337.000000000063 -18.00000000000054
vertex -9.380321991979404 -336.5857864376899 -18.000000000000554
endloop
endfacet
facet normal 1.91574090698931e-15 -1.8829362987940885e-15 1.0
outer loop
vertex -9.260203655119296 -333.17037086861757 -18.00000000000065
vertex -9.380321991979404 -336.5857864376899 -18.000000000000554
vertex -8.96610842960636 -336.267949192494 -18.000000000000565
endloop
endfacet
facet normal 1.91574090698931e-15 -1.8829362987940885e-15 1.0
outer loop
vertex -9.260203655119296 -333.17037086861757 -18.00000000000065
vertex -8.96610842960636 -336.267949192494 -18.000000000000565
vertex -7.9661084296067175 -333.00000000006276 -18.000000000000664
endloop
endfacet
facet normal 1.91574090698931e-15 -1.8829362987940885e-15 1.0
outer loop
vertex -7.9661084296067175 -333.00000000006276 -18.000000000000664
vertex -8.96610842960636 -336.267949192494 -18.000000000000565
vertex -8.483746519811431 -336.0681483474847 -18.000000000000572
endloop
endfacet
facet normal 1.91574090698931e-15 -1.8829362987940885e-15 1.0
outer loop
vertex -7.9661084296067175 -333.00000000006276 -18.000000000000664
vertex -8.483746519811431 -336.0681483474847 -18.000000000000572
vertex -7.9661084296064 -336.00000000006276 -18.00000000000058
endloop
endfacet
facet normal 1.91574090698931e-15 -1.8829362987940885e-15 1.0
outer loop
vertex -7.9661084296067175 -333.00000000006276 -18.000000000000664
vertex -7.9661084296064 -336.00000000006276 -18.00000000000058
vertex -6.672013204094095 -333.1703708686172 -18.000000000000668
endloop
endfacet
facet normal 1.91574090698931e-15 -1.8829362987940885e-15 1.0
outer loop
vertex -6.672013204094095 -333.1703708686172 -18.000000000000668
vertex -7.9661084296064 -336.00000000006276 -18.00000000000058
vertex -7.448470339401349 -336.0681483474845 -18.000000000000583
endloop
endfacet
facet normal 1.91574090698931e-15 -1.8829362987940885e-15 1.0
outer loop
vertex -6.672013204094095 -333.1703708686172 -18.000000000000668
vertex -7.448470339401349 -336.0681483474845 -18.000000000000583
vertex -6.9661084296063605 -336.2679491924937 -18.00000000000058
endloop
endfacet
facet normal 1.91574090698931e-15 -1.8829362987940885e-15 1.0
outer loop
vertex -6.672013204094095 -333.1703708686172 -18.000000000000668
vertex -6.9661084296063605 -336.2679491924937 -18.00000000000058
vertex -6.551894867233213 -336.5857864376894 -18.000000000000572
endloop
endfacet
facet normal 1.91574090698931e-15 -1.8829362987940885e-15 1.0
outer loop
vertex -6.672013204094095 -333.1703708686172 -18.000000000000668
vertex -6.551894867233213 -336.5857864376894 -18.000000000000572
vertex -5.466108429606639 -333.66987298114026 -18.00000000000066
endloop
endfacet
facet normal 1.91574090698931e-15 -1.8829362987940885e-15 1.0
outer loop
vertex -5.466108429606639 -333.66987298114026 -18.00000000000066
vertex -6.551894867233213 -336.5857864376894 -18.000000000000572
vertex -6.234057622037368 -337.00000000006247 -18.00000000000056
endloop
endfacet
facet normal 1.91574090698931e-15 -1.8829362987940885e-15 1.0
outer loop
vertex -5.466108429606639 -333.66987298114026 -18.00000000000066
vertex -6.234057622037368 -337.00000000006247 -18.00000000000056
vertex -6.034256777028032 -337.4823619098574 -18.00000000000055
endloop
endfacet
facet normal 1.91574090698931e-15 -1.8829362987940885e-15 1.0
outer loop
vertex -5.466108429606639 -333.66987298114026 -18.00000000000066
vertex -6.034256777028032 -337.4823619098574 -18.00000000000055
vertex -5.966108429606087 -338.0000000000624 -18.000000000000536
endloop
endfacet
facet normal 1.91574090698931e-15 -1.8829362987940885e-15 1.0
outer loop
vertex -46.96610842961076 -309.0000000000696 -18.000000000000284
vertex -43.897960082190295 -304.51763809027375 -18.0000000000006
vertex -43.966108429612156 -304.0000000000687 -18.000000000000604
endloop
endfacet
facet normal 1.91574090698931e-15 -1.8829362987940885e-15 1.0
outer loop
vertex -43.897960082190295 -304.51763809027375 -18.0000000000006
vertex -46.96610842961076 -309.0000000000696 -18.000000000000284
vertex -43.69815923718103 -305.0000000000687 -18.0000000000006
endloop
endfacet
facet normal 1.91574090698931e-15 -1.8829362987940885e-15 1.0
outer loop
vertex -43.69815923718103 -305.0000000000687 -18.0000000000006
vertex -46.96610842961076 -309.0000000000696 -18.000000000000284
vertex -41.96610842961151 -309.00000000006867 -18.000000000000554
endloop
endfacet
facet normal 1.91574090698931e-15 -1.8829362987940885e-15 1.0
outer loop
vertex -43.69815923718103 -305.0000000000687 -18.0000000000006
vertex -41.96610842961151 -309.00000000006867 -18.000000000000554
vertex -43.38032199198525 -305.4142135624418 -18.00000000000059
endloop
endfacet
facet normal 1.91574090698931e-15 -1.8829362987940885e-15 1.0
outer loop
vertex -43.38032199198525 -305.4142135624418 -18.00000000000059
vertex -41.96610842961151 -309.00000000006867 -18.000000000000554
vertex -42.96610842961215 -305.73205080763756 -18.00000000000058
endloop
endfacet
facet normal 1.91574090698931e-15 -1.8829362987940885e-15 1.0
outer loop
vertex -42.96610842961215 -305.73205080763756 -18.00000000000058
vertex -41.96610842961151 -309.00000000006867 -18.000000000000554
vertex -42.483746519817196 -305.9318516526468 -18.00000000000057
endloop
endfacet
facet normal 1.91574090698931e-15 -1.8829362987940885e-15 1.0
outer loop
vertex -42.483746519817196 -305.9318516526468 -18.00000000000057
vertex -41.96610842961151 -309.00000000006867 -18.000000000000554
vertex -41.966108429612156 -306.0000000000687 -18.000000000000554
endloop
endfacet
facet normal 1.91574090698931e-15 -1.8829362987940885e-15 1.0
outer loop
vertex -41.966108429612156 -306.0000000000687 -18.000000000000554
vertex -41.96610842961151 -309.00000000006867 -18.000000000000554
vertex -41.448470339407116 -305.9318516526468 -18.00000000000054
endloop
endfacet
facet normal 1.91574090698931e-15 -1.8829362987940885e-15 1.0
outer loop
vertex -41.448470339407116 -305.9318516526468 -18.00000000000054
vertex -41.96610842961151 -309.00000000006867 -18.000000000000554
vertex -40.67201320409893 -308.82962913151385 -18.000000000000522
endloop
endfacet
facet normal 1.91574090698931e-15 -1.8829362987940885e-15 1.0
outer loop
vertex -41.448470339407116 -305.9318516526468 -18.00000000000054
vertex -40.67201320409893 -308.82962913151385 -18.000000000000522
vertex -40.96610842961215 -305.73205080763756 -18.00000000000053
endloop
endfacet
facet normal 1.91574090698931e-15 -1.8829362987940885e-15 1.0
outer loop
vertex -40.96610842961215 -305.73205080763756 -18.00000000000053
vertex -40.67201320409893 -308.82962913151385 -18.000000000000522
vertex -40.55189486723906 -305.4142135624418 -18.000000000000515
endloop
endfacet
facet normal 1.91574090698931e-15 -1.8829362987940885e-15 1.0
outer loop
vertex -40.55189486723906 -305.4142135624418 -18.000000000000515
vertex -40.67201320409893 -308.82962913151385 -18.000000000000522
vertex -39.4661084296116 -308.33012701899054 -18.00000000000049
endloop
endfacet
facet normal 1.91574090698931e-15 -1.8829362987940885e-15 1.0
outer loop
vertex -40.55189486723906 -305.4142135624418 -18.000000000000515
vertex -39.4661084296116 -308.33012701899054 -18.00000000000049
vertex -40.234057622043274 -305.0000000000687 -18.000000000000508
endloop
endfacet
facet normal 1.91574090698931e-15 -1.8829362987940885e-15 1.0
outer loop
vertex -40.234057622043274 -305.0000000000687 -18.000000000000508
vertex -39.4661084296116 -308.33012701899054 -18.00000000000049
vertex -40.03425677703402 -304.51763809027375 -18.000000000000504
endloop
endfacet
facet normal 1.91574090698931e-15 -1.8829362987940885e-15 1.0
outer loop
vertex -40.03425677703402 -304.51763809027375 -18.000000000000504
vertex -39.4661084296116 -308.33012701899054 -18.00000000000049
vertex -39.96610842961215 -304.0000000000687 -18.000000000000504
endloop
endfacet
facet normal 1.91574090698931e-15 -1.8829362987940885e-15 1.0
outer loop
vertex -39.96610842961215 -304.0000000000687 -18.000000000000504
vertex -39.4661084296116 -308.33012701899054 -18.00000000000049
vertex -39.46610842961272 -299.66987298114617 -18.00000000000049
endloop
endfacet
facet normal 1.91574090698931e-15 -1.8829362987940885e-15 1.0
outer loop
vertex -39.46610842961272 -299.66987298114617 -18.00000000000049
vertex -39.4661084296116 -308.33012701899054 -18.00000000000049
vertex -38.43057452367987 -300.4644660941355 -18.000000000000465
endloop
endfacet
facet normal 1.91574090698931e-15 -1.8829362987940885e-15 1.0
outer loop
vertex -38.43057452367987 -300.4644660941355 -18.000000000000465
vertex -39.4661084296116 -308.33012701899054 -18.00000000000049
vertex -38.43057452367896 -307.535533906001 -18.000000000000465
endloop
endfacet
facet normal 1.91574090698931e-15 -1.8829362987940885e-15 1.0
outer loop
vertex -38.43057452367987 -300.4644660941355 -18.000000000000465
vertex -38.43057452367896 -307.535533906001 -18.000000000000465
vertex -37.63598141069029 -301.50000000006816 -18.000000000000448
endloop
endfacet
facet normal 1.91574090698931e-15 -1.8829362987940885e-15 1.0
outer loop
vertex -37.63598141069029 -301.50000000006816 -18.000000000000448
vertex -38.43057452367896 -307.535533906001 -18.000000000000465
vertex -37.635981410689645 -306.50000000006816 -18.000000000000448
endloop
endfacet
facet normal 1.91574090698931e-15 -1.8829362987940885e-15 1.0
outer loop
vertex -37.63598141069029 -301.50000000006816 -18.000000000000448
vertex -37.635981410689645 -306.50000000006816 -18.000000000000448
vertex -37.13647929816698 -302.7059047745555 -18.000000000000433
endloop
endfacet
facet normal 1.91574090698931e-15 -1.8829362987940885e-15 1.0
outer loop
vertex -37.13647929816698 -302.7059047745555 -18.000000000000433
vertex -37.635981410689645 -306.50000000006816 -18.000000000000448
vertex -37.13647929816665 -305.2940952255807 -18.000000000000433
endloop
endfacet
facet normal 1.91574090698931e-15 -1.8829362987940885e-15 1.0
outer loop
vertex -37.13647929816698 -302.7059047745555 -18.000000000000433
vertex -37.13647929816665 -305.2940952255807 -18.000000000000433
vertex -36.96610842961216 -304.00000000006804 -18.00000000000043
endloop
endfacet
facet normal 1.91574090698931e-15 -1.8829362987940885e-15 1.0
outer loop
vertex -52.966108429612795 -299.0000000000706 -18.000000000000554
vertex -46.96610842961076 -309.0000000000696 -18.000000000000284
vertex -41.966108429612795 -299.0000000000687 -18.000000000000554
endloop
endfacet
facet normal 1.91574090698931e-15 -1.8829362987940885e-15 1.0
outer loop
vertex -46.96610842961076 -309.0000000000696 -18.000000000000284
vertex -52.966108429612795 -299.0000000000706 -18.000000000000554
vertex -52.966108429604226 -349.0000000000706 -18.000000000000554
endloop
endfacet
facet normal 1.91574090698931e-15 -1.8829362987940885e-15 1.0
outer loop
vertex -41.966108429612795 -299.0000000000687 -18.000000000000554
vertex -46.96610842961076 -309.0000000000696 -18.000000000000284
vertex -43.69815923718103 -303.0000000000687 -18.0000000000006
endloop
endfacet
facet normal 1.91574090698931e-15 -1.8829362987940885e-15 1.0
outer loop
vertex -43.69815923718103 -303.0000000000687 -18.0000000000006
vertex -46.96610842961076 -309.0000000000696 -18.000000000000284
vertex -43.897960082190295 -303.4823619098637 -18.0000000000006
endloop
endfacet
facet normal 1.91574090698931e-15 -1.8829362987940885e-15 1.0
outer loop
vertex -43.897960082190295 -303.4823619098637 -18.0000000000006
vertex -46.96610842961076 -309.0000000000696 -18.000000000000284
vertex -43.966108429612156 -304.0000000000687 -18.000000000000604
endloop
endfacet
facet normal 1.91574090698931e-15 -1.8829362987940885e-15 1.0
outer loop
vertex -41.966108429612795 -299.0000000000687 -18.000000000000554
vertex -43.69815923718103 -303.0000000000687 -18.0000000000006
vertex -43.38032199198525 -302.5857864376956 -18.00000000000059
endloop
endfacet
facet normal 1.91574090698931e-15 -1.8829362987940885e-15 1.0
outer loop
vertex -41.966108429612795 -299.0000000000687 -18.000000000000554
vertex -43.38032199198525 -302.5857864376956 -18.00000000000059
vertex -42.966108429612156 -302.2679491924998 -18.00000000000058
endloop
endfacet
facet normal 1.91574090698931e-15 -1.8829362987940885e-15 1.0
outer loop
vertex -41.966108429612795 -299.0000000000687 -18.000000000000554
vertex -42.966108429612156 -302.2679491924998 -18.00000000000058
vertex -42.483746519817196 -302.0681483474906 -18.00000000000057
endloop
endfacet
facet normal 1.91574090698931e-15 -1.8829362987940885e-15 1.0
outer loop
vertex -41.966108429612795 -299.0000000000687 -18.000000000000554
vertex -42.483746519817196 -302.0681483474906 -18.00000000000057
vertex -41.966108429612156 -302.0000000000687 -18.000000000000554
endloop
endfacet
facet normal 1.91574090698931e-15 -1.8829362987940885e-15 1.0
outer loop
vertex -41.966108429612795 -299.0000000000687 -18.000000000000554
vertex -41.966108429612156 -302.0000000000687 -18.000000000000554
vertex -40.67201320410017 -299.1703708686232 -18.000000000000522
endloop
endfacet
facet normal 1.91574090698931e-15 -1.8829362987940885e-15 1.0
outer loop
vertex -40.67201320410017 -299.1703708686232 -18.000000000000522
vertex -41.966108429612156 -302.0000000000687 -18.000000000000554
vertex -41.448470339407116 -302.0681483474906 -18.00000000000054
endloop
endfacet
facet normal 1.91574090698931e-15 -1.8829362987940885e-15 1.0
outer loop
vertex -40.67201320410017 -299.1703708686232 -18.000000000000522
vertex -41.448470339407116 -302.0681483474906 -18.00000000000054
vertex -40.966108429612156 -302.2679491924998 -18.00000000000053
endloop
endfacet
facet normal 1.91574090698931e-15 -1.8829362987940885e-15 1.0
outer loop
vertex -40.67201320410017 -299.1703708686232 -18.000000000000522
vertex -40.966108429612156 -302.2679491924998 -18.00000000000053
vertex -40.55189486723906 -302.5857864376956 -18.000000000000515
endloop
endfacet
facet normal 1.91574090698931e-15 -1.8829362987940885e-15 1.0
outer loop
vertex -40.67201320410017 -299.1703708686232 -18.000000000000522
vertex -40.55189486723906 -302.5857864376956 -18.000000000000515
vertex -39.46610842961272 -299.66987298114617 -18.00000000000049
endloop
endfacet
facet normal 1.91574090698931e-15 -1.8829362987940885e-15 1.0
outer loop
vertex -39.46610842961272 -299.66987298114617 -18.00000000000049
vertex -40.55189486723906 -302.5857864376956 -18.000000000000515
vertex -40.234057622043274 -303.0000000000687 -18.000000000000508
endloop
endfacet
facet normal 1.91574090698931e-15 -1.8829362987940885e-15 1.0
outer loop
vertex -39.46610842961272 -299.66987298114617 -18.00000000000049
vertex -40.234057622043274 -303.0000000000687 -18.000000000000508
vertex -40.03425677703402 -303.4823619098637 -18.000000000000504
endloop
endfacet
facet normal 1.91574090698931e-15 -1.8829362987940885e-15 1.0
outer loop
vertex -39.46610842961272 -299.66987298114617 -18.00000000000049
vertex -40.03425677703402 -303.4823619098637 -18.000000000000504
vertex -39.96610842961215 -304.0000000000687 -18.000000000000504
endloop
endfacet
facet normal 1.91574090698931e-15 -1.8829362987940885e-15 1.0
outer loop
vertex -12.795737561051583 -336.70590477455073 -18.00000000000053
vertex -12.966108429606075 -338.0000000000634 -18.00000000000049
vertex -12.966108429605116 -343.0000000000633 -18.000000000000774
endloop
endfacet
facet normal 1.91574090698931e-15 -1.8829362987940885e-15 1.0
outer loop
vertex -36.96610842960535 -338.00000000006787 -18.00000000000047
vertex -37.00888412273632 -337.34736903896754 -18.00000000000047
vertex -36.96610842960535 -343.00000000006776 -18.000000000000547
endloop
endfacet
facet normal -1.9101886496630208e-13 1.0 4.135950841071477e-14
outer loop
vertex -36.966108429605306 -343.00000000006776 -20.00000000000069
vertex -12.966108429605116 -343.0000000000633 -18.000000000000774
vertex -12.966108429605134 -343.0000000000629 -20.00000000000077
endloop
endfacet
facet normal -1.9101886496630208e-13 1.0 4.135950841071477e-14
outer loop
vertex -12.966108429605116 -343.0000000000633 -18.000000000000774
vertex -36.966108429605306 -343.00000000006776 -20.00000000000069
vertex -36.96610842960535 -343.00000000006776 -18.000000000000547
endloop
endfacet
facet normal 1.0 1.8351947811970096e-13 -1.0292877661299265e-13
outer loop
vertex -46.96610842961119 -309.0000000000696 -20.00000000000028
vertex -46.96610842960628 -333.00000000006963 -18.000000000000526
vertex -46.96610842960623 -333.00000000006963 -20.000000000000664
endloop
endfacet
facet normal 1.0 1.8351947811970096e-13 -1.0292877661299265e-13
outer loop
vertex -46.96610842960628 -333.00000000006963 -18.000000000000526
vertex -46.96610842961119 -309.0000000000696 -20.00000000000028
vertex -46.96610842961076 -309.0000000000696 -18.000000000000284
endloop
endfacet
facet normal 1.3665250004148484e-15 -1.4278676352844775e-14 -1.0
outer loop
vertex -41.96610842960698 -333.00000000006867 -20.000000000000817
vertex -46.96610842960526 -343.0000000000696 -20.00000000000055
vertex -46.96610842960623 -333.00000000006963 -20.000000000000664
endloop
endfacet
facet normal 1.3665250004148484e-15 -1.4278676352844775e-14 -1.0
outer loop
vertex -46.96610842960526 -343.0000000000696 -20.00000000000055
vertex -41.96610842960698 -333.00000000006867 -20.000000000000817
vertex -43.698159237180526 -337.00000000006906 -20.00000000000046
endloop
endfacet
facet normal 1.3665250004148484e-15 -1.4278676352844775e-14 -1.0
outer loop
vertex -46.96610842960526 -343.0000000000696 -20.00000000000055
vertex -43.698159237180526 -337.00000000006906 -20.00000000000046
vertex -43.8979600821897 -337.48236190986404 -20.00000000000046
endloop
endfacet
facet normal 1.3665250004148484e-15 -1.4278676352844775e-14 -1.0
outer loop
vertex -46.96610842960526 -343.0000000000696 -20.00000000000055
vertex -43.8979600821897 -337.48236190986404 -20.00000000000046
vertex -43.96610842961147 -338.0000000000691 -20.00000000000046
endloop
endfacet
facet normal 1.3665250004148484e-15 -1.4278676352844775e-14 -1.0
outer loop
vertex -43.698159237180526 -337.00000000006906 -20.00000000000046
vertex -41.96610842960698 -333.00000000006867 -20.000000000000817
vertex -43.380321991984815 -336.58578643769596 -20.00000000000046
endloop
endfacet
facet normal 1.3665250004148484e-15 -1.4278676352844775e-14 -1.0
outer loop
vertex -43.380321991984815 -336.58578643769596 -20.00000000000046
vertex -41.96610842960698 -333.00000000006867 -20.000000000000817
vertex -42.96610842961178 -336.2679491925001 -20.00000000000046
endloop
endfacet
facet normal 1.3665250004148484e-15 -1.4278676352844775e-14 -1.0
outer loop
vertex -42.96610842961178 -336.2679491925001 -20.00000000000046
vertex -41.96610842960698 -333.00000000006867 -20.000000000000817
vertex -42.483746519816854 -336.06814834749076 -20.00000000000046
endloop
endfacet
facet normal 1.3665250004148484e-15 -1.4278676352844775e-14 -1.0
outer loop
vertex -42.483746519816854 -336.06814834749076 -20.00000000000046
vertex -41.96610842960698 -333.00000000006867 -20.000000000000817
vertex -41.96610842961183 -336.0000000000688 -20.00000000000046
endloop
endfacet
facet normal 1.3665250004148484e-15 -1.4278676352844775e-14 -1.0
outer loop
vertex -41.96610842961183 -336.0000000000688 -20.00000000000046
vertex -41.96610842960698 -333.00000000006867 -20.000000000000817
vertex -41.44847033940677 -336.06814834749053 -20.00000000000046
endloop
endfacet
facet normal 1.3665250004148484e-15 -1.4278676352844775e-14 -1.0
outer loop
vertex -41.44847033940677 -336.06814834749053 -20.00000000000046
vertex -41.96610842960698 -333.00000000006867 -20.000000000000817
vertex -41.3134774685066 -333.0427756931993 -20.000000000000792
endloop
endfacet
facet normal 1.3665250004148484e-15 -1.4278676352844775e-14 -1.0
outer loop
vertex -41.44847033940677 -336.06814834749053 -20.00000000000046
vertex -41.3134774685066 -333.0427756931993 -20.000000000000792
vertex -40.96610842961178 -336.2679491924997 -20.00000000000046
endloop
endfacet
facet normal 1.3665250004148484e-15 -1.4278676352844775e-14 -1.0
outer loop
vertex -40.96610842961178 -336.2679491924997 -20.00000000000046
vertex -41.3134774685066 -333.0427756931993 -20.000000000000792
vertex -40.6720132040941 -333.1703708686228 -20.000000000000764
endloop
endfacet
facet normal 1.3665250004148484e-15 -1.4278676352844775e-14 -1.0
outer loop
vertex -40.96610842961178 -336.2679491924997 -20.00000000000046
vertex -40.6720132040941 -333.1703708686228 -20.000000000000764
vertex -40.55189486723862 -336.5857864376954 -20.00000000000046
endloop
endfacet
facet normal 1.3665250004148484e-15 -1.4278676352844775e-14 -1.0
outer loop
vertex -40.55189486723862 -336.5857864376954 -20.00000000000046
vertex -40.6720132040941 -333.1703708686228 -20.000000000000764
vertex -40.05269126778108 -333.38060233751145 -20.000000000000735
endloop
endfacet
facet normal 1.3665250004148484e-15 -1.4278676352844775e-14 -1.0
outer loop
vertex -40.55189486723862 -336.5857864376954 -20.00000000000046
vertex -40.05269126778108 -333.38060233751145 -20.000000000000735
vertex -40.23405762204277 -337.00000000006844 -20.00000000000046
endloop
endfacet
facet normal 1.3665250004148484e-15 -1.4278676352844775e-14 -1.0
outer loop
vertex -40.23405762204277 -337.00000000006844 -20.00000000000046
vertex -40.05269126778108 -333.38060233751145 -20.000000000000735
vertex -40.03425677703342 -337.4823619098634 -20.00000000000046
endloop
endfacet
facet normal 1.3665250004148484e-15 -1.4278676352844775e-14 -1.0
outer loop
vertex -40.03425677703342 -337.4823619098634 -20.00000000000046
vertex -40.05269126778108 -333.38060233751145 -20.000000000000735
vertex -39.46610842960634 -333.66987298114555 -20.000000000000714
endloop
endfacet
facet normal 1.3665250004148484e-15 -1.4278676352844775e-14 -1.0
outer loop
vertex -40.03425677703342 -337.4823619098634 -20.00000000000046
vertex -39.46610842960634 -333.66987298114555 -20.000000000000714
vertex -39.96610842961146 -338.00000000006844 -20.00000000000046
endloop
endfacet
facet normal 1.3665250004148484e-15 -1.4278676352844775e-14 -1.0
outer loop
vertex -46.96610842960526 -343.0000000000696 -20.00000000000055
vertex -42.966108429611154 -339.73205080763785 -20.00000000000046
vertex -36.966108429605306 -343.00000000006776 -20.00000000000069
endloop
endfacet
facet normal 1.3665250004148484e-15 -1.4278676352844775e-14 -1.0
outer loop
vertex -42.966108429611154 -339.73205080763785 -20.00000000000046
vertex -46.96610842960526 -343.0000000000696 -20.00000000000055
vertex -43.3803219919843 -339.41421356244217 -20.00000000000046
endloop
endfacet
facet normal 1.3665250004148484e-15 -1.4278676352844775e-14 -1.0
outer loop
vertex -43.3803219919843 -339.41421356244217 -20.00000000000046
vertex -46.96610842960526 -343.0000000000696 -20.00000000000055
vertex -43.698159237180164 -339.00000000006906 -20.00000000000046
endloop
endfacet
facet normal 1.3665250004148484e-15 -1.4278676352844775e-14 -1.0
outer loop
vertex -43.698159237180164 -339.00000000006906 -20.00000000000046
vertex -46.96610842960526 -343.0000000000696 -20.00000000000055
vertex -43.897960082189506 -338.51763809027415 -20.00000000000046
endloop
endfacet
facet normal 1.3665250004148484e-15 -1.4278676352844775e-14 -1.0
outer loop
vertex -43.897960082189506 -338.51763809027415 -20.00000000000046
vertex -46.96610842960526 -343.0000000000696 -20.00000000000055
vertex -43.96610842961147 -338.0000000000691 -20.00000000000046
endloop
endfacet
facet normal 1.3665250004148484e-15 -1.4278676352844775e-14 -1.0
outer loop
vertex -36.966108429605306 -343.00000000006776 -20.00000000000069
vertex -42.966108429611154 -339.73205080763785 -20.00000000000046
vertex -42.48374651981616 -339.93185165264697 -20.00000000000046
endloop
endfacet
facet normal 1.3665250004148484e-15 -1.4278676352844775e-14 -1.0
outer loop
vertex -36.966108429605306 -343.00000000006776 -20.00000000000069
vertex -42.48374651981616 -339.93185165264697 -20.00000000000046
vertex -41.966108429611104 -340.0000000000688 -20.00000000000046
endloop
endfacet
facet normal 1.3665250004148484e-15 -1.4278676352844775e-14 -1.0
outer loop
vertex -36.966108429605306 -343.00000000006776 -20.00000000000069
vertex -41.966108429611104 -340.0000000000688 -20.00000000000046
vertex -41.44847033940608 -339.9318516526468 -20.00000000000046
endloop
endfacet
facet normal 1.3665250004148484e-15 -1.4278676352844775e-14 -1.0
outer loop
vertex -36.966108429605306 -343.00000000006776 -20.00000000000069
vertex -41.44847033940608 -339.9318516526468 -20.00000000000046
vertex -40.966108429611154 -339.73205080763745 -20.00000000000046
endloop
endfacet
facet normal 1.3665250004148484e-15 -1.4278676352844775e-14 -1.0
outer loop
vertex -36.966108429605306 -343.00000000006776 -20.00000000000069
vertex -40.966108429611154 -339.73205080763745 -20.00000000000046
vertex -40.55189486723811 -339.4142135624416 -20.00000000000046
endloop
endfacet
facet normal 1.3665250004148484e-15 -1.4278676352844775e-14 -1.0
outer loop
vertex -36.966108429605306 -343.00000000006776 -20.00000000000069
vertex -40.55189486723811 -339.4142135624416 -20.00000000000046
vertex -40.23405762204241 -339.00000000006844 -20.00000000000046
endloop
endfacet
facet normal 1.3665250004148484e-15 -1.4278676352844775e-14 -1.0
outer loop
vertex -36.966108429605306 -343.00000000006776 -20.00000000000069
vertex -40.23405762204241 -339.00000000006844 -20.00000000000046
vertex -40.03425677703323 -338.51763809027346 -20.00000000000046
endloop
endfacet
facet normal 1.3665250004148484e-15 -1.4278676352844775e-14 -1.0
outer loop
vertex -36.966108429605306 -343.00000000006776 -20.00000000000069
vertex -40.03425677703323 -338.51763809027346 -20.00000000000046
vertex -39.96610842961146 -338.00000000006844 -20.00000000000046
endloop
endfacet
facet normal 1.3665250004148484e-15 -1.4278676352844775e-14 -1.0
outer loop
vertex -36.966108429605306 -343.00000000006776 -20.00000000000069
vertex -39.96610842961146 -338.00000000006844 -20.00000000000046
vertex -39.46610842960634 -333.66987298114555 -20.000000000000714
endloop
endfacet
facet normal 1.3665250004148484e-15 -1.4278676352844775e-14 -1.0
outer loop
vertex -36.966108429605306 -343.00000000006776 -20.00000000000069
vertex -39.46610842960634 -333.66987298114555 -20.000000000000714
vertex -38.922301284562536 -334.03323329861144 -20.00000000000069
endloop
endfacet
facet normal 1.3665250004148484e-15 -1.4278676352844775e-14 -1.0
outer loop
vertex -36.966108429605306 -343.00000000006776 -20.00000000000069
vertex -38.922301284562536 -334.03323329861144 -20.00000000000069
vertex -38.430574523673215 -334.4644660941348 -20.000000000000668
endloop
endfacet
facet normal 1.3665250004148484e-15 -1.4278676352844775e-14 -1.0
outer loop
vertex -36.966108429605306 -343.00000000006776 -20.00000000000069
vertex -38.430574523673215 -334.4644660941348 -20.000000000000668
vertex -37.999341728149595 -334.95619285502397 -20.00000000000065
endloop
endfacet
facet normal 1.3665250004148484e-15 -1.4278676352844775e-14 -1.0
outer loop
vertex -36.966108429605306 -343.00000000006776 -20.00000000000069
vertex -37.999341728149595 -334.95619285502397 -20.00000000000065
vertex -37.63598141068342 -335.50000000006753 -20.000000000000636
endloop
endfacet
facet normal 1.3665250004148484e-15 -1.4278676352844775e-14 -1.0
outer loop
vertex -36.966108429605306 -343.00000000006776 -20.00000000000069
vertex -37.63598141068342 -335.50000000006753 -20.000000000000636
vertex -37.346710767049046 -336.0865828382421 -20.00000000000062
endloop
endfacet
facet normal 1.3665250004148484e-15 -1.4278676352844775e-14 -1.0
outer loop
vertex -36.966108429605306 -343.00000000006776 -20.00000000000069
vertex -37.346710767049046 -336.0865828382421 -20.00000000000062
vertex -37.13647929816005 -336.70590477455505 -20.000000000000615
endloop
endfacet
facet normal 1.3665250004148484e-15 -1.4278676352844775e-14 -1.0
outer loop
vertex -36.966108429605306 -343.00000000006776 -20.00000000000069
vertex -37.13647929816005 -336.70590477455505 -20.000000000000615
vertex -37.008884122736276 -337.34736903896754 -20.000000000000608
endloop
endfacet
facet normal 1.3665250004148484e-15 -1.4278676352844775e-14 -1.0
outer loop
vertex -36.966108429605306 -343.00000000006776 -20.00000000000069
vertex -37.008884122736276 -337.34736903896754 -20.000000000000608
vertex -36.966108429605306 -338.00000000006787 -20.000000000000608
endloop
endfacet
facet normal -1.8950174762724708e-13 1.0 -2.1365627654691353e-27
outer loop
vertex -46.96610842960623 -333.00000000006963 -20.000000000000664
vertex -41.966108429607026 -333.00000000006867 -18.00000000000068
vertex -41.96610842960698 -333.00000000006867 -20.000000000000817
endloop
endfacet
facet normal -1.8950174762724708e-13 1.0 -2.1365627654691353e-27
outer loop
vertex -41.966108429607026 -333.00000000006867 -18.00000000000068
vertex -46.96610842960623 -333.00000000006963 -20.000000000000664
vertex -46.96610842960628 -333.00000000006963 -18.000000000000526
endloop
endfacet
facet normal 1.0 -1.7800030213619279e-28 1.1279865930191189e-14
outer loop
vertex -36.966108429605306 -338.00000000006787 -20.000000000000608
vertex -36.96610842960535 -343.00000000006776 -18.000000000000547
vertex -36.966108429605306 -343.00000000006776 -20.00000000000069
endloop
endfacet
facet normal 1.0 -1.7800030213619279e-28 1.1279865930191189e-14
outer loop
vertex -36.96610842960535 -343.00000000006776 -18.000000000000547
vertex -36.966108429605306 -338.00000000006787 -20.000000000000608
vertex -36.96610842960535 -338.00000000006787 -18.00000000000047
endloop
endfacet
facet normal 0.9914448613738047 0.1305261922200947 8.106078965247426e-15
outer loop
vertex -37.008884122736276 -337.34736903896754 -20.000000000000608
vertex -36.96610842960535 -338.00000000006787 -18.00000000000047
vertex -36.966108429605306 -338.00000000006787 -20.000000000000608
endloop
endfacet
facet normal 0.9978589232386016 0.0654031292301721 8.593921610647742e-15
outer loop
vertex -36.96610842960535 -338.00000000006787 -18.00000000000047
vertex -37.008884122736276 -337.34736903896754 -20.000000000000608
vertex -37.00888412273632 -337.34736903896754 -18.00000000000047
endloop
endfacet
facet normal 0.9659258262890486 0.25881904510259474 7.028496907621297e-15
outer loop
vertex -37.13647929816005 -336.70590477455505 -20.000000000000615
vertex -37.00888412273632 -337.34736903896754 -18.00000000000047
vertex -37.008884122736276 -337.34736903896754 -20.000000000000608
endloop
endfacet
facet normal 0.9914448613738046 0.1305261922200946 8.106078965247427e-15
outer loop
vertex -37.00888412273632 -337.34736903896754 -18.00000000000047
vertex -37.13647929816005 -336.70590477455505 -20.000000000000615
vertex -37.13647929816009 -336.70590477455505 -18.000000000000476
endloop
endfacet
facet normal 0.9238795325112406 0.3826834323652014 5.83065531923811e-15
outer loop
vertex -37.346710767049046 -336.0865828382421 -20.00000000000062
vertex -37.13647929816009 -336.70590477455505 -18.000000000000476
vertex -37.13647929816005 -336.70590477455505 -20.000000000000615
endloop
endfacet
facet normal 0.9659258262890487 0.2588190451025944 7.028496907621301e-15
outer loop
vertex -37.13647929816009 -336.70590477455505 -18.000000000000476
vertex -37.346710767049046 -336.0865828382421 -20.00000000000062
vertex -37.346710767049096 -336.0865828382421 -18.000000000000483
endloop
endfacet
facet normal 0.8660254037843481 0.5000000000001568 4.533049601779466e-15
outer loop
vertex -37.63598141068342 -335.50000000006753 -20.000000000000636
vertex -37.346710767049096 -336.0865828382421 -18.000000000000483
vertex -37.346710767049046 -336.0865828382421 -20.00000000000062
endloop
endfacet
facet normal 0.9238795325112408 0.3826834323652009 5.830655319238116e-15
outer loop
vertex -37.346710767049096 -336.0865828382421 -18.000000000000483
vertex -37.63598141068342 -335.50000000006753 -20.000000000000636
vertex -37.63598141068346 -335.50000000006753 -18.000000000000494
endloop
endfacet
facet normal 0.7933533402911089 0.6087614290088852 3.1578821488358827e-15
outer loop
vertex -37.999341728149595 -334.95619285502397 -20.00000000000065
vertex -37.63598141068346 -335.50000000006753 -18.000000000000494
vertex -37.63598141068342 -335.50000000006753 -20.000000000000636
endloop
endfacet
facet normal 0.8660254037843486 0.5000000000001561 4.533049601779475e-15
outer loop
vertex -37.63598141068346 -335.50000000006753 -18.000000000000494
vertex -37.999341728149595 -334.95619285502397 -20.00000000000065
vertex -37.99934172814964 -334.95619285502397 -18.00000000000051
endloop
endfacet
facet normal 0.7071067811863774 0.7071067811867177 1.7286824567952793e-15
outer loop
vertex -38.430574523673215 -334.4644660941348 -20.000000000000668
vertex -37.99934172814964 -334.95619285502397 -18.00000000000051
vertex -37.999341728149595 -334.95619285502397 -20.00000000000065
endloop
endfacet
facet normal 0.7933533402911096 0.6087614290088844 3.157882148835895e-15
outer loop
vertex -37.99934172814964 -334.95619285502397 -18.00000000000051
vertex -38.430574523673215 -334.4644660941348 -20.000000000000668
vertex -38.43057452367326 -334.4644660941348 -18.00000000000053
endloop
endfacet
facet normal 0.6087614290084747 0.7933533402914238 2.699045286371673e-16
outer loop
vertex -38.922301284562586 -334.03323329861144 -18.00000000000055
vertex -38.430574523673215 -334.4644660941348 -20.000000000000668
vertex -38.922301284562536 -334.03323329861144 -20.00000000000069
endloop
endfacet
facet normal 0.7071067811863774 0.7071067811867177 1.7286824567952793e-15
outer loop
vertex -38.430574523673215 -334.4644660941348 -20.000000000000668
vertex -38.922301284562586 -334.03323329861144 -18.00000000000055
vertex -38.43057452367326 -334.4644660941348 -18.00000000000053
endloop
endfacet
facet normal 0.49999999999972133 0.8660254037845995 -1.1934915408369642e-15
outer loop
vertex -39.46610842960638 -333.66987298114555 -18.000000000000572
vertex -38.922301284562536 -334.03323329861144 -20.00000000000069
vertex -39.46610842960634 -333.66987298114555 -20.000000000000714
endloop
endfacet
facet normal 0.6087614290084736 0.7933533402914247 2.699045286371518e-16
outer loop
vertex -38.922301284562536 -334.03323329861144 -20.00000000000069
vertex -39.46610842960638 -333.66987298114555 -18.000000000000572
vertex -38.922301284562586 -334.03323329861144 -18.00000000000055
endloop
endfacet
facet normal 0.3826834323647604 0.9238795325114231 -2.6364666391492516e-15
outer loop
vertex -40.05269126778113 -333.38060233751145 -18.000000000000597
vertex -39.46610842960634 -333.66987298114555 -20.000000000000714
vertex -40.05269126778108 -333.38060233751145 -20.000000000000735
endloop
endfacet
facet normal 0.4999999999997203 0.8660254037846001 -1.193491540836978e-15
outer loop
vertex -39.46610842960634 -333.66987298114555 -20.000000000000714
vertex -40.05269126778113 -333.38060233751145 -18.000000000000597
vertex -39.46610842960638 -333.66987298114555 -18.000000000000572
endloop
endfacet
facet normal 0.25881904510212467 0.9659258262891744 -4.034331062299221e-15
outer loop
vertex -40.67201320409415 -333.1703708686228 -18.000000000000625
vertex -40.05269126778108 -333.38060233751145 -20.000000000000735
vertex -40.6720132040941 -333.1703708686228 -20.000000000000764
endloop
endfacet
facet normal 0.38268343236475905 0.9238795325114236 -2.6364666391492678e-15
outer loop
vertex -40.05269126778108 -333.38060233751145 -20.000000000000735
vertex -40.67201320409415 -333.1703708686228 -18.000000000000625
vertex -40.05269126778113 -333.38060233751145 -18.000000000000597
endloop
endfacet
facet normal 0.13052619221958794 0.9914448613738713 -5.3631669624453454e-15
outer loop
vertex -41.31347746850664 -333.0427756931993 -18.000000000000654
vertex -40.6720132040941 -333.1703708686228 -20.000000000000764
vertex -41.3134774685066 -333.0427756931993 -20.000000000000792
endloop
endfacet
facet normal 0.258819045102123 0.965925826289175 -4.034331062299239e-15
outer loop
vertex -40.6720132040941 -333.1703708686228 -20.000000000000764
vertex -41.31347746850664 -333.0427756931993 -18.000000000000654
vertex -40.67201320409415 -333.1703708686228 -18.000000000000625
endloop
endfacet
facet normal 0.06540312922961974 0.9978589232386378 -5.994537039630409e-15
outer loop
vertex -41.966108429607026 -333.00000000006867 -18.00000000000068
vertex -41.3134774685066 -333.0427756931993 -20.000000000000792
vertex -41.96610842960698 -333.00000000006867 -20.000000000000817
endloop
endfacet
facet normal 0.13052619221958642 0.9914448613738717 -5.363166962445363e-15
outer loop
vertex -41.3134774685066 -333.0427756931993 -20.000000000000792
vertex -41.966108429607026 -333.00000000006867 -18.00000000000068
vertex -41.31347746850664 -333.0427756931993 -18.000000000000654
endloop
endfacet
facet normal 0.9659258262891134 -0.2588190451023527 1.0445031288043337e-14
outer loop
vertex -43.8979600821897 -337.48236190986404 -20.00000000000046
vertex -43.96610842961151 -338.0000000000691 -18.000000000000316
vertex -43.96610842961147 -338.0000000000691 -20.00000000000046
endloop
endfacet
facet normal 1.0 1.8770361884190678e-13 9.044963764347257e-15
outer loop
vertex -43.96610842961151 -338.0000000000691 -18.000000000000316
vertex -43.8979600821897 -337.48236190986404 -20.00000000000046
vertex -43.89796008218975 -337.48236190986404 -18.000000000000316
endloop
endfacet
facet normal 0.8660254037845219 -0.49999999999985606 1.1133287190689525e-14
outer loop
vertex -43.698159237180526 -337.00000000006906 -20.00000000000046
vertex -43.89796008218975 -337.48236190986404 -18.000000000000316
vertex -43.8979600821897 -337.48236190986404 -20.00000000000046
endloop
endfacet
facet normal 0.9659258262891137 -0.2588190451023517 1.0445031288043334e-14
outer loop
vertex -43.89796008218975 -337.48236190986404 -18.000000000000316
vertex -43.698159237180526 -337.00000000006906 -20.00000000000046
vertex -43.69815923718057 -337.00000000006906 -18.000000000000316
endloop
endfacet
facet normal 0.7071067811866726 -0.7071067811864226 1.1062827969917205e-14
outer loop
vertex -43.380321991984815 -336.58578643769596 -20.00000000000046
vertex -43.69815923718057 -337.00000000006906 -18.000000000000316
vertex -43.698159237180526 -337.00000000006906 -20.00000000000046
endloop
endfacet
facet normal 0.8660254037845228 -0.4999999999998544 1.113328719068952e-14
outer loop
vertex -43.69815923718057 -337.00000000006906 -18.000000000000316
vertex -43.380321991984815 -336.58578643769596 -20.00000000000046
vertex -43.380321991984864 -336.58578643769596 -18.000000000000316
endloop
endfacet
facet normal 0.5000000000001567 -0.8660254037843481 1.0238455305182696e-14
outer loop
vertex -42.96610842961182 -336.2679491925001 -18.000000000000316
vertex -43.380321991984815 -336.58578643769596 -20.00000000000046
vertex -42.96610842961178 -336.2679491925001 -20.00000000000046
endloop
endfacet
facet normal 0.7071067811866726 -0.7071067811864226 1.1062827969917205e-14
outer loop
vertex -43.380321991984815 -336.58578643769596 -20.00000000000046
vertex -42.96610842961182 -336.2679491925001 -18.000000000000316
vertex -43.380321991984864 -336.58578643769596 -18.000000000000316
endloop
endfacet
facet normal 0.25881904510270237 -0.9659258262890198 8.716348831247417e-15
outer loop
vertex -42.4837465198169 -336.06814834749076 -18.000000000000316
vertex -42.96610842961178 -336.2679491925001 -20.00000000000046
vertex -42.483746519816854 -336.06814834749076 -20.00000000000046
endloop
endfacet
facet normal 0.5000000000001539 -0.8660254037843499 1.0238455305182682e-14
outer loop
vertex -42.96610842961178 -336.2679491925001 -20.00000000000046
vertex -42.4837465198169 -336.06814834749076 -18.000000000000316
vertex -42.96610842961182 -336.2679491925001 -18.000000000000316
endloop
endfacet
facet normal 1.7674295367026121e-13 -1.0 6.600237588910002e-15
outer loop
vertex -41.96610842961187 -336.0000000000688 -18.000000000000316
vertex -42.483746519816854 -336.06814834749076 -20.00000000000046
vertex -41.96610842961183 -336.0000000000688 -20.00000000000046
endloop
endfacet
facet normal 0.2588190451026989 -0.9659258262890207 8.716348831247392e-15
outer loop
vertex -42.483746519816854 -336.06814834749076 -20.00000000000046
vertex -41.96610842961187 -336.0000000000688 -18.000000000000316
vertex -42.4837465198169 -336.06814834749076 -18.000000000000316
endloop
endfacet
facet normal -0.2588190451023517 -0.9659258262891136 4.0343310622967654e-15
outer loop
vertex -41.44847033940682 -336.06814834749053 -18.000000000000316
vertex -41.96610842961183 -336.0000000000688 -20.00000000000046
vertex -41.44847033940677 -336.06814834749053 -20.00000000000046
endloop
endfacet
facet normal 1.730002875140895e-13 -1.0 6.6002375889099676e-15
outer loop
vertex -41.96610842961183 -336.0000000000688 -20.00000000000046
vertex -41.44847033940682 -336.06814834749053 -18.000000000000316
vertex -41.96610842961187 -336.0000000000688 -18.000000000000316
endloop
endfacet
facet normal -0.4999999999998183 -0.8660254037845434 1.1934915408357172e-15
outer loop
vertex -40.96610842961182 -336.2679491924997 -18.000000000000316
vertex -41.44847033940677 -336.06814834749053 -20.00000000000046
vertex -40.96610842961178 -336.2679491924997 -20.00000000000046
endloop
endfacet
facet normal -0.25881904510235526 -0.9659258262891127 4.034331062296729e-15
outer loop
vertex -41.44847033940677 -336.06814834749053 -20.00000000000046
vertex -40.96610842961182 -336.2679491924997 -18.000000000000316
vertex -41.44847033940682 -336.06814834749053 -18.000000000000316
endloop
endfacet
facet normal -0.7071067811864101 -0.707106781186685 -1.7286824567957922e-15
outer loop
vertex -40.55189486723867 -336.5857864376954 -18.000000000000316
vertex -40.96610842961178 -336.2679491924997 -20.00000000000046
vertex -40.55189486723862 -336.5857864376954 -20.00000000000046
endloop
endfacet
facet normal -0.49999999999982114 -0.8660254037845418 1.1934915408356807e-15
outer loop
vertex -40.96610842961178 -336.2679491924997 -20.00000000000046
vertex -40.55189486723867 -336.5857864376954 -18.000000000000316
vertex -40.96610842961182 -336.2679491924997 -18.000000000000316
endloop
endfacet
facet normal -0.7071067811864101 -0.707106781186685 -1.7286824567957922e-15
outer loop
vertex -40.55189486723867 -336.5857864376954 -18.000000000000316
vertex -40.23405762204277 -337.00000000006844 -20.00000000000046
vertex -40.23405762204281 -337.00000000006844 -18.000000000000316
endloop
endfacet
facet normal -0.8660254037843556 -0.5000000000001441 -4.5330496017796164e-15
outer loop
vertex -40.23405762204277 -337.00000000006844 -20.00000000000046
vertex -40.55189486723867 -336.5857864376954 -18.000000000000316
vertex -40.55189486723862 -336.5857864376954 -20.00000000000046
endloop
endfacet
facet normal -0.8660254037843546 -0.5000000000001457 -4.533049601779597e-15
outer loop
vertex -40.23405762204281 -337.00000000006844 -18.000000000000316
vertex -40.03425677703342 -337.4823619098634 -20.00000000000046
vertex -40.03425677703347 -337.4823619098634 -18.000000000000316
endloop
endfacet
facet normal -0.9659258262890221 -0.2588190451026936 -7.0284969076204045e-15
outer loop
vertex -40.03425677703342 -337.4823619098634 -20.00000000000046
vertex -40.23405762204281 -337.00000000006844 -18.000000000000316
vertex -40.23405762204277 -337.00000000006844 -20.00000000000046
endloop
endfacet
facet normal -0.9659258262890217 -0.2588190451026945 -7.028496907620396e-15
outer loop
vertex -40.03425677703347 -337.4823619098634 -18.000000000000316
vertex -39.96610842961146 -338.00000000006844 -20.00000000000046
vertex -39.96610842961151 -338.00000000006844 -18.000000000000316
endloop
endfacet
facet normal -1.0 -1.8770361884190678e-13 -9.044963764347257e-15
outer loop
vertex -39.96610842961146 -338.00000000006844 -20.00000000000046
vertex -40.03425677703347 -337.4823619098634 -18.000000000000316
vertex -40.03425677703342 -337.4823619098634 -20.00000000000046
endloop
endfacet
facet normal -1.0 -1.8770361884190602e-13 -9.044963764347256e-15
outer loop
vertex -39.96610842961151 -338.00000000006844 -18.000000000000316
vertex -40.03425677703323 -338.51763809027346 -20.00000000000046
vertex -40.03425677703328 -338.51763809027346 -18.000000000000316
endloop
endfacet
facet normal -0.9659258262891137 0.2588190451023517 -1.0445031288043334e-14
outer loop
vertex -40.03425677703323 -338.51763809027346 -20.00000000000046
vertex -39.96610842961151 -338.00000000006844 -18.000000000000316
vertex -39.96610842961146 -338.00000000006844 -20.00000000000046
endloop
endfacet
facet normal -0.9659258262891134 0.2588190451023527 -1.0445031288043337e-14
outer loop
vertex -40.03425677703328 -338.51763809027346 -18.000000000000316
vertex -40.23405762204241 -339.00000000006844 -20.00000000000046
vertex -40.23405762204245 -339.00000000006844 -18.000000000000316
endloop
endfacet
facet normal -0.8660254037845228 0.4999999999998544 -1.113328719068952e-14
outer loop
vertex -40.23405762204241 -339.00000000006844 -20.00000000000046
vertex -40.03425677703328 -338.51763809027346 -18.000000000000316
vertex -40.03425677703323 -338.51763809027346 -20.00000000000046
endloop
endfacet
facet normal -0.8660254037845219 0.49999999999985606 -1.1133287190689525e-14
outer loop
vertex -40.23405762204245 -339.00000000006844 -18.000000000000316
vertex -40.55189486723811 -339.4142135624416 -20.00000000000046
vertex -40.55189486723816 -339.4142135624416 -18.000000000000316
endloop
endfacet
facet normal -0.7071067811866745 0.7071067811864207 -1.1062827969917212e-14
outer loop
vertex -40.55189486723811 -339.4142135624416 -20.00000000000046
vertex -40.23405762204245 -339.00000000006844 -18.000000000000316
vertex -40.23405762204241 -339.00000000006844 -20.00000000000046
endloop
endfacet
facet normal -0.5000000000001539 0.8660254037843499 -1.0238455305182682e-14
outer loop
vertex -40.9661084296112 -339.73205080763745 -18.000000000000316
vertex -40.55189486723811 -339.4142135624416 -20.00000000000046
vertex -40.966108429611154 -339.73205080763745 -20.00000000000046
endloop
endfacet
facet normal -0.7071067811866745 0.7071067811864207 -1.1062827969917212e-14
outer loop
vertex -40.55189486723811 -339.4142135624416 -20.00000000000046
vertex -40.9661084296112 -339.73205080763745 -18.000000000000316
vertex -40.55189486723816 -339.4142135624416 -18.000000000000316
endloop
endfacet
facet normal -0.2588190451026989 0.9659258262890207 -8.716348831247392e-15
outer loop
vertex -41.44847033940612 -339.9318516526468 -18.000000000000316
vertex -40.966108429611154 -339.73205080763745 -20.00000000000046
vertex -41.44847033940608 -339.9318516526468 -20.00000000000046
endloop
endfacet
facet normal -0.5000000000001567 0.8660254037843481 -1.0238455305182696e-14
outer loop
vertex -40.966108429611154 -339.73205080763745 -20.00000000000046
vertex -41.44847033940612 -339.9318516526468 -18.000000000000316
vertex -40.9661084296112 -339.73205080763745 -18.000000000000316
endloop
endfacet
facet normal -1.730002875140895e-13 1.0 -6.6002375889099676e-15
outer loop
vertex -41.96610842961115 -340.0000000000688 -18.000000000000316
vertex -41.44847033940608 -339.9318516526468 -20.00000000000046
vertex -41.966108429611104 -340.0000000000688 -20.00000000000046
endloop
endfacet
facet normal -0.25881904510270237 0.9659258262890198 -8.716348831247417e-15
outer loop
vertex -41.44847033940608 -339.9318516526468 -20.00000000000046
vertex -41.96610842961115 -340.0000000000688 -18.000000000000316
vertex -41.44847033940612 -339.9318516526468 -18.000000000000316
endloop
endfacet
facet normal 0.25881904510235526 0.9659258262891127 -4.034331062296729e-15
outer loop
vertex -42.48374651981621 -339.93185165264697 -18.000000000000316
vertex -41.966108429611104 -340.0000000000688 -20.00000000000046
vertex -42.48374651981616 -339.93185165264697 -20.00000000000046
endloop
endfacet
facet normal -1.7674295367026121e-13 1.0 -6.600237588910002e-15
outer loop
vertex -41.966108429611104 -340.0000000000688 -20.00000000000046
vertex -42.48374651981621 -339.93185165264697 -18.000000000000316
vertex -41.96610842961115 -340.0000000000688 -18.000000000000316
endloop
endfacet
facet normal 0.49999999999982114 0.8660254037845418 -1.1934915408356807e-15
outer loop
vertex -42.9661084296112 -339.73205080763785 -18.000000000000316
vertex -42.48374651981616 -339.93185165264697 -20.00000000000046
vertex -42.966108429611154 -339.73205080763785 -20.00000000000046
endloop
endfacet
facet normal 0.2588190451023517 0.9659258262891136 -4.0343310622967654e-15
outer loop
vertex -42.48374651981616 -339.93185165264697 -20.00000000000046
vertex -42.9661084296112 -339.73205080763785 -18.000000000000316
vertex -42.48374651981621 -339.93185165264697 -18.000000000000316
endloop
endfacet
facet normal 0.7071067811864119 0.707106781186683 1.7286824567958212e-15
outer loop
vertex -43.380321991984346 -339.41421356244217 -18.000000000000316
vertex -42.966108429611154 -339.73205080763785 -20.00000000000046
vertex -43.3803219919843 -339.41421356244217 -20.00000000000046
endloop
endfacet
facet normal 0.4999999999998183 0.8660254037845434 -1.1934915408357172e-15
outer loop
vertex -42.966108429611154 -339.73205080763785 -20.00000000000046
vertex -43.380321991984346 -339.41421356244217 -18.000000000000316
vertex -42.9661084296112 -339.73205080763785 -18.000000000000316
endloop
endfacet
facet normal 0.8660254037843546 0.5000000000001457 4.533049601779597e-15
outer loop
vertex -43.698159237180164 -339.00000000006906 -20.00000000000046
vertex -43.380321991984346 -339.41421356244217 -18.000000000000316
vertex -43.3803219919843 -339.41421356244217 -20.00000000000046
endloop
endfacet
facet normal 0.7071067811864119 0.707106781186683 1.7286824567958212e-15
outer loop
vertex -43.380321991984346 -339.41421356244217 -18.000000000000316
vertex -43.698159237180164 -339.00000000006906 -20.00000000000046
vertex -43.69815923718021 -339.00000000006906 -18.000000000000316
endloop
endfacet
facet normal 0.9659258262890217 0.2588190451026945 7.028496907620396e-15
outer loop
vertex -43.897960082189506 -338.51763809027415 -20.00000000000046
vertex -43.69815923718021 -339.00000000006906 -18.000000000000316
vertex -43.698159237180164 -339.00000000006906 -20.00000000000046
endloop
endfacet
facet normal 0.8660254037843556 0.5000000000001441 4.5330496017796164e-15
outer loop
vertex -43.69815923718021 -339.00000000006906 -18.000000000000316
vertex -43.897960082189506 -338.51763809027415 -20.00000000000046
vertex -43.897960082189556 -338.51763809027415 -18.000000000000316
endloop
endfacet
facet normal 1.0 1.8770361884190602e-13 9.044963764347256e-15
outer loop
vertex -43.96610842961147 -338.0000000000691 -20.00000000000046
vertex -43.897960082189556 -338.51763809027415 -18.000000000000316
vertex -43.897960082189506 -338.51763809027415 -20.00000000000046
endloop
endfacet
facet normal 0.9659258262890221 0.2588190451026936 7.0284969076204045e-15
outer loop
vertex -43.897960082189556 -338.51763809027415 -18.000000000000316
vertex -43.96610842961147 -338.0000000000691 -20.00000000000046
vertex -43.96610842961151 -338.0000000000691 -18.000000000000316
endloop
endfacet
facet normal -2.229908460553762e-15 -1.4352536556722047e-14 -1.0
outer loop
vertex -10.466108429606649 -333.66987298114094 -20.00000000000063
vertex -9.897960082184328 -337.4823619098581 -20.000000000000522
vertex -9.966108429606109 -338.00000000006315 -20.000000000000504
endloop
endfacet
facet normal -2.229908460553762e-15 -1.4352536556722047e-14 -1.0
outer loop
vertex -9.897960082184328 -337.4823619098581 -20.000000000000522
vertex -10.466108429606649 -333.66987298114094 -20.00000000000063
vertex -9.26020365511932 -333.1703708686177 -20.000000000000647
endloop
endfacet
facet normal -2.229908460553762e-15 -1.4352536556722047e-14 -1.0
outer loop
vertex -9.897960082184328 -337.4823619098581 -20.000000000000522
vertex -9.26020365511932 -333.1703708686177 -20.000000000000647
vertex -9.698159237175146 -337.00000000006315 -20.00000000000054
endloop
endfacet
facet normal -2.229908460553762e-15 -1.4352536556722047e-14 -1.0
outer loop
vertex -9.698159237175146 -337.00000000006315 -20.00000000000054
vertex -9.26020365511932 -333.1703708686177 -20.000000000000647
vertex -9.380321991979429 -336.58578643769 -20.00000000000055
endloop
endfacet
facet normal -2.229908460553762e-15 -1.4352536556722047e-14 -1.0
outer loop
vertex -9.380321991979429 -336.58578643769 -20.00000000000055
vertex -9.26020365511932 -333.1703708686177 -20.000000000000647
vertex -8.966108429606384 -336.26794919249414 -20.00000000000056
endloop
endfacet
facet normal -2.229908460553762e-15 -1.4352536556722047e-14 -1.0
outer loop
vertex -8.966108429606384 -336.26794919249414 -20.00000000000056
vertex -9.26020365511932 -333.1703708686177 -20.000000000000647
vertex -7.966108429606741 -333.0000000000628 -20.000000000000664
endloop
endfacet
facet normal -2.229908460553762e-15 -1.4352536556722047e-14 -1.0
outer loop
vertex -8.966108429606384 -336.26794919249414 -20.00000000000056
vertex -7.966108429606741 -333.0000000000628 -20.000000000000664
vertex -8.483746519811458 -336.0681483474848 -20.000000000000572
endloop
endfacet
facet normal -2.229908460553762e-15 -1.4352536556722047e-14 -1.0
outer loop
vertex -8.483746519811458 -336.0681483474848 -20.000000000000572
vertex -7.966108429606741 -333.0000000000628 -20.000000000000664
vertex -7.966108429606426 -336.00000000006287 -20.00000000000058
endloop
endfacet
facet normal -2.229908460553762e-15 -1.4352536556722047e-14 -1.0
outer loop
vertex -7.966108429606426 -336.00000000006287 -20.00000000000058
vertex -7.966108429606741 -333.0000000000628 -20.000000000000664
vertex -6.672013204094118 -333.17037086861734 -20.000000000000664
endloop
endfacet
facet normal -2.229908460553762e-15 -1.4352536556722047e-14 -1.0
outer loop
vertex -7.966108429606426 -336.00000000006287 -20.00000000000058
vertex -6.672013204094118 -333.17037086861734 -20.000000000000664
vertex -7.448470339401375 -336.0681483474847 -20.00000000000058
endloop
endfacet
facet normal -2.229908460553762e-15 -1.4352536556722047e-14 -1.0
outer loop
vertex -7.448470339401375 -336.0681483474847 -20.00000000000058
vertex -6.672013204094118 -333.17037086861734 -20.000000000000664
vertex -6.966108429606385 -336.2679491924938 -20.00000000000058
endloop
endfacet
facet normal -2.229908460553762e-15 -1.4352536556722047e-14 -1.0
outer loop
vertex -6.966108429606385 -336.2679491924938 -20.00000000000058
vertex -6.672013204094118 -333.17037086861734 -20.000000000000664
vertex -6.551894867233239 -336.58578643768953 -20.000000000000572
endloop
endfacet
facet normal -2.229908460553762e-15 -1.4352536556722047e-14 -1.0
outer loop
vertex -6.551894867233239 -336.58578643768953 -20.000000000000572
vertex -6.672013204094118 -333.17037086861734 -20.000000000000664
vertex -5.466108429606661 -333.6698729811403 -20.000000000000657
endloop
endfacet
facet normal -2.229908460553762e-15 -1.4352536556722047e-14 -1.0
outer loop
vertex -6.551894867233239 -336.58578643768953 -20.000000000000572
vertex -5.466108429606661 -333.6698729811403 -20.000000000000657
vertex -6.234057622037392 -337.0000000000626 -20.00000000000056
endloop
endfacet
facet normal -2.229908460553762e-15 -1.4352536556722047e-14 -1.0
outer loop
vertex -6.234057622037392 -337.0000000000626 -20.00000000000056
vertex -5.466108429606661 -333.6698729811403 -20.000000000000657
vertex -6.034256777028056 -337.4823619098575 -20.00000000000055
endloop
endfacet
facet normal -2.229908460553762e-15 -1.4352536556722047e-14 -1.0
outer loop
vertex -6.034256777028056 -337.4823619098575 -20.00000000000055
vertex -5.466108429606661 -333.6698729811403 -20.000000000000657
vertex -5.966108429606111 -338.0000000000625 -20.000000000000533
endloop
endfacet
facet normal -2.229908460553762e-15 -1.4352536556722047e-14 -1.0
outer loop
vertex -12.795737561051602 -336.70590477455085 -20.000000000000526
vertex -12.966108429605134 -343.0000000000629 -20.00000000000077
vertex -12.966108429606093 -338.0000000000629 -20.000000000000487
endloop
endfacet
facet normal -2.229908460553762e-15 -1.4352536556722047e-14 -1.0
outer loop
vertex -12.966108429605134 -343.0000000000629 -20.00000000000077
vertex -12.795737561051602 -336.70590477455085 -20.000000000000526
vertex -9.380321991978981 -339.4142135624362 -20.000000000000473
endloop
endfacet
facet normal -2.229908460553762e-15 -1.4352536556722047e-14 -1.0
outer loop
vertex -12.966108429605134 -343.0000000000629 -20.00000000000077
vertex -9.380321991978981 -339.4142135624362 -20.000000000000473
vertex -8.966108429605836 -339.73205080763194 -20.000000000000465
endloop
endfacet
facet normal -2.229908460553762e-15 -1.4352536556722047e-14 -1.0
outer loop
vertex -12.966108429605134 -343.0000000000629 -20.00000000000077
vertex -8.966108429605836 -339.73205080763194 -20.000000000000465
vertex -2.9661084296052365 -343.000000000062 -20.00000000000055
endloop
endfacet
facet normal -2.229908460553762e-15 -1.4352536556722047e-14 -1.0
outer loop
vertex -9.380321991978981 -339.4142135624362 -20.000000000000473
vertex -12.795737561051602 -336.70590477455085 -20.000000000000526
vertex -9.69815923717483 -339.00000000006315 -20.000000000000483
endloop
endfacet
facet normal -2.229908460553762e-15 -1.4352536556722047e-14 -1.0
outer loop
vertex -9.69815923717483 -339.00000000006315 -20.000000000000483
vertex -12.795737561051602 -336.70590477455085 -20.000000000000526
vertex -12.296235448528607 -335.5000000000634 -20.00000000000056
endloop
endfacet
facet normal -2.229908460553762e-15 -1.4352536556722047e-14 -1.0
outer loop
vertex -9.69815923717483 -339.00000000006315 -20.000000000000483
vertex -12.296235448528607 -335.5000000000634 -20.00000000000056
vertex -9.897960082184165 -338.5176380902682 -20.000000000000494
endloop
endfacet
facet normal -2.229908460553762e-15 -1.4352536556722047e-14 -1.0
outer loop
vertex -9.897960082184165 -338.5176380902682 -20.000000000000494
vertex -12.296235448528607 -335.5000000000634 -20.00000000000056
vertex -11.501642335539286 -334.4644660941305 -20.0000000000006
endloop
endfacet
facet normal -2.229908460553762e-15 -1.4352536556722047e-14 -1.0
outer loop
vertex -9.897960082184165 -338.5176380902682 -20.000000000000494
vertex -11.501642335539286 -334.4644660941305 -20.0000000000006
vertex -9.966108429606109 -338.00000000006315 -20.000000000000504
endloop
endfacet
facet normal -2.229908460553762e-15 -1.4352536556722047e-14 -1.0
outer loop
vertex -9.966108429606109 -338.00000000006315 -20.000000000000504
vertex -11.501642335539286 -334.4644660941305 -20.0000000000006
vertex -10.466108429606649 -333.66987298114094 -20.00000000000063
endloop
endfacet
facet normal -2.229908460553762e-15 -1.4352536556722047e-14 -1.0
outer loop
vertex -2.9661084296052365 -343.000000000062 -20.00000000000055
vertex -8.966108429605836 -339.73205080763194 -20.000000000000465
vertex -8.483746519810845 -339.93185165264106 -20.00000000000046
endloop
endfacet
facet normal -2.229908460553762e-15 -1.4352536556722047e-14 -1.0
outer loop
vertex -2.9661084296052365 -343.000000000062 -20.00000000000055
vertex -8.483746519810845 -339.93185165264106 -20.00000000000046
vertex -7.966108429605795 -340.00000000006287 -20.000000000000465
endloop
endfacet
facet normal -2.229908460553762e-15 -1.4352536556722047e-14 -1.0
outer loop
vertex -2.9661084296052365 -343.000000000062 -20.00000000000055
vertex -7.966108429605795 -340.00000000006287 -20.000000000000465
vertex -7.448470339400763 -339.93185165264094 -20.000000000000473
endloop
endfacet
facet normal -2.229908460553762e-15 -1.4352536556722047e-14 -1.0
outer loop
vertex -2.9661084296052365 -343.000000000062 -20.00000000000055
vertex -7.448470339400763 -339.93185165264094 -20.000000000000473
vertex -6.966108429605837 -339.7320508076316 -20.000000000000476
endloop
endfacet
facet normal -2.229908460553762e-15 -1.4352536556722047e-14 -1.0
outer loop
vertex -2.9661084296052365 -343.000000000062 -20.00000000000055
vertex -6.966108429605837 -339.7320508076316 -20.000000000000476
vertex -6.551894867232791 -339.41421356243575 -20.000000000000487
endloop
endfacet
facet normal -2.229908460553762e-15 -1.4352536556722047e-14 -1.0
outer loop
vertex -2.9661084296052365 -343.000000000062 -20.00000000000055
vertex -6.551894867232791 -339.41421356243575 -20.000000000000487
vertex -6.234057622037075 -339.0000000000626 -20.000000000000504
endloop
endfacet
facet normal -2.229908460553762e-15 -1.4352536556722047e-14 -1.0
outer loop
vertex -2.9661084296052365 -343.000000000062 -20.00000000000055
vertex -6.234057622037075 -339.0000000000626 -20.000000000000504
vertex -6.034256777027893 -338.5176380902676 -20.000000000000522
endloop
endfacet
facet normal -2.229908460553762e-15 -1.4352536556722047e-14 -1.0
outer loop
vertex -2.9661084296052365 -343.000000000062 -20.00000000000055
vertex -6.034256777027893 -338.5176380902676 -20.000000000000522
vertex -5.966108429606111 -338.0000000000625 -20.000000000000533
endloop
endfacet
facet normal -2.229908460553762e-15 -1.4352536556722047e-14 -1.0
outer loop
vertex -2.9661084296052365 -343.000000000062 -20.00000000000055
vertex -5.966108429606111 -338.0000000000625 -20.000000000000533
vertex -5.466108429606661 -333.6698729811403 -20.000000000000657
endloop
endfacet
facet normal -2.229908460553762e-15 -1.4352536556722047e-14 -1.0
outer loop
vertex -2.9661084296052365 -343.000000000062 -20.00000000000055
vertex -5.466108429606661 -333.6698729811403 -20.000000000000657
vertex -4.430574523673824 -334.46446609412965 -20.00000000000064
endloop
endfacet
facet normal -2.229908460553762e-15 -1.4352536556722047e-14 -1.0
outer loop
vertex -2.9661084296052365 -343.000000000062 -20.00000000000055
vertex -4.430574523673824 -334.46446609412965 -20.00000000000064
vertex -3.6359814106842387 -335.50000000006224 -20.000000000000618
endloop
endfacet
facet normal -2.229908460553762e-15 -1.4352536556722047e-14 -1.0
outer loop
vertex -2.9661084296052365 -343.000000000062 -20.00000000000055
vertex -3.6359814106842387 -335.50000000006224 -20.000000000000618
vertex -3.1364792981609395 -336.7059047745496 -20.00000000000059
endloop
endfacet
facet normal -2.229908460553762e-15 -1.4352536556722047e-14 -1.0
outer loop
vertex -2.9661084296052365 -343.000000000062 -20.00000000000055
vertex -3.1364792981609395 -336.7059047745496 -20.00000000000059
vertex -2.9661084296060927 -338.0000000000621 -20.00000000000055
endloop
endfacet
facet normal 0.9659258262890343 0.2588190451026479 -1.0699950699816606e-14
outer loop
vertex -3.1364792981609395 -336.7059047745496 -20.00000000000059
vertex -2.966108429606096 -338.0000000000621 -18.000000000000554
vertex -2.9661084296060927 -338.0000000000621 -20.00000000000055
endloop
endfacet
facet normal 0.9914448613737915 0.130526192220195 -4.618188195062807e-15
outer loop
vertex -2.966108429606096 -338.0000000000621 -18.000000000000554
vertex -3.1364792981609395 -336.7059047745496 -20.00000000000059
vertex -3.1364792981609178 -336.70590477454954 -18.00000000000059
endloop
endfacet
facet normal 0.8660254037843775 0.5000000000001058 -1.9537304327317623e-14
outer loop
vertex -3.6359814106842387 -335.50000000006224 -20.000000000000618
vertex -3.1364792981609178 -336.70590477454954 -18.00000000000059
vertex -3.1364792981609395 -336.7059047745496 -20.00000000000059
endloop
endfacet
facet normal 0.9659258262890337 0.25881904510265025 -1.069995069981672e-14
outer loop
vertex -3.1364792981609178 -336.70590477454954 -18.00000000000059
vertex -3.6359814106842387 -335.50000000006224 -20.000000000000618
vertex -3.6359814106842174 -335.5000000000622 -18.00000000000062
endloop
endfacet
facet normal 0.7071067811864511 0.7071067811866442 -2.4367217047093952e-14
outer loop
vertex -4.430574523673824 -334.46446609412965 -20.00000000000064
vertex -3.6359814106842174 -335.5000000000622 -18.00000000000062
vertex -3.6359814106842387 -335.50000000006224 -20.000000000000618
endloop
endfacet
facet normal 0.8660254037843764 0.5000000000001078 -1.9537304327317673e-14
outer loop
vertex -3.6359814106842174 -335.5000000000622 -18.00000000000062
vertex -4.430574523673824 -334.46446609412965 -20.00000000000064
vertex -4.430574523673804 -334.46446609412953 -18.000000000000643
endloop
endfacet
facet normal 0.49999999999988914 0.8660254037845025 -2.7536544193840583e-14
outer loop
vertex -5.466108429606639 -333.66987298114026 -18.00000000000066
vertex -4.430574523673824 -334.46446609412965 -20.00000000000064
vertex -5.466108429606661 -333.6698729811403 -20.000000000000657
endloop
endfacet
facet normal 0.7071067811864511 0.7071067811866442 -2.4367217047093952e-14
outer loop
vertex -4.430574523673824 -334.46446609412965 -20.00000000000064
vertex -5.466108429606639 -333.66987298114026 -18.00000000000066
vertex -4.430574523673804 -334.46446609412953 -18.000000000000643
endloop
endfacet
facet normal 0.2588190451024045 0.9659258262890996 -2.882930136006801e-14
outer loop
vertex -6.672013204094095 -333.1703708686172 -18.000000000000668
vertex -5.466108429606661 -333.6698729811403 -20.000000000000657
vertex -6.672013204094118 -333.17037086861734 -20.000000000000664
endloop
endfacet
facet normal 0.49999999999988975 0.8660254037845021 -2.753654419384057e-14
outer loop
vertex -5.466108429606661 -333.6698729811403 -20.000000000000657
vertex -6.672013204094095 -333.1703708686172 -18.000000000000668
vertex -5.466108429606639 -333.66987298114026 -18.00000000000066
endloop
endfacet
facet normal -1.3887073661376161e-13 1.0 -2.815738928127985e-14
outer loop
vertex -7.9661084296067175 -333.00000000006276 -18.000000000000664
vertex -6.672013204094118 -333.17037086861734 -20.000000000000664
vertex -7.966108429606741 -333.0000000000628 -20.000000000000664
endloop
endfacet
facet normal 0.25881904510240433 0.9659258262890996 -2.8829301360068e-14
outer loop
vertex -6.672013204094118 -333.17037086861734 -20.000000000000664
vertex -7.9661084296067175 -333.00000000006276 -18.000000000000664
vertex -6.672013204094095 -333.1703708686172 -18.000000000000668
endloop
endfacet
facet normal -0.25881904510265025 0.9659258262890337 -2.556659765525843e-14
outer loop
vertex -9.26020365511932 -333.1703708686177 -20.000000000000647
vertex -7.9661084296067175 -333.00000000006276 -18.000000000000664
vertex -7.966108429606741 -333.0000000000628 -20.000000000000664
endloop
endfacet
facet normal -1.3887073661376161e-13 1.0 -2.815738928127985e-14
outer loop
vertex -7.9661084296067175 -333.00000000006276 -18.000000000000664
vertex -9.26020365511932 -333.1703708686177 -20.000000000000647
vertex -9.260203655119296 -333.17037086861757 -18.00000000000065
endloop
endfacet
facet normal -0.5000000000001014 0.8660254037843801 -2.123348464983176e-14
outer loop
vertex -10.466108429606649 -333.66987298114094 -20.00000000000063
vertex -9.260203655119296 -333.17037086861757 -18.00000000000065
vertex -9.26020365511932 -333.1703708686177 -20.000000000000647
endloop
endfacet
facet normal -0.25881904510264875 0.965925826289034 -2.556659765525845e-14
outer loop
vertex -9.260203655119296 -333.17037086861757 -18.00000000000065
vertex -10.466108429606649 -333.66987298114094 -20.00000000000063
vertex -10.466108429606628 -333.6698729811409 -18.00000000000063
endloop
endfacet
facet normal -0.7071067811866362 0.7071067811864588 -1.5453344755511114e-14
outer loop
vertex -11.501642335539286 -334.4644660941305 -20.0000000000006
vertex -10.466108429606628 -333.6698729811409 -18.00000000000063
vertex -10.466108429606649 -333.66987298114094 -20.00000000000063
endloop
endfacet
facet normal -0.5000000000000993 0.8660254037843814 -2.123348464983181e-14
outer loop
vertex -10.466108429606628 -333.6698729811409 -18.00000000000063
vertex -11.501642335539286 -334.4644660941305 -20.0000000000006
vertex -11.501642335539263 -334.46446609413044 -18.0000000000006
endloop
endfacet
facet normal -0.8660254037845031 0.49999999999988853 -8.62008495396215e-15
outer loop
vertex -12.296235448528584 -335.5000000000633 -18.000000000000565
vertex -11.501642335539286 -334.4644660941305 -20.0000000000006
vertex -12.296235448528607 -335.5000000000634 -20.00000000000056
endloop
endfacet
facet normal -0.7071067811866362 0.7071067811864588 -1.5453344755511114e-14
outer loop
vertex -11.501642335539286 -334.4644660941305 -20.0000000000006
vertex -12.296235448528584 -335.5000000000633 -18.000000000000565
vertex -11.501642335539263 -334.46446609413044 -18.0000000000006
endloop
endfacet
facet normal -0.9659258262890968 0.2588190451024146 3.469758887136609e-15
outer loop
vertex -12.795737561051583 -336.70590477455073 -18.00000000000053
vertex -12.296235448528607 -335.5000000000634 -20.00000000000056
vertex -12.795737561051602 -336.70590477455085 -20.000000000000526
endloop
endfacet
facet normal -0.8660254037845045 0.4999999999998862 -8.620084953962074e-15
outer loop
vertex -12.296235448528607 -335.5000000000634 -20.00000000000056
vertex -12.795737561051583 -336.70590477455073 -18.00000000000053
vertex -12.296235448528584 -335.5000000000633 -18.000000000000565
endloop
endfacet
facet normal -0.9659258262890968 0.2588190451024146 3.469758887136609e-15
outer loop
vertex -12.795737561051583 -336.70590477455073 -18.00000000000053
vertex -12.966108429606093 -338.0000000000629 -20.000000000000487
vertex -12.966108429606075 -338.0000000000634 -18.00000000000049
endloop
endfacet
facet normal -0.9914448613738238 0.13052619221995013 1.1832247909406121e-14
outer loop
vertex -12.966108429606093 -338.0000000000629 -20.000000000000487
vertex -12.795737561051583 -336.70590477455073 -18.00000000000053
vertex -12.795737561051602 -336.70590477455085 -20.000000000000526
endloop
endfacet
facet normal 1.2021604282594218e-14 -4.91352337632246e-15 -1.0
outer loop
vertex -41.966108429612795 -299.0000000000687 -20.00000000000055
vertex -46.96610842961119 -309.0000000000696 -20.00000000000028
vertex -46.966108429612795 -299.0000000000696 -20.00000000000055
endloop
endfacet
facet normal 1.2021604282594218e-14 -4.91352337632246e-15 -1.0
outer loop
vertex -46.96610842961119 -309.0000000000696 -20.00000000000028
vertex -41.966108429612795 -299.0000000000687 -20.00000000000055
vertex -43.69815923718093 -303.0000000000687 -20.000000000000593
endloop
endfacet
facet normal 1.2021604282594218e-14 -4.91352337632246e-15 -1.0
outer loop
vertex -46.96610842961119 -309.0000000000696 -20.00000000000028
vertex -43.69815923718093 -303.0000000000687 -20.000000000000593
vertex -43.89796008219019 -303.4823619098637 -20.0000000000006
endloop
endfacet
facet normal 1.2021604282594218e-14 -4.91352337632246e-15 -1.0
outer loop
vertex -46.96610842961119 -309.0000000000696 -20.00000000000028
vertex -43.89796008219019 -303.4823619098637 -20.0000000000006
vertex -43.966108429612056 -304.0000000000687 -20.0000000000006
endloop
endfacet
facet normal 1.2021604282594218e-14 -4.91352337632246e-15 -1.0
outer loop
vertex -43.69815923718093 -303.0000000000687 -20.000000000000593
vertex -41.966108429612795 -299.0000000000687 -20.00000000000055
vertex -43.38032199198515 -302.5857864376956 -20.00000000000059
endloop
endfacet
facet normal 1.2021604282594218e-14 -4.91352337632246e-15 -1.0
outer loop
vertex -43.38032199198515 -302.5857864376956 -20.00000000000059
vertex -41.966108429612795 -299.0000000000687 -20.00000000000055
vertex -42.966108429612056 -302.2679491924998 -20.00000000000058
endloop
endfacet
facet normal 1.2021604282594218e-14 -4.91352337632246e-15 -1.0
outer loop
vertex -42.966108429612056 -302.2679491924998 -20.00000000000058
vertex -41.966108429612795 -299.0000000000687 -20.00000000000055
vertex -42.483746519817096 -302.0681483474906 -20.00000000000057
endloop
endfacet
facet normal 1.2021604282594218e-14 -4.91352337632246e-15 -1.0
outer loop
vertex -42.483746519817096 -302.0681483474906 -20.00000000000057
vertex -41.966108429612795 -299.0000000000687 -20.00000000000055
vertex -41.96610842961205 -302.0000000000687 -20.00000000000055
endloop
endfacet
facet normal 1.2021604282594218e-14 -4.91352337632246e-15 -1.0
outer loop
vertex -41.96610842961205 -302.0000000000687 -20.00000000000055
vertex -41.966108429612795 -299.0000000000687 -20.00000000000055
vertex -40.67201320410007 -299.1703708686232 -20.000000000000522
endloop
endfacet
facet normal 1.2021604282594218e-14 -4.91352337632246e-15 -1.0
outer loop
vertex -41.96610842961205 -302.0000000000687 -20.00000000000055
vertex -40.67201320410007 -299.1703708686232 -20.000000000000522
vertex -41.44847033940701 -302.0681483474906 -20.00000000000054
endloop
endfacet
facet normal 1.2021604282594218e-14 -4.91352337632246e-15 -1.0
outer loop
vertex -41.44847033940701 -302.0681483474906 -20.00000000000054
vertex -40.67201320410007 -299.1703708686232 -20.000000000000522
vertex -40.966108429612056 -302.2679491924998 -20.000000000000526
endloop
endfacet
facet normal 1.2021604282594218e-14 -4.91352337632246e-15 -1.0
outer loop
vertex -40.966108429612056 -302.2679491924998 -20.000000000000526
vertex -40.67201320410007 -299.1703708686232 -20.000000000000522
vertex -40.55189486723895 -302.5857864376956 -20.000000000000515
endloop
endfacet
facet normal 1.2021604282594218e-14 -4.91352337632246e-15 -1.0
outer loop
vertex -40.55189486723895 -302.5857864376956 -20.000000000000515
vertex -40.67201320410007 -299.1703708686232 -20.000000000000522
vertex -39.46610842961262 -299.66987298114617 -20.000000000000487
endloop
endfacet
facet normal 1.2021604282594218e-14 -4.91352337632246e-15 -1.0
outer loop
vertex -40.55189486723895 -302.5857864376956 -20.000000000000515
vertex -39.46610842961262 -299.66987298114617 -20.000000000000487
vertex -40.234057622043174 -303.0000000000687 -20.000000000000504
endloop
endfacet
facet normal 1.2021604282594218e-14 -4.91352337632246e-15 -1.0
outer loop
vertex -40.234057622043174 -303.0000000000687 -20.000000000000504
vertex -39.46610842961262 -299.66987298114617 -20.000000000000487
vertex -40.03425677703391 -303.4823619098637 -20.000000000000504
endloop
endfacet
facet normal 1.2021604282594218e-14 -4.91352337632246e-15 -1.0
outer loop
vertex -40.03425677703391 -303.4823619098637 -20.000000000000504
vertex -39.46610842961262 -299.66987298114617 -20.000000000000487
vertex -39.96610842961205 -304.0000000000687 -20.000000000000497
endloop
endfacet
facet normal 1.2021604282594218e-14 -4.91352337632246e-15 -1.0
outer loop
vertex -46.96610842961119 -309.0000000000696 -20.00000000000028
vertex -43.69815923718093 -305.0000000000687 -20.000000000000593
vertex -41.966108429611936 -309.00000000006867 -20.00000000000055
endloop
endfacet
facet normal 1.2021604282594218e-14 -4.91352337632246e-15 -1.0
outer loop
vertex -43.69815923718093 -305.0000000000687 -20.000000000000593
vertex -46.96610842961119 -309.0000000000696 -20.00000000000028
vertex -43.89796008219019 -304.51763809027375 -20.0000000000006
endloop
endfacet
facet normal 1.2021604282594218e-14 -4.91352337632246e-15 -1.0
outer loop
vertex -43.89796008219019 -304.51763809027375 -20.0000000000006
vertex -46.96610842961119 -309.0000000000696 -20.00000000000028
vertex -43.966108429612056 -304.0000000000687 -20.0000000000006
endloop
endfacet
facet normal 1.2021604282594218e-14 -4.91352337632246e-15 -1.0
outer loop
vertex -41.966108429611936 -309.00000000006867 -20.00000000000055
vertex -43.69815923718093 -305.0000000000687 -20.000000000000593
vertex -43.38032199198515 -305.4142135624418 -20.00000000000059
endloop
endfacet
facet normal 1.2021604282594218e-14 -4.91352337632246e-15 -1.0
outer loop
vertex -41.966108429611936 -309.00000000006867 -20.00000000000055
vertex -43.38032199198515 -305.4142135624418 -20.00000000000059
vertex -42.96610842961205 -305.73205080763756 -20.00000000000058
endloop
endfacet
facet normal 1.2021604282594218e-14 -4.91352337632246e-15 -1.0
outer loop
vertex -41.966108429611936 -309.00000000006867 -20.00000000000055
vertex -42.96610842961205 -305.73205080763756 -20.00000000000058
vertex -42.48374651981709 -305.9318516526468 -20.00000000000057
endloop
endfacet
facet normal 1.2021604282594218e-14 -4.91352337632246e-15 -1.0
outer loop
vertex -41.966108429611936 -309.00000000006867 -20.00000000000055
vertex -42.48374651981709 -305.9318516526468 -20.00000000000057
vertex -41.96610842961205 -306.0000000000687 -20.00000000000055
endloop
endfacet
facet normal 1.2021604282594218e-14 -4.91352337632246e-15 -1.0
outer loop
vertex -41.966108429611936 -309.00000000006867 -20.00000000000055
vertex -41.96610842961205 -306.0000000000687 -20.00000000000055
vertex -41.44847033940701 -305.9318516526468 -20.00000000000054
endloop
endfacet
facet normal 1.2021604282594218e-14 -4.91352337632246e-15 -1.0
outer loop
vertex -41.966108429611936 -309.00000000006867 -20.00000000000055
vertex -41.44847033940701 -305.9318516526468 -20.00000000000054
vertex -40.67201320409883 -308.82962913151385 -20.000000000000522
endloop
endfacet
facet normal 1.2021604282594218e-14 -4.91352337632246e-15 -1.0
outer loop
vertex -40.67201320409883 -308.82962913151385 -20.000000000000522
vertex -41.44847033940701 -305.9318516526468 -20.00000000000054
vertex -40.96610842961205 -305.73205080763756 -20.000000000000526
endloop
endfacet
facet normal 1.2021604282594218e-14 -4.91352337632246e-15 -1.0
outer loop
vertex -40.67201320409883 -308.82962913151385 -20.000000000000522
vertex -40.96610842961205 -305.73205080763756 -20.000000000000526
vertex -40.55189486723895 -305.4142135624418 -20.000000000000515
endloop
endfacet
facet normal 1.2021604282594218e-14 -4.91352337632246e-15 -1.0
outer loop
vertex -40.67201320409883 -308.82962913151385 -20.000000000000522
vertex -40.55189486723895 -305.4142135624418 -20.000000000000515
vertex -39.466108429611495 -308.33012701899054 -20.000000000000487
endloop
endfacet
facet normal 1.2021604282594218e-14 -4.91352337632246e-15 -1.0
outer loop
vertex -39.466108429611495 -308.33012701899054 -20.000000000000487
vertex -40.55189486723895 -305.4142135624418 -20.000000000000515
vertex -40.234057622043174 -305.0000000000687 -20.000000000000504
endloop
endfacet
facet normal 1.2021604282594218e-14 -4.91352337632246e-15 -1.0
outer loop
vertex -39.466108429611495 -308.33012701899054 -20.000000000000487
vertex -40.234057622043174 -305.0000000000687 -20.000000000000504
vertex -40.03425677703391 -304.51763809027375 -20.000000000000504
endloop
endfacet
facet normal 1.2021604282594218e-14 -4.91352337632246e-15 -1.0
outer loop
vertex -39.466108429611495 -308.33012701899054 -20.000000000000487
vertex -40.03425677703391 -304.51763809027375 -20.000000000000504
vertex -39.96610842961205 -304.0000000000687 -20.000000000000497
endloop
endfacet
facet normal 1.2021604282594218e-14 -4.91352337632246e-15 -1.0
outer loop
vertex -39.466108429611495 -308.33012701899054 -20.000000000000487
vertex -39.96610842961205 -304.0000000000687 -20.000000000000497
vertex -39.46610842961262 -299.66987298114617 -20.000000000000487
endloop
endfacet
facet normal 1.2021604282594218e-14 -4.91352337632246e-15 -1.0
outer loop
vertex -39.466108429611495 -308.33012701899054 -20.000000000000487
vertex -39.46610842961262 -299.66987298114617 -20.000000000000487
vertex -38.43057452367977 -300.4644660941355 -20.000000000000465
endloop
endfacet
facet normal 1.2021604282594218e-14 -4.91352337632246e-15 -1.0
outer loop
vertex -39.466108429611495 -308.33012701899054 -20.000000000000487
vertex -38.43057452367977 -300.4644660941355 -20.000000000000465
vertex -38.430574523678864 -307.535533906001 -20.000000000000465
endloop
endfacet
facet normal 1.2021604282594218e-14 -4.91352337632246e-15 -1.0
outer loop
vertex -38.430574523678864 -307.535533906001 -20.000000000000465
vertex -38.43057452367977 -300.4644660941355 -20.000000000000465
vertex -37.635981410690185 -301.50000000006816 -20.000000000000444
endloop
endfacet
facet normal 1.2021604282594218e-14 -4.91352337632246e-15 -1.0
outer loop
vertex -38.430574523678864 -307.535533906001 -20.000000000000465
vertex -37.635981410690185 -301.50000000006816 -20.000000000000444
vertex -37.635981410689546 -306.50000000006816 -20.000000000000444
endloop
endfacet
facet normal 1.2021604282594218e-14 -4.91352337632246e-15 -1.0
outer loop
vertex -37.635981410689546 -306.50000000006816 -20.000000000000444
vertex -37.635981410690185 -301.50000000006816 -20.000000000000444
vertex -37.13647929816688 -302.7059047745555 -20.00000000000043
endloop
endfacet
facet normal 1.2021604282594218e-14 -4.91352337632246e-15 -1.0
outer loop
vertex -37.635981410689546 -306.50000000006816 -20.000000000000444
vertex -37.13647929816688 -302.7059047745555 -20.00000000000043
vertex -37.13647929816655 -305.2940952255807 -20.00000000000043
endloop
endfacet
facet normal 1.2021604282594218e-14 -4.91352337632246e-15 -1.0
outer loop
vertex -37.13647929816655 -305.2940952255807 -20.00000000000043
vertex -37.13647929816688 -302.7059047745555 -20.00000000000043
vertex -36.96610842961206 -304.00000000006804 -20.000000000000426
endloop
endfacet
facet normal 0.1305261922199129 0.9914448613738286 1.6543144072116112e-15
outer loop
vertex -41.966108429612795 -299.0000000000687 -18.000000000000554
vertex -40.67201320410007 -299.1703708686232 -20.000000000000522
vertex -41.966108429612795 -299.0000000000687 -20.00000000000055
endloop
endfacet
facet normal 0.25881904510238884 0.9659258262891037 5.661649636353947e-15
outer loop
vertex -40.67201320410007 -299.1703708686232 -20.000000000000522
vertex -41.966108429612795 -299.0000000000687 -18.000000000000554
vertex -40.67201320410017 -299.1703708686232 -18.000000000000522
endloop
endfacet
facet normal 0.25881904510263865 -0.9659258262890367 2.136834522460217e-15
outer loop
vertex -40.67201320409883 -308.82962913151385 -20.000000000000522
vertex -41.96610842961151 -309.00000000006867 -18.000000000000554
vertex -41.966108429611936 -309.00000000006867 -20.00000000000055
endloop
endfacet
facet normal 0.13052619222016798 -0.9914448613737951 -5.335005256713924e-15
outer loop
vertex -41.96610842961151 -309.00000000006867 -18.000000000000554
vertex -40.67201320409883 -308.82962913151385 -20.000000000000522
vertex -40.67201320409893 -308.82962913151385 -18.000000000000522
endloop
endfacet
facet normal 0.5000000000001024 -0.8660254037843795 1.250656764960274e-14
outer loop
vertex -39.466108429611495 -308.33012701899054 -20.000000000000487
vertex -40.67201320409893 -308.82962913151385 -18.000000000000522
vertex -40.67201320409883 -308.82962913151385 -20.000000000000522
endloop
endfacet
facet normal 0.2588190451026346 -0.9659258262890379 2.1368345224599787e-15
outer loop
vertex -40.67201320409893 -308.82962913151385 -18.000000000000522
vertex -39.466108429611495 -308.33012701899054 -20.000000000000487
vertex -39.4661084296116 -308.33012701899054 -18.00000000000049
endloop
endfacet
facet normal 0.7071067811866376 -0.7071067811864573 1.7686957588805092e-14
outer loop
vertex -38.430574523678864 -307.535533906001 -20.000000000000465
vertex -39.4661084296116 -308.33012701899054 -18.00000000000049
vertex -39.466108429611495 -308.33012701899054 -20.000000000000487
endloop
endfacet
facet normal 0.5000000000000993 -0.8660254037843814 1.2506567649602661e-14
outer loop
vertex -39.4661084296116 -308.33012701899054 -18.00000000000049
vertex -38.430574523678864 -307.535533906001 -20.000000000000465
vertex -38.43057452367896 -307.535533906001 -18.000000000000465
endloop
endfacet
facet normal 0.8660254037845045 -0.49999999999988565 2.1662010597409656e-14
outer loop
vertex -37.635981410689546 -306.50000000006816 -20.000000000000444
vertex -38.43057452367896 -307.535533906001 -18.000000000000465
vertex -38.430574523678864 -307.535533906001 -20.000000000000465
endloop
endfacet
facet normal 0.7071067811866355 -0.7071067811864595 1.768695758880504e-14
outer loop
vertex -38.43057452367896 -307.535533906001 -18.000000000000465
vertex -37.635981410689546 -306.50000000006816 -20.000000000000444
vertex -37.635981410689645 -306.50000000006816 -18.000000000000448
endloop
endfacet
facet normal 0.965925826289101 -0.258819045102399 2.4160833381965737e-14
outer loop
vertex -37.13647929816655 -305.2940952255807 -20.00000000000043
vertex -37.635981410689645 -306.50000000006816 -18.000000000000448
vertex -37.635981410689546 -306.50000000006816 -20.000000000000444
endloop
endfacet
facet normal 0.8660254037845035 -0.4999999999998875 2.1662010597409627e-14
outer loop
vertex -37.635981410689645 -306.50000000006816 -18.000000000000448
vertex -37.13647929816655 -305.2940952255807 -20.00000000000043
vertex -37.13647929816665 -305.2940952255807 -18.000000000000433
endloop
endfacet
facet normal 1.0 1.2862296023376757e-13 2.5013135299205926e-14
outer loop
vertex -36.96610842961206 -304.00000000006804 -20.000000000000426
vertex -37.13647929816665 -305.2940952255807 -18.000000000000433
vertex -37.13647929816655 -305.2940952255807 -20.00000000000043
endloop
endfacet
facet normal 0.9659258262891005 -0.25881904510240006 2.4160833381965724e-14
outer loop
vertex -37.13647929816665 -305.2940952255807 -18.000000000000433
vertex -36.96610842961206 -304.00000000006804 -20.000000000000426
vertex -36.96610842961216 -304.00000000006804 -18.00000000000043
endloop
endfacet
facet normal 0.9659258262890359 0.25881904510264203 2.4160833381965765e-14
outer loop
vertex -37.13647929816688 -302.7059047745555 -20.00000000000043
vertex -36.96610842961216 -304.00000000006804 -18.00000000000043
vertex -36.96610842961206 -304.00000000006804 -20.000000000000426
endloop
endfacet
facet normal 1.0 1.2862296023376704e-13 2.5013135299205935e-14
outer loop
vertex -36.96610842961216 -304.00000000006804 -18.00000000000043
vertex -37.13647929816688 -302.7059047745555 -20.00000000000043
vertex -37.13647929816698 -302.7059047745555 -18.000000000000433
endloop
endfacet
facet normal 0.8660254037843766 0.5000000000001076 2.1662010597409665e-14
outer loop
vertex -37.635981410690185 -301.50000000006816 -20.000000000000444
vertex -37.13647929816698 -302.7059047745555 -18.000000000000433
vertex -37.13647929816688 -302.7059047745555 -20.00000000000043
endloop
endfacet
facet normal 0.9659258262890357 0.25881904510264314 2.4160833381965765e-14
outer loop
vertex -37.13647929816698 -302.7059047745555 -18.000000000000433
vertex -37.635981410690185 -301.50000000006816 -20.000000000000444
vertex -37.63598141069029 -301.50000000006816 -18.000000000000448
endloop
endfacet
facet normal 0.7071067811864606 0.7071067811866344 1.7686957588805215e-14
outer loop
vertex -38.43057452367977 -300.4644660941355 -20.000000000000465
vertex -37.63598141069029 -301.50000000006816 -18.000000000000448
vertex -37.635981410690185 -301.50000000006816 -20.000000000000444
endloop
endfacet
facet normal 0.8660254037843755 0.5000000000001092 2.166201059740964e-14
outer loop
vertex -37.63598141069029 -301.50000000006816 -18.000000000000448
vertex -38.43057452367977 -300.4644660941355 -20.000000000000465
vertex -38.43057452367987 -300.4644660941355 -18.000000000000465
endloop
endfacet
facet normal 0.49999999999988515 0.866025403784505 1.2506567649602879e-14
outer loop
vertex -39.46610842961272 -299.66987298114617 -18.00000000000049
vertex -38.43057452367977 -300.4644660941355 -20.000000000000465
vertex -39.46610842961262 -299.66987298114617 -20.000000000000487
endloop
endfacet
facet normal 0.7071067811864606 0.7071067811866344 1.7686957588805215e-14
outer loop
vertex -38.43057452367977 -300.4644660941355 -20.000000000000465
vertex -39.46610842961272 -299.66987298114617 -18.00000000000049
vertex -38.43057452367987 -300.4644660941355 -18.000000000000465
endloop
endfacet
facet normal 0.25881904510238485 0.9659258262891048 5.661649636353821e-15
outer loop
vertex -40.67201320410017 -299.1703708686232 -18.000000000000522
vertex -39.46610842961262 -299.66987298114617 -20.000000000000487
vertex -40.67201320410007 -299.1703708686232 -20.000000000000522
endloop
endfacet
facet normal 0.4999999999998883 0.8660254037845031 1.2506567649602955e-14
outer loop
vertex -39.46610842961262 -299.66987298114617 -20.000000000000487
vertex -40.67201320410017 -299.1703708686232 -18.000000000000522
vertex -39.46610842961272 -299.66987298114617 -18.00000000000049
endloop
endfacet
facet normal 0.2588190451025293 0.965925826289066 6.592814829199253e-15
outer loop
vertex -42.483746519817196 -305.9318516526468 -18.00000000000057
vertex -41.96610842961205 -306.0000000000687 -20.00000000000055
vertex -42.48374651981709 -305.9318516526468 -20.00000000000057
endloop
endfacet
facet normal -1.951533067146671e-15 1.0 -3.21378944681614e-20
outer loop
vertex -41.96610842961205 -306.0000000000687 -20.00000000000055
vertex -42.483746519817196 -305.9318516526468 -18.00000000000057
vertex -41.966108429612156 -306.0000000000687 -18.000000000000554
endloop
endfacet
facet normal 1.951533067146678e-15 1.0 -3.2137894369133344e-20
outer loop
vertex -41.966108429612156 -306.0000000000687 -18.000000000000554
vertex -41.44847033940701 -305.9318516526468 -20.00000000000054
vertex -41.96610842961205 -306.0000000000687 -20.00000000000055
endloop
endfacet
facet normal -0.25881904510252757 0.9659258262890665 -6.592846967093613e-15
outer loop
vertex -41.44847033940701 -305.9318516526468 -20.00000000000054
vertex -41.966108429612156 -306.0000000000687 -18.000000000000554
vertex -41.448470339407116 -305.9318516526468 -18.00000000000054
endloop
endfacet
facet normal -0.25881904510252335 0.9659258262890674 -6.5928469670935055e-15
outer loop
vertex -41.448470339407116 -305.9318516526468 -18.00000000000054
vertex -40.96610842961205 -305.73205080763756 -20.000000000000526
vertex -41.44847033940701 -305.9318516526468 -20.00000000000054
endloop
endfacet
facet normal -0.49999999999998734 0.8660254037844459 -1.275180122389248e-14
outer loop
vertex -40.96610842961205 -305.73205080763756 -20.000000000000526
vertex -41.448470339407116 -305.9318516526468 -18.00000000000054
vertex -40.96610842961215 -305.73205080763756 -18.00000000000053
endloop
endfacet
facet normal -0.4999999999999841 0.8660254037844479 -1.27518012238924e-14
outer loop
vertex -40.96610842961215 -305.73205080763756 -18.00000000000053
vertex -40.55189486723895 -305.4142135624418 -20.000000000000515
vertex -40.96610842961205 -305.73205080763756 -20.000000000000526
endloop
endfacet
facet normal -0.7071067811865445 0.7071067811865505 -1.803377023551497e-14
outer loop
vertex -40.55189486723895 -305.4142135624418 -20.000000000000515
vertex -40.96610842961215 -305.73205080763756 -18.00000000000053
vertex -40.55189486723906 -305.4142135624418 -18.000000000000515
endloop
endfacet
facet normal -0.8660254037844434 0.4999999999999921 -2.208676760780146e-14
outer loop
vertex -40.234057622043274 -305.0000000000687 -18.000000000000508
vertex -40.55189486723895 -305.4142135624418 -20.000000000000515
vertex -40.55189486723906 -305.4142135624418 -18.000000000000515
endloop
endfacet
facet normal -0.7071067811865445 0.7071067811865505 -1.803377023551497e-14
outer loop
vertex -40.55189486723895 -305.4142135624418 -20.000000000000515
vertex -40.234057622043274 -305.0000000000687 -18.000000000000508
vertex -40.234057622043174 -305.0000000000687 -20.000000000000504
endloop
endfacet
facet normal -0.965925826289069 0.25881904510251846 -2.4634588267725254e-14
outer loop
vertex -40.03425677703402 -304.51763809027375 -18.000000000000504
vertex -40.234057622043174 -305.0000000000687 -20.000000000000504
vertex -40.234057622043274 -305.0000000000687 -18.000000000000508
endloop
endfacet
facet normal -0.8660254037844445 0.49999999999999 -2.2086767607801492e-14
outer loop
vertex -40.234057622043174 -305.0000000000687 -20.000000000000504
vertex -40.03425677703402 -304.51763809027375 -18.000000000000504
vertex -40.03425677703391 -304.51763809027375 -20.000000000000504
endloop
endfacet
facet normal -1.0 0.0 -2.5503602447785634e-14
outer loop
vertex -39.96610842961215 -304.0000000000687 -18.000000000000504
vertex -40.03425677703391 -304.51763809027375 -20.000000000000504
vertex -40.03425677703402 -304.51763809027375 -18.000000000000504
endloop
endfacet
facet normal -0.9659258262890693 0.25881904510251724 -2.4634588267725266e-14
outer loop
vertex -40.03425677703391 -304.51763809027375 -20.000000000000504
vertex -39.96610842961215 -304.0000000000687 -18.000000000000504
vertex -39.96610842961205 -304.0000000000687 -20.000000000000497
endloop
endfacet
facet normal -0.965925826289069 -0.25881904510251846 -2.463458826772526e-14
outer loop
vertex -40.03425677703402 -303.4823619098637 -18.000000000000504
vertex -39.96610842961205 -304.0000000000687 -20.000000000000497
vertex -39.96610842961215 -304.0000000000687 -18.000000000000504
endloop
endfacet
facet normal -1.0 0.0 -2.550360244778563e-14
outer loop
vertex -39.96610842961205 -304.0000000000687 -20.000000000000497
vertex -40.03425677703402 -303.4823619098637 -18.000000000000504
vertex -40.03425677703391 -303.4823619098637 -20.000000000000504
endloop
endfacet
facet normal -0.8660254037844434 -0.4999999999999921 -2.2086767607801476e-14
outer loop
vertex -40.234057622043274 -303.0000000000687 -18.000000000000508
vertex -40.03425677703391 -303.4823619098637 -20.000000000000504
vertex -40.03425677703402 -303.4823619098637 -18.000000000000504
endloop
endfacet
facet normal -0.9659258262890693 -0.25881904510251724 -2.463458826772527e-14
outer loop
vertex -40.03425677703391 -303.4823619098637 -20.000000000000504
vertex -40.234057622043274 -303.0000000000687 -18.000000000000508
vertex -40.234057622043174 -303.0000000000687 -20.000000000000504
endloop
endfacet
facet normal -0.7071067811865406 -0.7071067811865546 -1.8033770235514887e-14
outer loop
vertex -40.55189486723906 -302.5857864376956 -18.000000000000515
vertex -40.234057622043174 -303.0000000000687 -20.000000000000504
vertex -40.234057622043274 -303.0000000000687 -18.000000000000508
endloop
endfacet
facet normal -0.8660254037844445 -0.49999999999999 -2.2086767607801508e-14
outer loop
vertex -40.234057622043174 -303.0000000000687 -20.000000000000504
vertex -40.55189486723906 -302.5857864376956 -18.000000000000515
vertex -40.55189486723895 -302.5857864376956 -20.000000000000515
endloop
endfacet
facet normal -0.7071067811865422 -0.7071067811865528 -1.803377023551493e-14
outer loop
vertex -40.55189486723895 -302.5857864376956 -20.000000000000515
vertex -40.966108429612156 -302.2679491924998 -18.00000000000053
vertex -40.966108429612056 -302.2679491924998 -20.000000000000526
endloop
endfacet
facet normal -0.499999999999983 -0.8660254037844485 -1.2751801223892398e-14
outer loop
vertex -40.966108429612156 -302.2679491924998 -18.00000000000053
vertex -40.55189486723895 -302.5857864376956 -20.000000000000515
vertex -40.55189486723906 -302.5857864376956 -18.000000000000515
endloop
endfacet
facet normal -0.49999999999998623 -0.8660254037844466 -1.275180122389248e-14
outer loop
vertex -40.966108429612056 -302.2679491924998 -20.000000000000526
vertex -41.448470339407116 -302.0681483474906 -18.00000000000054
vertex -41.44847033940701 -302.0681483474906 -20.00000000000054
endloop
endfacet
facet normal -0.2588190451025254 -0.965925826289067 -6.5928469670935725e-15
outer loop
vertex -41.448470339407116 -302.0681483474906 -18.00000000000054
vertex -40.966108429612056 -302.2679491924998 -20.000000000000526
vertex -40.966108429612156 -302.2679491924998 -18.00000000000053
endloop
endfacet
facet normal -0.25881904510252957 -0.965925826289066 -6.592846967093679e-15
outer loop
vertex -41.44847033940701 -302.0681483474906 -20.00000000000054
vertex -41.966108429612156 -302.0000000000687 -18.000000000000554
vertex -41.96610842961205 -302.0000000000687 -20.00000000000055
endloop
endfacet
facet normal 1.256466495286217e-15 -0.9999999999999999 -3.1991539120060938e-19
outer loop
vertex -41.966108429612156 -302.0000000000687 -18.000000000000554
vertex -41.44847033940701 -302.0681483474906 -20.00000000000054
vertex -41.448470339407116 -302.0681483474906 -18.00000000000054
endloop
endfacet
facet normal -2.6465996390071283e-15 -0.9999999999999999 -3.1991539129963636e-19
outer loop
vertex -41.96610842961205 -302.0000000000687 -20.00000000000055
vertex -42.483746519817196 -302.0681483474906 -18.00000000000057
vertex -42.483746519817096 -302.0681483474906 -20.00000000000057
endloop
endfacet
facet normal 0.2588190451025287 -0.9659258262890662 6.5925270517024096e-15
outer loop
vertex -42.483746519817196 -302.0681483474906 -18.00000000000057
vertex -41.96610842961205 -302.0000000000687 -20.00000000000055
vertex -41.966108429612156 -302.0000000000687 -18.000000000000554
endloop
endfacet
facet normal 0.2588190451025249 -0.9659258262890672 6.592527051702314e-15
outer loop
vertex -42.483746519817096 -302.0681483474906 -20.00000000000057
vertex -42.966108429612156 -302.2679491924998 -18.00000000000058
vertex -42.966108429612056 -302.2679491924998 -20.00000000000058
endloop
endfacet
facet normal 0.49999999999998906 -0.866025403784445 1.2751801223892525e-14
outer loop
vertex -42.966108429612156 -302.2679491924998 -18.00000000000058
vertex -42.483746519817096 -302.0681483474906 -20.00000000000057
vertex -42.483746519817196 -302.0681483474906 -18.00000000000057
endloop
endfacet
facet normal 0.49999999999998596 -0.8660254037844469 1.2751801223892442e-14
outer loop
vertex -42.966108429612056 -302.2679491924998 -20.00000000000058
vertex -43.38032199198525 -302.5857864376956 -18.00000000000059
vertex -43.38032199198515 -302.5857864376956 -20.00000000000059
endloop
endfacet
facet normal 0.7071067811865447 -0.7071067811865502 1.8033770235514972e-14
outer loop
vertex -43.38032199198525 -302.5857864376956 -18.00000000000059
vertex -42.966108429612056 -302.2679491924998 -20.00000000000058
vertex -42.966108429612156 -302.2679491924998 -18.00000000000058
endloop
endfacet
facet normal 0.7071067811865426 -0.7071067811865525 1.8033770235514915e-14
outer loop
vertex -43.38032199198515 -302.5857864376956 -20.00000000000059
vertex -43.69815923718103 -303.0000000000687 -18.0000000000006
vertex -43.69815923718093 -303.0000000000687 -20.000000000000593
endloop
endfacet
facet normal 0.8660254037844445 -0.49999999999998995 2.208676760780149e-14
outer loop
vertex -43.69815923718103 -303.0000000000687 -18.0000000000006
vertex -43.38032199198515 -302.5857864376956 -20.00000000000059
vertex -43.38032199198525 -302.5857864376956 -18.00000000000059
endloop
endfacet
facet normal 0.8660254037844434 -0.4999999999999922 2.208676760780146e-14
outer loop
vertex -43.69815923718093 -303.0000000000687 -20.000000000000593
vertex -43.897960082190295 -303.4823619098637 -18.0000000000006
vertex -43.89796008219019 -303.4823619098637 -20.0000000000006
endloop
endfacet
facet normal 0.9659258262890694 -0.2588190451025173 2.4634588267725263e-14
outer loop
vertex -43.897960082190295 -303.4823619098637 -18.0000000000006
vertex -43.69815923718093 -303.0000000000687 -20.000000000000593
vertex -43.69815923718103 -303.0000000000687 -18.0000000000006
endloop
endfacet
facet normal 0.9659258262890691 -0.2588190451025185 2.4634588267725257e-14
outer loop
vertex -43.89796008219019 -303.4823619098637 -20.0000000000006
vertex -43.966108429612156 -304.0000000000687 -18.000000000000604
vertex -43.966108429612056 -304.0000000000687 -20.0000000000006
endloop
endfacet
facet normal 1.0 0.0 2.5503602447785634e-14
outer loop
vertex -43.966108429612156 -304.0000000000687 -18.000000000000604
vertex -43.89796008219019 -303.4823619098637 -20.0000000000006
vertex -43.897960082190295 -303.4823619098637 -18.0000000000006
endloop
endfacet
facet normal 1.0 0.0 2.5503602447785634e-14
outer loop
vertex -43.966108429612056 -304.0000000000687 -20.0000000000006
vertex -43.897960082190295 -304.51763809027375 -18.0000000000006
vertex -43.89796008219019 -304.51763809027375 -20.0000000000006
endloop
endfacet
facet normal 0.9659258262890694 0.2588190451025173 2.463458826772527e-14
outer loop
vertex -43.897960082190295 -304.51763809027375 -18.0000000000006
vertex -43.966108429612056 -304.0000000000687 -20.0000000000006
vertex -43.966108429612156 -304.0000000000687 -18.000000000000604
endloop
endfacet
facet normal 0.9659258262890691 0.2588190451025185 2.463458826772526e-14
outer loop
vertex -43.89796008219019 -304.51763809027375 -20.0000000000006
vertex -43.69815923718103 -305.0000000000687 -18.0000000000006
vertex -43.69815923718093 -305.0000000000687 -20.000000000000593
endloop
endfacet
facet normal 0.8660254037844445 0.49999999999998995 2.2086767607801505e-14
outer loop
vertex -43.69815923718103 -305.0000000000687 -18.0000000000006
vertex -43.89796008219019 -304.51763809027375 -20.0000000000006
vertex -43.897960082190295 -304.51763809027375 -18.0000000000006
endloop
endfacet
facet normal 0.8660254037844434 0.4999999999999922 2.2086767607801473e-14
outer loop
vertex -43.69815923718093 -305.0000000000687 -20.000000000000593
vertex -43.38032199198525 -305.4142135624418 -18.00000000000059
vertex -43.38032199198515 -305.4142135624418 -20.00000000000059
endloop
endfacet
facet normal 0.7071067811865424 0.7071067811865526 1.8033770235514934e-14
outer loop
vertex -43.38032199198525 -305.4142135624418 -18.00000000000059
vertex -43.69815923718093 -305.0000000000687 -20.000000000000593
vertex -43.69815923718103 -305.0000000000687 -18.0000000000006
endloop
endfacet
facet normal 0.7071067811865424 0.7071067811865526 1.8033770235514934e-14
outer loop
vertex -43.38032199198525 -305.4142135624418 -18.00000000000059
vertex -42.96610842961205 -305.73205080763756 -20.00000000000058
vertex -43.38032199198515 -305.4142135624418 -20.00000000000059
endloop
endfacet
facet normal 0.499999999999983 0.8660254037844485 1.2751801223892398e-14
outer loop
vertex -42.96610842961205 -305.73205080763756 -20.00000000000058
vertex -43.38032199198525 -305.4142135624418 -18.00000000000059
vertex -42.96610842961215 -305.73205080763756 -18.00000000000058
endloop
endfacet
facet normal 0.49999999999998623 0.8660254037844466 1.275180122389248e-14
outer loop
vertex -42.96610842961215 -305.73205080763756 -18.00000000000058
vertex -42.48374651981709 -305.9318516526468 -20.00000000000057
vertex -42.96610842961205 -305.73205080763756 -20.00000000000058
endloop
endfacet
facet normal 0.25881904510252557 0.9659258262890669 6.592814829199158e-15
outer loop
vertex -42.48374651981709 -305.9318516526468 -20.00000000000057
vertex -42.96610842961215 -305.73205080763756 -18.00000000000058
vertex -42.483746519817196 -305.9318516526468 -18.00000000000057
endloop
endfacet
facet normal -0.9659258262891093 0.2588190451023681 -9.297504197786635e-16
outer loop
vertex -6.034256777027869 -338.5176380902675 -18.000000000000522
vertex -5.966108429606111 -338.0000000000625 -20.000000000000533
vertex -6.034256777027893 -338.5176380902676 -20.000000000000522
endloop
endfacet
facet normal -1.0 -1.5756624517482785e-13 7.049453775743382e-15
outer loop
vertex -5.966108429606111 -338.0000000000625 -20.000000000000533
vertex -6.034256777027869 -338.5176380902675 -18.000000000000522
vertex -5.966108429606087 -338.0000000000624 -18.000000000000536
endloop
endfacet
facet normal -1.0 -1.642941331460421e-13 7.049453775743606e-15
outer loop
vertex -5.966108429606087 -338.0000000000624 -18.000000000000536
vertex -6.034256777028056 -337.4823619098575 -20.00000000000055
vertex -5.966108429606111 -338.0000000000625 -20.000000000000533
endloop
endfacet
facet normal -0.9659258262890281 -0.25881904510267045 1.4507876392373116e-14
outer loop
vertex -6.034256777028056 -337.4823619098575 -20.00000000000055
vertex -5.966108429606087 -338.0000000000624 -18.000000000000536
vertex -6.034256777028032 -337.4823619098574 -18.00000000000055
endloop
endfacet
facet normal -0.9659258262890267 -0.25881904510267634 1.4507876392373252e-14
outer loop
vertex -6.034256777028032 -337.4823619098574 -18.00000000000055
vertex -6.234057622037392 -337.0000000000626 -20.00000000000056
vertex -6.034256777028056 -337.4823619098575 -20.00000000000055
endloop
endfacet
facet normal -0.8660254037843649 -0.5000000000001278 2.0293779271522386e-14
outer loop
vertex -6.234057622037392 -337.0000000000626 -20.00000000000056
vertex -6.034256777028032 -337.4823619098574 -18.00000000000055
vertex -6.234057622037368 -337.00000000006247 -18.00000000000056
endloop
endfacet
facet normal -0.8660254037843623 -0.5000000000001321 2.0293779271522493e-14
outer loop
vertex -6.234057622037368 -337.00000000006247 -18.00000000000056
vertex -6.551894867233239 -336.58578643768953 -20.000000000000572
vertex -6.234057622037392 -337.0000000000626 -20.00000000000056
endloop
endfacet
facet normal -0.7071067811864448 -0.7071067811866503 2.5073099025579668e-14
outer loop
vertex -6.551894867233239 -336.58578643768953 -20.000000000000572
vertex -6.234057622037368 -337.00000000006247 -18.00000000000056
vertex -6.551894867233213 -336.5857864376894 -18.000000000000572
endloop
endfacet
facet normal -0.7071067811864448 -0.7071067811866503 2.5073099025579668e-14
outer loop
vertex -6.551894867233239 -336.58578643768953 -20.000000000000572
vertex -6.9661084296063605 -336.2679491924937 -18.00000000000058
vertex -6.966108429606385 -336.2679491924938 -20.00000000000058
endloop
endfacet
facet normal -0.4999999999998513 -0.8660254037845244 2.8143728516299218e-14
outer loop
vertex -6.9661084296063605 -336.2679491924937 -18.00000000000058
vertex -6.551894867233239 -336.58578643768953 -20.000000000000572
vertex -6.551894867233213 -336.5857864376894 -18.000000000000572
endloop
endfacet
facet normal -0.4999999999998513 -0.8660254037845244 2.8143728516299218e-14
outer loop
vertex -6.9661084296063605 -336.2679491924937 -18.00000000000058
vertex -7.448470339401375 -336.0681483474847 -20.00000000000058
vertex -6.966108429606385 -336.2679491924938 -20.00000000000058
endloop
endfacet
facet normal -0.2588190451023556 -0.9659258262891126 2.9296409418343006e-14
outer loop
vertex -7.448470339401375 -336.0681483474847 -20.00000000000058
vertex -6.9661084296063605 -336.2679491924937 -18.00000000000058
vertex -7.448470339401349 -336.0681483474845 -18.000000000000583
endloop
endfacet
facet normal -0.25881904510235476 -0.9659258262891128 2.929640941834301e-14
outer loop
vertex -7.448470339401349 -336.0681483474845 -18.000000000000583
vertex -7.966108429606426 -336.00000000006287 -20.00000000000058
vertex -7.448470339401375 -336.0681483474847 -20.00000000000058
endloop
endfacet
facet normal 1.3159035982901717e-13 -1.0 2.845258843313269e-14
outer loop
vertex -7.966108429606426 -336.00000000006287 -20.00000000000058
vertex -7.448470339401349 -336.0681483474845 -18.000000000000583
vertex -7.9661084296064 -336.00000000006276 -18.00000000000058
endloop
endfacet
facet normal 1.3061013774049682e-13 -0.9999999999999999 2.845258843313269e-14
outer loop
vertex -7.9661084296064 -336.00000000006276 -18.00000000000058
vertex -8.483746519811458 -336.0681483474848 -20.000000000000572
vertex -7.966108429606426 -336.00000000006287 -20.00000000000058
endloop
endfacet
facet normal 0.25881904510265896 -0.9659258262890312 2.5669770566329813e-14
outer loop
vertex -8.483746519811458 -336.0681483474848 -20.000000000000572
vertex -7.9661084296064 -336.00000000006276 -18.00000000000058
vertex -8.483746519811431 -336.0681483474847 -18.000000000000572
endloop
endfacet
facet normal 0.2588190451026566 -0.9659258262890319 2.5669770566329848e-14
outer loop
vertex -8.483746519811431 -336.0681483474847 -18.000000000000572
vertex -8.966108429606384 -336.26794919249414 -20.00000000000056
vertex -8.483746519811458 -336.0681483474848 -20.000000000000572
endloop
endfacet
facet normal 0.5000000000001532 -0.8660254037843501 2.113760025673256e-14
outer loop
vertex -8.966108429606384 -336.26794919249414 -20.00000000000056
vertex -8.483746519811431 -336.0681483474847 -18.000000000000572
vertex -8.96610842960636 -336.267949192494 -18.000000000000565
endloop
endfacet
facet normal 0.5000000000001497 -0.8660254037843522 2.1137600256732638e-14
outer loop
vertex -8.96610842960636 -336.267949192494 -18.000000000000565
vertex -9.380321991979429 -336.58578643769 -20.00000000000055
vertex -8.966108429606384 -336.26794919249414 -20.00000000000056
endloop
endfacet
facet normal 0.707106781186668 -0.7071067811864271 1.516493742117567e-14
outer loop
vertex -9.380321991979429 -336.58578643769 -20.00000000000055
vertex -8.96610842960636 -336.267949192494 -18.000000000000565
vertex -9.380321991979404 -336.5857864376899 -18.000000000000554
endloop
endfacet
facet normal 0.707106781186668 -0.7071067811864271 1.516493742117567e-14
outer loop
vertex -9.380321991979429 -336.58578643769 -20.00000000000055
vertex -9.698159237175119 -337.000000000063 -18.00000000000054
vertex -9.698159237175146 -337.00000000006315 -20.00000000000054
endloop
endfacet
facet normal 0.8660254037845139 -0.4999999999998696 8.158809161610106e-15
outer loop
vertex -9.698159237175119 -337.000000000063 -18.00000000000054
vertex -9.380321991979429 -336.58578643769 -20.00000000000055
vertex -9.380321991979404 -336.5857864376899 -18.000000000000554
endloop
endfacet
facet normal 0.866025403784517 -0.49999999999986444 8.158809161609936e-15
outer loop
vertex -9.698159237175146 -337.00000000006315 -20.00000000000054
vertex -9.897960082184301 -337.48236190985796 -18.000000000000522
vertex -9.897960082184328 -337.4823619098581 -20.000000000000522
endloop
endfacet
facet normal 0.9659258262891075 -0.25881904510237425 9.291718101081764e-16
outer loop
vertex -9.897960082184301 -337.48236190985796 -18.000000000000522
vertex -9.698159237175146 -337.00000000006315 -20.00000000000054
vertex -9.698159237175119 -337.000000000063 -18.00000000000054
endloop
endfacet
facet normal 0.9659258262891092 -0.2588190451023683 9.291718101080104e-16
outer loop
vertex -9.897960082184328 -337.4823619098581 -20.000000000000522
vertex -9.966108429606084 -338.00000000006304 -18.000000000000508
vertex -9.966108429606109 -338.00000000006315 -20.000000000000504
endloop
endfacet
facet normal 1.0 1.575840673946197e-13 -7.0497767458116445e-15
outer loop
vertex -9.966108429606084 -338.00000000006304 -18.000000000000508
vertex -9.897960082184328 -337.4823619098581 -20.000000000000522
vertex -9.897960082184301 -337.48236190985796 -18.000000000000522
endloop
endfacet
facet normal 1.0 1.6430304425593725e-13 -7.049776745811872e-15
outer loop
vertex -9.966108429606109 -338.00000000006315 -20.000000000000504
vertex -9.897960082184138 -338.51763809026806 -18.000000000000494
vertex -9.897960082184165 -338.5176380902682 -20.000000000000494
endloop
endfacet
facet normal 0.9659258262890283 0.25881904510266973 -1.45076207527707e-14
outer loop
vertex -9.897960082184138 -338.51763809026806 -18.000000000000494
vertex -9.966108429606109 -338.00000000006315 -20.000000000000504
vertex -9.966108429606084 -338.00000000006304 -18.000000000000508
endloop
endfacet
facet normal 0.9659258262890267 0.25881904510267595 -1.450762075277085e-14
outer loop
vertex -9.897960082184165 -338.5176380902682 -20.000000000000494
vertex -9.698159237174803 -339.000000000063 -18.000000000000483
vertex -9.69815923717483 -339.00000000006315 -20.000000000000483
endloop
endfacet
facet normal 0.8660254037843649 0.5000000000001277 -2.0293779271522382e-14
outer loop
vertex -9.698159237174803 -339.000000000063 -18.000000000000483
vertex -9.897960082184165 -338.5176380902682 -20.000000000000494
vertex -9.897960082184138 -338.51763809026806 -18.000000000000494
endloop
endfacet
facet normal 0.8660254037843623 0.5000000000001321 -2.0293779271522493e-14
outer loop
vertex -9.69815923717483 -339.00000000006315 -20.000000000000483
vertex -9.380321991978956 -339.41421356243603 -18.000000000000473
vertex -9.380321991978981 -339.4142135624362 -20.000000000000473
endloop
endfacet
facet normal 0.7071067811864451 0.7071067811866502 -2.5073099025579665e-14
outer loop
vertex -9.380321991978956 -339.41421356243603 -18.000000000000473
vertex -9.69815923717483 -339.00000000006315 -20.000000000000483
vertex -9.698159237174803 -339.000000000063 -18.000000000000483
endloop
endfacet
facet normal 0.7071067811864451 0.7071067811866502 -2.5073099025579665e-14
outer loop
vertex -9.380321991978956 -339.41421356243603 -18.000000000000473
vertex -8.966108429605836 -339.73205080763194 -20.000000000000465
vertex -9.380321991978981 -339.4142135624362 -20.000000000000473
endloop
endfacet
facet normal 0.4999999999998519 0.8660254037845242 -2.8143728516299215e-14
outer loop
vertex -8.966108429605836 -339.73205080763194 -20.000000000000465
vertex -9.380321991978956 -339.41421356243603 -18.000000000000473
vertex -8.96610842960581 -339.73205080763177 -18.000000000000465
endloop
endfacet
facet normal 0.4999999999998539 0.8660254037845231 -2.8143728516299202e-14
outer loop
vertex -8.96610842960581 -339.73205080763177 -18.000000000000465
vertex -8.483746519810845 -339.93185165264106 -20.00000000000046
vertex -8.966108429605836 -339.73205080763194 -20.000000000000465
endloop
endfacet
facet normal 0.2588190451023542 0.9659258262891129 -2.929640941834301e-14
outer loop
vertex -8.483746519810845 -339.93185165264106 -20.00000000000046
vertex -8.96610842960581 -339.73205080763177 -18.000000000000465
vertex -8.48374651981082 -339.93185165264094 -18.000000000000462
endloop
endfacet
facet normal 0.2588190451023542 0.9659258262891129 -2.929640941834301e-14
outer loop
vertex -8.483746519810845 -339.93185165264106 -20.00000000000046
vertex -7.966108429605769 -340.0000000000627 -18.000000000000465
vertex -7.966108429605795 -340.00000000006287 -20.000000000000465
endloop
endfacet
facet normal -1.3135867097173013e-13 1.0 -2.845258843313269e-14
outer loop
vertex -7.966108429605769 -340.0000000000627 -18.000000000000465
vertex -8.483746519810845 -339.93185165264106 -20.00000000000046
vertex -8.48374651981082 -339.93185165264094 -18.000000000000462
endloop
endfacet
facet normal -1.3083291548788823e-13 1.0 -2.845258843313269e-14
outer loop
vertex -7.966108429605795 -340.00000000006287 -20.000000000000465
vertex -7.448470339400737 -339.93185165264083 -18.000000000000473
vertex -7.448470339400763 -339.93185165264094 -20.000000000000473
endloop
endfacet
facet normal -0.25881904510265963 0.965925826289031 -2.56697705663298e-14
outer loop
vertex -7.448470339400737 -339.93185165264083 -18.000000000000473
vertex -7.966108429605795 -340.00000000006287 -20.000000000000465
vertex -7.966108429605769 -340.0000000000627 -18.000000000000465
endloop
endfacet
facet normal -0.25881904510265685 0.9659258262890317 -2.5669770566329835e-14
outer loop
vertex -7.448470339400763 -339.93185165264094 -20.000000000000473
vertex -6.966108429605812 -339.7320508076315 -18.00000000000048
vertex -6.966108429605837 -339.7320508076316 -20.000000000000476
endloop
endfacet
facet normal -0.5000000000001531 0.8660254037843502 -2.113760025673256e-14
outer loop
vertex -6.966108429605812 -339.7320508076315 -18.00000000000048
vertex -7.448470339400763 -339.93185165264094 -20.000000000000473
vertex -7.448470339400737 -339.93185165264083 -18.000000000000473
endloop
endfacet
facet normal -0.5000000000001491 0.8660254037843526 -2.1137600256732653e-14
outer loop
vertex -6.966108429605837 -339.7320508076316 -20.000000000000476
vertex -6.551894867232766 -339.4142135624356 -18.00000000000049
vertex -6.551894867232791 -339.41421356243575 -20.000000000000487
endloop
endfacet
facet normal -0.7071067811866673 0.7071067811864279 -1.51649374211757e-14
outer loop
vertex -6.551894867232766 -339.4142135624356 -18.00000000000049
vertex -6.966108429605837 -339.7320508076316 -20.000000000000476
vertex -6.966108429605812 -339.7320508076315 -18.00000000000048
endloop
endfacet
facet normal -0.7071067811866673 0.7071067811864279 -1.51649374211757e-14
outer loop
vertex -6.551894867232766 -339.4142135624356 -18.00000000000049
vertex -6.234057622037075 -339.0000000000626 -20.000000000000504
vertex -6.551894867232791 -339.41421356243575 -20.000000000000487
endloop
endfacet
facet normal -0.8660254037845141 0.4999999999998694 -8.158809161610098e-15
outer loop
vertex -6.234057622037075 -339.0000000000626 -20.000000000000504
vertex -6.551894867232766 -339.4142135624356 -18.00000000000049
vertex -6.234057622037051 -339.00000000006247 -18.000000000000504
endloop
endfacet
facet normal -0.8660254037845168 0.49999999999986455 -8.158809161609942e-15
outer loop
vertex -6.234057622037051 -339.00000000006247 -18.000000000000504
vertex -6.034256777027893 -338.5176380902676 -20.000000000000522
vertex -6.234057622037075 -339.0000000000626 -20.000000000000504
endloop
endfacet
facet normal -0.9659258262891074 0.25881904510237447 -9.29750419778841e-16
outer loop
vertex -6.034256777027893 -338.5176380902676 -20.000000000000522
vertex -6.234057622037051 -339.00000000006247 -18.000000000000504
vertex -6.034256777027869 -338.5176380902675 -18.000000000000522
endloop
endfacet
facet normal -1.0 -1.7145396213891214e-13 0.0
outer loop
vertex -52.966108429612795 -299.0000000000706 -18.000000000000554
vertex -52.966108429604226 -349.0000000000706 -20.00000000000055
vertex -52.966108429604226 -349.0000000000706 -18.000000000000554
endloop
endfacet
facet normal -1.0 -1.7145396213891214e-13 0.0
outer loop
vertex -52.966108429604226 -349.0000000000706 -20.00000000000055
vertex -52.966108429612795 -299.0000000000706 -18.000000000000554
vertex -52.966108429612795 -299.0000000000706 -20.00000000000055
endloop
endfacet
facet normal -0.9649505047327669 -1.654462560949414e-13 0.26243194054073987
outer loop
vertex -52.966108429604226 -349.0000000000706 -20.00000000000055
vertex -59.75755350241368 -352.68985923483956 -44.97183969820836
vertex -60.037176241468515 -356.07106781193727 -46.00000000000055
endloop
endfacet
facet normal -0.9649505047327669 -1.654462560949414e-13 0.26243194054073987
outer loop
vertex -59.75755350241368 -352.68985923483956 -44.97183969820836
vertex -52.966108429604226 -349.0000000000706 -20.00000000000055
vertex -52.99189462737676 -345.92420035980047 -20.094814695589676
endloop
endfacet
facet normal -0.9649505047327669 -1.654462560949414e-13 0.26243194054073987
outer loop
vertex -52.99189462737676 -345.92420035980047 -20.094814695589676
vertex -52.966108429604226 -349.0000000000706 -20.00000000000055
vertex -52.966108429612795 -299.0000000000706 -20.00000000000055
endloop
endfacet
facet normal -0.9649505047327669 -1.654462560949414e-13 0.26243194054073987
outer loop
vertex -52.99189462737676 -345.92420035980047 -20.094814695589676
vertex -52.966108429612795 -299.0000000000706 -20.00000000000055
vertex -52.991894627384276 -302.12737203588483 -20.094814695589676
endloop
endfacet
facet normal -0.9649505047327669 -1.654462560949414e-13 0.26243194054073987
outer loop
vertex -59.75755350241368 -352.68985923483956 -44.97183969820836
vertex -60.037176241477084 -306.07106781193727 -46.00000000000055
vertex -60.037176241468515 -356.07106781193727 -46.00000000000055
endloop
endfacet
facet normal -0.9649505047327669 -1.654462560949414e-13 0.26243194054073987
outer loop
vertex -60.037176241477084 -306.07106781193727 -46.00000000000055
vertex -59.75755350241368 -352.68985923483956 -44.97183969820836
vertex -59.75755350242119 -308.893030910924 -44.97183969820836
endloop
endfacet
facet normal -0.9649505047327669 -1.654462560949414e-13 0.26243194054073987
outer loop
vertex -60.037176241477084 -306.07106781193727 -46.00000000000055
vertex -59.75755350242119 -308.893030910924 -44.97183969820836
vertex -52.991894627384276 -302.12737203588483 -20.094814695589676
endloop
endfacet
facet normal -0.9649505047327669 -1.654462560949414e-13 0.26243194054073987
outer loop
vertex -60.037176241477084 -306.07106781193727 -46.00000000000055
vertex -52.991894627384276 -302.12737203588483 -20.094814695589676
vertex -52.966108429612795 -299.0000000000706 -20.00000000000055
endloop
endfacet
facet normal -3.738701485791472e-16 2.579861434160269e-15 -1.0
outer loop
vertex -46.966108429612795 -299.0000000000696 -20.00000000000055
vertex -52.966108429604226 -349.0000000000706 -20.00000000000055
vertex -52.966108429612795 -299.0000000000706 -20.00000000000055
endloop
endfacet
facet normal -3.738701485791472e-16 2.579861434160269e-15 -1.0
outer loop
vertex -52.966108429604226 -349.0000000000706 -20.00000000000055
vertex -46.966108429612795 -299.0000000000696 -20.00000000000055
vertex -46.96610842961119 -309.0000000000696 -20.00000000000028
endloop
endfacet
facet normal -3.738701485791472e-16 2.579861434160269e-15 -1.0
outer loop
vertex -52.966108429604226 -349.0000000000706 -20.00000000000055
vertex -46.96610842961119 -309.0000000000696 -20.00000000000028
vertex -46.96610842960526 -343.0000000000696 -20.00000000000055
endloop
endfacet
facet normal -3.738701485791472e-16 2.579861434160269e-15 -1.0
outer loop
vertex -52.966108429604226 -349.0000000000706 -20.00000000000055
vertex -46.96610842960526 -343.0000000000696 -20.00000000000055
vertex -2.9661084296042213 -349.000000000062 -20.00000000000055
endloop
endfacet
facet normal -3.738701485791472e-16 2.579861434160269e-15 -1.0
outer loop
vertex -46.96610842960526 -343.0000000000696 -20.00000000000055
vertex -46.96610842961119 -309.0000000000696 -20.00000000000028
vertex -46.96610842960623 -333.00000000006963 -20.000000000000664
endloop
endfacet
facet normal -3.738701485791472e-16 2.579861434160269e-15 -1.0
outer loop
vertex -2.9661084296042213 -349.000000000062 -20.00000000000055
vertex -46.96610842960526 -343.0000000000696 -20.00000000000055
vertex -36.966108429605306 -343.00000000006776 -20.00000000000069
endloop
endfacet
facet normal -3.738701485791472e-16 2.579861434160269e-15 -1.0
outer loop
vertex -2.9661084296042213 -349.000000000062 -20.00000000000055
vertex -36.966108429605306 -343.00000000006776 -20.00000000000069
vertex -12.966108429605134 -343.0000000000629 -20.00000000000077
endloop
endfacet
facet normal -3.738701485791472e-16 2.579861434160269e-15 -1.0
outer loop
vertex -2.9661084296042213 -349.000000000062 -20.00000000000055
vertex -12.966108429605134 -343.0000000000629 -20.00000000000077
vertex -2.9661084296052365 -343.000000000062 -20.00000000000055
endloop
endfacet
endsolid Podstavek
