solid Vreteno_nosilec_zobnikov
facet normal -0.9788780805809418 -9.354570102013697e-13 0.20444486630427064
outer loop
vertex 23.844863148715515 -138.22741562302988 42.35990622420816
vertex 23.634504063128603 -122.22741562304005 41.6037851782049
vertex 23.634504063144664 -138.22741562303025 41.60378517820861
endloop
endfacet
facet normal -0.9438182329858001 -8.71024157434415e-13 0.3304650406375265
outer loop
vertex 23.634504063128603 -122.22741562304005 41.6037851782049
vertex 23.844863148715515 -138.22741562302988 42.35990622420816
vertex 23.844863148699453 -122.22741562303969 42.359906224204444
endloop
endfacet
facet normal -0.9438182329858007 -8.71024157434416e-13 0.33046504063752524
outer loop
vertex 23.634504063144664 -138.22741562303025 41.60378517820861
vertex 23.327251027704317 -122.22741562304053 40.88159022301052
vertex 23.327251027720386 -138.22741562303074 40.881590223014236
endloop
endfacet
facet normal -0.892609393748421 -7.916883473311009e-13 0.45083086650325577
outer loop
vertex 23.327251027704317 -122.22741562304053 40.88159022301052
vertex 23.634504063144664 -138.22741562303025 41.60378517820861
vertex 23.634504063128603 -122.22741562304005 41.6037851782049
endloop
endfacet
facet normal -1.3305012079260054e-12 1.0 -7.917018394053278e-13
outer loop
vertex 11.879525242444936 -128.22741562309363 4.270395711119103
vertex 23.309579568658474 -128.22741562308838 3.287653632262382
vertex 12.633609761777338 -128.22741562310347 3.2876536322595507
endloop
endfacet
facet normal -1.3305012079260054e-12 1.0 -7.917018394053278e-13
outer loop
vertex 23.309579568658474 -128.22741562308838 3.287653632262382
vertex 11.879525242444936 -128.22741562309363 4.270395711119103
vertex 24.06366408799239 -128.22741562307897 4.270395711126316
endloop
endfacet
facet normal -1.3305012079260054e-12 1.0 -7.917018394053278e-13
outer loop
vertex 24.06366408799239 -128.22741562307897 4.270395711126316
vertex 11.879525242444936 -128.22741562309363 4.270395711119103
vertex 17.971594665218355 -128.22741562308596 4.787653632283029
endloop
endfacet
facet normal -1.3305012079260054e-12 1.0 -7.917018394053278e-13
outer loop
vertex 17.971594665218355 -128.22741562308596 4.787653632283029
vertex 11.879525242444936 -128.22741562309363 4.270395711119103
vertex 17.195137529910735 -128.22741562308676 4.889876153415365
endloop
endfacet
facet normal -1.3305012079260054e-12 1.0 -7.917018394053278e-13
outer loop
vertex 17.195137529910735 -128.22741562308676 4.889876153415365
vertex 11.879525242444936 -128.22741562309363 4.270395711119103
vertex 11.176774137679617 -128.22741562308835 5.966986959213322
endloop
endfacet
facet normal -1.3305012079260054e-12 1.0 -7.917018394053278e-13
outer loop
vertex 17.195137529910735 -128.22741562308676 4.889876153415365
vertex 11.176774137679617 -128.22741562308835 5.966986959213322
vertex 16.47159466521812 -128.22741562308738 5.189577420928825
endloop
endfacet
facet normal -1.3305012079260054e-12 1.0 -7.917018394053278e-13
outer loop
vertex 16.47159466521812 -128.22741562308738 5.189577420928825
vertex 11.176774137679617 -128.22741562308835 5.966986959213322
vertex 15.850274321658192 -128.2274156230878 5.6663332887221305
endloop
endfacet
facet normal -1.3305012079260054e-12 1.0 -7.917018394053278e-13
outer loop
vertex 15.850274321658192 -128.2274156230878 5.6663332887221305
vertex 11.176774137679617 -128.22741562308835 5.966986959213322
vertex 15.373518453864154 -128.2274156230879 6.28765363228149
endloop
endfacet
facet normal -1.3305012079260054e-12 1.0 -7.917018394053278e-13
outer loop
vertex 15.373518453864154 -128.2274156230879 6.28765363228149
vertex 11.176774137679617 -128.22741562308835 5.966986959213322
vertex 10.937078822895991 -128.2274156231044 7.787653632291153
endloop
endfacet
facet normal -1.3305012079260054e-12 1.0 -7.917018394053278e-13
outer loop
vertex 15.373518453864154 -128.2274156230879 6.28765363228149
vertex 10.937078822895991 -128.2274156231044 7.787653632291153
vertex 15.073817186349835 -128.22741562308772 7.01119649697373
endloop
endfacet
facet normal -1.3305012079260054e-12 1.0 -7.917018394053278e-13
outer loop
vertex 15.073817186349835 -128.22741562308772 7.01119649697373
vertex 10.937078822895991 -128.2274156231044 7.787653632291153
vertex 14.971594665216594 -128.22741562309457 7.78765363228859
endloop
endfacet
facet normal -1.3305012079260054e-12 1.0 -7.917018394053278e-13
outer loop
vertex 14.971594665216594 -128.22741562309457 7.78765363228859
vertex 10.937078822895991 -128.2274156231044 7.787653632291153
vertex 15.073817186348915 -128.22741562308659 8.564110767588854
endloop
endfacet
facet normal -1.3305012079260054e-12 1.0 -7.917018394053278e-13
outer loop
vertex 15.073817186348915 -128.22741562308659 8.564110767588854
vertex 10.937078822895991 -128.2274156231044 7.787653632291153
vertex 11.176774137679368 -128.2274156230906 9.608320305349233
endloop
endfacet
facet normal -1.3305012079260054e-12 1.0 -7.917018394053278e-13
outer loop
vertex 15.073817186348915 -128.22741562308659 8.564110767588854
vertex 11.176774137679368 -128.2274156230906 9.608320305349233
vertex 15.373518453862374 -128.22741562308568 9.287653632281469
endloop
endfacet
facet normal -1.3305012079260054e-12 1.0 -7.917018394053278e-13
outer loop
vertex 15.373518453862374 -128.22741562308568 9.287653632281469
vertex 11.176774137679368 -128.2274156230906 9.608320305349233
vertex 15.85027432165568 -128.22741562308468 9.908973975841395
endloop
endfacet
facet normal -1.3305012079260054e-12 1.0 -7.917018394053278e-13
outer loop
vertex 15.85027432165568 -128.22741562308468 9.908973975841395
vertex 11.176774137679368 -128.2274156230906 9.608320305349233
vertex 11.879525242440755 -128.22741562308846 11.304911553439698
endloop
endfacet
facet normal -1.3305012079260054e-12 1.0 -7.917018394053278e-13
outer loop
vertex 15.85027432165568 -128.22741562308468 9.908973975841395
vertex 11.879525242440755 -128.22741562308846 11.304911553439698
vertex 16.47159466521504 -128.2274156230836 10.385729843635437
endloop
endfacet
facet normal -1.3305012079260054e-12 1.0 -7.917018394053278e-13
outer loop
vertex 16.47159466521504 -128.2274156230836 10.385729843635437
vertex 11.879525242440755 -128.22741562308846 11.304911553439698
vertex 17.1951375299073 -128.22741562308252 10.685431111149754
endloop
endfacet
facet normal -1.3305012079260054e-12 1.0 -7.917018394053278e-13
outer loop
vertex 17.1951375299073 -128.22741562308252 10.685431111149754
vertex 11.879525242440755 -128.22741562308846 11.304911553439698
vertex 17.971594665214802 -128.22741562308153 10.787653632283009
endloop
endfacet
facet normal -1.3305012079260054e-12 1.0 -7.917018394053278e-13
outer loop
vertex 24.06366408799239 -128.22741562307897 4.270395711126316
vertex 18.748051800525857 -128.22741562308497 4.889876153416284
vertex 24.766415192755442 -128.2274156230769 5.966986959220754
endloop
endfacet
facet normal -1.3305012079260054e-12 1.0 -7.917018394053278e-13
outer loop
vertex 18.748051800525857 -128.22741562308497 4.889876153416284
vertex 24.06366408799239 -128.22741562307897 4.270395711126316
vertex 17.971594665218355 -128.22741562308596 4.787653632283029
endloop
endfacet
facet normal -1.3305012079260054e-12 1.0 -7.917018394053278e-13
outer loop
vertex 24.766415192755442 -128.2274156230769 5.966986959220754
vertex 18.748051800525857 -128.22741562308497 4.889876153416284
vertex 19.471594665218117 -128.22741562308389 5.189577420930601
endloop
endfacet
facet normal -1.3305012079260054e-12 1.0 -7.917018394053278e-13
outer loop
vertex 24.766415192755442 -128.2274156230769 5.966986959220754
vertex 19.471594665218117 -128.22741562308389 5.189577420930601
vertex 20.09291500877748 -128.22741562308278 5.666333288724643
endloop
endfacet
facet normal -1.3305012079260054e-12 1.0 -7.917018394053278e-13
outer loop
vertex 24.766415192755442 -128.2274156230769 5.966986959220754
vertex 20.09291500877748 -128.22741562308278 5.666333288724643
vertex 20.569670876570783 -128.22741562308175 6.287653632284568
endloop
endfacet
facet normal -1.3305012079260054e-12 1.0 -7.917018394053278e-13
outer loop
vertex 24.766415192755442 -128.2274156230769 5.966986959220754
vertex 20.569670876570783 -128.22741562308175 6.287653632284568
vertex 25.00611050753721 -128.2274156230848 7.787653632296513
endloop
endfacet
facet normal -1.3305012079260054e-12 1.0 -7.917018394053278e-13
outer loop
vertex 25.00611050753721 -128.2274156230848 7.787653632296513
vertex 20.569670876570783 -128.22741562308175 6.287653632284568
vertex 20.86937214408424 -128.2274156230809 7.011196496977162
endloop
endfacet
facet normal -1.3305012079260054e-12 1.0 -7.917018394053278e-13
outer loop
vertex 25.00611050753721 -128.2274156230848 7.787653632296513
vertex 20.86937214408424 -128.2274156230809 7.011196496977162
vertex 20.971594665216593 -128.2274156230859 7.787653632290367
endloop
endfacet
facet normal -1.3305012079260054e-12 1.0 -7.917018394053278e-13
outer loop
vertex 25.00611050753721 -128.2274156230848 7.787653632296513
vertex 20.971594665216593 -128.2274156230859 7.787653632290367
vertex 20.86937214408333 -128.22741562307974 8.56411076759229
endloop
endfacet
facet normal -1.3305012079260054e-12 1.0 -7.917018394053278e-13
outer loop
vertex 25.00611050753721 -128.2274156230848 7.787653632296513
vertex 20.86937214408333 -128.22741562307974 8.56411076759229
vertex 24.766415192751847 -128.22741562307033 9.608320305356797
endloop
endfacet
facet normal -1.3305012079260054e-12 1.0 -7.917018394053278e-13
outer loop
vertex 24.766415192751847 -128.22741562307033 9.608320305356797
vertex 20.86937214408333 -128.22741562307974 8.56411076759229
vertex 20.569670876569006 -128.22741562307954 9.287653632284549
endloop
endfacet
facet normal -1.3305012079260054e-12 1.0 -7.917018394053278e-13
outer loop
vertex 24.766415192751847 -128.22741562307033 9.608320305356797
vertex 20.569670876569006 -128.22741562307954 9.287653632284549
vertex 20.092915008774963 -128.22741562307968 9.908973975843908
endloop
endfacet
facet normal -1.3305012079260054e-12 1.0 -7.917018394053278e-13
outer loop
vertex 24.766415192751847 -128.22741562307033 9.608320305356797
vertex 20.092915008774963 -128.22741562307968 9.908973975843908
vertex 24.063664087988233 -128.2274156230738 11.304911553446926
endloop
endfacet
facet normal -1.3305012079260054e-12 1.0 -7.917018394053278e-13
outer loop
vertex 24.063664087988233 -128.2274156230738 11.304911553446926
vertex 20.092915008774963 -128.22741562307968 9.908973975843908
vertex 19.471594665215036 -128.22741562308005 10.385729843637215
endloop
endfacet
facet normal -1.3305012079260054e-12 1.0 -7.917018394053278e-13
outer loop
vertex 24.063664087988233 -128.2274156230738 11.304911553446926
vertex 19.471594665215036 -128.22741562308005 10.385729843637215
vertex 18.74805180052243 -128.22741562308067 10.685431111150672
endloop
endfacet
facet normal -1.3305012079260054e-12 1.0 -7.917018394053278e-13
outer loop
vertex 24.063664087988233 -128.2274156230738 11.304911553446926
vertex 18.74805180052243 -128.22741562308067 10.685431111150672
vertex 17.971594665214802 -128.22741562308153 10.787653632283009
endloop
endfacet
facet normal -1.3305012079260054e-12 1.0 -7.917018394053278e-13
outer loop
vertex 24.063664087988233 -128.2274156230738 11.304911553446926
vertex 17.971594665214802 -128.22741562308153 10.787653632283009
vertex 11.879525242440755 -128.22741562308846 11.304911553439698
endloop
endfacet
facet normal -1.3305012079260054e-12 1.0 -7.917018394053278e-13
outer loop
vertex 24.063664087988233 -128.2274156230738 11.304911553446926
vertex 11.879525242440755 -128.22741562308846 11.304911553439698
vertex 12.99744081074453 -128.22741562308607 12.761807486749174
endloop
endfacet
facet normal -1.3305012079260054e-12 1.0 -7.917018394053278e-13
outer loop
vertex 24.063664087988233 -128.2274156230738 11.304911553446926
vertex 12.99744081074453 -128.22741562308607 12.761807486749174
vertex 22.945748519682738 -128.22741562307408 12.761807486755059
endloop
endfacet
facet normal -1.3305012079260054e-12 1.0 -7.917018394053278e-13
outer loop
vertex 22.945748519682738 -128.22741562307408 12.761807486755059
vertex 12.99744081074453 -128.22741562308607 12.761807486749174
vertex 14.454336744052668 -128.2274156230835 13.879723055054672
endloop
endfacet
facet normal -1.3305012079260054e-12 1.0 -7.917018394053278e-13
outer loop
vertex 22.945748519682738 -128.22741562307408 12.761807486755059
vertex 14.454336744052668 -128.2274156230835 13.879723055054672
vertex 21.488852586373266 -128.22741562307496 13.879723055058843
endloop
endfacet
facet normal -1.3305012079260054e-12 1.0 -7.917018394053278e-13
outer loop
vertex 21.488852586373266 -128.22741562307496 13.879723055058843
vertex 14.454336744052668 -128.2274156230835 13.879723055054672
vertex 16.150927992144585 -128.22741562308093 14.58247415981902
endloop
endfacet
facet normal -1.3305012079260054e-12 1.0 -7.917018394053278e-13
outer loop
vertex 21.488852586373266 -128.22741562307496 13.879723055058843
vertex 16.150927992144585 -128.22741562308093 14.58247415981902
vertex 19.792261338280515 -128.2274156230765 14.582474159821176
endloop
endfacet
facet normal -1.3305012079260054e-12 1.0 -7.917018394053278e-13
outer loop
vertex 19.792261338280515 -128.2274156230765 14.582474159821176
vertex 16.150927992144585 -128.22741562308093 14.58247415981902
vertex 17.97159466521241 -128.22741562307854 14.82216947460363
endloop
endfacet
facet normal -1.3305012079260054e-12 1.0 -7.917018394053278e-13
outer loop
vertex 7.971594665213972 -128.22741562310435 3.2876536322598238
vertex 27.971594665216816 -128.22741562307186 0.28765363226247753
vertex 7.971594665216626 -128.22741562309741 0.2876536322624775
endloop
endfacet
facet normal -1.3305012079260054e-12 1.0 -7.917018394053278e-13
outer loop
vertex 27.971594665216816 -128.22741562307186 0.28765363226247753
vertex 7.971594665213972 -128.22741562310435 3.2876536322598238
vertex 12.633609761777338 -128.22741562310347 3.2876536322595507
endloop
endfacet
facet normal -1.3305012079260054e-12 1.0 -7.917018394053278e-13
outer loop
vertex 27.971594665216816 -128.22741562307186 0.28765363226247753
vertex 23.309579568658474 -128.22741562308838 3.287653632262382
vertex 27.971594665214166 -128.2274156230719 3.287653632265128
endloop
endfacet
facet normal -1.3305012079260054e-12 1.0 -7.917018394053278e-13
outer loop
vertex 23.309579568658474 -128.22741562308838 3.287653632262382
vertex 27.971594665216816 -128.22741562307186 0.28765363226247753
vertex 12.633609761777338 -128.22741562310347 3.2876536322595507
endloop
endfacet
facet normal -1.0 -1.6364880763644055e-12 1.818006755298757e-13
outer loop
vertex -7.0284053347665365 -138.2274156231097 7.787653632303729
vertex -7.028405334816689 -113.2274156231418 0.28765363222044893
vertex -7.028405334770948 -138.22741562312802 0.28765363227819823
endloop
endfacet
facet normal -1.0 -1.6364880763644055e-12 1.818006755298757e-13
outer loop
vertex -7.028405334816689 -113.2274156231418 0.28765363222044893
vertex -7.0284053347665365 -138.2274156231097 7.787653632303729
vertex -7.028405334816689 -113.22741562310969 7.787653632240629
endloop
endfacet
facet normal -1.7363473621881162e-12 1.0 -1.108434825403844e-12
outer loop
vertex 27.971594665192825 -113.22741562305522 7.787653632268034
vertex 42.97159466518983 -113.2274156230375 0.28765363224036167
vertex 27.971594665192825 -113.22741562307185 0.28765363224036133
endloop
endfacet
facet normal -1.7363473621881162e-12 1.0 -1.108434825403844e-12
outer loop
vertex 42.97159466518983 -113.2274156230375 0.28765363224036167
vertex 27.971594665192825 -113.22741562305522 7.787653632268034
vertex 42.97159466518983 -113.2274156230375 7.787653632260544
endloop
endfacet
facet normal -2.36801985427728e-12 1.0 -3.099707157607017e-12
outer loop
vertex -7.028405334816689 -113.2274156231418 0.28765363222044893
vertex 7.971594665186312 -113.22741562308302 7.787653632245155
vertex 7.971594665186312 -113.22741562309741 0.2876536322204486
endloop
endfacet
facet normal -2.36801985427728e-12 1.0 -3.099707157607017e-12
outer loop
vertex 7.971594665186312 -113.22741562308302 7.787653632245155
vertex -7.028405334816689 -113.2274156231418 0.28765363222044893
vertex -7.028405334816689 -113.22741562310969 7.787653632240629
endloop
endfacet
facet normal -1.0 -6.282148153448911e-13 -4.042224984102163e-13
outer loop
vertex 27.971594665192825 -113.22741562305522 7.787653632268034
vertex 27.971594665217474 -135.2274156230719 3.287653632271781
vertex 27.971594665216852 -135.2274156230851 7.787653632290745
endloop
endfacet
facet normal -1.0 -6.282148153448911e-13 -4.042224984102163e-13
outer loop
vertex 27.971594665217474 -135.2274156230719 3.287653632271781
vertex 27.971594665192825 -113.22741562305522 7.787653632268034
vertex 27.971594665214166 -128.2274156230719 3.287653632265128
endloop
endfacet
facet normal -1.0 -6.282148153448911e-13 -4.042224984102163e-13
outer loop
vertex 27.971594665214166 -128.2274156230719 3.287653632265128
vertex 27.971594665192825 -113.22741562305522 7.787653632268034
vertex 27.971594665216816 -128.22741562307186 0.28765363226247753
endloop
endfacet
facet normal -1.0 -6.282148153448911e-13 -4.042224984102163e-13
outer loop
vertex 27.971594665216816 -128.22741562307186 0.28765363226247753
vertex 27.971594665192825 -113.22741562305522 7.787653632268034
vertex 27.971594665192825 -113.22741562307185 0.28765363224036133
endloop
endfacet
facet normal -0.8660254037847502 -9.529740223601339e-13 0.49999999999946043
outer loop
vertex 20.56967087658804 -138.22741562308988 6.28765363229343
vertex 20.09291500877748 -128.22741562308278 5.666333288724643
vertex 20.092915008794737 -138.2274156230909 5.666333288733505
endloop
endfacet
facet normal -0.707106781186939 -4.985730663055487e-13 0.707106781186156
outer loop
vertex 20.09291500877748 -128.22741562308278 5.666333288724643
vertex 20.56967087658804 -138.22741562308988 6.28765363229343
vertex 20.569670876570783 -128.22741562308175 6.287653632284568
endloop
endfacet
facet normal -0.9659258262893058 -1.357357664533227e-12 0.258819045101635
outer loop
vertex 20.8693721441015 -138.227415623089 7.011196496986044
vertex 20.569670876570783 -128.22741562308175 6.287653632284568
vertex 20.56967087658804 -138.22741562308988 6.28765363229343
endloop
endfacet
facet normal -0.8660254037847163 -9.52974022360023e-13 0.49999999999951944
outer loop
vertex 20.569670876570783 -128.22741562308175 6.287653632284568
vertex 20.8693721441015 -138.227415623089 7.011196496986044
vertex 20.86937214408424 -128.2274156230809 7.011196496977162
endloop
endfacet
facet normal -1.0 -1.6403994296535721e-12 -1.1778794171165549e-12
outer loop
vertex 20.971594665233837 -138.2274156230883 7.787653632293668
vertex 20.86937214408424 -128.2274156230809 7.011196496977162
vertex 20.8693721441015 -138.227415623089 7.011196496986044
endloop
endfacet
facet normal -0.9659258262892141 -1.3573576645327156e-12 0.2588190451019774
outer loop
vertex 20.86937214408424 -128.2274156230809 7.011196496977162
vertex 20.971594665233837 -138.2274156230883 7.787653632293668
vertex 20.971594665216593 -128.2274156230859 7.787653632290367
endloop
endfacet
facet normal -0.9659258262888333 -1.8122505852175742e-12 -0.25881904510339826
outer loop
vertex 20.869372144100588 -138.22741562308784 8.564110767601173
vertex 20.971594665216593 -128.2274156230859 7.787653632290367
vertex 20.971594665233837 -138.2274156230883 7.787653632293668
endloop
endfacet
facet normal -1.0 -1.640399429653621e-12 -1.2473504298571165e-12
outer loop
vertex 20.971594665216593 -128.2274156230859 7.787653632290367
vertex 20.869372144100588 -138.22741562308784 8.564110767601173
vertex 20.86937214408333 -128.22741562307974 8.56411076759229
endloop
endfacet
facet normal -0.8660254037841475 -1.889786497079004e-12 -0.5000000000005044
outer loop
vertex 20.569670876586265 -138.22741562308767 9.28765363229343
vertex 20.86937214408333 -128.22741562307974 8.56411076759229
vertex 20.869372144100588 -138.22741562308784 8.564110767601173
endloop
endfacet
facet normal -0.9659258262887541 -1.812250585217757e-12 -0.25881904510369375
outer loop
vertex 20.86937214408333 -128.22741562307974 8.56411076759229
vertex 20.569670876586265 -138.22741562308767 9.28765363229343
vertex 20.569670876569006 -128.22741562307954 9.287653632284549
endloop
endfacet
facet normal -0.7071067811861129 -1.82318554640609e-12 -0.7071067811869822
outer loop
vertex 20.092915008774963 -128.22741562307968 9.908973975843908
vertex 20.569670876586265 -138.22741562308767 9.28765363229343
vertex 20.09291500879222 -138.22741562308778 9.908973975852792
endloop
endfacet
facet normal -0.8660254037841475 -1.889786497079004e-12 -0.5000000000005044
outer loop
vertex 20.569670876586265 -138.22741562308767 9.28765363229343
vertex 20.092915008774963 -128.22741562307968 9.908973975843908
vertex 20.569670876569006 -128.22741562307954 9.287653632284549
endloop
endfacet
facet normal -0.7071067811861129 -1.82318554640609e-12 -0.7071067811869822
outer loop
vertex 20.092915008774963 -128.22741562307968 9.908973975843908
vertex 19.471594665232296 -138.22741562308818 10.385729843646097
vertex 19.471594665215036 -128.22741562308005 10.385729843637215
endloop
endfacet
facet normal -0.4999999999995152 -1.6323408037609143e-12 -0.8660254037847185
outer loop
vertex 19.471594665232296 -138.22741562308818 10.385729843646097
vertex 20.092915008774963 -128.22741562307968 9.908973975843908
vertex 20.09291500879222 -138.22741562308778 9.908973975852792
endloop
endfacet
facet normal -0.4999999999994572 -1.6323408037608507e-12 -0.8660254037847521
outer loop
vertex 19.471594665215036 -128.22741562308005 10.385729843637215
vertex 18.748051800539685 -138.2274156230888 10.685431111159556
vertex 18.74805180052243 -128.22741562308067 10.685431111150672
endloop
endfacet
facet normal -0.2588190451019876 -1.3302560227481904e-12 -0.9659258262892113
outer loop
vertex 18.748051800539685 -138.2274156230888 10.685431111159556
vertex 19.471594665215036 -128.22741562308005 10.385729843637215
vertex 19.471594665232296 -138.22741562308818 10.385729843646097
endloop
endfacet
facet normal -0.25881904510190956 -1.3302560227480815e-12 -0.9659258262892321
outer loop
vertex 18.74805180052243 -128.22741562308067 10.685431111150672
vertex 17.97159466523206 -138.22741562308963 10.78765363229189
vertex 17.971594665214802 -128.22741562308153 10.787653632283009
endloop
endfacet
facet normal 5.461441032844127e-13 -9.375140940733992e-13 -1.0
outer loop
vertex 17.97159466523206 -138.22741562308963 10.78765363229189
vertex 18.74805180052243 -128.22741562308067 10.685431111150672
vertex 18.748051800539685 -138.2274156230888 10.685431111159556
endloop
endfacet
facet normal 6.361997798898031e-13 -9.375140940732514e-13 -1.0
outer loop
vertex 17.971594665214802 -128.22741562308153 10.787653632283009
vertex 17.19513752992456 -138.22741562309062 10.685431111158636
vertex 17.1951375299073 -128.22741562308252 10.685431111149754
endloop
endfacet
facet normal 0.2588190451030479 -4.808823257938767e-13 -0.9659258262889271
outer loop
vertex 17.19513752992456 -138.22741562309062 10.685431111158636
vertex 17.971594665214802 -128.22741562308153 10.787653632283009
vertex 17.97159466523206 -138.22741562308963 10.78765363229189
endloop
endfacet
facet normal 0.2588190451031378 -4.808823257937065e-13 -0.9659258262889031
outer loop
vertex 17.1951375299073 -128.22741562308252 10.685431111149754
vertex 16.4715946652323 -138.2274156230917 10.385729843644318
vertex 16.47159466521504 -128.2274156230836 10.385729843635437
endloop
endfacet
facet normal 0.5000000000004741 8.520737816552169e-15 -0.8660254037841649
outer loop
vertex 16.4715946652323 -138.2274156230917 10.385729843644318
vertex 17.1951375299073 -128.22741562308252 10.685431111149754
vertex 17.19513752992456 -138.22741562309062 10.685431111158636
endloop
endfacet
facet normal 0.5000000000005524 8.520737816723066e-15 -0.8660254037841197
outer loop
vertex 16.47159466521504 -128.2274156230836 10.385729843635437
vertex 15.850274321672938 -138.22741562309278 9.908973975850277
vertex 15.85027432165568 -128.22741562308468 9.908973975841395
endloop
endfacet
facet normal 0.7071067811869374 4.973439391158599e-13 -0.7071067811861578
outer loop
vertex 15.850274321672938 -138.22741562309278 9.908973975850277
vertex 16.47159466521504 -128.2274156230836 10.385729843635437
vertex 16.4715946652323 -138.2274156230917 10.385729843644318
endloop
endfacet
facet normal 0.8660254037847525 9.522728692871328e-13 -0.4999999999994568
outer loop
vertex 15.373518453862374 -128.22741562308568 9.287653632281469
vertex 15.850274321672938 -138.22741562309278 9.908973975850277
vertex 15.373518453879631 -138.2274156230938 9.287653632290352
endloop
endfacet
facet normal 0.7071067811869374 4.973439391158599e-13 -0.7071067811861578
outer loop
vertex 15.850274321672938 -138.22741562309278 9.908973975850277
vertex 15.373518453862374 -128.22741562308568 9.287653632281469
vertex 15.85027432165568 -128.22741562308468 9.908973975841395
endloop
endfacet
facet normal 0.9659258262890225 1.3619432448418318e-12 -0.25881904510269194
outer loop
vertex 15.073817186348915 -128.22741562308659 8.564110767588854
vertex 15.373518453879631 -138.2274156230938 9.287653632290352
vertex 15.073817186366174 -138.22741562309469 8.564110767597736
endloop
endfacet
facet normal 0.8660254037847182 9.52272869287021e-13 -0.499999999999516
outer loop
vertex 15.373518453879631 -138.2274156230938 9.287653632290352
vertex 15.073817186348915 -128.22741562308659 8.564110767588854
vertex 15.373518453862374 -128.22741562308568 9.287653632281469
endloop
endfacet
facet normal 1.0 1.6402835473014612e-12 -2.7341958492652305e-13
outer loop
vertex 14.971594665216594 -128.22741562309457 7.78765363228859
vertex 15.073817186366174 -138.22741562309469 8.564110767597736
vertex 14.971594665233837 -138.2274156230954 7.787653632290114
endloop
endfacet
facet normal 0.9659258262891115 1.3619432448423397e-12 -0.2588190451023603
outer loop
vertex 15.073817186366174 -138.22741562309469 8.564110767597736
vertex 14.971594665216594 -128.22741562309457 7.78765363228859
vertex 15.073817186348915 -128.22741562308659 8.564110767588854
endloop
endfacet
facet normal 0.96592582628892 1.8072134033495464e-12 0.25881904510307424
outer loop
vertex 15.073817186349835 -128.22741562308772 7.01119649697373
vertex 14.971594665233837 -138.2274156230954 7.787653632290114
vertex 15.073817186367092 -138.22741562309582 7.011196496982612
endloop
endfacet
facet normal 1.0 1.6402835473015226e-12 -1.7683206476920938e-13
outer loop
vertex 14.971594665233837 -138.2274156230954 7.787653632290114
vertex 15.073817186349835 -128.22741562308772 7.01119649697373
vertex 14.971594665216594 -128.22741562309457 7.78765363228859
endloop
endfacet
facet normal 0.8660254037841474 1.889083671401596e-12 0.5000000000005047
outer loop
vertex 15.373518453864154 -128.2274156230879 6.28765363228149
vertex 15.073817186367092 -138.22741562309582 7.011196496982612
vertex 15.373518453881411 -138.22741562309602 6.287653632290351
endloop
endfacet
facet normal 0.9659258262890215 1.807213403349298e-12 0.2588190451026957
outer loop
vertex 15.073817186367092 -138.22741562309582 7.011196496982612
vertex 15.373518453864154 -128.2274156230879 6.28765363228149
vertex 15.073817186349835 -128.22741562308772 7.01119649697373
endloop
endfacet
facet normal 0.7071067811861126 1.8219553195880813e-12 0.7071067811869824
outer loop
vertex 15.850274321675451 -138.2274156230959 5.666333288730992
vertex 15.373518453864154 -128.2274156230879 6.28765363228149
vertex 15.373518453881411 -138.22741562309602 6.287653632290351
endloop
endfacet
facet normal 0.8660254037841474 1.889083671401596e-12 0.5000000000005047
outer loop
vertex 15.373518453864154 -128.2274156230879 6.28765363228149
vertex 15.850274321675451 -138.2274156230959 5.666333288730992
vertex 15.850274321658192 -128.2274156230878 5.6663332887221305
endloop
endfacet
facet normal 0.7071067811861126 1.8219553195880813e-12 0.7071067811869824
outer loop
vertex 15.850274321675451 -138.2274156230959 5.666333288730992
vertex 16.47159466521812 -128.22741562308738 5.189577420928825
vertex 15.850274321658192 -128.2274156230878 5.6663332887221305
endloop
endfacet
facet normal 0.4999999999995138 1.6308345067519347e-12 0.8660254037847195
outer loop
vertex 16.47159466521812 -128.22741562308738 5.189577420928825
vertex 15.850274321675451 -138.2274156230959 5.666333288730992
vertex 16.47159466523538 -138.2274156230955 5.189577420937686
endloop
endfacet
facet normal 0.4999999999994576 1.6308345067518725e-12 0.8660254037847519
outer loop
vertex 16.47159466523538 -138.2274156230955 5.189577420937686
vertex 17.195137529910735 -128.22741562308676 4.889876153415365
vertex 16.47159466521812 -128.22741562308738 5.189577420928825
endloop
endfacet
facet normal 0.25881904510198955 1.3285751215482407e-12 0.9659258262892106
outer loop
vertex 17.195137529910735 -128.22741562308676 4.889876153415365
vertex 16.47159466523538 -138.2274156230955 5.189577420937686
vertex 17.195137529927994 -138.22741562309488 4.889876153424226
endloop
endfacet
facet normal 0.25881904510190923 1.3285751215481293e-12 0.9659258262892323
outer loop
vertex 17.195137529927994 -138.22741562309488 4.889876153424226
vertex 17.971594665218355 -128.22741562308596 4.787653632283029
vertex 17.195137529910735 -128.22741562308676 4.889876153415365
endloop
endfacet
facet normal -5.44923281228704e-13 9.357736740387956e-13 1.0
outer loop
vertex 17.971594665218355 -128.22741562308596 4.787653632283029
vertex 17.195137529927994 -138.22741562309488 4.889876153424226
vertex 17.971594665235614 -138.22741562309406 4.787653632291891
endloop
endfacet
facet normal -6.373938686158257e-13 9.357736740386437e-13 1.0
outer loop
vertex 17.971594665235614 -138.22741562309406 4.787653632291891
vertex 18.748051800525857 -128.22741562308497 4.889876153416284
vertex 17.971594665218355 -128.22741562308596 4.787653632283029
endloop
endfacet
facet normal -0.2588190451030479 4.792020324162333e-13 0.9659258262889272
outer loop
vertex 18.748051800525857 -128.22741562308497 4.889876153416284
vertex 17.971594665235614 -138.22741562309406 4.787653632291891
vertex 18.748051800543116 -138.22741562309307 4.889876153425146
endloop
endfacet
facet normal -0.25881904510313763 4.792020324160633e-13 0.965925826288903
outer loop
vertex 18.748051800543116 -138.22741562309307 4.889876153425146
vertex 19.471594665218117 -128.22741562308389 5.189577420930601
vertex 18.748051800525857 -128.22741562308497 4.889876153416284
endloop
endfacet
facet normal -0.5000000000004742 -1.0026309814886204e-14 0.8660254037841649
outer loop
vertex 19.471594665218117 -128.22741562308389 5.189577420930601
vertex 18.748051800543116 -138.22741562309307 4.889876153425146
vertex 19.471594665235376 -138.22741562309199 5.189577420939464
endloop
endfacet
facet normal -0.5000000000005523 -1.0026309815056674e-14 0.86602540378412
outer loop
vertex 19.471594665235376 -138.22741562309199 5.189577420939464
vertex 20.09291500877748 -128.22741562308278 5.666333288724643
vertex 19.471594665218117 -128.22741562308389 5.189577420930601
endloop
endfacet
facet normal -0.707106781186939 -4.985730663055487e-13 0.707106781186156
outer loop
vertex 20.09291500877748 -128.22741562308278 5.666333288724643
vertex 19.471594665235376 -138.22741562309199 5.189577420939464
vertex 20.092915008794737 -138.2274156230909 5.666333288733505
endloop
endfacet
facet normal 1.0 2.969424706126587e-13 1.18709985573316e-13
outer loop
vertex 32.971594665226455 -128.22741562304472 7.787653632297453
vertex 32.97159466522517 -138.22741562304023 43.586575422035686
vertex 32.971594665233674 -138.22741562304472 7.787653632303731
endloop
endfacet
facet normal 1.0 2.969424706126587e-13 1.18709985573316e-13
outer loop
vertex 32.97159466522517 -138.22741562304023 43.586575422035686
vertex 32.971594665226455 -128.22741562304472 7.787653632297453
vertex 32.971594665226455 -128.2274156230486 43.58657542203148
endloop
endfacet
facet normal 3.327478087572484e-13 1.8086560027444017e-12 1.0
outer loop
vertex -3.992506949929313 -122.72741562311761 4.787653632278551
vertex -2.4602569873707667 -121.24505371332158 4.787653632275361
vertex -2.5284053347930087 -120.72741562311657 4.787653632274447
endloop
endfacet
facet normal 3.327478087572484e-13 1.8086560027444017e-12 1.0
outer loop
vertex -2.4602569873707667 -121.24505371332158 4.787653632275361
vertex -3.992506949929313 -122.72741562311761 4.787653632278551
vertex -2.2604561423611544 -121.72741562311637 4.787653632276167
endloop
endfacet
facet normal 3.327478087572484e-13 1.8086560027444017e-12 1.0
outer loop
vertex -2.2604561423611544 -121.72741562311637 4.787653632276167
vertex -3.992506949929313 -122.72741562311761 4.787653632278551
vertex -0.5284053347901204 -124.7274156231151 4.787653632281016
endloop
endfacet
facet normal 3.327478087572484e-13 1.8086560027444017e-12 1.0
outer loop
vertex -2.2604561423611544 -121.72741562311637 4.787653632276167
vertex -0.5284053347901204 -124.7274156231151 4.787653632281016
vertex -1.9426188971650695 -122.14162918548925 4.78765363227681
endloop
endfacet
facet normal 3.327478087572484e-13 1.8086560027444017e-12 1.0
outer loop
vertex -1.9426188971650695 -122.14162918548925 4.78765363227681
vertex -0.5284053347901204 -124.7274156231151 4.787653632281016
vertex -1.5284053347917421 -122.4594664306847 4.787653632277247
endloop
endfacet
facet normal 3.327478087572484e-13 1.8086560027444017e-12 1.0
outer loop
vertex -1.5284053347917421 -122.4594664306847 4.787653632277247
vertex -0.5284053347901204 -124.7274156231151 4.787653632281016
vertex -1.046043424996638 -122.65926727569364 4.787653632277447
endloop
endfacet
facet normal 3.327478087572484e-13 1.8086560027444017e-12 1.0
outer loop
vertex -1.046043424996638 -122.65926727569364 4.787653632277447
vertex -0.5284053347901204 -124.7274156231151 4.787653632281016
vertex -0.5284053347915431 -122.7274156231151 4.787653632277398
endloop
endfacet
facet normal 3.327478087572484e-13 1.8086560027444017e-12 1.0
outer loop
vertex -0.5284053347915431 -122.7274156231151 4.787653632277398
vertex -0.5284053347901204 -124.7274156231151 4.787653632281016
vertex -0.010767244586551105 -122.65926727569287 4.787653632277103
endloop
endfacet
facet normal 3.327478087572484e-13 1.8086560027444017e-12 1.0
outer loop
vertex -0.010767244586551105 -122.65926727569287 4.787653632277103
vertex -0.5284053347901204 -124.7274156231151 4.787653632281016
vertex 2.935696280346184 -122.7274156231126 4.787653632276246
endloop
endfacet
facet normal 3.327478087572484e-13 1.8086560027444017e-12 1.0
outer loop
vertex -0.010767244586551105 -122.65926727569287 4.787653632277103
vertex 2.935696280346184 -122.7274156231126 4.787653632276246
vertex 0.4715946652082591 -122.45946643068325 4.787653632276581
endloop
endfacet
facet normal 3.327478087572484e-13 1.8086560027444017e-12 1.0
outer loop
vertex 0.4715946652082591 -122.45946643068325 4.787653632276581
vertex 2.935696280346184 -122.7274156231126 4.787653632276246
vertex 0.8858082275811212 -122.14162918548718 4.787653632275868
endloop
endfacet
facet normal 3.327478087572484e-13 1.8086560027444017e-12 1.0
outer loop
vertex 0.8858082275811212 -122.14162918548718 4.787653632275868
vertex 2.935696280346184 -122.7274156231126 4.787653632276246
vertex 1.2036454727766006 -121.72741562311384 4.787653632275013
endloop
endfacet
facet normal 3.327478087572484e-13 1.8086560027444017e-12 1.0
outer loop
vertex 1.2036454727766006 -121.72741562311384 4.787653632275013
vertex 2.935696280346184 -122.7274156231126 4.787653632276246
vertex 1.403446317785507 -121.24505371331874 4.787653632274075
endloop
endfacet
facet normal 3.327478087572484e-13 1.8086560027444017e-12 1.0
outer loop
vertex 1.403446317785507 -121.24505371331874 4.787653632274075
vertex 2.935696280346184 -122.7274156231126 4.787653632276246
vertex 1.4715946652069911 -120.72741562311364 4.787653632273115
endloop
endfacet
facet normal 3.327478087572484e-13 1.8086560027444017e-12 1.0
outer loop
vertex 1.4715946652069911 -120.72741562311364 4.787653632273115
vertex 2.935696280346184 -122.7274156231126 4.787653632276246
vertex 2.9356962803432936 -118.7274156231126 4.787653632269011
endloop
endfacet
facet normal 3.327478087572484e-13 1.8086560027444017e-12 1.0
outer loop
vertex 2.9356962803432936 -118.7274156231126 4.787653632269011
vertex 2.935696280346184 -122.7274156231126 4.787653632276246
vertex 2.9715946652055445 -118.72741562311259 4.7876536322689995
endloop
endfacet
facet normal 3.327478087572484e-13 1.8086560027444017e-12 1.0
outer loop
vertex 2.9715946652055445 -118.72741562311259 4.7876536322689995
vertex 2.935696280346184 -122.7274156231126 4.787653632276246
vertex 2.971594665208435 -122.72741562311258 4.787653632276234
endloop
endfacet
facet normal 3.327478087572484e-13 1.8086560027444017e-12 1.0
outer loop
vertex -3.9925069499322006 -118.72741562311762 4.787653632271317
vertex -2.260456142362617 -119.72741562311637 4.787653632272549
vertex -0.5284053347958971 -116.72741562311512 4.787653632266546
endloop
endfacet
facet normal 3.327478087572484e-13 1.8086560027444017e-12 1.0
outer loop
vertex -2.260456142362617 -119.72741562311637 4.787653632272549
vertex -3.9925069499322006 -118.72741562311762 4.787653632271317
vertex -3.992506949929313 -122.72741562311761 4.787653632278551
endloop
endfacet
facet normal 3.327478087572484e-13 1.8086560027444017e-12 1.0
outer loop
vertex -2.260456142362617 -119.72741562311637 4.787653632272549
vertex -3.992506949929313 -122.72741562311761 4.787653632278551
vertex -2.460256987371524 -120.20977753291149 4.7876536322734875
endloop
endfacet
facet normal 3.327478087572484e-13 1.8086560027444017e-12 1.0
outer loop
vertex -2.460256987371524 -120.20977753291149 4.7876536322734875
vertex -3.992506949929313 -122.72741562311761 4.787653632278551
vertex -2.5284053347930087 -120.72741562311657 4.787653632274447
endloop
endfacet
facet normal 3.327478087572484e-13 1.8086560027444017e-12 1.0
outer loop
vertex -0.5284053347958971 -116.72741562311512 4.787653632266546
vertex -2.260456142362617 -119.72741562311637 4.787653632272549
vertex -1.9426188971671372 -119.31320206074305 4.787653632271694
endloop
endfacet
facet normal 3.327478087572484e-13 1.8086560027444017e-12 1.0
outer loop
vertex -0.5284053347958971 -116.72741562311512 4.787653632266546
vertex -1.9426188971671372 -119.31320206074305 4.787653632271694
vertex -1.5284053347942745 -118.99536481554696 4.787653632270981
endloop
endfacet
facet normal 3.327478087572484e-13 1.8086560027444017e-12 1.0
outer loop
vertex -0.5284053347958971 -116.72741562311512 4.787653632266546
vertex -1.5284053347942745 -118.99536481554696 4.787653632270981
vertex -1.0460434249994621 -118.79556397053734 4.787653632270459
endloop
endfacet
facet normal 3.327478087572484e-13 1.8086560027444017e-12 1.0
outer loop
vertex -0.5284053347958971 -116.72741562311512 4.787653632266546
vertex -1.0460434249994621 -118.79556397053734 4.787653632270459
vertex -0.5284053347944702 -118.72741562311512 4.787653632270164
endloop
endfacet
facet normal 3.327478087572484e-13 1.8086560027444017e-12 1.0
outer loop
vertex -0.5284053347958971 -116.72741562311512 4.787653632266546
vertex -0.5284053347944702 -118.72741562311512 4.787653632270164
vertex 2.9356962803432936 -118.7274156231126 4.787653632269011
endloop
endfacet
facet normal 3.327478087572484e-13 1.8086560027444017e-12 1.0
outer loop
vertex 2.9356962803432936 -118.7274156231126 4.787653632269011
vertex -0.5284053347944702 -118.72741562311512 4.787653632270164
vertex -0.010767244589378121 -118.79556397053658 4.787653632270115
endloop
endfacet
facet normal 3.327478087572484e-13 1.8086560027444017e-12 1.0
outer loop
vertex 2.9356962803432936 -118.7274156231126 4.787653632269011
vertex -0.010767244589378121 -118.79556397053658 4.787653632270115
vertex 0.4715946652057268 -118.99536481554553 4.787653632270316
endloop
endfacet
facet normal 3.327478087572484e-13 1.8086560027444017e-12 1.0
outer loop
vertex 2.9356962803432936 -118.7274156231126 4.787653632269011
vertex 0.4715946652057268 -118.99536481554553 4.787653632270316
vertex 0.8858082275790528 -119.31320206074098 4.787653632270753
endloop
endfacet
facet normal 3.327478087572484e-13 1.8086560027444017e-12 1.0
outer loop
vertex 2.9356962803432936 -118.7274156231126 4.787653632269011
vertex 0.8858082275790528 -119.31320206074098 4.787653632270753
vertex 1.2036454727751371 -119.72741562311384 4.787653632271396
endloop
endfacet
facet normal 3.327478087572484e-13 1.8086560027444017e-12 1.0
outer loop
vertex 2.9356962803432936 -118.7274156231126 4.787653632269011
vertex 1.2036454727751371 -119.72741562311384 4.787653632271396
vertex 1.4034463177847498 -120.20977753290865 4.787653632272202
endloop
endfacet
facet normal 3.327478087572484e-13 1.8086560027444017e-12 1.0
outer loop
vertex 2.9356962803432936 -118.7274156231126 4.787653632269011
vertex 1.4034463177847498 -120.20977753290865 4.787653632272202
vertex 1.4715946652069911 -120.72741562311364 4.787653632273115
endloop
endfacet
facet normal 0.9914448612927693 -7.201282249320422e-14 0.1305261928356205
outer loop
vertex 32.971594665226455 -128.2274156230486 43.58657542203148
vertex 32.46048205474032 -138.22741562303946 47.4688611165653
vertex 32.97159466522517 -138.22741562304023 43.586575422035686
endloop
endfacet
facet normal 0.965925825967671 -1.4735707863538286e-14 0.25881904630199226
outer loop
vertex 32.46048205474032 -138.22741562303946 47.4688611165653
vertex 32.971594665226455 -128.2274156230486 43.58657542203148
vertex 32.46048205474159 -128.22741562304785 47.468861116561094
endloop
endfacet
facet normal 0.9659258259676817 -1.473570786355639e-14 0.2588190463019525
outer loop
vertex 32.46048205474159 -128.22741562304785 47.468861116561094
vertex 30.96197570336529 -138.22741562303872 51.086575454297694
vertex 32.46048205474032 -138.22741562303946 47.4688611165653
endloop
endfacet
facet normal 0.8660254025426646 9.955346731811831e-14 0.5000000021508159
outer loop
vertex 30.96197570336529 -138.22741562303872 51.086575454297694
vertex 32.46048205474159 -128.22741562304785 47.468861116561094
vertex 30.961975703366562 -128.22741562304714 51.08657545429349
endloop
endfacet
facet normal 0.8660254025426855 9.955346731810044e-14 0.5000000021507797
outer loop
vertex 30.961975703366562 -128.22741562304714 51.08657545429349
vertex 28.578196343510683 -138.22741562303807 54.19317717934664
vertex 30.96197570336529 -138.22741562303872 51.086575454297694
endloop
endfacet
facet normal 0.7071067785523559 2.0702112930207327e-13 0.7071067838207392
outer loop
vertex 28.578196343510683 -138.22741562303807 54.19317717934664
vertex 30.961975703366562 -128.22741562304714 51.08657545429349
vertex 28.57819634351196 -128.22741562304648 54.193177179342435
endloop
endfacet
facet normal 0.7071067785523559 2.0702112930207327e-13 0.7071067838207392
outer loop
vertex 28.578196343510683 -138.22741562303807 54.19317717934664
vertex 25.471594600702474 -128.22741562304594 56.57695651605105
vertex 25.471594600701202 -138.22741562303753 56.576956516055255
endloop
endfacet
facet normal 0.49999999569841985 3.0038064330960346e-13 0.8660254062679572
outer loop
vertex 25.471594600702474 -128.22741562304594 56.57695651605105
vertex 28.578196343510683 -138.22741562303807 54.19317717934664
vertex 28.57819634351196 -128.22741562304648 54.193177179342435
endloop
endfacet
facet normal 0.49999999569839076 3.0038064330961427e-13 0.8660254062679739
outer loop
vertex 25.471594600701202 -138.22741562303753 56.576956516055255
vertex 21.853880251805336 -128.22741562304554 58.07546284047201
vertex 21.85388025180405 -138.22741562303716 58.07546284047621
endloop
endfacet
facet normal 0.25881903910527626 3.7326971268500297e-13 0.9659258278960252
outer loop
vertex 21.853880251805336 -128.22741562304554 58.07546284047201
vertex 25.471594600701202 -138.22741562303753 56.576956516055255
vertex 25.471594600702474 -128.22741562304594 56.57695651605105
endloop
endfacet
facet normal 0.25881903910525095 3.7326971268500913e-13 0.965925827896032
outer loop
vertex 21.85388025180405 -138.22741562303716 58.07546284047621
vertex 17.971594553467636 -128.22741562304535 58.58657542203158
vertex 17.971594553466357 -138.22741562303696 58.586575422035786
endloop
endfacet
facet normal -7.450572220826827e-09 4.207210677583532e-13 1.0
outer loop
vertex 17.971594553467636 -128.22741562304535 58.58657542203158
vertex 21.85388025180405 -138.22741562303716 58.07546284047621
vertex 21.853880251805336 -128.22741562304554 58.07546284047201
endloop
endfacet
facet normal -7.450588670735997e-09 4.2072106775835535e-13 1.0
outer loop
vertex 17.971594553466357 -138.22741562303696 58.586575422035786
vertex 14.089308862746114 -128.22741562304532 58.07546278262144
vertex 14.089308862744833 -138.22741562303693 58.07546278262565
endloop
endfacet
facet normal -0.25881905349867745 4.3950097706797617e-13 0.965925824039325
outer loop
vertex 14.089308862746114 -128.22741562304532 58.07546278262144
vertex 17.971594553466357 -138.22741562303696 58.586575422035786
vertex 17.971594553467636 -128.22741562304535 58.58657542203158
endloop
endfacet
facet normal -0.25881905349868356 4.3950097706797627e-13 0.9659258240393234
outer loop
vertex 14.089308862744833 -138.22741562303693 58.07546278262565
vertex 10.471594536178458 -128.22741562304552 56.57695640429234
vertex 10.471594536177177 -138.22741562303713 56.576956404296546
endloop
endfacet
facet normal -0.5000000086031918 4.2832962081761674e-13 0.8660253988173836
outer loop
vertex 10.471594536178458 -128.22741562304552 56.57695640429234
vertex 14.089308862744833 -138.22741562303693 58.07546278262565
vertex 14.089308862746114 -128.22741562304532 58.07546278262144
endloop
endfacet
facet normal -0.500000008603188 4.283296208176173e-13 0.8660253988173858
outer loop
vertex 10.471594536177177 -138.22741562303713 56.576956404296546
vertex 7.364992828890056 -128.22741562304589 54.19317702129175
vertex 7.364992828888776 -138.2274156230375 54.19317702129596
endloop
endfacet
facet normal -0.7071067890890865 3.879683084813789e-13 0.7071067732840084
outer loop
vertex 7.364992828890056 -128.22741562304589 54.19317702129175
vertex 10.471594536177177 -138.22741562303713 56.576956404296546
vertex 10.471594536178458 -128.22741562304552 56.57695640429234
endloop
endfacet
facet normal -0.707106789089076 3.8796830848138205e-13 0.7071067732840192
outer loop
vertex 7.364992828888776 -138.2274156230375 54.19317702129596
vertex 4.981213515327429 -128.22741562304643 51.08657526072174
vertex 4.981213515326149 -138.22741562303804 51.086575260725944
endloop
endfacet
facet normal -0.8660254099932618 3.211675968206985e-13 0.4999999892460028
outer loop
vertex 4.981213515327429 -128.22741562304643 51.08657526072174
vertex 7.364992828888776 -138.2274156230375 54.19317702129596
vertex 7.364992828890056 -128.22741562304589 54.19317702129175
endloop
endfacet
facet normal -0.8660254099932495 3.2116759682070583e-13 0.49999998924602396
outer loop
vertex 4.981213515326149 -138.22741562303804 51.086575260725944
vertex 3.4827072178605465 -128.22741562304708 47.46886090065985
vertex 3.482707217859266 -138.2274156230387 47.468860900664055
endloop
endfacet
facet normal -0.9659258298243847 2.3248412693938073e-13 0.2588190319085401
outer loop
vertex 3.4827072178605465 -128.22741562304708 47.46886090065985
vertex 4.981213515326149 -138.22741562303804 51.086575260725944
vertex 4.981213515327429 -128.22741562304643 51.08657526072174
endloop
endfacet
facet normal -0.9659258298243762 2.3248412693939284e-13 0.25881903190857153
outer loop
vertex 3.482707217859266 -138.2274156230387 47.468860900664055
vertex 2.9715946652262515 -128.2274156230478 43.586575198514076
vertex 2.971594665224971 -138.2274156230394 43.58657519851828
endloop
endfacet
facet normal -0.9914448632377609 1.8177796457580106e-13 0.1305261780619423
outer loop
vertex 2.9715946652262515 -128.2274156230478 43.586575198514076
vertex 3.482707217859266 -138.2274156230387 47.468860900664055
vertex 3.4827072178605465 -128.22741562304708 47.46886090065985
endloop
endfacet
facet normal 1.0 1.6366470199287457e-12 -1.8159900519382148e-13
outer loop
vertex 42.97159466518983 -113.2274156230375 0.28765363224036167
vertex 42.97159466523367 -138.2274156230375 7.787653632303731
vertex 42.971594665229254 -138.22741562304208 0.28765363227819823
endloop
endfacet
facet normal 1.0 1.6366470199287457e-12 -1.8159900519382148e-13
outer loop
vertex 42.97159466523367 -138.2274156230375 7.787653632303731
vertex 42.97159466518983 -113.2274156230375 0.28765363224036167
vertex 42.97159466518983 -113.2274156230375 7.787653632260544
endloop
endfacet
facet normal 5.1895955498776557e-14 1.731811916094731e-12 1.0
outer loop
vertex 33.007493050074615 -122.72741562304736 4.7876536322805
vertex 34.73954385764348 -121.72741562304736 4.787653632278678
vertex 33.007493050074615 -118.72741562304736 4.787653632273573
endloop
endfacet
facet normal 5.1895955498776557e-14 1.731811916094731e-12 1.0
outer loop
vertex 34.73954385764348 -121.72741562304736 4.787653632278678
vertex 33.007493050074615 -122.72741562304736 4.7876536322805
vertex 36.47159466521236 -124.72741562304735 4.787653632283783
endloop
endfacet
facet normal 5.1895955498776557e-14 1.731811916094731e-12 1.0
outer loop
vertex 33.007493050074615 -118.72741562304736 4.787653632273573
vertex 34.73954385764348 -121.72741562304736 4.787653632278678
vertex 34.539743012634226 -121.2450537132524 4.787653632277853
endloop
endfacet
facet normal 5.1895955498776557e-14 1.731811916094731e-12 1.0
outer loop
vertex 33.007493050074615 -118.72741562304736 4.787653632273573
vertex 34.539743012634226 -121.2450537132524 4.787653632277853
vertex 34.471594665212365 -120.72741562304736 4.78765363227696
endloop
endfacet
facet normal 5.1895955498776557e-14 1.731811916094731e-12 1.0
outer loop
vertex 34.73954385764348 -121.72741562304736 4.787653632278678
vertex 36.47159466521236 -124.72741562304735 4.787653632283783
vertex 35.05738110283926 -122.14162918542046 4.787653632279379
endloop
endfacet
facet normal 5.1895955498776557e-14 1.731811916094731e-12 1.0
outer loop
vertex 35.05738110283926 -122.14162918542046 4.787653632279379
vertex 36.47159466521236 -124.72741562304735 4.787653632283783
vertex 35.47159466521236 -122.45946643061626 4.787653632279907
endloop
endfacet
facet normal 5.1895955498776557e-14 1.731811916094731e-12 1.0
outer loop
vertex 35.47159466521236 -122.45946643061626 4.787653632279907
vertex 36.47159466521236 -124.72741562304735 4.787653632283783
vertex 35.953956575007325 -122.65926727562551 4.787653632280229
endloop
endfacet
facet normal 5.1895955498776557e-14 1.731811916094731e-12 1.0
outer loop
vertex 35.953956575007325 -122.65926727562551 4.787653632280229
vertex 36.47159466521236 -124.72741562304735 4.787653632283783
vertex 36.47159466521236 -122.72741562304736 4.78765363228032
endloop
endfacet
facet normal 5.1895955498776557e-14 1.731811916094731e-12 1.0
outer loop
vertex 36.47159466521236 -122.72741562304736 4.78765363228032
vertex 36.47159466521236 -124.72741562304735 4.787653632283783
vertex 39.9356962803501 -122.72741562304736 4.78765363228014
endloop
endfacet
facet normal 5.1895955498776557e-14 1.731811916094731e-12 1.0
outer loop
vertex 36.47159466521236 -122.72741562304736 4.78765363228032
vertex 39.9356962803501 -122.72741562304736 4.78765363228014
vertex 36.989232755417405 -122.65926727562551 4.7876536322801755
endloop
endfacet
facet normal 5.1895955498776557e-14 1.731811916094731e-12 1.0
outer loop
vertex 36.989232755417405 -122.65926727562551 4.7876536322801755
vertex 39.9356962803501 -122.72741562304736 4.78765363228014
vertex 37.471594665212365 -122.45946643061626 4.787653632279804
endloop
endfacet
facet normal 5.1895955498776557e-14 1.731811916094731e-12 1.0
outer loop
vertex 37.471594665212365 -122.45946643061626 4.787653632279804
vertex 39.9356962803501 -122.72741562304736 4.78765363228014
vertex 37.88580822758546 -122.14162918542046 4.787653632279232
endloop
endfacet
facet normal 5.1895955498776557e-14 1.731811916094731e-12 1.0
outer loop
vertex 37.88580822758546 -122.14162918542046 4.787653632279232
vertex 39.9356962803501 -122.72741562304736 4.78765363228014
vertex 38.20364547278124 -121.72741562304736 4.787653632278499
endloop
endfacet
facet normal 5.1895955498776557e-14 1.731811916094731e-12 1.0
outer loop
vertex 38.20364547278124 -121.72741562304736 4.787653632278499
vertex 39.9356962803501 -122.72741562304736 4.78765363228014
vertex 38.403446317790504 -121.2450537132524 4.787653632277653
endloop
endfacet
facet normal 5.1895955498776557e-14 1.731811916094731e-12 1.0
outer loop
vertex 38.403446317790504 -121.2450537132524 4.787653632277653
vertex 39.9356962803501 -122.72741562304736 4.78765363228014
vertex 38.471594665212365 -120.72741562304736 4.7876536322767524
endloop
endfacet
facet normal 5.1895955498776557e-14 1.731811916094731e-12 1.0
outer loop
vertex 33.007493050074615 -118.72741562304736 4.787653632273573
vertex 34.73954385764348 -119.72741562304736 4.787653632275214
vertex 36.47159466521236 -116.72741562304738 4.7876536322699295
endloop
endfacet
facet normal 5.1895955498776557e-14 1.731811916094731e-12 1.0
outer loop
vertex 34.73954385764348 -119.72741562304736 4.787653632275214
vertex 33.007493050074615 -118.72741562304736 4.787653632273573
vertex 34.539743012634226 -120.20977753284232 4.78765363227606
endloop
endfacet
facet normal 5.1895955498776557e-14 1.731811916094731e-12 1.0
outer loop
vertex 34.539743012634226 -120.20977753284232 4.78765363227606
vertex 33.007493050074615 -118.72741562304736 4.787653632273573
vertex 34.471594665212365 -120.72741562304736 4.78765363227696
endloop
endfacet
facet normal 5.1895955498776557e-14 1.731811916094731e-12 1.0
outer loop
vertex 36.47159466521236 -116.72741562304738 4.7876536322699295
vertex 34.73954385764348 -119.72741562304736 4.787653632275214
vertex 35.05738110283926 -119.31320206067427 4.7876536322744805
endloop
endfacet
facet normal 5.1895955498776557e-14 1.731811916094731e-12 1.0
outer loop
vertex 36.47159466521236 -116.72741562304738 4.7876536322699295
vertex 35.05738110283926 -119.31320206067427 4.7876536322744805
vertex 35.47159466521236 -118.9953648154785 4.7876536322739085
endloop
endfacet
facet normal 5.1895955498776557e-14 1.731811916094731e-12 1.0
outer loop
vertex 36.47159466521236 -116.72741562304738 4.7876536322699295
vertex 35.47159466521236 -118.9953648154785 4.7876536322739085
vertex 35.95395657500731 -118.79556397046922 4.787653632273537
endloop
endfacet
facet normal 5.1895955498776557e-14 1.731811916094731e-12 1.0
outer loop
vertex 36.47159466521236 -116.72741562304738 4.7876536322699295
vertex 35.95395657500731 -118.79556397046922 4.787653632273537
vertex 36.47159466521236 -118.72741562304736 4.7876536322733925
endloop
endfacet
facet normal 5.1895955498776557e-14 1.731811916094731e-12 1.0
outer loop
vertex 36.47159466521236 -116.72741562304738 4.7876536322699295
vertex 36.47159466521236 -118.72741562304736 4.7876536322733925
vertex 36.989232755417405 -118.79556397046922 4.787653632273484
endloop
endfacet
facet normal 5.1895955498776557e-14 1.731811916094731e-12 1.0
outer loop
vertex 36.47159466521236 -116.72741562304738 4.7876536322699295
vertex 36.989232755417405 -118.79556397046922 4.787653632273484
vertex 39.9356962803501 -118.72741562304736 4.787653632273213
endloop
endfacet
facet normal 5.1895955498776557e-14 1.731811916094731e-12 1.0
outer loop
vertex 39.9356962803501 -118.72741562304736 4.787653632273213
vertex 36.989232755417405 -118.79556397046922 4.787653632273484
vertex 37.47159466521236 -118.99536481547847 4.7876536322738055
endloop
endfacet
facet normal 5.1895955498776557e-14 1.731811916094731e-12 1.0
outer loop
vertex 39.9356962803501 -118.72741562304736 4.787653632273213
vertex 37.47159466521236 -118.99536481547847 4.7876536322738055
vertex 37.88580822758546 -119.31320206067427 4.787653632274334
endloop
endfacet
facet normal 5.1895955498776557e-14 1.731811916094731e-12 1.0
outer loop
vertex 39.9356962803501 -118.72741562304736 4.787653632273213
vertex 37.88580822758546 -119.31320206067427 4.787653632274334
vertex 38.20364547278124 -119.72741562304736 4.787653632275035
endloop
endfacet
facet normal 5.1895955498776557e-14 1.731811916094731e-12 1.0
outer loop
vertex 39.9356962803501 -118.72741562304736 4.787653632273213
vertex 38.20364547278124 -119.72741562304736 4.787653632275035
vertex 38.403446317790504 -120.20977753284232 4.78765363227586
endloop
endfacet
facet normal 5.1895955498776557e-14 1.731811916094731e-12 1.0
outer loop
vertex 39.9356962803501 -118.72741562304736 4.787653632273213
vertex 38.403446317790504 -120.20977753284232 4.78765363227586
vertex 38.471594665212365 -120.72741562304736 4.7876536322767524
endloop
endfacet
facet normal 5.1895955498776557e-14 1.731811916094731e-12 1.0
outer loop
vertex 39.9356962803501 -118.72741562304736 4.787653632273213
vertex 38.471594665212365 -120.72741562304736 4.7876536322767524
vertex 39.9356962803501 -122.72741562304736 4.78765363228014
endloop
endfacet
facet normal -0.972869044539181 0.22485950669801197 -0.05444285467302291
outer loop
vertex 7.987216226279262 -135.22741562305552 43.02783828531576
vertex 11.093373058737953 -122.22741562305251 42.286549448363075
vertex 8.145563798829068 -135.22741562305566 41.72939545965669
endloop
endfacet
facet normal -0.9574397964839746 0.2248595066979475 -0.18096198041655326
outer loop
vertex 11.093373058737953 -122.22741562305251 42.286549448363075
vertex 7.987216226279262 -135.22741562305552 43.02783828531576
vertex 10.98252975795309 -122.2274156230524 43.195459426324426
endloop
endfacet
facet normal -0.9574397964839746 0.2248595066979475 -0.18096198041655326
outer loop
vertex 11.093373058737953 -122.22741562305251 42.286549448363075
vertex 8.472037483793317 -135.2274156230556 40.462729498061535
vertex 8.145563798829068 -135.22741562305566 41.72939545965669
endloop
endfacet
facet normal -0.9256284880584827 0.22485950669789662 -0.30438479650295597
outer loop
vertex 8.472037483793317 -135.2274156230556 40.462729498061535
vertex 11.093373058737953 -122.22741562305251 42.286549448363075
vertex 11.321904638212922 -122.22741562305248 41.39988327524647
endloop
endfacet
facet normal -0.9256284880584713 0.2248595066978966 -0.30438479650299055
outer loop
vertex 11.321904638212922 -122.22741562305248 41.39988327524647
vertex 8.961051225906655 -135.2274156230554 39.24951340631934
vertex 8.472037483793317 -135.2274156230556 40.462729498061535
endloop
endfacet
facet normal -0.8779794195696068 0.2248595066978604 -0.42259950432982246
outer loop
vertex 8.961051225906655 -135.2274156230554 39.24951340631934
vertex 11.321904638212922 -122.22741562305248 41.39988327524647
vertex 11.664214257692258 -122.22741562305232 40.55063201102692
endloop
endfacet
facet normal -0.8779794195695904 0.2248595066978604 -0.4225995043298564
outer loop
vertex 11.664214257692258 -122.22741562305232 40.55063201102692
vertex 9.604237864461306 -135.22741562305504 38.110505648126846
vertex 8.961051225906655 -135.2274156230554 39.24951340631934
endloop
endfacet
facet normal -0.8153078797900138 0.22485950669783977 -0.5335834174708927
outer loop
vertex 9.604237864461306 -135.22741562305504 38.110505648126846
vertex 11.664214257692258 -122.22741562305232 40.55063201102692
vertex 12.114444904680514 -122.22741562305205 39.75332658029218
endloop
endfacet
facet normal -0.8153078797899932 0.22485950669783977 -0.5335834174709241
outer loop
vertex 12.114444904680514 -122.22741562305205 39.75332658029218
vertex 10.39059229774657 -135.2274156230545 37.06519496201935
vertex 9.604237864461306 -135.22741562305504 38.110505648126846
endloop
endfacet
facet normal -0.7386861961411666 0.2248595066978349 -0.6354375704017668
outer loop
vertex 10.39059229774657 -135.2274156230545 37.06519496201935
vertex 12.114444904680514 -122.22741562305205 39.75332658029218
vertex 12.664893007980199 -122.2274156230517 39.02160910001693
endloop
endfacet
facet normal -0.7386861961411421 0.22485950669783486 -0.6354375704017954
outer loop
vertex 12.664893007980199 -122.2274156230517 39.02160910001693
vertex 11.306659783390307 -135.22741562305376 36.131466903651024
vertex 10.39059229774657 -135.2274156230545 37.06519496201935
endloop
endfacet
facet normal -0.6494253868738414 0.22485950669784574 -0.7264192103264911
outer loop
vertex 11.306659783390307 -135.22741562305376 36.131466903651024
vertex 12.664893007980199 -122.2274156230517 39.02160910001693
vertex 13.306140247930811 -122.2274156230512 38.3679994591591
endloop
endfacet
facet normal -0.6494253868738132 0.2248595066978458 -0.7264192103265162
outer loop
vertex 13.306140247930811 -122.2274156230512 38.3679994591591
vertex 12.336766152731249 -135.2274156230529 35.325297818978875
vertex 11.306659783390307 -135.22741562305376 36.131466903651024
endloop
endfacet
facet normal -0.5490527291823735 0.22485950669787222 -0.8049716161610775
outer loop
vertex 12.336766152731249 -135.2274156230529 35.325297818978875
vertex 13.306140247930811 -122.2274156230512 38.3679994591591
vertex 14.027214706469472 -122.2274156230506 37.80368109988859
endloop
endfacet
facet normal -0.5490527291823434 0.2248595066978722 -0.8049716161610979
outer loop
vertex 14.027214706469472 -122.2274156230506 37.80368109988859
vertex 13.463286000190541 -135.2274156230519 34.660481484553934
vertex 12.336766152731249 -135.2274156230529 35.325297818978875
endloop
endfacet
facet normal -0.4392856270684168 0.22485950669791369 -0.8697507344628568
outer loop
vertex 13.463286000190541 -135.2274156230519 34.660481484553934
vertex 14.027214706469472 -122.2274156230506 37.80368109988859
vertex 14.815778599690974 -122.22741562304991 37.33830966579114
endloop
endfacet
facet normal -0.4392856270683859 0.22485950669791366 -0.8697507344628723
outer loop
vertex 14.815778599690974 -122.22741562304991 37.33830966579114
vertex 14.666944258847847 -135.22741562305083 34.148393092180136
vertex 13.463286000190541 -135.2274156230519 34.660481484553934
endloop
endfacet
facet normal -0.3220022260823336 0.2248595066979695 -0.9196481765575178
outer loop
vertex 14.666944258847847 -135.22741562305083 34.148393092180136
vertex 14.815778599690974 -122.22741562304991 37.33830966579114
vertex 15.658339380751089 -122.22741562304914 36.97984779112947
endloop
endfacet
facet normal -0.3220022260823037 0.22485950669796953 -0.9196481765575284
outer loop
vertex 15.658339380751089 -122.22741562304914 36.97984779112947
vertex 15.927146002180423 -135.2274156230496 33.797794616228714
vertex 14.666944258847847 -135.22741562305083 34.148393092180136
endloop
endfacet
facet normal -0.19920927773209812 0.2248595066980395 -0.9538101833766351
outer loop
vertex 15.927146002180423 -135.2274156230496 33.797794616228714
vertex 15.658339380751089 -122.22741562304914 36.97984779112947
vertex 16.54048060108389 -122.22741562304833 36.73442885796347
endloop
endfacet
facet normal -0.19920927773207042 0.22485950669803945 -0.953810183376641
outer loop
vertex 16.54048060108389 -122.22741562304833 36.73442885796347
vertex 17.22232882896591 -135.2274156230484 33.61468489382746
vertex 15.927146002180423 -135.2274156230496 33.797794616228714
endloop
endfacet
facet normal -0.07300780340862387 0.22485950669812127 -0.9716522335120347
outer loop
vertex 17.22232882896591 -135.2274156230484 33.61468489382746
vertex 16.54048060108389 -122.22741562304833 36.73442885796347
vertex 17.447108579833763 -122.22741562304745 36.6062520522826
endloop
endfacet
facet normal -0.07300780340859873 0.22485950669812124 -0.9716522335120366
outer loop
vertex 17.447108579833763 -122.22741562304745 36.6062520522826
vertex 18.5303318019455 -135.22741562304705 33.60219698309426
vertex 17.22232882896591 -135.2274156230484 33.61468489382746
endloop
endfacet
facet normal 0.054442854672754344 0.22485950669821392 -0.9728690445391495
outer loop
vertex 18.5303318019455 -135.22741562304705 33.60219698309426
vertex 17.447108579833763 -122.22741562304745 36.6062520522826
vertex 18.362710660919472 -122.22741562304653 36.597510514769354
endloop
endfacet
facet normal 0.18096198041629138 0.2248595066983158 -0.9574397964839376
outer loop
vertex 19.271620638880822 -122.22741562304557 36.708353815554226
vertex 18.5303318019455 -135.22741562304705 33.60219698309426
vertex 18.362710660919472 -122.22741562304653 36.597510514769354
endloop
endfacet
facet normal 0.054442854672754344 0.22485950669821392 -0.9728690445391495
outer loop
vertex 18.5303318019455 -135.22741562304705 33.60219698309426
vertex 19.271620638880822 -122.22741562304557 36.708353815554226
vertex 19.82877462760457 -135.2274156230457 33.76054455564407
endloop
endfacet
facet normal 0.3043847965027413 0.22485950669842555 -0.925628488058425
outer loop
vertex 20.15828681199743 -122.22741562304464 36.93688539502919
vertex 19.82877462760457 -135.2274156230457 33.76054455564407
vertex 19.271620638880822 -122.22741562304557 36.708353815554226
endloop
endfacet
facet normal 0.1809619804162745 0.22485950669831592 -0.957439796483941
outer loop
vertex 19.82877462760457 -135.2274156230457 33.76054455564407
vertex 20.15828681199743 -122.22741562304464 36.93688539502919
vertex 21.095440589199725 -135.22741562304432 34.08701824060831
endloop
endfacet
facet normal 0.42259950432961635 0.22485950669854118 -0.8779794195695316
outer loop
vertex 21.007538076216964 -122.22741562304371 37.27919501450854
vertex 21.095440589199725 -135.22741562304432 34.08701824060831
vertex 20.15828681199743 -122.22741562304464 36.93688539502919
endloop
endfacet
facet normal 0.3043847965027295 0.22485950669842553 -0.9256284880584289
outer loop
vertex 21.095440589199725 -135.22741562304432 34.08701824060831
vertex 21.007538076216964 -122.22741562304371 37.27919501450854
vertex 22.30865668094193 -135.227415623043 34.57603198272165
endloop
endfacet
facet normal 0.5335834174706895 0.2248595066986603 -0.8153078797899203
outer loop
vertex 21.80484350695171 -122.2274156230428 37.7294256614968
vertex 22.30865668094193 -135.227415623043 34.57603198272165
vertex 21.007538076216964 -122.22741562304371 37.27919501450854
endloop
endfacet
facet normal 0.4225995043296095 0.22485950669854118 -0.8779794195695348
outer loop
vertex 22.30865668094193 -135.227415623043 34.57603198272165
vertex 21.80484350695171 -122.2274156230428 37.7294256614968
vertex 23.44766443913442 -135.22741562304168 35.219218621276305
endloop
endfacet
facet normal 0.635437570401563 0.2248595066987809 -0.7386861961410539
outer loop
vertex 22.53656098722696 -122.22741562304195 38.27987376479648
vertex 23.44766443913442 -135.22741562304168 35.219218621276305
vertex 21.80484350695171 -122.2274156230428 37.7294256614968
endloop
endfacet
facet normal 0.5335834174706878 0.22485950669866034 -0.8153078797899215
outer loop
vertex 23.44766443913442 -135.22741562304168 35.219218621276305
vertex 22.53656098722696 -122.22741562304195 38.27987376479648
vertex 24.49297512524192 -135.22741562304046 36.005573054561566
endloop
endfacet
facet normal 0.7264192103262815 0.22485950669890145 -0.6494253868737102
outer loop
vertex 23.19017062808479 -122.22741562304114 38.92112100474709
vertex 24.49297512524192 -135.22741562304046 36.005573054561566
vertex 22.53656098722696 -122.22741562304195 38.27987376479648
endloop
endfacet
facet normal 0.6354375704015651 0.2248595066987809 -0.7386861961410522
outer loop
vertex 24.49297512524192 -135.22741562304046 36.005573054561566
vertex 23.19017062808479 -122.22741562304114 38.92112100474709
vertex 25.426703183610243 -135.2274156230393 36.9216405402053
endloop
endfacet
facet normal 0.7264192103262815 0.22485950669890145 -0.6494253868737102
outer loop
vertex 23.19017062808479 -122.22741562304114 38.92112100474709
vertex 26.232872268282403 -135.2274156230382 37.951746909546245
vertex 25.426703183610243 -135.2274156230393 36.9216405402053
endloop
endfacet
facet normal 0.8049716161608667 0.22485950669901972 -0.5490527291822127
outer loop
vertex 26.232872268282403 -135.2274156230382 37.951746909546245
vertex 23.19017062808479 -122.22741562304114 38.92112100474709
vertex 23.754488987355284 -122.22741562304041 39.64219546328576
endloop
endfacet
facet normal 0.8049716161608593 0.22485950669901963 -0.5490527291822233
outer loop
vertex 23.754488987355284 -122.22741562304041 39.64219546328576
vertex 26.897688602707337 -135.2274156230373 39.078266757005544
vertex 26.232872268282403 -135.2274156230382 37.951746909546245
endloop
endfacet
facet normal 0.8697507344626318 0.224859506699133 -0.43928562706823815
outer loop
vertex 26.897688602707337 -135.2274156230373 39.078266757005544
vertex 23.754488987355284 -122.22741562304041 39.64219546328576
vertex 24.21986042145274 -122.22741562303976 40.43075935650726
endloop
endfacet
facet normal 0.8697507344626243 0.224859506699133 -0.43928562706825314
outer loop
vertex 24.21986042145274 -122.22741562303976 40.43075935650726
vertex 27.409776995081128 -135.22741562303648 40.28192501566285
vertex 26.897688602707337 -135.2274156230373 39.078266757005544
endloop
endfacet
facet normal 0.9196481765572738 0.2248595066992399 -0.32200222608214357
outer loop
vertex 27.409776995081128 -135.22741562303648 40.28192501566285
vertex 24.21986042145274 -122.22741562303976 40.43075935650726
vertex 24.5783222961144 -122.22741562303919 41.273320137567374
endloop
endfacet
facet normal 0.9196481765572669 0.22485950669923985 -0.32200222608216306
outer loop
vertex 24.5783222961144 -122.22741562303919 41.273320137567374
vertex 27.760375471032553 -135.22741562303585 41.542126758995416
vertex 27.409776995081128 -135.22741562303648 40.28192501566285
endloop
endfacet
facet normal 0.9538101833763699 0.22485950669933852 -0.1992092777319009
outer loop
vertex 27.760375471032553 -135.22741562303585 41.542126758995416
vertex 24.5783222961144 -122.22741562303919 41.273320137567374
vertex 24.823741229280394 -122.22741562303872 42.15546135790017
endloop
endfacet
facet normal -3.1842082744585775e-13 1.0 -6.56557700603506e-13
outer loop
vertex 2.9715946652262444 -128.22741562310247 7.787653632297452
vertex 5.971594665226249 -128.22741562304628 43.38994483158078
vertex 5.971594665213138 -128.22741562309895 7.787653632284345
endloop
endfacet
facet normal -3.1842082744585775e-13 1.0 -6.56557700603506e-13
outer loop
vertex 5.971594665226249 -128.22741562304628 43.38994483158078
vertex 2.9715946652262444 -128.22741562310247 7.787653632297452
vertex 2.9715946652262515 -128.2274156230478 43.586575198514076
endloop
endfacet
facet normal -3.1842082744585775e-13 1.0 -6.56557700603506e-13
outer loop
vertex 5.971594665226249 -128.22741562304628 43.38994483158078
vertex 2.9715946652262515 -128.2274156230478 43.586575198514076
vertex 6.40548951529931 -128.22741562304626 46.685703787198946
endloop
endfacet
facet normal -3.1842082744585775e-13 1.0 -6.56557700603506e-13
outer loop
vertex 6.40548951529931 -128.22741562304626 46.685703787198946
vertex 2.9715946652262515 -128.2274156230478 43.586575198514076
vertex 3.4827072178605465 -128.22741562304708 47.46886090065985
endloop
endfacet
facet normal -3.1842082744585775e-13 1.0 -6.56557700603506e-13
outer loop
vertex 6.40548951529931 -128.22741562304626 46.685703787198946
vertex 3.4827072178605465 -128.22741562304708 47.46886090065985
vertex 7.601708442894129 -128.2274156230464 49.57363185226819
endloop
endfacet
facet normal -3.1842082744585775e-13 1.0 -6.56557700603506e-13
outer loop
vertex 7.601708442894129 -128.2274156230464 49.57363185226819
vertex 3.4827072178605465 -128.22741562304708 47.46886090065985
vertex 4.981213515327429 -128.22741562304643 51.08657526072174
endloop
endfacet
facet normal -3.1842082744585775e-13 1.0 -6.56557700603506e-13
outer loop
vertex 7.601708442894129 -128.2274156230464 49.57363185226819
vertex 4.981213515327429 -128.22741562304643 51.08657526072174
vertex 9.504617986159218 -128.22741562304662 52.05355191184694
endloop
endfacet
facet normal -3.1842082744585775e-13 1.0 -6.56557700603506e-13
outer loop
vertex 9.504617986159218 -128.22741562304662 52.05355191184694
vertex 4.981213515327429 -128.22741562304643 51.08657526072174
vertex 7.364992828890056 -128.22741562304589 54.19317702129175
endloop
endfacet
facet normal -3.1842082744585775e-13 1.0 -6.56557700603506e-13
outer loop
vertex 9.504617986159218 -128.22741562304662 52.05355191184694
vertex 7.364992828890056 -128.22741562304589 54.19317702129175
vertex 11.984538003204626 -128.22741562304702 53.95646151054256
endloop
endfacet
facet normal -3.1842082744585775e-13 1.0 -6.56557700603506e-13
outer loop
vertex 11.984538003204626 -128.22741562304702 53.95646151054256
vertex 7.364992828890056 -128.22741562304589 54.19317702129175
vertex 14.872466041536255 -128.22741562304745 55.152680502687595
endloop
endfacet
facet normal -3.1842082744585775e-13 1.0 -6.56557700603506e-13
outer loop
vertex 14.872466041536255 -128.22741562304745 55.152680502687595
vertex 7.364992828890056 -128.22741562304589 54.19317702129175
vertex 10.471594536178458 -128.22741562304552 56.57695640429234
endloop
endfacet
facet normal -3.1842082744585775e-13 1.0 -6.56557700603506e-13
outer loop
vertex 14.872466041536255 -128.22741562304745 55.152680502687595
vertex 10.471594536178458 -128.22741562304552 56.57695640429234
vertex 17.97159457601225 -128.22741562304796 55.56068854004378
endloop
endfacet
facet normal -3.1842082744585775e-13 1.0 -6.56557700603506e-13
outer loop
vertex 29.971594665226448 -128.22741562305038 43.389945032650395
vertex 32.971594665226455 -128.22741562304472 7.787653632297453
vertex 29.97159466523246 -128.22741562306578 7.78765363229145
endloop
endfacet
facet normal -3.1842082744585775e-13 1.0 -6.56557700603506e-13
outer loop
vertex 32.971594665226455 -128.22741562304472 7.787653632297453
vertex 29.971594665226448 -128.22741562305038 43.389945032650395
vertex 32.971594665226455 -128.2274156230486 43.58657542203148
endloop
endfacet
facet normal -3.1842082744585775e-13 1.0 -6.56557700603506e-13
outer loop
vertex 32.971594665226455 -128.2274156230486 43.58657542203148
vertex 29.971594665226448 -128.22741562305038 43.389945032650395
vertex 29.537699768972768 -128.22741562304998 46.68570395954737
endloop
endfacet
facet normal -3.1842082744585775e-13 1.0 -6.56557700603506e-13
outer loop
vertex 32.971594665226455 -128.2274156230486 43.58657542203148
vertex 29.537699768972768 -128.22741562304998 46.68570395954737
vertex 32.46048205474159 -128.22741562304785 47.468861116561094
endloop
endfacet
facet normal -3.1842082744585775e-13 1.0 -6.56557700603506e-13
outer loop
vertex 32.46048205474159 -128.22741562304785 47.468861116561094
vertex 29.537699768972768 -128.22741562304998 46.68570395954737
vertex 28.341480798344488 -128.22741562304975 49.57363200679151
endloop
endfacet
facet normal -3.1842082744585775e-13 1.0 -6.56557700603506e-13
outer loop
vertex 32.46048205474159 -128.22741562304785 47.468861116561094
vertex 28.341480798344488 -128.22741562304975 49.57363200679151
vertex 30.961975703366562 -128.22741562304714 51.08657545429349
endloop
endfacet
facet normal -3.1842082744585775e-13 1.0 -6.56557700603506e-13
outer loop
vertex 30.961975703366562 -128.22741562304714 51.08657545429349
vertex 28.341480798344488 -128.22741562304975 49.57363200679151
vertex 26.438571218125695 -128.2274156230494 52.05355203801472
endloop
endfacet
facet normal -3.1842082744585775e-13 1.0 -6.56557700603506e-13
outer loop
vertex 30.961975703366562 -128.22741562304714 51.08657545429349
vertex 26.438571218125695 -128.2274156230494 52.05355203801472
vertex 28.57819634351196 -128.22741562304648 54.193177179342435
endloop
endfacet
facet normal -3.1842082744585775e-13 1.0 -6.56557700603506e-13
outer loop
vertex 28.57819634351196 -128.22741562304648 54.193177179342435
vertex 26.438571218125695 -128.2274156230494 52.05355203801472
vertex 23.95865117272472 -128.22741562304896 53.95646159975665
endloop
endfacet
facet normal -3.1842082744585775e-13 1.0 -6.56557700603506e-13
outer loop
vertex 28.57819634351196 -128.22741562304648 54.193177179342435
vertex 23.95865117272472 -128.22741562304896 53.95646159975665
vertex 21.070723116568047 -128.22741562304847 55.15268054886821
endloop
endfacet
facet normal -3.1842082744585775e-13 1.0 -6.56557700603506e-13
outer loop
vertex 28.57819634351196 -128.22741562304648 54.193177179342435
vertex 21.070723116568047 -128.22741562304847 55.15268054886821
vertex 25.471594600702474 -128.22741562304594 56.57695651605105
endloop
endfacet
facet normal -3.1842082744585775e-13 1.0 -6.56557700603506e-13
outer loop
vertex 25.471594600702474 -128.22741562304594 56.57695651605105
vertex 21.070723116568047 -128.22741562304847 55.15268054886821
vertex 17.97159457601225 -128.22741562304796 55.56068854004378
endloop
endfacet
facet normal -3.1842082744585775e-13 1.0 -6.56557700603506e-13
outer loop
vertex 25.471594600702474 -128.22741562304594 56.57695651605105
vertex 17.97159457601225 -128.22741562304796 55.56068854004378
vertex 10.471594536178458 -128.22741562304552 56.57695640429234
endloop
endfacet
facet normal -3.1842082744585775e-13 1.0 -6.56557700603506e-13
outer loop
vertex 25.471594600702474 -128.22741562304594 56.57695651605105
vertex 10.471594536178458 -128.22741562304552 56.57695640429234
vertex 14.089308862746114 -128.22741562304532 58.07546278262144
endloop
endfacet
facet normal -3.1842082744585775e-13 1.0 -6.56557700603506e-13
outer loop
vertex 25.471594600702474 -128.22741562304594 56.57695651605105
vertex 14.089308862746114 -128.22741562304532 58.07546278262144
vertex 21.853880251805336 -128.22741562304554 58.07546284047201
endloop
endfacet
facet normal -3.1842082744585775e-13 1.0 -6.56557700603506e-13
outer loop
vertex 21.853880251805336 -128.22741562304554 58.07546284047201
vertex 14.089308862746114 -128.22741562304532 58.07546278262144
vertex 17.971594553467636 -128.22741562304535 58.58657542203158
endloop
endfacet
facet normal 0.2588190451018269 0.9659258262892542 -1.8197709210559343e-12
outer loop
vertex -1.046043424998136 -122.65926727570171 0.28765363224506213
vertex -0.5284053347915431 -122.7274156231151 4.787653632277398
vertex -0.5284053347930404 -122.72741562312318 0.28765363224501306
endloop
endfacet
facet normal -7.413597877683429e-13 1.0 -1.7947519304278807e-12
outer loop
vertex -0.5284053347915431 -122.7274156231151 4.787653632277398
vertex -1.046043424998136 -122.65926727570171 0.28765363224506213
vertex -1.046043424996638 -122.65926727569364 4.787653632277447
endloop
endfacet
facet normal -7.413330544386543e-13 1.0 -1.7947519304278811e-12
outer loop
vertex -0.5284053347930404 -122.72741562312318 0.28765363224501306
vertex -0.010767244586551105 -122.65926727569287 4.787653632277103
vertex -0.010767244588049917 -122.65926727570094 0.2876536322447175
endloop
endfacet
facet normal -0.2588190451032245 0.9659258262888798 -1.6474225950670587e-12
outer loop
vertex -0.010767244586551105 -122.65926727569287 4.787653632277103
vertex -0.5284053347930404 -122.72741562312318 0.28765363224501306
vertex -0.5284053347915431 -122.7274156231151 4.787653632277398
endloop
endfacet
facet normal -0.258819045103225 0.9659258262888797 -1.647422595067058e-12
outer loop
vertex -0.010767244588049917 -122.65926727570094 0.2876536322447175
vertex 0.4715946652082591 -122.45946643068325 4.787653632276581
vertex 0.47159466520676174 -122.45946643069134 0.2876536322441956
endloop
endfacet
facet normal -0.5000000000006354 0.8660254037840718 -1.3878229610741209e-12
outer loop
vertex 0.4715946652082591 -122.45946643068325 4.787653632276581
vertex -0.010767244588049917 -122.65926727570094 0.2876536322447175
vertex -0.010767244586551105 -122.65926727569287 4.787653632277103
endloop
endfacet
facet normal -0.5000000000006366 0.8660254037840713 -1.38782296107412e-12
outer loop
vertex 0.47159466520676174 -122.45946643069134 0.2876536322441956
vertex 0.8858082275811212 -122.14162918548718 4.787653632275868
vertex 0.8858082275796239 -122.14162918549525 0.28765363224348295
endloop
endfacet
facet normal -0.7071067811870637 0.7071067811860314 -1.0336492676121124e-12
outer loop
vertex 0.8858082275811212 -122.14162918548718 4.787653632275868
vertex 0.47159466520676174 -122.45946643069134 0.2876536322441956
vertex 0.4715946652082591 -122.45946643068325 4.787653632276581
endloop
endfacet
facet normal -0.7071067811870637 0.7071067811860314 -1.0336492676121124e-12
outer loop
vertex 0.8858082275811212 -122.14162918548718 4.787653632275868
vertex 1.2036454727751018 -121.72741562312193 0.2876536322426282
vertex 0.8858082275796239 -122.14162918549525 0.28765363224348295
endloop
endfacet
facet normal -0.866025403784806 0.49999999999936384 -6.090326964835685e-13
outer loop
vertex 1.2036454727751018 -121.72741562312193 0.2876536322426282
vertex 0.8858082275811212 -122.14162918548718 4.787653632275868
vertex 1.2036454727766006 -121.72741562311384 4.787653632275013
endloop
endfacet
facet normal -0.8660254037848051 0.4999999999993656 -6.090326964835719e-13
outer loop
vertex 1.2036454727766006 -121.72741562311384 4.787653632275013
vertex 1.4034463177840082 -121.24505371332681 0.2876536322416894
vertex 1.2036454727751018 -121.72741562312193 0.2876536322426282
endloop
endfacet
facet normal -0.9659258262892586 0.2588190451018108 -1.429087747404577e-13
outer loop
vertex 1.4034463177840082 -121.24505371332681 0.2876536322416894
vertex 1.2036454727766006 -121.72741562311384 4.787653632275013
vertex 1.403446317785507 -121.24505371331874 4.787653632274075
endloop
endfacet
facet normal -0.965925826289258 0.2588190451018129 -1.4290877474046173e-13
outer loop
vertex 1.403446317785507 -121.24505371331874 4.787653632274075
vertex 1.4715946652054923 -120.72741562312171 0.2876536322407307
vertex 1.4034463177840082 -121.24505371332681 0.2876536322416894
endloop
endfacet
facet normal -1.0 -7.3131696691595e-13 3.3295169616607777e-13
outer loop
vertex 1.4715946652054923 -120.72741562312171 0.2876536322407307
vertex 1.403446317785507 -121.24505371331874 4.787653632274075
vertex 1.4715946652069911 -120.72741562311364 4.787653632273115
endloop
endfacet
facet normal -1.0 -7.290446338925601e-13 3.329516961660737e-13
outer loop
vertex 1.4715946652069911 -120.72741562311364 4.787653632273115
vertex 1.403446317783251 -120.20977753291672 0.28765363223981727
vertex 1.4715946652054923 -120.72741562312171 0.2876536322407307
endloop
endfacet
facet normal -0.9659258262888776 -0.25881904510323284 7.861234356642857e-13
outer loop
vertex 1.403446317783251 -120.20977753291672 0.28765363223981727
vertex 1.4715946652069911 -120.72741562311364 4.787653632273115
vertex 1.4034463177847498 -120.20977753290865 4.787653632272202
endloop
endfacet
facet normal -0.9659258262888781 -0.25881904510323056 7.861234356642819e-13
outer loop
vertex 1.4034463177847498 -120.20977753290865 4.787653632272202
vertex 1.2036454727736396 -119.72741562312193 0.2876536322390116
vertex 1.403446317783251 -120.20977753291672 0.28765363223981727
endloop
endfacet
facet normal -0.8660254037840733 -0.5000000000006327 1.1857208599505474e-12
outer loop
vertex 1.2036454727736396 -119.72741562312193 0.2876536322390116
vertex 1.4034463177847498 -120.20977753290865 4.787653632272202
vertex 1.2036454727751371 -119.72741562311384 4.787653632271396
endloop
endfacet
facet normal -0.8660254037840746 -0.500000000000631 1.185720859950545e-12
outer loop
vertex 1.2036454727751371 -119.72741562311384 4.787653632271396
vertex 0.8858082275775554 -119.31320206074905 0.2876536322383683
vertex 1.2036454727736396 -119.72741562312193 0.2876536322390116
endloop
endfacet
facet normal -0.707106781186021 -0.7071067811870742 1.5045113566108327e-12
outer loop
vertex 0.8858082275775554 -119.31320206074905 0.2876536322383683
vertex 1.2036454727751371 -119.72741562311384 4.787653632271396
vertex 0.8858082275790528 -119.31320206074098 4.787653632270753
endloop
endfacet
facet normal -0.707106781186021 -0.7071067811870742 1.5045113566108327e-12
outer loop
vertex 0.8858082275775554 -119.31320206074905 0.2876536322383683
vertex 0.4715946652057268 -118.99536481554553 4.787653632270316
vertex 0.471594665204228 -118.9953648155536 0.2876536322379315
endloop
endfacet
facet normal -0.49999999999937433 -0.8660254037848 1.7207749220793385e-12
outer loop
vertex 0.4715946652057268 -118.99536481554553 4.787653632270316
vertex 0.8858082275775554 -119.31320206074905 0.2876536322383683
vertex 0.8858082275790528 -119.31320206074098 4.787653632270753
endloop
endfacet
facet normal -0.49999999999937333 -0.8660254037848005 1.7207749220793393e-12
outer loop
vertex 0.471594665204228 -118.9953648155536 0.2876536322379315
vertex -0.010767244589378121 -118.79556397053658 4.787653632270115
vertex -0.010767244590876933 -118.79556397054466 0.28765363223773077
endloop
endfacet
facet normal -0.25881904510182724 -0.965925826289254 1.8197715876996326e-12
outer loop
vertex -0.010767244589378121 -118.79556397053658 4.787653632270115
vertex 0.471594665204228 -118.9953648155536 0.2876536322379315
vertex 0.4715946652057268 -118.99536481554553 4.787653632270316
endloop
endfacet
facet normal -0.25881904510182724 -0.965925826289254 1.8197715876996326e-12
outer loop
vertex -0.010767244589378121 -118.79556397053658 4.787653632270115
vertex -0.528405334795969 -118.72741562312319 0.28765363223777984
vertex -0.010767244590876933 -118.79556397054466 0.28765363223773077
endloop
endfacet
facet normal 7.407627434053345e-13 -1.0 1.7947517260274641e-12
outer loop
vertex -0.528405334795969 -118.72741562312319 0.28765363223777984
vertex -0.010767244589378121 -118.79556397053658 4.787653632270115
vertex -0.5284053347944702 -118.72741562311512 4.787653632270164
endloop
endfacet
facet normal 7.40682543416272e-13 -1.0 1.7947517260274641e-12
outer loop
vertex -0.5284053347944702 -118.72741562311512 4.787653632270164
vertex -1.0460434250009603 -118.79556397054543 0.28765363223807544
vertex -0.528405334795969 -118.72741562312319 0.28765363223777984
endloop
endfacet
facet normal 0.25881904510322407 -0.96592582628888 1.6474223906666419e-12
outer loop
vertex -1.0460434250009603 -118.79556397054543 0.28765363223807544
vertex -0.5284053347944702 -118.72741562311512 4.787653632270164
vertex -1.0460434249994621 -118.79556397053734 4.787653632270459
endloop
endfacet
facet normal 0.25881904510322457 -0.9659258262888799 1.6474223906666417e-12
outer loop
vertex -1.0460434249994621 -118.79556397053734 4.787653632270459
vertex -1.5284053347957727 -118.99536481555504 0.2876536322385973
vertex -1.0460434250009603 -118.79556397054543 0.28765363223807544
endloop
endfacet
facet normal 0.5000000000006347 -0.8660254037840721 1.3878190407297377e-12
outer loop
vertex -1.5284053347957727 -118.99536481555504 0.2876536322385973
vertex -1.0460434249994621 -118.79556397053734 4.787653632270459
vertex -1.5284053347942745 -118.99536481554696 4.787653632270981
endloop
endfacet
facet normal 0.5000000000006356 -0.8660254037840717 1.3878190407297365e-12
outer loop
vertex -1.5284053347942745 -118.99536481554696 4.787653632270981
vertex -1.9426188971686362 -119.31320206075112 0.28765363223930995
vertex -1.5284053347957727 -118.99536481555504 0.2876536322385973
endloop
endfacet
facet normal 0.7071067811870629 -0.7071067811860322 1.0336287627816683e-12
outer loop
vertex -1.9426188971686362 -119.31320206075112 0.28765363223930995
vertex -1.5284053347942745 -118.99536481554696 4.787653632270981
vertex -1.9426188971671372 -119.31320206074305 4.787653632271694
endloop
endfacet
facet normal 0.7071067811870629 -0.7071067811860322 1.0336287627816683e-12
outer loop
vertex -1.9426188971686362 -119.31320206075112 0.28765363223930995
vertex -2.260456142362617 -119.72741562311637 4.787653632272549
vertex -2.2604561423641156 -119.72741562312446 0.28765363224016477
endloop
endfacet
facet normal 0.8660254037848054 -0.4999999999993648 6.089984083746967e-13
outer loop
vertex -2.260456142362617 -119.72741562311637 4.787653632272549
vertex -1.9426188971686362 -119.31320206075112 0.28765363223930995
vertex -1.9426188971671372 -119.31320206074305 4.787653632271694
endloop
endfacet
facet normal 0.8660254037848045 -0.4999999999993665 6.089984083747002e-13
outer loop
vertex -2.2604561423641156 -119.72741562312446 0.28765363224016477
vertex -2.460256987371524 -120.20977753291149 4.7876536322734875
vertex -2.460256987373022 -120.20977753291956 0.2876536322411035
endloop
endfacet
facet normal 0.9659258262892585 -0.2588190451018112 1.4289084373789533e-13
outer loop
vertex -2.460256987371524 -120.20977753291149 4.7876536322734875
vertex -2.2604561423641156 -119.72741562312446 0.28765363224016477
vertex -2.260456142362617 -119.72741562311637 4.787653632272549
endloop
endfacet
facet normal 0.965925826289258 -0.25881904510181336 1.4289084373789937e-13
outer loop
vertex -2.460256987373022 -120.20977753291956 0.2876536322411035
vertex -2.5284053347930087 -120.72741562311657 4.787653632274447
vertex -2.5284053347945066 -120.72741562312466 0.28765363224206225
endloop
endfacet
facet normal 1.0 7.313347891357411e-13 -3.3295191205616237e-13
outer loop
vertex -2.5284053347930087 -120.72741562311657 4.787653632274447
vertex -2.460256987373022 -120.20977753291956 0.2876536322411035
vertex -2.460256987371524 -120.20977753291149 4.7876536322734875
endloop
endfacet
facet normal 1.0 7.290535450024558e-13 -3.3295191205615833e-13
outer loop
vertex -2.5284053347945066 -120.72741562312466 0.28765363224206225
vertex -2.4602569873707667 -121.24505371332158 4.787653632275361
vertex -2.4602569873722646 -121.24505371332965 0.28765363224297563
endloop
endfacet
facet normal 0.9659258262888774 0.25881904510323345 -7.861226194644927e-13
outer loop
vertex -2.4602569873707667 -121.24505371332158 4.787653632275361
vertex -2.5284053347945066 -120.72741562312466 0.28765363224206225
vertex -2.5284053347930087 -120.72741562311657 4.787653632274447
endloop
endfacet
facet normal 0.9659258262888779 0.25881904510323134 -7.861226194644892e-13
outer loop
vertex -2.4602569873722646 -121.24505371332965 0.28765363224297563
vertex -2.2604561423611544 -121.72741562311637 4.787653632276167
vertex -2.260456142362653 -121.72741562312444 0.2876536322437814
endloop
endfacet
facet normal 0.8660254037840729 0.5000000000006335 -1.1857186731999154e-12
outer loop
vertex -2.2604561423611544 -121.72741562311637 4.787653632276167
vertex -2.4602569873722646 -121.24505371332965 0.28765363224297563
vertex -2.4602569873707667 -121.24505371332158 4.787653632275361
endloop
endfacet
facet normal 0.8660254037840739 0.5000000000006319 -1.1857186731999126e-12
outer loop
vertex -2.260456142362653 -121.72741562312444 0.2876536322437814
vertex -1.9426188971650695 -122.14162918548925 4.78765363227681
vertex -1.9426188971665677 -122.14162918549732 0.2876536322444246
endloop
endfacet
facet normal 0.7071067811860208 0.7071067811870743 -1.5045173979091738e-12
outer loop
vertex -1.9426188971650695 -122.14162918548925 4.78765363227681
vertex -2.260456142362653 -121.72741562312444 0.2876536322437814
vertex -2.2604561423611544 -121.72741562311637 4.787653632276167
endloop
endfacet
facet normal 0.7071067811860208 0.7071067811870743 -1.5045173979091738e-12
outer loop
vertex -1.9426188971650695 -122.14162918548925 4.78765363227681
vertex -1.5284053347932403 -122.45946643069277 0.2876536322448614
vertex -1.9426188971665677 -122.14162918549732 0.2876536322444246
endloop
endfacet
facet normal 0.4999999999993743 0.8660254037848 -1.7207816787744868e-12
outer loop
vertex -1.5284053347932403 -122.45946643069277 0.2876536322448614
vertex -1.9426188971650695 -122.14162918548925 4.78765363227681
vertex -1.5284053347917421 -122.4594664306847 4.787653632277247
endloop
endfacet
facet normal 0.49999999999937345 0.8660254037848005 -1.7207816787744878e-12
outer loop
vertex -1.5284053347917421 -122.4594664306847 4.787653632277247
vertex -1.046043424998136 -122.65926727570171 0.28765363224506213
vertex -1.5284053347932403 -122.45946643069277 0.2876536322448614
endloop
endfacet
facet normal 0.2588190451018269 0.9659258262892542 -1.8197709210559343e-12
outer loop
vertex -1.046043424998136 -122.65926727570171 0.28765363224506213
vertex -1.5284053347917421 -122.4594664306847 4.787653632277247
vertex -1.046043424996638 -122.65926727569364 4.787653632277447
endloop
endfacet
facet normal -0.8660254037844389 -0.4999999999999995 9.160622731041046e-13
outer loop
vertex 38.20364547278124 -119.72741562304736 4.787653632275035
vertex 37.885808227585244 -119.31320206068214 0.28765363224403734
vertex 38.20364547278102 -119.72741562305524 0.2876536322447381
endloop
endfacet
facet normal -0.7071067811865546 -0.7071067811865406 1.270851746210835e-12
outer loop
vertex 37.885808227585244 -119.31320206068214 0.28765363224403734
vertex 38.20364547278124 -119.72741562304736 4.787653632275035
vertex 37.88580822758546 -119.31320206067427 4.787653632274334
endloop
endfacet
facet normal -0.7071067811865546 -0.7071067811865406 1.270851746210835e-12
outer loop
vertex 37.885808227585244 -119.31320206068214 0.28765363224403734
vertex 37.47159466521236 -118.99536481547847 4.7876536322738055
vertex 37.471594665212145 -118.99536481548634 0.2876536322435086
endloop
endfacet
facet normal -0.49999999999999867 -0.8660254037844396 1.5390373543128718e-12
outer loop
vertex 37.47159466521236 -118.99536481547847 4.7876536322738055
vertex 37.885808227585244 -119.31320206068214 0.28765363224403734
vertex 37.88580822758546 -119.31320206067427 4.787653632274334
endloop
endfacet
facet normal -0.5000000000000004 -0.8660254037844384 1.53903735431287e-12
outer loop
vertex 37.471594665212145 -118.99536481548634 0.2876536322435086
vertex 36.989232755417405 -118.79556397046922 4.787653632273484
vertex 36.98923275541719 -118.79556397047709 0.28765363224318713
endloop
endfacet
facet normal -0.25881904510250603 -0.9659258262890723 1.7023417480672624e-12
outer loop
vertex 36.989232755417405 -118.79556397046922 4.787653632273484
vertex 37.471594665212145 -118.99536481548634 0.2876536322435086
vertex 37.47159466521236 -118.99536481547847 4.7876536322738055
endloop
endfacet
facet normal -0.25881904510250725 -0.965925826289072 1.7023417480672614e-12
outer loop
vertex 36.98923275541719 -118.79556397047709 0.28765363224318713
vertex 36.47159466521236 -118.72741562304736 4.7876536322733925
vertex 36.471594665212145 -118.72741562305524 0.2876536322430955
endloop
endfacet
facet normal -3.207999562432882e-16 -1.0 1.7496326087581826e-12
outer loop
vertex 36.47159466521236 -118.72741562304736 4.7876536322733925
vertex 36.98923275541719 -118.79556397047709 0.28765363224318713
vertex 36.989232755417405 -118.79556397046922 4.787653632273484
endloop
endfacet
facet normal -3.207999562432882e-16 -1.0 1.7496326087581826e-12
outer loop
vertex 36.47159466521236 -118.72741562304736 4.7876536322733925
vertex 35.9539565750071 -118.79556397047709 0.2876536322432407
vertex 36.471594665212145 -118.72741562305524 0.2876536322430955
endloop
endfacet
facet normal 0.25881904510252535 -0.9659258262890671 1.677688757035396e-12
outer loop
vertex 35.9539565750071 -118.79556397047709 0.2876536322432407
vertex 36.47159466521236 -118.72741562304736 4.7876536322733925
vertex 35.95395657500731 -118.79556397046922 4.787653632273537
endloop
endfacet
facet normal 0.25881904510252524 -0.9659258262890671 1.6776887570353957e-12
outer loop
vertex 35.95395657500731 -118.79556397046922 4.787653632273537
vertex 35.471594665212145 -118.99536481548637 0.28765363224361157
vertex 35.9539565750071 -118.79556397047709 0.2876536322432407
endloop
endfacet
facet normal 0.5000000000000052 -0.8660254037844357 1.4914137854412904e-12
outer loop
vertex 35.471594665212145 -118.99536481548637 0.28765363224361157
vertex 35.95395657500731 -118.79556397046922 4.787653632273537
vertex 35.47159466521236 -118.9953648154785 4.7876536322739085
endloop
endfacet
facet normal 0.5000000000000044 -0.8660254037844362 1.491413785441291e-12
outer loop
vertex 35.47159466521236 -118.9953648154785 4.7876536322739085
vertex 35.057381102839045 -119.31320206068214 0.287653632244184
vertex 35.471594665212145 -118.99536481548637 0.28765363224361157
endloop
endfacet
facet normal 0.7071067811865445 -0.7071067811865507 1.2035011807576173e-12
outer loop
vertex 35.057381102839045 -119.31320206068214 0.287653632244184
vertex 35.47159466521236 -118.9953648154785 4.7876536322739085
vertex 35.05738110283926 -119.31320206067427 4.7876536322744805
endloop
endfacet
facet normal 0.7071067811865445 -0.7071067811865507 1.2035011807576173e-12
outer loop
vertex 35.057381102839045 -119.31320206068214 0.287653632244184
vertex 34.73954385764348 -119.72741562304736 4.787653632275214
vertex 34.73954385764326 -119.72741562305524 0.2876536322449172
endloop
endfacet
facet normal 0.8660254037844393 -0.49999999999999917 8.335712265847495e-13
outer loop
vertex 34.73954385764348 -119.72741562304736 4.787653632275214
vertex 35.057381102839045 -119.31320206068214 0.287653632244184
vertex 35.05738110283926 -119.31320206067427 4.7876536322744805
endloop
endfacet
facet normal 0.8660254037844404 -0.4999999999999971 8.33571226584746e-13
outer loop
vertex 34.73954385764326 -119.72741562305524 0.2876536322449172
vertex 34.539743012634226 -120.20977753284232 4.78765363227606
vertex 34.53974301263401 -120.2097775328502 0.2876536322457632
endloop
endfacet
facet normal 0.9659258262890673 -0.25881904510252446 4.0683489334747045e-13
outer loop
vertex 34.539743012634226 -120.20977753284232 4.78765363227606
vertex 34.73954385764326 -119.72741562305524 0.2876536322449172
vertex 34.73954385764348 -119.72741562304736 4.787653632275214
endloop
endfacet
facet normal 0.9659258262890681 -0.25881904510252185 4.0683489334746586e-13
outer loop
vertex 34.53974301263401 -120.2097775328502 0.2876536322457632
vertex 34.471594665212365 -120.72741562304736 4.78765363227696
vertex 34.471594665212145 -120.72741562305524 0.28765363224666274
endloop
endfacet
facet normal 1.0 -1.425777583303505e-15 -4.7626108532244e-14
outer loop
vertex 34.471594665212365 -120.72741562304736 4.78765363227696
vertex 34.53974301263401 -120.2097775328502 0.2876536322457632
vertex 34.539743012634226 -120.20977753284232 4.78765363227606
endloop
endfacet
facet normal 1.0 1.4346886931991525e-15 -4.762610853224902e-14
outer loop
vertex 34.471594665212145 -120.72741562305524 0.28765363224666274
vertex 34.539743012634226 -121.2450537132524 4.787653632277853
vertex 34.53974301263401 -121.24505371326028 0.2876536322475567
endloop
endfacet
facet normal 0.9659258262890682 0.25881904510252174 -4.988424729716412e-13
outer loop
vertex 34.539743012634226 -121.2450537132524 4.787653632277853
vertex 34.471594665212145 -120.72741562305524 0.28765363224666274
vertex 34.471594665212365 -120.72741562304736 4.78765363227696
endloop
endfacet
facet normal 0.9659258262890674 0.2588190451025246 -4.988424729716461e-13
outer loop
vertex 34.53974301263401 -121.24505371326028 0.2876536322475567
vertex 34.73954385764348 -121.72741562304736 4.787653632278678
vertex 34.73954385764326 -121.72741562305524 0.28765363224838153
endloop
endfacet
facet normal 0.8660254037844406 0.49999999999999695 -9.160622731041004e-13
outer loop
vertex 34.73954385764348 -121.72741562304736 4.787653632278678
vertex 34.53974301263401 -121.24505371326028 0.2876536322475567
vertex 34.539743012634226 -121.2450537132524 4.787653632277853
endloop
endfacet
facet normal 0.8660254037844389 0.4999999999999995 -9.160622731041046e-13
outer loop
vertex 34.73954385764326 -121.72741562305524 0.28765363224838153
vertex 35.05738110283926 -122.14162918542046 4.787653632279379
vertex 35.057381102839045 -122.14162918542833 0.2876536322490823
endloop
endfacet
facet normal 0.7071067811865546 0.7071067811865406 -1.270851746210835e-12
outer loop
vertex 35.05738110283926 -122.14162918542046 4.787653632279379
vertex 34.73954385764326 -121.72741562305524 0.28765363224838153
vertex 34.73954385764348 -121.72741562304736 4.787653632278678
endloop
endfacet
facet normal 0.7071067811865546 0.7071067811865406 -1.270851746210835e-12
outer loop
vertex 35.05738110283926 -122.14162918542046 4.787653632279379
vertex 35.471594665212145 -122.45946643062413 0.28765363224961105
vertex 35.057381102839045 -122.14162918542833 0.2876536322490823
endloop
endfacet
facet normal 0.49999999999999867 0.8660254037844395 -1.5390373543128718e-12
outer loop
vertex 35.471594665212145 -122.45946643062413 0.28765363224961105
vertex 35.05738110283926 -122.14162918542046 4.787653632279379
vertex 35.47159466521236 -122.45946643061626 4.787653632279907
endloop
endfacet
facet normal 0.5000000000000004 0.8660254037844384 -1.53903735431287e-12
outer loop
vertex 35.47159466521236 -122.45946643061626 4.787653632279907
vertex 35.95395657500711 -122.65926727563338 0.2876536322499325
vertex 35.471594665212145 -122.45946643062413 0.28765363224961105
endloop
endfacet
facet normal 0.2588190451025059 0.9659258262890723 -1.7023417021085972e-12
outer loop
vertex 35.95395657500711 -122.65926727563338 0.2876536322499325
vertex 35.47159466521236 -122.45946643061626 4.787653632279907
vertex 35.953956575007325 -122.65926727562551 4.787653632280229
endloop
endfacet
facet normal 0.25881904510250736 0.965925826289072 -1.7023417021085966e-12
outer loop
vertex 35.953956575007325 -122.65926727562551 4.787653632280229
vertex 36.471594665212145 -122.72741562305524 0.2876536322500227
vertex 35.95395657500711 -122.65926727563338 0.2876536322499325
endloop
endfacet
facet normal -3.2971106613893543e-16 1.0 -1.7496325053511876e-12
outer loop
vertex 36.471594665212145 -122.72741562305524 0.2876536322500227
vertex 35.953956575007325 -122.65926727562551 4.787653632280229
vertex 36.47159466521236 -122.72741562304736 4.78765363228032
endloop
endfacet
facet normal -3.2971106613893543e-16 1.0 -1.7496325053511876e-12
outer loop
vertex 36.471594665212145 -122.72741562305524 0.2876536322500227
vertex 36.989232755417405 -122.65926727562551 4.7876536322801755
vertex 36.98923275541719 -122.65926727563338 0.28765363224987894
endloop
endfacet
facet normal -0.25881904510250475 0.9659258262890728 -1.6776888139650518e-12
outer loop
vertex 36.989232755417405 -122.65926727562551 4.7876536322801755
vertex 36.471594665212145 -122.72741562305524 0.2876536322500227
vertex 36.47159466521236 -122.72741562304736 4.78765363228032
endloop
endfacet
facet normal -0.2588190451025047 0.9659258262890728 -1.6776888139650522e-12
outer loop
vertex 36.98923275541719 -122.65926727563338 0.28765363224987894
vertex 37.471594665212365 -122.45946643061626 4.787653632279804
vertex 37.47159466521215 -122.45946643062413 0.2876536322495067
endloop
endfacet
facet normal -0.5000000000000009 0.8660254037844382 -1.4914124219923689e-12
outer loop
vertex 37.471594665212365 -122.45946643061626 4.787653632279804
vertex 36.98923275541719 -122.65926727563338 0.28765363224987894
vertex 36.989232755417405 -122.65926727562551 4.7876536322801755
endloop
endfacet
facet normal -0.5000000000000003 0.8660254037844387 -1.49141242199237e-12
outer loop
vertex 37.47159466521215 -122.45946643062413 0.2876536322495067
vertex 37.88580822758546 -122.14162918542046 4.787653632279232
vertex 37.885808227585244 -122.14162918542833 0.28765363224893564
endloop
endfacet
facet normal -0.7071067811865565 0.7071067811865387 -1.2034996071442968e-12
outer loop
vertex 37.88580822758546 -122.14162918542046 4.787653632279232
vertex 37.47159466521215 -122.45946643062413 0.2876536322495067
vertex 37.471594665212365 -122.45946643061626 4.787653632279804
endloop
endfacet
facet normal -0.7071067811865565 0.7071067811865387 -1.2034996071442968e-12
outer loop
vertex 37.88580822758546 -122.14162918542046 4.787653632279232
vertex 38.20364547278102 -121.72741562305524 0.28765363224820106
vertex 37.885808227585244 -122.14162918542833 0.28765363224893564
endloop
endfacet
facet normal -0.8660254037844393 0.49999999999999917 -8.335712451763285e-13
outer loop
vertex 38.20364547278102 -121.72741562305524 0.28765363224820106
vertex 37.88580822758546 -122.14162918542046 4.787653632279232
vertex 38.20364547278124 -121.72741562304736 4.787653632278499
endloop
endfacet
facet normal -0.8660254037844404 0.4999999999999971 -8.335712451763251e-13
outer loop
vertex 38.20364547278124 -121.72741562304736 4.787653632278499
vertex 38.40344631779029 -121.24505371326028 0.28765363224735646
vertex 38.20364547278102 -121.72741562305524 0.28765363224820106
endloop
endfacet
facet normal -0.9659258262890674 0.2588190451025245 -4.0683495027711593e-13
outer loop
vertex 38.40344631779029 -121.24505371326028 0.28765363224735646
vertex 38.20364547278124 -121.72741562304736 4.787653632278499
vertex 38.403446317790504 -121.2450537132524 4.787653632277653
endloop
endfacet
facet normal -0.9659258262890681 0.25881904510252185 -4.068349502771112e-13
outer loop
vertex 38.403446317790504 -121.2450537132524 4.787653632277653
vertex 38.47159466521215 -120.72741562305524 0.28765363224645546
vertex 38.40344631779029 -121.24505371326028 0.28765363224735646
endloop
endfacet
facet normal -1.0 1.4346886931991531e-15 4.7626007538820777e-14
outer loop
vertex 38.47159466521215 -120.72741562305524 0.28765363224645546
vertex 38.403446317790504 -121.2450537132524 4.787653632277653
vertex 38.471594665212365 -120.72741562304736 4.7876536322767524
endloop
endfacet
facet normal -1.0 -1.4346886931991513e-15 4.76260075388258e-14
outer loop
vertex 38.471594665212365 -120.72741562304736 4.7876536322767524
vertex 38.40344631779029 -120.2097775328502 0.28765363224556295
vertex 38.47159466521215 -120.72741562305524 0.28765363224645546
endloop
endfacet
facet normal -0.9659258262890681 -0.2588190451025215 4.988423145298871e-13
outer loop
vertex 38.40344631779029 -120.2097775328502 0.28765363224556295
vertex 38.471594665212365 -120.72741562304736 4.7876536322767524
vertex 38.403446317790504 -120.20977753284232 4.78765363227586
endloop
endfacet
facet normal -0.9659258262890674 -0.2588190451025247 4.988423145298925e-13
outer loop
vertex 38.403446317790504 -120.20977753284232 4.78765363227586
vertex 38.20364547278102 -119.72741562305524 0.2876536322447381
vertex 38.40344631779029 -120.2097775328502 0.28765363224556295
endloop
endfacet
facet normal -0.8660254037844406 -0.49999999999999695 9.160622731041004e-13
outer loop
vertex 38.20364547278102 -119.72741562305524 0.2876536322447381
vertex 38.403446317790504 -120.20977753284232 4.78765363227586
vertex 38.20364547278124 -119.72741562304736 4.787653632275035
endloop
endfacet
facet normal -1.004330099102005e-12 1.0 -2.337849386325399e-13
outer loop
vertex 14.815778599690974 -122.22741562304991 37.33830966579114
vertex 17.522035163459485 -122.22741562304714 37.60344110510366
vertex 18.306836947247234 -122.22741562304634 37.59594835866375
endloop
endfacet
facet normal -1.004330099102005e-12 1.0 -2.337849386325399e-13
outer loop
vertex 17.522035163459485 -122.22741562304714 37.60344110510366
vertex 14.815778599690974 -122.22741562304991 37.33830966579114
vertex 14.027214706469472 -122.2274156230506 37.80368109988859
endloop
endfacet
facet normal -1.004330099102005e-12 1.0 -2.337849386325399e-13
outer loop
vertex 17.522035163459485 -122.22741562304714 37.60344110510366
vertex 14.027214706469472 -122.2274156230506 37.80368109988859
vertex 16.744925467388164 -122.22741562304788 37.71330693854442
endloop
endfacet
facet normal -1.004330099102005e-12 1.0 -2.337849386325399e-13
outer loop
vertex 16.744925467388164 -122.22741562304788 37.71330693854442
vertex 14.027214706469472 -122.2274156230506 37.80368109988859
vertex 15.988804421388618 -122.2274156230486 37.92366602411527
endloop
endfacet
facet normal -1.004330099102005e-12 1.0 -2.337849386325399e-13
outer loop
vertex 15.988804421388618 -122.2274156230486 37.92366602411527
vertex 14.027214706469472 -122.2274156230506 37.80368109988859
vertex 13.306140247930811 -122.2274156230512 38.3679994591591
endloop
endfacet
facet normal -1.004330099102005e-12 1.0 -2.337849386325399e-13
outer loop
vertex 15.988804421388618 -122.2274156230486 37.92366602411527
vertex 13.306140247930811 -122.2274156230512 38.3679994591591
vertex 15.266609466194238 -122.22741562304925 38.23091905953956
endloop
endfacet
facet normal -1.004330099102005e-12 1.0 -2.337849386325399e-13
outer loop
vertex 15.266609466194238 -122.22741562304925 38.23091905953956
vertex 13.306140247930811 -122.2274156230512 38.3679994591591
vertex 14.590697557718661 -122.22741562304984 38.629808860194515
endloop
endfacet
facet normal -1.004330099102005e-12 1.0 -2.337849386325399e-13
outer loop
vertex 14.590697557718661 -122.22741562304984 38.629808860194515
vertex 13.306140247930811 -122.2274156230512 38.3679994591591
vertex 12.664893007980199 -122.2274156230517 39.02160910001693
endloop
endfacet
facet normal -1.004330099102005e-12 1.0 -2.337849386325399e-13
outer loop
vertex 14.590697557718661 -122.22741562304984 38.629808860194515
vertex 12.664893007980199 -122.2274156230517 39.02160910001693
vertex 13.972633736114098 -122.22741562305033 39.11351031099781
endloop
endfacet
facet normal -1.004330099102005e-12 1.0 -2.337849386325399e-13
outer loop
vertex 13.972633736114098 -122.22741562305033 39.11351031099781
vertex 12.664893007980199 -122.2274156230517 39.02160910001693
vertex 12.114444904680514 -122.22741562305205 39.75332658029218
endloop
endfacet
facet normal -1.004330099102005e-12 1.0 -2.337849386325399e-13
outer loop
vertex 13.972633736114098 -122.22741562305033 39.11351031099781
vertex 12.114444904680514 -122.22741562305205 39.75332658029218
vertex 13.422993244727857 -122.22741562305077 39.673747146018805
endloop
endfacet
facet normal -1.004330099102005e-12 1.0 -2.337849386325399e-13
outer loop
vertex 13.422993244727857 -122.22741562305077 39.673747146018805
vertex 12.114444904680514 -122.22741562305205 39.75332658029218
vertex 12.951180584756699 -122.2274156230511 40.30093355768331
endloop
endfacet
facet normal -1.004330099102005e-12 1.0 -2.337849386325399e-13
outer loop
vertex 12.951180584756699 -122.2274156230511 40.30093355768331
vertex 12.114444904680514 -122.22741562305205 39.75332658029218
vertex 11.664214257692258 -122.22741562305232 40.55063201102692
endloop
endfacet
facet normal -1.004330099102005e-12 1.0 -2.337849386325399e-13
outer loop
vertex 12.951180584756699 -122.2274156230511 40.30093355768331
vertex 11.664214257692258 -122.22741562305232 40.55063201102692
vertex 12.56526860162391 -122.22741562305133 40.9843382125988
endloop
endfacet
facet normal -1.004330099102005e-12 1.0 -2.337849386325399e-13
outer loop
vertex 12.56526860162391 -122.22741562305133 40.9843382125988
vertex 11.664214257692258 -122.22741562305232 40.55063201102692
vertex 11.321904638212922 -122.22741562305248 41.39988327524647
endloop
endfacet
facet normal -1.004330099102005e-12 1.0 -2.337849386325399e-13
outer loop
vertex 12.56526860162391 -122.22741562305133 40.9843382125988
vertex 11.321904638212922 -122.22741562305248 41.39988327524647
vertex 12.271860356355907 -122.22741562305144 41.71226786764412
endloop
endfacet
facet normal -1.004330099102005e-12 1.0 -2.337849386325399e-13
outer loop
vertex 12.271860356355907 -122.22741562305144 41.71226786764412
vertex 11.321904638212922 -122.22741562305248 41.39988327524647
vertex 11.093373058737953 -122.22741562305251 42.286549448363075
endloop
endfacet
facet normal -1.004330099102005e-12 1.0 -2.337849386325399e-13
outer loop
vertex 12.271860356355907 -122.22741562305144 41.71226786764412
vertex 11.093373058737953 -122.22741562305251 42.286549448363075
vertex 12.07597614537736 -122.22741562305147 42.47226744460122
endloop
endfacet
facet normal -1.004330099102005e-12 1.0 -2.337849386325399e-13
outer loop
vertex 12.07597614537736 -122.22741562305147 42.47226744460122
vertex 11.093373058737953 -122.22741562305251 42.286549448363075
vertex 10.98252975795309 -122.2274156230524 43.195459426324426
endloop
endfacet
facet normal -1.004330099102005e-12 1.0 -2.337849386325399e-13
outer loop
vertex 12.07597614537736 -122.22741562305147 42.47226744460122
vertex 10.98252975795309 -122.2274156230524 43.195459426324426
vertex 11.980967601847476 -122.22741562305137 43.25133313999666
endloop
endfacet
facet normal -1.004330099102005e-12 1.0 -2.337849386325399e-13
outer loop
vertex 11.980967601847476 -122.22741562305137 43.25133313999666
vertex 10.98252975795309 -122.2274156230524 43.195459426324426
vertex 10.99127129546633 -122.22741562305217 44.11106150741014
endloop
endfacet
facet normal -1.004330099102005e-12 1.0 -2.337849386325399e-13
outer loop
vertex 11.980967601847476 -122.22741562305137 43.25133313999666
vertex 10.99127129546633 -122.22741562305217 44.11106150741014
vertex 11.9884603482874 -122.2274156230512 44.03613492378441
endloop
endfacet
facet normal -1.004330099102005e-12 1.0 -2.337849386325399e-13
outer loop
vertex 11.9884603482874 -122.2274156230512 44.03613492378441
vertex 10.99127129546633 -122.22741562305217 44.11106150741014
vertex 12.098326181728154 -122.22741562305087 44.8132446198557
endloop
endfacet
facet normal -1.004330099102005e-12 1.0 -2.337849386325399e-13
outer loop
vertex 12.098326181728154 -122.22741562305087 44.8132446198557
vertex 10.99127129546633 -122.22741562305217 44.11106150741014
vertex 11.119448101147212 -122.22741562305185 45.01768948615997
endloop
endfacet
facet normal -1.004330099102005e-12 1.0 -2.337849386325399e-13
outer loop
vertex 12.098326181728154 -122.22741562305087 44.8132446198557
vertex 11.119448101147212 -122.22741562305185 45.01768948615997
vertex 12.308685267299012 -122.22741562305052 45.56936566585525
endloop
endfacet
facet normal -1.004330099102005e-12 1.0 -2.337849386325399e-13
outer loop
vertex 12.308685267299012 -122.22741562305052 45.56936566585525
vertex 11.119448101147212 -122.22741562305185 45.01768948615997
vertex 11.364867034313212 -122.22741562305137 45.89983070649278
endloop
endfacet
facet normal -1.004330099102005e-12 1.0 -2.337849386325399e-13
outer loop
vertex 12.308685267299012 -122.22741562305052 45.56936566585525
vertex 11.364867034313212 -122.22741562305137 45.89983070649278
vertex 12.615938302723293 -122.22741562305005 46.29156062104963
endloop
endfacet
facet normal -1.004330099102005e-12 1.0 -2.337849386325399e-13
outer loop
vertex 12.615938302723293 -122.22741562305005 46.29156062104963
vertex 11.364867034313212 -122.22741562305137 45.89983070649278
vertex 11.723328908974874 -122.22741562305082 46.742391487552894
endloop
endfacet
facet normal -1.004330099102005e-12 1.0 -2.337849386325399e-13
outer loop
vertex 12.615938302723293 -122.22741562305005 46.29156062104963
vertex 11.723328908974874 -122.22741562305082 46.742391487552894
vertex 13.014828103378255 -122.22741562304948 46.96747252952521
endloop
endfacet
facet normal -1.004330099102005e-12 1.0 -2.337849386325399e-13
outer loop
vertex 13.014828103378255 -122.22741562304948 46.96747252952521
vertex 11.723328908974874 -122.22741562305082 46.742391487552894
vertex 12.188700343072332 -122.22741562305016 47.5309553807744
endloop
endfacet
facet normal -1.004330099102005e-12 1.0 -2.337849386325399e-13
outer loop
vertex 13.014828103378255 -122.22741562304948 46.96747252952521
vertex 12.188700343072332 -122.22741562305016 47.5309553807744
vertex 13.498529554181546 -122.22741562304886 47.58553635112977
endloop
endfacet
facet normal -1.004330099102005e-12 1.0 -2.337849386325399e-13
outer loop
vertex 13.498529554181546 -122.22741562304886 47.58553635112977
vertex 12.188700343072332 -122.22741562305016 47.5309553807744
vertex 12.753018702342835 -122.22741562304944 48.25202983931306
endloop
endfacet
facet normal -1.004330099102005e-12 1.0 -2.337849386325399e-13
outer loop
vertex 13.498529554181546 -122.22741562304886 47.58553635112977
vertex 12.753018702342835 -122.22741562304944 48.25202983931306
vertex 14.058766389202546 -122.22741562304815 48.13517684251601
endloop
endfacet
facet normal -1.004330099102005e-12 1.0 -2.337849386325399e-13
outer loop
vertex 14.058766389202546 -122.22741562304815 48.13517684251601
vertex 12.753018702342835 -122.22741562304944 48.25202983931306
vertex 14.68595280086704 -122.2274156230474 48.60698950248717
endloop
endfacet
facet normal -1.004330099102005e-12 1.0 -2.337849386325399e-13
outer loop
vertex 14.68595280086704 -122.2274156230474 48.60698950248717
vertex 12.753018702342835 -122.22741562304944 48.25202983931306
vertex 13.406628343200666 -122.22741562304863 48.893277079263676
endloop
endfacet
facet normal -1.004330099102005e-12 1.0 -2.337849386325399e-13
outer loop
vertex 14.68595280086704 -122.2274156230474 48.60698950248717
vertex 13.406628343200666 -122.22741562304863 48.893277079263676
vertex 15.36935745578254 -122.22741562304664 48.99290148561996
endloop
endfacet
facet normal -1.004330099102005e-12 1.0 -2.337849386325399e-13
outer loop
vertex 15.36935745578254 -122.22741562304664 48.99290148561996
vertex 13.406628343200666 -122.22741562304863 48.893277079263676
vertex 14.138345823475913 -122.22741562304776 49.443725182563355
endloop
endfacet
facet normal -1.004330099102005e-12 1.0 -2.337849386325399e-13
outer loop
vertex 15.36935745578254 -122.22741562304664 48.99290148561996
vertex 14.138345823475913 -122.22741562304776 49.443725182563355
vertex 16.097287110827857 -122.22741562304583 49.286309730887965
endloop
endfacet
facet normal -1.004330099102005e-12 1.0 -2.337849386325399e-13
outer loop
vertex 16.097287110827857 -122.22741562304583 49.286309730887965
vertex 14.138345823475913 -122.22741562304776 49.443725182563355
vertex 16.857286687784953 -122.22741562304503 49.482193941866505
endloop
endfacet
facet normal -1.004330099102005e-12 1.0 -2.337849386325399e-13
outer loop
vertex 16.857286687784953 -122.22741562304503 49.482193941866505
vertex 14.138345823475913 -122.22741562304776 49.443725182563355
vertex 14.93565125421066 -122.22741562304687 49.89395582955161
endloop
endfacet
facet normal -1.004330099102005e-12 1.0 -2.337849386325399e-13
outer loop
vertex 16.857286687784953 -122.22741562304503 49.482193941866505
vertex 14.93565125421066 -122.22741562304687 49.89395582955161
vertex 17.63635238318039 -122.22741562304422 49.57720248539639
endloop
endfacet
facet normal -1.004330099102005e-12 1.0 -2.337849386325399e-13
outer loop
vertex 17.63635238318039 -122.22741562304422 49.57720248539639
vertex 14.93565125421066 -122.22741562304687 49.89395582955161
vertex 21.127410730736617 -122.22741562304066 49.834841178269
endloop
endfacet
facet normal -1.004330099102005e-12 1.0 -2.337849386325399e-13
outer loop
vertex 21.127410730736617 -122.22741562304066 49.834841178269
vertex 14.93565125421066 -122.22741562304687 49.89395582955161
vertex 20.284849949676502 -122.22741562304142 50.19330305293066
endloop
endfacet
facet normal -1.004330099102005e-12 1.0 -2.337849386325399e-13
outer loop
vertex 20.284849949676502 -122.22741562304142 50.19330305293066
vertex 14.93565125421066 -122.22741562304687 49.89395582955161
vertex 15.784902518430203 -122.22741562304594 50.236265449030945
endloop
endfacet
facet normal -1.004330099102005e-12 1.0 -2.337849386325399e-13
outer loop
vertex 20.284849949676502 -122.22741562304142 50.19330305293066
vertex 15.784902518430203 -122.22741562304594 50.236265449030945
vertex 19.40270872934371 -122.22741562304223 50.43872198609666
endloop
endfacet
facet normal -1.004330099102005e-12 1.0 -2.337849386325399e-13
outer loop
vertex 19.40270872934371 -122.22741562304223 50.43872198609666
vertex 15.784902518430203 -122.22741562304594 50.236265449030945
vertex 16.67156869154681 -122.22741562304499 50.46479702850591
endloop
endfacet
facet normal -1.004330099102005e-12 1.0 -2.337849386325399e-13
outer loop
vertex 19.40270872934371 -122.22741562304223 50.43872198609666
vertex 16.67156869154681 -122.22741562304499 50.46479702850591
vertex 18.49608075059387 -122.22741562304311 50.56689879177754
endloop
endfacet
facet normal -1.004330099102005e-12 1.0 -2.337849386325399e-13
outer loop
vertex 18.49608075059387 -122.22741562304311 50.56689879177754
vertex 16.67156869154681 -122.22741562304499 50.46479702850591
vertex 17.580478669508157 -122.22741562304404 50.57564032929078
endloop
endfacet
facet normal -1.004330099102005e-12 1.0 -2.337849386325399e-13
outer loop
vertex 17.447108579833763 -122.22741562304745 36.6062520522826
vertex 19.271620638880822 -122.22741562304557 36.708353815554226
vertex 18.362710660919472 -122.22741562304653 36.597510514769354
endloop
endfacet
facet normal -1.004330099102005e-12 1.0 -2.337849386325399e-13
outer loop
vertex 19.271620638880822 -122.22741562304557 36.708353815554226
vertex 17.447108579833763 -122.22741562304745 36.6062520522826
vertex 16.54048060108389 -122.22741562304833 36.73442885796347
endloop
endfacet
facet normal -1.004330099102005e-12 1.0 -2.337849386325399e-13
outer loop
vertex 19.271620638880822 -122.22741562304557 36.708353815554226
vertex 16.54048060108389 -122.22741562304833 36.73442885796347
vertex 20.15828681199743 -122.22741562304464 36.93688539502919
endloop
endfacet
facet normal -1.004330099102005e-12 1.0 -2.337849386325399e-13
outer loop
vertex 20.15828681199743 -122.22741562304464 36.93688539502919
vertex 16.54048060108389 -122.22741562304833 36.73442885796347
vertex 15.658339380751089 -122.22741562304914 36.97984779112947
endloop
endfacet
facet normal -1.004330099102005e-12 1.0 -2.337849386325399e-13
outer loop
vertex 20.15828681199743 -122.22741562304464 36.93688539502919
vertex 15.658339380751089 -122.22741562304914 36.97984779112947
vertex 21.007538076216964 -122.22741562304371 37.27919501450854
endloop
endfacet
facet normal -1.004330099102005e-12 1.0 -2.337849386325399e-13
outer loop
vertex 21.007538076216964 -122.22741562304371 37.27919501450854
vertex 15.658339380751089 -122.22741562304914 36.97984779112947
vertex 14.815778599690974 -122.22741562304991 37.33830966579114
endloop
endfacet
facet normal -1.004330099102005e-12 1.0 -2.337849386325399e-13
outer loop
vertex 21.007538076216964 -122.22741562304371 37.27919501450854
vertex 14.815778599690974 -122.22741562304991 37.33830966579114
vertex 21.80484350695171 -122.2274156230428 37.7294256614968
endloop
endfacet
facet normal -1.004330099102005e-12 1.0 -2.337849386325399e-13
outer loop
vertex 21.80484350695171 -122.2274156230428 37.7294256614968
vertex 14.815778599690974 -122.22741562304991 37.33830966579114
vertex 18.306836947247234 -122.22741562304634 37.59594835866375
endloop
endfacet
facet normal -1.004330099102005e-12 1.0 -2.337849386325399e-13
outer loop
vertex 21.80484350695171 -122.2274156230428 37.7294256614968
vertex 18.306836947247234 -122.22741562304634 37.59594835866375
vertex 19.08590264264267 -122.22741562304553 37.690956902193626
endloop
endfacet
facet normal -1.004330099102005e-12 1.0 -2.337849386325399e-13
outer loop
vertex 21.80484350695171 -122.2274156230428 37.7294256614968
vertex 19.08590264264267 -122.22741562304553 37.690956902193626
vertex 19.845902219599765 -122.22741562304475 37.88684111317218
endloop
endfacet
facet normal -1.004330099102005e-12 1.0 -2.337849386325399e-13
outer loop
vertex 21.80484350695171 -122.2274156230428 37.7294256614968
vertex 19.845902219599765 -122.22741562304475 37.88684111317218
vertex 22.53656098722696 -122.22741562304195 38.27987376479648
endloop
endfacet
facet normal -1.004330099102005e-12 1.0 -2.337849386325399e-13
outer loop
vertex 22.53656098722696 -122.22741562304195 38.27987376479648
vertex 19.845902219599765 -122.22741562304475 37.88684111317218
vertex 20.573831874645084 -122.22741562304392 38.18024935844018
endloop
endfacet
facet normal -1.004330099102005e-12 1.0 -2.337849386325399e-13
outer loop
vertex 22.53656098722696 -122.22741562304195 38.27987376479648
vertex 20.573831874645084 -122.22741562304392 38.18024935844018
vertex 21.25723652956058 -122.22741562304317 38.56616134157297
endloop
endfacet
facet normal -1.004330099102005e-12 1.0 -2.337849386325399e-13
outer loop
vertex 22.53656098722696 -122.22741562304195 38.27987376479648
vertex 21.25723652956058 -122.22741562304317 38.56616134157297
vertex 23.19017062808479 -122.22741562304114 38.92112100474709
endloop
endfacet
facet normal -1.004330099102005e-12 1.0 -2.337849386325399e-13
outer loop
vertex 23.19017062808479 -122.22741562304114 38.92112100474709
vertex 21.25723652956058 -122.22741562304317 38.56616134157297
vertex 21.88442294122508 -122.22741562304242 39.03797400154413
endloop
endfacet
facet normal -1.004330099102005e-12 1.0 -2.337849386325399e-13
outer loop
vertex 23.19017062808479 -122.22741562304114 38.92112100474709
vertex 21.88442294122508 -122.22741562304242 39.03797400154413
vertex 23.754488987355284 -122.22741562304041 39.64219546328576
endloop
endfacet
facet normal -1.004330099102005e-12 1.0 -2.337849386325399e-13
outer loop
vertex 23.754488987355284 -122.22741562304041 39.64219546328576
vertex 21.88442294122508 -122.22741562304242 39.03797400154413
vertex 22.44465977624607 -122.22741562304172 39.58761449293038
endloop
endfacet
facet normal -1.004330099102005e-12 1.0 -2.337849386325399e-13
outer loop
vertex 23.754488987355284 -122.22741562304041 39.64219546328576
vertex 22.44465977624607 -122.22741562304172 39.58761449293038
vertex 22.928361227049365 -122.22741562304108 40.20567831453494
endloop
endfacet
facet normal -1.004330099102005e-12 1.0 -2.337849386325399e-13
outer loop
vertex 23.754488987355284 -122.22741562304041 39.64219546328576
vertex 22.928361227049365 -122.22741562304108 40.20567831453494
vertex 24.21986042145274 -122.22741562303976 40.43075935650726
endloop
endfacet
facet normal -1.004330099102005e-12 1.0 -2.337849386325399e-13
outer loop
vertex 24.21986042145274 -122.22741562303976 40.43075935650726
vertex 22.928361227049365 -122.22741562304108 40.20567831453494
vertex 23.327251027704317 -122.22741562304053 40.88159022301052
endloop
endfacet
facet normal -1.004330099102005e-12 1.0 -2.337849386325399e-13
outer loop
vertex 24.21986042145274 -122.22741562303976 40.43075935650726
vertex 23.327251027704317 -122.22741562304053 40.88159022301052
vertex 24.5783222961144 -122.22741562303919 41.273320137567374
endloop
endfacet
facet normal -1.004330099102005e-12 1.0 -2.337849386325399e-13
outer loop
vertex 24.5783222961144 -122.22741562303919 41.273320137567374
vertex 23.327251027704317 -122.22741562304053 40.88159022301052
vertex 23.634504063128603 -122.22741562304005 41.6037851782049
endloop
endfacet
facet normal -1.004330099102005e-12 1.0 -2.337849386325399e-13
outer loop
vertex 24.5783222961144 -122.22741562303919 41.273320137567374
vertex 23.634504063128603 -122.22741562304005 41.6037851782049
vertex 24.823741229280394 -122.22741562303872 42.15546135790017
endloop
endfacet
facet normal -1.004330099102005e-12 1.0 -2.337849386325399e-13
outer loop
vertex 24.823741229280394 -122.22741562303872 42.15546135790017
vertex 23.634504063128603 -122.22741562304005 41.6037851782049
vertex 23.844863148699453 -122.22741562303969 42.359906224204444
endloop
endfacet
facet normal -1.004330099102005e-12 1.0 -2.337849386325399e-13
outer loop
vertex 24.823741229280394 -122.22741562303872 42.15546135790017
vertex 23.844863148699453 -122.22741562303969 42.359906224204444
vertex 24.951918034961274 -122.22741562303841 43.06208933665001
endloop
endfacet
facet normal -1.004330099102005e-12 1.0 -2.337849386325399e-13
outer loop
vertex 24.951918034961274 -122.22741562303841 43.06208933665001
vertex 23.844863148699453 -122.22741562303969 42.359906224204444
vertex 23.954728982140203 -122.22741562303938 43.137015920275736
endloop
endfacet
facet normal -1.004330099102005e-12 1.0 -2.337849386325399e-13
outer loop
vertex 24.951918034961274 -122.22741562303841 43.06208933665001
vertex 23.954728982140203 -122.22741562303938 43.137015920275736
vertex 24.960659572474512 -122.22741562303818 43.97769141773573
endloop
endfacet
facet normal -1.004330099102005e-12 1.0 -2.337849386325399e-13
outer loop
vertex 24.960659572474512 -122.22741562303818 43.97769141773573
vertex 23.954728982140203 -122.22741562303938 43.137015920275736
vertex 23.962221728580126 -122.22741562303919 43.921817704063486
endloop
endfacet
facet normal -1.004330099102005e-12 1.0 -2.337849386325399e-13
outer loop
vertex 24.960659572474512 -122.22741562303818 43.97769141773573
vertex 23.962221728580126 -122.22741562303919 43.921817704063486
vertex 23.867213185050243 -122.22741562303911 44.70088339945893
endloop
endfacet
facet normal -1.004330099102005e-12 1.0 -2.337849386325399e-13
outer loop
vertex 24.960659572474512 -122.22741562303818 43.97769141773573
vertex 23.867213185050243 -122.22741562303911 44.70088339945893
vertex 24.849816271689644 -122.22741562303807 44.88660139569707
endloop
endfacet
facet normal -1.004330099102005e-12 1.0 -2.337849386325399e-13
outer loop
vertex 24.849816271689644 -122.22741562303807 44.88660139569707
vertex 23.867213185050243 -122.22741562303911 44.70088339945893
vertex 23.671328974071695 -122.22741562303912 45.46088297641602
endloop
endfacet
facet normal -1.004330099102005e-12 1.0 -2.337849386325399e-13
outer loop
vertex 24.849816271689644 -122.22741562303807 44.88660139569707
vertex 23.671328974071695 -122.22741562303912 45.46088297641602
vertex 24.621284692214676 -122.22741562303808 45.77326756881368
endloop
endfacet
facet normal -1.004330099102005e-12 1.0 -2.337849386325399e-13
outer loop
vertex 24.621284692214676 -122.22741562303808 45.77326756881368
vertex 23.671328974071695 -122.22741562303912 45.46088297641602
vertex 23.377920728803684 -122.22741562303924 46.18881263146134
endloop
endfacet
facet normal -1.004330099102005e-12 1.0 -2.337849386325399e-13
outer loop
vertex 24.621284692214676 -122.22741562303808 45.77326756881368
vertex 23.377920728803684 -122.22741562303924 46.18881263146134
vertex 24.278975072735342 -122.22741562303824 46.62251883303322
endloop
endfacet
facet normal -1.004330099102005e-12 1.0 -2.337849386325399e-13
outer loop
vertex 24.278975072735342 -122.22741562303824 46.62251883303322
vertex 23.377920728803684 -122.22741562303924 46.18881263146134
vertex 22.9920087456709 -122.22741562303946 46.87221728637684
endloop
endfacet
facet normal -1.004330099102005e-12 1.0 -2.337849386325399e-13
outer loop
vertex 24.278975072735342 -122.22741562303824 46.62251883303322
vertex 22.9920087456709 -122.22741562303946 46.87221728637684
vertex 23.828744425747086 -122.22741562303851 47.419824263767964
endloop
endfacet
facet normal -1.004330099102005e-12 1.0 -2.337849386325399e-13
outer loop
vertex 23.828744425747086 -122.22741562303851 47.419824263767964
vertex 22.9920087456709 -122.22741562303946 46.87221728637684
vertex 22.520196085699737 -122.2274156230398 47.499403698041334
endloop
endfacet
facet normal -1.004330099102005e-12 1.0 -2.337849386325399e-13
outer loop
vertex 23.828744425747086 -122.22741562303851 47.419824263767964
vertex 22.520196085699737 -122.2274156230398 47.499403698041334
vertex 23.2782963224474 -122.22741562303888 48.15154174404321
endloop
endfacet
facet normal -1.004330099102005e-12 1.0 -2.337849386325399e-13
outer loop
vertex 23.2782963224474 -122.22741562303888 48.15154174404321
vertex 22.520196085699737 -122.2274156230398 47.499403698041334
vertex 21.970555594313502 -122.22741562304023 48.05964053306233
endloop
endfacet
facet normal -1.004330099102005e-12 1.0 -2.337849386325399e-13
outer loop
vertex 23.2782963224474 -122.22741562303888 48.15154174404321
vertex 21.970555594313502 -122.22741562304023 48.05964053306233
vertex 21.352491772708934 -122.22741562304073 48.54334198386562
endloop
endfacet
facet normal -1.004330099102005e-12 1.0 -2.337849386325399e-13
outer loop
vertex 23.2782963224474 -122.22741562303888 48.15154174404321
vertex 21.352491772708934 -122.22741562304073 48.54334198386562
vertex 22.637049082496784 -122.22741562303938 48.80515138490104
endloop
endfacet
facet normal -1.004330099102005e-12 1.0 -2.337849386325399e-13
outer loop
vertex 22.637049082496784 -122.22741562303938 48.80515138490104
vertex 21.352491772708934 -122.22741562304073 48.54334198386562
vertex 20.67657986423336 -122.22741562304131 48.94223178452058
endloop
endfacet
facet normal -1.004330099102005e-12 1.0 -2.337849386325399e-13
outer loop
vertex 22.637049082496784 -122.22741562303938 48.80515138490104
vertex 20.67657986423336 -122.22741562304131 48.94223178452058
vertex 21.91597462395812 -122.22741562303996 49.369469744171546
endloop
endfacet
facet normal -1.004330099102005e-12 1.0 -2.337849386325399e-13
outer loop
vertex 21.91597462395812 -122.22741562303996 49.369469744171546
vertex 20.67657986423336 -122.22741562304131 48.94223178452058
vertex 19.95438490903898 -122.22741562304196 49.24948481994486
endloop
endfacet
facet normal -1.004330099102005e-12 1.0 -2.337849386325399e-13
outer loop
vertex 21.91597462395812 -122.22741562303996 49.369469744171546
vertex 19.95438490903898 -122.22741562304196 49.24948481994486
vertex 19.198263863039436 -122.22741562304269 49.45984390551571
endloop
endfacet
facet normal -1.004330099102005e-12 1.0 -2.337849386325399e-13
outer loop
vertex 21.91597462395812 -122.22741562303996 49.369469744171546
vertex 19.198263863039436 -122.22741562304269 49.45984390551571
vertex 21.127410730736617 -122.22741562304066 49.834841178269
endloop
endfacet
facet normal -1.004330099102005e-12 1.0 -2.337849386325399e-13
outer loop
vertex 21.127410730736617 -122.22741562304066 49.834841178269
vertex 19.198263863039436 -122.22741562304269 49.45984390551571
vertex 18.42115416696814 -122.22741562304344 49.56970973895647
endloop
endfacet
facet normal -1.004330099102005e-12 1.0 -2.337849386325399e-13
outer loop
vertex 21.127410730736617 -122.22741562304066 49.834841178269
vertex 18.42115416696814 -122.22741562304344 49.56970973895647
vertex 17.63635238318039 -122.22741562304422 49.57720248539639
endloop
endfacet
facet normal 0.9914448632377609 3.4427083678221997e-13 -0.1305261780619414
outer loop
vertex 5.971594665226249 -128.22741562304628 43.38994483158078
vertex 6.405489515302618 -135.22741562304628 46.685703787205604
vertex 5.971594665229556 -135.2274156230463 43.389944831587435
endloop
endfacet
facet normal 0.9659258298243579 2.1027920337498634e-13 -0.2588190319086405
outer loop
vertex 6.405489515302618 -135.22741562304628 46.685703787205604
vertex 5.971594665226249 -128.22741562304628 43.38994483158078
vertex 6.40548951529931 -128.22741562304626 46.685703787198946
endloop
endfacet
facet normal 0.9659258298243579 2.1027920337498634e-13 -0.2588190319086405
outer loop
vertex 6.405489515302618 -135.22741562304628 46.685703787205604
vertex 7.601708442894129 -128.2274156230464 49.57363185226819
vertex 7.601708442897436 -135.22741562304643 49.57363185227485
endloop
endfacet
facet normal 0.8660254099933021 -6.614367425841693e-14 -0.49999998924593303
outer loop
vertex 7.601708442894129 -128.2274156230464 49.57363185226819
vertex 6.405489515302618 -135.22741562304628 46.685703787205604
vertex 6.40548951529931 -128.22741562304626 46.685703787198946
endloop
endfacet
facet normal 0.8660254099932092 -6.614367425861373e-14 -0.49999998924609396
outer loop
vertex 7.601708442897436 -135.22741562304643 49.57363185227485
vertex 9.504617986159218 -128.22741562304662 52.05355191184694
vertex 9.504617986162526 -135.22741562304662 52.053551911853596
endloop
endfacet
facet normal 0.7071067890891459 -3.38058969756372e-13 -0.707106773283949
outer loop
vertex 9.504617986159218 -128.22741562304662 52.05355191184694
vertex 7.601708442897436 -135.22741562304643 49.57363185227485
vertex 7.601708442894129 -128.2274156230464 49.57363185226819
endloop
endfacet
facet normal 0.5000000086032631 -5.869361049169975e-13 -0.8660253988173423
outer loop
vertex 11.984538003204626 -128.22741562304702 53.95646151054256
vertex 9.504617986162526 -135.22741562304662 52.053551911853596
vertex 9.504617986159218 -128.22741562304662 52.05355191184694
endloop
endfacet
facet normal 0.7071067890890163 -3.3805896975655676e-13 -0.7071067732840789
outer loop
vertex 9.504617986162526 -135.22741562304662 52.053551911853596
vertex 11.984538003204626 -128.22741562304702 53.95646151054256
vertex 11.984538003207934 -135.22741562304702 53.95646151054921
endloop
endfacet
facet normal 0.25881905349874995 -7.958145141080339e-13 -0.9659258240393055
outer loop
vertex 14.872466041536255 -128.22741562304745 55.152680502687595
vertex 11.984538003207934 -135.22741562304702 53.95646151054921
vertex 11.984538003204626 -128.22741562304702 53.95646151054256
endloop
endfacet
facet normal 0.500000008603117 -5.869361049171467e-13 -0.8660253988174269
outer loop
vertex 11.984538003207934 -135.22741562304702 53.95646151054921
vertex 14.872466041536255 -128.22741562304745 55.152680502687595
vertex 14.872466041539562 -135.22741562304745 55.152680502694245
endloop
endfacet
facet normal 7.450634420373466e-09 -9.504594787967348e-13 -1.0
outer loop
vertex 17.97159457601225 -128.22741562304796 55.56068854004378
vertex 14.872466041539562 -135.22741562304745 55.152680502694245
vertex 14.872466041536255 -128.22741562304745 55.152680502687595
endloop
endfacet
facet normal 0.2588190534986126 -7.958145141081336e-13 -0.9659258240393422
outer loop
vertex 14.872466041539562 -135.22741562304745 55.152680502694245
vertex 17.97159457601225 -128.22741562304796 55.56068854004378
vertex 17.97159457601556 -135.22741562304796 55.560688540050435
endloop
endfacet
facet normal -0.2588190391052352 -1.040332200103045e-12 -0.9659258278960363
outer loop
vertex 21.070723116568047 -128.22741562304847 55.15268054886821
vertex 17.97159457601556 -135.22741562304796 55.560688540050435
vertex 17.97159457601225 -128.22741562304796 55.56068854004378
endloop
endfacet
facet normal 7.450528066278031e-09 -9.504594787967853e-13 -1.0
outer loop
vertex 17.97159457601556 -135.22741562304796 55.560688540050435
vertex 21.070723116568047 -128.22741562304847 55.15268054886821
vertex 21.07072311657135 -135.2274156230485 55.15268054887486
endloop
endfacet
facet normal -0.49999999569840065 -1.0593080005338594e-12 -0.8660254062679683
outer loop
vertex 23.95865117272472 -128.22741562304896 53.95646159975665
vertex 21.07072311657135 -135.2274156230485 55.15268054887486
vertex 21.070723116568047 -128.22741562304847 55.15268054886821
endloop
endfacet
facet normal -0.2588190391052945 -1.0403322001030578e-12 -0.9659258278960203
outer loop
vertex 21.07072311657135 -135.2274156230485 55.15268054887486
vertex 23.95865117272472 -128.22741562304896 53.95646159975665
vertex 23.958651172728032 -135.22741562304896 53.95646159976331
endloop
endfacet
facet normal -0.7071067785523819 -1.0060937106366132e-12 -0.7071067838207131
outer loop
vertex 26.438571218125695 -128.2274156230494 52.05355203801472
vertex 23.958651172728032 -135.22741562304896 53.95646159976331
vertex 23.95865117272472 -128.22741562304896 53.95646159975665
endloop
endfacet
facet normal -0.49999999569841264 -1.0593080005338586e-12 -0.8660254062679614
outer loop
vertex 23.958651172728032 -135.22741562304896 53.95646159976331
vertex 26.438571218125695 -128.2274156230494 52.05355203801472
vertex 26.438571218129 -135.2274156230494 52.05355203802138
endloop
endfacet
facet normal -0.7071067785523575 -1.0060937106366247e-12 -0.7071067838207375
outer loop
vertex 26.438571218129 -135.2274156230494 52.05355203802138
vertex 28.341480798344488 -128.22741562304975 49.57363200679151
vertex 28.341480798347792 -135.22741562304978 49.57363200679817
endloop
endfacet
facet normal -0.8660254025426956 -8.843157963612388e-13 -0.5000000021507622
outer loop
vertex 28.341480798344488 -128.22741562304975 49.57363200679151
vertex 26.438571218129 -135.2274156230494 52.05355203802138
vertex 26.438571218125695 -128.2274156230494 52.05355203801472
endloop
endfacet
facet normal -0.8660254025426545 -8.843157963612867e-13 -0.5000000021508331
outer loop
vertex 28.341480798347792 -135.22741562304978 49.57363200679817
vertex 29.537699768972768 -128.22741562304998 46.68570395954737
vertex 29.537699768976076 -135.22741562305 46.685703959554026
endloop
endfacet
facet normal -0.9659258259676915 -7.022732213963661e-13 -0.2588190463019157
outer loop
vertex 29.537699768972768 -128.22741562304998 46.68570395954737
vertex 28.341480798347792 -135.22741562304978 49.57363200679817
vertex 28.341480798344488 -128.22741562304975 49.57363200679151
endloop
endfacet
facet normal -0.9659258259676612 -7.022732213964587e-13 -0.2588190463020283
outer loop
vertex 29.537699768976076 -135.22741562305 46.685703959554026
vertex 29.971594665226448 -128.22741562305038 43.389945032650395
vertex 29.971594665229752 -135.22741562305038 43.38994503265705
endloop
endfacet
facet normal -0.9914448612927693 -5.923905371641742e-13 -0.13052619283561948
outer loop
vertex 29.971594665226448 -128.22741562305038 43.389945032650395
vertex 29.537699768976076 -135.22741562305 46.685703959554026
vertex 29.537699768972768 -128.22741562304998 46.68570395954737
endloop
endfacet
facet normal -1.0 -4.721429596496077e-13 -1.687118545341491e-13
outer loop
vertex 29.971594665229752 -135.22741562305038 43.38994503265705
vertex 29.97159466523246 -128.22741562306578 7.78765363229145
vertex 29.971594665235763 -135.22741562306578 7.787653632298103
endloop
endfacet
facet normal -1.0 -4.721429596496077e-13 -1.687118545341491e-13
outer loop
vertex 29.97159466523246 -128.22741562306578 7.78765363229145
vertex 29.971594665229752 -135.22741562305038 43.38994503265705
vertex 29.971594665226448 -128.22741562305038 43.389945032650395
endloop
endfacet
facet normal -1.0335911890772356e-13 1.0582427791214695e-12 1.0
outer loop
vertex 7.971594665217281 -135.22741562310438 3.2876536322664767
vertex 12.633609761777338 -128.22741562310347 3.2876536322595507
vertex 7.971594665213972 -128.22741562310435 3.2876536322598238
endloop
endfacet
facet normal -1.0335911890772356e-13 1.0582427791214695e-12 1.0
outer loop
vertex 12.633609761777338 -128.22741562310347 3.2876536322595507
vertex 7.971594665217281 -135.22741562310438 3.2876536322664767
vertex 12.633609761786063 -135.2274156230868 3.287653632267713
endloop
endfacet
facet normal 1.0 -1.175061604049169e-13 1.1238029601675777e-12
outer loop
vertex 7.971594665217281 -135.22741562310438 3.2876536322664767
vertex 7.971594665186312 -113.22741562308302 7.787653632245155
vertex 7.971594665197535 -135.22741562312555 7.787653632266502
endloop
endfacet
facet normal 1.0 -1.175061604049169e-13 1.1238029601675777e-12
outer loop
vertex 7.971594665186312 -113.22741562308302 7.787653632245155
vertex 7.971594665217281 -135.22741562310438 3.2876536322664767
vertex 7.971594665213972 -128.22741562310435 3.2876536322598238
endloop
endfacet
facet normal 1.0 -1.175061604049169e-13 1.1238029601675777e-12
outer loop
vertex 7.971594665186312 -113.22741562308302 7.787653632245155
vertex 7.971594665213972 -128.22741562310435 3.2876536322598238
vertex 7.971594665216626 -128.22741562309741 0.2876536322624775
endloop
endfacet
facet normal 1.0 -1.175061604049169e-13 1.1238029601675777e-12
outer loop
vertex 7.971594665186312 -113.22741562308302 7.787653632245155
vertex 7.971594665216626 -128.22741562309741 0.2876536322624775
vertex 7.971594665186312 -113.22741562309741 0.2876536322204486
endloop
endfacet
facet normal 1.0 4.723443858264222e-13 -3.6823540664846657e-13
outer loop
vertex 5.971594665213138 -128.22741562309895 7.787653632284345
vertex 5.971594665229556 -135.2274156230463 43.389944831587435
vertex 5.971594665216444 -135.22741562309895 7.787653632290999
endloop
endfacet
facet normal 1.0 4.723443858264222e-13 -3.6823540664846657e-13
outer loop
vertex 5.971594665229556 -135.2274156230463 43.389944831587435
vertex 5.971594665213138 -128.22741562309895 7.787653632284345
vertex 5.971594665226249 -128.22741562304628 43.38994483158078
endloop
endfacet
facet normal 0.9538101833763649 0.22485950669933863 -0.19920927773192584
outer loop
vertex 24.823741229280394 -122.22741562303872 42.15546135790017
vertex 27.94348519343382 -135.22741562303537 42.83730958578096
vertex 27.760375471032553 -135.22741562303585 41.542126758995416
endloop
endfacet
facet normal 0.9716522335117476 0.2248595066994276 -0.07300780340842122
outer loop
vertex 27.94348519343382 -135.22741562303537 42.83730958578096
vertex 24.823741229280394 -122.22741562303872 42.15546135790017
vertex 24.951918034961274 -122.22741562303841 43.06208933665001
endloop
endfacet
facet normal 0.9716522335117452 0.22485950669942756 -0.07300780340845048
outer loop
vertex 24.951918034961274 -122.22741562303841 43.06208933665001
vertex 27.955973104167008 -135.22741562303503 44.145312558760544
vertex 27.94348519343382 -135.22741562303537 42.83730958578096
endloop
endfacet
facet normal 0.9728690445388394 0.22485950669950508 0.054442854672960686
outer loop
vertex 27.955973104167008 -135.22741562303503 44.145312558760544
vertex 24.951918034961274 -122.22741562303841 43.06208933665001
vertex 24.960659572474512 -122.22741562303818 43.97769141773573
endloop
endfacet
facet normal 0.9728690445388413 0.22485950669950508 0.054442854672928906
outer loop
vertex 24.960659572474512 -122.22741562303818 43.97769141773573
vertex 27.79762553161719 -135.22741562303491 45.4437553844196
vertex 27.955973104167008 -135.22741562303503 44.145312558760544
endloop
endfacet
facet normal 0.9574397964836096 0.22485950669956953 0.18096198041646916
outer loop
vertex 27.79762553161719 -135.22741562303491 45.4437553844196
vertex 24.960659572474512 -122.22741562303818 43.97769141773573
vertex 24.849816271689644 -122.22741562303807 44.88660139569707
endloop
endfacet
facet normal 0.9574397964836096 0.22485950669956953 0.18096198041646916
outer loop
vertex 27.79762553161719 -135.22741562303491 45.4437553844196
vertex 24.621284692214676 -122.22741562303808 45.77326756881368
vertex 27.47115184665295 -135.22741562303494 46.71042134601476
endloop
endfacet
facet normal 0.9256284880580913 0.22485950669962038 0.3043847965028733
outer loop
vertex 24.621284692214676 -122.22741562303808 45.77326756881368
vertex 27.79762553161719 -135.22741562303491 45.4437553844196
vertex 24.849816271689644 -122.22741562303807 44.88660139569707
endloop
endfacet
facet normal 0.9256284880580797 0.22485950669962038 0.30438479650290823
outer loop
vertex 27.47115184665295 -135.22741562303494 46.71042134601476
vertex 24.278975072735342 -122.22741562303824 46.62251883303322
vertex 26.982138104539597 -135.22741562303514 47.92363743775696
endloop
endfacet
facet normal 0.8779794195691876 0.2248595066996565 0.4225995043297376
outer loop
vertex 24.278975072735342 -122.22741562303824 46.62251883303322
vertex 27.47115184665295 -135.22741562303494 46.71042134601476
vertex 24.621284692214676 -122.22741562303808 45.77326756881368
endloop
endfacet
facet normal 0.877979419569171 0.2248595066996565 0.4225995043297718
outer loop
vertex 26.982138104539597 -135.22741562303514 47.92363743775696
vertex 23.828744425747086 -122.22741562303851 47.419824263767964
vertex 26.33895146598494 -135.22741562303554 49.06264519594945
endloop
endfacet
facet normal 0.8153078797895711 0.22485950669967714 0.5335834174707947
outer loop
vertex 23.828744425747086 -122.22741562303851 47.419824263767964
vertex 26.982138104539597 -135.22741562303514 47.92363743775696
vertex 24.278975072735342 -122.22741562303824 46.62251883303322
endloop
endfacet
facet normal 0.8153078797895502 0.22485950669967708 0.5335834174708264
outer loop
vertex 26.33895146598494 -135.22741562303554 49.06264519594945
vertex 23.2782963224474 -122.22741562303888 48.15154174404321
vertex 25.552597032699676 -135.22741562303608 50.10795588205694
endloop
endfacet
facet normal 0.7386861961407032 0.22485950669968213 0.6354375704016519
outer loop
vertex 23.2782963224474 -122.22741562303888 48.15154174404321
vertex 26.33895146598494 -135.22741562303554 49.06264519594945
vertex 23.828744425747086 -122.22741562303851 47.419824263767964
endloop
endfacet
facet normal 0.7386861961406785 0.2248595066996822 0.6354375704016807
outer loop
vertex 25.552597032699676 -135.22741562303608 50.10795588205694
vertex 22.637049082496784 -122.22741562303938 48.80515138490104
vertex 24.636529547055932 -135.2274156230368 51.04168394042527
endloop
endfacet
facet normal 0.6494253868733582 0.22485950669967136 0.726419210326358
outer loop
vertex 22.637049082496784 -122.22741562303938 48.80515138490104
vertex 25.552597032699676 -135.22741562303608 50.10795588205694
vertex 23.2782963224474 -122.22741562303888 48.15154174404321
endloop
endfacet
facet normal 0.5490527291818462 0.22485950669964483 0.8049716161609419
outer loop
vertex 23.606423177714984 -135.22741562303767 51.84785302509741
vertex 22.637049082496784 -122.22741562303938 48.80515138490104
vertex 21.91597462395812 -122.22741562303996 49.369469744171546
endloop
endfacet
facet normal 0.6494253868733582 0.22485950669967136 0.726419210326358
outer loop
vertex 22.637049082496784 -122.22741562303938 48.80515138490104
vertex 23.606423177714984 -135.22741562303767 51.84785302509741
vertex 24.636529547055932 -135.2274156230368 51.04168394042527
endloop
endfacet
facet normal 0.4392856270678874 0.2248595066996031 0.8697507344626875
outer loop
vertex 22.479903330255688 -135.22741562303864 52.51266935952234
vertex 21.91597462395812 -122.22741562303996 49.369469744171546
vertex 21.127410730736617 -122.22741562304066 49.834841178269
endloop
endfacet
facet normal 0.5490527291818766 0.22485950669964483 0.8049716161609213
outer loop
vertex 21.91597462395812 -122.22741562303996 49.369469744171546
vertex 22.479903330255688 -135.22741562303864 52.51266935952234
vertex 23.606423177714984 -135.22741562303767 51.84785302509741
endloop
endfacet
facet normal 0.3220022260818101 0.2248595066995471 0.9196481765573156
outer loop
vertex 21.27624507159838 -135.22741562303975 53.02475775189613
vertex 21.127410730736617 -122.22741562304066 49.834841178269
vertex 20.284849949676502 -122.22741562304142 50.19330305293066
endloop
endfacet
facet normal 0.43928562706791857 0.2248595066996032 0.8697507344626717
outer loop
vertex 21.127410730736617 -122.22741562304066 49.834841178269
vertex 21.27624507159838 -135.22741562303975 53.02475775189613
vertex 22.479903330255688 -135.22741562303864 52.51266935952234
endloop
endfacet
facet normal 0.19920927773158792 0.2248595066994775 0.9538101833764026
outer loop
vertex 20.016043328265813 -135.22741562304094 53.37535622784756
vertex 20.284849949676502 -122.22741562304142 50.19330305293066
vertex 19.40270872934371 -122.22741562304223 50.43872198609666
endloop
endfacet
facet normal 0.32200222608184026 0.22485950669954716 0.919648176557305
outer loop
vertex 20.284849949676502 -122.22741562304142 50.19330305293066
vertex 20.016043328265813 -135.22741562304094 53.37535622784756
vertex 21.27624507159838 -135.22741562303975 53.02475775189613
endloop
endfacet
facet normal 0.07300780340813312 0.22485950669939556 0.9716522335117765
outer loop
vertex 18.72086050148032 -135.2274156230422 53.5584659502488
vertex 19.40270872934371 -122.22741562304223 50.43872198609666
vertex 18.49608075059387 -122.22741562304311 50.56689879177754
endloop
endfacet
facet normal 0.19920927773161592 0.2248595066994775 0.9538101833763968
outer loop
vertex 19.40270872934371 -122.22741562304223 50.43872198609666
vertex 18.72086050148032 -135.2274156230422 53.5584659502488
vertex 20.016043328265813 -135.22741562304094 53.37535622784756
endloop
endfacet
facet normal 0.07300780340813312 0.22485950669939556 0.9716522335117765
outer loop
vertex 18.72086050148032 -135.2274156230422 53.5584659502488
vertex 17.580478669508157 -122.22741562304404 50.57564032929078
vertex 17.412857528500737 -135.22741562304353 53.570953860982
endloop
endfacet
facet normal -0.05444285467320045 0.224859506699303 0.9728690445388728
outer loop
vertex 17.580478669508157 -122.22741562304404 50.57564032929078
vertex 18.72086050148032 -135.2274156230422 53.5584659502488
vertex 18.49608075059387 -122.22741562304311 50.56689879177754
endloop
endfacet
facet normal -0.05444285467322246 0.22485950669930296 0.9728690445388715
outer loop
vertex 17.412857528500737 -135.22741562304353 53.570953860982
vertex 16.67156869154681 -122.22741562304499 50.46479702850591
vertex 16.114414702841675 -135.2274156230449 53.412606288432194
endloop
endfacet
facet normal -0.18096198041669537 0.22485950669920116 0.9574397964836535
outer loop
vertex 16.67156869154681 -122.22741562304499 50.46479702850591
vertex 17.412857528500737 -135.22741562304353 53.570953860982
vertex 17.580478669508157 -122.22741562304404 50.57564032929078
endloop
endfacet
facet normal -0.1809619804167124 0.2248595066992011 0.9574397964836501
outer loop
vertex 16.114414702841675 -135.2274156230449 53.412606288432194
vertex 15.784902518430203 -122.22741562304594 50.236265449030945
vertex 14.84774874124652 -135.22741562304623 53.086132603467945
endloop
endfacet
facet normal -0.30438479650312344 0.2248595066990915 0.9256284880581375
outer loop
vertex 15.784902518430203 -122.22741562304594 50.236265449030945
vertex 16.114414702841675 -135.2274156230449 53.412606288432194
vertex 16.67156869154681 -122.22741562304499 50.46479702850591
endloop
endfacet
facet normal -0.30438479650313527 0.22485950669909147 0.9256284880581335
outer loop
vertex 14.84774874124652 -135.22741562304623 53.086132603467945
vertex 14.93565125421066 -122.22741562304687 49.89395582955161
vertex 13.634532649504319 -135.2274156230476 52.5971188613546
endloop
endfacet
facet normal -0.4225995043299756 0.224859506698976 0.8779794195692473
outer loop
vertex 14.93565125421066 -122.22741562304687 49.89395582955161
vertex 14.84774874124652 -135.22741562304623 53.086132603467945
vertex 15.784902518430203 -122.22741562304594 50.236265449030945
endloop
endfacet
facet normal -0.42259950432998244 0.22485950669897597 0.8779794195692439
outer loop
vertex 13.634532649504319 -135.2274156230476 52.5971188613546
vertex 14.138345823475913 -122.22741562304776 49.443725182563355
vertex 12.49552489131183 -135.2274156230489 51.95393222279995
endloop
endfacet
facet normal -0.5335834174710288 0.22485950669885654 0.8153078797896441
outer loop
vertex 14.138345823475913 -122.22741562304776 49.443725182563355
vertex 13.634532649504319 -135.2274156230476 52.5971188613546
vertex 14.93565125421066 -122.22741562304687 49.89395582955161
endloop
endfacet
facet normal -0.5335834174710306 0.22485950669885657 0.8153078797896431
outer loop
vertex 12.49552489131183 -135.2274156230489 51.95393222279995
vertex 13.406628343200666 -122.22741562304863 48.893277079263676
vertex 11.450214205204336 -135.22741562305012 51.167577789514674
endloop
endfacet
facet normal -0.6354375704018838 0.22485950669873558 0.7386861961407919
outer loop
vertex 13.406628343200666 -122.22741562304863 48.893277079263676
vertex 12.49552489131183 -135.2274156230489 51.95393222279995
vertex 14.138345823475913 -122.22741562304776 49.443725182563355
endloop
endfacet
facet normal -0.6354375704018819 0.22485950669873553 0.7386861961407934
outer loop
vertex 11.450214205204336 -135.22741562305012 51.167577789514674
vertex 12.753018702342835 -122.22741562304944 48.25202983931306
vertex 10.51648614683601 -135.2274156230513 50.251510303870944
endloop
endfacet
facet normal -0.7264192103265905 0.22485950669861526 0.6494253868734637
outer loop
vertex 12.753018702342835 -122.22741562304944 48.25202983931306
vertex 11.450214205204336 -135.22741562305012 51.167577789514674
vertex 13.406628343200666 -122.22741562304863 48.893277079263676
endloop
endfacet
facet normal -0.7264192103265859 0.2248595066986153 0.649425386873469
outer loop
vertex 10.51648614683601 -135.2274156230513 50.251510303870944
vertex 12.188700343072332 -122.22741562305016 47.5309553807744
vertex 9.710317062163865 -135.22741562305234 49.221403934529995
endloop
endfacet
facet normal -0.8049716161611601 0.22485950669849744 0.5490527291819963
outer loop
vertex 12.188700343072332 -122.22741562305016 47.5309553807744
vertex 10.51648614683601 -135.2274156230513 50.251510303870944
vertex 12.753018702342835 -122.22741562304944 48.25202983931306
endloop
endfacet
facet normal -0.8049716161611531 0.22485950669849747 0.5490527291820066
outer loop
vertex 9.710317062163865 -135.22741562305234 49.221403934529995
vertex 11.723328908974874 -122.22741562305082 46.742391487552894
vertex 9.045500727738933 -135.22741562305328 48.0948840870707
endloop
endfacet
facet normal -0.8697507344629203 0.22485950669838412 0.4392856270680502
outer loop
vertex 11.723328908974874 -122.22741562305082 46.742391487552894
vertex 9.710317062163865 -135.22741562305234 49.221403934529995
vertex 12.188700343072332 -122.22741562305016 47.5309553807744
endloop
endfacet
facet normal -0.8697507344629128 0.22485950669838412 0.4392856270680649
outer loop
vertex 9.045500727738933 -135.22741562305328 48.0948840870707
vertex 11.364867034313212 -122.22741562305137 45.89983070649278
vertex 8.533412335365135 -135.22741562305407 46.891225828413404
endloop
endfacet
facet normal -0.9196481765575658 0.22485950669827717 0.32200222608198215
outer loop
vertex 11.364867034313212 -122.22741562305137 45.89983070649278
vertex 9.045500727738933 -135.22741562305328 48.0948840870707
vertex 11.723328908974874 -122.22741562305082 46.742391487552894
endloop
endfacet
facet normal -0.9196481765575589 0.2248595066982772 0.32200222608200146
outer loop
vertex 8.533412335365135 -135.22741562305407 46.891225828413404
vertex 11.119448101147212 -122.22741562305185 45.01768948615997
vertex 8.18281385941371 -135.22741562305472 45.63102408508083
endloop
endfacet
facet normal -0.9538101833766718 0.22485950669817847 0.19920927773176525
outer loop
vertex 11.119448101147212 -122.22741562305185 45.01768948615997
vertex 8.533412335365135 -135.22741562305407 46.891225828413404
vertex 11.364867034313212 -122.22741562305137 45.89983070649278
endloop
endfacet
facet normal -0.9538101833766666 0.2248595066981785 0.19920927773178998
outer loop
vertex 8.18281385941371 -135.22741562305472 45.63102408508083
vertex 10.99127129546633 -122.22741562305217 44.11106150741014
vertex 7.999704137012455 -135.2274156230552 44.33584125829534
endloop
endfacet
facet normal -0.9716522335120656 0.2248595066980894 0.0730078034083076
outer loop
vertex 10.99127129546633 -122.22741562305217 44.11106150741014
vertex 8.18281385941371 -135.22741562305472 45.63102408508083
vertex 11.119448101147212 -122.22741562305185 45.01768948615997
endloop
endfacet
facet normal -0.9716522335120635 0.22485950669808943 0.0730078034083365
outer loop
vertex 7.999704137012455 -135.2274156230552 44.33584125829534
vertex 10.98252975795309 -122.2274156230524 43.195459426324426
vertex 7.987216226279262 -135.22741562305552 43.02783828531576
endloop
endfacet
facet normal -0.9728690445391792 0.22485950669801194 -0.05444285467305439
outer loop
vertex 10.98252975795309 -122.2274156230524 43.195459426324426
vertex 7.999704137012455 -135.2274156230552 44.33584125829534
vertex 10.99127129546633 -122.22741562305217 44.11106150741014
endloop
endfacet
facet normal -0.892609393748421 -7.916883473311008e-13 0.450830866503256
outer loop
vertex 23.327251027720386 -138.22741562303074 40.881590223014236
vertex 22.928361227049365 -122.22741562304108 40.20567831453494
vertex 22.928361227065427 -138.2274156230313 40.20567831453865
endloop
endfacet
facet normal -0.8261277603059263 -6.988067244111735e-13 0.5634828512491876
outer loop
vertex 22.928361227049365 -122.22741562304108 40.20567831453494
vertex 23.327251027720386 -138.22741562303074 40.881590223014236
vertex 23.327251027704317 -122.22741562304053 40.88159022301052
endloop
endfacet
facet normal -0.8261277603059259 -6.988067244111732e-13 0.563482851249188
outer loop
vertex 22.928361227065427 -138.2274156230313 40.20567831453865
vertex 22.44465977624607 -122.22741562304172 39.58761449293038
vertex 22.44465977626214 -138.22741562303193 39.58761449293409
endloop
endfacet
facet normal -0.7455108518387124 -5.939678731980638e-13 0.6664934881832812
outer loop
vertex 22.44465977624607 -122.22741562304172 39.58761449293038
vertex 22.928361227065427 -138.2274156230313 40.20567831453865
vertex 22.928361227049365 -122.22741562304108 40.20567831453494
endloop
endfacet
facet normal -0.6521380460018799 -4.789665645870696e-13 0.7581002367476549
outer loop
vertex 21.884422941241148 -138.2274156230326 39.037974001547845
vertex 22.44465977624607 -122.22741562304172 39.58761449293038
vertex 21.88442294122508 -122.22741562304242 39.03797400154413
endloop
endfacet
facet normal -0.7455108518387124 -5.939678731980638e-13 0.6664934881832812
outer loop
vertex 22.44465977624607 -122.22741562304172 39.58761449293038
vertex 21.884422941241148 -138.2274156230326 39.037974001547845
vertex 22.44465977626214 -138.22741562303193 39.58761449293409
endloop
endfacet
facet normal -0.5476069773911286 -3.5577022062677793e-13 0.8367356800761827
outer loop
vertex 21.25723652957664 -138.22741562303338 38.56616134157669
vertex 21.88442294122508 -122.22741562304242 39.03797400154413
vertex 21.25723652956058 -122.22741562304317 38.56616134157297
endloop
endfacet
facet normal -0.6521380460018804 -4.789665645870703e-13 0.7581002367476543
outer loop
vertex 21.88442294122508 -122.22741562304242 39.03797400154413
vertex 21.25723652957664 -138.22741562303338 38.56616134157669
vertex 21.884422941241148 -138.2274156230326 39.037974001547845
endloop
endfacet
facet normal -0.43370620157187906 -2.2648583975076067e-13 0.9010543439316481
outer loop
vertex 20.573831874661153 -138.22741562303415 38.180249358443895
vertex 21.25723652956058 -122.22741562304317 38.56616134157297
vertex 20.573831874645084 -122.22741562304392 38.18024935844018
endloop
endfacet
facet normal -0.5476069773911286 -3.5577022062677783e-13 0.8367356800761828
outer loop
vertex 21.25723652956058 -122.22741562304317 38.56616134157297
vertex 20.573831874661153 -138.22741562303415 38.180249358443895
vertex 21.25723652957664 -138.22741562303338 38.56616134157669
endloop
endfacet
facet normal -0.31238459239766 -9.332583778832153e-14 0.9499557181429817
outer loop
vertex 19.845902219615834 -138.22741562303494 37.88684111317589
vertex 20.573831874645084 -122.22741562304392 38.18024935844018
vertex 19.845902219599765 -122.22741562304475 37.88684111317218
endloop
endfacet
facet normal -0.4337062015718793 -2.2648583975076092e-13 0.9010543439316481
outer loop
vertex 20.573831874645084 -122.22741562304392 38.18024935844018
vertex 19.845902219615834 -138.22741562303494 37.88684111317589
vertex 20.573831874661153 -138.22741562303415 38.180249358443895
endloop
endfacet
facet normal -0.18571799623814525 4.143080121297643e-14 0.9826030866394062
outer loop
vertex 19.085902642658738 -138.22741562303574 37.69095690219734
vertex 19.845902219599765 -122.22741562304475 37.88684111317218
vertex 19.08590264264267 -122.22741562304553 37.690956902193626
endloop
endfacet
facet normal -0.31238459239765964 -9.332583778832119e-14 0.9499557181429817
outer loop
vertex 19.845902219599765 -122.22741562304475 37.88684111317218
vertex 19.085902642658738 -138.22741562303574 37.69095690219734
vertex 19.845902219615834 -138.22741562303494 37.88684111317589
endloop
endfacet
facet normal -0.05587371367223815 1.754781695301107e-13 0.9984378438943873
outer loop
vertex 18.3068369472633 -138.22741562303653 37.59594835866746
vertex 19.08590264264267 -122.22741562304553 37.690956902193626
vertex 18.306836947247234 -122.22741562304634 37.59594835866375
endloop
endfacet
facet normal -0.18571799623814464 4.143080121297704e-14 0.9826030866394063
outer loop
vertex 19.08590264264267 -122.22741562304553 37.690956902193626
vertex 18.3068369472633 -138.22741562303653 37.59594835866746
vertex 19.085902642658738 -138.22741562303574 37.69095690219734
endloop
endfacet
facet normal 0.0749265836257183 3.065227561705167e-13 0.9971890528210677
outer loop
vertex 17.52203516347555 -138.22741562303733 37.60344110510737
vertex 18.306836947247234 -122.22741562304634 37.59594835866375
vertex 17.522035163459485 -122.22741562304714 37.60344110510366
endloop
endfacet
facet normal -0.05587371367223875 1.7547816953011013e-13 0.9984378438943873
outer loop
vertex 18.306836947247234 -122.22741562304634 37.59594835866375
vertex 17.52203516347555 -138.22741562303733 37.60344110510737
vertex 18.3068369472633 -138.22741562303653 37.59594835866746
endloop
endfacet
facet normal 0.20444486630427114 4.323227369225524e-13 0.978878080580942
outer loop
vertex 16.74492546740423 -138.22741562303807 37.71330693854813
vertex 17.522035163459485 -122.22741562304714 37.60344110510366
vertex 16.744925467388164 -122.22741562304788 37.71330693854442
endloop
endfacet
facet normal 0.07492658362571868 3.065227561705171e-13 0.9971890528210678
outer loop
vertex 17.522035163459485 -122.22741562304714 37.60344110510366
vertex 16.74492546740423 -138.22741562303807 37.71330693854813
vertex 17.52203516347555 -138.22741562303733 37.60344110510737
endloop
endfacet
facet normal 0.33046504063753224 5.507255455600603e-13 0.9438182329857981
outer loop
vertex 15.988804421404684 -138.2274156230388 37.92366602411899
vertex 16.744925467388164 -122.22741562304788 37.71330693854442
vertex 15.988804421388618 -122.2274156230486 37.92366602411527
endloop
endfacet
facet normal 0.20444486630427106 4.323227369225523e-13 0.978878080580942
outer loop
vertex 16.744925467388164 -122.22741562304788 37.71330693854442
vertex 15.988804421404684 -138.2274156230388 37.92366602411899
vertex 16.74492546740423 -138.22741562303807 37.71330693854813
endloop
endfacet
facet normal 0.4508308665032598 6.597055102446909e-13 0.8926093937484191
outer loop
vertex 15.266609466210303 -138.22741562303946 38.23091905954327
vertex 15.988804421388618 -122.2274156230486 37.92366602411527
vertex 15.266609466194238 -122.22741562304925 38.23091905953956
endloop
endfacet
facet normal 0.3304650406375316 5.507255455600598e-13 0.9438182329857985
outer loop
vertex 15.988804421388618 -122.2274156230486 37.92366602411527
vertex 15.266609466210303 -138.22741562303946 38.23091905954327
vertex 15.988804421404684 -138.2274156230388 37.92366602411899
endloop
endfacet
facet normal 0.5634828512491884 7.573980610655605e-13 0.8261277603059259
outer loop
vertex 14.590697557734726 -138.22741562304003 38.629808860198224
vertex 15.266609466194238 -122.22741562304925 38.23091905953956
vertex 14.590697557718661 -122.22741562304984 38.629808860194515
endloop
endfacet
facet normal 0.45083086650325976 6.597055102446906e-13 0.8926093937484191
outer loop
vertex 15.266609466194238 -122.22741562304925 38.23091905953956
vertex 14.590697557734726 -138.22741562304003 38.629808860198224
vertex 15.266609466210303 -138.22741562303946 38.23091905954327
endloop
endfacet
facet normal 0.6664934881832842 8.421309444145383e-13 0.7455108518387096
outer loop
vertex 13.972633736130163 -138.22741562304054 39.11351031100152
vertex 14.590697557718661 -122.22741562304984 38.629808860194515
vertex 13.972633736114098 -122.22741562305033 39.11351031099781
endloop
endfacet
facet normal 0.563482851249189 7.573980610655611e-13 0.8261277603059255
outer loop
vertex 14.590697557718661 -122.22741562304984 38.629808860194515
vertex 13.972633736130163 -138.22741562304054 39.11351031100152
vertex 14.590697557734726 -138.22741562304003 38.629808860198224
endloop
endfacet
facet normal 0.6664934881832842 8.421309444145383e-13 0.7455108518387096
outer loop
vertex 13.972633736130163 -138.22741562304054 39.11351031100152
vertex 13.422993244727857 -122.22741562305077 39.673747146018805
vertex 13.422993244743923 -138.22741562304097 39.673747146022514
endloop
endfacet
facet normal 0.7581002367476584 9.12455350215158e-13 0.6521380460018757
outer loop
vertex 13.422993244727857 -122.22741562305077 39.673747146018805
vertex 13.972633736130163 -138.22741562304054 39.11351031100152
vertex 13.972633736114098 -122.22741562305033 39.11351031099781
endloop
endfacet
facet normal 0.7581002367476589 9.124553502151585e-13 0.6521380460018752
outer loop
vertex 13.422993244743923 -138.22741562304097 39.673747146022514
vertex 12.951180584756699 -122.2274156230511 40.30093355768331
vertex 12.951180584772764 -138.2274156230413 40.30093355768702
endloop
endfacet
facet normal 0.8367356800761875 9.674165286336473e-13 0.5476069773911214
outer loop
vertex 12.951180584756699 -122.2274156230511 40.30093355768331
vertex 13.422993244743923 -138.22741562304097 39.673747146022514
vertex 13.422993244727857 -122.22741562305077 39.673747146018805
endloop
endfacet
facet normal 0.8367356800761877 9.674165286336473e-13 0.5476069773911211
outer loop
vertex 12.951180584772764 -138.2274156230413 40.30093355768702
vertex 12.56526860162391 -122.22741562305133 40.9843382125988
vertex 12.565268601639994 -138.22741562304154 40.984338212602516
endloop
endfacet
facet normal 0.9010543439316505 1.0061112772457255e-12 0.4337062015718743
outer loop
vertex 12.56526860162391 -122.22741562305133 40.9843382125988
vertex 12.951180584772764 -138.2274156230413 40.30093355768702
vertex 12.951180584756699 -122.2274156230511 40.30093355768331
endloop
endfacet
facet normal 0.90105434393165 1.006111277245725e-12 0.433706201571875
outer loop
vertex 12.565268601639994 -138.22741562304154 40.984338212602516
vertex 12.271860356355907 -122.22741562305144 41.71226786764412
vertex 12.271860356371988 -138.22741562304165 41.71226786764783
endloop
endfacet
facet normal 0.9499557181429824 1.027379095301055e-12 0.31238459239765737
outer loop
vertex 12.271860356355907 -122.22741562305144 41.71226786764412
vertex 12.565268601639994 -138.22741562304154 40.984338212602516
vertex 12.56526860162391 -122.22741562305133 40.9843382125988
endloop
endfacet
facet normal 0.9499557181429823 1.027379095301055e-12 0.3123845923976579
outer loop
vertex 12.271860356371988 -138.22741562304165 41.71226786764783
vertex 12.07597614537736 -122.22741562305147 42.47226744460122
vertex 12.075976145393442 -138.22741562304168 42.47226744460493
endloop
endfacet
facet normal 0.9826030866394072 1.0308180065357706e-12 0.1857179962381406
outer loop
vertex 12.07597614537736 -122.22741562305147 42.47226744460122
vertex 12.271860356371988 -138.22741562304165 41.71226786764783
vertex 12.271860356355907 -122.22741562305144 41.71226786764412
endloop
endfacet
facet normal 0.9826030866394072 1.0308180065357706e-12 0.1857179962381406
outer loop
vertex 12.07597614537736 -122.22741562305147 42.47226744460122
vertex 11.98096760186356 -138.22741562304157 43.25133314000037
vertex 12.075976145393442 -138.22741562304168 42.47226744460493
endloop
endfacet
facet normal 0.9984378438943876 1.0166192094717686e-12 0.05587371367223341
outer loop
vertex 11.98096760186356 -138.22741562304157 43.25133314000037
vertex 12.07597614537736 -122.22741562305147 42.47226744460122
vertex 11.980967601847476 -122.22741562305137 43.25133313999666
endloop
endfacet
facet normal 0.9984378438943875 1.0166192094717686e-12 0.05587371367223362
outer loop
vertex 11.980967601847476 -122.22741562305137 43.25133313999666
vertex 11.988460348303482 -138.2274156230414 44.036134923788126
vertex 11.98096760186356 -138.22741562304157 43.25133314000037
endloop
endfacet
facet normal 0.9971890528210675 9.850258472891475e-13 -0.07492658362572417
outer loop
vertex 11.988460348303482 -138.2274156230414 44.036134923788126
vertex 11.980967601847476 -122.22741562305137 43.25133313999666
vertex 11.9884603482874 -122.2274156230512 44.03613492378441
endloop
endfacet
facet normal 0.9971890528210674 9.850258472891473e-13 -0.07492658362572503
outer loop
vertex 11.9884603482874 -122.2274156230512 44.03613492378441
vertex 12.098326181744236 -138.22741562304108 44.81324461985942
vertex 11.988460348303482 -138.2274156230414 44.036134923788126
endloop
endfacet
facet normal 0.9788780805809415 9.365780638896613e-13 -0.20444486630427317
outer loop
vertex 12.098326181744236 -138.22741562304108 44.81324461985942
vertex 11.9884603482874 -122.2274156230512 44.03613492378441
vertex 12.098326181728154 -122.22741562305087 44.8132446198557
endloop
endfacet
facet normal 0.9788780805809415 9.365780638896611e-13 -0.20444486630427314
outer loop
vertex 12.098326181728154 -122.22741562305087 44.8132446198557
vertex 12.308685267315095 -138.2274156230407 45.56936566585896
vertex 12.098326181744236 -138.22741562304108 44.81324461985942
endloop
endfacet
facet normal 0.9438182329857983 8.721049178404786e-13 -0.3304650406375321
outer loop
vertex 12.308685267315095 -138.2274156230407 45.56936566585896
vertex 12.098326181728154 -122.22741562305087 44.8132446198557
vertex 12.308685267299012 -122.22741562305052 45.56936566585525
endloop
endfacet
facet normal 0.9438182329857987 8.721049178404794e-13 -0.3304650406375307
outer loop
vertex 12.308685267299012 -122.22741562305052 45.56936566585525
vertex 12.615938302739377 -138.22741562304026 46.29156062105334
vertex 12.308685267315095 -138.2274156230407 45.56936566585896
endloop
endfacet
facet normal 0.8926093937484206 7.924636080695426e-13 -0.4508308665032566
outer loop
vertex 12.615938302739377 -138.22741562304026 46.29156062105334
vertex 12.308685267299012 -122.22741562305052 45.56936566585525
vertex 12.615938302723293 -122.22741562305005 46.29156062104963
endloop
endfacet
facet normal 0.8926093937484206 7.924636080695425e-13 -0.45083086650325677
outer loop
vertex 12.615938302723293 -122.22741562305005 46.29156062104963
vertex 13.01482810339432 -138.2274156230397 46.96747252952892
vertex 12.615938302739377 -138.22741562304026 46.29156062105334
endloop
endfacet
facet normal 0.8261277603059272 6.990538627952596e-13 -0.5634828512491862
outer loop
vertex 13.01482810339432 -138.2274156230397 46.96747252952892
vertex 12.615938302723293 -122.22741562305005 46.29156062104963
vertex 13.014828103378255 -122.22741562304948 46.96747252952521
endloop
endfacet
facet normal 0.8261277603059269 6.990538627952594e-13 -0.5634828512491866
outer loop
vertex 13.014828103378255 -122.22741562304948 46.96747252952521
vertex 13.498529554197612 -138.22741562303906 47.585536351133484
vertex 13.01482810339432 -138.2274156230397 46.96747252952892
endloop
endfacet
facet normal 0.7455108518387089 5.939682567264667e-13 -0.666493488183285
outer loop
vertex 13.498529554197612 -138.22741562303906 47.585536351133484
vertex 13.014828103378255 -122.22741562304948 46.96747252952521
vertex 13.498529554181546 -122.22741562304886 47.58553635112977
endloop
endfacet
facet normal 0.6521380460018767 4.789666188938077e-13 -0.7581002367476575
outer loop
vertex 14.058766389202546 -122.22741562304815 48.13517684251601
vertex 13.498529554197612 -138.22741562303906 47.585536351133484
vertex 13.498529554181546 -122.22741562304886 47.58553635112977
endloop
endfacet
facet normal 0.7455108518387089 5.939682567264667e-13 -0.666493488183285
outer loop
vertex 13.498529554197612 -138.22741562303906 47.585536351133484
vertex 14.058766389202546 -122.22741562304815 48.13517684251601
vertex 14.058766389218611 -138.22741562303835 48.13517684251972
endloop
endfacet
facet normal 0.5476069773911288 3.5576935284141325e-13 -0.8367356800761827
outer loop
vertex 14.68595280086704 -122.2274156230474 48.60698950248717
vertex 14.058766389218611 -138.22741562303835 48.13517684251972
vertex 14.058766389202546 -122.22741562304815 48.13517684251601
endloop
endfacet
facet normal 0.6521380460018773 4.789666188938086e-13 -0.7581002367476569
outer loop
vertex 14.058766389218611 -138.22741562303835 48.13517684251972
vertex 14.68595280086704 -122.2274156230474 48.60698950248717
vertex 14.685952800883106 -138.22741562303761 48.60698950249088
endloop
endfacet
facet normal 0.4337062015718781 2.2648530118706029e-13 -0.9010543439316484
outer loop
vertex 15.36935745578254 -122.22741562304664 48.99290148561996
vertex 14.685952800883106 -138.22741562303761 48.60698950249088
vertex 14.68595280086704 -122.2274156230474 48.60698950248717
endloop
endfacet
facet normal 0.5476069773911286 3.5576935284141305e-13 -0.8367356800761828
outer loop
vertex 14.685952800883106 -138.22741562303761 48.60698950249088
vertex 15.36935745578254 -122.22741562304664 48.99290148561996
vertex 15.369357455798605 -138.22741562303685 48.992901485623676
endloop
endfacet
facet normal 0.31238459239765654 9.332583778831792e-14 -0.9499557181429827
outer loop
vertex 16.097287110827857 -122.22741562304583 49.286309730887965
vertex 15.369357455798605 -138.22741562303685 48.992901485623676
vertex 15.36935745578254 -122.22741562304664 48.99290148561996
endloop
endfacet
facet normal 0.43370620157187845 2.264853011870606e-13 -0.9010543439316484
outer loop
vertex 15.369357455798605 -138.22741562303685 48.992901485623676
vertex 16.097287110827857 -122.22741562304583 49.286309730887965
vertex 16.097287110843922 -138.22741562303602 49.286309730891674
endloop
endfacet
facet normal 0.1857179962381416 -4.143066862276555e-14 -0.982603086639407
outer loop
vertex 16.857286687784953 -122.22741562304503 49.482193941866505
vertex 16.097287110843922 -138.22741562303602 49.286309730891674
vertex 16.097287110827857 -122.22741562304583 49.286309730887965
endloop
endfacet
facet normal 0.31238459239765626 9.332583778831759e-14 -0.9499557181429827
outer loop
vertex 16.097287110843922 -138.22741562303602 49.286309730891674
vertex 16.857286687784953 -122.22741562304503 49.482193941866505
vertex 16.857286687801018 -138.22741562303523 49.48219394187022
endloop
endfacet
facet normal 0.05587371367223433 -1.7547804549645255e-13 -0.9984378438943875
outer loop
vertex 17.63635238318039 -122.22741562304422 49.57720248539639
vertex 16.857286687801018 -138.22741562303523 49.48219394187022
vertex 16.857286687784953 -122.22741562304503 49.482193941866505
endloop
endfacet
facet normal 0.185717996238141 -4.143066862276615e-14 -0.9826030866394069
outer loop
vertex 16.857286687801018 -138.22741562303523 49.48219394187022
vertex 17.63635238318039 -122.22741562304422 49.57720248539639
vertex 17.636352383196456 -138.22741562303443 49.5772024854001
endloop
endfacet
facet normal -0.0749265836257241 -3.0652261140260657e-13 -0.9971890528210674
outer loop
vertex 18.42115416696814 -122.22741562304344 49.56970973895647
vertex 17.636352383196456 -138.22741562303443 49.5772024854001
vertex 17.63635238318039 -122.22741562304422 49.57720248539639
endloop
endfacet
facet normal 0.05587371367223493 -1.7547804549645197e-13 -0.9984378438943875
outer loop
vertex 17.636352383196456 -138.22741562303443 49.5772024854001
vertex 18.42115416696814 -122.22741562304344 49.56970973895647
vertex 18.42115416698421 -138.22741562303364 49.569709738960185
endloop
endfacet
facet normal -0.20444486630427386 -4.3232287716701485e-13 -0.9788780805809412
outer loop
vertex 19.198263863039436 -122.22741562304269 49.45984390551571
vertex 18.42115416698421 -138.22741562303364 49.569709738960185
vertex 18.42115416696814 -122.22741562304344 49.56970973895647
endloop
endfacet
facet normal -0.07492658362572448 -3.0652261140260687e-13 -0.9971890528210674
outer loop
vertex 18.42115416698421 -138.22741562303364 49.569709738960185
vertex 19.198263863039436 -122.22741562304269 49.45984390551571
vertex 19.198263863055498 -138.2274156230329 49.45984390551943
endloop
endfacet
facet normal -0.3304650406375302 -5.507260910957588e-13 -0.9438182329857988
outer loop
vertex 19.95438490903898 -122.22741562304196 49.24948481994486
vertex 19.198263863055498 -138.2274156230329 49.45984390551943
vertex 19.198263863039436 -122.22741562304269 49.45984390551571
endloop
endfacet
facet normal -0.2044448663042738 -4.3232287716701475e-13 -0.9788780805809413
outer loop
vertex 19.198263863055498 -138.2274156230329 49.45984390551943
vertex 19.95438490903898 -122.22741562304196 49.24948481994486
vertex 19.954384909055044 -138.22741562303216 49.24948481994857
endloop
endfacet
facet normal -0.45083086650325743 -6.597057622114607e-13 -0.8926093937484201
outer loop
vertex 20.67657986423336 -122.22741562304131 48.94223178452058
vertex 19.954384909055044 -138.22741562303216 49.24948481994857
vertex 19.95438490903898 -122.22741562304196 49.24948481994486
endloop
endfacet
facet normal -0.3304650406375296 -5.507260910957583e-13 -0.943818232985799
outer loop
vertex 19.954384909055044 -138.22741562303216 49.24948481994857
vertex 20.67657986423336 -122.22741562304131 48.94223178452058
vertex 20.676579864249423 -138.2274156230315 48.94223178452429
endloop
endfacet
facet normal -0.5634828512491874 -7.573977235481282e-13 -0.8261277603059266
outer loop
vertex 21.352491772708934 -122.22741562304073 48.54334198386562
vertex 20.676579864249423 -138.2274156230315 48.94223178452429
vertex 20.67657986423336 -122.22741562304131 48.94223178452058
endloop
endfacet
facet normal -0.45083086650325743 -6.597057622114608e-13 -0.8926093937484203
outer loop
vertex 20.676579864249423 -138.2274156230315 48.94223178452429
vertex 21.352491772708934 -122.22741562304073 48.54334198386562
vertex 21.352491772725 -138.22741562303094 48.54334198386933
endloop
endfacet
facet normal -0.6664934881832842 -8.421302159747774e-13 -0.7455108518387096
outer loop
vertex 21.970555594313502 -122.22741562304023 48.05964053306233
vertex 21.352491772725 -138.22741562303094 48.54334198386933
vertex 21.352491772708934 -122.22741562304073 48.54334198386562
endloop
endfacet
facet normal -0.5634828512491878 -7.573977235481284e-13 -0.826127760305926
outer loop
vertex 21.352491772725 -138.22741562303094 48.54334198386933
vertex 21.970555594313502 -122.22741562304023 48.05964053306233
vertex 21.970555594329568 -138.22741562303042 48.059640533066045
endloop
endfacet
facet normal -0.6664934881832842 -8.421302159747774e-13 -0.7455108518387096
outer loop
vertex 21.970555594313502 -122.22741562304023 48.05964053306233
vertex 22.520196085715806 -138.22741562303 47.49940369804504
vertex 21.970555594329568 -138.22741562303042 48.059640533066045
endloop
endfacet
facet normal -0.7581002367476568 -9.124538632110601e-13 -0.6521380460018775
outer loop
vertex 22.520196085715806 -138.22741562303 47.49940369804504
vertex 21.970555594313502 -122.22741562304023 48.05964053306233
vertex 22.520196085699737 -122.2274156230398 47.499403698041334
endloop
endfacet
facet normal -0.7581002367476573 -9.124538632110605e-13 -0.6521380460018769
outer loop
vertex 22.520196085699737 -122.2274156230398 47.499403698041334
vertex 22.992008745686963 -138.22741562302966 46.87221728638055
vertex 22.520196085715806 -138.22741562303 47.49940369804504
endloop
endfacet
facet normal -0.8367356800761836 -9.671660314090955e-13 -0.5476069773911273
outer loop
vertex 22.992008745686963 -138.22741562302966 46.87221728638055
vertex 22.520196085699737 -122.2274156230398 47.499403698041334
vertex 22.9920087456709 -122.22741562303946 46.87221728637684
endloop
endfacet
facet normal -0.8367356800761839 -9.671660314090957e-13 -0.5476069773911271
outer loop
vertex 22.9920087456709 -122.22741562303946 46.87221728637684
vertex 23.377920728819753 -138.22741562302943 46.188812631465055
vertex 22.992008745686963 -138.22741562302966 46.87221728638055
endloop
endfacet
facet normal -0.9010543439316483 -1.0053295601119993e-12 -0.43370620157187895
outer loop
vertex 23.377920728819753 -138.22741562302943 46.188812631465055
vertex 22.9920087456709 -122.22741562303946 46.87221728637684
vertex 23.377920728803684 -122.22741562303924 46.18881263146134
endloop
endfacet
facet normal -0.9010543439316477 -1.005329560111999e-12 -0.4337062015718796
outer loop
vertex 23.377920728803684 -122.22741562303924 46.18881263146134
vertex 23.671328974087757 -138.22741562302932 45.46088297641973
vertex 23.377920728819753 -138.22741562302943 46.188812631465055
endloop
endfacet
facet normal -0.9499557181429816 -1.02629046468412e-12 -0.3123845923976597
outer loop
vertex 23.671328974087757 -138.22741562302932 45.46088297641973
vertex 23.377920728803684 -122.22741562303924 46.18881263146134
vertex 23.671328974071695 -122.22741562303912 45.46088297641602
endloop
endfacet
facet normal -0.9499557181429816 -1.0262904646841203e-12 -0.3123845923976603
outer loop
vertex 23.671328974071695 -122.22741562303912 45.46088297641602
vertex 23.867213185066305 -138.22741562302932 44.70088339946264
vertex 23.671328974087757 -138.22741562302932 45.46088297641973
endloop
endfacet
facet normal -0.9826030866394067 -1.0296917096564297e-12 -0.1857179962381432
outer loop
vertex 23.867213185066305 -138.22741562302932 44.70088339946264
vertex 23.671328974071695 -122.22741562303912 45.46088297641602
vertex 23.867213185050243 -122.22741562303911 44.70088339945893
endloop
endfacet
facet normal -0.9826030866394067 -1.0296917096564297e-12 -0.1857179962381432
outer loop
vertex 23.867213185066305 -138.22741562302932 44.70088339946264
vertex 23.962221728580126 -122.22741562303919 43.921817704063486
vertex 23.96222172859619 -138.2274156230294 43.9218177040672
endloop
endfacet
facet normal -0.9984378438943874 -1.0154752194428658e-12 -0.055873713672237875
outer loop
vertex 23.962221728580126 -122.22741562303919 43.921817704063486
vertex 23.867213185066305 -138.22741562302932 44.70088339946264
vertex 23.867213185050243 -122.22741562303911 44.70088339945893
endloop
endfacet
facet normal -0.9984378438943873 -1.0154752194428658e-12 -0.05587371367223809
outer loop
vertex 23.96222172859619 -138.2274156230294 43.9218177040672
vertex 23.954728982140203 -122.22741562303938 43.137015920275736
vertex 23.954728982156272 -138.22741562302957 43.137015920279445
endloop
endfacet
facet normal -0.9971890528210675 -9.838834238770114e-13 0.07492658362572234
outer loop
vertex 23.954728982140203 -122.22741562303938 43.137015920275736
vertex 23.96222172859619 -138.2274156230294 43.9218177040672
vertex 23.962221728580126 -122.22741562303919 43.921817704063486
endloop
endfacet
facet normal -0.9971890528210675 -9.838834238770112e-13 0.07492658362572321
outer loop
vertex 23.954728982156272 -138.22741562302957 43.137015920279445
vertex 23.844863148699453 -122.22741562303969 42.359906224204444
vertex 23.844863148715515 -138.22741562302988 42.35990622420816
endloop
endfacet
facet normal -0.9788780805809418 -9.3545701020137e-13 0.20444486630427072
outer loop
vertex 23.844863148699453 -122.22741562303969 42.359906224204444
vertex 23.954728982156272 -138.22741562302957 43.137015920279445
vertex 23.954728982140203 -122.22741562303938 43.137015920275736
endloop
endfacet
facet normal -1.2912089213048783e-12 1.0 1.896376714195757e-12
outer loop
vertex 16.15092799216136 -135.2274156230743 0.992833104753035
vertex 19.792261338297305 -135.22741562306993 0.9928331047551919
vertex 17.97159466522947 -135.22741562307235 0.7531377899705806
endloop
endfacet
facet normal -1.2912089213048783e-12 1.0 1.896376714195757e-12
outer loop
vertex 19.792261338297305 -135.22741562306993 0.9928331047551919
vertex 16.15092799216136 -135.2274156230743 0.992833104753035
vertex 14.454336744068605 -135.2274156230758 1.6955842095153746
endloop
endfacet
facet normal -1.2912089213048783e-12 1.0 1.896376714195757e-12
outer loop
vertex 19.792261338297305 -135.22741562306993 0.9928331047551919
vertex 14.454336744068605 -135.2274156230758 1.6955842095153746
vertex 21.488852586389218 -135.22741562306734 1.6955842095195377
endloop
endfacet
facet normal -1.2912089213048783e-12 1.0 1.896376714195757e-12
outer loop
vertex 21.488852586389218 -135.22741562306734 1.6955842095195377
vertex 14.454336744068605 -135.2274156230758 1.6955842095153746
vertex 12.997440810759146 -135.22741562307678 2.8134997778191426
endloop
endfacet
facet normal -1.2912089213048783e-12 1.0 1.896376714195757e-12
outer loop
vertex 21.488852586389218 -135.22741562306734 1.6955842095195377
vertex 12.997440810759146 -135.22741562307678 2.8134997778191426
vertex 22.945748519697368 -135.2274156230648 2.813499777825047
endloop
endfacet
facet normal -1.2912089213048783e-12 1.0 1.896376714195757e-12
outer loop
vertex 22.945748519697368 -135.2274156230648 2.813499777825047
vertex 12.997440810759146 -135.22741562307678 2.8134997778191426
vertex 12.633609761786063 -135.2274156230868 3.287653632267713
endloop
endfacet
facet normal -1.2912089213048783e-12 1.0 1.896376714195757e-12
outer loop
vertex 22.945748519697368 -135.2274156230648 2.813499777825047
vertex 12.633609761786063 -135.2274156230868 3.287653632267713
vertex 23.309579568667193 -135.22741562307172 3.2876536322705445
endloop
endfacet
facet normal -7.389487357450305e-13 1.0 -6.244269819309412e-13
outer loop
vertex 7.971594665197535 -135.22741562312555 7.787653632266502
vertex 12.633609761786063 -135.2274156230868 3.287653632267713
vertex 7.971594665217281 -135.22741562310438 3.2876536322664767
endloop
endfacet
facet normal -7.389487357450305e-13 1.0 -6.244269819309412e-13
outer loop
vertex 12.633609761786063 -135.2274156230868 3.287653632267713
vertex 7.971594665197535 -135.22741562312555 7.787653632266502
vertex 11.879525242453662 -135.227415623077 4.270395711127265
endloop
endfacet
facet normal -7.389487357450305e-13 1.0 -6.244269819309412e-13
outer loop
vertex 11.879525242453662 -135.227415623077 4.270395711127265
vertex 7.971594665197535 -135.22741562312555 7.787653632266502
vertex 11.176774137688342 -135.2274156230717 5.966986959221484
endloop
endfacet
facet normal -7.389487357450305e-13 1.0 -6.244269819309412e-13
outer loop
vertex 11.176774137688342 -135.2274156230717 5.966986959221484
vertex 7.971594665197535 -135.22741562312555 7.787653632266502
vertex 10.937078822904716 -135.22741562308775 7.787653632299316
endloop
endfacet
facet normal -7.389487357450305e-13 1.0 -6.244269819309412e-13
outer loop
vertex 10.937078822904716 -135.22741562308775 7.787653632299316
vertex 7.971594665197535 -135.22741562312555 7.787653632266502
vertex 5.971594665216444 -135.22741562309895 7.787653632290999
endloop
endfacet
facet normal -7.389487357450305e-13 1.0 -6.244269819309412e-13
outer loop
vertex 10.937078822904716 -135.22741562308775 7.787653632299316
vertex 5.971594665216444 -135.22741562309895 7.787653632290999
vertex 5.971594665229556 -135.2274156230463 43.389944831587435
endloop
endfacet
facet normal -7.389487357450305e-13 1.0 -6.244269819309412e-13
outer loop
vertex 10.937078822904716 -135.22741562308775 7.787653632299316
vertex 5.971594665229556 -135.2274156230463 43.389944831587435
vertex 11.176774137688094 -135.22741562307397 9.608320305357395
endloop
endfacet
facet normal -7.389487357450305e-13 1.0 -6.244269819309412e-13
outer loop
vertex 11.176774137688094 -135.22741562307397 9.608320305357395
vertex 5.971594665229556 -135.2274156230463 43.389944831587435
vertex 11.87952524244948 -135.2274156230718 11.30491155344786
endloop
endfacet
facet normal -7.389487357450305e-13 1.0 -6.244269819309412e-13
outer loop
vertex 11.87952524244948 -135.2274156230718 11.30491155344786
vertex 5.971594665229556 -135.2274156230463 43.389944831587435
vertex 12.997440810753256 -135.22741562306942 12.761807486757327
endloop
endfacet
facet normal -7.389487357450305e-13 1.0 -6.244269819309412e-13
outer loop
vertex 12.997440810753256 -135.22741562306942 12.761807486757327
vertex 5.971594665229556 -135.2274156230463 43.389944831587435
vertex 14.454336744061392 -135.22741562306686 13.879723055062826
endloop
endfacet
facet normal -7.389487357450305e-13 1.0 -6.244269819309412e-13
outer loop
vertex 14.454336744061392 -135.22741562306686 13.879723055062826
vertex 5.971594665229556 -135.2274156230463 43.389944831587435
vertex 16.15092799215331 -135.22741562306427 14.582474159827171
endloop
endfacet
facet normal -7.389487357450305e-13 1.0 -6.244269819309412e-13
outer loop
vertex 16.15092799215331 -135.22741562306427 14.582474159827171
vertex 5.971594665229556 -135.2274156230463 43.389944831587435
vertex 17.971594665221136 -135.22741562306192 14.822169474611782
endloop
endfacet
facet normal -7.389487357450305e-13 1.0 -6.244269819309412e-13
outer loop
vertex 17.971594665221136 -135.22741562306192 14.822169474611782
vertex 5.971594665229556 -135.2274156230463 43.389944831587435
vertex 9.604237864461306 -135.22741562305504 38.110505648126846
endloop
endfacet
facet normal -7.389487357450305e-13 1.0 -6.244269819309412e-13
outer loop
vertex 17.971594665221136 -135.22741562306192 14.822169474611782
vertex 9.604237864461306 -135.22741562305504 38.110505648126846
vertex 10.39059229774657 -135.2274156230545 37.06519496201935
endloop
endfacet
facet normal -7.389487357450305e-13 1.0 -6.244269819309412e-13
outer loop
vertex 17.971594665221136 -135.22741562306192 14.822169474611782
vertex 10.39059229774657 -135.2274156230545 37.06519496201935
vertex 11.306659783390307 -135.22741562305376 36.131466903651024
endloop
endfacet
facet normal -7.389487357450305e-13 1.0 -6.244269819309412e-13
outer loop
vertex 17.971594665221136 -135.22741562306192 14.822169474611782
vertex 11.306659783390307 -135.22741562305376 36.131466903651024
vertex 12.336766152731249 -135.2274156230529 35.325297818978875
endloop
endfacet
facet normal -7.389487357450305e-13 1.0 -6.244269819309412e-13
outer loop
vertex 17.971594665221136 -135.22741562306192 14.822169474611782
vertex 12.336766152731249 -135.2274156230529 35.325297818978875
vertex 13.463286000190541 -135.2274156230519 34.660481484553934
endloop
endfacet
facet normal -7.389487357450305e-13 1.0 -6.244269819309412e-13
outer loop
vertex 17.971594665221136 -135.22741562306192 14.822169474611782
vertex 13.463286000190541 -135.2274156230519 34.660481484553934
vertex 14.666944258847847 -135.22741562305083 34.148393092180136
endloop
endfacet
facet normal -7.389487357450305e-13 1.0 -6.244269819309412e-13
outer loop
vertex 17.971594665221136 -135.22741562306192 14.822169474611782
vertex 14.666944258847847 -135.22741562305083 34.148393092180136
vertex 15.927146002180423 -135.2274156230496 33.797794616228714
endloop
endfacet
facet normal -7.389487357450305e-13 1.0 -6.244269819309412e-13
outer loop
vertex 17.971594665221136 -135.22741562306192 14.822169474611782
vertex 15.927146002180423 -135.2274156230496 33.797794616228714
vertex 17.22232882896591 -135.2274156230484 33.61468489382746
endloop
endfacet
facet normal -7.389487357450305e-13 1.0 -6.244269819309412e-13
outer loop
vertex 17.971594665221136 -135.22741562306192 14.822169474611782
vertex 17.22232882896591 -135.2274156230484 33.61468489382746
vertex 18.5303318019455 -135.22741562304705 33.60219698309426
endloop
endfacet
facet normal -7.389487357450305e-13 1.0 -6.244269819309412e-13
outer loop
vertex 9.604237864461306 -135.22741562305504 38.110505648126846
vertex 5.971594665229556 -135.2274156230463 43.389944831587435
vertex 8.961051225906655 -135.2274156230554 39.24951340631934
endloop
endfacet
facet normal -7.389487357450305e-13 1.0 -6.244269819309412e-13
outer loop
vertex 8.961051225906655 -135.2274156230554 39.24951340631934
vertex 5.971594665229556 -135.2274156230463 43.389944831587435
vertex 8.472037483793317 -135.2274156230556 40.462729498061535
endloop
endfacet
facet normal -7.389487357450305e-13 1.0 -6.244269819309412e-13
outer loop
vertex 8.472037483793317 -135.2274156230556 40.462729498061535
vertex 5.971594665229556 -135.2274156230463 43.389944831587435
vertex 8.145563798829068 -135.22741562305566 41.72939545965669
endloop
endfacet
facet normal -7.389487357450305e-13 1.0 -6.244269819309412e-13
outer loop
vertex 8.145563798829068 -135.22741562305566 41.72939545965669
vertex 5.971594665229556 -135.2274156230463 43.389944831587435
vertex 7.987216226279262 -135.22741562305552 43.02783828531576
endloop
endfacet
facet normal -7.389487357450305e-13 1.0 -6.244269819309412e-13
outer loop
vertex 7.987216226279262 -135.22741562305552 43.02783828531576
vertex 5.971594665229556 -135.2274156230463 43.389944831587435
vertex 7.999704137012455 -135.2274156230552 44.33584125829534
endloop
endfacet
facet normal -7.389487357450305e-13 1.0 -6.244269819309412e-13
outer loop
vertex 7.999704137012455 -135.2274156230552 44.33584125829534
vertex 5.971594665229556 -135.2274156230463 43.389944831587435
vertex 6.405489515302618 -135.22741562304628 46.685703787205604
endloop
endfacet
facet normal -7.389487357450305e-13 1.0 -6.244269819309412e-13
outer loop
vertex 7.999704137012455 -135.2274156230552 44.33584125829534
vertex 6.405489515302618 -135.22741562304628 46.685703787205604
vertex 8.18281385941371 -135.22741562305472 45.63102408508083
endloop
endfacet
facet normal -7.389487357450305e-13 1.0 -6.244269819309412e-13
outer loop
vertex 8.18281385941371 -135.22741562305472 45.63102408508083
vertex 6.405489515302618 -135.22741562304628 46.685703787205604
vertex 8.533412335365135 -135.22741562305407 46.891225828413404
endloop
endfacet
facet normal -7.389487357450305e-13 1.0 -6.244269819309412e-13
outer loop
vertex 8.533412335365135 -135.22741562305407 46.891225828413404
vertex 6.405489515302618 -135.22741562304628 46.685703787205604
vertex 7.601708442897436 -135.22741562304643 49.57363185227485
endloop
endfacet
facet normal -7.389487357450305e-13 1.0 -6.244269819309412e-13
outer loop
vertex 8.533412335365135 -135.22741562305407 46.891225828413404
vertex 7.601708442897436 -135.22741562304643 49.57363185227485
vertex 9.045500727738933 -135.22741562305328 48.0948840870707
endloop
endfacet
facet normal -7.389487357450305e-13 1.0 -6.244269819309412e-13
outer loop
vertex 9.045500727738933 -135.22741562305328 48.0948840870707
vertex 7.601708442897436 -135.22741562304643 49.57363185227485
vertex 9.710317062163865 -135.22741562305234 49.221403934529995
endloop
endfacet
facet normal -7.389487357450305e-13 1.0 -6.244269819309412e-13
outer loop
vertex 9.710317062163865 -135.22741562305234 49.221403934529995
vertex 7.601708442897436 -135.22741562304643 49.57363185227485
vertex 10.51648614683601 -135.2274156230513 50.251510303870944
endloop
endfacet
facet normal -7.389487357450305e-13 1.0 -6.244269819309412e-13
outer loop
vertex 10.51648614683601 -135.2274156230513 50.251510303870944
vertex 7.601708442897436 -135.22741562304643 49.57363185227485
vertex 9.504617986162526 -135.22741562304662 52.053551911853596
endloop
endfacet
facet normal -7.389487357450305e-13 1.0 -6.244269819309412e-13
outer loop
vertex 10.51648614683601 -135.2274156230513 50.251510303870944
vertex 9.504617986162526 -135.22741562304662 52.053551911853596
vertex 11.450214205204336 -135.22741562305012 51.167577789514674
endloop
endfacet
facet normal -7.389487357450305e-13 1.0 -6.244269819309412e-13
outer loop
vertex 11.450214205204336 -135.22741562305012 51.167577789514674
vertex 9.504617986162526 -135.22741562304662 52.053551911853596
vertex 12.49552489131183 -135.2274156230489 51.95393222279995
endloop
endfacet
facet normal -7.389487357450305e-13 1.0 -6.244269819309412e-13
outer loop
vertex 12.49552489131183 -135.2274156230489 51.95393222279995
vertex 9.504617986162526 -135.22741562304662 52.053551911853596
vertex 13.634532649504319 -135.2274156230476 52.5971188613546
endloop
endfacet
facet normal -7.389487357450305e-13 1.0 -6.244269819309412e-13
outer loop
vertex 13.634532649504319 -135.2274156230476 52.5971188613546
vertex 9.504617986162526 -135.22741562304662 52.053551911853596
vertex 11.984538003207934 -135.22741562304702 53.95646151054921
endloop
endfacet
facet normal -7.389487357450305e-13 1.0 -6.244269819309412e-13
outer loop
vertex 13.634532649504319 -135.2274156230476 52.5971188613546
vertex 11.984538003207934 -135.22741562304702 53.95646151054921
vertex 14.84774874124652 -135.22741562304623 53.086132603467945
endloop
endfacet
facet normal -7.389487357450305e-13 1.0 -6.244269819309412e-13
outer loop
vertex 14.84774874124652 -135.22741562304623 53.086132603467945
vertex 11.984538003207934 -135.22741562304702 53.95646151054921
vertex 16.114414702841675 -135.2274156230449 53.412606288432194
endloop
endfacet
facet normal -7.389487357450305e-13 1.0 -6.244269819309412e-13
outer loop
vertex 16.114414702841675 -135.2274156230449 53.412606288432194
vertex 11.984538003207934 -135.22741562304702 53.95646151054921
vertex 17.412857528500737 -135.22741562304353 53.570953860982
endloop
endfacet
facet normal -7.389487357450305e-13 1.0 -6.244269819309412e-13
outer loop
vertex 24.063664088001108 -135.2274156230623 4.270395711134478
vertex 27.971594665217474 -135.2274156230719 3.287653632271781
vertex 23.309579568667193 -135.22741562307172 3.2876536322705445
endloop
endfacet
facet normal -7.389487357450305e-13 1.0 -6.244269819309412e-13
outer loop
vertex 27.971594665217474 -135.2274156230719 3.287653632271781
vertex 24.063664088001108 -135.2274156230623 4.270395711134478
vertex 27.971594665216852 -135.2274156230851 7.787653632290745
endloop
endfacet
facet normal -7.389487357450305e-13 1.0 -6.244269819309412e-13
outer loop
vertex 27.971594665216852 -135.2274156230851 7.787653632290745
vertex 24.063664088001108 -135.2274156230623 4.270395711134478
vertex 24.766415192764168 -135.22741562306027 5.966986959228916
endloop
endfacet
facet normal -7.389487357450305e-13 1.0 -6.244269819309412e-13
outer loop
vertex 27.971594665216852 -135.2274156230851 7.787653632290745
vertex 24.766415192764168 -135.22741562306027 5.966986959228916
vertex 25.006110507545934 -135.22741562306817 7.787653632304676
endloop
endfacet
facet normal -7.389487357450305e-13 1.0 -6.244269819309412e-13
outer loop
vertex 27.971594665216852 -135.2274156230851 7.787653632290745
vertex 25.006110507545934 -135.22741562306817 7.787653632304676
vertex 29.971594665235763 -135.22741562306578 7.787653632298103
endloop
endfacet
facet normal -7.389487357450305e-13 1.0 -6.244269819309412e-13
outer loop
vertex 29.971594665235763 -135.22741562306578 7.787653632298103
vertex 25.006110507545934 -135.22741562306817 7.787653632304676
vertex 29.971594665229752 -135.22741562305038 43.38994503265705
endloop
endfacet
facet normal -7.389487357450305e-13 1.0 -6.244269819309412e-13
outer loop
vertex 29.971594665229752 -135.22741562305038 43.38994503265705
vertex 25.006110507545934 -135.22741562306817 7.787653632304676
vertex 24.766415192760565 -135.2274156230537 9.608320305364959
endloop
endfacet
facet normal -7.389487357450305e-13 1.0 -6.244269819309412e-13
outer loop
vertex 29.971594665229752 -135.22741562305038 43.38994503265705
vertex 24.766415192760565 -135.2274156230537 9.608320305364959
vertex 24.063664087996955 -135.22741562305714 11.304911553455089
endloop
endfacet
facet normal -7.389487357450305e-13 1.0 -6.244269819309412e-13
outer loop
vertex 29.971594665229752 -135.22741562305038 43.38994503265705
vertex 24.063664087996955 -135.22741562305714 11.304911553455089
vertex 22.94574851969147 -135.22741562305745 12.761807486763212
endloop
endfacet
facet normal -7.389487357450305e-13 1.0 -6.244269819309412e-13
outer loop
vertex 29.971594665229752 -135.22741562305038 43.38994503265705
vertex 22.94574851969147 -135.22741562305745 12.761807486763212
vertex 21.488852586382 -135.22741562305833 13.879723055066997
endloop
endfacet
facet normal -7.389487357450305e-13 1.0 -6.244269819309412e-13
outer loop
vertex 29.971594665229752 -135.22741562305038 43.38994503265705
vertex 21.488852586382 -135.22741562305833 13.879723055066997
vertex 19.792261338289244 -135.22741562305987 14.58247415982933
endloop
endfacet
facet normal -7.389487357450305e-13 1.0 -6.244269819309412e-13
outer loop
vertex 29.971594665229752 -135.22741562305038 43.38994503265705
vertex 19.792261338289244 -135.22741562305987 14.58247415982933
vertex 17.971594665221136 -135.22741562306192 14.822169474611782
endloop
endfacet
facet normal -7.389487357450305e-13 1.0 -6.244269819309412e-13
outer loop
vertex 29.971594665229752 -135.22741562305038 43.38994503265705
vertex 17.971594665221136 -135.22741562306192 14.822169474611782
vertex 26.232872268282403 -135.2274156230382 37.951746909546245
endloop
endfacet
facet normal -7.389487357450305e-13 1.0 -6.244269819309412e-13
outer loop
vertex 26.232872268282403 -135.2274156230382 37.951746909546245
vertex 17.971594665221136 -135.22741562306192 14.822169474611782
vertex 25.426703183610243 -135.2274156230393 36.9216405402053
endloop
endfacet
facet normal -7.389487357450305e-13 1.0 -6.244269819309412e-13
outer loop
vertex 25.426703183610243 -135.2274156230393 36.9216405402053
vertex 17.971594665221136 -135.22741562306192 14.822169474611782
vertex 24.49297512524192 -135.22741562304046 36.005573054561566
endloop
endfacet
facet normal -7.389487357450305e-13 1.0 -6.244269819309412e-13
outer loop
vertex 24.49297512524192 -135.22741562304046 36.005573054561566
vertex 17.971594665221136 -135.22741562306192 14.822169474611782
vertex 23.44766443913442 -135.22741562304168 35.219218621276305
endloop
endfacet
facet normal -7.389487357450305e-13 1.0 -6.244269819309412e-13
outer loop
vertex 23.44766443913442 -135.22741562304168 35.219218621276305
vertex 17.971594665221136 -135.22741562306192 14.822169474611782
vertex 22.30865668094193 -135.227415623043 34.57603198272165
endloop
endfacet
facet normal -7.389487357450305e-13 1.0 -6.244269819309412e-13
outer loop
vertex 22.30865668094193 -135.227415623043 34.57603198272165
vertex 17.971594665221136 -135.22741562306192 14.822169474611782
vertex 21.095440589199725 -135.22741562304432 34.08701824060831
endloop
endfacet
facet normal -7.389487357450305e-13 1.0 -6.244269819309412e-13
outer loop
vertex 21.095440589199725 -135.22741562304432 34.08701824060831
vertex 17.971594665221136 -135.22741562306192 14.822169474611782
vertex 19.82877462760457 -135.2274156230457 33.76054455564407
endloop
endfacet
facet normal -7.389487357450305e-13 1.0 -6.244269819309412e-13
outer loop
vertex 19.82877462760457 -135.2274156230457 33.76054455564407
vertex 17.971594665221136 -135.22741562306192 14.822169474611782
vertex 18.5303318019455 -135.22741562304705 33.60219698309426
endloop
endfacet
facet normal -7.389487357450305e-13 1.0 -6.244269819309412e-13
outer loop
vertex 29.971594665229752 -135.22741562305038 43.38994503265705
vertex 26.232872268282403 -135.2274156230382 37.951746909546245
vertex 26.897688602707337 -135.2274156230373 39.078266757005544
endloop
endfacet
facet normal -7.389487357450305e-13 1.0 -6.244269819309412e-13
outer loop
vertex 29.971594665229752 -135.22741562305038 43.38994503265705
vertex 26.897688602707337 -135.2274156230373 39.078266757005544
vertex 27.409776995081128 -135.22741562303648 40.28192501566285
endloop
endfacet
facet normal -7.389487357450305e-13 1.0 -6.244269819309412e-13
outer loop
vertex 29.971594665229752 -135.22741562305038 43.38994503265705
vertex 27.409776995081128 -135.22741562303648 40.28192501566285
vertex 27.760375471032553 -135.22741562303585 41.542126758995416
endloop
endfacet
facet normal -7.389487357450305e-13 1.0 -6.244269819309412e-13
outer loop
vertex 29.971594665229752 -135.22741562305038 43.38994503265705
vertex 27.760375471032553 -135.22741562303585 41.542126758995416
vertex 27.94348519343382 -135.22741562303537 42.83730958578096
endloop
endfacet
facet normal -7.389487357450305e-13 1.0 -6.244269819309412e-13
outer loop
vertex 29.971594665229752 -135.22741562305038 43.38994503265705
vertex 27.94348519343382 -135.22741562303537 42.83730958578096
vertex 27.955973104167008 -135.22741562303503 44.145312558760544
endloop
endfacet
facet normal -7.389487357450305e-13 1.0 -6.244269819309412e-13
outer loop
vertex 29.971594665229752 -135.22741562305038 43.38994503265705
vertex 27.955973104167008 -135.22741562303503 44.145312558760544
vertex 29.537699768976076 -135.22741562305 46.685703959554026
endloop
endfacet
facet normal -7.389487357450305e-13 1.0 -6.244269819309412e-13
outer loop
vertex 29.537699768976076 -135.22741562305 46.685703959554026
vertex 27.955973104167008 -135.22741562303503 44.145312558760544
vertex 27.79762553161719 -135.22741562303491 45.4437553844196
endloop
endfacet
facet normal -7.389487357450305e-13 1.0 -6.244269819309412e-13
outer loop
vertex 29.537699768976076 -135.22741562305 46.685703959554026
vertex 27.79762553161719 -135.22741562303491 45.4437553844196
vertex 27.47115184665295 -135.22741562303494 46.71042134601476
endloop
endfacet
facet normal -7.389487357450305e-13 1.0 -6.244269819309412e-13
outer loop
vertex 29.537699768976076 -135.22741562305 46.685703959554026
vertex 27.47115184665295 -135.22741562303494 46.71042134601476
vertex 28.341480798347792 -135.22741562304978 49.57363200679817
endloop
endfacet
facet normal -7.389487357450305e-13 1.0 -6.244269819309412e-13
outer loop
vertex 28.341480798347792 -135.22741562304978 49.57363200679817
vertex 27.47115184665295 -135.22741562303494 46.71042134601476
vertex 26.982138104539597 -135.22741562303514 47.92363743775696
endloop
endfacet
facet normal -7.389487357450305e-13 1.0 -6.244269819309412e-13
outer loop
vertex 28.341480798347792 -135.22741562304978 49.57363200679817
vertex 26.982138104539597 -135.22741562303514 47.92363743775696
vertex 26.33895146598494 -135.22741562303554 49.06264519594945
endloop
endfacet
facet normal -7.389487357450305e-13 1.0 -6.244269819309412e-13
outer loop
vertex 28.341480798347792 -135.22741562304978 49.57363200679817
vertex 26.33895146598494 -135.22741562303554 49.06264519594945
vertex 25.552597032699676 -135.22741562303608 50.10795588205694
endloop
endfacet
facet normal -7.389487357450305e-13 1.0 -6.244269819309412e-13
outer loop
vertex 28.341480798347792 -135.22741562304978 49.57363200679817
vertex 25.552597032699676 -135.22741562303608 50.10795588205694
vertex 26.438571218129 -135.2274156230494 52.05355203802138
endloop
endfacet
facet normal -7.389487357450305e-13 1.0 -6.244269819309412e-13
outer loop
vertex 26.438571218129 -135.2274156230494 52.05355203802138
vertex 25.552597032699676 -135.22741562303608 50.10795588205694
vertex 24.636529547055932 -135.2274156230368 51.04168394042527
endloop
endfacet
facet normal -7.389487357450305e-13 1.0 -6.244269819309412e-13
outer loop
vertex 26.438571218129 -135.2274156230494 52.05355203802138
vertex 24.636529547055932 -135.2274156230368 51.04168394042527
vertex 23.606423177714984 -135.22741562303767 51.84785302509741
endloop
endfacet
facet normal -7.389487357450305e-13 1.0 -6.244269819309412e-13
outer loop
vertex 26.438571218129 -135.2274156230494 52.05355203802138
vertex 23.606423177714984 -135.22741562303767 51.84785302509741
vertex 22.479903330255688 -135.22741562303864 52.51266935952234
endloop
endfacet
facet normal -7.389487357450305e-13 1.0 -6.244269819309412e-13
outer loop
vertex 26.438571218129 -135.2274156230494 52.05355203802138
vertex 22.479903330255688 -135.22741562303864 52.51266935952234
vertex 23.958651172728032 -135.22741562304896 53.95646159976331
endloop
endfacet
facet normal -7.389487357450305e-13 1.0 -6.244269819309412e-13
outer loop
vertex 23.958651172728032 -135.22741562304896 53.95646159976331
vertex 22.479903330255688 -135.22741562303864 52.51266935952234
vertex 21.27624507159838 -135.22741562303975 53.02475775189613
endloop
endfacet
facet normal -7.389487357450305e-13 1.0 -6.244269819309412e-13
outer loop
vertex 23.958651172728032 -135.22741562304896 53.95646159976331
vertex 21.27624507159838 -135.22741562303975 53.02475775189613
vertex 20.016043328265813 -135.22741562304094 53.37535622784756
endloop
endfacet
facet normal -7.389487357450305e-13 1.0 -6.244269819309412e-13
outer loop
vertex 23.958651172728032 -135.22741562304896 53.95646159976331
vertex 20.016043328265813 -135.22741562304094 53.37535622784756
vertex 18.72086050148032 -135.2274156230422 53.5584659502488
endloop
endfacet
facet normal -7.389487357450305e-13 1.0 -6.244269819309412e-13
outer loop
vertex 23.958651172728032 -135.22741562304896 53.95646159976331
vertex 18.72086050148032 -135.2274156230422 53.5584659502488
vertex 17.412857528500737 -135.22741562304353 53.570953860982
endloop
endfacet
facet normal -7.389487357450305e-13 1.0 -6.244269819309412e-13
outer loop
vertex 23.958651172728032 -135.22741562304896 53.95646159976331
vertex 17.412857528500737 -135.22741562304353 53.570953860982
vertex 11.984538003207934 -135.22741562304702 53.95646151054921
endloop
endfacet
facet normal -7.389487357450305e-13 1.0 -6.244269819309412e-13
outer loop
vertex 23.958651172728032 -135.22741562304896 53.95646159976331
vertex 11.984538003207934 -135.22741562304702 53.95646151054921
vertex 14.872466041539562 -135.22741562304745 55.152680502694245
endloop
endfacet
facet normal -7.389487357450305e-13 1.0 -6.244269819309412e-13
outer loop
vertex 23.958651172728032 -135.22741562304896 53.95646159976331
vertex 14.872466041539562 -135.22741562304745 55.152680502694245
vertex 21.07072311657135 -135.2274156230485 55.15268054887486
endloop
endfacet
facet normal -7.389487357450305e-13 1.0 -6.244269819309412e-13
outer loop
vertex 21.07072311657135 -135.2274156230485 55.15268054887486
vertex 14.872466041539562 -135.22741562304745 55.152680502694245
vertex 17.97159457601556 -135.22741562304796 55.560688540050435
endloop
endfacet
facet normal -0.8660254037839301 -1.6623267700513358e-12 -0.5000000000008809
outer loop
vertex 11.879525242453662 -135.227415623077 4.270395711127265
vertex 12.633609761777338 -128.22741562310347 3.2876536322595507
vertex 12.633609761786063 -135.2274156230868 3.287653632267713
endloop
endfacet
facet normal -0.7933533402908767 -1.6987061163910997e-12 -0.6087614290091882
outer loop
vertex 12.633609761777338 -128.22741562310347 3.2876536322595507
vertex 11.879525242453662 -135.227415623077 4.270395711127265
vertex 11.879525242444936 -128.22741562309363 4.270395711119103
endloop
endfacet
facet normal -0.9659258262891555 -1.5054974006666326e-12 -0.2588190451021954
outer loop
vertex 11.176774137688342 -135.2274156230717 5.966986959221484
vertex 11.879525242444936 -128.22741562309363 4.270395711119103
vertex 11.879525242453662 -135.227415623077 4.270395711127265
endloop
endfacet
facet normal -0.8660254037843509 -1.6623267700510097e-12 -0.500000000000152
outer loop
vertex 11.879525242444936 -128.22741562309363 4.270395711119103
vertex 11.176774137688342 -135.2274156230717 5.966986959221484
vertex 11.176774137679617 -128.22741562308835 5.966986959213322
endloop
endfacet
facet normal -1.0 -1.2462196843073485e-12 4.866446225087027e-13
outer loop
vertex 10.937078822895991 -128.2274156231044 7.787653632291153
vertex 11.176774137688342 -135.2274156230717 5.966986959221484
vertex 10.937078822904716 -135.22741562308775 7.787653632299316
endloop
endfacet
facet normal -0.9659258262891555 -1.5054974006666326e-12 -0.2588190451021954
outer loop
vertex 11.176774137688342 -135.2274156230717 5.966986959221484
vertex 10.937078822895991 -128.2274156231044 7.787653632291153
vertex 11.176774137679617 -128.22741562308835 5.966986959213322
endloop
endfacet
facet normal -0.9659258262891285 -9.020141559390842e-13 0.2588190451022967
outer loop
vertex 11.176774137688094 -135.22741562307397 9.608320305357395
vertex 10.937078822895991 -128.2274156231044 7.787653632291153
vertex 10.937078822904716 -135.22741562308775 7.787653632299316
endloop
endfacet
facet normal -1.0 -1.2462196843073485e-12 4.866446225087027e-13
outer loop
vertex 10.937078822895991 -128.2274156231044 7.787653632291153
vertex 11.176774137688094 -135.22741562307397 9.608320305357395
vertex 11.176774137679368 -128.2274156230906 9.608320305349233
endloop
endfacet
facet normal -0.8660254037847194 -4.963378534921435e-13 0.49999999999951394
outer loop
vertex 11.87952524244948 -135.2274156230718 11.30491155344786
vertex 11.176774137679368 -128.2274156230906 9.608320305349233
vertex 11.176774137688094 -135.22741562307397 9.608320305357395
endloop
endfacet
facet normal -0.9659258262890023 -9.020141559383783e-13 0.25881904510276726
outer loop
vertex 11.176774137679368 -128.2274156230906 9.608320305349233
vertex 11.87952524244948 -135.2274156230718 11.30491155344786
vertex 11.879525242440755 -128.22741562308846 11.304911553439698
endloop
endfacet
facet normal -0.7071067811869463 -5.6836946566325574e-14 0.7071067811861489
outer loop
vertex 12.997440810753256 -135.22741562306942 12.761807486757327
vertex 11.879525242440755 -128.22741562308846 11.304911553439698
vertex 11.87952524244948 -135.2274156230718 11.30491155344786
endloop
endfacet
facet normal -0.8660254037847516 -4.963378534922487e-13 0.499999999999458
outer loop
vertex 11.879525242440755 -128.22741562308846 11.304911553439698
vertex 12.997440810753256 -135.22741562306942 12.761807486757327
vertex 12.99744081074453 -128.22741562308607 12.761807486749174
endloop
endfacet
facet normal -0.7071067811869463 -5.6836946566325574e-14 0.7071067811861489
outer loop
vertex 12.997440810753256 -135.22741562306942 12.761807486757327
vertex 14.454336744052668 -128.2274156230835 13.879723055054672
vertex 12.99744081074453 -128.22741562308607 12.761807486749174
endloop
endfacet
facet normal -0.5000000000005307 3.865373043404144e-13 0.8660254037841323
outer loop
vertex 14.454336744052668 -128.2274156230835 13.879723055054672
vertex 12.997440810753256 -135.22741562306942 12.761807486757327
vertex 14.454336744061392 -135.22741562306686 13.879723055062826
endloop
endfacet
facet normal -0.5000000000004948 3.8653730434048334e-13 0.8660254037841529
outer loop
vertex 14.454336744061392 -135.22741562306686 13.879723055062826
vertex 16.150927992144585 -128.22741562308093 14.58247415981902
vertex 14.454336744052668 -128.2274156230835 13.879723055054672
endloop
endfacet
facet normal -0.2588190451031046 8.035696767395497e-13 0.9659258262889119
outer loop
vertex 16.150927992144585 -128.22741562308093 14.58247415981902
vertex 14.454336744061392 -135.22741562306686 13.879723055062826
vertex 16.15092799215331 -135.22741562306427 14.582474159827171
endloop
endfacet
facet normal -0.25881904510308085 8.03569676739587e-13 0.9659258262889183
outer loop
vertex 16.15092799215331 -135.22741562306427 14.582474159827171
vertex 17.97159466521241 -128.22741562307854 14.82216947460363
vertex 16.150927992144585 -128.22741562308093 14.58247415981902
endloop
endfacet
facet normal -5.949502521828405e-13 1.1658401036305618e-12 1.0
outer loop
vertex 17.97159466521241 -128.22741562307854 14.82216947460363
vertex 16.15092799215331 -135.22741562306427 14.582474159827171
vertex 17.971594665221136 -135.22741562306192 14.822169474611782
endloop
endfacet
facet normal -5.896214084652935e-13 1.1658401036305683e-12 1.0
outer loop
vertex 17.971594665221136 -135.22741562306192 14.822169474611782
vertex 19.792261338280515 -128.2274156230765 14.582474159821176
vertex 17.97159466521241 -128.22741562307854 14.82216947460363
endloop
endfacet
facet normal 0.25881904510195397 1.44866045410101e-12 0.9659258262892203
outer loop
vertex 19.792261338280515 -128.2274156230765 14.582474159821176
vertex 17.971594665221136 -135.22741562306192 14.822169474611782
vertex 19.792261338289244 -135.22741562305987 14.58247415982933
endloop
endfacet
facet normal 0.2588190451019408 1.4486604541009976e-12 0.9659258262892237
outer loop
vertex 19.792261338289244 -135.22741562305987 14.58247415982933
vertex 21.488852586373266 -128.22741562307496 13.879723055058843
vertex 19.792261338280515 -128.2274156230765 14.582474159821176
endloop
endfacet
facet normal 0.49999999999949835 1.6327569886490612e-12 0.8660254037847283
outer loop
vertex 21.488852586373266 -128.22741562307496 13.879723055058843
vertex 19.792261338289244 -135.22741562305987 14.58247415982933
vertex 21.488852586382 -135.22741562305833 13.879723055066997
endloop
endfacet
facet normal 0.4999999999994747 1.6327569886490479e-12 0.866025403784742
outer loop
vertex 21.488852586382 -135.22741562305833 13.879723055066997
vertex 22.945748519682738 -128.22741562307408 12.761807486755059
vertex 21.488852586373266 -128.22741562307496 13.879723055058843
endloop
endfacet
facet normal 0.7071067811861445 1.7055838326791755e-12 0.7071067811869507
outer loop
vertex 22.945748519682738 -128.22741562307408 12.761807486755059
vertex 21.488852586382 -135.22741562305833 13.879723055066997
vertex 22.94574851969147 -135.22741562305745 12.761807486763212
endloop
endfacet
facet normal 0.7933533402908747 1.6984110367647397e-12 0.6087614290091907
outer loop
vertex 24.063664087996955 -135.22741562305714 11.304911553455089
vertex 22.945748519682738 -128.22741562307408 12.761807486755059
vertex 22.94574851969147 -135.22741562305745 12.761807486763212
endloop
endfacet
facet normal 0.7071067811861445 1.7055838326791755e-12 0.7071067811869507
outer loop
vertex 22.945748519682738 -128.22741562307408 12.761807486755059
vertex 24.063664087996955 -135.22741562305714 11.304911553455089
vertex 24.063664087988233 -128.2274156230738 11.304911553446926
endloop
endfacet
facet normal 0.9659258262888403 1.5054974006676112e-12 0.2588190451033718
outer loop
vertex 24.766415192760565 -135.2274156230537 9.608320305364959
vertex 24.063664087988233 -128.2274156230738 11.304911553446926
vertex 24.063664087996955 -135.22741562305714 11.304911553455089
endloop
endfacet
facet normal 0.923879532511059 1.597504551791617e-12 0.3826834323656397
outer loop
vertex 24.063664087988233 -128.2274156230738 11.304911553446926
vertex 24.766415192760565 -135.2274156230537 9.608320305364959
vertex 24.766415192751847 -128.22741562307033 9.608320305356797
endloop
endfacet
facet normal 1.0 1.2462196843097521e-12 1.5749673851701616e-12
outer loop
vertex 25.00611050753721 -128.2274156230848 7.787653632296513
vertex 24.766415192760565 -135.2274156230537 9.608320305364959
vertex 25.006110507545934 -135.22741562306817 7.787653632304676
endloop
endfacet
facet normal 0.9659258262888403 1.5054974006676112e-12 0.2588190451033718
outer loop
vertex 24.766415192760565 -135.2274156230537 9.608320305364959
vertex 25.00611050753721 -128.2274156230848 7.787653632296513
vertex 24.766415192751847 -128.22741562307033 9.608320305356797
endloop
endfacet
facet normal 0.9659258262894044 9.020141559406289e-13 -0.2588190451012666
outer loop
vertex 24.766415192764168 -135.22741562306027 5.966986959228916
vertex 25.00611050753721 -128.2274156230848 7.787653632296513
vertex 25.006110507545934 -135.22741562306817 7.787653632304676
endloop
endfacet
facet normal 1.0 1.2462196843097521e-12 1.5749673851701616e-12
outer loop
vertex 25.00611050753721 -128.2274156230848 7.787653632296513
vertex 24.766415192764168 -135.22741562306027 5.966986959228916
vertex 24.766415192755442 -128.2274156230769 5.966986959220754
endloop
endfacet
facet normal 0.8660254037848476 4.963536720222335e-13 -0.4999999999992918
outer loop
vertex 24.06366408799239 -128.22741562307897 4.270395711126316
vertex 24.766415192764168 -135.22741562306027 5.966986959228916
vertex 24.063664088001108 -135.2274156230623 4.270395711134478
endloop
endfacet
facet normal 0.9659258262894044 9.020141559406289e-13 -0.2588190451012666
outer loop
vertex 24.766415192764168 -135.22741562306027 5.966986959228916
vertex 24.06366408799239 -128.22741562307897 4.270395711126316
vertex 24.766415192755442 -128.2274156230769 5.966986959220754
endloop
endfacet
facet normal 0.7933533402915979 2.790054282010235e-13 -0.6087614290082479
outer loop
vertex 23.309579568658474 -128.22741562308838 3.287653632262382
vertex 24.063664088001108 -135.2274156230623 4.270395711134478
vertex 23.309579568667193 -135.22741562307172 3.2876536322705445
endloop
endfacet
facet normal 0.8660254037846182 4.963536720214842e-13 -0.4999999999996892
outer loop
vertex 24.063664088001108 -135.2274156230623 4.270395711134478
vertex 23.309579568658474 -128.22741562308838 3.287653632262382
vertex 24.06366408799239 -128.22741562307897 4.270395711126316
endloop
endfacet
facet normal -4.2712191858204987e-13 1.0582427791211913e-12 1.0
outer loop
vertex 23.309579568667193 -135.22741562307172 3.2876536322705445
vertex 27.971594665214166 -128.2274156230719 3.287653632265128
vertex 23.309579568658474 -128.22741562308838 3.287653632262382
endloop
endfacet
facet normal -4.2712191858204987e-13 1.0582427791211913e-12 1.0
outer loop
vertex 27.971594665214166 -128.2274156230719 3.287653632265128
vertex 23.309579568667193 -135.22741562307172 3.2876536322705445
vertex 27.971594665217474 -135.2274156230719 3.287653632271781
endloop
endfacet
facet normal 1.05066743990146e-12 -1.0 1.2836542359094029e-12
outer loop
vertex 42.971594665229254 -138.22741562304208 0.28765363227819823
vertex 7.971594665228735 -138.22741562310807 0.28765363228150687
vertex 27.971594665228956 -138.22741562306203 0.2876536322748903
endloop
endfacet
facet normal 1.05066743990146e-12 -1.0 1.2836542359094029e-12
outer loop
vertex 7.971594665228735 -138.22741562310807 0.28765363228150687
vertex 42.971594665229254 -138.22741562304208 0.28765363227819823
vertex 42.97159466523367 -138.2274156230375 7.787653632303731
endloop
endfacet
facet normal 1.05066743990146e-12 -1.0 1.2836542359094029e-12
outer loop
vertex 7.971594665228735 -138.22741562310807 0.28765363228150687
vertex 42.97159466523367 -138.2274156230375 7.787653632303731
vertex 17.971594665235614 -138.22741562309406 4.787653632291891
endloop
endfacet
facet normal 1.05066743990146e-12 -1.0 1.2836542359094029e-12
outer loop
vertex 17.971594665235614 -138.22741562309406 4.787653632291891
vertex 42.97159466523367 -138.2274156230375 7.787653632303731
vertex 18.748051800543116 -138.22741562309307 4.889876153425146
endloop
endfacet
facet normal 1.05066743990146e-12 -1.0 1.2836542359094029e-12
outer loop
vertex 18.748051800543116 -138.22741562309307 4.889876153425146
vertex 42.97159466523367 -138.2274156230375 7.787653632303731
vertex 19.471594665235376 -138.22741562309199 5.189577420939464
endloop
endfacet
facet normal 1.05066743990146e-12 -1.0 1.2836542359094029e-12
outer loop
vertex 19.471594665235376 -138.22741562309199 5.189577420939464
vertex 42.97159466523367 -138.2274156230375 7.787653632303731
vertex 20.092915008794737 -138.2274156230909 5.666333288733505
endloop
endfacet
facet normal 1.05066743990146e-12 -1.0 1.2836542359094029e-12
outer loop
vertex 20.092915008794737 -138.2274156230909 5.666333288733505
vertex 42.97159466523367 -138.2274156230375 7.787653632303731
vertex 20.56967087658804 -138.22741562308988 6.28765363229343
endloop
endfacet
facet normal 1.05066743990146e-12 -1.0 1.2836542359094029e-12
outer loop
vertex 20.56967087658804 -138.22741562308988 6.28765363229343
vertex 42.97159466523367 -138.2274156230375 7.787653632303731
vertex 20.8693721441015 -138.227415623089 7.011196496986044
endloop
endfacet
facet normal 1.05066743990146e-12 -1.0 1.2836542359094029e-12
outer loop
vertex 20.8693721441015 -138.227415623089 7.011196496986044
vertex 42.97159466523367 -138.2274156230375 7.787653632303731
vertex 20.971594665233837 -138.2274156230883 7.787653632293668
endloop
endfacet
facet normal 1.05066743990146e-12 -1.0 1.2836542359094029e-12
outer loop
vertex 20.971594665233837 -138.2274156230883 7.787653632293668
vertex 42.97159466523367 -138.2274156230375 7.787653632303731
vertex 32.971594665233674 -138.22741562304472 7.787653632303731
endloop
endfacet
facet normal 1.05066743990146e-12 -1.0 1.2836542359094029e-12
outer loop
vertex 20.971594665233837 -138.2274156230883 7.787653632293668
vertex 32.971594665233674 -138.22741562304472 7.787653632303731
vertex 20.869372144100588 -138.22741562308784 8.564110767601173
endloop
endfacet
facet normal 1.05066743990146e-12 -1.0 1.2836542359094029e-12
outer loop
vertex 20.869372144100588 -138.22741562308784 8.564110767601173
vertex 32.971594665233674 -138.22741562304472 7.787653632303731
vertex 32.97159466522517 -138.22741562304023 43.586575422035686
endloop
endfacet
facet normal 1.05066743990146e-12 -1.0 1.2836542359094029e-12
outer loop
vertex 20.869372144100588 -138.22741562308784 8.564110767601173
vertex 32.97159466522517 -138.22741562304023 43.586575422035686
vertex 20.569670876586265 -138.22741562308767 9.28765363229343
endloop
endfacet
facet normal 1.05066743990146e-12 -1.0 1.2836542359094029e-12
outer loop
vertex 20.569670876586265 -138.22741562308767 9.28765363229343
vertex 32.97159466522517 -138.22741562304023 43.586575422035686
vertex 20.09291500879222 -138.22741562308778 9.908973975852792
endloop
endfacet
facet normal 1.05066743990146e-12 -1.0 1.2836542359094029e-12
outer loop
vertex 20.09291500879222 -138.22741562308778 9.908973975852792
vertex 32.97159466522517 -138.22741562304023 43.586575422035686
vertex 19.471594665232296 -138.22741562308818 10.385729843646097
endloop
endfacet
facet normal 1.05066743990146e-12 -1.0 1.2836542359094029e-12
outer loop
vertex 19.471594665232296 -138.22741562308818 10.385729843646097
vertex 32.97159466522517 -138.22741562304023 43.586575422035686
vertex 18.748051800539685 -138.2274156230888 10.685431111159556
endloop
endfacet
facet normal 1.05066743990146e-12 -1.0 1.2836542359094029e-12
outer loop
vertex 18.748051800539685 -138.2274156230888 10.685431111159556
vertex 32.97159466522517 -138.22741562304023 43.586575422035686
vertex 17.97159466523206 -138.22741562308963 10.78765363229189
endloop
endfacet
facet normal 1.05066743990146e-12 -1.0 1.2836542359094029e-12
outer loop
vertex 17.97159466523206 -138.22741562308963 10.78765363229189
vertex 32.97159466522517 -138.22741562304023 43.586575422035686
vertex 20.573831874661153 -138.22741562303415 38.180249358443895
endloop
endfacet
facet normal 1.05066743990146e-12 -1.0 1.2836542359094029e-12
outer loop
vertex 17.97159466523206 -138.22741562308963 10.78765363229189
vertex 20.573831874661153 -138.22741562303415 38.180249358443895
vertex 19.845902219615834 -138.22741562303494 37.88684111317589
endloop
endfacet
facet normal 1.05066743990146e-12 -1.0 1.2836542359094029e-12
outer loop
vertex 17.97159466523206 -138.22741562308963 10.78765363229189
vertex 19.845902219615834 -138.22741562303494 37.88684111317589
vertex 19.085902642658738 -138.22741562303574 37.69095690219734
endloop
endfacet
facet normal 1.05066743990146e-12 -1.0 1.2836542359094029e-12
outer loop
vertex 17.97159466523206 -138.22741562308963 10.78765363229189
vertex 19.085902642658738 -138.22741562303574 37.69095690219734
vertex 18.3068369472633 -138.22741562303653 37.59594835866746
endloop
endfacet
facet normal 1.05066743990146e-12 -1.0 1.2836542359094029e-12
outer loop
vertex 20.573831874661153 -138.22741562303415 38.180249358443895
vertex 32.97159466522517 -138.22741562304023 43.586575422035686
vertex 21.25723652957664 -138.22741562303338 38.56616134157669
endloop
endfacet
facet normal 1.05066743990146e-12 -1.0 1.2836542359094029e-12
outer loop
vertex 21.25723652957664 -138.22741562303338 38.56616134157669
vertex 32.97159466522517 -138.22741562304023 43.586575422035686
vertex 21.884422941241148 -138.2274156230326 39.037974001547845
endloop
endfacet
facet normal 1.05066743990146e-12 -1.0 1.2836542359094029e-12
outer loop
vertex 21.884422941241148 -138.2274156230326 39.037974001547845
vertex 32.97159466522517 -138.22741562304023 43.586575422035686
vertex 22.44465977626214 -138.22741562303193 39.58761449293409
endloop
endfacet
facet normal 1.05066743990146e-12 -1.0 1.2836542359094029e-12
outer loop
vertex 22.44465977626214 -138.22741562303193 39.58761449293409
vertex 32.97159466522517 -138.22741562304023 43.586575422035686
vertex 22.928361227065427 -138.2274156230313 40.20567831453865
endloop
endfacet
facet normal 1.05066743990146e-12 -1.0 1.2836542359094029e-12
outer loop
vertex 22.928361227065427 -138.2274156230313 40.20567831453865
vertex 32.97159466522517 -138.22741562304023 43.586575422035686
vertex 23.327251027720386 -138.22741562303074 40.881590223014236
endloop
endfacet
facet normal 1.05066743990146e-12 -1.0 1.2836542359094029e-12
outer loop
vertex 23.327251027720386 -138.22741562303074 40.881590223014236
vertex 32.97159466522517 -138.22741562304023 43.586575422035686
vertex 23.634504063144664 -138.22741562303025 41.60378517820861
endloop
endfacet
facet normal 1.05066743990146e-12 -1.0 1.2836542359094029e-12
outer loop
vertex 23.634504063144664 -138.22741562303025 41.60378517820861
vertex 32.97159466522517 -138.22741562304023 43.586575422035686
vertex 23.844863148715515 -138.22741562302988 42.35990622420816
endloop
endfacet
facet normal 1.05066743990146e-12 -1.0 1.2836542359094029e-12
outer loop
vertex 23.844863148715515 -138.22741562302988 42.35990622420816
vertex 32.97159466522517 -138.22741562304023 43.586575422035686
vertex 23.954728982156272 -138.22741562302957 43.137015920279445
endloop
endfacet
facet normal 1.05066743990146e-12 -1.0 1.2836542359094029e-12
outer loop
vertex 23.954728982156272 -138.22741562302957 43.137015920279445
vertex 32.97159466522517 -138.22741562304023 43.586575422035686
vertex 23.96222172859619 -138.2274156230294 43.9218177040672
endloop
endfacet
facet normal 1.05066743990146e-12 -1.0 1.2836542359094029e-12
outer loop
vertex 23.96222172859619 -138.2274156230294 43.9218177040672
vertex 32.97159466522517 -138.22741562304023 43.586575422035686
vertex 32.46048205474032 -138.22741562303946 47.4688611165653
endloop
endfacet
facet normal 1.05066743990146e-12 -1.0 1.2836542359094029e-12
outer loop
vertex 23.96222172859619 -138.2274156230294 43.9218177040672
vertex 32.46048205474032 -138.22741562303946 47.4688611165653
vertex 23.867213185066305 -138.22741562302932 44.70088339946264
endloop
endfacet
facet normal 1.05066743990146e-12 -1.0 1.2836542359094029e-12
outer loop
vertex 23.867213185066305 -138.22741562302932 44.70088339946264
vertex 32.46048205474032 -138.22741562303946 47.4688611165653
vertex 23.671328974087757 -138.22741562302932 45.46088297641973
endloop
endfacet
facet normal 1.05066743990146e-12 -1.0 1.2836542359094029e-12
outer loop
vertex 23.671328974087757 -138.22741562302932 45.46088297641973
vertex 32.46048205474032 -138.22741562303946 47.4688611165653
vertex 23.377920728819753 -138.22741562302943 46.188812631465055
endloop
endfacet
facet normal 1.05066743990146e-12 -1.0 1.2836542359094029e-12
outer loop
vertex 23.377920728819753 -138.22741562302943 46.188812631465055
vertex 32.46048205474032 -138.22741562303946 47.4688611165653
vertex 22.992008745686963 -138.22741562302966 46.87221728638055
endloop
endfacet
facet normal 1.05066743990146e-12 -1.0 1.2836542359094029e-12
outer loop
vertex 22.992008745686963 -138.22741562302966 46.87221728638055
vertex 32.46048205474032 -138.22741562303946 47.4688611165653
vertex 22.520196085715806 -138.22741562303 47.49940369804504
endloop
endfacet
facet normal 1.05066743990146e-12 -1.0 1.2836542359094029e-12
outer loop
vertex 22.520196085715806 -138.22741562303 47.49940369804504
vertex 32.46048205474032 -138.22741562303946 47.4688611165653
vertex 30.96197570336529 -138.22741562303872 51.086575454297694
endloop
endfacet
facet normal 1.05066743990146e-12 -1.0 1.2836542359094029e-12
outer loop
vertex 22.520196085715806 -138.22741562303 47.49940369804504
vertex 30.96197570336529 -138.22741562303872 51.086575454297694
vertex 21.970555594329568 -138.22741562303042 48.059640533066045
endloop
endfacet
facet normal 1.05066743990146e-12 -1.0 1.2836542359094029e-12
outer loop
vertex 21.970555594329568 -138.22741562303042 48.059640533066045
vertex 30.96197570336529 -138.22741562303872 51.086575454297694
vertex 21.352491772725 -138.22741562303094 48.54334198386933
endloop
endfacet
facet normal 1.05066743990146e-12 -1.0 1.2836542359094029e-12
outer loop
vertex 21.352491772725 -138.22741562303094 48.54334198386933
vertex 30.96197570336529 -138.22741562303872 51.086575454297694
vertex 20.676579864249423 -138.2274156230315 48.94223178452429
endloop
endfacet
facet normal 1.05066743990146e-12 -1.0 1.2836542359094029e-12
outer loop
vertex 20.676579864249423 -138.2274156230315 48.94223178452429
vertex 30.96197570336529 -138.22741562303872 51.086575454297694
vertex 19.954384909055044 -138.22741562303216 49.24948481994857
endloop
endfacet
facet normal 1.05066743990146e-12 -1.0 1.2836542359094029e-12
outer loop
vertex 19.954384909055044 -138.22741562303216 49.24948481994857
vertex 30.96197570336529 -138.22741562303872 51.086575454297694
vertex 19.198263863055498 -138.2274156230329 49.45984390551943
endloop
endfacet
facet normal 1.05066743990146e-12 -1.0 1.2836542359094029e-12
outer loop
vertex 19.198263863055498 -138.2274156230329 49.45984390551943
vertex 30.96197570336529 -138.22741562303872 51.086575454297694
vertex 18.42115416698421 -138.22741562303364 49.569709738960185
endloop
endfacet
facet normal 1.05066743990146e-12 -1.0 1.2836542359094029e-12
outer loop
vertex 18.42115416698421 -138.22741562303364 49.569709738960185
vertex 30.96197570336529 -138.22741562303872 51.086575454297694
vertex 17.636352383196456 -138.22741562303443 49.5772024854001
endloop
endfacet
facet normal 1.05066743990146e-12 -1.0 1.2836542359094029e-12
outer loop
vertex 17.636352383196456 -138.22741562303443 49.5772024854001
vertex 30.96197570336529 -138.22741562303872 51.086575454297694
vertex 4.981213515326149 -138.22741562303804 51.086575260725944
endloop
endfacet
facet normal 1.05066743990146e-12 -1.0 1.2836542359094029e-12
outer loop
vertex 4.981213515326149 -138.22741562303804 51.086575260725944
vertex 30.96197570336529 -138.22741562303872 51.086575454297694
vertex 7.364992828888776 -138.2274156230375 54.19317702129596
endloop
endfacet
facet normal 1.05066743990146e-12 -1.0 1.2836542359094029e-12
outer loop
vertex 7.364992828888776 -138.2274156230375 54.19317702129596
vertex 30.96197570336529 -138.22741562303872 51.086575454297694
vertex 28.578196343510683 -138.22741562303807 54.19317717934664
endloop
endfacet
facet normal 1.05066743990146e-12 -1.0 1.2836542359094029e-12
outer loop
vertex 7.364992828888776 -138.2274156230375 54.19317702129596
vertex 28.578196343510683 -138.22741562303807 54.19317717934664
vertex 10.471594536177177 -138.22741562303713 56.576956404296546
endloop
endfacet
facet normal 1.05066743990146e-12 -1.0 1.2836542359094029e-12
outer loop
vertex 10.471594536177177 -138.22741562303713 56.576956404296546
vertex 28.578196343510683 -138.22741562303807 54.19317717934664
vertex 25.471594600701202 -138.22741562303753 56.576956516055255
endloop
endfacet
facet normal 1.05066743990146e-12 -1.0 1.2836542359094029e-12
outer loop
vertex 10.471594536177177 -138.22741562303713 56.576956404296546
vertex 25.471594600701202 -138.22741562303753 56.576956516055255
vertex 14.089308862744833 -138.22741562303693 58.07546278262565
endloop
endfacet
facet normal 1.05066743990146e-12 -1.0 1.2836542359094029e-12
outer loop
vertex 14.089308862744833 -138.22741562303693 58.07546278262565
vertex 25.471594600701202 -138.22741562303753 56.576956516055255
vertex 21.85388025180405 -138.22741562303716 58.07546284047621
endloop
endfacet
facet normal 1.05066743990146e-12 -1.0 1.2836542359094029e-12
outer loop
vertex 14.089308862744833 -138.22741562303693 58.07546278262565
vertex 21.85388025180405 -138.22741562303716 58.07546284047621
vertex 17.971594553466357 -138.22741562303696 58.586575422035786
endloop
endfacet
facet normal 1.05066743990146e-12 -1.0 1.2836542359094029e-12
outer loop
vertex 15.073817186366174 -138.22741562309469 8.564110767597736
vertex 2.9715946652334635 -138.22741562310247 7.787653632303729
vertex 14.971594665233837 -138.2274156230954 7.787653632290114
endloop
endfacet
facet normal 1.05066743990146e-12 -1.0 1.2836542359094029e-12
outer loop
vertex 2.9715946652334635 -138.22741562310247 7.787653632303729
vertex 15.073817186366174 -138.22741562309469 8.564110767597736
vertex 2.971594665224971 -138.2274156230394 43.58657519851828
endloop
endfacet
facet normal 1.05066743990146e-12 -1.0 1.2836542359094029e-12
outer loop
vertex 2.971594665224971 -138.2274156230394 43.58657519851828
vertex 15.073817186366174 -138.22741562309469 8.564110767597736
vertex 15.373518453879631 -138.2274156230938 9.287653632290352
endloop
endfacet
facet normal 1.05066743990146e-12 -1.0 1.2836542359094029e-12
outer loop
vertex 2.971594665224971 -138.2274156230394 43.58657519851828
vertex 15.373518453879631 -138.2274156230938 9.287653632290352
vertex 15.850274321672938 -138.22741562309278 9.908973975850277
endloop
endfacet
facet normal 1.05066743990146e-12 -1.0 1.2836542359094029e-12
outer loop
vertex 2.971594665224971 -138.2274156230394 43.58657519851828
vertex 15.850274321672938 -138.22741562309278 9.908973975850277
vertex 16.4715946652323 -138.2274156230917 10.385729843644318
endloop
endfacet
facet normal 1.05066743990146e-12 -1.0 1.2836542359094029e-12
outer loop
vertex 2.971594665224971 -138.2274156230394 43.58657519851828
vertex 16.4715946652323 -138.2274156230917 10.385729843644318
vertex 17.19513752992456 -138.22741562309062 10.685431111158636
endloop
endfacet
facet normal 1.05066743990146e-12 -1.0 1.2836542359094029e-12
outer loop
vertex 2.971594665224971 -138.2274156230394 43.58657519851828
vertex 17.19513752992456 -138.22741562309062 10.685431111158636
vertex 17.97159466523206 -138.22741562308963 10.78765363229189
endloop
endfacet
facet normal 1.05066743990146e-12 -1.0 1.2836542359094029e-12
outer loop
vertex 2.971594665224971 -138.2274156230394 43.58657519851828
vertex 17.97159466523206 -138.22741562308963 10.78765363229189
vertex 15.266609466210303 -138.22741562303946 38.23091905954327
endloop
endfacet
facet normal 1.05066743990146e-12 -1.0 1.2836542359094029e-12
outer loop
vertex 15.266609466210303 -138.22741562303946 38.23091905954327
vertex 17.97159466523206 -138.22741562308963 10.78765363229189
vertex 15.988804421404684 -138.2274156230388 37.92366602411899
endloop
endfacet
facet normal 1.05066743990146e-12 -1.0 1.2836542359094029e-12
outer loop
vertex 15.988804421404684 -138.2274156230388 37.92366602411899
vertex 17.97159466523206 -138.22741562308963 10.78765363229189
vertex 16.74492546740423 -138.22741562303807 37.71330693854813
endloop
endfacet
facet normal 1.05066743990146e-12 -1.0 1.2836542359094029e-12
outer loop
vertex 16.74492546740423 -138.22741562303807 37.71330693854813
vertex 17.97159466523206 -138.22741562308963 10.78765363229189
vertex 17.52203516347555 -138.22741562303733 37.60344110510737
endloop
endfacet
facet normal 1.05066743990146e-12 -1.0 1.2836542359094029e-12
outer loop
vertex 17.52203516347555 -138.22741562303733 37.60344110510737
vertex 17.97159466523206 -138.22741562308963 10.78765363229189
vertex 18.3068369472633 -138.22741562303653 37.59594835866746
endloop
endfacet
facet normal 1.05066743990146e-12 -1.0 1.2836542359094029e-12
outer loop
vertex 2.971594665224971 -138.2274156230394 43.58657519851828
vertex 15.266609466210303 -138.22741562303946 38.23091905954327
vertex 14.590697557734726 -138.22741562304003 38.629808860198224
endloop
endfacet
facet normal 1.05066743990146e-12 -1.0 1.2836542359094029e-12
outer loop
vertex 2.971594665224971 -138.2274156230394 43.58657519851828
vertex 14.590697557734726 -138.22741562304003 38.629808860198224
vertex 13.972633736130163 -138.22741562304054 39.11351031100152
endloop
endfacet
facet normal 1.05066743990146e-12 -1.0 1.2836542359094029e-12
outer loop
vertex 2.971594665224971 -138.2274156230394 43.58657519851828
vertex 13.972633736130163 -138.22741562304054 39.11351031100152
vertex 13.422993244743923 -138.22741562304097 39.673747146022514
endloop
endfacet
facet normal 1.05066743990146e-12 -1.0 1.2836542359094029e-12
outer loop
vertex 2.971594665224971 -138.2274156230394 43.58657519851828
vertex 13.422993244743923 -138.22741562304097 39.673747146022514
vertex 12.951180584772764 -138.2274156230413 40.30093355768702
endloop
endfacet
facet normal 1.05066743990146e-12 -1.0 1.2836542359094029e-12
outer loop
vertex 2.971594665224971 -138.2274156230394 43.58657519851828
vertex 12.951180584772764 -138.2274156230413 40.30093355768702
vertex 12.565268601639994 -138.22741562304154 40.984338212602516
endloop
endfacet
facet normal 1.05066743990146e-12 -1.0 1.2836542359094029e-12
outer loop
vertex 2.971594665224971 -138.2274156230394 43.58657519851828
vertex 12.565268601639994 -138.22741562304154 40.984338212602516
vertex 12.271860356371988 -138.22741562304165 41.71226786764783
endloop
endfacet
facet normal 1.05066743990146e-12 -1.0 1.2836542359094029e-12
outer loop
vertex 2.971594665224971 -138.2274156230394 43.58657519851828
vertex 12.271860356371988 -138.22741562304165 41.71226786764783
vertex 12.075976145393442 -138.22741562304168 42.47226744460493
endloop
endfacet
facet normal 1.05066743990146e-12 -1.0 1.2836542359094029e-12
outer loop
vertex 2.971594665224971 -138.2274156230394 43.58657519851828
vertex 12.075976145393442 -138.22741562304168 42.47226744460493
vertex 11.98096760186356 -138.22741562304157 43.25133314000037
endloop
endfacet
facet normal 1.05066743990146e-12 -1.0 1.2836542359094029e-12
outer loop
vertex 2.971594665224971 -138.2274156230394 43.58657519851828
vertex 11.98096760186356 -138.22741562304157 43.25133314000037
vertex 11.988460348303482 -138.2274156230414 44.036134923788126
endloop
endfacet
facet normal 1.05066743990146e-12 -1.0 1.2836542359094029e-12
outer loop
vertex 2.971594665224971 -138.2274156230394 43.58657519851828
vertex 11.988460348303482 -138.2274156230414 44.036134923788126
vertex 3.482707217859266 -138.2274156230387 47.468860900664055
endloop
endfacet
facet normal 1.05066743990146e-12 -1.0 1.2836542359094029e-12
outer loop
vertex 3.482707217859266 -138.2274156230387 47.468860900664055
vertex 11.988460348303482 -138.2274156230414 44.036134923788126
vertex 12.098326181744236 -138.22741562304108 44.81324461985942
endloop
endfacet
facet normal 1.05066743990146e-12 -1.0 1.2836542359094029e-12
outer loop
vertex 3.482707217859266 -138.2274156230387 47.468860900664055
vertex 12.098326181744236 -138.22741562304108 44.81324461985942
vertex 12.308685267315095 -138.2274156230407 45.56936566585896
endloop
endfacet
facet normal 1.05066743990146e-12 -1.0 1.2836542359094029e-12
outer loop
vertex 3.482707217859266 -138.2274156230387 47.468860900664055
vertex 12.308685267315095 -138.2274156230407 45.56936566585896
vertex 12.615938302739377 -138.22741562304026 46.29156062105334
endloop
endfacet
facet normal 1.05066743990146e-12 -1.0 1.2836542359094029e-12
outer loop
vertex 3.482707217859266 -138.2274156230387 47.468860900664055
vertex 12.615938302739377 -138.22741562304026 46.29156062105334
vertex 13.01482810339432 -138.2274156230397 46.96747252952892
endloop
endfacet
facet normal 1.05066743990146e-12 -1.0 1.2836542359094029e-12
outer loop
vertex 3.482707217859266 -138.2274156230387 47.468860900664055
vertex 13.01482810339432 -138.2274156230397 46.96747252952892
vertex 13.498529554197612 -138.22741562303906 47.585536351133484
endloop
endfacet
facet normal 1.05066743990146e-12 -1.0 1.2836542359094029e-12
outer loop
vertex 3.482707217859266 -138.2274156230387 47.468860900664055
vertex 13.498529554197612 -138.22741562303906 47.585536351133484
vertex 4.981213515326149 -138.22741562303804 51.086575260725944
endloop
endfacet
facet normal 1.05066743990146e-12 -1.0 1.2836542359094029e-12
outer loop
vertex 4.981213515326149 -138.22741562303804 51.086575260725944
vertex 13.498529554197612 -138.22741562303906 47.585536351133484
vertex 14.058766389218611 -138.22741562303835 48.13517684251972
endloop
endfacet
facet normal 1.05066743990146e-12 -1.0 1.2836542359094029e-12
outer loop
vertex 4.981213515326149 -138.22741562303804 51.086575260725944
vertex 14.058766389218611 -138.22741562303835 48.13517684251972
vertex 14.685952800883106 -138.22741562303761 48.60698950249088
endloop
endfacet
facet normal 1.05066743990146e-12 -1.0 1.2836542359094029e-12
outer loop
vertex 4.981213515326149 -138.22741562303804 51.086575260725944
vertex 14.685952800883106 -138.22741562303761 48.60698950249088
vertex 15.369357455798605 -138.22741562303685 48.992901485623676
endloop
endfacet
facet normal 1.05066743990146e-12 -1.0 1.2836542359094029e-12
outer loop
vertex 4.981213515326149 -138.22741562303804 51.086575260725944
vertex 15.369357455798605 -138.22741562303685 48.992901485623676
vertex 16.097287110843922 -138.22741562303602 49.286309730891674
endloop
endfacet
facet normal 1.05066743990146e-12 -1.0 1.2836542359094029e-12
outer loop
vertex 4.981213515326149 -138.22741562303804 51.086575260725944
vertex 16.097287110843922 -138.22741562303602 49.286309730891674
vertex 16.857286687801018 -138.22741562303523 49.48219394187022
endloop
endfacet
facet normal 1.05066743990146e-12 -1.0 1.2836542359094029e-12
outer loop
vertex 4.981213515326149 -138.22741562303804 51.086575260725944
vertex 16.857286687801018 -138.22741562303523 49.48219394187022
vertex 17.636352383196456 -138.22741562303443 49.5772024854001
endloop
endfacet
facet normal 1.05066743990146e-12 -1.0 1.2836542359094029e-12
outer loop
vertex 7.971594665228735 -138.22741562310807 0.28765363228150687
vertex -7.0284053347665365 -138.2274156231097 7.787653632303729
vertex -7.028405334770948 -138.22741562312802 0.28765363227819823
endloop
endfacet
facet normal 1.05066743990146e-12 -1.0 1.2836542359094029e-12
outer loop
vertex -7.0284053347665365 -138.2274156231097 7.787653632303729
vertex 7.971594665228735 -138.22741562310807 0.28765363228150687
vertex 17.971594665235614 -138.22741562309406 4.787653632291891
endloop
endfacet
facet normal 1.05066743990146e-12 -1.0 1.2836542359094029e-12
outer loop
vertex -7.0284053347665365 -138.2274156231097 7.787653632303729
vertex 17.971594665235614 -138.22741562309406 4.787653632291891
vertex 17.195137529927994 -138.22741562309488 4.889876153424226
endloop
endfacet
facet normal 1.05066743990146e-12 -1.0 1.2836542359094029e-12
outer loop
vertex -7.0284053347665365 -138.2274156231097 7.787653632303729
vertex 17.195137529927994 -138.22741562309488 4.889876153424226
vertex 16.47159466523538 -138.2274156230955 5.189577420937686
endloop
endfacet
facet normal 1.05066743990146e-12 -1.0 1.2836542359094029e-12
outer loop
vertex -7.0284053347665365 -138.2274156231097 7.787653632303729
vertex 16.47159466523538 -138.2274156230955 5.189577420937686
vertex 15.850274321675451 -138.2274156230959 5.666333288730992
endloop
endfacet
facet normal 1.05066743990146e-12 -1.0 1.2836542359094029e-12
outer loop
vertex -7.0284053347665365 -138.2274156231097 7.787653632303729
vertex 15.850274321675451 -138.2274156230959 5.666333288730992
vertex 15.373518453881411 -138.22741562309602 6.287653632290351
endloop
endfacet
facet normal 1.05066743990146e-12 -1.0 1.2836542359094029e-12
outer loop
vertex -7.0284053347665365 -138.2274156231097 7.787653632303729
vertex 15.373518453881411 -138.22741562309602 6.287653632290351
vertex 15.073817186367092 -138.22741562309582 7.011196496982612
endloop
endfacet
facet normal 1.05066743990146e-12 -1.0 1.2836542359094029e-12
outer loop
vertex -7.0284053347665365 -138.2274156231097 7.787653632303729
vertex 15.073817186367092 -138.22741562309582 7.011196496982612
vertex 14.971594665233837 -138.2274156230954 7.787653632290114
endloop
endfacet
facet normal 1.05066743990146e-12 -1.0 1.2836542359094029e-12
outer loop
vertex -7.0284053347665365 -138.2274156231097 7.787653632303729
vertex 14.971594665233837 -138.2274156230954 7.787653632290114
vertex 2.9715946652334635 -138.22741562310247 7.787653632303729
endloop
endfacet
facet normal 1.0 1.4099832411827888e-15 -5.263937434089652e-14
outer loop
vertex 33.007493050074615 -118.72741562304736 4.787653632273573
vertex 33.00749305007477 -122.72741562304218 7.7876536322805
vertex 33.007493050074615 -122.72741562304736 4.7876536322805
endloop
endfacet
facet normal 1.0 1.4099832411827888e-15 -5.263937434089652e-14
outer loop
vertex 33.00749305007477 -122.72741562304218 7.7876536322805
vertex 33.007493050074615 -118.72741562304736 4.787653632273573
vertex 33.00749305007477 -118.72741562304218 7.787653632273573
endloop
endfacet
facet normal 4.257977308727765e-13 2.128829170604524e-12 1.0
outer loop
vertex -7.0284053347665365 -138.2274156231097 7.787653632303729
vertex -3.992506949928315 -122.72741562311218 7.787653632278551
vertex -3.9925069499312027 -118.72741562311218 7.787653632271317
endloop
endfacet
facet normal 4.257977308727765e-13 2.128829170604524e-12 1.0
outer loop
vertex -3.992506949928315 -122.72741562311218 7.787653632278551
vertex -7.0284053347665365 -138.2274156231097 7.787653632303729
vertex 2.9715946652334635 -138.22741562310247 7.787653632303729
endloop
endfacet
facet normal 4.257977308727765e-13 2.128829170604524e-12 1.0
outer loop
vertex -3.992506949928315 -122.72741562311218 7.787653632278551
vertex 2.9715946652334635 -138.22741562310247 7.787653632303729
vertex -0.5284053347891221 -124.72741562310966 7.787653632281016
endloop
endfacet
facet normal 4.257977308727765e-13 2.128829170604524e-12 1.0
outer loop
vertex -0.5284053347891221 -124.72741562310966 7.787653632281016
vertex 2.9715946652334635 -138.22741562310247 7.787653632303729
vertex 2.9356962803471824 -122.72741562310716 7.787653632276246
endloop
endfacet
facet normal 4.257977308727765e-13 2.128829170604524e-12 1.0
outer loop
vertex 2.9356962803471824 -122.72741562310716 7.787653632276246
vertex 2.9715946652334635 -138.22741562310247 7.787653632303729
vertex 2.9715946652094334 -122.72741562310715 7.787653632276235
endloop
endfacet
facet normal 4.257977308727765e-13 2.128829170604524e-12 1.0
outer loop
vertex 2.9715946652094334 -122.72741562310715 7.787653632276235
vertex 2.9715946652334635 -138.22741562310247 7.787653632303729
vertex 2.9715946652262444 -128.22741562310247 7.787653632297452
endloop
endfacet
facet normal 4.257977308727765e-13 2.128829170604524e-12 1.0
outer loop
vertex -7.028405334816689 -113.22741562310969 7.787653632240629
vertex -0.5284053347948988 -116.72741562310968 7.787653632266546
vertex 7.971594665186312 -113.22741562308302 7.787653632245155
endloop
endfacet
facet normal 4.257977308727765e-13 2.128829170604524e-12 1.0
outer loop
vertex -0.5284053347948988 -116.72741562310968 7.787653632266546
vertex -7.028405334816689 -113.22741562310969 7.787653632240629
vertex -3.9925069499312027 -118.72741562311218 7.787653632271317
endloop
endfacet
facet normal 4.257977308727765e-13 2.128829170604524e-12 1.0
outer loop
vertex -3.9925069499312027 -118.72741562311218 7.787653632271317
vertex -7.028405334816689 -113.22741562310969 7.787653632240629
vertex -7.0284053347665365 -138.2274156231097 7.787653632303729
endloop
endfacet
facet normal 4.257977308727765e-13 2.128829170604524e-12 1.0
outer loop
vertex 7.971594665186312 -113.22741562308302 7.787653632245155
vertex -0.5284053347948988 -116.72741562310968 7.787653632266546
vertex 2.935696280344292 -118.72741562310718 7.787653632269011
endloop
endfacet
facet normal 4.257977308727765e-13 2.128829170604524e-12 1.0
outer loop
vertex 7.971594665186312 -113.22741562308302 7.787653632245155
vertex 2.935696280344292 -118.72741562310718 7.787653632269011
vertex 2.971594665206543 -118.72741562310715 7.787653632269
endloop
endfacet
facet normal 4.257977308727765e-13 2.128829170604524e-12 1.0
outer loop
vertex 7.971594665186312 -113.22741562308302 7.787653632245155
vertex 2.971594665206543 -118.72741562310715 7.787653632269
vertex 2.9715946652094334 -122.72741562310715 7.787653632276235
endloop
endfacet
facet normal 4.257977308727765e-13 2.128829170604524e-12 1.0
outer loop
vertex 7.971594665186312 -113.22741562308302 7.787653632245155
vertex 2.9715946652094334 -122.72741562310715 7.787653632276235
vertex 2.9715946652262444 -128.22741562310247 7.787653632297452
endloop
endfacet
facet normal 4.257977308727765e-13 2.128829170604524e-12 1.0
outer loop
vertex 7.971594665186312 -113.22741562308302 7.787653632245155
vertex 2.9715946652262444 -128.22741562310247 7.787653632297452
vertex 5.971594665213138 -128.22741562309895 7.787653632284345
endloop
endfacet
facet normal 4.257977308727765e-13 2.128829170604524e-12 1.0
outer loop
vertex 7.971594665186312 -113.22741562308302 7.787653632245155
vertex 5.971594665213138 -128.22741562309895 7.787653632284345
vertex 5.971594665216444 -135.22741562309895 7.787653632290999
endloop
endfacet
facet normal 4.257977308727765e-13 2.128829170604524e-12 1.0
outer loop
vertex 7.971594665186312 -113.22741562308302 7.787653632245155
vertex 5.971594665216444 -135.22741562309895 7.787653632290999
vertex 7.971594665197535 -135.22741562312555 7.787653632266502
endloop
endfacet
facet normal 0.5000000000000003 0.8660254037844385 -1.5241673712612156e-12
outer loop
vertex 33.00749305007477 -122.72741562304218 7.7876536322805
vertex 36.47159466521236 -124.72741562304735 4.787653632283783
vertex 33.007493050074615 -122.72741562304736 4.7876536322805
endloop
endfacet
facet normal 0.5000000000000003 0.8660254037844385 -1.5241673712612156e-12
outer loop
vertex 36.47159466521236 -124.72741562304735 4.787653632283783
vertex 33.00749305007477 -122.72741562304218 7.7876536322805
vertex 36.471594665212514 -124.72741562304216 7.787653632283784
endloop
endfacet
facet normal 2.0347756690058345e-13 -1.9225136531792414e-12 -1.0
outer loop
vertex -7.028405334816689 -113.2274156231418 0.28765363222044893
vertex -2.460256987373022 -120.20977753291956 0.2876536322411035
vertex -7.028405334770948 -138.22741562312802 0.28765363227819823
endloop
endfacet
facet normal 2.0347756690058345e-13 -1.9225136531792414e-12 -1.0
outer loop
vertex -2.460256987373022 -120.20977753291956 0.2876536322411035
vertex -7.028405334816689 -113.2274156231418 0.28765363222044893
vertex -2.2604561423641156 -119.72741562312446 0.28765363224016477
endloop
endfacet
facet normal 2.0347756690058345e-13 -1.9225136531792414e-12 -1.0
outer loop
vertex -2.2604561423641156 -119.72741562312446 0.28765363224016477
vertex -7.028405334816689 -113.2274156231418 0.28765363222044893
vertex -1.9426188971686362 -119.31320206075112 0.28765363223930995
endloop
endfacet
facet normal 2.0347756690058345e-13 -1.9225136531792414e-12 -1.0
outer loop
vertex -1.9426188971686362 -119.31320206075112 0.28765363223930995
vertex -7.028405334816689 -113.2274156231418 0.28765363222044893
vertex -1.5284053347957727 -118.99536481555504 0.2876536322385973
endloop
endfacet
facet normal 2.0347756690058345e-13 -1.9225136531792414e-12 -1.0
outer loop
vertex -1.5284053347957727 -118.99536481555504 0.2876536322385973
vertex -7.028405334816689 -113.2274156231418 0.28765363222044893
vertex 7.971594665186312 -113.22741562309741 0.2876536322204486
endloop
endfacet
facet normal 2.0347756690058345e-13 -1.9225136531792414e-12 -1.0
outer loop
vertex -7.028405334770948 -138.22741562312802 0.28765363227819823
vertex -2.460256987373022 -120.20977753291956 0.2876536322411035
vertex -2.5284053347945066 -120.72741562312466 0.28765363224206225
endloop
endfacet
facet normal 2.0347756690058345e-13 -1.9225136531792414e-12 -1.0
outer loop
vertex -1.5284053347957727 -118.99536481555504 0.2876536322385973
vertex 7.971594665186312 -113.22741562309741 0.2876536322204486
vertex -1.0460434250009603 -118.79556397054543 0.28765363223807544
endloop
endfacet
facet normal 2.0347756690058345e-13 -1.9225136531792414e-12 -1.0
outer loop
vertex -1.0460434250009603 -118.79556397054543 0.28765363223807544
vertex 7.971594665186312 -113.22741562309741 0.2876536322204486
vertex -0.528405334795969 -118.72741562312319 0.28765363223777984
endloop
endfacet
facet normal 2.0347756690058345e-13 -1.9225136531792414e-12 -1.0
outer loop
vertex -0.528405334795969 -118.72741562312319 0.28765363223777984
vertex 7.971594665186312 -113.22741562309741 0.2876536322204486
vertex -0.010767244590876933 -118.79556397054466 0.28765363223773077
endloop
endfacet
facet normal 2.0347756690058345e-13 -1.9225136531792414e-12 -1.0
outer loop
vertex -0.010767244590876933 -118.79556397054466 0.28765363223773077
vertex 7.971594665186312 -113.22741562309741 0.2876536322204486
vertex 0.471594665204228 -118.9953648155536 0.2876536322379315
endloop
endfacet
facet normal 2.0347756690058345e-13 -1.9225136531792414e-12 -1.0
outer loop
vertex 0.471594665204228 -118.9953648155536 0.2876536322379315
vertex 7.971594665186312 -113.22741562309741 0.2876536322204486
vertex 0.8858082275775554 -119.31320206074905 0.2876536322383683
endloop
endfacet
facet normal 2.0347756690058345e-13 -1.9225136531792414e-12 -1.0
outer loop
vertex 0.8858082275775554 -119.31320206074905 0.2876536322383683
vertex 7.971594665186312 -113.22741562309741 0.2876536322204486
vertex 1.2036454727736396 -119.72741562312193 0.2876536322390116
endloop
endfacet
facet normal 2.0347756690058345e-13 -1.9225136531792414e-12 -1.0
outer loop
vertex 1.2036454727736396 -119.72741562312193 0.2876536322390116
vertex 7.971594665186312 -113.22741562309741 0.2876536322204486
vertex 1.403446317783251 -120.20977753291672 0.28765363223981727
endloop
endfacet
facet normal 2.0347756690058345e-13 -1.9225136531792414e-12 -1.0
outer loop
vertex 1.403446317783251 -120.20977753291672 0.28765363223981727
vertex 7.971594665186312 -113.22741562309741 0.2876536322204486
vertex 1.4715946652054923 -120.72741562312171 0.2876536322407307
endloop
endfacet
facet normal 2.0347756690058345e-13 -1.9225136531792414e-12 -1.0
outer loop
vertex -7.028405334770948 -138.22741562312802 0.28765363227819823
vertex -2.260456142362653 -121.72741562312444 0.2876536322437814
vertex 7.971594665228735 -138.22741562310807 0.28765363228150687
endloop
endfacet
facet normal 2.0347756690058345e-13 -1.9225136531792414e-12 -1.0
outer loop
vertex -2.260456142362653 -121.72741562312444 0.2876536322437814
vertex -7.028405334770948 -138.22741562312802 0.28765363227819823
vertex -2.4602569873722646 -121.24505371332965 0.28765363224297563
endloop
endfacet
facet normal 2.0347756690058345e-13 -1.9225136531792414e-12 -1.0
outer loop
vertex -2.4602569873722646 -121.24505371332965 0.28765363224297563
vertex -7.028405334770948 -138.22741562312802 0.28765363227819823
vertex -2.5284053347945066 -120.72741562312466 0.28765363224206225
endloop
endfacet
facet normal 2.0347756690058345e-13 -1.9225136531792414e-12 -1.0
outer loop
vertex 7.971594665228735 -138.22741562310807 0.28765363228150687
vertex -2.260456142362653 -121.72741562312444 0.2876536322437814
vertex -1.9426188971665677 -122.14162918549732 0.2876536322444246
endloop
endfacet
facet normal 2.0347756690058345e-13 -1.9225136531792414e-12 -1.0
outer loop
vertex 7.971594665228735 -138.22741562310807 0.28765363228150687
vertex -1.9426188971665677 -122.14162918549732 0.2876536322444246
vertex -1.5284053347932403 -122.45946643069277 0.2876536322448614
endloop
endfacet
facet normal 2.0347756690058345e-13 -1.9225136531792414e-12 -1.0
outer loop
vertex 7.971594665228735 -138.22741562310807 0.28765363228150687
vertex -1.5284053347932403 -122.45946643069277 0.2876536322448614
vertex -1.046043424998136 -122.65926727570171 0.28765363224506213
endloop
endfacet
facet normal 2.0347756690058345e-13 -1.9225136531792414e-12 -1.0
outer loop
vertex 7.971594665228735 -138.22741562310807 0.28765363228150687
vertex -1.046043424998136 -122.65926727570171 0.28765363224506213
vertex -0.5284053347930404 -122.72741562312318 0.28765363224501306
endloop
endfacet
facet normal 2.0347756690058345e-13 -1.9225136531792414e-12 -1.0
outer loop
vertex 7.971594665228735 -138.22741562310807 0.28765363228150687
vertex -0.5284053347930404 -122.72741562312318 0.28765363224501306
vertex -0.010767244588049917 -122.65926727570094 0.2876536322447175
endloop
endfacet
facet normal 2.0347756690058345e-13 -1.9225136531792414e-12 -1.0
outer loop
vertex 7.971594665228735 -138.22741562310807 0.28765363228150687
vertex -0.010767244588049917 -122.65926727570094 0.2876536322447175
vertex 0.47159466520676174 -122.45946643069134 0.2876536322441956
endloop
endfacet
facet normal 2.0347756690058345e-13 -1.9225136531792414e-12 -1.0
outer loop
vertex 7.971594665228735 -138.22741562310807 0.28765363228150687
vertex 0.47159466520676174 -122.45946643069134 0.2876536322441956
vertex 0.8858082275796239 -122.14162918549525 0.28765363224348295
endloop
endfacet
facet normal 2.0347756690058345e-13 -1.9225136531792414e-12 -1.0
outer loop
vertex 7.971594665228735 -138.22741562310807 0.28765363228150687
vertex 0.8858082275796239 -122.14162918549525 0.28765363224348295
vertex 1.2036454727751018 -121.72741562312193 0.2876536322426282
endloop
endfacet
facet normal 2.0347756690058345e-13 -1.9225136531792414e-12 -1.0
outer loop
vertex 7.971594665228735 -138.22741562310807 0.28765363228150687
vertex 1.2036454727751018 -121.72741562312193 0.2876536322426282
vertex 1.4034463177840082 -121.24505371332681 0.2876536322416894
endloop
endfacet
facet normal 2.0347756690058345e-13 -1.9225136531792414e-12 -1.0
outer loop
vertex 7.971594665228735 -138.22741562310807 0.28765363228150687
vertex 1.4034463177840082 -121.24505371332681 0.2876536322416894
vertex 1.4715946652054923 -120.72741562312171 0.2876536322407307
endloop
endfacet
facet normal 2.0347756690058345e-13 -1.9225136531792414e-12 -1.0
outer loop
vertex 7.971594665228735 -138.22741562310807 0.28765363228150687
vertex 1.4715946652054923 -120.72741562312171 0.2876536322407307
vertex 7.971594665186312 -113.22741562309741 0.2876536322204486
endloop
endfacet
facet normal 2.0347756690058345e-13 -1.9225136531792414e-12 -1.0
outer loop
vertex 7.971594665228735 -138.22741562310807 0.28765363228150687
vertex 7.971594665186312 -113.22741562309741 0.2876536322204486
vertex 7.971594665216626 -128.22741562309741 0.2876536322624775
endloop
endfacet
facet normal 2.0347756690058345e-13 -1.9225136531792414e-12 -1.0
outer loop
vertex 7.971594665228735 -138.22741562310807 0.28765363228150687
vertex 7.971594665216626 -128.22741562309741 0.2876536322624775
vertex 27.971594665216816 -128.22741562307186 0.28765363226247753
endloop
endfacet
facet normal 2.0347756690058345e-13 -1.9225136531792414e-12 -1.0
outer loop
vertex 7.971594665228735 -138.22741562310807 0.28765363228150687
vertex 27.971594665216816 -128.22741562307186 0.28765363226247753
vertex 27.971594665228956 -138.22741562306203 0.2876536322748903
endloop
endfacet
facet normal 2.0347756690058345e-13 -1.9225136531792414e-12 -1.0
outer loop
vertex 27.971594665192825 -113.22741562307185 0.28765363224036133
vertex 35.057381102839045 -119.31320206068214 0.287653632244184
vertex 27.971594665216816 -128.22741562307186 0.28765363226247753
endloop
endfacet
facet normal 2.0347756690058345e-13 -1.9225136531792414e-12 -1.0
outer loop
vertex 35.057381102839045 -119.31320206068214 0.287653632244184
vertex 27.971594665192825 -113.22741562307185 0.28765363224036133
vertex 42.97159466518983 -113.2274156230375 0.28765363224036167
endloop
endfacet
facet normal 2.0347756690058345e-13 -1.9225136531792414e-12 -1.0
outer loop
vertex 27.971594665216816 -128.22741562307186 0.28765363226247753
vertex 35.057381102839045 -119.31320206068214 0.287653632244184
vertex 34.73954385764326 -119.72741562305524 0.2876536322449172
endloop
endfacet
facet normal 2.0347756690058345e-13 -1.9225136531792414e-12 -1.0
outer loop
vertex 27.971594665216816 -128.22741562307186 0.28765363226247753
vertex 34.73954385764326 -119.72741562305524 0.2876536322449172
vertex 34.53974301263401 -120.2097775328502 0.2876536322457632
endloop
endfacet
facet normal 2.0347756690058345e-13 -1.9225136531792414e-12 -1.0
outer loop
vertex 27.971594665216816 -128.22741562307186 0.28765363226247753
vertex 34.53974301263401 -120.2097775328502 0.2876536322457632
vertex 27.971594665228956 -138.22741562306203 0.2876536322748903
endloop
endfacet
facet normal 2.0347756690058345e-13 -1.9225136531792414e-12 -1.0
outer loop
vertex 27.971594665228956 -138.22741562306203 0.2876536322748903
vertex 34.53974301263401 -120.2097775328502 0.2876536322457632
vertex 34.471594665212145 -120.72741562305524 0.28765363224666274
endloop
endfacet
facet normal 2.0347756690058345e-13 -1.9225136531792414e-12 -1.0
outer loop
vertex 35.057381102839045 -119.31320206068214 0.287653632244184
vertex 42.97159466518983 -113.2274156230375 0.28765363224036167
vertex 35.471594665212145 -118.99536481548637 0.28765363224361157
endloop
endfacet
facet normal 2.0347756690058345e-13 -1.9225136531792414e-12 -1.0
outer loop
vertex 35.471594665212145 -118.99536481548637 0.28765363224361157
vertex 42.97159466518983 -113.2274156230375 0.28765363224036167
vertex 35.9539565750071 -118.79556397047709 0.2876536322432407
endloop
endfacet
facet normal 2.0347756690058345e-13 -1.9225136531792414e-12 -1.0
outer loop
vertex 35.9539565750071 -118.79556397047709 0.2876536322432407
vertex 42.97159466518983 -113.2274156230375 0.28765363224036167
vertex 36.471594665212145 -118.72741562305524 0.2876536322430955
endloop
endfacet
facet normal 2.0347756690058345e-13 -1.9225136531792414e-12 -1.0
outer loop
vertex 36.471594665212145 -118.72741562305524 0.2876536322430955
vertex 42.97159466518983 -113.2274156230375 0.28765363224036167
vertex 36.98923275541719 -118.79556397047709 0.28765363224318713
endloop
endfacet
facet normal 2.0347756690058345e-13 -1.9225136531792414e-12 -1.0
outer loop
vertex 36.98923275541719 -118.79556397047709 0.28765363224318713
vertex 42.97159466518983 -113.2274156230375 0.28765363224036167
vertex 37.471594665212145 -118.99536481548634 0.2876536322435086
endloop
endfacet
facet normal 2.0347756690058345e-13 -1.9225136531792414e-12 -1.0
outer loop
vertex 37.471594665212145 -118.99536481548634 0.2876536322435086
vertex 42.97159466518983 -113.2274156230375 0.28765363224036167
vertex 37.885808227585244 -119.31320206068214 0.28765363224403734
endloop
endfacet
facet normal 2.0347756690058345e-13 -1.9225136531792414e-12 -1.0
outer loop
vertex 37.885808227585244 -119.31320206068214 0.28765363224403734
vertex 42.97159466518983 -113.2274156230375 0.28765363224036167
vertex 38.20364547278102 -119.72741562305524 0.2876536322447381
endloop
endfacet
facet normal 2.0347756690058345e-13 -1.9225136531792414e-12 -1.0
outer loop
vertex 38.20364547278102 -119.72741562305524 0.2876536322447381
vertex 42.97159466518983 -113.2274156230375 0.28765363224036167
vertex 38.40344631779029 -120.2097775328502 0.28765363224556295
endloop
endfacet
facet normal 2.0347756690058345e-13 -1.9225136531792414e-12 -1.0
outer loop
vertex 38.40344631779029 -120.2097775328502 0.28765363224556295
vertex 42.97159466518983 -113.2274156230375 0.28765363224036167
vertex 38.47159466521215 -120.72741562305524 0.28765363224645546
endloop
endfacet
facet normal 2.0347756690058345e-13 -1.9225136531792414e-12 -1.0
outer loop
vertex 27.971594665228956 -138.22741562306203 0.2876536322748903
vertex 34.73954385764326 -121.72741562305524 0.28765363224838153
vertex 42.971594665229254 -138.22741562304208 0.28765363227819823
endloop
endfacet
facet normal 2.0347756690058345e-13 -1.9225136531792414e-12 -1.0
outer loop
vertex 34.73954385764326 -121.72741562305524 0.28765363224838153
vertex 27.971594665228956 -138.22741562306203 0.2876536322748903
vertex 34.53974301263401 -121.24505371326028 0.2876536322475567
endloop
endfacet
facet normal 2.0347756690058345e-13 -1.9225136531792414e-12 -1.0
outer loop
vertex 34.53974301263401 -121.24505371326028 0.2876536322475567
vertex 27.971594665228956 -138.22741562306203 0.2876536322748903
vertex 34.471594665212145 -120.72741562305524 0.28765363224666274
endloop
endfacet
facet normal 2.0347756690058345e-13 -1.9225136531792414e-12 -1.0
outer loop
vertex 42.971594665229254 -138.22741562304208 0.28765363227819823
vertex 34.73954385764326 -121.72741562305524 0.28765363224838153
vertex 35.057381102839045 -122.14162918542833 0.2876536322490823
endloop
endfacet
facet normal 2.0347756690058345e-13 -1.9225136531792414e-12 -1.0
outer loop
vertex 42.971594665229254 -138.22741562304208 0.28765363227819823
vertex 35.057381102839045 -122.14162918542833 0.2876536322490823
vertex 35.471594665212145 -122.45946643062413 0.28765363224961105
endloop
endfacet
facet normal 2.0347756690058345e-13 -1.9225136531792414e-12 -1.0
outer loop
vertex 42.971594665229254 -138.22741562304208 0.28765363227819823
vertex 35.471594665212145 -122.45946643062413 0.28765363224961105
vertex 35.95395657500711 -122.65926727563338 0.2876536322499325
endloop
endfacet
facet normal 2.0347756690058345e-13 -1.9225136531792414e-12 -1.0
outer loop
vertex 42.971594665229254 -138.22741562304208 0.28765363227819823
vertex 35.95395657500711 -122.65926727563338 0.2876536322499325
vertex 36.471594665212145 -122.72741562305524 0.2876536322500227
endloop
endfacet
facet normal 2.0347756690058345e-13 -1.9225136531792414e-12 -1.0
outer loop
vertex 42.971594665229254 -138.22741562304208 0.28765363227819823
vertex 36.471594665212145 -122.72741562305524 0.2876536322500227
vertex 36.98923275541719 -122.65926727563338 0.28765363224987894
endloop
endfacet
facet normal 2.0347756690058345e-13 -1.9225136531792414e-12 -1.0
outer loop
vertex 42.971594665229254 -138.22741562304208 0.28765363227819823
vertex 36.98923275541719 -122.65926727563338 0.28765363224987894
vertex 37.47159466521215 -122.45946643062413 0.2876536322495067
endloop
endfacet
facet normal 2.0347756690058345e-13 -1.9225136531792414e-12 -1.0
outer loop
vertex 42.971594665229254 -138.22741562304208 0.28765363227819823
vertex 37.47159466521215 -122.45946643062413 0.2876536322495067
vertex 37.885808227585244 -122.14162918542833 0.28765363224893564
endloop
endfacet
facet normal 2.0347756690058345e-13 -1.9225136531792414e-12 -1.0
outer loop
vertex 42.971594665229254 -138.22741562304208 0.28765363227819823
vertex 37.885808227585244 -122.14162918542833 0.28765363224893564
vertex 38.20364547278102 -121.72741562305524 0.28765363224820106
endloop
endfacet
facet normal 2.0347756690058345e-13 -1.9225136531792414e-12 -1.0
outer loop
vertex 42.971594665229254 -138.22741562304208 0.28765363227819823
vertex 38.20364547278102 -121.72741562305524 0.28765363224820106
vertex 38.40344631779029 -121.24505371326028 0.28765363224735646
endloop
endfacet
facet normal 2.0347756690058345e-13 -1.9225136531792414e-12 -1.0
outer loop
vertex 42.971594665229254 -138.22741562304208 0.28765363227819823
vertex 38.40344631779029 -121.24505371326028 0.28765363224735646
vertex 38.47159466521215 -120.72741562305524 0.28765363224645546
endloop
endfacet
facet normal 2.0347756690058345e-13 -1.9225136531792414e-12 -1.0
outer loop
vertex 42.971594665229254 -138.22741562304208 0.28765363227819823
vertex 38.47159466521215 -120.72741562305524 0.28765363224645546
vertex 42.97159466518983 -113.2274156230375 0.28765363224036167
endloop
endfacet
facet normal -1.0 -7.226164111522983e-13 3.327560449419614e-13
outer loop
vertex 2.9715946652094334 -122.72741562310715 7.787653632276235
vertex 2.9715946652055445 -118.72741562311259 4.7876536322689995
vertex 2.971594665208435 -122.72741562311258 4.787653632276234
endloop
endfacet
facet normal -1.0 -7.226164111522983e-13 3.327560449419614e-13
outer loop
vertex 2.9715946652055445 -118.72741562311259 4.7876536322689995
vertex 2.9715946652094334 -122.72741562310715 7.787653632276235
vertex 2.971594665206543 -118.72741562310715 7.787653632269
endloop
endfacet
facet normal -6.28433060344374e-13 1.0 -1.8122984594505724e-12
outer loop
vertex 2.935696280346184 -122.7274156231126 4.787653632276246
vertex 2.9715946652094334 -122.72741562310715 7.787653632276235
vertex 2.971594665208435 -122.72741562311258 4.787653632276234
endloop
endfacet
facet normal -6.28433060344374e-13 1.0 -1.8122984594505724e-12
outer loop
vertex 2.9715946652094334 -122.72741562310715 7.787653632276235
vertex 2.935696280346184 -122.7274156231126 4.787653632276246
vertex 2.9356962803471824 -122.72741562310716 7.787653632276246
endloop
endfacet
facet normal -1.0 -2.969777201936903e-13 -1.1850320879970173e-13
outer loop
vertex 2.971594665224971 -138.2274156230394 43.58657519851828
vertex 2.9715946652262444 -128.22741562310247 7.787653632297452
vertex 2.9715946652334635 -138.22741562310247 7.787653632303729
endloop
endfacet
facet normal -1.0 -2.969777201936903e-13 -1.1850320879970173e-13
outer loop
vertex 2.9715946652262444 -128.22741562310247 7.787653632297452
vertex 2.971594665224971 -138.2274156230394 43.58657519851828
vertex 2.9715946652262515 -128.2274156230478 43.586575198514076
endloop
endfacet
facet normal -1.0 9.116236551240579e-26 5.263937434089408e-14
outer loop
vertex 39.935696280350264 -122.72741562304218 7.78765363228014
vertex 39.9356962803501 -118.72741562304736 4.787653632273213
vertex 39.9356962803501 -122.72741562304736 4.78765363228014
endloop
endfacet
facet normal -1.0 9.116236551240579e-26 5.263937434089408e-14
outer loop
vertex 39.9356962803501 -118.72741562304736 4.787653632273213
vertex 39.935696280350264 -122.72741562304218 7.78765363228014
vertex 39.935696280350264 -118.72741562304218 7.787653632273213
endloop
endfacet
facet normal 0.4999999999999996 -0.8660254037844388 1.4715179564767856e-12
outer loop
vertex 36.471594665212514 -116.72741562304218 7.7876536322699295
vertex 33.007493050074615 -118.72741562304736 4.787653632273573
vertex 36.47159466521236 -116.72741562304738 4.7876536322699295
endloop
endfacet
facet normal 0.4999999999999996 -0.8660254037844388 1.4715179564767856e-12
outer loop
vertex 33.007493050074615 -118.72741562304736 4.787653632273573
vertex 36.471594665212514 -116.72741562304218 7.7876536322699295
vertex 33.00749305007477 -118.72741562304218 7.787653632273573
endloop
endfacet
facet normal 6.28433060344374e-13 -1.0 1.8122984594505724e-12
outer loop
vertex 2.971594665206543 -118.72741562310715 7.787653632269
vertex 2.9356962803432936 -118.7274156231126 4.787653632269011
vertex 2.9715946652055445 -118.72741562311259 4.7876536322689995
endloop
endfacet
facet normal 6.28433060344374e-13 -1.0 1.8122984594505724e-12
outer loop
vertex 2.9356962803432936 -118.7274156231126 4.787653632269011
vertex 2.971594665206543 -118.72741562310715 7.787653632269
vertex 2.935696280344292 -118.72741562310718 7.787653632269011
endloop
endfacet
facet normal -0.5000000000000003 -0.8660254037844385 1.5241673712612156e-12
outer loop
vertex 39.9356962803501 -118.72741562304736 4.787653632273213
vertex 36.471594665212514 -116.72741562304218 7.7876536322699295
vertex 36.47159466521236 -116.72741562304738 4.7876536322699295
endloop
endfacet
facet normal -0.5000000000000003 -0.8660254037844385 1.5241673712612156e-12
outer loop
vertex 36.471594665212514 -116.72741562304218 7.7876536322699295
vertex 39.9356962803501 -118.72741562304736 4.787653632273213
vertex 39.935696280350264 -118.72741562304218 7.787653632273213
endloop
endfacet
facet normal 0.49999999999937417 0.8660254037847999 -1.735906995693274e-12
outer loop
vertex -3.992506949928315 -122.72741562311218 7.787653632278551
vertex -0.5284053347901204 -124.7274156231151 4.787653632281016
vertex -3.992506949929313 -122.72741562311761 4.787653632278551
endloop
endfacet
facet normal 0.49999999999937417 0.8660254037847999 -1.735906995693274e-12
outer loop
vertex -0.5284053347901204 -124.7274156231151 4.787653632281016
vertex -3.992506949928315 -122.72741562311218 7.787653632278551
vertex -0.5284053347891221 -124.72741562310966 7.787653632281016
endloop
endfacet
facet normal 1.0415956743962184e-13 1.4846399523394477e-12 1.0
outer loop
vertex 29.971594665235763 -135.22741562306578 7.787653632298103
vertex 29.97159466523246 -128.22741562306578 7.78765363229145
vertex 27.971594665216852 -135.2274156230851 7.787653632290745
endloop
endfacet
facet normal 1.0415956743962184e-13 1.4846399523394477e-12 1.0
outer loop
vertex 42.97159466523367 -138.2274156230375 7.787653632303731
vertex 33.00749305007477 -122.72741562304218 7.7876536322805
vertex 32.971594665233674 -138.22741562304472 7.787653632303731
endloop
endfacet
facet normal 1.0415956743962184e-13 1.4846399523394477e-12 1.0
outer loop
vertex 33.00749305007477 -122.72741562304218 7.7876536322805
vertex 42.97159466523367 -138.2274156230375 7.787653632303731
vertex 36.471594665212514 -124.72741562304216 7.787653632283784
endloop
endfacet
facet normal 1.0415956743962184e-13 1.4846399523394477e-12 1.0
outer loop
vertex 36.471594665212514 -124.72741562304216 7.787653632283784
vertex 42.97159466523367 -138.2274156230375 7.787653632303731
vertex 39.935696280350264 -122.72741562304218 7.78765363228014
endloop
endfacet
facet normal 1.0415956743962184e-13 1.4846399523394477e-12 1.0
outer loop
vertex 39.935696280350264 -122.72741562304218 7.78765363228014
vertex 42.97159466523367 -138.2274156230375 7.787653632303731
vertex 39.935696280350264 -118.72741562304218 7.787653632273213
endloop
endfacet
facet normal 1.0415956743962184e-13 1.4846399523394477e-12 1.0
outer loop
vertex 39.935696280350264 -118.72741562304218 7.787653632273213
vertex 42.97159466523367 -138.2274156230375 7.787653632303731
vertex 42.97159466518983 -113.2274156230375 7.787653632260544
endloop
endfacet
facet normal 1.0415956743962184e-13 1.4846399523394477e-12 1.0
outer loop
vertex 27.971594665192825 -113.22741562305522 7.787653632268034
vertex 36.471594665212514 -116.72741562304218 7.7876536322699295
vertex 42.97159466518983 -113.2274156230375 7.787653632260544
endloop
endfacet
facet normal 1.0415956743962184e-13 1.4846399523394477e-12 1.0
outer loop
vertex 36.471594665212514 -116.72741562304218 7.7876536322699295
vertex 27.971594665192825 -113.22741562305522 7.787653632268034
vertex 33.00749305007477 -118.72741562304218 7.787653632273573
endloop
endfacet
facet normal 1.0415956743962184e-13 1.4846399523394477e-12 1.0
outer loop
vertex 33.00749305007477 -118.72741562304218 7.787653632273573
vertex 27.971594665192825 -113.22741562305522 7.787653632268034
vertex 29.97159466523246 -128.22741562306578 7.78765363229145
endloop
endfacet
facet normal 1.0415956743962184e-13 1.4846399523394477e-12 1.0
outer loop
vertex 29.97159466523246 -128.22741562306578 7.78765363229145
vertex 27.971594665192825 -113.22741562305522 7.787653632268034
vertex 27.971594665216852 -135.2274156230851 7.787653632290745
endloop
endfacet
facet normal 1.0415956743962184e-13 1.4846399523394477e-12 1.0
outer loop
vertex 33.00749305007477 -118.72741562304218 7.787653632273573
vertex 29.97159466523246 -128.22741562306578 7.78765363229145
vertex 32.971594665226455 -128.22741562304472 7.787653632297453
endloop
endfacet
facet normal 1.0415956743962184e-13 1.4846399523394477e-12 1.0
outer loop
vertex 33.00749305007477 -118.72741562304218 7.787653632273573
vertex 32.971594665226455 -128.22741562304472 7.787653632297453
vertex 32.971594665233674 -138.22741562304472 7.787653632303731
endloop
endfacet
facet normal 1.0415956743962184e-13 1.4846399523394477e-12 1.0
outer loop
vertex 33.00749305007477 -118.72741562304218 7.787653632273573
vertex 32.971594665233674 -138.22741562304472 7.787653632303731
vertex 33.00749305007477 -122.72741562304218 7.7876536322805
endloop
endfacet
facet normal 1.0415956743962184e-13 1.4846399523394477e-12 1.0
outer loop
vertex 42.97159466518983 -113.2274156230375 7.787653632260544
vertex 36.471594665212514 -116.72741562304218 7.7876536322699295
vertex 39.935696280350264 -118.72741562304218 7.787653632273213
endloop
endfacet
facet normal 1.0 7.219114195316611e-13 -3.3275604494196017e-13
outer loop
vertex -3.9925069499322006 -118.72741562311762 4.787653632271317
vertex -3.992506949928315 -122.72741562311218 7.787653632278551
vertex -3.992506949929313 -122.72741562311761 4.787653632278551
endloop
endfacet
facet normal 1.0 7.219114195316611e-13 -3.3275604494196017e-13
outer loop
vertex -3.992506949928315 -122.72741562311218 7.787653632278551
vertex -3.9925069499322006 -118.72741562311762 4.787653632271317
vertex -3.9925069499312027 -118.72741562311218 7.787653632271317
endloop
endfacet
facet normal 0.5000000000006259 -0.8660254037840773 1.4030739575650102e-12
outer loop
vertex -0.5284053347948988 -116.72741562310968 7.787653632266546
vertex -3.9925069499322006 -118.72741562311762 4.787653632271317
vertex -0.5284053347958971 -116.72741562311512 4.787653632266546
endloop
endfacet
facet normal 0.5000000000006259 -0.8660254037840773 1.4030739575650102e-12
outer loop
vertex -3.9925069499322006 -118.72741562311762 4.787653632271317
vertex -0.5284053347948988 -116.72741562310968 7.787653632266546
vertex -3.9925069499312027 -118.72741562311218 7.787653632271317
endloop
endfacet
facet normal -0.4999999999993744 -0.8660254037847999 1.7359069956932744e-12
outer loop
vertex 2.9356962803432936 -118.7274156231126 4.787653632269011
vertex -0.5284053347948988 -116.72741562310968 7.787653632266546
vertex -0.5284053347958971 -116.72741562311512 4.787653632266546
endloop
endfacet
facet normal -0.4999999999993744 -0.8660254037847999 1.7359069956932744e-12
outer loop
vertex -0.5284053347948988 -116.72741562310968 7.787653632266546
vertex 2.9356962803432936 -118.7274156231126 4.787653632269011
vertex 2.935696280344292 -118.72741562310718 7.787653632269011
endloop
endfacet
facet normal -0.5000000000006256 0.8660254037840773 -1.4031050457371692e-12
outer loop
vertex -0.5284053347901204 -124.7274156231151 4.787653632281016
vertex 2.9356962803471824 -122.72741562310716 7.787653632276246
vertex 2.935696280346184 -122.7274156231126 4.787653632276246
endloop
endfacet
facet normal -0.5000000000006256 0.8660254037840773 -1.4031050457371692e-12
outer loop
vertex 2.9356962803471824 -122.72741562310716 7.787653632276246
vertex -0.5284053347901204 -124.7274156231151 4.787653632281016
vertex -0.5284053347891221 -124.72741562310966 7.787653632281016
endloop
endfacet
facet normal -0.5000000000000003 0.8660254037844385 -1.4715179564767862e-12
outer loop
vertex 36.47159466521236 -124.72741562304735 4.787653632283783
vertex 39.935696280350264 -122.72741562304218 7.78765363228014
vertex 39.9356962803501 -122.72741562304736 4.78765363228014
endloop
endfacet
facet normal -0.5000000000000003 0.8660254037844385 -1.4715179564767862e-12
outer loop
vertex 39.935696280350264 -122.72741562304218 7.78765363228014
vertex 36.47159466521236 -124.72741562304735 4.787653632283783
vertex 36.471594665212514 -124.72741562304216 7.787653632283784
endloop
endfacet
endsolid Vreteno_nosilec_zobnikov
