solid ascii
  facet normal -1.000000e+000 0.000000e+000 0.000000e+000
    outer loop
      vertex   -5.240000e+001 8.500000e+001 0.000000e+000
      vertex   -5.240000e+001 6.950000e+001 0.000000e+000
      vertex   -5.240000e+001 8.500000e+001 5.000000e+001
    endloop
  endfacet
  facet normal -9.551573e-001 -0.000000e+000 0.000000e+000
    outer loop
      vertex   -5.240000e+001 8.500000e+001 5.000000e+001
      vertex   -5.240000e+001 6.950000e+001 0.000000e+000
      vertex   -5.240000e+001 6.950000e+001 5.000000e+001
    endloop
  endfacet
  facet normal -1.000000e+000 0.000000e+000 0.000000e+000
    outer loop
      vertex   -5.240000e+001 8.500000e+001 5.000000e+001
      vertex   -5.240000e+001 6.950000e+001 5.000000e+001
      vertex   -5.240000e+001 8.500000e+001 1.000000e+002
    endloop
  endfacet
  facet normal -9.551573e-001 -0.000000e+000 0.000000e+000
    outer loop
      vertex   -5.240000e+001 8.500000e+001 1.000000e+002
      vertex   -5.240000e+001 6.950000e+001 5.000000e+001
      vertex   -5.240000e+001 6.950000e+001 1.000000e+002
    endloop
  endfacet
  facet normal -1.000000e+000 0.000000e+000 0.000000e+000
    outer loop
      vertex   -5.240000e+001 8.500000e+001 1.000000e+002
      vertex   -5.240000e+001 6.950000e+001 1.000000e+002
      vertex   -5.240000e+001 8.500000e+001 1.500000e+002
    endloop
  endfacet
  facet normal -9.551573e-001 -0.000000e+000 0.000000e+000
    outer loop
      vertex   -5.240000e+001 8.500000e+001 1.500000e+002
      vertex   -5.240000e+001 6.950000e+001 1.000000e+002
      vertex   -5.240000e+001 6.950000e+001 1.500000e+002
    endloop
  endfacet
  facet normal -1.000000e+000 0.000000e+000 0.000000e+000
    outer loop
      vertex   -5.240000e+001 8.500000e+001 1.500000e+002
      vertex   -5.240000e+001 6.950000e+001 1.500000e+002
      vertex   -5.240000e+001 8.500000e+001 2.000000e+002
    endloop
  endfacet
  facet normal -9.551573e-001 -0.000000e+000 0.000000e+000
    outer loop
      vertex   -5.240000e+001 8.500000e+001 2.000000e+002
      vertex   -5.240000e+001 6.950000e+001 1.500000e+002
      vertex   -5.240000e+001 6.950000e+001 2.000000e+002
    endloop
  endfacet
  facet normal -0.000000e+000 0.000000e+000 1.000000e+000
    outer loop
      vertex   -5.240000e+001 8.500000e+001 2.000000e+002
      vertex   -5.240000e+001 6.950000e+001 2.000000e+002
      vertex   -5.000000e+001 8.500000e+001 2.000000e+002
    endloop
  endfacet
  facet normal 0.000000e+000 0.000000e+000 1.530154e-001
    outer loop
      vertex   -5.000000e+001 8.500000e+001 2.000000e+002
      vertex   -5.240000e+001 6.950000e+001 2.000000e+002
      vertex   -5.000000e+001 5.000000e+001 2.000000e+002
    endloop
  endfacet
  facet normal 0.000000e+000 0.000000e+000 2.341163e-001
    outer loop
      vertex   -5.000000e+001 5.000000e+001 2.000000e+002
      vertex   -5.240000e+001 6.950000e+001 2.000000e+002
      vertex   -5.600000e+001 6.600000e+001 2.000000e+002
    endloop
  endfacet
  facet normal 0.000000e+000 0.000000e+000 5.843047e-001
    outer loop
      vertex   -5.000000e+001 5.000000e+001 2.000000e+002
      vertex   -5.600000e+001 6.600000e+001 2.000000e+002
      vertex   -5.600000e+001 5.400000e+001 2.000000e+002
    endloop
  endfacet
  facet normal 0.000000e+000 -0.000000e+000 6.970785e-001
    outer loop
      vertex   -5.600000e+001 6.600000e+001 2.000000e+002
      vertex   -5.240000e+001 6.950000e+001 2.000000e+002
      vertex   -6.000000e+001 6.600000e+001 2.000000e+002
    endloop
  endfacet
  facet normal 0.000000e+000 -0.000000e+000 9.129285e-001
    outer loop
      vertex   -6.000000e+001 6.600000e+001 2.000000e+002
      vertex   -5.240000e+001 6.950000e+001 2.000000e+002
      vertex   -6.400000e+001 6.950000e+001 2.000000e+002
    endloop
  endfacet
  facet normal 0.000000e+000 0.000000e+000 9.843367e-001
    outer loop
      vertex   -6.000000e+001 6.600000e+001 2.000000e+002
      vertex   -6.400000e+001 6.950000e+001 2.000000e+002
      vertex   -6.400000e+001 6.280000e+001 2.000000e+002
    endloop
  endfacet
  facet normal 0.000000e+000 0.000000e+000 6.246951e-001
    outer loop
      vertex   -6.400000e+001 6.280000e+001 2.000000e+002
      vertex   -6.000000e+001 6.280000e+001 2.000000e+002
      vertex   -6.000000e+001 6.600000e+001 2.000000e+002
    endloop
  endfacet
  facet normal 0.000000e+000 0.000000e+000 5.547002e-001
    outer loop
      vertex   -5.000000e+001 5.000000e+001 2.000000e+002
      vertex   -5.600000e+001 5.400000e+001 2.000000e+002
      vertex   -6.400000e+001 5.000000e+001 2.000000e+002
    endloop
  endfacet
  facet normal 0.000000e+000 0.000000e+000 3.162278e-001
    outer loop
      vertex   -6.400000e+001 5.000000e+001 2.000000e+002
      vertex   -5.600000e+001 5.400000e+001 2.000000e+002
      vertex   -6.000000e+001 5.400000e+001 2.000000e+002
    endloop
  endfacet
  facet normal 0.000000e+000 0.000000e+000 7.071068e-001
    outer loop
      vertex   -6.400000e+001 5.000000e+001 2.000000e+002
      vertex   -6.000000e+001 5.400000e+001 2.000000e+002
      vertex   -6.400000e+001 5.720000e+001 2.000000e+002
    endloop
  endfacet
  facet normal -0.000000e+000 0.000000e+000 6.246951e-001
    outer loop
      vertex   -6.400000e+001 5.720000e+001 2.000000e+002
      vertex   -6.000000e+001 5.400000e+001 2.000000e+002
      vertex   -6.000000e+001 5.720000e+001 2.000000e+002
    endloop
  endfacet
  facet normal 0.000000e+000 1.000000e+000 -0.000000e+000
    outer loop
      vertex   -5.240000e+001 6.950000e+001 0.000000e+000
      vertex   -6.400000e+001 6.950000e+001 0.000000e+000
      vertex   -5.240000e+001 6.950000e+001 5.000000e+001
    endloop
  endfacet
  facet normal 0.000000e+000 9.741278e-001 0.000000e+000
    outer loop
      vertex   -5.240000e+001 6.950000e+001 5.000000e+001
      vertex   -6.400000e+001 6.950000e+001 0.000000e+000
      vertex   -6.400000e+001 6.950000e+001 5.000000e+001
    endloop
  endfacet
  facet normal 0.000000e+000 1.000000e+000 -0.000000e+000
    outer loop
      vertex   -5.240000e+001 6.950000e+001 5.000000e+001
      vertex   -6.400000e+001 6.950000e+001 5.000000e+001
      vertex   -5.240000e+001 6.950000e+001 1.000000e+002
    endloop
  endfacet
  facet normal 0.000000e+000 9.741278e-001 0.000000e+000
    outer loop
      vertex   -5.240000e+001 6.950000e+001 1.000000e+002
      vertex   -6.400000e+001 6.950000e+001 5.000000e+001
      vertex   -6.400000e+001 6.950000e+001 1.000000e+002
    endloop
  endfacet
  facet normal 0.000000e+000 1.000000e+000 -0.000000e+000
    outer loop
      vertex   -5.240000e+001 6.950000e+001 1.000000e+002
      vertex   -6.400000e+001 6.950000e+001 1.000000e+002
      vertex   -5.240000e+001 6.950000e+001 1.500000e+002
    endloop
  endfacet
  facet normal 0.000000e+000 9.741278e-001 0.000000e+000
    outer loop
      vertex   -5.240000e+001 6.950000e+001 1.500000e+002
      vertex   -6.400000e+001 6.950000e+001 1.000000e+002
      vertex   -6.400000e+001 6.950000e+001 1.500000e+002
    endloop
  endfacet
  facet normal 0.000000e+000 1.000000e+000 -0.000000e+000
    outer loop
      vertex   -5.240000e+001 6.950000e+001 1.500000e+002
      vertex   -6.400000e+001 6.950000e+001 1.500000e+002
      vertex   -5.240000e+001 6.950000e+001 2.000000e+002
    endloop
  endfacet
  facet normal 0.000000e+000 9.741278e-001 0.000000e+000
    outer loop
      vertex   -5.240000e+001 6.950000e+001 2.000000e+002
      vertex   -6.400000e+001 6.950000e+001 1.500000e+002
      vertex   -6.400000e+001 6.950000e+001 2.000000e+002
    endloop
  endfacet
  facet normal -1.079019e-001 0.000000e+000 0.000000e+000
    outer loop
      vertex   -6.400000e+001 6.950000e+001 1.500000e+002
      vertex   -6.400000e+001 6.495769e+001 1.918509e+002
      vertex   -6.400000e+001 6.950000e+001 2.000000e+002
    endloop
  endfacet
  facet normal -1.439008e-002 0.000000e+000 0.000000e+000
    outer loop
      vertex   -6.400000e+001 6.950000e+001 2.000000e+002
      vertex   -6.400000e+001 6.495769e+001 1.918509e+002
      vertex   -6.400000e+001 6.498941e+001 1.921748e+002
    endloop
  endfacet
  facet normal -1.752125e-002 0.000000e+000 0.000000e+000
    outer loop
      vertex   -6.400000e+001 6.950000e+001 2.000000e+002
      vertex   -6.400000e+001 6.498941e+001 1.921748e+002
      vertex   -6.400000e+001 6.500000e+001 1.925000e+002
    endloop
  endfacet
  facet normal -1.499421e-001 0.000000e+000 0.000000e+000
    outer loop
      vertex   -6.400000e+001 6.950000e+001 1.000000e+002
      vertex   -6.400000e+001 6.280000e+001 1.441788e+002
      vertex   -6.400000e+001 6.950000e+001 1.500000e+002
    endloop
  endfacet
  facet normal -8.277103e-001 -0.000000e+000 0.000000e+000
    outer loop
      vertex   -6.400000e+001 6.950000e+001 1.500000e+002
      vertex   -6.400000e+001 6.280000e+001 1.441788e+002
      vertex   -6.400000e+001 6.462347e+001 1.905965e+002
    endloop
  endfacet
  facet normal -3.632182e-003 0.000000e+000 0.000000e+000
    outer loop
      vertex   -6.400000e+001 6.950000e+001 1.500000e+002
      vertex   -6.400000e+001 6.462347e+001 1.905965e+002
      vertex   -6.400000e+001 6.473750e+001 1.909012e+002
    endloop
  endfacet
  facet normal -7.548764e-001 0.000000e+000 0.000000e+000
    outer loop
      vertex   -6.400000e+001 6.950000e+001 5.000000e+001
      vertex   -6.400000e+001 6.280000e+001 5.582123e+001
      vertex   -6.400000e+001 6.950000e+001 1.000000e+002
    endloop
  endfacet
  facet normal -9.886948e-001 -0.000000e+000 0.000000e+000
    outer loop
      vertex   -6.400000e+001 6.950000e+001 1.000000e+002
      vertex   -6.400000e+001 6.280000e+001 5.582123e+001
      vertex   -6.400000e+001 6.280000e+001 1.000000e+002
    endloop
  endfacet
  facet normal -9.886948e-001 0.000000e+000 0.000000e+000
    outer loop
      vertex   -6.400000e+001 6.950000e+001 1.000000e+002
      vertex   -6.400000e+001 6.280000e+001 1.000000e+002
      vertex   -6.400000e+001 6.280000e+001 1.441788e+002
    endloop
  endfacet
  facet normal -4.868737e-001 0.000000e+000 0.000000e+000
    outer loop
      vertex   -6.400000e+001 6.950000e+001 0.000000e+000
      vertex   -6.400000e+001 6.495769e+001 8.149103e+000
      vertex   -6.400000e+001 6.950000e+001 5.000000e+001
    endloop
  endfacet
  facet normal -2.083614e-003 0.000000e+000 0.000000e+000
    outer loop
      vertex   -6.400000e+001 6.950000e+001 5.000000e+001
      vertex   -6.400000e+001 6.495769e+001 8.149103e+000
      vertex   -6.400000e+001 6.490497e+001 8.470217e+000
    endloop
  endfacet
  facet normal -2.601912e-003 0.000000e+000 0.000000e+000
    outer loop
      vertex   -6.400000e+001 6.950000e+001 5.000000e+001
      vertex   -6.400000e+001 6.490497e+001 8.470217e+000
      vertex   -6.400000e+001 6.483147e+001 8.787220e+000
    endloop
  endfacet
  facet normal -9.527395e-001 0.000000e+000 0.000000e+000
    outer loop
      vertex   -6.400000e+001 6.280000e+001 0.000000e+000
      vertex   -6.400000e+001 6.448986e+001 5.299733e+000
      vertex   -6.400000e+001 6.950000e+001 0.000000e+000
    endloop
  endfacet
  facet normal -4.054040e-002 0.000000e+000 0.000000e+000
    outer loop
      vertex   -6.400000e+001 6.950000e+001 0.000000e+000
      vertex   -6.400000e+001 6.448986e+001 5.299733e+000
      vertex   -6.400000e+001 6.462347e+001 5.596449e+000
    endloop
  endfacet
  facet normal -3.774036e-002 0.000000e+000 0.000000e+000
    outer loop
      vertex   -6.400000e+001 6.950000e+001 0.000000e+000
      vertex   -6.400000e+001 6.462347e+001 5.596449e+000
      vertex   -6.400000e+001 6.473750e+001 5.901228e+000
    endloop
  endfacet
  facet normal -8.098325e-001 0.000000e+000 0.000000e+000
    outer loop
      vertex   -6.400000e+001 6.280000e+001 3.357537e+000
      vertex   -6.400000e+001 6.306353e+001 3.548445e+000
      vertex   -6.400000e+001 6.280000e+001 0.000000e+000
    endloop
  endfacet
  facet normal -6.185164e-002 0.000000e+000 0.000000e+000
    outer loop
      vertex   -6.400000e+001 6.280000e+001 0.000000e+000
      vertex   -6.400000e+001 6.306353e+001 3.548445e+000
      vertex   -6.400000e+001 6.331408e+001 3.756090e+000
    endloop
  endfacet
  facet normal -5.037896e-002 0.000000e+000 0.000000e+000
    outer loop
      vertex   -6.400000e+001 6.280000e+001 0.000000e+000
      vertex   -6.400000e+001 6.331408e+001 3.756090e+000
      vertex   -6.400000e+001 6.355060e+001 3.979594e+000
    endloop
  endfacet
  facet normal -5.330100e-001 0.000000e+000 -0.000000e+000
    outer loop
      vertex   -6.400000e+001 6.355060e+001 3.979594e+000
      vertex   -6.400000e+001 6.377207e+001 4.218009e+000
      vertex   -6.400000e+001 6.280000e+001 0.000000e+000
    endloop
  endfacet
  facet normal -3.106098e-002 0.000000e+000 0.000000e+000
    outer loop
      vertex   -6.400000e+001 6.280000e+001 0.000000e+000
      vertex   -6.400000e+001 6.377207e+001 4.218009e+000
      vertex   -6.400000e+001 6.397757e+001 4.470326e+000
    endloop
  endfacet
  facet normal -2.330945e-002 0.000000e+000 0.000000e+000
    outer loop
      vertex   -6.400000e+001 6.280000e+001 0.000000e+000
      vertex   -6.400000e+001 6.397757e+001 4.470326e+000
      vertex   -6.400000e+001 6.416622e+001 4.735476e+000
    endloop
  endfacet
  facet normal -2.690661e-001 0.000000e+000 -0.000000e+000
    outer loop
      vertex   -6.400000e+001 6.416622e+001 4.735476e+000
      vertex   -6.400000e+001 6.433723e+001 5.012336e+000
      vertex   -6.400000e+001 6.280000e+001 0.000000e+000
    endloop
  endfacet
  facet normal -1.108428e-002 0.000000e+000 0.000000e+000
    outer loop
      vertex   -6.400000e+001 6.280000e+001 0.000000e+000
      vertex   -6.400000e+001 6.433723e+001 5.012336e+000
      vertex   -6.400000e+001 6.448986e+001 5.299733e+000
    endloop
  endfacet
  facet normal -8.259802e-001 0.000000e+000 0.000000e+000
    outer loop
      vertex   -6.400000e+001 6.473750e+001 5.901228e+000
      vertex   -6.400000e+001 6.483147e+001 6.212780e+000
      vertex   -6.400000e+001 6.950000e+001 0.000000e+000
    endloop
  endfacet
  facet normal -3.120998e-002 0.000000e+000 0.000000e+000
    outer loop
      vertex   -6.400000e+001 6.950000e+001 0.000000e+000
      vertex   -6.400000e+001 6.483147e+001 6.212780e+000
      vertex   -6.400000e+001 6.490497e+001 6.529784e+000
    endloop
  endfacet
  facet normal -2.772679e-002 0.000000e+000 0.000000e+000
    outer loop
      vertex   -6.400000e+001 6.950000e+001 0.000000e+000
      vertex   -6.400000e+001 6.490497e+001 6.529784e+000
      vertex   -6.400000e+001 6.495769e+001 6.850897e+000
    endloop
  endfacet
  facet normal -6.312141e-001 0.000000e+000 0.000000e+000
    outer loop
      vertex   -6.400000e+001 6.495769e+001 6.850897e+000
      vertex   -6.400000e+001 6.498941e+001 7.174759e+000
      vertex   -6.400000e+001 6.950000e+001 0.000000e+000
    endloop
  endfacet
  facet normal -2.081642e-002 0.000000e+000 0.000000e+000
    outer loop
      vertex   -6.400000e+001 6.950000e+001 0.000000e+000
      vertex   -6.400000e+001 6.498941e+001 7.174759e+000
      vertex   -6.400000e+001 6.500000e+001 7.500000e+000
    endloop
  endfacet
  facet normal -1.752122e-002 0.000000e+000 0.000000e+000
    outer loop
      vertex   -6.400000e+001 6.950000e+001 0.000000e+000
      vertex   -6.400000e+001 6.500000e+001 7.500000e+000
      vertex   -6.400000e+001 6.498941e+001 7.825241e+000
    endloop
  endfacet
  facet normal -4.125547e-001 0.000000e+000 0.000000e+000
    outer loop
      vertex   -6.400000e+001 6.498941e+001 7.825241e+000
      vertex   -6.400000e+001 6.495769e+001 8.149103e+000
      vertex   -6.400000e+001 6.950000e+001 0.000000e+000
    endloop
  endfacet
  facet normal -3.946817e-001 0.000000e+000 0.000000e+000
    outer loop
      vertex   -6.400000e+001 6.483147e+001 8.787220e+000
      vertex   -6.400000e+001 6.473750e+001 9.098771e+000
      vertex   -6.400000e+001 6.950000e+001 5.000000e+001
    endloop
  endfacet
  facet normal -3.632182e-003 0.000000e+000 0.000000e+000
    outer loop
      vertex   -6.400000e+001 6.950000e+001 5.000000e+001
      vertex   -6.400000e+001 6.473750e+001 9.098771e+000
      vertex   -6.400000e+001 6.462347e+001 9.403551e+000
    endloop
  endfacet
  facet normal -8.277102e-001 -0.000000e+000 0.000000e+000
    outer loop
      vertex   -6.400000e+001 6.950000e+001 5.000000e+001
      vertex   -6.400000e+001 6.462347e+001 9.403551e+000
      vertex   -6.400000e+001 6.280000e+001 5.582123e+001
    endloop
  endfacet
  facet normal -2.640485e-003 0.000000e+000 0.000000e+000
    outer loop
      vertex   -6.400000e+001 6.280000e+001 5.582123e+001
      vertex   -6.400000e+001 6.462347e+001 9.403551e+000
      vertex   -6.400000e+001 6.448986e+001 9.700268e+000
    endloop
  endfacet
  facet normal -3.096605e-003 0.000000e+000 0.000000e+000
    outer loop
      vertex   -6.400000e+001 6.280000e+001 5.582123e+001
      vertex   -6.400000e+001 6.448986e+001 9.700268e+000
      vertex   -6.400000e+001 6.433723e+001 9.987664e+000
    endloop
  endfacet
  facet normal -4.966873e-001 0.000000e+000 0.000000e+000
    outer loop
      vertex   -6.400000e+001 6.433723e+001 9.987664e+000
      vertex   -6.400000e+001 6.416622e+001 1.026452e+001
      vertex   -6.400000e+001 6.280000e+001 5.582123e+001
    endloop
  endfacet
  facet normal -3.986488e-003 0.000000e+000 0.000000e+000
    outer loop
      vertex   -6.400000e+001 6.280000e+001 5.582123e+001
      vertex   -6.400000e+001 6.416622e+001 1.026452e+001
      vertex   -6.400000e+001 6.397757e+001 1.052967e+001
    endloop
  endfacet
  facet normal -4.414548e-003 0.000000e+000 0.000000e+000
    outer loop
      vertex   -6.400000e+001 6.280000e+001 5.582123e+001
      vertex   -6.400000e+001 6.397757e+001 1.052967e+001
      vertex   -6.400000e+001 6.377207e+001 1.078199e+001
    endloop
  endfacet
  facet normal -6.646296e-001 0.000000e+000 0.000000e+000
    outer loop
      vertex   -6.400000e+001 6.377207e+001 1.078199e+001
      vertex   -6.400000e+001 6.355060e+001 1.102041e+001
      vertex   -6.400000e+001 6.280000e+001 5.582123e+001
    endloop
  endfacet
  facet normal -5.220643e-003 0.000000e+000 0.000000e+000
    outer loop
      vertex   -6.400000e+001 6.280000e+001 5.582123e+001
      vertex   -6.400000e+001 6.355060e+001 1.102041e+001
      vertex   -6.400000e+001 6.331408e+001 1.124391e+001
    endloop
  endfacet
  facet normal -5.592504e-003 0.000000e+000 0.000000e+000
    outer loop
      vertex   -6.400000e+001 6.280000e+001 5.582123e+001
      vertex   -6.400000e+001 6.331408e+001 1.124391e+001
      vertex   -6.400000e+001 6.306353e+001 1.145156e+001
    endloop
  endfacet
  facet normal -8.063341e-001 0.000000e+000 0.000000e+000
    outer loop
      vertex   -6.400000e+001 6.306353e+001 1.145156e+001
      vertex   -6.400000e+001 6.280000e+001 1.164246e+001
      vertex   -6.400000e+001 6.280000e+001 5.582123e+001
    endloop
  endfacet
  facet normal -8.098398e-001 0.000000e+000 0.000000e+000
    outer loop
      vertex   -6.400000e+001 6.280000e+001 1.883575e+002
      vertex   -6.400000e+001 6.306353e+001 1.885484e+002
      vertex   -6.400000e+001 6.280000e+001 1.441788e+002
    endloop
  endfacet
  facet normal -5.592505e-003 0.000000e+000 0.000000e+000
    outer loop
      vertex   -6.400000e+001 6.280000e+001 1.441788e+002
      vertex   -6.400000e+001 6.306353e+001 1.885484e+002
      vertex   -6.400000e+001 6.331408e+001 1.887561e+002
    endloop
  endfacet
  facet normal -5.220641e-003 0.000000e+000 0.000000e+000
    outer loop
      vertex   -6.400000e+001 6.280000e+001 1.441788e+002
      vertex   -6.400000e+001 6.331408e+001 1.887561e+002
      vertex   -6.400000e+001 6.355060e+001 1.889796e+002
    endloop
  endfacet
  facet normal -6.682462e-001 0.000000e+000 -0.000000e+000
    outer loop
      vertex   -6.400000e+001 6.355060e+001 1.889796e+002
      vertex   -6.400000e+001 6.377207e+001 1.892180e+002
      vertex   -6.400000e+001 6.280000e+001 1.441788e+002
    endloop
  endfacet
  facet normal -4.414546e-003 0.000000e+000 0.000000e+000
    outer loop
      vertex   -6.400000e+001 6.280000e+001 1.441788e+002
      vertex   -6.400000e+001 6.377207e+001 1.892180e+002
      vertex   -6.400000e+001 6.397757e+001 1.894703e+002
    endloop
  endfacet
  facet normal -3.986488e-003 0.000000e+000 0.000000e+000
    outer loop
      vertex   -6.400000e+001 6.280000e+001 1.441788e+002
      vertex   -6.400000e+001 6.397757e+001 1.894703e+002
      vertex   -6.400000e+001 6.416622e+001 1.897355e+002
    endloop
  endfacet
  facet normal -4.997674e-001 0.000000e+000 -0.000000e+000
    outer loop
      vertex   -6.400000e+001 6.416622e+001 1.897355e+002
      vertex   -6.400000e+001 6.433723e+001 1.900123e+002
      vertex   -6.400000e+001 6.280000e+001 1.441788e+002
    endloop
  endfacet
  facet normal -3.096603e-003 0.000000e+000 0.000000e+000
    outer loop
      vertex   -6.400000e+001 6.280000e+001 1.441788e+002
      vertex   -6.400000e+001 6.433723e+001 1.900123e+002
      vertex   -6.400000e+001 6.448986e+001 1.902997e+002
    endloop
  endfacet
  facet normal -2.640479e-003 0.000000e+000 0.000000e+000
    outer loop
      vertex   -6.400000e+001 6.280000e+001 1.441788e+002
      vertex   -6.400000e+001 6.448986e+001 1.902997e+002
      vertex   -6.400000e+001 6.462347e+001 1.905965e+002
    endloop
  endfacet
  facet normal -3.975433e-001 0.000000e+000 0.000000e+000
    outer loop
      vertex   -6.400000e+001 6.473750e+001 1.909012e+002
      vertex   -6.400000e+001 6.483147e+001 1.912128e+002
      vertex   -6.400000e+001 6.950000e+001 1.500000e+002
    endloop
  endfacet
  facet normal -2.601901e-003 0.000000e+000 0.000000e+000
    outer loop
      vertex   -6.400000e+001 6.950000e+001 1.500000e+002
      vertex   -6.400000e+001 6.483147e+001 1.912128e+002
      vertex   -6.400000e+001 6.490497e+001 1.915298e+002
    endloop
  endfacet
  facet normal -2.083594e-003 0.000000e+000 0.000000e+000
    outer loop
      vertex   -6.400000e+001 6.950000e+001 1.500000e+002
      vertex   -6.400000e+001 6.490497e+001 1.915298e+002
      vertex   -6.400000e+001 6.495769e+001 1.918509e+002
    endloop
  endfacet
  facet normal -5.421278e-001 0.000000e+000 0.000000e+000
    outer loop
      vertex   -6.400000e+001 6.500000e+001 1.925000e+002
      vertex   -6.400000e+001 6.498941e+001 1.928252e+002
      vertex   -6.400000e+001 6.950000e+001 2.000000e+002
    endloop
  endfacet
  facet normal -2.423744e-002 0.000000e+000 0.000000e+000
    outer loop
      vertex   -6.400000e+001 6.950000e+001 2.000000e+002
      vertex   -6.400000e+001 6.498941e+001 1.928252e+002
      vertex   -6.400000e+001 6.495769e+001 1.931491e+002
    endloop
  endfacet
  facet normal -2.772630e-002 0.000000e+000 0.000000e+000
    outer loop
      vertex   -6.400000e+001 6.950000e+001 2.000000e+002
      vertex   -6.400000e+001 6.495769e+001 1.931491e+002
      vertex   -6.400000e+001 6.490497e+001 1.934702e+002
    endloop
  endfacet
  facet normal -7.453411e-001 0.000000e+000 0.000000e+000
    outer loop
      vertex   -6.400000e+001 6.490497e+001 1.934702e+002
      vertex   -6.400000e+001 6.483147e+001 1.937872e+002
      vertex   -6.400000e+001 6.950000e+001 2.000000e+002
    endloop
  endfacet
  facet normal -3.458679e-002 0.000000e+000 0.000000e+000
    outer loop
      vertex   -6.400000e+001 6.950000e+001 2.000000e+002
      vertex   -6.400000e+001 6.483147e+001 1.937872e+002
      vertex   -6.400000e+001 6.473750e+001 1.940988e+002
    endloop
  endfacet
  facet normal -3.774031e-002 0.000000e+000 0.000000e+000
    outer loop
      vertex   -6.400000e+001 6.950000e+001 2.000000e+002
      vertex   -6.400000e+001 6.473750e+001 1.940988e+002
      vertex   -6.400000e+001 6.462347e+001 1.944035e+002
    endloop
  endfacet
  facet normal -9.085779e-001 0.000000e+000 0.000000e+000
    outer loop
      vertex   -6.400000e+001 6.462347e+001 1.944035e+002
      vertex   -6.400000e+001 6.448986e+001 1.947003e+002
      vertex   -6.400000e+001 6.950000e+001 2.000000e+002
    endloop
  endfacet
  facet normal -7.266818e-001 -0.000000e+000 0.000000e+000
    outer loop
      vertex   -6.400000e+001 6.950000e+001 2.000000e+002
      vertex   -6.400000e+001 6.448986e+001 1.947003e+002
      vertex   -6.400000e+001 6.280000e+001 2.000000e+002
    endloop
  endfacet
  facet normal -1.108414e-002 0.000000e+000 0.000000e+000
    outer loop
      vertex   -6.400000e+001 6.280000e+001 2.000000e+002
      vertex   -6.400000e+001 6.448986e+001 1.947003e+002
      vertex   -6.400000e+001 6.433723e+001 1.949877e+002
    endloop
  endfacet
  facet normal -1.670094e-002 0.000000e+000 0.000000e+000
    outer loop
      vertex   -6.400000e+001 6.280000e+001 2.000000e+002
      vertex   -6.400000e+001 6.433723e+001 1.949877e+002
      vertex   -6.400000e+001 6.416622e+001 1.952645e+002
    endloop
  endfacet
  facet normal -3.311322e-001 0.000000e+000 0.000000e+000
    outer loop
      vertex   -6.400000e+001 6.416622e+001 1.952645e+002
      vertex   -6.400000e+001 6.397757e+001 1.955297e+002
      vertex   -6.400000e+001 6.280000e+001 2.000000e+002
    endloop
  endfacet
  facet normal -3.106087e-002 0.000000e+000 0.000000e+000
    outer loop
      vertex   -6.400000e+001 6.280000e+001 2.000000e+002
      vertex   -6.400000e+001 6.397757e+001 1.955297e+002
      vertex   -6.400000e+001 6.377207e+001 1.957820e+002
    endloop
  endfacet
  facet normal -4.007098e-002 0.000000e+000 0.000000e+000
    outer loop
      vertex   -6.400000e+001 6.280000e+001 2.000000e+002
      vertex   -6.400000e+001 6.377207e+001 1.957820e+002
      vertex   -6.400000e+001 6.355060e+001 1.960204e+002
    endloop
  endfacet
  facet normal -5.869104e-001 0.000000e+000 0.000000e+000
    outer loop
      vertex   -6.400000e+001 6.355060e+001 1.960204e+002
      vertex   -6.400000e+001 6.331408e+001 1.962439e+002
      vertex   -6.400000e+001 6.280000e+001 2.000000e+002
    endloop
  endfacet
  facet normal -6.185176e-002 0.000000e+000 0.000000e+000
    outer loop
      vertex   -6.400000e+001 6.280000e+001 2.000000e+002
      vertex   -6.400000e+001 6.331408e+001 1.962439e+002
      vertex   -6.400000e+001 6.306353e+001 1.964516e+002
    endloop
  endfacet
  facet normal -7.406254e-002 0.000000e+000 0.000000e+000
    outer loop
      vertex   -6.400000e+001 6.280000e+001 2.000000e+002
      vertex   -6.400000e+001 6.306353e+001 1.964516e+002
      vertex   -6.400000e+001 6.280000e+001 1.966425e+002
    endloop
  endfacet
  facet normal -7.073247e-001 -7.060918e-001 -3.313689e-002
    outer loop
      vertex   -5.300000e+001 6.248901e+001 1.927341e+002
      vertex   -5.600000e+001 6.548870e+001 1.928524e+002
      vertex   -5.300000e+001 6.250000e+001 1.925000e+002
    endloop
  endfacet
  facet normal -5.863911e-002 -5.863911e-002 -1.880240e-003
    outer loop
      vertex   -5.300000e+001 6.250000e+001 1.925000e+002
      vertex   -5.600000e+001 6.548870e+001 1.928524e+002
      vertex   -5.600000e+001 6.550000e+001 1.925000e+002
    endloop
  endfacet
  facet normal -5.863911e-002 -5.863911e-002 1.880240e-003
    outer loop
      vertex   -5.300000e+001 6.250000e+001 1.925000e+002
      vertex   -5.600000e+001 6.550000e+001 1.925000e+002
      vertex   -5.600000e+001 6.548870e+001 1.921476e+002
    endloop
  endfacet
  facet normal -7.062050e-001 -7.036017e-001 -6.788521e-002
    outer loop
      vertex   -5.600000e+001 6.548870e+001 1.928524e+002
      vertex   -5.300000e+001 6.248901e+001 1.927341e+002
      vertex   -5.600000e+001 6.545484e+001 1.932033e+002
    endloop
  endfacet
  facet normal -3.902182e-002 -3.860662e-002 -5.466182e-003
    outer loop
      vertex   -5.600000e+001 6.545484e+001 1.932033e+002
      vertex   -5.300000e+001 6.248901e+001 1.927341e+002
      vertex   -5.300000e+001 6.245616e+001 1.929662e+002
    endloop
  endfacet
  facet normal -7.057118e-001 -6.971084e-001 -1.126956e-001
    outer loop
      vertex   -5.600000e+001 6.545484e+001 1.932033e+002
      vertex   -5.300000e+001 6.245616e+001 1.929662e+002
      vertex   -5.600000e+001 6.539857e+001 1.935514e+002
    endloop
  endfacet
  facet normal -7.068341e-001 -6.893718e-001 -1.573473e-001
    outer loop
      vertex   -5.600000e+001 6.539857e+001 1.935514e+002
      vertex   -5.300000e+001 6.245616e+001 1.929662e+002
      vertex   -5.600000e+001 6.532012e+001 1.938951e+002
    endloop
  endfacet
  facet normal -3.899899e-002 -3.791426e-002 -9.055365e-003
    outer loop
      vertex   -5.600000e+001 6.532012e+001 1.938951e+002
      vertex   -5.300000e+001 6.245616e+001 1.929662e+002
      vertex   -5.300000e+001 6.240171e+001 1.931941e+002
    endloop
  endfacet
  facet normal -7.062880e-001 -6.777191e-001 -2.011496e-001
    outer loop
      vertex   -5.600000e+001 6.532012e+001 1.938951e+002
      vertex   -5.300000e+001 6.240171e+001 1.931941e+002
      vertex   -5.600000e+001 6.521980e+001 1.942331e+002
    endloop
  endfacet
  facet normal -3.902624e-002 -3.691105e-002 -1.257004e-002
    outer loop
      vertex   -5.600000e+001 6.521980e+001 1.942331e+002
      vertex   -5.300000e+001 6.240171e+001 1.931941e+002
      vertex   -5.300000e+001 6.232616e+001 1.934160e+002
    endloop
  endfacet
  facet normal -7.057884e-001 -6.628495e-001 -2.439222e-001
    outer loop
      vertex   -5.600000e+001 6.521980e+001 1.942331e+002
      vertex   -5.300000e+001 6.232616e+001 1.934160e+002
      vertex   -5.600000e+001 6.509805e+001 1.945640e+002
    endloop
  endfacet
  facet normal -7.069264e-001 -6.465669e-001 -2.862104e-001
    outer loop
      vertex   -5.600000e+001 6.509805e+001 1.945640e+002
      vertex   -5.300000e+001 6.232616e+001 1.934160e+002
      vertex   -5.600000e+001 6.495533e+001 1.948864e+002
    endloop
  endfacet
  facet normal -3.898216e-002 -3.555266e-002 -1.596330e-002
    outer loop
      vertex   -5.600000e+001 6.495533e+001 1.948864e+002
      vertex   -5.300000e+001 6.232616e+001 1.934160e+002
      vertex   -5.300000e+001 6.223017e+001 1.936297e+002
    endloop
  endfacet
  facet normal -7.063742e-001 -6.268169e-001 -3.270249e-001
    outer loop
      vertex   -5.600000e+001 6.495533e+001 1.948864e+002
      vertex   -5.300000e+001 6.223017e+001 1.936297e+002
      vertex   -5.600000e+001 6.479225e+001 1.951989e+002
    endloop
  endfacet
  facet normal -3.903012e-002 -3.392160e-002 -1.923307e-002
    outer loop
      vertex   -5.600000e+001 6.479225e+001 1.951989e+002
      vertex   -5.300000e+001 6.223017e+001 1.936297e+002
      vertex   -5.300000e+001 6.211458e+001 1.938336e+002
    endloop
  endfacet
  facet normal -7.058662e-001 -6.041064e-001 -3.662122e-001
    outer loop
      vertex   -5.600000e+001 6.479225e+001 1.951989e+002
      vertex   -5.300000e+001 6.211458e+001 1.938336e+002
      vertex   -5.600000e+001 6.460948e+001 1.955004e+002
    endloop
  endfacet
  facet normal -7.070201e-001 -5.799092e-001 -4.045074e-001
    outer loop
      vertex   -5.600000e+001 6.460948e+001 1.955004e+002
      vertex   -5.300000e+001 6.211458e+001 1.938336e+002
      vertex   -5.600000e+001 6.440778e+001 1.957896e+002
    endloop
  endfacet
  facet normal -3.896515e-002 -3.194772e-002 -2.230734e-002
    outer loop
      vertex   -5.600000e+001 6.440778e+001 1.957896e+002
      vertex   -5.300000e+001 6.211458e+001 1.938336e+002
      vertex   -5.300000e+001 6.198041e+001 1.940258e+002
    endloop
  endfacet
  facet normal -7.064605e-001 -5.527864e-001 -4.408368e-001
    outer loop
      vertex   -5.600000e+001 6.440778e+001 1.957896e+002
      vertex   -5.300000e+001 6.198041e+001 1.940258e+002
      vertex   -5.600000e+001 6.418795e+001 1.960653e+002
    endloop
  endfacet
  facet normal -3.903023e-002 -2.974017e-002 -2.522101e-002
    outer loop
      vertex   -5.600000e+001 6.418795e+001 1.960653e+002
      vertex   -5.300000e+001 6.198041e+001 1.940258e+002
      vertex   -5.300000e+001 6.182883e+001 1.942045e+002
    endloop
  endfacet
  facet normal -7.059447e-001 -5.230420e-001 -4.750313e-001
    outer loop
      vertex   -5.600000e+001 6.418795e+001 1.960653e+002
      vertex   -5.300000e+001 6.182883e+001 1.942045e+002
      vertex   -5.600000e+001 6.395092e+001 1.963262e+002
    endloop
  endfacet
  facet normal -3.898097e-002 -2.723378e-002 -2.787827e-002
    outer loop
      vertex   -5.600000e+001 6.395092e+001 1.963262e+002
      vertex   -5.300000e+001 6.182883e+001 1.942045e+002
      vertex   -5.300000e+001 6.166118e+001 1.943683e+002
    endloop
  endfacet
  facet normal -7.054767e-001 -4.908909e-001 -5.068621e-001
    outer loop
      vertex   -5.600000e+001 6.395092e+001 1.963262e+002
      vertex   -5.300000e+001 6.166118e+001 1.943683e+002
      vertex   -5.600000e+001 6.369765e+001 1.965715e+002
    endloop
  endfacet
  facet normal -7.065478e-001 -4.583511e-001 -5.383973e-001
    outer loop
      vertex   -5.600000e+001 6.369765e+001 1.965715e+002
      vertex   -5.300000e+001 6.166118e+001 1.943683e+002
      vertex   -5.600000e+001 6.342920e+001 1.968001e+002
    endloop
  endfacet
  facet normal -3.902666e-002 -2.451442e-002 -3.032251e-002
    outer loop
      vertex   -5.600000e+001 6.342920e+001 1.968001e+002
      vertex   -5.300000e+001 6.166118e+001 1.943683e+002
      vertex   -5.300000e+001 6.147893e+001 1.945156e+002
    endloop
  endfacet
  facet normal -7.060244e-001 -4.226477e-001 -5.663491e-001
    outer loop
      vertex   -5.600000e+001 6.342920e+001 1.968001e+002
      vertex   -5.300000e+001 6.147893e+001 1.945156e+002
      vertex   -5.600000e+001 6.314664e+001 1.970109e+002
    endloop
  endfacet
  facet normal -3.899693e-002 -2.156162e-002 -3.247377e-002
    outer loop
      vertex   -5.600000e+001 6.314664e+001 1.970109e+002
      vertex   -5.300000e+001 6.147893e+001 1.945156e+002
      vertex   -5.300000e+001 6.128368e+001 1.946453e+002
    endloop
  endfacet
  facet normal -7.055475e-001 -3.850339e-001 -5.915181e-001
    outer loop
      vertex   -5.600000e+001 6.314664e+001 1.970109e+002
      vertex   -5.300000e+001 6.128368e+001 1.946453e+002
      vertex   -5.600000e+001 6.285116e+001 1.972033e+002
    endloop
  endfacet
  facet normal -7.066355e-001 -3.469994e-001 -6.161007e-001
    outer loop
      vertex   -5.600000e+001 6.285116e+001 1.972033e+002
      vertex   -5.300000e+001 6.128368e+001 1.946453e+002
      vertex   -5.600000e+001 6.254396e+001 1.973763e+002
    endloop
  endfacet
  facet normal -3.902142e-002 -1.843034e-002 -3.435950e-002
    outer loop
      vertex   -5.600000e+001 6.254396e+001 1.973763e+002
      vertex   -5.300000e+001 6.128368e+001 1.946453e+002
      vertex   -5.300000e+001 6.107716e+001 1.947560e+002
    endloop
  endfacet
  facet normal -7.061056e-001 -3.066479e-001 -6.367800e-001
    outer loop
      vertex   -5.600000e+001 6.254396e+001 1.973763e+002
      vertex   -5.300000e+001 6.107716e+001 1.947560e+002
      vertex   -5.600000e+001 6.222631e+001 1.975293e+002
    endloop
  endfacet
  facet normal -3.900908e-002 -1.513042e-002 -3.592936e-002
    outer loop
      vertex   -5.600000e+001 6.222631e+001 1.975293e+002
      vertex   -5.300000e+001 6.107716e+001 1.947560e+002
      vertex   -5.300000e+001 6.086117e+001 1.948470e+002
    endloop
  endfacet
  facet normal -7.056217e-001 -2.649319e-001 -6.543705e-001
    outer loop
      vertex   -5.600000e+001 6.222631e+001 1.975293e+002
      vertex   -5.300000e+001 6.086117e+001 1.948470e+002
      vertex   -5.600000e+001 6.189951e+001 1.976616e+002
    endloop
  endfacet
  facet normal -7.067251e-001 -2.228195e-001 -6.710826e-001
    outer loop
      vertex   -5.600000e+001 6.189951e+001 1.976616e+002
      vertex   -5.300000e+001 6.086117e+001 1.948470e+002
      vertex   -5.600000e+001 6.156490e+001 1.977727e+002
    endloop
  endfacet
  facet normal -3.901316e-002 -1.169930e-002 -3.719015e-002
    outer loop
      vertex   -5.600000e+001 6.156490e+001 1.977727e+002
      vertex   -5.300000e+001 6.086117e+001 1.948470e+002
      vertex   -5.300000e+001 6.063761e+001 1.949173e+002
    endloop
  endfacet
  facet normal -7.061884e-001 -1.792988e-001 -6.837356e-001
    outer loop
      vertex   -5.600000e+001 6.156490e+001 1.977727e+002
      vertex   -5.300000e+001 6.063761e+001 1.949173e+002
      vertex   -5.600000e+001 6.122387e+001 1.978621e+002
    endloop
  endfacet
  facet normal -3.901893e-002 -8.166431e-003 -3.812482e-002
    outer loop
      vertex   -5.600000e+001 6.122387e+001 1.978621e+002
      vertex   -5.300000e+001 6.063761e+001 1.949173e+002
      vertex   -5.300000e+001 6.040844e+001 1.949664e+002
    endloop
  endfacet
  facet normal -7.056968e-001 -1.349860e-001 -6.931056e-001
    outer loop
      vertex   -5.600000e+001 6.122387e+001 1.978621e+002
      vertex   -5.300000e+001 6.040844e+001 1.949664e+002
      vertex   -5.600000e+001 6.087780e+001 1.979295e+002
    endloop
  endfacet
  facet normal -7.068153e-001 -9.040055e-002 -7.013005e-001
    outer loop
      vertex   -5.600000e+001 6.087780e+001 1.979295e+002
      vertex   -5.300000e+001 6.040844e+001 1.949664e+002
      vertex   -5.600000e+001 6.052813e+001 1.979746e+002
    endloop
  endfacet
  facet normal -3.900156e-002 -4.558289e-003 -3.871436e-002
    outer loop
      vertex   -5.600000e+001 6.052813e+001 1.979746e+002
      vertex   -5.300000e+001 6.040844e+001 1.949664e+002
      vertex   -5.300000e+001 6.017569e+001 1.949938e+002
    endloop
  endfacet
  facet normal -7.062722e-001 -4.531162e-002 -7.054738e-001
    outer loop
      vertex   -5.600000e+001 6.052813e+001 1.979746e+002
      vertex   -5.300000e+001 6.017569e+001 1.949938e+002
      vertex   -5.600000e+001 6.017628e+001 1.979972e+002
    endloop
  endfacet
  facet normal -3.902527e-002 -9.139405e-004 -3.898146e-002
    outer loop
      vertex   -5.600000e+001 6.017628e+001 1.979972e+002
      vertex   -5.300000e+001 6.017569e+001 1.949938e+002
      vertex   -5.300000e+001 5.994139e+001 1.949993e+002
    endloop
  endfacet
  facet normal -7.057733e-001 -0.000000e+000 -7.062762e-001
    outer loop
      vertex   -5.600000e+001 6.017628e+001 1.979972e+002
      vertex   -5.300000e+001 5.994139e+001 1.949993e+002
      vertex   -5.600000e+001 5.982372e+001 1.979972e+002
    endloop
  endfacet
  facet normal -7.069078e-001 4.532181e-002 -7.056324e-001
    outer loop
      vertex   -5.600000e+001 5.982372e+001 1.979972e+002
      vertex   -5.300000e+001 5.994139e+001 1.949993e+002
      vertex   -5.600000e+001 5.947187e+001 1.979746e+002
    endloop
  endfacet
  facet normal -3.898703e-002 2.738060e-003 -3.887906e-002
    outer loop
      vertex   -5.600000e+001 5.947187e+001 1.979746e+002
      vertex   -5.300000e+001 5.994139e+001 1.949993e+002
      vertex   -5.300000e+001 5.970761e+001 1.949828e+002
    endloop
  endfacet
  facet normal -7.063565e-001 9.038593e-002 -7.011870e-001
    outer loop
      vertex   -5.600000e+001 5.947187e+001 1.979746e+002
      vertex   -5.300000e+001 5.970761e+001 1.949828e+002
      vertex   -5.600000e+001 5.912220e+001 1.979295e+002
    endloop
  endfacet
  facet normal -3.902981e-002 6.372481e-003 -3.847037e-002
    outer loop
      vertex   -5.600000e+001 5.912220e+001 1.979295e+002
      vertex   -5.300000e+001 5.970761e+001 1.949828e+002
      vertex   -5.300000e+001 5.947640e+001 1.949445e+002
    endloop
  endfacet
  facet normal -7.058511e-001 1.350403e-001 -6.933847e-001
    outer loop
      vertex   -5.600000e+001 5.912220e+001 1.979295e+002
      vertex   -5.300000e+001 5.947640e+001 1.949445e+002
      vertex   -5.600000e+001 5.877613e+001 1.978621e+002
    endloop
  endfacet
  facet normal -7.070016e-001 1.793505e-001 -6.839325e-001
    outer loop
      vertex   -5.600000e+001 5.877613e+001 1.978621e+002
      vertex   -5.300000e+001 5.947640e+001 1.949445e+002
      vertex   -5.600000e+001 5.843510e+001 1.977727e+002
    endloop
  endfacet
  facet normal -3.896860e-002 9.937660e-003 -3.767786e-002
    outer loop
      vertex   -5.600000e+001 5.843510e+001 1.977727e+002
      vertex   -5.300000e+001 5.947640e+001 1.949445e+002
      vertex   -5.300000e+001 5.924979e+001 1.948848e+002
    endloop
  endfacet
  facet normal -7.064430e-001 2.227968e-001 -6.710142e-001
    outer loop
      vertex   -5.600000e+001 5.843510e+001 1.977727e+002
      vertex   -5.300000e+001 5.924979e+001 1.948848e+002
      vertex   -5.600000e+001 5.810049e+001 1.976616e+002
    endloop
  endfacet
  facet normal -3.903101e-002 1.343313e-002 -3.660852e-002
    outer loop
      vertex   -5.600000e+001 5.810049e+001 1.976616e+002
      vertex   -5.300000e+001 5.924979e+001 1.948848e+002
      vertex   -5.300000e+001 5.902977e+001 1.948040e+002
    endloop
  endfacet
  facet normal -7.059290e-001 2.651458e-001 -6.548989e-001
    outer loop
      vertex   -5.600000e+001 5.810049e+001 1.976616e+002
      vertex   -5.300000e+001 5.902977e+001 1.948040e+002
      vertex   -5.600000e+001 5.777369e+001 1.975293e+002
    endloop
  endfacet
  facet normal -3.897580e-002 1.678921e-002 -3.516739e-002
    outer loop
      vertex   -5.600000e+001 5.777369e+001 1.975293e+002
      vertex   -5.300000e+001 5.902977e+001 1.948040e+002
      vertex   -5.300000e+001 5.881828e+001 1.947031e+002
    endloop
  endfacet
  facet normal -7.054616e-001 3.061279e-001 -6.357002e-001
    outer loop
      vertex   -5.600000e+001 5.777369e+001 1.975293e+002
      vertex   -5.300000e+001 5.881828e+001 1.947031e+002
      vertex   -5.600000e+001 5.745604e+001 1.973763e+002
    endloop
  endfacet
  facet normal -7.065288e-001 3.469861e-001 -6.160771e-001
    outer loop
      vertex   -5.600000e+001 5.745604e+001 1.973763e+002
      vertex   -5.300000e+001 5.881828e+001 1.947031e+002
      vertex   -5.600000e+001 5.714884e+001 1.972033e+002
    endloop
  endfacet
  facet normal -3.902902e-002 2.002361e-002 -3.346090e-002
    outer loop
      vertex   -5.600000e+001 5.714884e+001 1.972033e+002
      vertex   -5.300000e+001 5.881828e+001 1.947031e+002
      vertex   -5.300000e+001 5.861717e+001 1.945827e+002
    endloop
  endfacet
  facet normal -7.060083e-001 3.855014e-001 -5.922362e-001
    outer loop
      vertex   -5.600000e+001 5.714884e+001 1.972033e+002
      vertex   -5.300000e+001 5.861717e+001 1.945827e+002
      vertex   -5.600000e+001 5.685336e+001 1.970109e+002
    endloop
  endfacet
  facet normal -3.899291e-002 2.305817e-002 -3.142583e-002
    outer loop
      vertex   -5.600000e+001 5.685336e+001 1.970109e+002
      vertex   -5.300000e+001 5.861717e+001 1.945827e+002
      vertex   -5.300000e+001 5.842822e+001 1.944441e+002
    endloop
  endfacet
  facet normal -7.055355e-001 4.221019e-001 -5.656178e-001
    outer loop
      vertex   -5.600000e+001 5.685336e+001 1.970109e+002
      vertex   -5.300000e+001 5.842822e+001 1.944441e+002
      vertex   -5.600000e+001 5.657080e+001 1.968001e+002
    endloop
  endfacet
  facet normal -7.066188e-001 4.583622e-001 -5.384103e-001
    outer loop
      vertex   -5.600000e+001 5.657080e+001 1.968001e+002
      vertex   -5.300000e+001 5.842822e+001 1.944441e+002
      vertex   -5.600000e+001 5.630235e+001 1.965715e+002
    endloop
  endfacet
  facet normal -3.902410e-002 2.590946e-002 -2.913925e-002
    outer loop
      vertex   -5.600000e+001 5.630235e+001 1.965715e+002
      vertex   -5.300000e+001 5.842822e+001 1.944441e+002
      vertex   -5.300000e+001 5.825307e+001 1.942884e+002
    endloop
  endfacet
  facet normal -7.060894e-001 4.916846e-001 -5.076815e-001
    outer loop
      vertex   -5.600000e+001 5.630235e+001 1.965715e+002
      vertex   -5.300000e+001 5.825307e+001 1.942884e+002
      vertex   -5.600000e+001 5.604908e+001 1.963262e+002
    endloop
  endfacet
  facet normal -3.900495e-002 2.851629e-002 -2.657904e-002
    outer loop
      vertex   -5.600000e+001 5.604908e+001 1.963262e+002
      vertex   -5.300000e+001 5.825307e+001 1.942884e+002
      vertex   -5.300000e+001 5.809329e+001 1.941169e+002
    endloop
  endfacet
  facet normal -7.056082e-001 5.225741e-001 -4.746139e-001
    outer loop
      vertex   -5.600000e+001 5.604908e+001 1.963262e+002
      vertex   -5.300000e+001 5.809329e+001 1.941169e+002
      vertex   -5.600000e+001 5.581205e+001 1.960653e+002
    endloop
  endfacet
  facet normal -7.067077e-001 5.528389e-001 -4.408710e-001
    outer loop
      vertex   -5.600000e+001 5.581205e+001 1.960653e+002
      vertex   -5.300000e+001 5.809329e+001 1.941169e+002
      vertex   -5.600000e+001 5.559222e+001 1.957896e+002
    endloop
  endfacet
  facet normal -3.901560e-002 3.088490e-002 -2.379510e-002
    outer loop
      vertex   -5.600000e+001 5.559222e+001 1.957896e+002
      vertex   -5.300000e+001 5.809329e+001 1.941169e+002
      vertex   -5.300000e+001 5.795025e+001 1.939313e+002
    endloop
  endfacet
  facet normal -7.061718e-001 5.797306e-001 -4.043905e-001
    outer loop
      vertex   -5.600000e+001 5.559222e+001 1.957896e+002
      vertex   -5.300000e+001 5.795025e+001 1.939313e+002
      vertex   -5.600000e+001 5.539051e+001 1.955004e+002
    endloop
  endfacet
  facet normal -3.901645e-002 3.297730e-002 -2.079834e-002
    outer loop
      vertex   -5.600000e+001 5.539051e+001 1.955004e+002
      vertex   -5.300000e+001 5.795025e+001 1.939313e+002
      vertex   -5.300000e+001 5.782523e+001 1.937330e+002
    endloop
  endfacet
  facet normal -7.056810e-001 6.038170e-001 -3.660291e-001
    outer loop
      vertex   -5.600000e+001 5.539051e+001 1.955004e+002
      vertex   -5.300000e+001 5.782523e+001 1.937330e+002
      vertex   -5.600000e+001 5.520775e+001 1.951989e+002
    endloop
  endfacet
  facet normal -7.067977e-001 6.269128e-001 -3.270750e-001
    outer loop
      vertex   -5.600000e+001 5.520775e+001 1.951989e+002
      vertex   -5.300000e+001 5.782523e+001 1.937330e+002
      vertex   -5.600000e+001 5.504467e+001 1.948864e+002
    endloop
  endfacet
  facet normal -3.900548e-002 3.477687e-002 -1.761623e-002
    outer loop
      vertex   -5.600000e+001 5.504467e+001 1.948864e+002
      vertex   -5.300000e+001 5.782523e+001 1.937330e+002
      vertex   -5.300000e+001 5.771933e+001 1.935240e+002
    endloop
  endfacet
  facet normal -7.062552e-001 6.464144e-001 -2.861353e-001
    outer loop
      vertex   -5.600000e+001 5.504467e+001 1.948864e+002
      vertex   -5.300000e+001 5.771933e+001 1.935240e+002
      vertex   -5.600000e+001 5.490196e+001 1.945640e+002
    endloop
  endfacet
  facet normal -3.902419e-002 3.628045e-002 -1.428586e-002
    outer loop
      vertex   -5.600000e+001 5.490196e+001 1.945640e+002
      vertex   -5.300000e+001 5.771933e+001 1.935240e+002
      vertex   -5.300000e+001 5.763346e+001 1.933059e+002
    endloop
  endfacet
  facet normal -7.057578e-001 6.627904e-001 -2.439157e-001
    outer loop
      vertex   -5.600000e+001 5.490196e+001 1.945640e+002
      vertex   -5.300000e+001 5.763346e+001 1.933059e+002
      vertex   -5.600000e+001 5.478019e+001 1.942331e+002
    endloop
  endfacet
  facet normal -7.068895e-001 6.778657e-001 -2.011854e-001
    outer loop
      vertex   -5.600000e+001 5.478019e+001 1.942331e+002
      vertex   -5.300000e+001 5.763346e+001 1.933059e+002
      vertex   -5.600000e+001 5.467988e+001 1.938951e+002
    endloop
  endfacet
  facet normal -3.898932e-002 3.744341e-002 -1.082128e-002
    outer loop
      vertex   -5.600000e+001 5.467988e+001 1.938951e+002
      vertex   -5.300000e+001 5.763346e+001 1.933059e+002
      vertex   -5.300000e+001 5.756839e+001 1.930808e+002
    endloop
  endfacet
  facet normal -7.063400e-001 6.892501e-001 -1.573195e-001
    outer loop
      vertex   -5.600000e+001 5.467988e+001 1.938951e+002
      vertex   -5.300000e+001 5.756839e+001 1.930808e+002
      vertex   -5.600000e+001 5.460143e+001 1.935514e+002
    endloop
  endfacet
  facet normal -3.902967e-002 3.831085e-002 -7.271192e-003
    outer loop
      vertex   -5.600000e+001 5.460143e+001 1.935514e+002
      vertex   -5.300000e+001 5.756839e+001 1.930808e+002
      vertex   -5.300000e+001 5.752469e+001 1.928505e+002
    endloop
  endfacet
  facet normal -7.058346e-001 6.973323e-001 -1.127395e-001
    outer loop
      vertex   -5.600000e+001 5.460143e+001 1.935514e+002
      vertex   -5.300000e+001 5.752469e+001 1.928505e+002
      vertex   -5.600000e+001 5.454515e+001 1.932033e+002
    endloop
  endfacet
  facet normal -7.069822e-001 7.037976e-001 -6.789647e-002
    outer loop
      vertex   -5.600000e+001 5.454515e+001 1.932033e+002
      vertex   -5.300000e+001 5.752469e+001 1.928505e+002
      vertex   -5.600000e+001 5.451130e+001 1.928524e+002
    endloop
  endfacet
  facet normal -3.897141e-002 3.879592e-002 -3.649090e-003
    outer loop
      vertex   -5.600000e+001 5.451130e+001 1.928524e+002
      vertex   -5.300000e+001 5.752469e+001 1.928505e+002
      vertex   -5.300000e+001 5.750275e+001 1.926172e+002
    endloop
  endfacet
  facet normal -7.064254e-001 7.066635e-001 -2.265889e-002
    outer loop
      vertex   -5.600000e+001 5.451130e+001 1.928524e+002
      vertex   -5.300000e+001 5.750275e+001 1.926172e+002
      vertex   -5.600000e+001 5.450000e+001 1.925000e+002
    endloop
  endfacet
  facet normal -3.903273e-002 3.899703e-002 0.000000e+000
    outer loop
      vertex   -5.600000e+001 5.450000e+001 1.925000e+002
      vertex   -5.300000e+001 5.750275e+001 1.926172e+002
      vertex   -5.300000e+001 5.750275e+001 1.923828e+002
    endloop
  endfacet
  facet normal -7.059131e-001 7.061510e-001 2.264245e-002
    outer loop
      vertex   -5.600000e+001 5.450000e+001 1.925000e+002
      vertex   -5.300000e+001 5.750275e+001 1.923828e+002
      vertex   -5.600000e+001 5.451130e+001 1.921476e+002
    endloop
  endfacet
  facet normal -3.897141e-002 3.879592e-002 3.649090e-003
    outer loop
      vertex   -5.600000e+001 5.451130e+001 1.921476e+002
      vertex   -5.300000e+001 5.750275e+001 1.923828e+002
      vertex   -5.300000e+001 5.752469e+001 1.921495e+002
    endloop
  endfacet
  facet normal -7.054473e-001 7.022697e-001 6.774907e-002
    outer loop
      vertex   -5.600000e+001 5.451130e+001 1.921476e+002
      vertex   -5.300000e+001 5.752469e+001 1.921495e+002
      vertex   -5.600000e+001 5.454515e+001 1.917967e+002
    endloop
  endfacet
  facet normal -7.065123e-001 6.980017e-001 1.128477e-001
    outer loop
      vertex   -5.600000e+001 5.454515e+001 1.917967e+002
      vertex   -5.300000e+001 5.752469e+001 1.921495e+002
      vertex   -5.600000e+001 5.460143e+001 1.914486e+002
    endloop
  endfacet
  facet normal -3.902967e-002 3.831085e-002 7.271192e-003
    outer loop
      vertex   -5.600000e+001 5.460143e+001 1.914486e+002
      vertex   -5.300000e+001 5.752469e+001 1.921495e+002
      vertex   -5.300000e+001 5.756839e+001 1.919192e+002
    endloop
  endfacet
  facet normal -7.059926e-001 6.889112e-001 1.572422e-001
    outer loop
      vertex   -5.600000e+001 5.460143e+001 1.914486e+002
      vertex   -5.300000e+001 5.756839e+001 1.919192e+002
      vertex   -5.600000e+001 5.467988e+001 1.911049e+002
    endloop
  endfacet
  facet normal -3.898932e-002 3.744341e-002 1.082128e-002
    outer loop
      vertex   -5.600000e+001 5.467988e+001 1.911049e+002
      vertex   -5.300000e+001 5.756839e+001 1.919192e+002
      vertex   -5.300000e+001 5.763346e+001 1.916941e+002
    endloop
  endfacet
  facet normal -7.055194e-001 6.765518e-001 2.007955e-001
    outer loop
      vertex   -5.600000e+001 5.467988e+001 1.911049e+002
      vertex   -5.300000e+001 5.763346e+001 1.916941e+002
      vertex   -5.600000e+001 5.478019e+001 1.907669e+002
    endloop
  endfacet
  facet normal -7.066003e-001 6.635816e-001 2.442068e-001
    outer loop
      vertex   -5.600000e+001 5.478019e+001 1.907669e+002
      vertex   -5.300000e+001 5.763346e+001 1.916941e+002
      vertex   -5.600000e+001 5.490196e+001 1.904360e+002
    endloop
  endfacet
  facet normal -3.902419e-002 3.628045e-002 1.428586e-002
    outer loop
      vertex   -5.600000e+001 5.490196e+001 1.904360e+002
      vertex   -5.300000e+001 5.763346e+001 1.916941e+002
      vertex   -5.300000e+001 5.771933e+001 1.914760e+002
    endloop
  endfacet
  facet normal -7.060741e-001 6.462486e-001 2.860619e-001
    outer loop
      vertex   -5.600000e+001 5.490196e+001 1.904360e+002
      vertex   -5.300000e+001 5.771933e+001 1.914760e+002
      vertex   -5.600000e+001 5.504467e+001 1.901136e+002
    endloop
  endfacet
  facet normal -3.900548e-002 3.477687e-002 1.761623e-002
    outer loop
      vertex   -5.600000e+001 5.504467e+001 1.901136e+002
      vertex   -5.300000e+001 5.771933e+001 1.914760e+002
      vertex   -5.300000e+001 5.782523e+001 1.912670e+002
    endloop
  endfacet
  facet normal -7.055914e-001 6.258429e-001 3.265167e-001
    outer loop
      vertex   -5.600000e+001 5.504467e+001 1.901136e+002
      vertex   -5.300000e+001 5.782523e+001 1.912670e+002
      vertex   -5.600000e+001 5.520775e+001 1.898011e+002
    endloop
  endfacet
  facet normal -7.066890e-001 6.046796e-001 3.665520e-001
    outer loop
      vertex   -5.600000e+001 5.520775e+001 1.898011e+002
      vertex   -5.300000e+001 5.782523e+001 1.912670e+002
      vertex   -5.600000e+001 5.539051e+001 1.894996e+002
    endloop
  endfacet
  facet normal -3.901645e-002 3.297730e-002 2.079834e-002
    outer loop
      vertex   -5.600000e+001 5.539051e+001 1.894996e+002
      vertex   -5.300000e+001 5.782523e+001 1.912670e+002
      vertex   -5.300000e+001 5.795025e+001 1.910687e+002
    endloop
  endfacet
  facet normal -7.061555e-001 5.797173e-001 4.043812e-001
    outer loop
      vertex   -5.600000e+001 5.539051e+001 1.894996e+002
      vertex   -5.300000e+001 5.795025e+001 1.910687e+002
      vertex   -5.600000e+001 5.559222e+001 1.892104e+002
    endloop
  endfacet
  facet normal -3.901560e-002 3.088490e-002 2.379510e-002
    outer loop
      vertex   -5.600000e+001 5.559222e+001 1.892104e+002
      vertex   -5.300000e+001 5.795025e+001 1.910687e+002
      vertex   -5.300000e+001 5.809329e+001 1.908831e+002
    endloop
  endfacet
  facet normal -7.056672e-001 5.520248e-001 4.402219e-001
    outer loop
      vertex   -5.600000e+001 5.559222e+001 1.892104e+002
      vertex   -5.300000e+001 5.809329e+001 1.908831e+002
      vertex   -5.600000e+001 5.581205e+001 1.889347e+002
    endloop
  endfacet
  facet normal -7.067795e-001 5.234416e-001 4.754018e-001
    outer loop
      vertex   -5.600000e+001 5.581205e+001 1.889347e+002
      vertex   -5.300000e+001 5.809329e+001 1.908831e+002
      vertex   -5.600000e+001 5.604908e+001 1.886738e+002
    endloop
  endfacet
  facet normal -3.900495e-002 2.851629e-002 2.657904e-002
    outer loop
      vertex   -5.600000e+001 5.604908e+001 1.886738e+002
      vertex   -5.300000e+001 5.809329e+001 1.908831e+002
      vertex   -5.300000e+001 5.825307e+001 1.907116e+002
    endloop
  endfacet
  facet normal -7.062392e-001 4.917890e-001 5.077893e-001
    outer loop
      vertex   -5.600000e+001 5.604908e+001 1.886738e+002
      vertex   -5.300000e+001 5.825307e+001 1.907116e+002
      vertex   -5.600000e+001 5.630235e+001 1.884285e+002
    endloop
  endfacet
  facet normal -3.902410e-002 2.590946e-002 2.913925e-002
    outer loop
      vertex   -5.600000e+001 5.630235e+001 1.884285e+002
      vertex   -5.300000e+001 5.825307e+001 1.907116e+002
      vertex   -5.300000e+001 5.842822e+001 1.905559e+002
    endloop
  endfacet
  facet normal -7.057434e-001 4.577944e-001 5.377433e-001
    outer loop
      vertex   -5.600000e+001 5.630235e+001 1.884285e+002
      vertex   -5.300000e+001 5.842822e+001 1.905559e+002
      vertex   -5.600000e+001 5.657080e+001 1.881999e+002
    endloop
  endfacet
  facet normal -7.068714e-001 4.229012e-001 5.666888e-001
    outer loop
      vertex   -5.600000e+001 5.657080e+001 1.881999e+002
      vertex   -5.300000e+001 5.842822e+001 1.905559e+002
      vertex   -5.600000e+001 5.685336e+001 1.879891e+002
    endloop
  endfacet
  facet normal -3.899291e-002 2.305817e-002 3.142583e-002
    outer loop
      vertex   -5.600000e+001 5.685336e+001 1.879891e+002
      vertex   -5.300000e+001 5.842822e+001 1.905559e+002
      vertex   -5.300000e+001 5.861717e+001 1.904173e+002
    endloop
  endfacet
  facet normal -7.063223e-001 3.856728e-001 5.924996e-001
    outer loop
      vertex   -5.600000e+001 5.685336e+001 1.879891e+002
      vertex   -5.300000e+001 5.861717e+001 1.904173e+002
      vertex   -5.600000e+001 5.714884e+001 1.877967e+002
    endloop
  endfacet
  facet normal -3.902902e-002 2.002361e-002 3.346090e-002
    outer loop
      vertex   -5.600000e+001 5.714884e+001 1.877967e+002
      vertex   -5.300000e+001 5.861717e+001 1.904173e+002
      vertex   -5.300000e+001 5.881828e+001 1.902969e+002
    endloop
  endfacet
  facet normal -7.058190e-001 3.466375e-001 6.154581e-001
    outer loop
      vertex   -5.600000e+001 5.714884e+001 1.877967e+002
      vertex   -5.300000e+001 5.881828e+001 1.902969e+002
      vertex   -5.600000e+001 5.745604e+001 1.876237e+002
    endloop
  endfacet
  facet normal -7.069629e-001 3.067794e-001 6.370531e-001
    outer loop
      vertex   -5.600000e+001 5.745604e+001 1.876237e+002
      vertex   -5.300000e+001 5.881828e+001 1.902969e+002
      vertex   -5.600000e+001 5.777369e+001 1.874707e+002
    endloop
  endfacet
  facet normal -3.897580e-002 1.678921e-002 3.516739e-002
    outer loop
      vertex   -5.600000e+001 5.777369e+001 1.874707e+002
      vertex   -5.300000e+001 5.881828e+001 1.902969e+002
      vertex   -5.300000e+001 5.902977e+001 1.901960e+002
    endloop
  endfacet
  facet normal -7.064087e-001 2.653260e-001 6.553439e-001
    outer loop
      vertex   -5.600000e+001 5.777369e+001 1.874707e+002
      vertex   -5.300000e+001 5.902977e+001 1.901960e+002
      vertex   -5.600000e+001 5.810049e+001 1.873384e+002
    endloop
  endfacet
  facet normal -3.903101e-002 1.343313e-002 3.660852e-002
    outer loop
      vertex   -5.600000e+001 5.810049e+001 1.873384e+002
      vertex   -5.300000e+001 5.902977e+001 1.901960e+002
      vertex   -5.300000e+001 5.924979e+001 1.901152e+002
    endloop
  endfacet
  facet normal -7.058977e-001 2.226248e-001 6.704963e-001
    outer loop
      vertex   -5.600000e+001 5.810049e+001 1.873384e+002
      vertex   -5.300000e+001 5.924979e+001 1.901152e+002
      vertex   -5.600000e+001 5.843510e+001 1.872273e+002
    endloop
  endfacet
  facet normal -3.896860e-002 9.937660e-003 3.767786e-002
    outer loop
      vertex   -5.600000e+001 5.843510e+001 1.872273e+002
      vertex   -5.300000e+001 5.924979e+001 1.901152e+002
      vertex   -5.300000e+001 5.947640e+001 1.900555e+002
    endloop
  endfacet
  facet normal -7.054341e-001 1.789529e-001 6.824162e-001
    outer loop
      vertex   -5.600000e+001 5.843510e+001 1.872273e+002
      vertex   -5.300000e+001 5.947640e+001 1.900555e+002
      vertex   -5.600000e+001 5.877613e+001 1.871379e+002
    endloop
  endfacet
  facet normal -7.064958e-001 1.351637e-001 6.940181e-001
    outer loop
      vertex   -5.600000e+001 5.877613e+001 1.871379e+002
      vertex   -5.300000e+001 5.947640e+001 1.900555e+002
      vertex   -5.600000e+001 5.912220e+001 1.870705e+002
    endloop
  endfacet
  facet normal -3.902981e-002 6.372481e-003 3.847037e-002
    outer loop
      vertex   -5.600000e+001 5.912220e+001 1.870705e+002
      vertex   -5.300000e+001 5.947640e+001 1.900555e+002
      vertex   -5.300000e+001 5.970761e+001 1.900172e+002
    endloop
  endfacet
  facet normal -7.059750e-001 9.033711e-002 7.008083e-001
    outer loop
      vertex   -5.600000e+001 5.912220e+001 1.870705e+002
      vertex   -5.300000e+001 5.970761e+001 1.900172e+002
      vertex   -5.600000e+001 5.947187e+001 1.870254e+002
    endloop
  endfacet
  facet normal -3.898703e-002 2.738060e-003 3.887906e-002
    outer loop
      vertex   -5.600000e+001 5.947187e+001 1.870254e+002
      vertex   -5.300000e+001 5.970761e+001 1.900172e+002
      vertex   -5.300000e+001 5.994139e+001 1.900007e+002
    endloop
  endfacet
  facet normal -7.055057e-001 4.523192e-002 7.042329e-001
    outer loop
      vertex   -5.600000e+001 5.947187e+001 1.870254e+002
      vertex   -5.300000e+001 5.994139e+001 1.900007e+002
      vertex   -5.600000e+001 5.982372e+001 1.870028e+002
    endloop
  endfacet
  facet normal -7.065830e-001 0.000000e+000 7.070864e-001
    outer loop
      vertex   -5.600000e+001 5.982372e+001 1.870028e+002
      vertex   -5.300000e+001 5.994139e+001 1.900007e+002
      vertex   -5.600000e+001 6.017628e+001 1.870028e+002
    endloop
  endfacet
  facet normal -3.902527e-002 -9.139405e-004 3.898146e-002
    outer loop
      vertex   -5.600000e+001 6.017628e+001 1.870028e+002
      vertex   -5.300000e+001 5.994139e+001 1.900007e+002
      vertex   -5.300000e+001 6.017569e+001 1.900062e+002
    endloop
  endfacet
  facet normal -7.060562e-001 -4.529776e-002 7.052581e-001
    outer loop
      vertex   -5.600000e+001 6.017628e+001 1.870028e+002
      vertex   -5.300000e+001 6.017569e+001 1.900062e+002
      vertex   -5.600000e+001 6.052813e+001 1.870254e+002
    endloop
  endfacet
  facet normal -3.900156e-002 -4.558289e-003 3.871436e-002
    outer loop
      vertex   -5.600000e+001 6.052813e+001 1.870254e+002
      vertex   -5.300000e+001 6.017569e+001 1.900062e+002
      vertex   -5.300000e+001 6.040844e+001 1.900336e+002
    endloop
  endfacet
  facet normal -7.055781e-001 -9.024232e-002 7.000730e-001
    outer loop
      vertex   -5.600000e+001 6.052813e+001 1.870254e+002
      vertex   -5.300000e+001 6.040844e+001 1.900336e+002
      vertex   -5.600000e+001 6.087780e+001 1.870705e+002
    endloop
  endfacet
  facet normal -7.066712e-001 -1.351724e-001 6.940628e-001
    outer loop
      vertex   -5.600000e+001 6.087780e+001 1.870705e+002
      vertex   -5.300000e+001 6.040844e+001 1.900336e+002
      vertex   -5.600000e+001 6.122387e+001 1.871379e+002
    endloop
  endfacet
  facet normal -3.901893e-002 -8.166431e-003 3.812482e-002
    outer loop
      vertex   -5.600000e+001 6.122387e+001 1.871379e+002
      vertex   -5.300000e+001 6.040844e+001 1.900336e+002
      vertex   -5.300000e+001 6.063761e+001 1.900827e+002
    endloop
  endfacet
  facet normal -7.061387e-001 -1.792862e-001 6.836874e-001
    outer loop
      vertex   -5.600000e+001 6.122387e+001 1.871379e+002
      vertex   -5.300000e+001 6.063761e+001 1.900827e+002
      vertex   -5.600000e+001 6.156490e+001 1.872273e+002
    endloop
  endfacet
  facet normal -3.901316e-002 -1.169930e-002 3.719015e-002
    outer loop
      vertex   -5.600000e+001 6.156490e+001 1.872273e+002
      vertex   -5.300000e+001 6.063761e+001 1.900827e+002
      vertex   -5.300000e+001 6.086117e+001 1.901530e+002
    endloop
  endfacet
  facet normal -7.056512e-001 -2.224809e-001 6.700629e-001
    outer loop
      vertex   -5.600000e+001 6.156490e+001 1.872273e+002
      vertex   -5.300000e+001 6.086117e+001 1.901530e+002
      vertex   -5.600000e+001 6.189951e+001 1.873384e+002
    endloop
  endfacet
  facet normal -7.067609e-001 -2.653597e-001 6.554270e-001
    outer loop
      vertex   -5.600000e+001 6.189951e+001 1.873384e+002
      vertex   -5.300000e+001 6.086117e+001 1.901530e+002
      vertex   -5.600000e+001 6.222631e+001 1.874707e+002
    endloop
  endfacet
  facet normal -3.900908e-002 -1.513042e-002 3.592936e-002
    outer loop
      vertex   -5.600000e+001 6.222631e+001 1.874707e+002
      vertex   -5.300000e+001 6.086117e+001 1.901530e+002
      vertex   -5.300000e+001 6.107716e+001 1.902440e+002
    endloop
  endfacet
  facet normal -7.062218e-001 -3.066984e-001 6.368847e-001
    outer loop
      vertex   -5.600000e+001 6.222631e+001 1.874707e+002
      vertex   -5.300000e+001 6.107716e+001 1.902440e+002
      vertex   -5.600000e+001 6.254396e+001 1.876237e+002
    endloop
  endfacet
  facet normal -3.902142e-002 -1.843034e-002 3.435950e-002
    outer loop
      vertex   -5.600000e+001 6.254396e+001 1.876237e+002
      vertex   -5.300000e+001 6.107716e+001 1.902440e+002
      vertex   -5.300000e+001 6.128368e+001 1.903547e+002
    endloop
  endfacet
  facet normal -7.057260e-001 -3.465527e-001 6.153076e-001
    outer loop
      vertex   -5.600000e+001 6.254396e+001 1.876237e+002
      vertex   -5.300000e+001 6.128368e+001 1.903547e+002
      vertex   -5.600000e+001 6.285116e+001 1.877967e+002
    endloop
  endfacet
  facet normal -7.068520e-001 -3.857458e-001 5.926118e-001
    outer loop
      vertex   -5.600000e+001 6.285116e+001 1.877967e+002
      vertex   -5.300000e+001 6.128368e+001 1.903547e+002
      vertex   -5.600000e+001 6.314664e+001 1.879891e+002
    endloop
  endfacet
  facet normal -3.899693e-002 -2.156162e-002 3.247377e-002
    outer loop
      vertex   -5.600000e+001 6.314664e+001 1.879891e+002
      vertex   -5.300000e+001 6.128368e+001 1.903547e+002
      vertex   -5.300000e+001 6.147893e+001 1.904844e+002
    endloop
  endfacet
  facet normal -7.063068e-001 -4.228167e-001 5.665756e-001
    outer loop
      vertex   -5.600000e+001 6.314664e+001 1.879891e+002
      vertex   -5.300000e+001 6.147893e+001 1.904844e+002
      vertex   -5.600000e+001 6.342920e+001 1.881999e+002
    endloop
  endfacet
  facet normal -3.902666e-002 -2.451442e-002 3.032251e-002
    outer loop
      vertex   -5.600000e+001 6.342920e+001 1.881999e+002
      vertex   -5.300000e+001 6.147893e+001 1.904844e+002
      vertex   -5.300000e+001 6.166118e+001 1.906317e+002
    endloop
  endfacet
  facet normal -7.058039e-001 -4.578685e-001 5.378304e-001
    outer loop
      vertex   -5.600000e+001 6.342920e+001 1.881999e+002
      vertex   -5.300000e+001 6.166118e+001 1.906317e+002
      vertex   -5.600000e+001 6.369765e+001 1.884285e+002
    endloop
  endfacet
  facet normal -7.069448e-001 -4.919125e-001 5.079169e-001
    outer loop
      vertex   -5.600000e+001 6.369765e+001 1.884285e+002
      vertex   -5.300000e+001 6.166118e+001 1.906317e+002
      vertex   -5.600000e+001 6.395092e+001 1.886738e+002
    endloop
  endfacet
  facet normal -3.898097e-002 -2.723378e-002 2.787827e-002
    outer loop
      vertex   -5.600000e+001 6.395092e+001 1.886738e+002
      vertex   -5.300000e+001 6.166118e+001 1.906317e+002
      vertex   -5.300000e+001 6.182883e+001 1.907955e+002
    endloop
  endfacet
  facet normal -7.063918e-001 -5.233732e-001 4.753321e-001
    outer loop
      vertex   -5.600000e+001 6.395092e+001 1.886738e+002
      vertex   -5.300000e+001 6.182883e+001 1.907955e+002
      vertex   -5.600000e+001 6.418795e+001 1.889347e+002
    endloop
  endfacet
  facet normal -3.903023e-002 -2.974017e-002 2.522101e-002
    outer loop
      vertex   -5.600000e+001 6.418795e+001 1.889347e+002
      vertex   -5.300000e+001 6.182883e+001 1.907955e+002
      vertex   -5.300000e+001 6.198041e+001 1.909742e+002
    endloop
  endfacet
  facet normal -7.058821e-001 -5.523338e-001 4.404759e-001
    outer loop
      vertex   -5.600000e+001 6.418795e+001 1.889347e+002
      vertex   -5.300000e+001 6.198041e+001 1.909742e+002
      vertex   -5.600000e+001 6.440778e+001 1.892104e+002
    endloop
  endfacet
  facet normal -3.896515e-002 -3.194772e-002 2.230734e-002
    outer loop
      vertex   -5.600000e+001 6.440778e+001 1.892104e+002
      vertex   -5.300000e+001 6.198041e+001 1.909742e+002
      vertex   -5.300000e+001 6.211458e+001 1.911664e+002
    endloop
  endfacet
  facet normal -7.054189e-001 -5.785959e-001 4.035913e-001
    outer loop
      vertex   -5.600000e+001 6.440778e+001 1.892104e+002
      vertex   -5.300000e+001 6.211458e+001 1.911664e+002
      vertex   -5.600000e+001 6.460948e+001 1.894996e+002
    endloop
  endfacet
  facet normal -7.064777e-001 -6.046298e-001 3.665294e-001
    outer loop
      vertex   -5.600000e+001 6.460948e+001 1.894996e+002
      vertex   -5.300000e+001 6.211458e+001 1.911664e+002
      vertex   -5.600000e+001 6.479225e+001 1.898011e+002
    endloop
  endfacet
  facet normal -3.903012e-002 -3.392160e-002 1.923307e-002
    outer loop
      vertex   -5.600000e+001 6.479225e+001 1.898011e+002
      vertex   -5.300000e+001 6.211458e+001 1.911664e+002
      vertex   -5.300000e+001 6.223017e+001 1.913703e+002
    endloop
  endfacet
  facet normal -7.059616e-001 -6.264508e-001 3.268339e-001
    outer loop
      vertex   -5.600000e+001 6.479225e+001 1.898011e+002
      vertex   -5.300000e+001 6.223017e+001 1.913703e+002
      vertex   -5.600000e+001 6.495533e+001 1.901136e+002
    endloop
  endfacet
  facet normal -3.898216e-002 -3.555266e-002 1.596330e-002
    outer loop
      vertex   -5.600000e+001 6.495533e+001 1.901136e+002
      vertex   -5.300000e+001 6.223017e+001 1.913703e+002
      vertex   -5.300000e+001 6.232616e+001 1.915840e+002
    endloop
  endfacet
  facet normal -7.054901e-001 -6.452532e-001 2.856289e-001
    outer loop
      vertex   -5.600000e+001 6.495533e+001 1.901136e+002
      vertex   -5.300000e+001 6.232616e+001 1.915840e+002
      vertex   -5.600000e+001 6.509805e+001 1.904360e+002
    endloop
  endfacet
  facet normal -7.065645e-001 -6.635784e-001 2.441904e-001
    outer loop
      vertex   -5.600000e+001 6.509805e+001 1.904360e+002
      vertex   -5.300000e+001 6.232616e+001 1.915840e+002
      vertex   -5.600000e+001 6.521980e+001 1.907669e+002
    endloop
  endfacet
  facet normal -3.902624e-002 -3.691105e-002 1.257004e-002
    outer loop
      vertex   -5.600000e+001 6.521980e+001 1.907669e+002
      vertex   -5.300000e+001 6.232616e+001 1.915840e+002
      vertex   -5.300000e+001 6.240171e+001 1.918059e+002
    endloop
  endfacet
  facet normal -7.060406e-001 -6.774817e-001 2.010791e-001
    outer loop
      vertex   -5.600000e+001 6.521980e+001 1.907669e+002
      vertex   -5.300000e+001 6.240171e+001 1.918059e+002
      vertex   -5.600000e+001 6.532012e+001 1.911049e+002
    endloop
  endfacet
  facet normal -3.899899e-002 -3.791426e-002 9.055365e-003
    outer loop
      vertex   -5.600000e+001 6.532012e+001 1.911049e+002
      vertex   -5.300000e+001 6.240171e+001 1.918059e+002
      vertex   -5.300000e+001 6.245616e+001 1.920338e+002
    endloop
  endfacet
  facet normal -7.055629e-001 -6.881320e-001 1.570643e-001
    outer loop
      vertex   -5.600000e+001 6.532012e+001 1.911049e+002
      vertex   -5.300000e+001 6.245616e+001 1.920338e+002
      vertex   -5.600000e+001 6.539857e+001 1.914486e+002
    endloop
  endfacet
  facet normal -7.066532e-001 -6.980383e-001 1.128459e-001
    outer loop
      vertex   -5.600000e+001 6.539857e+001 1.914486e+002
      vertex   -5.300000e+001 6.245616e+001 1.920338e+002
      vertex   -5.600000e+001 6.545484e+001 1.917967e+002
    endloop
  endfacet
  facet normal -3.902182e-002 -3.860662e-002 5.466182e-003
    outer loop
      vertex   -5.600000e+001 6.545484e+001 1.917967e+002
      vertex   -5.300000e+001 6.245616e+001 1.920338e+002
      vertex   -5.300000e+001 6.248901e+001 1.922659e+002
    endloop
  endfacet
  facet normal -7.061228e-001 -7.035198e-001 6.787732e-002
    outer loop
      vertex   -5.600000e+001 6.545484e+001 1.917967e+002
      vertex   -5.300000e+001 6.248901e+001 1.922659e+002
      vertex   -5.600000e+001 6.548870e+001 1.921476e+002
    endloop
  endfacet
  facet normal -3.901052e-002 -3.894252e-002 1.827572e-003
    outer loop
      vertex   -5.600000e+001 6.548870e+001 1.921476e+002
      vertex   -5.300000e+001 6.248901e+001 1.922659e+002
      vertex   -5.300000e+001 6.250000e+001 1.925000e+002
    endloop
  endfacet
  facet normal -0.000000e+000 -9.989006e-001 -4.687840e-002
    outer loop
      vertex   -5.000000e+001 6.248901e+001 1.927341e+002
      vertex   -5.300000e+001 6.248901e+001 1.927341e+002
      vertex   -5.000000e+001 6.250000e+001 1.925000e+002
    endloop
  endfacet
  facet normal -0.000000e+000 -7.779643e-002 -3.650986e-003
    outer loop
      vertex   -5.000000e+001 6.250000e+001 1.925000e+002
      vertex   -5.300000e+001 6.248901e+001 1.927341e+002
      vertex   -5.300000e+001 6.250000e+001 1.925000e+002
    endloop
  endfacet
  facet normal 0.000000e+000 -9.989006e-001 4.687840e-002
    outer loop
      vertex   -5.000000e+001 6.250000e+001 1.925000e+002
      vertex   -5.300000e+001 6.250000e+001 1.925000e+002
      vertex   -5.000000e+001 6.248901e+001 1.922659e+002
    endloop
  endfacet
  facet normal 0.000000e+000 -7.779643e-002 3.650986e-003
    outer loop
      vertex   -5.000000e+001 6.248901e+001 1.922659e+002
      vertex   -5.300000e+001 6.250000e+001 1.925000e+002
      vertex   -5.300000e+001 6.248901e+001 1.922659e+002
    endloop
  endfacet
  facet normal 0.000000e+000 -7.711691e-002 1.091873e-002
    outer loop
      vertex   -5.000000e+001 6.248901e+001 1.922659e+002
      vertex   -5.300000e+001 6.248901e+001 1.922659e+002
      vertex   -5.300000e+001 6.245616e+001 1.920338e+002
    endloop
  endfacet
  facet normal -0.000000e+000 -9.901248e-001 -1.401885e-001
    outer loop
      vertex   -5.000000e+001 6.248901e+001 1.927341e+002
      vertex   -5.000000e+001 6.245616e+001 1.929662e+002
      vertex   -5.300000e+001 6.248901e+001 1.927341e+002
    endloop
  endfacet
  facet normal 0.000000e+000 -9.871171e-001 -1.397626e-001
    outer loop
      vertex   -5.300000e+001 6.248901e+001 1.927341e+002
      vertex   -5.000000e+001 6.245616e+001 1.929662e+002
      vertex   -5.300000e+001 6.245616e+001 1.929662e+002
    endloop
  endfacet
  facet normal 0.000000e+000 -7.575288e-002 -1.809266e-002
    outer loop
      vertex   -5.300000e+001 6.245616e+001 1.929662e+002
      vertex   -5.000000e+001 6.245616e+001 1.929662e+002
      vertex   -5.000000e+001 6.240171e+001 1.931941e+002
    endloop
  endfacet
  facet normal 0.000000e+000 -9.696888e-001 -2.315985e-001
    outer loop
      vertex   -5.300000e+001 6.245616e+001 1.929662e+002
      vertex   -5.000000e+001 6.240171e+001 1.931941e+002
      vertex   -5.300000e+001 6.240171e+001 1.931941e+002
    endloop
  endfacet
  facet normal 0.000000e+000 -7.372456e-002 -2.510687e-002
    outer loop
      vertex   -5.300000e+001 6.240171e+001 1.931941e+002
      vertex   -5.000000e+001 6.240171e+001 1.931941e+002
      vertex   -5.000000e+001 6.232616e+001 1.934160e+002
    endloop
  endfacet
  facet normal 3.469447e-018 -9.437388e-001 -3.213898e-001
    outer loop
      vertex   -5.300000e+001 6.240171e+001 1.931941e+002
      vertex   -5.000000e+001 6.232616e+001 1.934160e+002
      vertex   -5.300000e+001 6.232616e+001 1.934160e+002
    endloop
  endfacet
  facet normal 0.000000e+000 -7.104719e-002 -3.190050e-002
    outer loop
      vertex   -5.300000e+001 6.232616e+001 1.934160e+002
      vertex   -5.000000e+001 6.232616e+001 1.934160e+002
      vertex   -5.000000e+001 6.223017e+001 1.936297e+002
    endloop
  endfacet
  facet normal 0.000000e+000 -9.094903e-001 -4.083651e-001
    outer loop
      vertex   -5.300000e+001 6.232616e+001 1.934160e+002
      vertex   -5.000000e+001 6.223017e+001 1.936297e+002
      vertex   -5.300000e+001 6.223017e+001 1.936297e+002
    endloop
  endfacet
  facet normal 0.000000e+000 -6.775114e-002 -3.841395e-002
    outer loop
      vertex   -5.300000e+001 6.223017e+001 1.936297e+002
      vertex   -5.000000e+001 6.223017e+001 1.936297e+002
      vertex   -5.000000e+001 6.211458e+001 1.938336e+002
    endloop
  endfacet
  facet normal -6.938894e-018 -8.672606e-001 -4.917246e-001
    outer loop
      vertex   -5.300000e+001 6.223017e+001 1.936297e+002
      vertex   -5.000000e+001 6.211458e+001 1.938336e+002
      vertex   -5.300000e+001 6.211458e+001 1.938336e+002
    endloop
  endfacet
  facet normal 0.000000e+000 -6.385676e-002 -4.458766e-002
    outer loop
      vertex   -5.300000e+001 6.211458e+001 1.938336e+002
      vertex   -5.000000e+001 6.211458e+001 1.938336e+002
      vertex   -5.000000e+001 6.198041e+001 1.940258e+002
    endloop
  endfacet
  facet normal 6.938894e-018 -8.174169e-001 -5.707573e-001
    outer loop
      vertex   -5.300000e+001 6.211458e+001 1.938336e+002
      vertex   -5.000000e+001 6.198041e+001 1.940258e+002
      vertex   -5.300000e+001 6.198041e+001 1.940258e+002
    endloop
  endfacet
  facet normal 0.000000e+000 -5.939951e-002 -5.037346e-002
    outer loop
      vertex   -5.300000e+001 6.198041e+001 1.940258e+002
      vertex   -5.000000e+001 6.198041e+001 1.940258e+002
      vertex   -5.000000e+001 6.182883e+001 1.942045e+002
    endloop
  endfacet
  facet normal -6.938894e-018 -7.603579e-001 -6.448178e-001
    outer loop
      vertex   -5.300000e+001 6.198041e+001 1.940258e+002
      vertex   -5.000000e+001 6.182883e+001 1.942045e+002
      vertex   -5.300000e+001 6.182883e+001 1.942045e+002
    endloop
  endfacet
  facet normal 0.000000e+000 -5.442503e-002 -5.571302e-002
    outer loop
      vertex   -5.300000e+001 6.182883e+001 1.942045e+002
      vertex   -5.000000e+001 6.182883e+001 1.942045e+002
      vertex   -5.000000e+001 6.166118e+001 1.943683e+002
    endloop
  endfacet
  facet normal 0.000000e+000 -6.966673e-001 -7.131541e-001
    outer loop
      vertex   -5.300000e+001 6.182883e+001 1.942045e+002
      vertex   -5.000000e+001 6.166118e+001 1.943683e+002
      vertex   -5.300000e+001 6.166118e+001 1.943683e+002
    endloop
  endfacet
  facet normal 0.000000e+000 -4.896378e-002 -6.056454e-002
    outer loop
      vertex   -5.300000e+001 6.166118e+001 1.943683e+002
      vertex   -5.000000e+001 6.166118e+001 1.943683e+002
      vertex   -5.000000e+001 6.147893e+001 1.945156e+002
    endloop
  endfacet
  facet normal 0.000000e+000 -6.267870e-001 -7.752886e-001
    outer loop
      vertex   -5.300000e+001 6.166118e+001 1.943683e+002
      vertex   -5.000000e+001 6.147893e+001 1.945156e+002
      vertex   -5.300000e+001 6.147893e+001 1.945156e+002
    endloop
  endfacet
  facet normal 0.000000e+000 -4.308163e-002 -6.488485e-002
    outer loop
      vertex   -5.300000e+001 6.147893e+001 1.945156e+002
      vertex   -5.000000e+001 6.147893e+001 1.945156e+002
      vertex   -5.000000e+001 6.128368e+001 1.946453e+002
    endloop
  endfacet
  facet normal 0.000000e+000 -5.514639e-001 -8.305549e-001
    outer loop
      vertex   -5.300000e+001 6.147893e+001 1.945156e+002
      vertex   -5.000000e+001 6.128368e+001 1.946453e+002
      vertex   -5.300000e+001 6.128368e+001 1.946453e+002
    endloop
  endfacet
  facet normal 0.000000e+000 -3.681411e-002 -6.863220e-002
    outer loop
      vertex   -5.300000e+001 6.128368e+001 1.946453e+002
      vertex   -5.000000e+001 6.128368e+001 1.946453e+002
      vertex   -5.000000e+001 6.107716e+001 1.947560e+002
    endloop
  endfacet
  facet normal 6.938894e-018 -4.712531e-001 -8.785527e-001
    outer loop
      vertex   -5.300000e+001 6.128368e+001 1.946453e+002
      vertex   -5.000000e+001 6.107716e+001 1.947560e+002
      vertex   -5.300000e+001 6.107716e+001 1.947560e+002
    endloop
  endfacet
  facet normal 0.000000e+000 -3.022712e-002 -7.177863e-002
    outer loop
      vertex   -5.300000e+001 6.107716e+001 1.947560e+002
      vertex   -5.000000e+001 6.107716e+001 1.947560e+002
      vertex   -5.000000e+001 6.086117e+001 1.948470e+002
    endloop
  endfacet
  facet normal 3.469447e-018 -3.869276e-001 -9.188151e-001
    outer loop
      vertex   -5.300000e+001 6.107716e+001 1.947560e+002
      vertex   -5.000000e+001 6.086117e+001 1.948470e+002
      vertex   -5.300000e+001 6.086117e+001 1.948470e+002
    endloop
  endfacet
  facet normal 0.000000e+000 -2.337138e-002 -7.429375e-002
    outer loop
      vertex   -5.300000e+001 6.086117e+001 1.948470e+002
      vertex   -5.000000e+001 6.086117e+001 1.948470e+002
      vertex   -5.000000e+001 6.063761e+001 1.949173e+002
    endloop
  endfacet
  facet normal -3.469447e-018 -2.991711e-001 -9.510157e-001
    outer loop
      vertex   -5.300000e+001 6.086117e+001 1.948470e+002
      vertex   -5.000000e+001 6.063761e+001 1.949173e+002
      vertex   -5.300000e+001 6.063761e+001 1.949173e+002
    endloop
  endfacet
  facet normal 0.000000e+000 -1.631281e-002 -7.615601e-002
    outer loop
      vertex   -5.300000e+001 6.063761e+001 1.949173e+002
      vertex   -5.000000e+001 6.063761e+001 1.949173e+002
      vertex   -5.000000e+001 6.040844e+001 1.949664e+002
    endloop
  endfacet
  facet normal 0.000000e+000 -2.088151e-001 -9.748489e-001
    outer loop
      vertex   -5.300000e+001 6.063761e+001 1.949173e+002
      vertex   -5.000000e+001 6.040844e+001 1.949664e+002
      vertex   -5.300000e+001 6.040844e+001 1.949664e+002
    endloop
  endfacet
  facet normal 0.000000e+000 -9.107181e-003 -7.734892e-002
    outer loop
      vertex   -5.300000e+001 6.040844e+001 1.949664e+002
      vertex   -5.000000e+001 6.040844e+001 1.949664e+002
      vertex   -5.000000e+001 6.017569e+001 1.949938e+002
    endloop
  endfacet
  facet normal 0.000000e+000 -1.165786e-001 -9.901230e-001
    outer loop
      vertex   -5.300000e+001 6.040844e+001 1.949664e+002
      vertex   -5.000000e+001 6.017569e+001 1.949938e+002
      vertex   -5.300000e+001 6.017569e+001 1.949938e+002
    endloop
  endfacet
  facet normal 0.000000e+000 -1.825493e-003 -7.786108e-002
    outer loop
      vertex   -5.300000e+001 6.017569e+001 1.949938e+002
      vertex   -5.000000e+001 6.017569e+001 1.949938e+002
      vertex   -5.000000e+001 5.994139e+001 1.949993e+002
    endloop
  endfacet
  facet normal 0.000000e+000 -2.336788e-002 -9.966887e-001
    outer loop
      vertex   -5.300000e+001 6.017569e+001 1.949938e+002
      vertex   -5.000000e+001 5.994139e+001 1.949993e+002
      vertex   -5.300000e+001 5.994139e+001 1.949993e+002
    endloop
  endfacet
  facet normal 0.000000e+000 5.471407e-003 -7.769120e-002
    outer loop
      vertex   -5.300000e+001 5.994139e+001 1.949993e+002
      vertex   -5.000000e+001 5.994139e+001 1.949993e+002
      vertex   -5.000000e+001 5.970761e+001 1.949828e+002
    endloop
  endfacet
  facet normal 0.000000e+000 7.003768e-002 -9.944993e-001
    outer loop
      vertex   -5.300000e+001 5.994139e+001 1.949993e+002
      vertex   -5.000000e+001 5.970761e+001 1.949828e+002
      vertex   -5.300000e+001 5.970761e+001 1.949828e+002
    endloop
  endfacet
  facet normal 0.000000e+000 1.272774e-002 -7.683676e-002
    outer loop
      vertex   -5.300000e+001 5.970761e+001 1.949828e+002
      vertex   -5.000000e+001 5.970761e+001 1.949828e+002
      vertex   -5.000000e+001 5.947640e+001 1.949445e+002
    endloop
  endfacet
  facet normal -1.734723e-018 1.629233e-001 -9.835599e-001
    outer loop
      vertex   -5.300000e+001 5.970761e+001 1.949828e+002
      vertex   -5.000000e+001 5.947640e+001 1.949445e+002
      vertex   -5.300000e+001 5.947640e+001 1.949445e+002
    endloop
  endfacet
  facet normal 0.000000e+000 1.986238e-002 -7.530665e-002
    outer loop
      vertex   -5.300000e+001 5.947640e+001 1.949445e+002
      vertex   -5.000000e+001 5.947640e+001 1.949445e+002
      vertex   -5.000000e+001 5.924979e+001 1.948848e+002
    endloop
  endfacet
  facet normal 0.000000e+000 2.542570e-001 -9.639957e-001
    outer loop
      vertex   -5.300000e+001 5.947640e+001 1.949445e+002
      vertex   -5.000000e+001 5.924979e+001 1.948848e+002
      vertex   -5.300000e+001 5.924979e+001 1.948848e+002
    endloop
  endfacet
  facet normal 0.000000e+000 2.682967e-002 -7.311732e-002
    outer loop
      vertex   -5.300000e+001 5.924979e+001 1.948848e+002
      vertex   -5.000000e+001 5.924979e+001 1.948848e+002
      vertex   -5.000000e+001 5.902977e+001 1.948040e+002
    endloop
  endfacet
  facet normal 0.000000e+000 3.434345e-001 -9.359416e-001
    outer loop
      vertex   -5.300000e+001 5.924979e+001 1.948848e+002
      vertex   -5.000000e+001 5.902977e+001 1.948040e+002
      vertex   -5.300000e+001 5.902977e+001 1.948040e+002
    endloop
  endfacet
  facet normal 0.000000e+000 3.355358e-002 -7.028275e-002
    outer loop
      vertex   -5.300000e+001 5.902977e+001 1.948040e+002
      vertex   -5.000000e+001 5.902977e+001 1.948040e+002
      vertex   -5.000000e+001 5.881828e+001 1.947031e+002
    endloop
  endfacet
  facet normal 0.000000e+000 4.295207e-001 -8.996924e-001
    outer loop
      vertex   -5.300000e+001 5.902977e+001 1.948040e+002
      vertex   -5.000000e+001 5.881828e+001 1.947031e+002
      vertex   -5.300000e+001 5.881828e+001 1.947031e+002
    endloop
  endfacet
  facet normal 0.000000e+000 3.999350e-002 -6.683204e-002
    outer loop
      vertex   -5.300000e+001 5.881828e+001 1.947031e+002
      vertex   -5.000000e+001 5.881828e+001 1.947031e+002
      vertex   -5.000000e+001 5.861717e+001 1.945827e+002
    endloop
  endfacet
  facet normal 6.938894e-018 5.119374e-001 -8.554847e-001
    outer loop
      vertex   -5.300000e+001 5.881828e+001 1.947031e+002
      vertex   -5.000000e+001 5.861717e+001 1.945827e+002
      vertex   -5.300000e+001 5.861717e+001 1.945827e+002
    endloop
  endfacet
  facet normal 0.000000e+000 4.607341e-002 -6.279315e-002
    outer loop
      vertex   -5.300000e+001 5.861717e+001 1.945827e+002
      vertex   -5.000000e+001 5.861717e+001 1.945827e+002
      vertex   -5.000000e+001 5.842822e+001 1.944441e+002
    endloop
  endfacet
  facet normal 0.000000e+000 5.897763e-001 -8.038023e-001
    outer loop
      vertex   -5.300000e+001 5.861717e+001 1.945827e+002
      vertex   -5.000000e+001 5.842822e+001 1.944441e+002
      vertex   -5.300000e+001 5.842822e+001 1.944441e+002
    endloop
  endfacet
  facet normal 0.000000e+000 5.175272e-002 -5.820406e-002
    outer loop
      vertex   -5.300000e+001 5.842822e+001 1.944441e+002
      vertex   -5.000000e+001 5.842822e+001 1.944441e+002
      vertex   -5.000000e+001 5.825307e+001 1.942884e+002
    endloop
  endfacet
  facet normal 0.000000e+000 6.624585e-001 -7.450387e-001
    outer loop
      vertex   -5.300000e+001 5.842822e+001 1.944441e+002
      vertex   -5.000000e+001 5.825307e+001 1.942884e+002
      vertex   -5.300000e+001 5.825307e+001 1.942884e+002
    endloop
  endfacet
  facet normal 0.000000e+000 5.697060e-002 -5.310030e-002
    outer loop
      vertex   -5.300000e+001 5.825307e+001 1.942884e+002
      vertex   -5.000000e+001 5.825307e+001 1.942884e+002
      vertex   -5.000000e+001 5.809329e+001 1.941169e+002
    endloop
  endfacet
  facet normal 0.000000e+000 7.292961e-001 -6.797513e-001
    outer loop
      vertex   -5.300000e+001 5.825307e+001 1.942884e+002
      vertex   -5.000000e+001 5.809329e+001 1.941169e+002
      vertex   -5.300000e+001 5.809329e+001 1.941169e+002
    endloop
  endfacet
  facet normal 0.000000e+000 6.169658e-002 -4.753380e-002
    outer loop
      vertex   -5.300000e+001 5.809329e+001 1.941169e+002
      vertex   -5.000000e+001 5.809329e+001 1.941169e+002
      vertex   -5.000000e+001 5.795025e+001 1.939313e+002
    endloop
  endfacet
  facet normal 0.000000e+000 7.897528e-001 -6.084608e-001
    outer loop
      vertex   -5.300000e+001 5.809329e+001 1.941169e+002
      vertex   -5.000000e+001 5.795025e+001 1.939313e+002
      vertex   -5.300000e+001 5.795025e+001 1.939313e+002
    endloop
  endfacet
  facet normal 0.000000e+000 6.587494e-002 -4.154645e-002
    outer loop
      vertex   -5.300000e+001 5.795025e+001 1.939313e+002
      vertex   -5.000000e+001 5.795025e+001 1.939313e+002
      vertex   -5.000000e+001 5.782523e+001 1.937330e+002
    endloop
  endfacet
  facet normal 0.000000e+000 8.432603e-001 -5.318331e-001
    outer loop
      vertex   -5.300000e+001 5.795025e+001 1.939313e+002
      vertex   -5.000000e+001 5.782523e+001 1.937330e+002
      vertex   -5.300000e+001 5.782523e+001 1.937330e+002
    endloop
  endfacet
  facet normal 0.000000e+000 6.948027e-002 -3.519524e-002
    outer loop
      vertex   -5.300000e+001 5.782523e+001 1.937330e+002
      vertex   -5.000000e+001 5.782523e+001 1.937330e+002
      vertex   -5.000000e+001 5.771933e+001 1.935240e+002
    endloop
  endfacet
  facet normal 0.000000e+000 8.893678e-001 -4.505094e-001
    outer loop
      vertex   -5.300000e+001 5.782523e+001 1.937330e+002
      vertex   -5.000000e+001 5.771933e+001 1.935240e+002
      vertex   -5.300000e+001 5.771933e+001 1.935240e+002
    endloop
  endfacet
  facet normal 0.000000e+000 7.246700e-002 -2.853474e-002
    outer loop
      vertex   -5.300000e+001 5.771933e+001 1.935240e+002
      vertex   -5.000000e+001 5.771933e+001 1.935240e+002
      vertex   -5.000000e+001 5.763346e+001 1.933059e+002
    endloop
  endfacet
  facet normal 3.469447e-018 9.276385e-001 -3.652686e-001
    outer loop
      vertex   -5.300000e+001 5.771933e+001 1.935240e+002
      vertex   -5.000000e+001 5.763346e+001 1.933059e+002
      vertex   -5.300000e+001 5.763346e+001 1.933059e+002
    endloop
  endfacet
  facet normal 0.000000e+000 7.481986e-002 -2.162322e-002
    outer loop
      vertex   -5.300000e+001 5.763346e+001 1.933059e+002
      vertex   -5.000000e+001 5.763346e+001 1.933059e+002
      vertex   -5.000000e+001 5.756839e+001 1.930808e+002
    endloop
  endfacet
  facet normal 0.000000e+000 9.577668e-001 -2.767982e-001
    outer loop
      vertex   -5.300000e+001 5.763346e+001 1.933059e+002
      vertex   -5.000000e+001 5.756839e+001 1.930808e+002
      vertex   -5.300000e+001 5.756839e+001 1.930808e+002
    endloop
  endfacet
  facet normal 0.000000e+000 7.651857e-002 -1.452281e-002
    outer loop
      vertex   -5.300000e+001 5.756839e+001 1.930808e+002
      vertex   -5.000000e+001 5.756839e+001 1.930808e+002
      vertex   -5.000000e+001 5.752469e+001 1.928505e+002
    endloop
  endfacet
  facet normal 0.000000e+000 9.794771e-001 -1.858994e-001
    outer loop
      vertex   -5.300000e+001 5.756839e+001 1.930808e+002
      vertex   -5.000000e+001 5.752469e+001 1.928505e+002
      vertex   -5.300000e+001 5.752469e+001 1.928505e+002
    endloop
  endfacet
  facet normal 0.000000e+000 7.753783e-002 -7.293099e-003
    outer loop
      vertex   -5.300000e+001 5.752469e+001 1.928505e+002
      vertex   -5.000000e+001 5.752469e+001 1.928505e+002
      vertex   -5.000000e+001 5.750275e+001 1.926172e+002
    endloop
  endfacet
  facet normal 0.000000e+000 9.925817e-001 -9.336084e-002
    outer loop
      vertex   -5.300000e+001 5.752469e+001 1.928505e+002
      vertex   -5.000000e+001 5.750275e+001 1.926172e+002
      vertex   -5.300000e+001 5.750275e+001 1.926172e+002
    endloop
  endfacet
  facet normal -0.000000e+000 7.788767e-002 0.000000e+000
    outer loop
      vertex   -5.300000e+001 5.750275e+001 1.926172e+002
      vertex   -5.000000e+001 5.750275e+001 1.926172e+002
      vertex   -5.000000e+001 5.750275e+001 1.923828e+002
    endloop
  endfacet
  facet normal 0.000000e+000 9.969621e-001 0.000000e+000
    outer loop
      vertex   -5.300000e+001 5.750275e+001 1.926172e+002
      vertex   -5.000000e+001 5.750275e+001 1.923828e+002
      vertex   -5.300000e+001 5.750275e+001 1.923828e+002
    endloop
  endfacet
  facet normal -0.000000e+000 7.753783e-002 7.293099e-003
    outer loop
      vertex   -5.300000e+001 5.750275e+001 1.923828e+002
      vertex   -5.000000e+001 5.750275e+001 1.923828e+002
      vertex   -5.000000e+001 5.752469e+001 1.921495e+002
    endloop
  endfacet
  facet normal 0.000000e+000 9.925817e-001 9.336084e-002
    outer loop
      vertex   -5.300000e+001 5.750275e+001 1.923828e+002
      vertex   -5.000000e+001 5.752469e+001 1.921495e+002
      vertex   -5.300000e+001 5.752469e+001 1.921495e+002
    endloop
  endfacet
  facet normal -0.000000e+000 7.651857e-002 1.452281e-002
    outer loop
      vertex   -5.300000e+001 5.752469e+001 1.921495e+002
      vertex   -5.000000e+001 5.752469e+001 1.921495e+002
      vertex   -5.000000e+001 5.756839e+001 1.919192e+002
    endloop
  endfacet
  facet normal 0.000000e+000 9.794771e-001 1.858994e-001
    outer loop
      vertex   -5.300000e+001 5.752469e+001 1.921495e+002
      vertex   -5.000000e+001 5.756839e+001 1.919192e+002
      vertex   -5.300000e+001 5.756839e+001 1.919192e+002
    endloop
  endfacet
  facet normal -0.000000e+000 7.481986e-002 2.162322e-002
    outer loop
      vertex   -5.300000e+001 5.756839e+001 1.919192e+002
      vertex   -5.000000e+001 5.756839e+001 1.919192e+002
      vertex   -5.000000e+001 5.763346e+001 1.916941e+002
    endloop
  endfacet
  facet normal 0.000000e+000 9.577668e-001 2.767982e-001
    outer loop
      vertex   -5.300000e+001 5.756839e+001 1.919192e+002
      vertex   -5.000000e+001 5.763346e+001 1.916941e+002
      vertex   -5.300000e+001 5.763346e+001 1.916941e+002
    endloop
  endfacet
  facet normal -0.000000e+000 7.246700e-002 2.853474e-002
    outer loop
      vertex   -5.300000e+001 5.763346e+001 1.916941e+002
      vertex   -5.000000e+001 5.763346e+001 1.916941e+002
      vertex   -5.000000e+001 5.771933e+001 1.914760e+002
    endloop
  endfacet
  facet normal -3.469447e-018 9.276385e-001 3.652686e-001
    outer loop
      vertex   -5.300000e+001 5.763346e+001 1.916941e+002
      vertex   -5.000000e+001 5.771933e+001 1.914760e+002
      vertex   -5.300000e+001 5.771933e+001 1.914760e+002
    endloop
  endfacet
  facet normal -0.000000e+000 6.948027e-002 3.519524e-002
    outer loop
      vertex   -5.300000e+001 5.771933e+001 1.914760e+002
      vertex   -5.000000e+001 5.771933e+001 1.914760e+002
      vertex   -5.000000e+001 5.782523e+001 1.912670e+002
    endloop
  endfacet
  facet normal 0.000000e+000 8.893678e-001 4.505094e-001
    outer loop
      vertex   -5.300000e+001 5.771933e+001 1.914760e+002
      vertex   -5.000000e+001 5.782523e+001 1.912670e+002
      vertex   -5.300000e+001 5.782523e+001 1.912670e+002
    endloop
  endfacet
  facet normal -0.000000e+000 6.587494e-002 4.154645e-002
    outer loop
      vertex   -5.300000e+001 5.782523e+001 1.912670e+002
      vertex   -5.000000e+001 5.782523e+001 1.912670e+002
      vertex   -5.000000e+001 5.795025e+001 1.910687e+002
    endloop
  endfacet
  facet normal 0.000000e+000 8.432603e-001 5.318331e-001
    outer loop
      vertex   -5.300000e+001 5.782523e+001 1.912670e+002
      vertex   -5.000000e+001 5.795025e+001 1.910687e+002
      vertex   -5.300000e+001 5.795025e+001 1.910687e+002
    endloop
  endfacet
  facet normal -0.000000e+000 6.169658e-002 4.753380e-002
    outer loop
      vertex   -5.300000e+001 5.795025e+001 1.910687e+002
      vertex   -5.000000e+001 5.795025e+001 1.910687e+002
      vertex   -5.000000e+001 5.809329e+001 1.908831e+002
    endloop
  endfacet
  facet normal 0.000000e+000 7.897528e-001 6.084608e-001
    outer loop
      vertex   -5.300000e+001 5.795025e+001 1.910687e+002
      vertex   -5.000000e+001 5.809329e+001 1.908831e+002
      vertex   -5.300000e+001 5.809329e+001 1.908831e+002
    endloop
  endfacet
  facet normal -0.000000e+000 5.697060e-002 5.310030e-002
    outer loop
      vertex   -5.300000e+001 5.809329e+001 1.908831e+002
      vertex   -5.000000e+001 5.809329e+001 1.908831e+002
      vertex   -5.000000e+001 5.825307e+001 1.907116e+002
    endloop
  endfacet
  facet normal 0.000000e+000 7.292961e-001 6.797513e-001
    outer loop
      vertex   -5.300000e+001 5.809329e+001 1.908831e+002
      vertex   -5.000000e+001 5.825307e+001 1.907116e+002
      vertex   -5.300000e+001 5.825307e+001 1.907116e+002
    endloop
  endfacet
  facet normal -0.000000e+000 5.175272e-002 5.820406e-002
    outer loop
      vertex   -5.300000e+001 5.825307e+001 1.907116e+002
      vertex   -5.000000e+001 5.825307e+001 1.907116e+002
      vertex   -5.000000e+001 5.842822e+001 1.905559e+002
    endloop
  endfacet
  facet normal 0.000000e+000 6.624585e-001 7.450387e-001
    outer loop
      vertex   -5.300000e+001 5.825307e+001 1.907116e+002
      vertex   -5.000000e+001 5.842822e+001 1.905559e+002
      vertex   -5.300000e+001 5.842822e+001 1.905559e+002
    endloop
  endfacet
  facet normal -0.000000e+000 4.607341e-002 6.279315e-002
    outer loop
      vertex   -5.300000e+001 5.842822e+001 1.905559e+002
      vertex   -5.000000e+001 5.842822e+001 1.905559e+002
      vertex   -5.000000e+001 5.861717e+001 1.904173e+002
    endloop
  endfacet
  facet normal 0.000000e+000 5.897763e-001 8.038023e-001
    outer loop
      vertex   -5.300000e+001 5.842822e+001 1.905559e+002
      vertex   -5.000000e+001 5.861717e+001 1.904173e+002
      vertex   -5.300000e+001 5.861717e+001 1.904173e+002
    endloop
  endfacet
  facet normal -0.000000e+000 3.999350e-002 6.683204e-002
    outer loop
      vertex   -5.300000e+001 5.861717e+001 1.904173e+002
      vertex   -5.000000e+001 5.861717e+001 1.904173e+002
      vertex   -5.000000e+001 5.881828e+001 1.902969e+002
    endloop
  endfacet
  facet normal -6.938894e-018 5.119374e-001 8.554847e-001
    outer loop
      vertex   -5.300000e+001 5.861717e+001 1.904173e+002
      vertex   -5.000000e+001 5.881828e+001 1.902969e+002
      vertex   -5.300000e+001 5.881828e+001 1.902969e+002
    endloop
  endfacet
  facet normal -0.000000e+000 3.355358e-002 7.028275e-002
    outer loop
      vertex   -5.300000e+001 5.881828e+001 1.902969e+002
      vertex   -5.000000e+001 5.881828e+001 1.902969e+002
      vertex   -5.000000e+001 5.902977e+001 1.901960e+002
    endloop
  endfacet
  facet normal 0.000000e+000 4.295207e-001 8.996924e-001
    outer loop
      vertex   -5.300000e+001 5.881828e+001 1.902969e+002
      vertex   -5.000000e+001 5.902977e+001 1.901960e+002
      vertex   -5.300000e+001 5.902977e+001 1.901960e+002
    endloop
  endfacet
  facet normal -0.000000e+000 2.682967e-002 7.311732e-002
    outer loop
      vertex   -5.300000e+001 5.902977e+001 1.901960e+002
      vertex   -5.000000e+001 5.902977e+001 1.901960e+002
      vertex   -5.000000e+001 5.924979e+001 1.901152e+002
    endloop
  endfacet
  facet normal 0.000000e+000 3.434345e-001 9.359416e-001
    outer loop
      vertex   -5.300000e+001 5.902977e+001 1.901960e+002
      vertex   -5.000000e+001 5.924979e+001 1.901152e+002
      vertex   -5.300000e+001 5.924979e+001 1.901152e+002
    endloop
  endfacet
  facet normal -0.000000e+000 1.986238e-002 7.530665e-002
    outer loop
      vertex   -5.300000e+001 5.924979e+001 1.901152e+002
      vertex   -5.000000e+001 5.924979e+001 1.901152e+002
      vertex   -5.000000e+001 5.947640e+001 1.900555e+002
    endloop
  endfacet
  facet normal 0.000000e+000 2.542570e-001 9.639957e-001
    outer loop
      vertex   -5.300000e+001 5.924979e+001 1.901152e+002
      vertex   -5.000000e+001 5.947640e+001 1.900555e+002
      vertex   -5.300000e+001 5.947640e+001 1.900555e+002
    endloop
  endfacet
  facet normal -0.000000e+000 1.272774e-002 7.683676e-002
    outer loop
      vertex   -5.300000e+001 5.947640e+001 1.900555e+002
      vertex   -5.000000e+001 5.947640e+001 1.900555e+002
      vertex   -5.000000e+001 5.970761e+001 1.900172e+002
    endloop
  endfacet
  facet normal 1.734723e-018 1.629233e-001 9.835599e-001
    outer loop
      vertex   -5.300000e+001 5.947640e+001 1.900555e+002
      vertex   -5.000000e+001 5.970761e+001 1.900172e+002
      vertex   -5.300000e+001 5.970761e+001 1.900172e+002
    endloop
  endfacet
  facet normal -0.000000e+000 5.471407e-003 7.769120e-002
    outer loop
      vertex   -5.300000e+001 5.970761e+001 1.900172e+002
      vertex   -5.000000e+001 5.970761e+001 1.900172e+002
      vertex   -5.000000e+001 5.994139e+001 1.900007e+002
    endloop
  endfacet
  facet normal 0.000000e+000 7.003768e-002 9.944993e-001
    outer loop
      vertex   -5.300000e+001 5.970761e+001 1.900172e+002
      vertex   -5.000000e+001 5.994139e+001 1.900007e+002
      vertex   -5.300000e+001 5.994139e+001 1.900007e+002
    endloop
  endfacet
  facet normal 0.000000e+000 -1.825493e-003 7.786108e-002
    outer loop
      vertex   -5.300000e+001 5.994139e+001 1.900007e+002
      vertex   -5.000000e+001 5.994139e+001 1.900007e+002
      vertex   -5.000000e+001 6.017569e+001 1.900062e+002
    endloop
  endfacet
  facet normal 0.000000e+000 -2.336788e-002 9.966887e-001
    outer loop
      vertex   -5.300000e+001 5.994139e+001 1.900007e+002
      vertex   -5.000000e+001 6.017569e+001 1.900062e+002
      vertex   -5.300000e+001 6.017569e+001 1.900062e+002
    endloop
  endfacet
  facet normal 0.000000e+000 -9.107181e-003 7.734892e-002
    outer loop
      vertex   -5.300000e+001 6.017569e+001 1.900062e+002
      vertex   -5.000000e+001 6.017569e+001 1.900062e+002
      vertex   -5.000000e+001 6.040844e+001 1.900336e+002
    endloop
  endfacet
  facet normal 0.000000e+000 -1.165786e-001 9.901230e-001
    outer loop
      vertex   -5.300000e+001 6.017569e+001 1.900062e+002
      vertex   -5.000000e+001 6.040844e+001 1.900336e+002
      vertex   -5.300000e+001 6.040844e+001 1.900336e+002
    endloop
  endfacet
  facet normal 0.000000e+000 -1.631281e-002 7.615601e-002
    outer loop
      vertex   -5.300000e+001 6.040844e+001 1.900336e+002
      vertex   -5.000000e+001 6.040844e+001 1.900336e+002
      vertex   -5.000000e+001 6.063761e+001 1.900827e+002
    endloop
  endfacet
  facet normal 0.000000e+000 -2.088151e-001 9.748489e-001
    outer loop
      vertex   -5.300000e+001 6.040844e+001 1.900336e+002
      vertex   -5.000000e+001 6.063761e+001 1.900827e+002
      vertex   -5.300000e+001 6.063761e+001 1.900827e+002
    endloop
  endfacet
  facet normal 0.000000e+000 -2.337138e-002 7.429375e-002
    outer loop
      vertex   -5.300000e+001 6.063761e+001 1.900827e+002
      vertex   -5.000000e+001 6.063761e+001 1.900827e+002
      vertex   -5.000000e+001 6.086117e+001 1.901530e+002
    endloop
  endfacet
  facet normal 3.469447e-018 -2.991711e-001 9.510157e-001
    outer loop
      vertex   -5.300000e+001 6.063761e+001 1.900827e+002
      vertex   -5.000000e+001 6.086117e+001 1.901530e+002
      vertex   -5.300000e+001 6.086117e+001 1.901530e+002
    endloop
  endfacet
  facet normal 0.000000e+000 -3.022712e-002 7.177863e-002
    outer loop
      vertex   -5.300000e+001 6.086117e+001 1.901530e+002
      vertex   -5.000000e+001 6.086117e+001 1.901530e+002
      vertex   -5.000000e+001 6.107716e+001 1.902440e+002
    endloop
  endfacet
  facet normal -3.469447e-018 -3.869276e-001 9.188151e-001
    outer loop
      vertex   -5.300000e+001 6.086117e+001 1.901530e+002
      vertex   -5.000000e+001 6.107716e+001 1.902440e+002
      vertex   -5.300000e+001 6.107716e+001 1.902440e+002
    endloop
  endfacet
  facet normal 0.000000e+000 -3.681411e-002 6.863220e-002
    outer loop
      vertex   -5.300000e+001 6.107716e+001 1.902440e+002
      vertex   -5.000000e+001 6.107716e+001 1.902440e+002
      vertex   -5.000000e+001 6.128368e+001 1.903547e+002
    endloop
  endfacet
  facet normal -6.938894e-018 -4.712531e-001 8.785527e-001
    outer loop
      vertex   -5.300000e+001 6.107716e+001 1.902440e+002
      vertex   -5.000000e+001 6.128368e+001 1.903547e+002
      vertex   -5.300000e+001 6.128368e+001 1.903547e+002
    endloop
  endfacet
  facet normal 0.000000e+000 -4.308163e-002 6.488485e-002
    outer loop
      vertex   -5.300000e+001 6.128368e+001 1.903547e+002
      vertex   -5.000000e+001 6.128368e+001 1.903547e+002
      vertex   -5.000000e+001 6.147893e+001 1.904844e+002
    endloop
  endfacet
  facet normal 0.000000e+000 -5.514639e-001 8.305549e-001
    outer loop
      vertex   -5.300000e+001 6.128368e+001 1.903547e+002
      vertex   -5.000000e+001 6.147893e+001 1.904844e+002
      vertex   -5.300000e+001 6.147893e+001 1.904844e+002
    endloop
  endfacet
  facet normal 0.000000e+000 -4.896378e-002 6.056454e-002
    outer loop
      vertex   -5.300000e+001 6.147893e+001 1.904844e+002
      vertex   -5.000000e+001 6.147893e+001 1.904844e+002
      vertex   -5.000000e+001 6.166118e+001 1.906317e+002
    endloop
  endfacet
  facet normal 0.000000e+000 -6.267870e-001 7.752886e-001
    outer loop
      vertex   -5.300000e+001 6.147893e+001 1.904844e+002
      vertex   -5.000000e+001 6.166118e+001 1.906317e+002
      vertex   -5.300000e+001 6.166118e+001 1.906317e+002
    endloop
  endfacet
  facet normal 0.000000e+000 -5.442503e-002 5.571302e-002
    outer loop
      vertex   -5.300000e+001 6.166118e+001 1.906317e+002
      vertex   -5.000000e+001 6.166118e+001 1.906317e+002
      vertex   -5.000000e+001 6.182883e+001 1.907955e+002
    endloop
  endfacet
  facet normal 0.000000e+000 -6.966673e-001 7.131541e-001
    outer loop
      vertex   -5.300000e+001 6.166118e+001 1.906317e+002
      vertex   -5.000000e+001 6.182883e+001 1.907955e+002
      vertex   -5.300000e+001 6.182883e+001 1.907955e+002
    endloop
  endfacet
  facet normal 0.000000e+000 -5.939951e-002 5.037346e-002
    outer loop
      vertex   -5.300000e+001 6.182883e+001 1.907955e+002
      vertex   -5.000000e+001 6.182883e+001 1.907955e+002
      vertex   -5.000000e+001 6.198041e+001 1.909742e+002
    endloop
  endfacet
  facet normal 6.938894e-018 -7.603579e-001 6.448178e-001
    outer loop
      vertex   -5.300000e+001 6.182883e+001 1.907955e+002
      vertex   -5.000000e+001 6.198041e+001 1.909742e+002
      vertex   -5.300000e+001 6.198041e+001 1.909742e+002
    endloop
  endfacet
  facet normal 0.000000e+000 -6.385676e-002 4.458766e-002
    outer loop
      vertex   -5.300000e+001 6.198041e+001 1.909742e+002
      vertex   -5.000000e+001 6.198041e+001 1.909742e+002
      vertex   -5.000000e+001 6.211458e+001 1.911664e+002
    endloop
  endfacet
  facet normal -6.938894e-018 -8.174169e-001 5.707573e-001
    outer loop
      vertex   -5.300000e+001 6.198041e+001 1.909742e+002
      vertex   -5.000000e+001 6.211458e+001 1.911664e+002
      vertex   -5.300000e+001 6.211458e+001 1.911664e+002
    endloop
  endfacet
  facet normal 0.000000e+000 -6.775114e-002 3.841395e-002
    outer loop
      vertex   -5.300000e+001 6.211458e+001 1.911664e+002
      vertex   -5.000000e+001 6.211458e+001 1.911664e+002
      vertex   -5.000000e+001 6.223017e+001 1.913703e+002
    endloop
  endfacet
  facet normal 6.938894e-018 -8.672606e-001 4.917246e-001
    outer loop
      vertex   -5.300000e+001 6.211458e+001 1.911664e+002
      vertex   -5.000000e+001 6.223017e+001 1.913703e+002
      vertex   -5.300000e+001 6.223017e+001 1.913703e+002
    endloop
  endfacet
  facet normal 0.000000e+000 -7.104719e-002 3.190050e-002
    outer loop
      vertex   -5.300000e+001 6.223017e+001 1.913703e+002
      vertex   -5.000000e+001 6.223017e+001 1.913703e+002
      vertex   -5.000000e+001 6.232616e+001 1.915840e+002
    endloop
  endfacet
  facet normal 0.000000e+000 -9.094903e-001 4.083651e-001
    outer loop
      vertex   -5.300000e+001 6.223017e+001 1.913703e+002
      vertex   -5.000000e+001 6.232616e+001 1.915840e+002
      vertex   -5.300000e+001 6.232616e+001 1.915840e+002
    endloop
  endfacet
  facet normal 0.000000e+000 -7.372456e-002 2.510687e-002
    outer loop
      vertex   -5.300000e+001 6.232616e+001 1.915840e+002
      vertex   -5.000000e+001 6.232616e+001 1.915840e+002
      vertex   -5.000000e+001 6.240171e+001 1.918059e+002
    endloop
  endfacet
  facet normal -3.469447e-018 -9.437388e-001 3.213898e-001
    outer loop
      vertex   -5.300000e+001 6.232616e+001 1.915840e+002
      vertex   -5.000000e+001 6.240171e+001 1.918059e+002
      vertex   -5.300000e+001 6.240171e+001 1.918059e+002
    endloop
  endfacet
  facet normal 0.000000e+000 -7.575288e-002 1.809266e-002
    outer loop
      vertex   -5.300000e+001 6.240171e+001 1.918059e+002
      vertex   -5.000000e+001 6.240171e+001 1.918059e+002
      vertex   -5.000000e+001 6.245616e+001 1.920338e+002
    endloop
  endfacet
  facet normal 0.000000e+000 -9.696888e-001 2.315985e-001
    outer loop
      vertex   -5.300000e+001 6.240171e+001 1.918059e+002
      vertex   -5.000000e+001 6.245616e+001 1.920338e+002
      vertex   -5.300000e+001 6.245616e+001 1.920338e+002
    endloop
  endfacet
  facet normal 0.000000e+000 -7.711691e-002 1.091873e-002
    outer loop
      vertex   -5.300000e+001 6.245616e+001 1.920338e+002
      vertex   -5.000000e+001 6.245616e+001 1.920338e+002
      vertex   -5.000000e+001 6.248901e+001 1.922659e+002
    endloop
  endfacet
  facet normal -1.032818e-001 0.000000e+000 0.000000e+000
    outer loop
      vertex   -5.600000e+001 6.548870e+001 7.147614e+000
      vertex   -5.600000e+001 6.550000e+001 7.500000e+000
      vertex   -5.600000e+001 6.600000e+001 0.000000e+000
    endloop
  endfacet
  facet normal -1.546097e-003 0.000000e+000 0.000000e+000
    outer loop
      vertex   -5.600000e+001 6.600000e+001 0.000000e+000
      vertex   -5.600000e+001 6.550000e+001 7.500000e+000
      vertex   -5.600000e+001 6.548870e+001 7.852386e+000
    endloop
  endfacet
  facet normal -6.497626e-002 0.000000e+000 0.000000e+000
    outer loop
      vertex   -5.600000e+001 6.600000e+001 0.000000e+000
      vertex   -5.600000e+001 6.548870e+001 7.852386e+000
      vertex   -5.600000e+001 6.600000e+001 5.000000e+001
    endloop
  endfacet
  facet normal -9.118064e-004 0.000000e+000 0.000000e+000
    outer loop
      vertex   -5.600000e+001 6.600000e+001 5.000000e+001
      vertex   -5.600000e+001 6.548870e+001 7.852386e+000
      vertex   -5.600000e+001 6.545484e+001 8.203324e+000
    endloop
  endfacet
  facet normal -1.466752e-003 0.000000e+000 0.000000e+000
    outer loop
      vertex   -5.600000e+001 6.600000e+001 5.000000e+001
      vertex   -5.600000e+001 6.545484e+001 8.203324e+000
      vertex   -5.600000e+001 6.539857e+001 8.551373e+000
    endloop
  endfacet
  facet normal -2.366407e-001 0.000000e+000 0.000000e+000
    outer loop
      vertex   -5.600000e+001 6.539857e+001 8.551373e+000
      vertex   -5.600000e+001 6.532012e+001 8.895101e+000
      vertex   -5.600000e+001 6.600000e+001 5.000000e+001
    endloop
  endfacet
  facet normal -2.597094e-003 0.000000e+000 0.000000e+000
    outer loop
      vertex   -5.600000e+001 6.600000e+001 5.000000e+001
      vertex   -5.600000e+001 6.532012e+001 8.895101e+000
      vertex   -5.600000e+001 6.521980e+001 9.233095e+000
    endloop
  endfacet
  facet normal -3.166347e-003 0.000000e+000 0.000000e+000
    outer loop
      vertex   -5.600000e+001 6.600000e+001 5.000000e+001
      vertex   -5.600000e+001 6.521980e+001 9.233095e+000
      vertex   -5.600000e+001 6.509805e+001 9.563969e+000
    endloop
  endfacet
  facet normal -4.250796e-001 0.000000e+000 0.000000e+000
    outer loop
      vertex   -5.600000e+001 6.509805e+001 9.563969e+000
      vertex   -5.600000e+001 6.495533e+001 9.886360e+000
      vertex   -5.600000e+001 6.600000e+001 5.000000e+001
    endloop
  endfacet
  facet normal -4.298434e-003 0.000000e+000 0.000000e+000
    outer loop
      vertex   -5.600000e+001 6.600000e+001 5.000000e+001
      vertex   -5.600000e+001 6.495533e+001 9.886360e+000
      vertex   -5.600000e+001 6.479225e+001 1.019895e+001
    endloop
  endfacet
  facet normal -4.853509e-003 0.000000e+000 0.000000e+000
    outer loop
      vertex   -5.600000e+001 6.600000e+001 5.000000e+001
      vertex   -5.600000e+001 6.479225e+001 1.019895e+001
      vertex   -5.600000e+001 6.460948e+001 1.050044e+001
    endloop
  endfacet
  facet normal -6.006099e-001 0.000000e+000 0.000000e+000
    outer loop
      vertex   -5.600000e+001 6.460948e+001 1.050044e+001
      vertex   -5.600000e+001 6.440778e+001 1.078961e+001
      vertex   -5.600000e+001 6.600000e+001 5.000000e+001
    endloop
  endfacet
  facet normal -5.922195e-003 0.000000e+000 0.000000e+000
    outer loop
      vertex   -5.600000e+001 6.600000e+001 5.000000e+001
      vertex   -5.600000e+001 6.440778e+001 1.078961e+001
      vertex   -5.600000e+001 6.418795e+001 1.106526e+001
    endloop
  endfacet
  facet normal -6.427078e-003 0.000000e+000 0.000000e+000
    outer loop
      vertex   -5.600000e+001 6.600000e+001 5.000000e+001
      vertex   -5.600000e+001 6.418795e+001 1.106526e+001
      vertex   -5.600000e+001 6.395092e+001 1.132625e+001
    endloop
  endfacet
  facet normal -7.541492e-001 0.000000e+000 0.000000e+000
    outer loop
      vertex   -5.600000e+001 6.395092e+001 1.132625e+001
      vertex   -5.600000e+001 6.369765e+001 1.157153e+001
      vertex   -5.600000e+001 6.600000e+001 5.000000e+001
    endloop
  endfacet
  facet normal -7.356327e-003 0.000000e+000 0.000000e+000
    outer loop
      vertex   -5.600000e+001 6.600000e+001 5.000000e+001
      vertex   -5.600000e+001 6.369765e+001 1.157153e+001
      vertex   -5.600000e+001 6.342920e+001 1.180007e+001
    endloop
  endfacet
  facet normal -7.771844e-003 0.000000e+000 0.000000e+000
    outer loop
      vertex   -5.600000e+001 6.600000e+001 5.000000e+001
      vertex   -5.600000e+001 6.342920e+001 1.180007e+001
      vertex   -5.600000e+001 6.314664e+001 1.201095e+001
    endloop
  endfacet
  facet normal -8.765939e-001 0.000000e+000 0.000000e+000
    outer loop
      vertex   -5.600000e+001 6.314664e+001 1.201095e+001
      vertex   -5.600000e+001 6.285116e+001 1.220329e+001
      vertex   -5.600000e+001 6.600000e+001 5.000000e+001
    endloop
  endfacet
  facet normal -8.482875e-003 0.000000e+000 0.000000e+000
    outer loop
      vertex   -5.600000e+001 6.600000e+001 5.000000e+001
      vertex   -5.600000e+001 6.285116e+001 1.220329e+001
      vertex   -5.600000e+001 6.254396e+001 1.237630e+001
    endloop
  endfacet
  facet normal -8.770908e-003 0.000000e+000 0.000000e+000
    outer loop
      vertex   -5.600000e+001 6.600000e+001 5.000000e+001
      vertex   -5.600000e+001 6.254396e+001 1.237630e+001
      vertex   -5.600000e+001 6.222631e+001 1.252927e+001
    endloop
  endfacet
  facet normal -9.598536e-001 0.000000e+000 0.000000e+000
    outer loop
      vertex   -5.600000e+001 6.222631e+001 1.252927e+001
      vertex   -5.600000e+001 6.189951e+001 1.266158e+001
      vertex   -5.600000e+001 6.600000e+001 5.000000e+001
    endloop
  endfacet
  facet normal -9.195228e-003 0.000000e+000 0.000000e+000
    outer loop
      vertex   -5.600000e+001 6.600000e+001 5.000000e+001
      vertex   -5.600000e+001 6.189951e+001 1.266158e+001
      vertex   -5.600000e+001 6.156490e+001 1.277267e+001
    endloop
  endfacet
  facet normal -9.326581e-003 0.000000e+000 0.000000e+000
    outer loop
      vertex   -5.600000e+001 6.600000e+001 5.000000e+001
      vertex   -5.600000e+001 6.156490e+001 1.277267e+001
      vertex   -5.600000e+001 6.122387e+001 1.286210e+001
    endloop
  endfacet
  facet normal -9.979246e-001 0.000000e+000 0.000000e+000
    outer loop
      vertex   -5.600000e+001 6.122387e+001 1.286210e+001
      vertex   -5.600000e+001 6.087780e+001 1.292950e+001
      vertex   -5.600000e+001 6.600000e+001 5.000000e+001
    endloop
  endfacet
  facet normal -9.419644e-003 0.000000e+000 0.000000e+000
    outer loop
      vertex   -5.600000e+001 6.600000e+001 5.000000e+001
      vertex   -5.600000e+001 6.087780e+001 1.292950e+001
      vertex   -5.600000e+001 6.052813e+001 1.297459e+001
    endloop
  endfacet
  facet normal -9.380100e-003 0.000000e+000 0.000000e+000
    outer loop
      vertex   -5.600000e+001 6.600000e+001 5.000000e+001
      vertex   -5.600000e+001 6.052813e+001 1.297459e+001
      vertex   -5.600000e+001 6.017628e+001 1.299717e+001
    endloop
  endfacet
  facet normal -9.878403e-001 0.000000e+000 0.000000e+000
    outer loop
      vertex   -5.600000e+001 6.017628e+001 1.299717e+001
      vertex   -5.600000e+001 5.982372e+001 1.299717e+001
      vertex   -5.600000e+001 6.600000e+001 5.000000e+001
    endloop
  endfacet
  facet normal -9.863544e-001 -0.000000e+000 0.000000e+000
    outer loop
      vertex   -5.600000e+001 6.600000e+001 5.000000e+001
      vertex   -5.600000e+001 5.982372e+001 1.299717e+001
      vertex   -5.600000e+001 5.400000e+001 5.000000e+001
    endloop
  endfacet
  facet normal -1.000000e+000 0.000000e+000 0.000000e+000
    outer loop
      vertex   -5.600000e+001 6.600000e+001 5.000000e+001
      vertex   -5.600000e+001 5.400000e+001 5.000000e+001
      vertex   -5.600000e+001 6.600000e+001 1.000000e+002
    endloop
  endfacet
  facet normal -9.723873e-001 -0.000000e+000 0.000000e+000
    outer loop
      vertex   -5.600000e+001 6.600000e+001 1.000000e+002
      vertex   -5.600000e+001 5.400000e+001 5.000000e+001
      vertex   -5.600000e+001 5.400000e+001 1.000000e+002
    endloop
  endfacet
  facet normal -1.000000e+000 0.000000e+000 0.000000e+000
    outer loop
      vertex   -5.600000e+001 6.600000e+001 1.000000e+002
      vertex   -5.600000e+001 5.400000e+001 1.000000e+002
      vertex   -5.600000e+001 6.600000e+001 1.500000e+002
    endloop
  endfacet
  facet normal -9.723873e-001 -0.000000e+000 0.000000e+000
    outer loop
      vertex   -5.600000e+001 6.600000e+001 1.500000e+002
      vertex   -5.600000e+001 5.400000e+001 1.000000e+002
      vertex   -5.600000e+001 5.400000e+001 1.500000e+002
    endloop
  endfacet
  facet normal -9.878403e-001 0.000000e+000 0.000000e+000
    outer loop
      vertex   -5.600000e+001 6.600000e+001 1.500000e+002
      vertex   -5.600000e+001 5.400000e+001 1.500000e+002
      vertex   -5.600000e+001 6.017628e+001 1.870028e+002
    endloop
  endfacet
  facet normal -9.863544e-001 -0.000000e+000 0.000000e+000
    outer loop
      vertex   -5.600000e+001 6.017628e+001 1.870028e+002
      vertex   -5.600000e+001 5.400000e+001 1.500000e+002
      vertex   -5.600000e+001 5.982372e+001 1.870028e+002
    endloop
  endfacet
  facet normal -9.957742e-001 -0.000000e+000 0.000000e+000
    outer loop
      vertex   -5.600000e+001 5.982372e+001 1.870028e+002
      vertex   -5.600000e+001 5.400000e+001 1.500000e+002
      vertex   -5.600000e+001 5.947187e+001 1.870254e+002
    endloop
  endfacet
  facet normal -9.998283e-001 -0.000000e+000 0.000000e+000
    outer loop
      vertex   -5.600000e+001 5.947187e+001 1.870254e+002
      vertex   -5.600000e+001 5.400000e+001 1.500000e+002
      vertex   -5.600000e+001 5.912220e+001 1.870705e+002
    endloop
  endfacet
  facet normal -9.984856e-001 -0.000000e+000 0.000000e+000
    outer loop
      vertex   -5.600000e+001 5.912220e+001 1.870705e+002
      vertex   -5.600000e+001 5.400000e+001 1.500000e+002
      vertex   -5.600000e+001 5.877613e+001 1.871379e+002
    endloop
  endfacet
  facet normal -9.917480e-001 -0.000000e+000 0.000000e+000
    outer loop
      vertex   -5.600000e+001 5.877613e+001 1.871379e+002
      vertex   -5.600000e+001 5.400000e+001 1.500000e+002
      vertex   -5.600000e+001 5.843510e+001 1.872273e+002
    endloop
  endfacet
  facet normal -9.796672e-001 -0.000000e+000 0.000000e+000
    outer loop
      vertex   -5.600000e+001 5.843510e+001 1.872273e+002
      vertex   -5.600000e+001 5.400000e+001 1.500000e+002
      vertex   -5.600000e+001 5.810049e+001 1.873384e+002
    endloop
  endfacet
  facet normal -9.623404e-001 -0.000000e+000 0.000000e+000
    outer loop
      vertex   -5.600000e+001 5.810049e+001 1.873384e+002
      vertex   -5.600000e+001 5.400000e+001 1.500000e+002
      vertex   -5.600000e+001 5.777369e+001 1.874707e+002
    endloop
  endfacet
  facet normal -9.399149e-001 -0.000000e+000 0.000000e+000
    outer loop
      vertex   -5.600000e+001 5.777369e+001 1.874707e+002
      vertex   -5.600000e+001 5.400000e+001 1.500000e+002
      vertex   -5.600000e+001 5.745604e+001 1.876237e+002
    endloop
  endfacet
  facet normal -9.125441e-001 -0.000000e+000 0.000000e+000
    outer loop
      vertex   -5.600000e+001 5.745604e+001 1.876237e+002
      vertex   -5.600000e+001 5.400000e+001 1.500000e+002
      vertex   -5.600000e+001 5.714884e+001 1.877967e+002
    endloop
  endfacet
  facet normal -8.804873e-001 -0.000000e+000 0.000000e+000
    outer loop
      vertex   -5.600000e+001 5.714884e+001 1.877967e+002
      vertex   -5.600000e+001 5.400000e+001 1.500000e+002
      vertex   -5.600000e+001 5.685336e+001 1.879891e+002
    endloop
  endfacet
  facet normal -8.439785e-001 -0.000000e+000 0.000000e+000
    outer loop
      vertex   -5.600000e+001 5.685336e+001 1.879891e+002
      vertex   -5.600000e+001 5.400000e+001 1.500000e+002
      vertex   -5.600000e+001 5.657080e+001 1.881999e+002
    endloop
  endfacet
  facet normal -8.032495e-001 -0.000000e+000 0.000000e+000
    outer loop
      vertex   -5.600000e+001 5.657080e+001 1.881999e+002
      vertex   -5.600000e+001 5.400000e+001 1.500000e+002
      vertex   -5.600000e+001 5.630235e+001 1.884285e+002
    endloop
  endfacet
  facet normal -7.586542e-001 -0.000000e+000 0.000000e+000
    outer loop
      vertex   -5.600000e+001 5.630235e+001 1.884285e+002
      vertex   -5.600000e+001 5.400000e+001 1.500000e+002
      vertex   -5.600000e+001 5.604908e+001 1.886738e+002
    endloop
  endfacet
  facet normal -7.105461e-001 -0.000000e+000 0.000000e+000
    outer loop
      vertex   -5.600000e+001 5.604908e+001 1.886738e+002
      vertex   -5.600000e+001 5.400000e+001 1.500000e+002
      vertex   -5.600000e+001 5.581205e+001 1.889347e+002
    endloop
  endfacet
  facet normal -6.591605e-001 -0.000000e+000 0.000000e+000
    outer loop
      vertex   -5.600000e+001 5.581205e+001 1.889347e+002
      vertex   -5.600000e+001 5.400000e+001 1.500000e+002
      vertex   -5.600000e+001 5.559222e+001 1.892104e+002
    endloop
  endfacet
  facet normal -6.049188e-001 -0.000000e+000 0.000000e+000
    outer loop
      vertex   -5.600000e+001 5.559222e+001 1.892104e+002
      vertex   -5.600000e+001 5.400000e+001 1.500000e+002
      vertex   -5.600000e+001 5.539051e+001 1.894996e+002
    endloop
  endfacet
  facet normal -5.481485e-001 -0.000000e+000 0.000000e+000
    outer loop
      vertex   -5.600000e+001 5.539051e+001 1.894996e+002
      vertex   -5.600000e+001 5.400000e+001 1.500000e+002
      vertex   -5.600000e+001 5.520775e+001 1.898011e+002
    endloop
  endfacet
  facet normal -4.892330e-001 -0.000000e+000 0.000000e+000
    outer loop
      vertex   -5.600000e+001 5.520775e+001 1.898011e+002
      vertex   -5.600000e+001 5.400000e+001 1.500000e+002
      vertex   -5.600000e+001 5.504467e+001 1.901136e+002
    endloop
  endfacet
  facet normal -4.284365e-001 -0.000000e+000 0.000000e+000
    outer loop
      vertex   -5.600000e+001 5.504467e+001 1.901136e+002
      vertex   -5.600000e+001 5.400000e+001 1.500000e+002
      vertex   -5.600000e+001 5.490196e+001 1.904360e+002
    endloop
  endfacet
  facet normal -3.662106e-001 -0.000000e+000 0.000000e+000
    outer loop
      vertex   -5.600000e+001 5.490196e+001 1.904360e+002
      vertex   -5.600000e+001 5.400000e+001 1.500000e+002
      vertex   -5.600000e+001 5.478019e+001 1.907669e+002
    endloop
  endfacet
  facet normal -3.028170e-001 -0.000000e+000 0.000000e+000
    outer loop
      vertex   -5.600000e+001 5.478019e+001 1.907669e+002
      vertex   -5.600000e+001 5.400000e+001 1.500000e+002
      vertex   -5.600000e+001 5.467988e+001 1.911049e+002
    endloop
  endfacet
  facet normal -2.386173e-001 -0.000000e+000 0.000000e+000
    outer loop
      vertex   -5.600000e+001 5.467988e+001 1.911049e+002
      vertex   -5.600000e+001 5.400000e+001 1.500000e+002
      vertex   -5.600000e+001 5.460143e+001 1.914486e+002
    endloop
  endfacet
  facet normal -1.739060e-001 -0.000000e+000 0.000000e+000
    outer loop
      vertex   -5.600000e+001 5.460143e+001 1.914486e+002
      vertex   -5.600000e+001 5.400000e+001 1.500000e+002
      vertex   -5.600000e+001 5.454515e+001 1.917967e+002
    endloop
  endfacet
  facet normal -1.089992e-001 -0.000000e+000 0.000000e+000
    outer loop
      vertex   -5.600000e+001 5.454515e+001 1.917967e+002
      vertex   -5.600000e+001 5.400000e+001 1.500000e+002
      vertex   -5.600000e+001 5.451130e+001 1.921476e+002
    endloop
  endfacet
  facet normal -7.707610e-002 -0.000000e+000 0.000000e+000
    outer loop
      vertex   -5.600000e+001 5.451130e+001 1.921476e+002
      vertex   -5.600000e+001 5.400000e+001 1.500000e+002
      vertex   -5.600000e+001 5.400000e+001 2.000000e+002
    endloop
  endfacet
  facet normal -3.296247e-002 0.000000e+000 0.000000e+000
    outer loop
      vertex   -5.600000e+001 5.451130e+001 1.921476e+002
      vertex   -5.600000e+001 5.400000e+001 2.000000e+002
      vertex   -5.600000e+001 5.450000e+001 1.925000e+002
    endloop
  endfacet
  facet normal -9.846199e-002 0.000000e+000 0.000000e+000
    outer loop
      vertex   -5.600000e+001 5.450000e+001 1.925000e+002
      vertex   -5.600000e+001 5.400000e+001 2.000000e+002
      vertex   -5.600000e+001 5.451130e+001 1.928524e+002
    endloop
  endfacet
  facet normal -1.668032e-001 0.000000e+000 0.000000e+000
    outer loop
      vertex   -5.600000e+001 5.451130e+001 1.928524e+002
      vertex   -5.600000e+001 5.400000e+001 2.000000e+002
      vertex   -5.600000e+001 5.454515e+001 1.932033e+002
    endloop
  endfacet
  facet normal -2.380166e-001 0.000000e+000 0.000000e+000
    outer loop
      vertex   -5.600000e+001 5.454515e+001 1.932033e+002
      vertex   -5.600000e+001 5.400000e+001 2.000000e+002
      vertex   -5.600000e+001 5.460143e+001 1.935514e+002
    endloop
  endfacet
  facet normal -3.120959e-001 0.000000e+000 0.000000e+000
    outer loop
      vertex   -5.600000e+001 5.460143e+001 1.935514e+002
      vertex   -5.600000e+001 5.400000e+001 2.000000e+002
      vertex   -5.600000e+001 5.467988e+001 1.938951e+002
    endloop
  endfacet
  facet normal -3.888845e-001 0.000000e+000 0.000000e+000
    outer loop
      vertex   -5.600000e+001 5.467988e+001 1.938951e+002
      vertex   -5.600000e+001 5.400000e+001 2.000000e+002
      vertex   -5.600000e+001 5.478019e+001 1.942331e+002
    endloop
  endfacet
  facet normal -4.680677e-001 0.000000e+000 0.000000e+000
    outer loop
      vertex   -5.600000e+001 5.478019e+001 1.942331e+002
      vertex   -5.600000e+001 5.400000e+001 2.000000e+002
      vertex   -5.600000e+001 5.490196e+001 1.945640e+002
    endloop
  endfacet
  facet normal -5.489846e-001 0.000000e+000 0.000000e+000
    outer loop
      vertex   -5.600000e+001 5.490196e+001 1.945640e+002
      vertex   -5.600000e+001 5.400000e+001 2.000000e+002
      vertex   -5.600000e+001 5.504467e+001 1.948864e+002
    endloop
  endfacet
  facet normal -6.306520e-001 0.000000e+000 0.000000e+000
    outer loop
      vertex   -5.600000e+001 5.504467e+001 1.948864e+002
      vertex   -5.600000e+001 5.400000e+001 2.000000e+002
      vertex   -5.600000e+001 5.520775e+001 1.951989e+002
    endloop
  endfacet
  facet normal -7.113418e-001 0.000000e+000 0.000000e+000
    outer loop
      vertex   -5.600000e+001 5.520775e+001 1.951989e+002
      vertex   -5.600000e+001 5.400000e+001 2.000000e+002
      vertex   -5.600000e+001 5.539051e+001 1.955004e+002
    endloop
  endfacet
  facet normal -7.887684e-001 0.000000e+000 0.000000e+000
    outer loop
      vertex   -5.600000e+001 5.539051e+001 1.955004e+002
      vertex   -5.600000e+001 5.400000e+001 2.000000e+002
      vertex   -5.600000e+001 5.559222e+001 1.957896e+002
    endloop
  endfacet
  facet normal -8.597285e-001 0.000000e+000 0.000000e+000
    outer loop
      vertex   -5.600000e+001 5.559222e+001 1.957896e+002
      vertex   -5.600000e+001 5.400000e+001 2.000000e+002
      vertex   -5.600000e+001 5.581205e+001 1.960653e+002
    endloop
  endfacet
  facet normal -9.203255e-001 0.000000e+000 0.000000e+000
    outer loop
      vertex   -5.600000e+001 5.581205e+001 1.960653e+002
      vertex   -5.600000e+001 5.400000e+001 2.000000e+002
      vertex   -5.600000e+001 5.604908e+001 1.963262e+002
    endloop
  endfacet
  facet normal -9.662331e-001 0.000000e+000 0.000000e+000
    outer loop
      vertex   -5.600000e+001 5.604908e+001 1.963262e+002
      vertex   -5.600000e+001 5.400000e+001 2.000000e+002
      vertex   -5.600000e+001 5.630235e+001 1.965715e+002
    endloop
  endfacet
  facet normal -9.935209e-001 0.000000e+000 0.000000e+000
    outer loop
      vertex   -5.600000e+001 5.630235e+001 1.965715e+002
      vertex   -5.600000e+001 5.400000e+001 2.000000e+002
      vertex   -5.600000e+001 5.657080e+001 1.968001e+002
    endloop
  endfacet
  facet normal -9.993628e-001 0.000000e+000 0.000000e+000
    outer loop
      vertex   -5.600000e+001 5.657080e+001 1.968001e+002
      vertex   -5.600000e+001 5.400000e+001 2.000000e+002
      vertex   -5.600000e+001 5.685336e+001 1.970109e+002
    endloop
  endfacet
  facet normal -9.829085e-001 0.000000e+000 0.000000e+000
    outer loop
      vertex   -5.600000e+001 5.685336e+001 1.970109e+002
      vertex   -5.600000e+001 5.400000e+001 2.000000e+002
      vertex   -5.600000e+001 5.714884e+001 1.972033e+002
    endloop
  endfacet
  facet normal -9.455169e-001 0.000000e+000 0.000000e+000
    outer loop
      vertex   -5.600000e+001 5.714884e+001 1.972033e+002
      vertex   -5.600000e+001 5.400000e+001 2.000000e+002
      vertex   -5.600000e+001 5.745604e+001 1.973763e+002
    endloop
  endfacet
  facet normal -8.903567e-001 0.000000e+000 0.000000e+000
    outer loop
      vertex   -5.600000e+001 5.745604e+001 1.973763e+002
      vertex   -5.600000e+001 5.400000e+001 2.000000e+002
      vertex   -5.600000e+001 5.777369e+001 1.975293e+002
    endloop
  endfacet
  facet normal -8.216978e-001 0.000000e+000 0.000000e+000
    outer loop
      vertex   -5.600000e+001 5.777369e+001 1.975293e+002
      vertex   -5.600000e+001 5.400000e+001 2.000000e+002
      vertex   -5.600000e+001 5.810049e+001 1.976616e+002
    endloop
  endfacet
  facet normal -7.438792e-001 0.000000e+000 0.000000e+000
    outer loop
      vertex   -5.600000e+001 5.810049e+001 1.976616e+002
      vertex   -5.600000e+001 5.400000e+001 2.000000e+002
      vertex   -5.600000e+001 5.843510e+001 1.977727e+002
    endloop
  endfacet
  facet normal -6.607888e-001 0.000000e+000 0.000000e+000
    outer loop
      vertex   -5.600000e+001 5.843510e+001 1.977727e+002
      vertex   -5.600000e+001 5.400000e+001 2.000000e+002
      vertex   -5.600000e+001 5.877613e+001 1.978621e+002
    endloop
  endfacet
  facet normal -5.755041e-001 0.000000e+000 0.000000e+000
    outer loop
      vertex   -5.600000e+001 5.877613e+001 1.978621e+002
      vertex   -5.600000e+001 5.400000e+001 2.000000e+002
      vertex   -5.600000e+001 5.912220e+001 1.979295e+002
    endloop
  endfacet
  facet normal -4.902148e-001 0.000000e+000 0.000000e+000
    outer loop
      vertex   -5.600000e+001 5.912220e+001 1.979295e+002
      vertex   -5.600000e+001 5.400000e+001 2.000000e+002
      vertex   -5.600000e+001 5.947187e+001 1.979746e+002
    endloop
  endfacet
  facet normal -4.065306e-001 0.000000e+000 0.000000e+000
    outer loop
      vertex   -5.600000e+001 5.947187e+001 1.979746e+002
      vertex   -5.600000e+001 5.400000e+001 2.000000e+002
      vertex   -5.600000e+001 5.982372e+001 1.979972e+002
    endloop
  endfacet
  facet normal -6.010503e-001 0.000000e+000 0.000000e+000
    outer loop
      vertex   -5.600000e+001 5.982372e+001 1.979972e+002
      vertex   -5.600000e+001 5.400000e+001 2.000000e+002
      vertex   -5.600000e+001 6.600000e+001 2.000000e+002
    endloop
  endfacet
  facet normal -3.084634e-001 0.000000e+000 0.000000e+000
    outer loop
      vertex   -5.600000e+001 5.982372e+001 1.979972e+002
      vertex   -5.600000e+001 6.600000e+001 2.000000e+002
      vertex   -5.600000e+001 6.017628e+001 1.979972e+002
    endloop
  endfacet
  facet normal -3.851570e-001 0.000000e+000 0.000000e+000
    outer loop
      vertex   -5.600000e+001 6.017628e+001 1.979972e+002
      vertex   -5.600000e+001 6.600000e+001 2.000000e+002
      vertex   -5.600000e+001 6.052813e+001 1.979746e+002
    endloop
  endfacet
  facet normal -4.641814e-001 0.000000e+000 0.000000e+000
    outer loop
      vertex   -5.600000e+001 6.052813e+001 1.979746e+002
      vertex   -5.600000e+001 6.600000e+001 2.000000e+002
      vertex   -5.600000e+001 6.087780e+001 1.979295e+002
    endloop
  endfacet
  facet normal -5.450816e-001 0.000000e+000 0.000000e+000
    outer loop
      vertex   -5.600000e+001 6.087780e+001 1.979295e+002
      vertex   -5.600000e+001 6.600000e+001 2.000000e+002
      vertex   -5.600000e+001 6.122387e+001 1.978621e+002
    endloop
  endfacet
  facet normal -6.267167e-001 0.000000e+000 0.000000e+000
    outer loop
      vertex   -5.600000e+001 6.122387e+001 1.978621e+002
      vertex   -5.600000e+001 6.600000e+001 2.000000e+002
      vertex   -5.600000e+001 6.156490e+001 1.977727e+002
    endloop
  endfacet
  facet normal -7.075227e-001 0.000000e+000 0.000000e+000
    outer loop
      vertex   -5.600000e+001 6.156490e+001 1.977727e+002
      vertex   -5.600000e+001 6.600000e+001 2.000000e+002
      vertex   -5.600000e+001 6.189951e+001 1.976616e+002
    endloop
  endfacet
  facet normal -7.851714e-001 0.000000e+000 0.000000e+000
    outer loop
      vertex   -5.600000e+001 6.189951e+001 1.976616e+002
      vertex   -5.600000e+001 6.600000e+001 2.000000e+002
      vertex   -5.600000e+001 6.222631e+001 1.975293e+002
    endloop
  endfacet
  facet normal -8.565141e-001 0.000000e+000 0.000000e+000
    outer loop
      vertex   -5.600000e+001 6.222631e+001 1.975293e+002
      vertex   -5.600000e+001 6.600000e+001 2.000000e+002
      vertex   -5.600000e+001 6.254396e+001 1.973763e+002
    endloop
  endfacet
  facet normal -9.177096e-001 0.000000e+000 0.000000e+000
    outer loop
      vertex   -5.600000e+001 6.254396e+001 1.973763e+002
      vertex   -5.600000e+001 6.600000e+001 2.000000e+002
      vertex   -5.600000e+001 6.285116e+001 1.972033e+002
    endloop
  endfacet
  facet normal -9.644274e-001 0.000000e+000 0.000000e+000
    outer loop
      vertex   -5.600000e+001 6.285116e+001 1.972033e+002
      vertex   -5.600000e+001 6.600000e+001 2.000000e+002
      vertex   -5.600000e+001 6.314664e+001 1.970109e+002
    endloop
  endfacet
  facet normal -9.926803e-001 0.000000e+000 0.000000e+000
    outer loop
      vertex   -5.600000e+001 6.314664e+001 1.970109e+002
      vertex   -5.600000e+001 6.600000e+001 2.000000e+002
      vertex   -5.600000e+001 6.342920e+001 1.968001e+002
    endloop
  endfacet
  facet normal -9.995952e-001 0.000000e+000 0.000000e+000
    outer loop
      vertex   -5.600000e+001 6.342920e+001 1.968001e+002
      vertex   -5.600000e+001 6.600000e+001 2.000000e+002
      vertex   -5.600000e+001 6.369765e+001 1.965715e+002
    endloop
  endfacet
  facet normal -9.841954e-001 0.000000e+000 0.000000e+000
    outer loop
      vertex   -5.600000e+001 6.369765e+001 1.965715e+002
      vertex   -5.600000e+001 6.600000e+001 2.000000e+002
      vertex   -5.600000e+001 6.395092e+001 1.963262e+002
    endloop
  endfacet
  facet normal -9.477524e-001 0.000000e+000 0.000000e+000
    outer loop
      vertex   -5.600000e+001 6.395092e+001 1.963262e+002
      vertex   -5.600000e+001 6.600000e+001 2.000000e+002
      vertex   -5.600000e+001 6.418795e+001 1.960653e+002
    endloop
  endfacet
  facet normal -8.933637e-001 0.000000e+000 0.000000e+000
    outer loop
      vertex   -5.600000e+001 6.418795e+001 1.960653e+002
      vertex   -5.600000e+001 6.600000e+001 2.000000e+002
      vertex   -5.600000e+001 6.440778e+001 1.957896e+002
    endloop
  endfacet
  facet normal -8.252323e-001 0.000000e+000 0.000000e+000
    outer loop
      vertex   -5.600000e+001 6.440778e+001 1.957896e+002
      vertex   -5.600000e+001 6.600000e+001 2.000000e+002
      vertex   -5.600000e+001 6.460948e+001 1.955004e+002
    endloop
  endfacet
  facet normal -7.477679e-001 0.000000e+000 0.000000e+000
    outer loop
      vertex   -5.600000e+001 6.460948e+001 1.955004e+002
      vertex   -5.600000e+001 6.600000e+001 2.000000e+002
      vertex   -5.600000e+001 6.479225e+001 1.951989e+002
    endloop
  endfacet
  facet normal -6.648703e-001 0.000000e+000 0.000000e+000
    outer loop
      vertex   -5.600000e+001 6.479225e+001 1.951989e+002
      vertex   -5.600000e+001 6.600000e+001 2.000000e+002
      vertex   -5.600000e+001 6.495533e+001 1.948864e+002
    endloop
  endfacet
  facet normal -5.796124e-001 0.000000e+000 0.000000e+000
    outer loop
      vertex   -5.600000e+001 6.495533e+001 1.948864e+002
      vertex   -5.600000e+001 6.600000e+001 2.000000e+002
      vertex   -5.600000e+001 6.509805e+001 1.945640e+002
    endloop
  endfacet
  facet normal -4.943044e-001 0.000000e+000 0.000000e+000
    outer loop
      vertex   -5.600000e+001 6.509805e+001 1.945640e+002
      vertex   -5.600000e+001 6.600000e+001 2.000000e+002
      vertex   -5.600000e+001 6.521980e+001 1.942331e+002
    endloop
  endfacet
  facet normal -4.104925e-001 0.000000e+000 0.000000e+000
    outer loop
      vertex   -5.600000e+001 6.521980e+001 1.942331e+002
      vertex   -5.600000e+001 6.600000e+001 2.000000e+002
      vertex   -5.600000e+001 6.532012e+001 1.938951e+002
    endloop
  endfacet
  facet normal -3.290639e-001 0.000000e+000 0.000000e+000
    outer loop
      vertex   -5.600000e+001 6.532012e+001 1.938951e+002
      vertex   -5.600000e+001 6.600000e+001 2.000000e+002
      vertex   -5.600000e+001 6.539857e+001 1.935514e+002
    endloop
  endfacet
  facet normal -2.505710e-001 0.000000e+000 0.000000e+000
    outer loop
      vertex   -5.600000e+001 6.539857e+001 1.935514e+002
      vertex   -5.600000e+001 6.600000e+001 2.000000e+002
      vertex   -5.600000e+001 6.545484e+001 1.932033e+002
    endloop
  endfacet
  facet normal -1.753123e-001 0.000000e+000 0.000000e+000
    outer loop
      vertex   -5.600000e+001 6.545484e+001 1.932033e+002
      vertex   -5.600000e+001 6.600000e+001 2.000000e+002
      vertex   -5.600000e+001 6.548870e+001 1.928524e+002
    endloop
  endfacet
  facet normal -1.032817e-001 0.000000e+000 0.000000e+000
    outer loop
      vertex   -5.600000e+001 6.548870e+001 1.928524e+002
      vertex   -5.600000e+001 6.600000e+001 2.000000e+002
      vertex   -5.600000e+001 6.550000e+001 1.925000e+002
    endloop
  endfacet
  facet normal -3.450769e-002 0.000000e+000 -0.000000e+000
    outer loop
      vertex   -5.600000e+001 6.550000e+001 1.925000e+002
      vertex   -5.600000e+001 6.600000e+001 2.000000e+002
      vertex   -5.600000e+001 6.548870e+001 1.921476e+002
    endloop
  endfacet
  facet normal -7.707610e-002 0.000000e+000 0.000000e+000
    outer loop
      vertex   -5.600000e+001 6.548870e+001 1.921476e+002
      vertex   -5.600000e+001 6.600000e+001 2.000000e+002
      vertex   -5.600000e+001 6.600000e+001 1.500000e+002
    endloop
  endfacet
  facet normal -1.081036e-001 0.000000e+000 -0.000000e+000
    outer loop
      vertex   -5.600000e+001 6.548870e+001 1.921476e+002
      vertex   -5.600000e+001 6.600000e+001 1.500000e+002
      vertex   -5.600000e+001 6.545484e+001 1.917967e+002
    endloop
  endfacet
  facet normal -1.724509e-001 0.000000e+000 -0.000000e+000
    outer loop
      vertex   -5.600000e+001 6.545484e+001 1.917967e+002
      vertex   -5.600000e+001 6.600000e+001 1.500000e+002
      vertex   -5.600000e+001 6.539857e+001 1.914486e+002
    endloop
  endfacet
  facet normal -2.366460e-001 0.000000e+000 -0.000000e+000
    outer loop
      vertex   -5.600000e+001 6.539857e+001 1.914486e+002
      vertex   -5.600000e+001 6.600000e+001 1.500000e+002
      vertex   -5.600000e+001 6.532012e+001 1.911049e+002
    endloop
  endfacet
  facet normal -3.003508e-001 0.000000e+000 -0.000000e+000
    outer loop
      vertex   -5.600000e+001 6.532012e+001 1.911049e+002
      vertex   -5.600000e+001 6.600000e+001 1.500000e+002
      vertex   -5.600000e+001 6.521980e+001 1.907669e+002
    endloop
  endfacet
  facet normal -3.632433e-001 0.000000e+000 -0.000000e+000
    outer loop
      vertex   -5.600000e+001 6.521980e+001 1.907669e+002
      vertex   -5.600000e+001 6.600000e+001 1.500000e+002
      vertex   -5.600000e+001 6.509805e+001 1.904360e+002
    endloop
  endfacet
  facet normal -4.250677e-001 0.000000e+000 -0.000000e+000
    outer loop
      vertex   -5.600000e+001 6.509805e+001 1.904360e+002
      vertex   -5.600000e+001 6.600000e+001 1.500000e+002
      vertex   -5.600000e+001 6.495533e+001 1.901136e+002
    endloop
  endfacet
  facet normal -4.854796e-001 0.000000e+000 -0.000000e+000
    outer loop
      vertex   -5.600000e+001 6.495533e+001 1.901136e+002
      vertex   -5.600000e+001 6.600000e+001 1.500000e+002
      vertex   -5.600000e+001 6.479225e+001 1.898011e+002
    endloop
  endfacet
  facet normal -5.440904e-001 0.000000e+000 -0.000000e+000
    outer loop
      vertex   -5.600000e+001 6.479225e+001 1.898011e+002
      vertex   -5.600000e+001 6.600000e+001 1.500000e+002
      vertex   -5.600000e+001 6.460948e+001 1.894996e+002
    endloop
  endfacet
  facet normal -6.006062e-001 0.000000e+000 -0.000000e+000
    outer loop
      vertex   -5.600000e+001 6.460948e+001 1.894996e+002
      vertex   -5.600000e+001 6.600000e+001 1.500000e+002
      vertex   -5.600000e+001 6.440778e+001 1.892104e+002
    endloop
  endfacet
  facet normal -6.547019e-001 0.000000e+000 -0.000000e+000
    outer loop
      vertex   -5.600000e+001 6.440778e+001 1.892104e+002
      vertex   -5.600000e+001 6.600000e+001 1.500000e+002
      vertex   -5.600000e+001 6.418795e+001 1.889347e+002
    endloop
  endfacet
  facet normal -7.060034e-001 0.000000e+000 -0.000000e+000
    outer loop
      vertex   -5.600000e+001 6.418795e+001 1.889347e+002
      vertex   -5.600000e+001 6.600000e+001 1.500000e+002
      vertex   -5.600000e+001 6.395092e+001 1.886738e+002
    endloop
  endfacet
  facet normal -7.541364e-001 0.000000e+000 -0.000000e+000
    outer loop
      vertex   -5.600000e+001 6.395092e+001 1.886738e+002
      vertex   -5.600000e+001 6.600000e+001 1.500000e+002
      vertex   -5.600000e+001 6.369765e+001 1.884285e+002
    endloop
  endfacet
  facet normal -7.988461e-001 0.000000e+000 -0.000000e+000
    outer loop
      vertex   -5.600000e+001 6.369765e+001 1.884285e+002
      vertex   -5.600000e+001 6.600000e+001 1.500000e+002
      vertex   -5.600000e+001 6.342920e+001 1.881999e+002
    endloop
  endfacet
  facet normal -8.397844e-001 0.000000e+000 -0.000000e+000
    outer loop
      vertex   -5.600000e+001 6.342920e+001 1.881999e+002
      vertex   -5.600000e+001 6.600000e+001 1.500000e+002
      vertex   -5.600000e+001 6.314664e+001 1.879891e+002
    endloop
  endfacet
  facet normal -8.765950e-001 0.000000e+000 -0.000000e+000
    outer loop
      vertex   -5.600000e+001 6.314664e+001 1.879891e+002
      vertex   -5.600000e+001 6.600000e+001 1.500000e+002
      vertex   -5.600000e+001 6.285116e+001 1.877967e+002
    endloop
  endfacet
  facet normal -9.090419e-001 0.000000e+000 -0.000000e+000
    outer loop
      vertex   -5.600000e+001 6.285116e+001 1.877967e+002
      vertex   -5.600000e+001 6.600000e+001 1.500000e+002
      vertex   -5.600000e+001 6.254396e+001 1.876237e+002
    endloop
  endfacet
  facet normal -9.368843e-001 0.000000e+000 -0.000000e+000
    outer loop
      vertex   -5.600000e+001 6.254396e+001 1.876237e+002
      vertex   -5.600000e+001 6.600000e+001 1.500000e+002
      vertex   -5.600000e+001 6.222631e+001 1.874707e+002
    endloop
  endfacet
  facet normal -9.598522e-001 0.000000e+000 -0.000000e+000
    outer loop
      vertex   -5.600000e+001 6.222631e+001 1.874707e+002
      vertex   -5.600000e+001 6.600000e+001 1.500000e+002
      vertex   -5.600000e+001 6.189951e+001 1.873384e+002
    endloop
  endfacet
  facet normal -9.777809e-001 0.000000e+000 -0.000000e+000
    outer loop
      vertex   -5.600000e+001 6.189951e+001 1.873384e+002
      vertex   -5.600000e+001 6.600000e+001 1.500000e+002
      vertex   -5.600000e+001 6.156490e+001 1.872273e+002
    endloop
  endfacet
  facet normal -9.905092e-001 0.000000e+000 -0.000000e+000
    outer loop
      vertex   -5.600000e+001 6.156490e+001 1.872273e+002
      vertex   -5.600000e+001 6.600000e+001 1.500000e+002
      vertex   -5.600000e+001 6.122387e+001 1.871379e+002
    endloop
  endfacet
  facet normal -9.979242e-001 0.000000e+000 -0.000000e+000
    outer loop
      vertex   -5.600000e+001 6.122387e+001 1.871379e+002
      vertex   -5.600000e+001 6.600000e+001 1.500000e+002
      vertex   -5.600000e+001 6.087780e+001 1.870705e+002
    endloop
  endfacet
  facet normal -9.999585e-001 0.000000e+000 -0.000000e+000
    outer loop
      vertex   -5.600000e+001 6.087780e+001 1.870705e+002
      vertex   -5.600000e+001 6.600000e+001 1.500000e+002
      vertex   -5.600000e+001 6.052813e+001 1.870254e+002
    endloop
  endfacet
  facet normal -9.965919e-001 0.000000e+000 -0.000000e+000
    outer loop
      vertex   -5.600000e+001 6.052813e+001 1.870254e+002
      vertex   -5.600000e+001 6.600000e+001 1.500000e+002
      vertex   -5.600000e+001 6.017628e+001 1.870028e+002
    endloop
  endfacet
  facet normal -9.957718e-001 -0.000000e+000 0.000000e+000
    outer loop
      vertex   -5.600000e+001 5.982372e+001 1.299717e+001
      vertex   -5.600000e+001 5.947187e+001 1.297459e+001
      vertex   -5.600000e+001 5.400000e+001 5.000000e+001
    endloop
  endfacet
  facet normal -9.419644e-003 0.000000e+000 0.000000e+000
    outer loop
      vertex   -5.600000e+001 5.400000e+001 5.000000e+001
      vertex   -5.600000e+001 5.947187e+001 1.297459e+001
      vertex   -5.600000e+001 5.912220e+001 1.292950e+001
    endloop
  endfacet
  facet normal -9.401662e-003 0.000000e+000 0.000000e+000
    outer loop
      vertex   -5.600000e+001 5.400000e+001 5.000000e+001
      vertex   -5.600000e+001 5.912220e+001 1.292950e+001
      vertex   -5.600000e+001 5.877613e+001 1.286210e+001
    endloop
  endfacet
  facet normal -9.917487e-001 -0.000000e+000 0.000000e+000
    outer loop
      vertex   -5.600000e+001 5.877613e+001 1.286210e+001
      vertex   -5.600000e+001 5.843510e+001 1.277267e+001
      vertex   -5.600000e+001 5.400000e+001 5.000000e+001
    endloop
  endfacet
  facet normal -9.195228e-003 0.000000e+000 0.000000e+000
    outer loop
      vertex   -5.600000e+001 5.400000e+001 5.000000e+001
      vertex   -5.600000e+001 5.843510e+001 1.277267e+001
      vertex   -5.600000e+001 5.810049e+001 1.266158e+001
    endloop
  endfacet
  facet normal -9.009157e-003 0.000000e+000 0.000000e+000
    outer loop
      vertex   -5.600000e+001 5.400000e+001 5.000000e+001
      vertex   -5.600000e+001 5.810049e+001 1.266158e+001
      vertex   -5.600000e+001 5.777369e+001 1.252927e+001
    endloop
  endfacet
  facet normal -9.399116e-001 -0.000000e+000 0.000000e+000
    outer loop
      vertex   -5.600000e+001 5.777369e+001 1.252927e+001
      vertex   -5.600000e+001 5.745604e+001 1.237630e+001
      vertex   -5.600000e+001 5.400000e+001 5.000000e+001
    endloop
  endfacet
  facet normal -8.482875e-003 0.000000e+000 0.000000e+000
    outer loop
      vertex   -5.600000e+001 5.400000e+001 5.000000e+001
      vertex   -5.600000e+001 5.745604e+001 1.237630e+001
      vertex   -5.600000e+001 5.714884e+001 1.220329e+001
    endloop
  endfacet
  facet normal -8.148633e-003 0.000000e+000 0.000000e+000
    outer loop
      vertex   -5.600000e+001 5.400000e+001 5.000000e+001
      vertex   -5.600000e+001 5.714884e+001 1.220329e+001
      vertex   -5.600000e+001 5.685336e+001 1.201095e+001
    endloop
  endfacet
  facet normal -8.439634e-001 -0.000000e+000 0.000000e+000
    outer loop
      vertex   -5.600000e+001 5.685336e+001 1.201095e+001
      vertex   -5.600000e+001 5.657080e+001 1.180007e+001
      vertex   -5.600000e+001 5.400000e+001 5.000000e+001
    endloop
  endfacet
  facet normal -7.356327e-003 0.000000e+000 0.000000e+000
    outer loop
      vertex   -5.600000e+001 5.400000e+001 5.000000e+001
      vertex   -5.600000e+001 5.657080e+001 1.180007e+001
      vertex   -5.600000e+001 5.630235e+001 1.157153e+001
    endloop
  endfacet
  facet normal -6.906650e-003 0.000000e+000 0.000000e+000
    outer loop
      vertex   -5.600000e+001 5.400000e+001 5.000000e+001
      vertex   -5.600000e+001 5.630235e+001 1.157153e+001
      vertex   -5.600000e+001 5.604908e+001 1.132625e+001
    endloop
  endfacet
  facet normal -7.105308e-001 -0.000000e+000 0.000000e+000
    outer loop
      vertex   -5.600000e+001 5.604908e+001 1.132625e+001
      vertex   -5.600000e+001 5.581205e+001 1.106526e+001
      vertex   -5.600000e+001 5.400000e+001 5.000000e+001
    endloop
  endfacet
  facet normal -5.922097e-003 0.000000e+000 0.000000e+000
    outer loop
      vertex   -5.600000e+001 5.400000e+001 5.000000e+001
      vertex   -5.600000e+001 5.581205e+001 1.106526e+001
      vertex   -5.600000e+001 5.559222e+001 1.078961e+001
    endloop
  endfacet
  facet normal -5.396115e-003 0.000000e+000 0.000000e+000
    outer loop
      vertex   -5.600000e+001 5.400000e+001 5.000000e+001
      vertex   -5.600000e+001 5.559222e+001 1.078961e+001
      vertex   -5.600000e+001 5.539051e+001 1.050044e+001
    endloop
  endfacet
  facet normal -5.481531e-001 -0.000000e+000 0.000000e+000
    outer loop
      vertex   -5.600000e+001 5.539051e+001 1.050044e+001
      vertex   -5.600000e+001 5.520775e+001 1.019895e+001
      vertex   -5.600000e+001 5.400000e+001 5.000000e+001
    endloop
  endfacet
  facet normal -4.298434e-003 0.000000e+000 0.000000e+000
    outer loop
      vertex   -5.600000e+001 5.400000e+001 5.000000e+001
      vertex   -5.600000e+001 5.520775e+001 1.019895e+001
      vertex   -5.600000e+001 5.504467e+001 9.886360e+000
    endloop
  endfacet
  facet normal -3.734759e-003 0.000000e+000 0.000000e+000
    outer loop
      vertex   -5.600000e+001 5.400000e+001 5.000000e+001
      vertex   -5.600000e+001 5.504467e+001 9.886360e+000
      vertex   -5.600000e+001 5.490196e+001 9.563969e+000
    endloop
  endfacet
  facet normal -3.662088e-001 -0.000000e+000 0.000000e+000
    outer loop
      vertex   -5.600000e+001 5.490196e+001 9.563969e+000
      vertex   -5.600000e+001 5.478019e+001 9.233095e+000
      vertex   -5.600000e+001 5.400000e+001 5.000000e+001
    endloop
  endfacet
  facet normal -2.597000e-003 0.000000e+000 0.000000e+000
    outer loop
      vertex   -5.600000e+001 5.400000e+001 5.000000e+001
      vertex   -5.600000e+001 5.478019e+001 9.233095e+000
      vertex   -5.600000e+001 5.467988e+001 8.895101e+000
    endloop
  endfacet
  facet normal -2.029451e-003 0.000000e+000 0.000000e+000
    outer loop
      vertex   -5.600000e+001 5.400000e+001 5.000000e+001
      vertex   -5.600000e+001 5.467988e+001 8.895101e+000
      vertex   -5.600000e+001 5.460143e+001 8.551373e+000
    endloop
  endfacet
  facet normal -1.739081e-001 -0.000000e+000 0.000000e+000
    outer loop
      vertex   -5.600000e+001 5.460143e+001 8.551373e+000
      vertex   -5.600000e+001 5.454515e+001 8.203324e+000
      vertex   -5.600000e+001 5.400000e+001 5.000000e+001
    endloop
  endfacet
  facet normal -9.117151e-004 0.000000e+000 0.000000e+000
    outer loop
      vertex   -5.600000e+001 5.400000e+001 5.000000e+001
      vertex   -5.600000e+001 5.454515e+001 8.203324e+000
      vertex   -5.600000e+001 5.451130e+001 7.852386e+000
    endloop
  endfacet
  facet normal -1.213026e-002 0.000000e+000 0.000000e+000
    outer loop
      vertex   -5.600000e+001 5.400000e+001 5.000000e+001
      vertex   -5.600000e+001 5.451130e+001 7.852386e+000
      vertex   -5.600000e+001 5.400000e+001 0.000000e+000
    endloop
  endfacet
  facet normal -1.546097e-003 0.000000e+000 0.000000e+000
    outer loop
      vertex   -5.600000e+001 5.400000e+001 0.000000e+000
      vertex   -5.600000e+001 5.451130e+001 7.852386e+000
      vertex   -5.600000e+001 5.450000e+001 7.500000e+000
    endloop
  endfacet
  facet normal -4.844413e-003 0.000000e+000 0.000000e+000
    outer loop
      vertex   -5.600000e+001 5.400000e+001 0.000000e+000
      vertex   -5.600000e+001 5.450000e+001 7.500000e+000
      vertex   -5.600000e+001 5.451130e+001 7.147614e+000
    endloop
  endfacet
  facet normal -1.668028e-001 0.000000e+000 -0.000000e+000
    outer loop
      vertex   -5.600000e+001 5.451130e+001 7.147614e+000
      vertex   -5.600000e+001 5.454515e+001 6.796676e+000
      vertex   -5.600000e+001 5.400000e+001 0.000000e+000
    endloop
  endfacet
  facet normal -1.295703e-002 0.000000e+000 0.000000e+000
    outer loop
      vertex   -5.600000e+001 5.400000e+001 0.000000e+000
      vertex   -5.600000e+001 5.454515e+001 6.796676e+000
      vertex   -5.600000e+001 5.460143e+001 6.448627e+000
    endloop
  endfacet
  facet normal -1.791298e-002 0.000000e+000 0.000000e+000
    outer loop
      vertex   -5.600000e+001 5.400000e+001 0.000000e+000
      vertex   -5.600000e+001 5.460143e+001 6.448627e+000
      vertex   -5.600000e+001 5.467988e+001 6.104900e+000
    endloop
  endfacet
  facet normal -3.888863e-001 0.000000e+000 -0.000000e+000
    outer loop
      vertex   -5.600000e+001 5.467988e+001 6.104900e+000
      vertex   -5.600000e+001 5.478019e+001 5.766905e+000
      vertex   -5.600000e+001 5.400000e+001 0.000000e+000
    endloop
  endfacet
  facet normal -2.994818e-002 0.000000e+000 0.000000e+000
    outer loop
      vertex   -5.600000e+001 5.400000e+001 0.000000e+000
      vertex   -5.600000e+001 5.478019e+001 5.766905e+000
      vertex   -5.600000e+001 5.490196e+001 5.436031e+000
    endloop
  endfacet
  facet normal -3.708524e-002 0.000000e+000 0.000000e+000
    outer loop
      vertex   -5.600000e+001 5.400000e+001 0.000000e+000
      vertex   -5.600000e+001 5.490196e+001 5.436031e+000
      vertex   -5.600000e+001 5.504467e+001 5.113639e+000
    endloop
  endfacet
  facet normal -6.306421e-001 0.000000e+000 -0.000000e+000
    outer loop
      vertex   -5.600000e+001 5.504467e+001 5.113639e+000
      vertex   -5.600000e+001 5.520775e+001 4.801054e+000
      vertex   -5.600000e+001 5.400000e+001 0.000000e+000
    endloop
  endfacet
  facet normal -5.325305e-002 0.000000e+000 0.000000e+000
    outer loop
      vertex   -5.600000e+001 5.400000e+001 0.000000e+000
      vertex   -5.600000e+001 5.520775e+001 4.801054e+000
      vertex   -5.600000e+001 5.539051e+001 4.499558e+000
    endloop
  endfacet
  facet normal -6.177975e-002 0.000000e+000 0.000000e+000
    outer loop
      vertex   -5.600000e+001 5.400000e+001 0.000000e+000
      vertex   -5.600000e+001 5.539051e+001 4.499558e+000
      vertex   -5.600000e+001 5.559222e+001 4.210392e+000
    endloop
  endfacet
  facet normal -8.597301e-001 0.000000e+000 -0.000000e+000
    outer loop
      vertex   -5.600000e+001 5.559222e+001 4.210392e+000
      vertex   -5.600000e+001 5.581205e+001 3.934744e+000
      vertex   -5.600000e+001 5.400000e+001 0.000000e+000
    endloop
  endfacet
  facet normal -7.713556e-002 0.000000e+000 0.000000e+000
    outer loop
      vertex   -5.600000e+001 5.400000e+001 0.000000e+000
      vertex   -5.600000e+001 5.581205e+001 3.934744e+000
      vertex   -5.600000e+001 5.604908e+001 3.673746e+000
    endloop
  endfacet
  facet normal -8.248916e-002 0.000000e+000 0.000000e+000
    outer loop
      vertex   -5.600000e+001 5.400000e+001 0.000000e+000
      vertex   -5.600000e+001 5.604908e+001 3.673746e+000
      vertex   -5.600000e+001 5.630235e+001 3.428471e+000
    endloop
  endfacet
  facet normal -9.935213e-001 0.000000e+000 -0.000000e+000
    outer loop
      vertex   -5.600000e+001 5.630235e+001 3.428471e+000
      vertex   -5.600000e+001 5.657080e+001 3.199927e+000
      vertex   -5.600000e+001 5.400000e+001 0.000000e+000
    endloop
  endfacet
  facet normal -8.526560e-002 0.000000e+000 0.000000e+000
    outer loop
      vertex   -5.600000e+001 5.400000e+001 0.000000e+000
      vertex   -5.600000e+001 5.657080e+001 3.199927e+000
      vertex   -5.600000e+001 5.685336e+001 2.989053e+000
    endloop
  endfacet
  facet normal -8.228440e-002 0.000000e+000 0.000000e+000
    outer loop
      vertex   -5.600000e+001 5.400000e+001 0.000000e+000
      vertex   -5.600000e+001 5.685336e+001 2.989053e+000
      vertex   -5.600000e+001 5.714884e+001 2.796715e+000
    endloop
  endfacet
  facet normal -9.455097e-001 0.000000e+000 -0.000000e+000
    outer loop
      vertex   -5.600000e+001 5.714884e+001 2.796715e+000
      vertex   -5.600000e+001 5.745604e+001 2.623704e+000
      vertex   -5.600000e+001 5.400000e+001 0.000000e+000
    endloop
  endfacet
  facet normal -6.959502e-002 0.000000e+000 0.000000e+000
    outer loop
      vertex   -5.600000e+001 5.400000e+001 0.000000e+000
      vertex   -5.600000e+001 5.745604e+001 2.623704e+000
      vertex   -5.600000e+001 5.777369e+001 2.470731e+000
    endloop
  endfacet
  facet normal -6.137186e-002 0.000000e+000 0.000000e+000
    outer loop
      vertex   -5.600000e+001 5.400000e+001 0.000000e+000
      vertex   -5.600000e+001 5.777369e+001 2.470731e+000
      vertex   -5.600000e+001 5.810049e+001 2.338424e+000
    endloop
  endfacet
  facet normal -7.438748e-001 0.000000e+000 -0.000000e+000
    outer loop
      vertex   -5.600000e+001 5.810049e+001 2.338424e+000
      vertex   -5.600000e+001 5.843510e+001 2.227327e+000
      vertex   -5.600000e+001 5.400000e+001 0.000000e+000
    endloop
  endfacet
  facet normal -4.452166e-002 0.000000e+000 0.000000e+000
    outer loop
      vertex   -5.600000e+001 5.400000e+001 0.000000e+000
      vertex   -5.600000e+001 5.843510e+001 2.227327e+000
      vertex   -5.600000e+001 5.877613e+001 2.137897e+000
    endloop
  endfacet
  facet normal -3.672550e-002 0.000000e+000 0.000000e+000
    outer loop
      vertex   -5.600000e+001 5.400000e+001 0.000000e+000
      vertex   -5.600000e+001 5.877613e+001 2.137897e+000
      vertex   -5.600000e+001 5.912220e+001 2.070500e+000
    endloop
  endfacet
  facet normal -4.902418e-001 0.000000e+000 -0.000000e+000
    outer loop
      vertex   -5.600000e+001 5.912220e+001 2.070500e+000
      vertex   -5.600000e+001 5.947187e+001 2.025415e+000
      vertex   -5.600000e+001 5.400000e+001 0.000000e+000
    endloop
  endfacet
  facet normal -2.327195e-002 0.000000e+000 0.000000e+000
    outer loop
      vertex   -5.600000e+001 5.400000e+001 0.000000e+000
      vertex   -5.600000e+001 5.947187e+001 2.025415e+000
      vertex   -5.600000e+001 5.982372e+001 2.002826e+000
    endloop
  endfacet
  facet normal -1.765936e-002 0.000000e+000 0.000000e+000
    outer loop
      vertex   -5.600000e+001 5.400000e+001 0.000000e+000
      vertex   -5.600000e+001 5.982372e+001 2.002826e+000
      vertex   -5.600000e+001 6.017628e+001 2.002826e+000
    endloop
  endfacet
  facet normal -3.084638e-001 0.000000e+000 0.000000e+000
    outer loop
      vertex   -5.600000e+001 5.400000e+001 0.000000e+000
      vertex   -5.600000e+001 6.017628e+001 2.002826e+000
      vertex   -5.600000e+001 6.600000e+001 0.000000e+000
    endloop
  endfacet
  facet normal -2.327195e-002 0.000000e+000 0.000000e+000
    outer loop
      vertex   -5.600000e+001 6.600000e+001 0.000000e+000
      vertex   -5.600000e+001 6.017628e+001 2.002826e+000
      vertex   -5.600000e+001 6.052813e+001 2.025415e+000
    endloop
  endfacet
  facet normal -2.962346e-002 0.000000e+000 0.000000e+000
    outer loop
      vertex   -5.600000e+001 6.600000e+001 0.000000e+000
      vertex   -5.600000e+001 6.052813e+001 2.025415e+000
      vertex   -5.600000e+001 6.087780e+001 2.070500e+000
    endloop
  endfacet
  facet normal -5.450783e-001 0.000000e+000 0.000000e+000
    outer loop
      vertex   -5.600000e+001 6.087780e+001 2.070500e+000
      vertex   -5.600000e+001 6.122387e+001 2.137897e+000
      vertex   -5.600000e+001 6.600000e+001 0.000000e+000
    endloop
  endfacet
  facet normal -4.452166e-002 0.000000e+000 0.000000e+000
    outer loop
      vertex   -5.600000e+001 6.600000e+001 0.000000e+000
      vertex   -5.600000e+001 6.122387e+001 2.137897e+000
      vertex   -5.600000e+001 6.156490e+001 2.227327e+000
    endloop
  endfacet
  facet normal -5.284458e-002 0.000000e+000 0.000000e+000
    outer loop
      vertex   -5.600000e+001 6.600000e+001 0.000000e+000
      vertex   -5.600000e+001 6.156490e+001 2.227327e+000
      vertex   -5.600000e+001 6.189951e+001 2.338424e+000
    endloop
  endfacet
  facet normal -7.851678e-001 0.000000e+000 0.000000e+000
    outer loop
      vertex   -5.600000e+001 6.189951e+001 2.338424e+000
      vertex   -5.600000e+001 6.222631e+001 2.470731e+000
      vertex   -5.600000e+001 6.600000e+001 0.000000e+000
    endloop
  endfacet
  facet normal -6.959502e-002 0.000000e+000 0.000000e+000
    outer loop
      vertex   -5.600000e+001 6.600000e+001 0.000000e+000
      vertex   -5.600000e+001 6.222631e+001 2.470731e+000
      vertex   -5.600000e+001 6.254396e+001 2.623704e+000
    endloop
  endfacet
  facet normal -7.682537e-002 0.000000e+000 0.000000e+000
    outer loop
      vertex   -5.600000e+001 6.600000e+001 0.000000e+000
      vertex   -5.600000e+001 6.254396e+001 2.623704e+000
      vertex   -5.600000e+001 6.285116e+001 2.796715e+000
    endloop
  endfacet
  facet normal -9.644275e-001 0.000000e+000 0.000000e+000
    outer loop
      vertex   -5.600000e+001 6.285116e+001 2.796715e+000
      vertex   -5.600000e+001 6.314664e+001 2.989053e+000
      vertex   -5.600000e+001 6.600000e+001 0.000000e+000
    endloop
  endfacet
  facet normal -8.526560e-002 0.000000e+000 0.000000e+000
    outer loop
      vertex   -5.600000e+001 6.600000e+001 0.000000e+000
      vertex   -5.600000e+001 6.314664e+001 2.989053e+000
      vertex   -5.600000e+001 6.342920e+001 3.199927e+000
    endloop
  endfacet
  facet normal -8.533678e-002 0.000000e+000 0.000000e+000
    outer loop
      vertex   -5.600000e+001 6.600000e+001 0.000000e+000
      vertex   -5.600000e+001 6.342920e+001 3.199927e+000
      vertex   -5.600000e+001 6.369765e+001 3.428471e+000
    endloop
  endfacet
  facet normal -9.841989e-001 0.000000e+000 0.000000e+000
    outer loop
      vertex   -5.600000e+001 6.369765e+001 3.428471e+000
      vertex   -5.600000e+001 6.395092e+001 3.673746e+000
      vertex   -5.600000e+001 6.600000e+001 0.000000e+000
    endloop
  endfacet
  facet normal -7.713476e-002 0.000000e+000 0.000000e+000
    outer loop
      vertex   -5.600000e+001 6.600000e+001 0.000000e+000
      vertex   -5.600000e+001 6.395092e+001 3.673746e+000
      vertex   -5.600000e+001 6.418795e+001 3.934744e+000
    endloop
  endfacet
  facet normal -6.997232e-002 0.000000e+000 0.000000e+000
    outer loop
      vertex   -5.600000e+001 6.600000e+001 0.000000e+000
      vertex   -5.600000e+001 6.418795e+001 3.934744e+000
      vertex   -5.600000e+001 6.440778e+001 4.210392e+000
    endloop
  endfacet
  facet normal -8.252351e-001 0.000000e+000 0.000000e+000
    outer loop
      vertex   -5.600000e+001 6.440778e+001 4.210392e+000
      vertex   -5.600000e+001 6.460948e+001 4.499558e+000
      vertex   -5.600000e+001 6.600000e+001 0.000000e+000
    endloop
  endfacet
  facet normal -5.325383e-002 0.000000e+000 0.000000e+000
    outer loop
      vertex   -5.600000e+001 6.600000e+001 0.000000e+000
      vertex   -5.600000e+001 6.460948e+001 4.499558e+000
      vertex   -5.600000e+001 6.479225e+001 4.801054e+000
    endloop
  endfacet
  facet normal -4.491232e-002 0.000000e+000 0.000000e+000
    outer loop
      vertex   -5.600000e+001 6.600000e+001 0.000000e+000
      vertex   -5.600000e+001 6.479225e+001 4.801054e+000
      vertex   -5.600000e+001 6.495533e+001 5.113639e+000
    endloop
  endfacet
  facet normal -5.796224e-001 0.000000e+000 0.000000e+000
    outer loop
      vertex   -5.600000e+001 6.495533e+001 5.113639e+000
      vertex   -5.600000e+001 6.509805e+001 5.436031e+000
      vertex   -5.600000e+001 6.600000e+001 0.000000e+000
    endloop
  endfacet
  facet normal -2.994685e-002 0.000000e+000 0.000000e+000
    outer loop
      vertex   -5.600000e+001 6.600000e+001 0.000000e+000
      vertex   -5.600000e+001 6.509805e+001 5.436031e+000
      vertex   -5.600000e+001 6.521980e+001 5.766905e+000
    endloop
  endfacet
  facet normal -2.356110e-002 0.000000e+000 0.000000e+000
    outer loop
      vertex   -5.600000e+001 6.600000e+001 0.000000e+000
      vertex   -5.600000e+001 6.521980e+001 5.766905e+000
      vertex   -5.600000e+001 6.532012e+001 6.104900e+000
    endloop
  endfacet
  facet normal -3.290591e-001 0.000000e+000 0.000000e+000
    outer loop
      vertex   -5.600000e+001 6.532012e+001 6.104900e+000
      vertex   -5.600000e+001 6.539857e+001 6.448627e+000
      vertex   -5.600000e+001 6.600000e+001 0.000000e+000
    endloop
  endfacet
  facet normal -1.295648e-002 0.000000e+000 0.000000e+000
    outer loop
      vertex   -5.600000e+001 6.600000e+001 0.000000e+000
      vertex   -5.600000e+001 6.539857e+001 6.448627e+000
      vertex   -5.600000e+001 6.545484e+001 6.796676e+000
    endloop
  endfacet
  facet normal -8.625510e-003 0.000000e+000 0.000000e+000
    outer loop
      vertex   -5.600000e+001 6.600000e+001 0.000000e+000
      vertex   -5.600000e+001 6.545484e+001 6.796676e+000
      vertex   -5.600000e+001 6.548870e+001 7.147614e+000
    endloop
  endfacet
  facet normal 0.000000e+000 -5.866511e-001 -8.098398e-001
    outer loop
      vertex   -6.400000e+001 6.280000e+001 1.966425e+002
      vertex   -6.400000e+001 6.306353e+001 1.964516e+002
      vertex   -6.000000e+001 6.280000e+001 1.966425e+002
    endloop
  endfacet
  facet normal -6.938894e-018 -5.847194e-001 -8.071731e-001
    outer loop
      vertex   -6.000000e+001 6.280000e+001 1.966425e+002
      vertex   -6.400000e+001 6.306353e+001 1.964516e+002
      vertex   -6.000000e+001 6.306353e+001 1.964516e+002
    endloop
  endfacet
  facet normal -0.000000e+000 -5.173947e-002 -6.243203e-002
    outer loop
      vertex   -6.000000e+001 6.306353e+001 1.964516e+002
      vertex   -6.400000e+001 6.306353e+001 1.964516e+002
      vertex   -6.400000e+001 6.331408e+001 1.962439e+002
    endloop
  endfacet
  facet normal -6.938894e-018 -6.359904e-001 -7.674252e-001
    outer loop
      vertex   -6.000000e+001 6.306353e+001 1.964516e+002
      vertex   -6.400000e+001 6.331408e+001 1.962439e+002
      vertex   -6.000000e+001 6.331408e+001 1.962439e+002
    endloop
  endfacet
  facet normal -0.000000e+000 -5.569369e-002 -5.893406e-002
    outer loop
      vertex   -6.000000e+001 6.331408e+001 1.962439e+002
      vertex   -6.400000e+001 6.331408e+001 1.962439e+002
      vertex   -6.400000e+001 6.355060e+001 1.960204e+002
    endloop
  endfacet
  facet normal -6.938894e-018 -6.845818e-001 -7.244121e-001
    outer loop
      vertex   -6.000000e+001 6.331408e+001 1.962439e+002
      vertex   -6.400000e+001 6.355060e+001 1.960204e+002
      vertex   -6.000000e+001 6.355060e+001 1.960204e+002
    endloop
  endfacet
  facet normal -0.000000e+000 -5.940459e-002 -5.518612e-002
    outer loop
      vertex   -6.000000e+001 6.355060e+001 1.960204e+002
      vertex   -6.400000e+001 6.355060e+001 1.960204e+002
      vertex   -6.400000e+001 6.377207e+001 1.957820e+002
    endloop
  endfacet
  facet normal 6.938894e-018 -7.302292e-001 -6.783738e-001
    outer loop
      vertex   -6.000000e+001 6.355060e+001 1.960204e+002
      vertex   -6.400000e+001 6.377207e+001 1.957820e+002
      vertex   -6.000000e+001 6.377207e+001 1.957820e+002
    endloop
  endfacet
  facet normal -0.000000e+000 -6.287212e-002 -5.120622e-002
    outer loop
      vertex   -6.000000e+001 6.377207e+001 1.957820e+002
      vertex   -6.400000e+001 6.377207e+001 1.957820e+002
      vertex   -6.400000e+001 6.397757e+001 1.955297e+002
    endloop
  endfacet
  facet normal 0.000000e+000 -7.728201e-001 -6.294236e-001
    outer loop
      vertex   -6.000000e+001 6.377207e+001 1.957820e+002
      vertex   -6.400000e+001 6.397757e+001 1.955297e+002
      vertex   -6.000000e+001 6.397757e+001 1.955297e+002
    endloop
  endfacet
  facet normal -0.000000e+000 -6.606971e-002 -4.700676e-002
    outer loop
      vertex   -6.000000e+001 6.397757e+001 1.955297e+002
      vertex   -6.400000e+001 6.397757e+001 1.955297e+002
      vertex   -6.400000e+001 6.416622e+001 1.952645e+002
    endloop
  endfacet
  facet normal 6.938894e-018 -8.121333e-001 -5.778102e-001
    outer loop
      vertex   -6.000000e+001 6.397757e+001 1.955297e+002
      vertex   -6.400000e+001 6.416622e+001 1.952645e+002
      vertex   -6.000000e+001 6.416622e+001 1.952645e+002
    endloop
  endfacet
  facet normal -0.000000e+000 -6.898596e-002 -4.261054e-002
    outer loop
      vertex   -6.000000e+001 6.416622e+001 1.952645e+002
      vertex   -6.400000e+001 6.416622e+001 1.952645e+002
      vertex   -6.400000e+001 6.433723e+001 1.949877e+002
    endloop
  endfacet
  facet normal 6.938894e-018 -8.479879e-001 -5.237765e-001
    outer loop
      vertex   -6.000000e+001 6.416622e+001 1.952645e+002
      vertex   -6.400000e+001 6.433723e+001 1.949877e+002
      vertex   -6.000000e+001 6.433723e+001 1.949877e+002
    endloop
  endfacet
  facet normal -0.000000e+000 -7.161323e-002 -3.803277e-002
    outer loop
      vertex   -6.000000e+001 6.433723e+001 1.949877e+002
      vertex   -6.400000e+001 6.433723e+001 1.949877e+002
      vertex   -6.400000e+001 6.448986e+001 1.947003e+002
    endloop
  endfacet
  facet normal 0.000000e+000 -8.802676e-001 -4.674976e-001
    outer loop
      vertex   -6.000000e+001 6.433723e+001 1.949877e+002
      vertex   -6.400000e+001 6.448986e+001 1.947003e+002
      vertex   -6.000000e+001 6.448986e+001 1.947003e+002
    endloop
  endfacet
  facet normal -0.000000e+000 -7.393633e-002 -3.329340e-002
    outer loop
      vertex   -6.000000e+001 6.448986e+001 1.947003e+002
      vertex   -6.400000e+001 6.448986e+001 1.947003e+002
      vertex   -6.400000e+001 6.462347e+001 1.944035e+002
    endloop
  endfacet
  facet normal 0.000000e+000 -9.088171e-001 -4.092388e-001
    outer loop
      vertex   -6.000000e+001 6.448986e+001 1.947003e+002
      vertex   -6.400000e+001 6.462347e+001 1.944035e+002
      vertex   -6.000000e+001 6.462347e+001 1.944035e+002
    endloop
  endfacet
  facet normal -0.000000e+000 -7.594386e-002 -2.841336e-002
    outer loop
      vertex   -6.000000e+001 6.462347e+001 1.944035e+002
      vertex   -6.400000e+001 6.462347e+001 1.944035e+002
      vertex   -6.400000e+001 6.473750e+001 1.940988e+002
    endloop
  endfacet
  facet normal 3.469447e-018 -9.335108e-001 -3.492604e-001
    outer loop
      vertex   -6.000000e+001 6.462347e+001 1.944035e+002
      vertex   -6.400000e+001 6.473750e+001 1.940988e+002
      vertex   -6.000000e+001 6.473750e+001 1.940988e+002
    endloop
  endfacet
  facet normal -0.000000e+000 -7.763201e-002 -2.341355e-002
    outer loop
      vertex   -6.000000e+001 6.473750e+001 1.940988e+002
      vertex   -6.400000e+001 6.473750e+001 1.940988e+002
      vertex   -6.400000e+001 6.483147e+001 1.937872e+002
    endloop
  endfacet
  facet normal 0.000000e+000 -9.542519e-001 -2.877991e-001
    outer loop
      vertex   -6.000000e+001 6.473750e+001 1.940988e+002
      vertex   -6.400000e+001 6.483147e+001 1.937872e+002
      vertex   -6.000000e+001 6.483147e+001 1.937872e+002
    endloop
  endfacet
  facet normal -0.000000e+000 -7.898938e-002 -1.831489e-002
    outer loop
      vertex   -6.000000e+001 6.483147e+001 1.937872e+002
      vertex   -6.400000e+001 6.483147e+001 1.937872e+002
      vertex   -6.400000e+001 6.490497e+001 1.934702e+002
    endloop
  endfacet
  facet normal 0.000000e+000 -9.709491e-001 -2.251293e-001
    outer loop
      vertex   -6.000000e+001 6.483147e+001 1.937872e+002
      vertex   -6.400000e+001 6.490497e+001 1.934702e+002
      vertex   -6.000000e+001 6.490497e+001 1.934702e+002
    endloop
  endfacet
  facet normal -0.000000e+000 -8.001217e-002 -1.313638e-002
    outer loop
      vertex   -6.000000e+001 6.490497e+001 1.934702e+002
      vertex   -6.400000e+001 6.490497e+001 1.934702e+002
      vertex   -6.400000e+001 6.495769e+001 1.931491e+002
    endloop
  endfacet
  facet normal 0.000000e+000 -9.835398e-001 -1.614774e-001
    outer loop
      vertex   -6.000000e+001 6.490497e+001 1.934702e+002
      vertex   -6.400000e+001 6.495769e+001 1.931491e+002
      vertex   -6.000000e+001 6.495769e+001 1.931491e+002
    endloop
  endfacet
  facet normal -0.000000e+000 -8.070033e-002 -7.904640e-003
    outer loop
      vertex   -6.000000e+001 6.495769e+001 1.931491e+002
      vertex   -6.400000e+001 6.495769e+001 1.931491e+002
      vertex   -6.400000e+001 6.498941e+001 1.928252e+002
    endloop
  endfacet
  facet normal -1.734723e-018 -9.919599e-001 -9.716299e-002
    outer loop
      vertex   -6.000000e+001 6.495769e+001 1.931491e+002
      vertex   -6.400000e+001 6.498941e+001 1.928252e+002
      vertex   -6.000000e+001 6.498941e+001 1.928252e+002
    endloop
  endfacet
  facet normal -0.000000e+000 -9.994704e-001 -3.254199e-002
    outer loop
      vertex   -6.000000e+001 6.498941e+001 1.928252e+002
      vertex   -6.400000e+001 6.498941e+001 1.928252e+002
      vertex   -6.000000e+001 6.500000e+001 1.925000e+002
    endloop
  endfacet
  facet normal -0.000000e+000 -8.104253e-002 -2.638682e-003
    outer loop
      vertex   -6.000000e+001 6.500000e+001 1.925000e+002
      vertex   -6.400000e+001 6.498941e+001 1.928252e+002
      vertex   -6.400000e+001 6.500000e+001 1.925000e+002
    endloop
  endfacet
  facet normal 0.000000e+000 -9.994704e-001 3.254199e-002
    outer loop
      vertex   -6.000000e+001 6.500000e+001 1.925000e+002
      vertex   -6.400000e+001 6.500000e+001 1.925000e+002
      vertex   -6.000000e+001 6.498941e+001 1.921748e+002
    endloop
  endfacet
  facet normal 0.000000e+000 -8.104253e-002 2.638682e-003
    outer loop
      vertex   -6.000000e+001 6.498941e+001 1.921748e+002
      vertex   -6.400000e+001 6.500000e+001 1.925000e+002
      vertex   -6.400000e+001 6.498941e+001 1.921748e+002
    endloop
  endfacet
  facet normal 0.000000e+000 -8.070033e-002 7.904640e-003
    outer loop
      vertex   -6.000000e+001 6.498941e+001 1.921748e+002
      vertex   -6.400000e+001 6.498941e+001 1.921748e+002
      vertex   -6.400000e+001 6.495769e+001 1.918509e+002
    endloop
  endfacet
  facet normal 1.734723e-018 -9.919599e-001 9.716299e-002
    outer loop
      vertex   -6.000000e+001 6.498941e+001 1.921748e+002
      vertex   -6.400000e+001 6.495769e+001 1.918509e+002
      vertex   -6.000000e+001 6.495769e+001 1.918509e+002
    endloop
  endfacet
  facet normal 0.000000e+000 -8.001217e-002 1.313638e-002
    outer loop
      vertex   -6.000000e+001 6.495769e+001 1.918509e+002
      vertex   -6.400000e+001 6.495769e+001 1.918509e+002
      vertex   -6.400000e+001 6.490497e+001 1.915298e+002
    endloop
  endfacet
  facet normal 0.000000e+000 -9.835398e-001 1.614774e-001
    outer loop
      vertex   -6.000000e+001 6.495769e+001 1.918509e+002
      vertex   -6.400000e+001 6.490497e+001 1.915298e+002
      vertex   -6.000000e+001 6.490497e+001 1.915298e+002
    endloop
  endfacet
  facet normal 0.000000e+000 -7.898938e-002 1.831489e-002
    outer loop
      vertex   -6.000000e+001 6.490497e+001 1.915298e+002
      vertex   -6.400000e+001 6.490497e+001 1.915298e+002
      vertex   -6.400000e+001 6.483147e+001 1.912128e+002
    endloop
  endfacet
  facet normal 0.000000e+000 -9.709491e-001 2.251293e-001
    outer loop
      vertex   -6.000000e+001 6.490497e+001 1.915298e+002
      vertex   -6.400000e+001 6.483147e+001 1.912128e+002
      vertex   -6.000000e+001 6.483147e+001 1.912128e+002
    endloop
  endfacet
  facet normal 0.000000e+000 -7.763201e-002 2.341355e-002
    outer loop
      vertex   -6.000000e+001 6.483147e+001 1.912128e+002
      vertex   -6.400000e+001 6.483147e+001 1.912128e+002
      vertex   -6.400000e+001 6.473750e+001 1.909012e+002
    endloop
  endfacet
  facet normal 0.000000e+000 -9.542519e-001 2.877991e-001
    outer loop
      vertex   -6.000000e+001 6.483147e+001 1.912128e+002
      vertex   -6.400000e+001 6.473750e+001 1.909012e+002
      vertex   -6.000000e+001 6.473750e+001 1.909012e+002
    endloop
  endfacet
  facet normal 0.000000e+000 -7.594386e-002 2.841336e-002
    outer loop
      vertex   -6.000000e+001 6.473750e+001 1.909012e+002
      vertex   -6.400000e+001 6.473750e+001 1.909012e+002
      vertex   -6.400000e+001 6.462347e+001 1.905965e+002
    endloop
  endfacet
  facet normal -3.469447e-018 -9.335108e-001 3.492604e-001
    outer loop
      vertex   -6.000000e+001 6.473750e+001 1.909012e+002
      vertex   -6.400000e+001 6.462347e+001 1.905965e+002
      vertex   -6.000000e+001 6.462347e+001 1.905965e+002
    endloop
  endfacet
  facet normal 0.000000e+000 -7.393633e-002 3.329340e-002
    outer loop
      vertex   -6.000000e+001 6.462347e+001 1.905965e+002
      vertex   -6.400000e+001 6.462347e+001 1.905965e+002
      vertex   -6.400000e+001 6.448986e+001 1.902997e+002
    endloop
  endfacet
  facet normal 0.000000e+000 -9.088171e-001 4.092388e-001
    outer loop
      vertex   -6.000000e+001 6.462347e+001 1.905965e+002
      vertex   -6.400000e+001 6.448986e+001 1.902997e+002
      vertex   -6.000000e+001 6.448986e+001 1.902997e+002
    endloop
  endfacet
  facet normal 0.000000e+000 -7.161323e-002 3.803277e-002
    outer loop
      vertex   -6.000000e+001 6.448986e+001 1.902997e+002
      vertex   -6.400000e+001 6.448986e+001 1.902997e+002
      vertex   -6.400000e+001 6.433723e+001 1.900123e+002
    endloop
  endfacet
  facet normal 0.000000e+000 -8.802676e-001 4.674976e-001
    outer loop
      vertex   -6.000000e+001 6.448986e+001 1.902997e+002
      vertex   -6.400000e+001 6.433723e+001 1.900123e+002
      vertex   -6.000000e+001 6.433723e+001 1.900123e+002
    endloop
  endfacet
  facet normal 0.000000e+000 -6.898596e-002 4.261054e-002
    outer loop
      vertex   -6.000000e+001 6.433723e+001 1.900123e+002
      vertex   -6.400000e+001 6.433723e+001 1.900123e+002
      vertex   -6.400000e+001 6.416622e+001 1.897355e+002
    endloop
  endfacet
  facet normal -6.938894e-018 -8.479879e-001 5.237765e-001
    outer loop
      vertex   -6.000000e+001 6.433723e+001 1.900123e+002
      vertex   -6.400000e+001 6.416622e+001 1.897355e+002
      vertex   -6.000000e+001 6.416622e+001 1.897355e+002
    endloop
  endfacet
  facet normal 0.000000e+000 -6.606971e-002 4.700676e-002
    outer loop
      vertex   -6.000000e+001 6.416622e+001 1.897355e+002
      vertex   -6.400000e+001 6.416622e+001 1.897355e+002
      vertex   -6.400000e+001 6.397757e+001 1.894703e+002
    endloop
  endfacet
  facet normal -6.938894e-018 -8.121333e-001 5.778102e-001
    outer loop
      vertex   -6.000000e+001 6.416622e+001 1.897355e+002
      vertex   -6.400000e+001 6.397757e+001 1.894703e+002
      vertex   -6.000000e+001 6.397757e+001 1.894703e+002
    endloop
  endfacet
  facet normal 0.000000e+000 -6.287212e-002 5.120622e-002
    outer loop
      vertex   -6.000000e+001 6.397757e+001 1.894703e+002
      vertex   -6.400000e+001 6.397757e+001 1.894703e+002
      vertex   -6.400000e+001 6.377207e+001 1.892180e+002
    endloop
  endfacet
  facet normal 0.000000e+000 -7.728201e-001 6.294236e-001
    outer loop
      vertex   -6.000000e+001 6.397757e+001 1.894703e+002
      vertex   -6.400000e+001 6.377207e+001 1.892180e+002
      vertex   -6.000000e+001 6.377207e+001 1.892180e+002
    endloop
  endfacet
  facet normal 0.000000e+000 -5.940459e-002 5.518612e-002
    outer loop
      vertex   -6.000000e+001 6.377207e+001 1.892180e+002
      vertex   -6.400000e+001 6.377207e+001 1.892180e+002
      vertex   -6.400000e+001 6.355060e+001 1.889796e+002
    endloop
  endfacet
  facet normal -6.938894e-018 -7.302292e-001 6.783738e-001
    outer loop
      vertex   -6.000000e+001 6.377207e+001 1.892180e+002
      vertex   -6.400000e+001 6.355060e+001 1.889796e+002
      vertex   -6.000000e+001 6.355060e+001 1.889796e+002
    endloop
  endfacet
  facet normal 0.000000e+000 -5.569369e-002 5.893406e-002
    outer loop
      vertex   -6.000000e+001 6.355060e+001 1.889796e+002
      vertex   -6.400000e+001 6.355060e+001 1.889796e+002
      vertex   -6.400000e+001 6.331408e+001 1.887561e+002
    endloop
  endfacet
  facet normal 6.938894e-018 -6.845818e-001 7.244121e-001
    outer loop
      vertex   -6.000000e+001 6.355060e+001 1.889796e+002
      vertex   -6.400000e+001 6.331408e+001 1.887561e+002
      vertex   -6.000000e+001 6.331408e+001 1.887561e+002
    endloop
  endfacet
  facet normal 0.000000e+000 -5.173947e-002 6.243203e-002
    outer loop
      vertex   -6.000000e+001 6.331408e+001 1.887561e+002
      vertex   -6.400000e+001 6.331408e+001 1.887561e+002
      vertex   -6.400000e+001 6.306353e+001 1.885484e+002
    endloop
  endfacet
  facet normal 6.938894e-018 -6.359904e-001 7.674252e-001
    outer loop
      vertex   -6.000000e+001 6.331408e+001 1.887561e+002
      vertex   -6.400000e+001 6.306353e+001 1.885484e+002
      vertex   -6.000000e+001 6.306353e+001 1.885484e+002
    endloop
  endfacet
  facet normal 0.000000e+000 -4.756853e-002 6.566574e-002
    outer loop
      vertex   -6.000000e+001 6.306353e+001 1.885484e+002
      vertex   -6.400000e+001 6.306353e+001 1.885484e+002
      vertex   -6.400000e+001 6.280000e+001 1.883575e+002
    endloop
  endfacet
  facet normal 6.938894e-018 -5.847194e-001 8.071731e-001
    outer loop
      vertex   -6.000000e+001 6.306353e+001 1.885484e+002
      vertex   -6.400000e+001 6.280000e+001 1.883575e+002
      vertex   -6.000000e+001 6.280000e+001 1.883575e+002
    endloop
  endfacet
  facet normal 0.000000e+000 5.866511e-001 -8.098398e-001
    outer loop
      vertex   -6.400000e+001 5.720000e+001 1.966425e+002
      vertex   -6.000000e+001 5.720000e+001 1.966425e+002
      vertex   -6.400000e+001 5.693647e+001 1.964516e+002
    endloop
  endfacet
  facet normal 0.000000e+000 4.756853e-002 -6.566574e-002
    outer loop
      vertex   -6.400000e+001 5.693647e+001 1.964516e+002
      vertex   -6.000000e+001 5.720000e+001 1.966425e+002
      vertex   -6.000000e+001 5.693647e+001 1.964516e+002
    endloop
  endfacet
  facet normal 0.000000e+000 5.173947e-002 -6.243203e-002
    outer loop
      vertex   -6.400000e+001 5.693647e+001 1.964516e+002
      vertex   -6.000000e+001 5.693647e+001 1.964516e+002
      vertex   -6.000000e+001 5.668592e+001 1.962439e+002
    endloop
  endfacet
  facet normal 6.938894e-018 6.359904e-001 -7.674252e-001
    outer loop
      vertex   -6.400000e+001 5.693647e+001 1.964516e+002
      vertex   -6.000000e+001 5.668592e+001 1.962439e+002
      vertex   -6.400000e+001 5.668592e+001 1.962439e+002
    endloop
  endfacet
  facet normal 0.000000e+000 5.569369e-002 -5.893406e-002
    outer loop
      vertex   -6.400000e+001 5.668592e+001 1.962439e+002
      vertex   -6.000000e+001 5.668592e+001 1.962439e+002
      vertex   -6.000000e+001 5.644940e+001 1.960204e+002
    endloop
  endfacet
  facet normal 6.938894e-018 6.845818e-001 -7.244121e-001
    outer loop
      vertex   -6.400000e+001 5.668592e+001 1.962439e+002
      vertex   -6.000000e+001 5.644940e+001 1.960204e+002
      vertex   -6.400000e+001 5.644940e+001 1.960204e+002
    endloop
  endfacet
  facet normal 0.000000e+000 5.940459e-002 -5.518612e-002
    outer loop
      vertex   -6.400000e+001 5.644940e+001 1.960204e+002
      vertex   -6.000000e+001 5.644940e+001 1.960204e+002
      vertex   -6.000000e+001 5.622793e+001 1.957820e+002
    endloop
  endfacet
  facet normal -6.938894e-018 7.302292e-001 -6.783738e-001
    outer loop
      vertex   -6.400000e+001 5.644940e+001 1.960204e+002
      vertex   -6.000000e+001 5.622793e+001 1.957820e+002
      vertex   -6.400000e+001 5.622793e+001 1.957820e+002
    endloop
  endfacet
  facet normal 0.000000e+000 6.287212e-002 -5.120622e-002
    outer loop
      vertex   -6.400000e+001 5.622793e+001 1.957820e+002
      vertex   -6.000000e+001 5.622793e+001 1.957820e+002
      vertex   -6.000000e+001 5.602243e+001 1.955297e+002
    endloop
  endfacet
  facet normal 0.000000e+000 7.728201e-001 -6.294236e-001
    outer loop
      vertex   -6.400000e+001 5.622793e+001 1.957820e+002
      vertex   -6.000000e+001 5.602243e+001 1.955297e+002
      vertex   -6.400000e+001 5.602243e+001 1.955297e+002
    endloop
  endfacet
  facet normal 0.000000e+000 6.606971e-002 -4.700676e-002
    outer loop
      vertex   -6.400000e+001 5.602243e+001 1.955297e+002
      vertex   -6.000000e+001 5.602243e+001 1.955297e+002
      vertex   -6.000000e+001 5.583378e+001 1.952645e+002
    endloop
  endfacet
  facet normal -6.938894e-018 8.121333e-001 -5.778102e-001
    outer loop
      vertex   -6.400000e+001 5.602243e+001 1.955297e+002
      vertex   -6.000000e+001 5.583378e+001 1.952645e+002
      vertex   -6.400000e+001 5.583378e+001 1.952645e+002
    endloop
  endfacet
  facet normal 0.000000e+000 6.898596e-002 -4.261054e-002
    outer loop
      vertex   -6.400000e+001 5.583378e+001 1.952645e+002
      vertex   -6.000000e+001 5.583378e+001 1.952645e+002
      vertex   -6.000000e+001 5.566277e+001 1.949877e+002
    endloop
  endfacet
  facet normal -6.938894e-018 8.479879e-001 -5.237765e-001
    outer loop
      vertex   -6.400000e+001 5.583378e+001 1.952645e+002
      vertex   -6.000000e+001 5.566277e+001 1.949877e+002
      vertex   -6.400000e+001 5.566277e+001 1.949877e+002
    endloop
  endfacet
  facet normal 0.000000e+000 7.161323e-002 -3.803182e-002
    outer loop
      vertex   -6.400000e+001 5.566277e+001 1.949877e+002
      vertex   -6.000000e+001 5.566277e+001 1.949877e+002
      vertex   -6.000000e+001 5.551014e+001 1.947003e+002
    endloop
  endfacet
  facet normal 0.000000e+000 8.802725e-001 -4.674885e-001
    outer loop
      vertex   -6.400000e+001 5.566277e+001 1.949877e+002
      vertex   -6.000000e+001 5.551014e+001 1.947003e+002
      vertex   -6.400000e+001 5.551014e+001 1.947003e+002
    endloop
  endfacet
  facet normal 0.000000e+000 7.393633e-002 -3.329340e-002
    outer loop
      vertex   -6.400000e+001 5.551014e+001 1.947003e+002
      vertex   -6.000000e+001 5.551014e+001 1.947003e+002
      vertex   -6.000000e+001 5.537653e+001 1.944035e+002
    endloop
  endfacet
  facet normal 0.000000e+000 9.088171e-001 -4.092388e-001
    outer loop
      vertex   -6.400000e+001 5.551014e+001 1.947003e+002
      vertex   -6.000000e+001 5.537653e+001 1.944035e+002
      vertex   -6.400000e+001 5.537653e+001 1.944035e+002
    endloop
  endfacet
  facet normal 0.000000e+000 7.594386e-002 -2.841431e-002
    outer loop
      vertex   -6.400000e+001 5.537653e+001 1.944035e+002
      vertex   -6.000000e+001 5.537653e+001 1.944035e+002
      vertex   -6.000000e+001 5.526250e+001 1.940988e+002
    endloop
  endfacet
  facet normal -3.469447e-018 9.335070e-001 -3.492706e-001
    outer loop
      vertex   -6.400000e+001 5.537653e+001 1.944035e+002
      vertex   -6.000000e+001 5.526250e+001 1.940988e+002
      vertex   -6.400000e+001 5.526250e+001 1.940988e+002
    endloop
  endfacet
  facet normal 0.000000e+000 7.763201e-002 -2.341355e-002
    outer loop
      vertex   -6.400000e+001 5.526250e+001 1.940988e+002
      vertex   -6.000000e+001 5.526250e+001 1.940988e+002
      vertex   -6.000000e+001 5.516853e+001 1.937872e+002
    endloop
  endfacet
  facet normal 0.000000e+000 9.542519e-001 -2.877991e-001
    outer loop
      vertex   -6.400000e+001 5.526250e+001 1.940988e+002
      vertex   -6.000000e+001 5.516853e+001 1.937872e+002
      vertex   -6.400000e+001 5.516853e+001 1.937872e+002
    endloop
  endfacet
  facet normal 0.000000e+000 7.898938e-002 -1.831394e-002
    outer loop
      vertex   -6.400000e+001 5.516853e+001 1.937872e+002
      vertex   -6.000000e+001 5.516853e+001 1.937872e+002
      vertex   -6.000000e+001 5.509504e+001 1.934702e+002
    endloop
  endfacet
  facet normal 0.000000e+000 9.709516e-001 -2.251182e-001
    outer loop
      vertex   -6.400000e+001 5.516853e+001 1.937872e+002
      vertex   -6.000000e+001 5.509504e+001 1.934702e+002
      vertex   -6.400000e+001 5.509504e+001 1.934702e+002
    endloop
  endfacet
  facet normal 0.000000e+000 8.001217e-002 -1.313733e-002
    outer loop
      vertex   -6.400000e+001 5.509504e+001 1.934702e+002
      vertex   -6.000000e+001 5.509504e+001 1.934702e+002
      vertex   -6.000000e+001 5.504231e+001 1.931491e+002
    endloop
  endfacet
  facet normal 1.734723e-018 9.835379e-001 -1.614888e-001
    outer loop
      vertex   -6.400000e+001 5.509504e+001 1.934702e+002
      vertex   -6.000000e+001 5.504231e+001 1.931491e+002
      vertex   -6.400000e+001 5.504231e+001 1.931491e+002
    endloop
  endfacet
  facet normal 0.000000e+000 8.070033e-002 -7.904640e-003
    outer loop
      vertex   -6.400000e+001 5.504231e+001 1.931491e+002
      vertex   -6.000000e+001 5.504231e+001 1.931491e+002
      vertex   -6.000000e+001 5.501059e+001 1.928252e+002
    endloop
  endfacet
  facet normal 1.734723e-018 9.919599e-001 -9.716299e-002
    outer loop
      vertex   -6.400000e+001 5.504231e+001 1.931491e+002
      vertex   -6.000000e+001 5.501059e+001 1.928252e+002
      vertex   -6.400000e+001 5.501059e+001 1.928252e+002
    endloop
  endfacet
  facet normal 0.000000e+000 9.994704e-001 -3.254199e-002
    outer loop
      vertex   -6.400000e+001 5.501059e+001 1.928252e+002
      vertex   -6.000000e+001 5.501059e+001 1.928252e+002
      vertex   -6.400000e+001 5.500000e+001 1.925000e+002
    endloop
  endfacet
  facet normal 0.000000e+000 8.104253e-002 -2.638682e-003
    outer loop
      vertex   -6.400000e+001 5.500000e+001 1.925000e+002
      vertex   -6.000000e+001 5.501059e+001 1.928252e+002
      vertex   -6.000000e+001 5.500000e+001 1.925000e+002
    endloop
  endfacet
  facet normal -0.000000e+000 9.994704e-001 3.254199e-002
    outer loop
      vertex   -6.400000e+001 5.500000e+001 1.925000e+002
      vertex   -6.000000e+001 5.500000e+001 1.925000e+002
      vertex   -6.400000e+001 5.501059e+001 1.921748e+002
    endloop
  endfacet
  facet normal -0.000000e+000 8.104253e-002 2.638682e-003
    outer loop
      vertex   -6.400000e+001 5.501059e+001 1.921748e+002
      vertex   -6.000000e+001 5.500000e+001 1.925000e+002
      vertex   -6.000000e+001 5.501059e+001 1.921748e+002
    endloop
  endfacet
  facet normal -0.000000e+000 8.070033e-002 7.904640e-003
    outer loop
      vertex   -6.400000e+001 5.501059e+001 1.921748e+002
      vertex   -6.000000e+001 5.501059e+001 1.921748e+002
      vertex   -6.000000e+001 5.504231e+001 1.918509e+002
    endloop
  endfacet
  facet normal -1.734723e-018 9.919599e-001 9.716299e-002
    outer loop
      vertex   -6.400000e+001 5.501059e+001 1.921748e+002
      vertex   -6.000000e+001 5.504231e+001 1.918509e+002
      vertex   -6.400000e+001 5.504231e+001 1.918509e+002
    endloop
  endfacet
  facet normal -0.000000e+000 8.001217e-002 1.313733e-002
    outer loop
      vertex   -6.400000e+001 5.504231e+001 1.918509e+002
      vertex   -6.000000e+001 5.504231e+001 1.918509e+002
      vertex   -6.000000e+001 5.509504e+001 1.915298e+002
    endloop
  endfacet
  facet normal -1.734723e-018 9.835379e-001 1.614888e-001
    outer loop
      vertex   -6.400000e+001 5.504231e+001 1.918509e+002
      vertex   -6.000000e+001 5.509504e+001 1.915298e+002
      vertex   -6.400000e+001 5.509504e+001 1.915298e+002
    endloop
  endfacet
  facet normal -0.000000e+000 7.898938e-002 1.831394e-002
    outer loop
      vertex   -6.400000e+001 5.509504e+001 1.915298e+002
      vertex   -6.000000e+001 5.509504e+001 1.915298e+002
      vertex   -6.000000e+001 5.516853e+001 1.912128e+002
    endloop
  endfacet
  facet normal 0.000000e+000 9.709516e-001 2.251182e-001
    outer loop
      vertex   -6.400000e+001 5.509504e+001 1.915298e+002
      vertex   -6.000000e+001 5.516853e+001 1.912128e+002
      vertex   -6.400000e+001 5.516853e+001 1.912128e+002
    endloop
  endfacet
  facet normal -0.000000e+000 7.763201e-002 2.341355e-002
    outer loop
      vertex   -6.400000e+001 5.516853e+001 1.912128e+002
      vertex   -6.000000e+001 5.516853e+001 1.912128e+002
      vertex   -6.000000e+001 5.526250e+001 1.909012e+002
    endloop
  endfacet
  facet normal 0.000000e+000 9.542519e-001 2.877991e-001
    outer loop
      vertex   -6.400000e+001 5.516853e+001 1.912128e+002
      vertex   -6.000000e+001 5.526250e+001 1.909012e+002
      vertex   -6.400000e+001 5.526250e+001 1.909012e+002
    endloop
  endfacet
  facet normal -0.000000e+000 7.594386e-002 2.841431e-002
    outer loop
      vertex   -6.400000e+001 5.526250e+001 1.909012e+002
      vertex   -6.000000e+001 5.526250e+001 1.909012e+002
      vertex   -6.000000e+001 5.537653e+001 1.905965e+002
    endloop
  endfacet
  facet normal 3.469447e-018 9.335070e-001 3.492706e-001
    outer loop
      vertex   -6.400000e+001 5.526250e+001 1.909012e+002
      vertex   -6.000000e+001 5.537653e+001 1.905965e+002
      vertex   -6.400000e+001 5.537653e+001 1.905965e+002
    endloop
  endfacet
  facet normal -0.000000e+000 7.393633e-002 3.329340e-002
    outer loop
      vertex   -6.400000e+001 5.537653e+001 1.905965e+002
      vertex   -6.000000e+001 5.537653e+001 1.905965e+002
      vertex   -6.000000e+001 5.551014e+001 1.902997e+002
    endloop
  endfacet
  facet normal 0.000000e+000 9.088171e-001 4.092388e-001
    outer loop
      vertex   -6.400000e+001 5.537653e+001 1.905965e+002
      vertex   -6.000000e+001 5.551014e+001 1.902997e+002
      vertex   -6.400000e+001 5.551014e+001 1.902997e+002
    endloop
  endfacet
  facet normal -0.000000e+000 7.161323e-002 3.803182e-002
    outer loop
      vertex   -6.400000e+001 5.551014e+001 1.902997e+002
      vertex   -6.000000e+001 5.551014e+001 1.902997e+002
      vertex   -6.000000e+001 5.566277e+001 1.900123e+002
    endloop
  endfacet
  facet normal 0.000000e+000 8.802725e-001 4.674885e-001
    outer loop
      vertex   -6.400000e+001 5.551014e+001 1.902997e+002
      vertex   -6.000000e+001 5.566277e+001 1.900123e+002
      vertex   -6.400000e+001 5.566277e+001 1.900123e+002
    endloop
  endfacet
  facet normal -0.000000e+000 6.898596e-002 4.261054e-002
    outer loop
      vertex   -6.400000e+001 5.566277e+001 1.900123e+002
      vertex   -6.000000e+001 5.566277e+001 1.900123e+002
      vertex   -6.000000e+001 5.583378e+001 1.897355e+002
    endloop
  endfacet
  facet normal 6.938894e-018 8.479879e-001 5.237765e-001
    outer loop
      vertex   -6.400000e+001 5.566277e+001 1.900123e+002
      vertex   -6.000000e+001 5.583378e+001 1.897355e+002
      vertex   -6.400000e+001 5.583378e+001 1.897355e+002
    endloop
  endfacet
  facet normal -0.000000e+000 6.606971e-002 4.700676e-002
    outer loop
      vertex   -6.400000e+001 5.583378e+001 1.897355e+002
      vertex   -6.000000e+001 5.583378e+001 1.897355e+002
      vertex   -6.000000e+001 5.602243e+001 1.894703e+002
    endloop
  endfacet
  facet normal 6.938894e-018 8.121333e-001 5.778102e-001
    outer loop
      vertex   -6.400000e+001 5.583378e+001 1.897355e+002
      vertex   -6.000000e+001 5.602243e+001 1.894703e+002
      vertex   -6.400000e+001 5.602243e+001 1.894703e+002
    endloop
  endfacet
  facet normal -0.000000e+000 6.287212e-002 5.120622e-002
    outer loop
      vertex   -6.400000e+001 5.602243e+001 1.894703e+002
      vertex   -6.000000e+001 5.602243e+001 1.894703e+002
      vertex   -6.000000e+001 5.622793e+001 1.892180e+002
    endloop
  endfacet
  facet normal 0.000000e+000 7.728201e-001 6.294236e-001
    outer loop
      vertex   -6.400000e+001 5.602243e+001 1.894703e+002
      vertex   -6.000000e+001 5.622793e+001 1.892180e+002
      vertex   -6.400000e+001 5.622793e+001 1.892180e+002
    endloop
  endfacet
  facet normal -0.000000e+000 5.940459e-002 5.518612e-002
    outer loop
      vertex   -6.400000e+001 5.622793e+001 1.892180e+002
      vertex   -6.000000e+001 5.622793e+001 1.892180e+002
      vertex   -6.000000e+001 5.644940e+001 1.889796e+002
    endloop
  endfacet
  facet normal 6.938894e-018 7.302292e-001 6.783738e-001
    outer loop
      vertex   -6.400000e+001 5.622793e+001 1.892180e+002
      vertex   -6.000000e+001 5.644940e+001 1.889796e+002
      vertex   -6.400000e+001 5.644940e+001 1.889796e+002
    endloop
  endfacet
  facet normal -0.000000e+000 5.569369e-002 5.893406e-002
    outer loop
      vertex   -6.400000e+001 5.644940e+001 1.889796e+002
      vertex   -6.000000e+001 5.644940e+001 1.889796e+002
      vertex   -6.000000e+001 5.668592e+001 1.887561e+002
    endloop
  endfacet
  facet normal -6.938894e-018 6.845818e-001 7.244121e-001
    outer loop
      vertex   -6.400000e+001 5.644940e+001 1.889796e+002
      vertex   -6.000000e+001 5.668592e+001 1.887561e+002
      vertex   -6.400000e+001 5.668592e+001 1.887561e+002
    endloop
  endfacet
  facet normal -0.000000e+000 5.173947e-002 6.243203e-002
    outer loop
      vertex   -6.400000e+001 5.668592e+001 1.887561e+002
      vertex   -6.000000e+001 5.668592e+001 1.887561e+002
      vertex   -6.000000e+001 5.693647e+001 1.885484e+002
    endloop
  endfacet
  facet normal -6.938894e-018 6.359904e-001 7.674252e-001
    outer loop
      vertex   -6.400000e+001 5.668592e+001 1.887561e+002
      vertex   -6.000000e+001 5.693647e+001 1.885484e+002
      vertex   -6.400000e+001 5.693647e+001 1.885484e+002
    endloop
  endfacet
  facet normal -0.000000e+000 4.756853e-002 6.566574e-002
    outer loop
      vertex   -6.400000e+001 5.693647e+001 1.885484e+002
      vertex   -6.000000e+001 5.693647e+001 1.885484e+002
      vertex   -6.000000e+001 5.720000e+001 1.883575e+002
    endloop
  endfacet
  facet normal -6.938894e-018 5.847194e-001 8.071731e-001
    outer loop
      vertex   -6.400000e+001 5.693647e+001 1.885484e+002
      vertex   -6.000000e+001 5.720000e+001 1.883575e+002
      vertex   -6.400000e+001 5.720000e+001 1.883575e+002
    endloop
  endfacet
  facet normal -8.098398e-001 -0.000000e+000 0.000000e+000
    outer loop
      vertex   -6.400000e+001 5.720000e+001 1.966425e+002
      vertex   -6.400000e+001 5.693647e+001 1.964516e+002
      vertex   -6.400000e+001 5.720000e+001 2.000000e+002
    endloop
  endfacet
  facet normal -6.185176e-002 0.000000e+000 0.000000e+000
    outer loop
      vertex   -6.400000e+001 5.720000e+001 2.000000e+002
      vertex   -6.400000e+001 5.693647e+001 1.964516e+002
      vertex   -6.400000e+001 5.668592e+001 1.962439e+002
    endloop
  endfacet
  facet normal -5.037866e-002 0.000000e+000 0.000000e+000
    outer loop
      vertex   -6.400000e+001 5.720000e+001 2.000000e+002
      vertex   -6.400000e+001 5.668592e+001 1.962439e+002
      vertex   -6.400000e+001 5.644940e+001 1.960204e+002
    endloop
  endfacet
  facet normal -5.330317e-001 -0.000000e+000 0.000000e+000
    outer loop
      vertex   -6.400000e+001 5.644940e+001 1.960204e+002
      vertex   -6.400000e+001 5.622793e+001 1.957820e+002
      vertex   -6.400000e+001 5.720000e+001 2.000000e+002
    endloop
  endfacet
  facet normal -3.106087e-002 0.000000e+000 0.000000e+000
    outer loop
      vertex   -6.400000e+001 5.720000e+001 2.000000e+002
      vertex   -6.400000e+001 5.622793e+001 1.957820e+002
      vertex   -6.400000e+001 5.602243e+001 1.955297e+002
    endloop
  endfacet
  facet normal -2.330932e-002 0.000000e+000 0.000000e+000
    outer loop
      vertex   -6.400000e+001 5.720000e+001 2.000000e+002
      vertex   -6.400000e+001 5.602243e+001 1.955297e+002
      vertex   -6.400000e+001 5.583378e+001 1.952645e+002
    endloop
  endfacet
  facet normal -2.690727e-001 -0.000000e+000 0.000000e+000
    outer loop
      vertex   -6.400000e+001 5.583378e+001 1.952645e+002
      vertex   -6.400000e+001 5.566277e+001 1.949877e+002
      vertex   -6.400000e+001 5.720000e+001 2.000000e+002
    endloop
  endfacet
  facet normal -1.108349e-002 0.000000e+000 0.000000e+000
    outer loop
      vertex   -6.400000e+001 5.720000e+001 2.000000e+002
      vertex   -6.400000e+001 5.566277e+001 1.949877e+002
      vertex   -6.400000e+001 5.551014e+001 1.947003e+002
    endloop
  endfacet
  facet normal -9.527397e-001 -0.000000e+000 0.000000e+000
    outer loop
      vertex   -6.400000e+001 5.720000e+001 2.000000e+002
      vertex   -6.400000e+001 5.551014e+001 1.947003e+002
      vertex   -6.400000e+001 5.000000e+001 2.000000e+002
    endloop
  endfacet
  facet normal -3.949171e-002 0.000000e+000 0.000000e+000
    outer loop
      vertex   -6.400000e+001 5.000000e+001 2.000000e+002
      vertex   -6.400000e+001 5.551014e+001 1.947003e+002
      vertex   -6.400000e+001 5.537653e+001 1.944035e+002
    endloop
  endfacet
  facet normal -3.710482e-002 0.000000e+000 0.000000e+000
    outer loop
      vertex   -6.400000e+001 5.000000e+001 2.000000e+002
      vertex   -6.400000e+001 5.537653e+001 1.944035e+002
      vertex   -6.400000e+001 5.526250e+001 1.940988e+002
    endloop
  endfacet
  facet normal -8.527179e-001 -0.000000e+000 0.000000e+000
    outer loop
      vertex   -6.400000e+001 5.526250e+001 1.940988e+002
      vertex   -6.400000e+001 5.516853e+001 1.937872e+002
      vertex   -6.400000e+001 5.000000e+001 2.000000e+002
    endloop
  endfacet
  facet normal -3.129998e-002 0.000000e+000 0.000000e+000
    outer loop
      vertex   -6.400000e+001 5.000000e+001 2.000000e+002
      vertex   -6.400000e+001 5.516853e+001 1.937872e+002
      vertex   -6.400000e+001 5.509504e+001 1.934702e+002
    endloop
  endfacet
  facet normal -2.810814e-002 0.000000e+000 0.000000e+000
    outer loop
      vertex   -6.400000e+001 5.000000e+001 2.000000e+002
      vertex   -6.400000e+001 5.509504e+001 1.934702e+002
      vertex   -6.400000e+001 5.504231e+001 1.931491e+002
    endloop
  endfacet
  facet normal -6.684517e-001 -0.000000e+000 0.000000e+000
    outer loop
      vertex   -6.400000e+001 5.504231e+001 1.931491e+002
      vertex   -6.400000e+001 5.501059e+001 1.928252e+002
      vertex   -6.400000e+001 5.000000e+001 2.000000e+002
    endloop
  endfacet
  facet normal -2.162250e-002 0.000000e+000 0.000000e+000
    outer loop
      vertex   -6.400000e+001 5.000000e+001 2.000000e+002
      vertex   -6.400000e+001 5.501059e+001 1.928252e+002
      vertex   -6.400000e+001 5.500000e+001 1.925000e+002
    endloop
  endfacet
  facet normal -1.846761e-002 0.000000e+000 0.000000e+000
    outer loop
      vertex   -6.400000e+001 5.000000e+001 2.000000e+002
      vertex   -6.400000e+001 5.500000e+001 1.925000e+002
      vertex   -6.400000e+001 5.501059e+001 1.921748e+002
    endloop
  endfacet
  facet normal -4.545749e-001 -0.000000e+000 -0.000000e+000
    outer loop
      vertex   -6.400000e+001 5.501059e+001 1.921748e+002
      vertex   -6.400000e+001 5.504231e+001 1.918509e+002
      vertex   -6.400000e+001 5.000000e+001 2.000000e+002
    endloop
  endfacet
  facet normal -5.261755e-001 0.000000e+000 0.000000e+000
    outer loop
      vertex   -6.400000e+001 5.000000e+001 2.000000e+002
      vertex   -6.400000e+001 5.504231e+001 1.918509e+002
      vertex   -6.400000e+001 5.000000e+001 1.500000e+002
    endloop
  endfacet
  facet normal -2.169021e-003 0.000000e+000 0.000000e+000
    outer loop
      vertex   -6.400000e+001 5.000000e+001 1.500000e+002
      vertex   -6.400000e+001 5.504231e+001 1.918509e+002
      vertex   -6.400000e+001 5.509504e+001 1.915298e+002
    endloop
  endfacet
  facet normal -2.685704e-003 0.000000e+000 0.000000e+000
    outer loop
      vertex   -6.400000e+001 5.000000e+001 1.500000e+002
      vertex   -6.400000e+001 5.509504e+001 1.915298e+002
      vertex   -6.400000e+001 5.516853e+001 1.912128e+002
    endloop
  endfacet
  facet normal -4.056415e-001 0.000000e+000 -0.000000e+000
    outer loop
      vertex   -6.400000e+001 5.516853e+001 1.912128e+002
      vertex   -6.400000e+001 5.526250e+001 1.909012e+002
      vertex   -6.400000e+001 5.000000e+001 1.500000e+002
    endloop
  endfacet
  facet normal -3.711607e-003 0.000000e+000 0.000000e+000
    outer loop
      vertex   -6.400000e+001 5.000000e+001 1.500000e+002
      vertex   -6.400000e+001 5.526250e+001 1.909012e+002
      vertex   -6.400000e+001 5.537653e+001 1.905965e+002
    endloop
  endfacet
  facet normal -8.534470e-001 0.000000e+000 0.000000e+000
    outer loop
      vertex   -6.400000e+001 5.000000e+001 1.500000e+002
      vertex   -6.400000e+001 5.537653e+001 1.905965e+002
      vertex   -6.400000e+001 5.720000e+001 1.441788e+002
    endloop
  endfacet
  facet normal -2.640479e-003 0.000000e+000 0.000000e+000
    outer loop
      vertex   -6.400000e+001 5.720000e+001 1.441788e+002
      vertex   -6.400000e+001 5.537653e+001 1.905965e+002
      vertex   -6.400000e+001 5.551014e+001 1.902997e+002
    endloop
  endfacet
  facet normal -3.096520e-003 0.000000e+000 0.000000e+000
    outer loop
      vertex   -6.400000e+001 5.720000e+001 1.441788e+002
      vertex   -6.400000e+001 5.551014e+001 1.902997e+002
      vertex   -6.400000e+001 5.566277e+001 1.900123e+002
    endloop
  endfacet
  facet normal -4.966927e-001 0.000000e+000 0.000000e+000
    outer loop
      vertex   -6.400000e+001 5.566277e+001 1.900123e+002
      vertex   -6.400000e+001 5.583378e+001 1.897355e+002
      vertex   -6.400000e+001 5.720000e+001 1.441788e+002
    endloop
  endfacet
  facet normal -3.986488e-003 0.000000e+000 0.000000e+000
    outer loop
      vertex   -6.400000e+001 5.720000e+001 1.441788e+002
      vertex   -6.400000e+001 5.583378e+001 1.897355e+002
      vertex   -6.400000e+001 5.602243e+001 1.894703e+002
    endloop
  endfacet
  facet normal -4.414546e-003 0.000000e+000 0.000000e+000
    outer loop
      vertex   -6.400000e+001 5.720000e+001 1.441788e+002
      vertex   -6.400000e+001 5.602243e+001 1.894703e+002
      vertex   -6.400000e+001 5.622793e+001 1.892180e+002
    endloop
  endfacet
  facet normal -6.646475e-001 0.000000e+000 0.000000e+000
    outer loop
      vertex   -6.400000e+001 5.622793e+001 1.892180e+002
      vertex   -6.400000e+001 5.644940e+001 1.889796e+002
      vertex   -6.400000e+001 5.720000e+001 1.441788e+002
    endloop
  endfacet
  facet normal -5.220641e-003 0.000000e+000 0.000000e+000
    outer loop
      vertex   -6.400000e+001 5.720000e+001 1.441788e+002
      vertex   -6.400000e+001 5.644940e+001 1.889796e+002
      vertex   -6.400000e+001 5.668592e+001 1.887561e+002
    endloop
  endfacet
  facet normal -5.592505e-003 0.000000e+000 0.000000e+000
    outer loop
      vertex   -6.400000e+001 5.720000e+001 1.441788e+002
      vertex   -6.400000e+001 5.668592e+001 1.887561e+002
      vertex   -6.400000e+001 5.693647e+001 1.885484e+002
    endloop
  endfacet
  facet normal -8.063412e-001 0.000000e+000 0.000000e+000
    outer loop
      vertex   -6.400000e+001 5.693647e+001 1.885484e+002
      vertex   -6.400000e+001 5.720000e+001 1.883575e+002
      vertex   -6.400000e+001 5.720000e+001 1.441788e+002
    endloop
  endfacet
  facet normal -7.776327e-001 0.000000e+000 0.000000e+000
    outer loop
      vertex   -6.400000e+001 5.000000e+001 1.500000e+002
      vertex   -6.400000e+001 5.720000e+001 1.441788e+002
      vertex   -6.400000e+001 5.000000e+001 1.000000e+002
    endloop
  endfacet
  facet normal -9.869785e-001 0.000000e+000 0.000000e+000
    outer loop
      vertex   -6.400000e+001 5.000000e+001 1.000000e+002
      vertex   -6.400000e+001 5.720000e+001 1.441788e+002
      vertex   -6.400000e+001 5.720000e+001 1.000000e+002
    endloop
  endfacet
  facet normal -9.869785e-001 0.000000e+000 0.000000e+000
    outer loop
      vertex   -6.400000e+001 5.000000e+001 1.000000e+002
      vertex   -6.400000e+001 5.720000e+001 1.000000e+002
      vertex   -6.400000e+001 5.720000e+001 5.582123e+001
    endloop
  endfacet
  facet normal -8.098328e-001 -0.000000e+000 0.000000e+000
    outer loop
      vertex   -6.400000e+001 5.720000e+001 1.164246e+001
      vertex   -6.400000e+001 5.693647e+001 1.145156e+001
      vertex   -6.400000e+001 5.720000e+001 5.582123e+001
    endloop
  endfacet
  facet normal -5.592504e-003 0.000000e+000 0.000000e+000
    outer loop
      vertex   -6.400000e+001 5.720000e+001 5.582123e+001
      vertex   -6.400000e+001 5.693647e+001 1.145156e+001
      vertex   -6.400000e+001 5.668592e+001 1.124391e+001
    endloop
  endfacet
  facet normal -5.220643e-003 0.000000e+000 0.000000e+000
    outer loop
      vertex   -6.400000e+001 5.720000e+001 5.582123e+001
      vertex   -6.400000e+001 5.668592e+001 1.124391e+001
      vertex   -6.400000e+001 5.644940e+001 1.102041e+001
    endloop
  endfacet
  facet normal -6.682284e-001 -0.000000e+000 0.000000e+000
    outer loop
      vertex   -6.400000e+001 5.644940e+001 1.102041e+001
      vertex   -6.400000e+001 5.622793e+001 1.078199e+001
      vertex   -6.400000e+001 5.720000e+001 5.582123e+001
    endloop
  endfacet
  facet normal -4.414548e-003 0.000000e+000 0.000000e+000
    outer loop
      vertex   -6.400000e+001 5.720000e+001 5.582123e+001
      vertex   -6.400000e+001 5.622793e+001 1.078199e+001
      vertex   -6.400000e+001 5.602243e+001 1.052967e+001
    endloop
  endfacet
  facet normal -3.986488e-003 0.000000e+000 0.000000e+000
    outer loop
      vertex   -6.400000e+001 5.720000e+001 5.582123e+001
      vertex   -6.400000e+001 5.602243e+001 1.052967e+001
      vertex   -6.400000e+001 5.583378e+001 1.026452e+001
    endloop
  endfacet
  facet normal -4.997621e-001 -0.000000e+000 0.000000e+000
    outer loop
      vertex   -6.400000e+001 5.583378e+001 1.026452e+001
      vertex   -6.400000e+001 5.566277e+001 9.987664e+000
      vertex   -6.400000e+001 5.720000e+001 5.582123e+001
    endloop
  endfacet
  facet normal -3.096523e-003 0.000000e+000 0.000000e+000
    outer loop
      vertex   -6.400000e+001 5.720000e+001 5.582123e+001
      vertex   -6.400000e+001 5.566277e+001 9.987664e+000
      vertex   -6.400000e+001 5.551014e+001 9.700268e+000
    endloop
  endfacet
  facet normal -2.640486e-003 0.000000e+000 0.000000e+000
    outer loop
      vertex   -6.400000e+001 5.720000e+001 5.582123e+001
      vertex   -6.400000e+001 5.551014e+001 9.700268e+000
      vertex   -6.400000e+001 5.537653e+001 9.403551e+000
    endloop
  endfacet
  facet normal -7.523535e-001 0.000000e+000 0.000000e+000
    outer loop
      vertex   -6.400000e+001 5.720000e+001 5.582123e+001
      vertex   -6.400000e+001 5.537653e+001 9.403551e+000
      vertex   -6.400000e+001 5.000000e+001 5.000000e+001
    endloop
  endfacet
  facet normal -3.711607e-003 0.000000e+000 0.000000e+000
    outer loop
      vertex   -6.400000e+001 5.000000e+001 5.000000e+001
      vertex   -6.400000e+001 5.537653e+001 9.403551e+000
      vertex   -6.400000e+001 5.526250e+001 9.098771e+000
    endloop
  endfacet
  facet normal -3.200935e-003 0.000000e+000 0.000000e+000
    outer loop
      vertex   -6.400000e+001 5.000000e+001 5.000000e+001
      vertex   -6.400000e+001 5.526250e+001 9.098771e+000
      vertex   -6.400000e+001 5.516853e+001 8.787220e+000
    endloop
  endfacet
  facet normal -3.453259e-001 -0.000000e+000 0.000000e+000
    outer loop
      vertex   -6.400000e+001 5.516853e+001 8.787220e+000
      vertex   -6.400000e+001 5.509504e+001 8.470217e+000
      vertex   -6.400000e+001 5.000000e+001 5.000000e+001
    endloop
  endfacet
  facet normal -2.169043e-003 0.000000e+000 0.000000e+000
    outer loop
      vertex   -6.400000e+001 5.000000e+001 5.000000e+001
      vertex   -6.400000e+001 5.509504e+001 8.470217e+000
      vertex   -6.400000e+001 5.504231e+001 8.149103e+000
    endloop
  endfacet
  facet normal -1.196177e-001 0.000000e+000 0.000000e+000
    outer loop
      vertex   -6.400000e+001 5.000000e+001 5.000000e+001
      vertex   -6.400000e+001 5.504231e+001 8.149103e+000
      vertex   -6.400000e+001 5.000000e+001 0.000000e+000
    endloop
  endfacet
  facet normal -1.543617e-002 0.000000e+000 0.000000e+000
    outer loop
      vertex   -6.400000e+001 5.000000e+001 0.000000e+000
      vertex   -6.400000e+001 5.504231e+001 8.149103e+000
      vertex   -6.400000e+001 5.501059e+001 7.825241e+000
    endloop
  endfacet
  facet normal -1.846759e-002 0.000000e+000 0.000000e+000
    outer loop
      vertex   -6.400000e+001 5.000000e+001 0.000000e+000
      vertex   -6.400000e+001 5.501059e+001 7.825241e+000
      vertex   -6.400000e+001 5.500000e+001 7.500000e+000
    endloop
  endfacet
  facet normal -5.814830e-001 0.000000e+000 -0.000000e+000
    outer loop
      vertex   -6.400000e+001 5.500000e+001 7.500000e+000
      vertex   -6.400000e+001 5.501059e+001 7.174759e+000
      vertex   -6.400000e+001 5.000000e+001 0.000000e+000
    endloop
  endfacet
  facet normal -2.485640e-002 0.000000e+000 0.000000e+000
    outer loop
      vertex   -6.400000e+001 5.000000e+001 0.000000e+000
      vertex   -6.400000e+001 5.501059e+001 7.174759e+000
      vertex   -6.400000e+001 5.504231e+001 6.850897e+000
    endloop
  endfacet
  facet normal -2.810865e-002 0.000000e+000 0.000000e+000
    outer loop
      vertex   -6.400000e+001 5.000000e+001 0.000000e+000
      vertex   -6.400000e+001 5.504231e+001 6.850897e+000
      vertex   -6.400000e+001 5.509504e+001 6.529784e+000
    endloop
  endfacet
  facet normal -7.773386e-001 0.000000e+000 -0.000000e+000
    outer loop
      vertex   -6.400000e+001 5.509504e+001 6.529784e+000
      vertex   -6.400000e+001 5.516853e+001 6.212780e+000
      vertex   -6.400000e+001 5.000000e+001 0.000000e+000
    endloop
  endfacet
  facet normal -3.433547e-002 0.000000e+000 0.000000e+000
    outer loop
      vertex   -6.400000e+001 5.000000e+001 0.000000e+000
      vertex   -6.400000e+001 5.516853e+001 6.212780e+000
      vertex   -6.400000e+001 5.526250e+001 5.901228e+000
    endloop
  endfacet
  facet normal -3.710487e-002 0.000000e+000 0.000000e+000
    outer loop
      vertex   -6.400000e+001 5.000000e+001 0.000000e+000
      vertex   -6.400000e+001 5.526250e+001 5.901228e+000
      vertex   -6.400000e+001 5.537653e+001 5.596449e+000
    endloop
  endfacet
  facet normal -9.277987e-001 0.000000e+000 -0.000000e+000
    outer loop
      vertex   -6.400000e+001 5.537653e+001 5.596449e+000
      vertex   -6.400000e+001 5.551014e+001 5.299733e+000
      vertex   -6.400000e+001 5.000000e+001 0.000000e+000
    endloop
  endfacet
  facet normal -6.932119e-001 0.000000e+000 0.000000e+000
    outer loop
      vertex   -6.400000e+001 5.000000e+001 0.000000e+000
      vertex   -6.400000e+001 5.551014e+001 5.299733e+000
      vertex   -6.400000e+001 5.720000e+001 0.000000e+000
    endloop
  endfacet
  facet normal -1.108363e-002 0.000000e+000 0.000000e+000
    outer loop
      vertex   -6.400000e+001 5.720000e+001 0.000000e+000
      vertex   -6.400000e+001 5.551014e+001 5.299733e+000
      vertex   -6.400000e+001 5.566277e+001 5.012336e+000
    endloop
  endfacet
  facet normal -1.670070e-002 0.000000e+000 0.000000e+000
    outer loop
      vertex   -6.400000e+001 5.720000e+001 0.000000e+000
      vertex   -6.400000e+001 5.566277e+001 5.012336e+000
      vertex   -6.400000e+001 5.583378e+001 4.735476e+000
    endloop
  endfacet
  facet normal -3.311363e-001 0.000000e+000 0.000000e+000
    outer loop
      vertex   -6.400000e+001 5.583378e+001 4.735476e+000
      vertex   -6.400000e+001 5.602243e+001 4.470326e+000
      vertex   -6.400000e+001 5.720000e+001 0.000000e+000
    endloop
  endfacet
  facet normal -3.106098e-002 0.000000e+000 0.000000e+000
    outer loop
      vertex   -6.400000e+001 5.720000e+001 0.000000e+000
      vertex   -6.400000e+001 5.602243e+001 4.470326e+000
      vertex   -6.400000e+001 5.622793e+001 4.218009e+000
    endloop
  endfacet
  facet normal -4.007038e-002 0.000000e+000 0.000000e+000
    outer loop
      vertex   -6.400000e+001 5.720000e+001 0.000000e+000
      vertex   -6.400000e+001 5.622793e+001 4.218009e+000
      vertex   -6.400000e+001 5.644940e+001 3.979594e+000
    endloop
  endfacet
  facet normal -5.869232e-001 0.000000e+000 0.000000e+000
    outer loop
      vertex   -6.400000e+001 5.644940e+001 3.979594e+000
      vertex   -6.400000e+001 5.668592e+001 3.756090e+000
      vertex   -6.400000e+001 5.720000e+001 0.000000e+000
    endloop
  endfacet
  facet normal -6.185164e-002 0.000000e+000 0.000000e+000
    outer loop
      vertex   -6.400000e+001 5.720000e+001 0.000000e+000
      vertex   -6.400000e+001 5.668592e+001 3.756090e+000
      vertex   -6.400000e+001 5.693647e+001 3.548445e+000
    endloop
  endfacet
  facet normal -7.406258e-002 0.000000e+000 0.000000e+000
    outer loop
      vertex   -6.400000e+001 5.720000e+001 0.000000e+000
      vertex   -6.400000e+001 5.693647e+001 3.548445e+000
      vertex   -6.400000e+001 5.720000e+001 3.357537e+000
    endloop
  endfacet
  facet normal -7.776324e-001 0.000000e+000 0.000000e+000
    outer loop
      vertex   -6.400000e+001 5.000000e+001 5.000000e+001
      vertex   -6.400000e+001 5.000000e+001 1.000000e+002
      vertex   -6.400000e+001 5.720000e+001 5.582123e+001
    endloop
  endfacet
  facet normal -0.000000e+000 1.000000e+000 0.000000e+000
    outer loop
      vertex   -6.400000e+001 5.720000e+001 1.883575e+002
      vertex   -6.000000e+001 5.720000e+001 1.883575e+002
      vertex   -6.400000e+001 5.720000e+001 1.441788e+002
    endloop
  endfacet
  facet normal 0.000000e+000 9.959262e-001 0.000000e+000
    outer loop
      vertex   -6.400000e+001 5.720000e+001 1.441788e+002
      vertex   -6.000000e+001 5.720000e+001 1.883575e+002
      vertex   -6.000000e+001 5.720000e+001 1.441788e+002
    endloop
  endfacet
  facet normal -0.000000e+000 1.000000e+000 0.000000e+000
    outer loop
      vertex   -6.400000e+001 5.720000e+001 1.441788e+002
      vertex   -6.000000e+001 5.720000e+001 1.441788e+002
      vertex   -6.400000e+001 5.720000e+001 1.000000e+002
    endloop
  endfacet
  facet normal 0.000000e+000 9.959262e-001 0.000000e+000
    outer loop
      vertex   -6.400000e+001 5.720000e+001 1.000000e+002
      vertex   -6.000000e+001 5.720000e+001 1.441788e+002
      vertex   -6.000000e+001 5.720000e+001 1.000000e+002
    endloop
  endfacet
  facet normal -0.000000e+000 1.000000e+000 0.000000e+000
    outer loop
      vertex   -6.400000e+001 5.720000e+001 1.000000e+002
      vertex   -6.000000e+001 5.720000e+001 1.000000e+002
      vertex   -6.400000e+001 5.720000e+001 5.582123e+001
    endloop
  endfacet
  facet normal 0.000000e+000 9.959262e-001 0.000000e+000
    outer loop
      vertex   -6.400000e+001 5.720000e+001 5.582123e+001
      vertex   -6.000000e+001 5.720000e+001 1.000000e+002
      vertex   -6.000000e+001 5.720000e+001 5.582123e+001
    endloop
  endfacet
  facet normal -0.000000e+000 1.000000e+000 0.000000e+000
    outer loop
      vertex   -6.400000e+001 5.720000e+001 5.582123e+001
      vertex   -6.000000e+001 5.720000e+001 5.582123e+001
      vertex   -6.400000e+001 5.720000e+001 1.164246e+001
    endloop
  endfacet
  facet normal 0.000000e+000 9.959262e-001 0.000000e+000
    outer loop
      vertex   -6.400000e+001 5.720000e+001 1.164246e+001
      vertex   -6.000000e+001 5.720000e+001 5.582123e+001
      vertex   -6.000000e+001 5.720000e+001 1.164246e+001
    endloop
  endfacet
  facet normal 8.098398e-001 -0.000000e+000 0.000000e+000
    outer loop
      vertex   -6.000000e+001 6.280000e+001 1.966425e+002
      vertex   -6.000000e+001 6.306353e+001 1.964516e+002
      vertex   -6.000000e+001 6.280000e+001 2.000000e+002
    endloop
  endfacet
  facet normal 6.185176e-002 0.000000e+000 0.000000e+000
    outer loop
      vertex   -6.000000e+001 6.280000e+001 2.000000e+002
      vertex   -6.000000e+001 6.306353e+001 1.964516e+002
      vertex   -6.000000e+001 6.331408e+001 1.962439e+002
    endloop
  endfacet
  facet normal 5.037866e-002 0.000000e+000 0.000000e+000
    outer loop
      vertex   -6.000000e+001 6.280000e+001 2.000000e+002
      vertex   -6.000000e+001 6.331408e+001 1.962439e+002
      vertex   -6.000000e+001 6.355060e+001 1.960204e+002
    endloop
  endfacet
  facet normal 5.330317e-001 -0.000000e+000 -0.000000e+000
    outer loop
      vertex   -6.000000e+001 6.355060e+001 1.960204e+002
      vertex   -6.000000e+001 6.377207e+001 1.957820e+002
      vertex   -6.000000e+001 6.280000e+001 2.000000e+002
    endloop
  endfacet
  facet normal 3.106087e-002 0.000000e+000 0.000000e+000
    outer loop
      vertex   -6.000000e+001 6.280000e+001 2.000000e+002
      vertex   -6.000000e+001 6.377207e+001 1.957820e+002
      vertex   -6.000000e+001 6.397757e+001 1.955297e+002
    endloop
  endfacet
  facet normal 9.670120e-001 -0.000000e+000 0.000000e+000
    outer loop
      vertex   -6.000000e+001 6.280000e+001 2.000000e+002
      vertex   -6.000000e+001 6.397757e+001 1.955297e+002
      vertex   -6.000000e+001 6.600000e+001 2.000000e+002
    endloop
  endfacet
  facet normal 5.536880e-002 0.000000e+000 0.000000e+000
    outer loop
      vertex   -6.000000e+001 6.600000e+001 2.000000e+002
      vertex   -6.000000e+001 6.397757e+001 1.955297e+002
      vertex   -6.000000e+001 6.416622e+001 1.952645e+002
    endloop
  endfacet
  facet normal 4.912809e-002 0.000000e+000 0.000000e+000
    outer loop
      vertex   -6.000000e+001 6.600000e+001 2.000000e+002
      vertex   -6.000000e+001 6.416622e+001 1.952645e+002
      vertex   -6.000000e+001 6.433723e+001 1.949877e+002
    endloop
  endfacet
  facet normal 7.232650e-001 -0.000000e+000 0.000000e+000
    outer loop
      vertex   -6.000000e+001 6.433723e+001 1.949877e+002
      vertex   -6.000000e+001 6.448986e+001 1.947003e+002
      vertex   -6.000000e+001 6.600000e+001 2.000000e+002
    endloop
  endfacet
  facet normal 3.640514e-002 0.000000e+000 0.000000e+000
    outer loop
      vertex   -6.000000e+001 6.600000e+001 2.000000e+002
      vertex   -6.000000e+001 6.448986e+001 1.947003e+002
      vertex   -6.000000e+001 6.462347e+001 1.944035e+002
    endloop
  endfacet
  facet normal 3.041107e-002 0.000000e+000 0.000000e+000
    outer loop
      vertex   -6.000000e+001 6.600000e+001 2.000000e+002
      vertex   -6.000000e+001 6.462347e+001 1.944035e+002
      vertex   -6.000000e+001 6.473750e+001 1.940988e+002
    endloop
  endfacet
  facet normal 4.826533e-001 -0.000000e+000 0.000000e+000
    outer loop
      vertex   -6.000000e+001 6.473750e+001 1.940988e+002
      vertex   -6.000000e+001 6.483147e+001 1.937872e+002
      vertex   -6.000000e+001 6.600000e+001 2.000000e+002
    endloop
  endfacet
  facet normal 1.976009e-002 0.000000e+000 0.000000e+000
    outer loop
      vertex   -6.000000e+001 6.600000e+001 2.000000e+002
      vertex   -6.000000e+001 6.483147e+001 1.937872e+002
      vertex   -6.000000e+001 6.490497e+001 1.934702e+002
    endloop
  endfacet
  facet normal 1.516659e-002 0.000000e+000 0.000000e+000
    outer loop
      vertex   -6.000000e+001 6.600000e+001 2.000000e+002
      vertex   -6.000000e+001 6.490497e+001 1.934702e+002
      vertex   -6.000000e+001 6.495769e+001 1.931491e+002
    endloop
  endfacet
  facet normal 2.460703e-001 -0.000000e+000 0.000000e+000
    outer loop
      vertex   -6.000000e+001 6.495769e+001 1.931491e+002
      vertex   -6.000000e+001 6.498941e+001 1.928252e+002
      vertex   -6.000000e+001 6.600000e+001 2.000000e+002
    endloop
  endfacet
  facet normal 7.381295e-003 0.000000e+000 0.000000e+000
    outer loop
      vertex   -6.000000e+001 6.600000e+001 2.000000e+002
      vertex   -6.000000e+001 6.498941e+001 1.928252e+002
      vertex   -6.000000e+001 6.500000e+001 1.925000e+002
    endloop
  endfacet
  facet normal 4.117545e-003 0.000000e+000 0.000000e+000
    outer loop
      vertex   -6.000000e+001 6.600000e+001 2.000000e+002
      vertex   -6.000000e+001 6.500000e+001 1.925000e+002
      vertex   -6.000000e+001 6.498941e+001 1.921748e+002
    endloop
  endfacet
  facet normal 1.280812e-001 0.000000e+000 0.000000e+000
    outer loop
      vertex   -6.000000e+001 6.600000e+001 2.000000e+002
      vertex   -6.000000e+001 6.498941e+001 1.921748e+002
      vertex   -6.000000e+001 6.600000e+001 1.500000e+002
    endloop
  endfacet
  facet normal 9.428703e-004 0.000000e+000 0.000000e+000
    outer loop
      vertex   -6.000000e+001 6.600000e+001 1.500000e+002
      vertex   -6.000000e+001 6.498941e+001 1.921748e+002
      vertex   -6.000000e+001 6.495769e+001 1.918509e+002
    endloop
  endfacet
  facet normal 1.461035e-003 0.000000e+000 0.000000e+000
    outer loop
      vertex   -6.000000e+001 6.600000e+001 1.500000e+002
      vertex   -6.000000e+001 6.495769e+001 1.918509e+002
      vertex   -6.000000e+001 6.490497e+001 1.915298e+002
    endloop
  endfacet
  facet normal 2.514716e-001 0.000000e+000 0.000000e+000
    outer loop
      vertex   -6.000000e+001 6.490497e+001 1.915298e+002
      vertex   -6.000000e+001 6.483147e+001 1.912128e+002
      vertex   -6.000000e+001 6.600000e+001 1.500000e+002
    endloop
  endfacet
  facet normal 2.511101e-003 0.000000e+000 0.000000e+000
    outer loop
      vertex   -6.000000e+001 6.600000e+001 1.500000e+002
      vertex   -6.000000e+001 6.483147e+001 1.912128e+002
      vertex   -6.000000e+001 6.473750e+001 1.909012e+002
    endloop
  endfacet
  facet normal 3.037381e-003 0.000000e+000 0.000000e+000
    outer loop
      vertex   -6.000000e+001 6.600000e+001 1.500000e+002
      vertex   -6.000000e+001 6.473750e+001 1.909012e+002
      vertex   -6.000000e+001 6.462347e+001 1.905965e+002
    endloop
  endfacet
  facet normal 4.412548e-001 0.000000e+000 0.000000e+000
    outer loop
      vertex   -6.000000e+001 6.462347e+001 1.905965e+002
      vertex   -6.000000e+001 6.448986e+001 1.902997e+002
      vertex   -6.000000e+001 6.600000e+001 1.500000e+002
    endloop
  endfacet
  facet normal 4.077440e-003 0.000000e+000 0.000000e+000
    outer loop
      vertex   -6.000000e+001 6.600000e+001 1.500000e+002
      vertex   -6.000000e+001 6.448986e+001 1.902997e+002
      vertex   -6.000000e+001 6.433723e+001 1.900123e+002
    endloop
  endfacet
  facet normal 4.584295e-003 0.000000e+000 0.000000e+000
    outer loop
      vertex   -6.000000e+001 6.600000e+001 1.500000e+002
      vertex   -6.000000e+001 6.433723e+001 1.900123e+002
      vertex   -6.000000e+001 6.416622e+001 1.897355e+002
    endloop
  endfacet
  facet normal 5.216120e-001 0.000000e+000 0.000000e+000
    outer loop
      vertex   -6.000000e+001 6.600000e+001 1.500000e+002
      vertex   -6.000000e+001 6.416622e+001 1.897355e+002
      vertex   -6.000000e+001 6.280000e+001 1.441788e+002
    endloop
  endfacet
  facet normal 3.986488e-003 0.000000e+000 0.000000e+000
    outer loop
      vertex   -6.000000e+001 6.280000e+001 1.441788e+002
      vertex   -6.000000e+001 6.416622e+001 1.897355e+002
      vertex   -6.000000e+001 6.397757e+001 1.894703e+002
    endloop
  endfacet
  facet normal 4.414546e-003 0.000000e+000 0.000000e+000
    outer loop
      vertex   -6.000000e+001 6.280000e+001 1.441788e+002
      vertex   -6.000000e+001 6.397757e+001 1.894703e+002
      vertex   -6.000000e+001 6.377207e+001 1.892180e+002
    endloop
  endfacet
  facet normal 6.646475e-001 0.000000e+000 0.000000e+000
    outer loop
      vertex   -6.000000e+001 6.377207e+001 1.892180e+002
      vertex   -6.000000e+001 6.355060e+001 1.889796e+002
      vertex   -6.000000e+001 6.280000e+001 1.441788e+002
    endloop
  endfacet
  facet normal 5.220641e-003 0.000000e+000 0.000000e+000
    outer loop
      vertex   -6.000000e+001 6.280000e+001 1.441788e+002
      vertex   -6.000000e+001 6.355060e+001 1.889796e+002
      vertex   -6.000000e+001 6.331408e+001 1.887561e+002
    endloop
  endfacet
  facet normal 5.592505e-003 0.000000e+000 0.000000e+000
    outer loop
      vertex   -6.000000e+001 6.280000e+001 1.441788e+002
      vertex   -6.000000e+001 6.331408e+001 1.887561e+002
      vertex   -6.000000e+001 6.306353e+001 1.885484e+002
    endloop
  endfacet
  facet normal 8.063412e-001 0.000000e+000 0.000000e+000
    outer loop
      vertex   -6.000000e+001 6.306353e+001 1.885484e+002
      vertex   -6.000000e+001 6.280000e+001 1.883575e+002
      vertex   -6.000000e+001 6.280000e+001 1.441788e+002
    endloop
  endfacet
  facet normal 4.817252e-001 0.000000e+000 0.000000e+000
    outer loop
      vertex   -6.000000e+001 6.600000e+001 1.500000e+002
      vertex   -6.000000e+001 6.280000e+001 1.441788e+002
      vertex   -6.000000e+001 6.600000e+001 1.000000e+002
    endloop
  endfacet
  facet normal 9.973870e-001 0.000000e+000 0.000000e+000
    outer loop
      vertex   -6.000000e+001 6.600000e+001 1.000000e+002
      vertex   -6.000000e+001 6.280000e+001 1.441788e+002
      vertex   -6.000000e+001 6.280000e+001 1.000000e+002
    endloop
  endfacet
  facet normal 9.973870e-001 0.000000e+000 0.000000e+000
    outer loop
      vertex   -6.000000e+001 6.600000e+001 1.000000e+002
      vertex   -6.000000e+001 6.280000e+001 1.000000e+002
      vertex   -6.000000e+001 6.280000e+001 5.582123e+001
    endloop
  endfacet
  facet normal 8.098328e-001 -0.000000e+000 0.000000e+000
    outer loop
      vertex   -6.000000e+001 6.280000e+001 1.164246e+001
      vertex   -6.000000e+001 6.306353e+001 1.145156e+001
      vertex   -6.000000e+001 6.280000e+001 5.582123e+001
    endloop
  endfacet
  facet normal 5.592504e-003 0.000000e+000 0.000000e+000
    outer loop
      vertex   -6.000000e+001 6.280000e+001 5.582123e+001
      vertex   -6.000000e+001 6.306353e+001 1.145156e+001
      vertex   -6.000000e+001 6.331408e+001 1.124391e+001
    endloop
  endfacet
  facet normal 5.220643e-003 0.000000e+000 0.000000e+000
    outer loop
      vertex   -6.000000e+001 6.280000e+001 5.582123e+001
      vertex   -6.000000e+001 6.331408e+001 1.124391e+001
      vertex   -6.000000e+001 6.355060e+001 1.102041e+001
    endloop
  endfacet
  facet normal 6.682284e-001 -0.000000e+000 -0.000000e+000
    outer loop
      vertex   -6.000000e+001 6.355060e+001 1.102041e+001
      vertex   -6.000000e+001 6.377207e+001 1.078199e+001
      vertex   -6.000000e+001 6.280000e+001 5.582123e+001
    endloop
  endfacet
  facet normal 4.414548e-003 0.000000e+000 0.000000e+000
    outer loop
      vertex   -6.000000e+001 6.280000e+001 5.582123e+001
      vertex   -6.000000e+001 6.377207e+001 1.078199e+001
      vertex   -6.000000e+001 6.397757e+001 1.052967e+001
    endloop
  endfacet
  facet normal 3.986488e-003 0.000000e+000 0.000000e+000
    outer loop
      vertex   -6.000000e+001 6.280000e+001 5.582123e+001
      vertex   -6.000000e+001 6.397757e+001 1.052967e+001
      vertex   -6.000000e+001 6.416622e+001 1.026452e+001
    endloop
  endfacet
  facet normal 4.552398e-001 0.000000e+000 0.000000e+000
    outer loop
      vertex   -6.000000e+001 6.280000e+001 5.582123e+001
      vertex   -6.000000e+001 6.416622e+001 1.026452e+001
      vertex   -6.000000e+001 6.600000e+001 5.000000e+001
    endloop
  endfacet
  facet normal 4.584298e-003 0.000000e+000 0.000000e+000
    outer loop
      vertex   -6.000000e+001 6.600000e+001 5.000000e+001
      vertex   -6.000000e+001 6.416622e+001 1.026452e+001
      vertex   -6.000000e+001 6.433723e+001 9.987664e+000
    endloop
  endfacet
  facet normal 4.077436e-003 0.000000e+000 0.000000e+000
    outer loop
      vertex   -6.000000e+001 6.600000e+001 5.000000e+001
      vertex   -6.000000e+001 6.433723e+001 9.987664e+000
      vertex   -6.000000e+001 6.448986e+001 9.700268e+000
    endloop
  endfacet
  facet normal 4.444537e-001 -0.000000e+000 0.000000e+000
    outer loop
      vertex   -6.000000e+001 6.448986e+001 9.700268e+000
      vertex   -6.000000e+001 6.462347e+001 9.403551e+000
      vertex   -6.000000e+001 6.600000e+001 5.000000e+001
    endloop
  endfacet
  facet normal 3.037381e-003 0.000000e+000 0.000000e+000
    outer loop
      vertex   -6.000000e+001 6.600000e+001 5.000000e+001
      vertex   -6.000000e+001 6.462347e+001 9.403551e+000
      vertex   -6.000000e+001 6.473750e+001 9.098771e+000
    endloop
  endfacet
  facet normal 2.511098e-003 0.000000e+000 0.000000e+000
    outer loop
      vertex   -6.000000e+001 6.600000e+001 5.000000e+001
      vertex   -6.000000e+001 6.473750e+001 9.098771e+000
      vertex   -6.000000e+001 6.483147e+001 8.787220e+000
    endloop
  endfacet
  facet normal 2.533909e-001 -0.000000e+000 0.000000e+000
    outer loop
      vertex   -6.000000e+001 6.483147e+001 8.787220e+000
      vertex   -6.000000e+001 6.490497e+001 8.470217e+000
      vertex   -6.000000e+001 6.600000e+001 5.000000e+001
    endloop
  endfacet
  facet normal 1.461040e-003 0.000000e+000 0.000000e+000
    outer loop
      vertex   -6.000000e+001 6.600000e+001 5.000000e+001
      vertex   -6.000000e+001 6.490497e+001 8.470217e+000
      vertex   -6.000000e+001 6.495769e+001 8.149103e+000
    endloop
  endfacet
  facet normal 9.428657e-004 0.000000e+000 0.000000e+000
    outer loop
      vertex   -6.000000e+001 6.600000e+001 5.000000e+001
      vertex   -6.000000e+001 6.495769e+001 8.149103e+000
      vertex   -6.000000e+001 6.498941e+001 7.825241e+000
    endloop
  endfacet
  facet normal 2.395508e-002 0.000000e+000 0.000000e+000
    outer loop
      vertex   -6.000000e+001 6.600000e+001 5.000000e+001
      vertex   -6.000000e+001 6.498941e+001 7.825241e+000
      vertex   -6.000000e+001 6.600000e+001 0.000000e+000
    endloop
  endfacet
  facet normal 4.117537e-003 0.000000e+000 0.000000e+000
    outer loop
      vertex   -6.000000e+001 6.600000e+001 0.000000e+000
      vertex   -6.000000e+001 6.498941e+001 7.825241e+000
      vertex   -6.000000e+001 6.500000e+001 7.500000e+000
    endloop
  endfacet
  facet normal 7.381286e-003 0.000000e+000 0.000000e+000
    outer loop
      vertex   -6.000000e+001 6.600000e+001 0.000000e+000
      vertex   -6.000000e+001 6.500000e+001 7.500000e+000
      vertex   -6.000000e+001 6.498941e+001 7.174759e+000
    endloop
  endfacet
  facet normal 2.353450e-001 0.000000e+000 0.000000e+000
    outer loop
      vertex   -6.000000e+001 6.498941e+001 7.174759e+000
      vertex   -6.000000e+001 6.495769e+001 6.850897e+000
      vertex   -6.000000e+001 6.600000e+001 0.000000e+000
    endloop
  endfacet
  facet normal 1.516675e-002 0.000000e+000 0.000000e+000
    outer loop
      vertex   -6.000000e+001 6.600000e+001 0.000000e+000
      vertex   -6.000000e+001 6.495769e+001 6.850897e+000
      vertex   -6.000000e+001 6.490497e+001 6.529784e+000
    endloop
  endfacet
  facet normal 1.976016e-002 0.000000e+000 0.000000e+000
    outer loop
      vertex   -6.000000e+001 6.600000e+001 0.000000e+000
      vertex   -6.000000e+001 6.490497e+001 6.529784e+000
      vertex   -6.000000e+001 6.483147e+001 6.212780e+000
    endloop
  endfacet
  facet normal 4.607468e-001 0.000000e+000 0.000000e+000
    outer loop
      vertex   -6.000000e+001 6.483147e+001 6.212780e+000
      vertex   -6.000000e+001 6.473750e+001 5.901228e+000
      vertex   -6.000000e+001 6.600000e+001 0.000000e+000
    endloop
  endfacet
  facet normal 3.041110e-002 0.000000e+000 0.000000e+000
    outer loop
      vertex   -6.000000e+001 6.600000e+001 0.000000e+000
      vertex   -6.000000e+001 6.473750e+001 5.901228e+000
      vertex   -6.000000e+001 6.462347e+001 5.596449e+000
    endloop
  endfacet
  facet normal 3.640485e-002 0.000000e+000 0.000000e+000
    outer loop
      vertex   -6.000000e+001 6.600000e+001 0.000000e+000
      vertex   -6.000000e+001 6.462347e+001 5.596449e+000
      vertex   -6.000000e+001 6.448986e+001 5.299733e+000
    endloop
  endfacet
  facet normal 6.931130e-001 0.000000e+000 0.000000e+000
    outer loop
      vertex   -6.000000e+001 6.448986e+001 5.299733e+000
      vertex   -6.000000e+001 6.433723e+001 5.012336e+000
      vertex   -6.000000e+001 6.600000e+001 0.000000e+000
    endloop
  endfacet
  facet normal 4.912832e-002 0.000000e+000 0.000000e+000
    outer loop
      vertex   -6.000000e+001 6.600000e+001 0.000000e+000
      vertex   -6.000000e+001 6.433723e+001 5.012336e+000
      vertex   -6.000000e+001 6.416622e+001 4.735476e+000
    endloop
  endfacet
  facet normal 5.536857e-002 0.000000e+000 0.000000e+000
    outer loop
      vertex   -6.000000e+001 6.600000e+001 0.000000e+000
      vertex   -6.000000e+001 6.416622e+001 4.735476e+000
      vertex   -6.000000e+001 6.397757e+001 4.470326e+000
    endloop
  endfacet
  facet normal 9.110975e-001 0.000000e+000 0.000000e+000
    outer loop
      vertex   -6.000000e+001 6.600000e+001 0.000000e+000
      vertex   -6.000000e+001 6.397757e+001 4.470326e+000
      vertex   -6.000000e+001 6.280000e+001 0.000000e+000
    endloop
  endfacet
  facet normal 3.106098e-002 0.000000e+000 0.000000e+000
    outer loop
      vertex   -6.000000e+001 6.280000e+001 0.000000e+000
      vertex   -6.000000e+001 6.397757e+001 4.470326e+000
      vertex   -6.000000e+001 6.377207e+001 4.218009e+000
    endloop
  endfacet
  facet normal 4.007038e-002 0.000000e+000 0.000000e+000
    outer loop
      vertex   -6.000000e+001 6.280000e+001 0.000000e+000
      vertex   -6.000000e+001 6.377207e+001 4.218009e+000
      vertex   -6.000000e+001 6.355060e+001 3.979594e+000
    endloop
  endfacet
  facet normal 5.869232e-001 0.000000e+000 0.000000e+000
    outer loop
      vertex   -6.000000e+001 6.355060e+001 3.979594e+000
      vertex   -6.000000e+001 6.331408e+001 3.756090e+000
      vertex   -6.000000e+001 6.280000e+001 0.000000e+000
    endloop
  endfacet
  facet normal 6.185164e-002 0.000000e+000 0.000000e+000
    outer loop
      vertex   -6.000000e+001 6.280000e+001 0.000000e+000
      vertex   -6.000000e+001 6.331408e+001 3.756090e+000
      vertex   -6.000000e+001 6.306353e+001 3.548445e+000
    endloop
  endfacet
  facet normal 7.406258e-002 0.000000e+000 0.000000e+000
    outer loop
      vertex   -6.000000e+001 6.280000e+001 0.000000e+000
      vertex   -6.000000e+001 6.306353e+001 3.548445e+000
      vertex   -6.000000e+001 6.280000e+001 3.357537e+000
    endloop
  endfacet
  facet normal 4.817249e-001 0.000000e+000 -0.000000e+000
    outer loop
      vertex   -6.000000e+001 6.600000e+001 5.000000e+001
      vertex   -6.000000e+001 6.600000e+001 1.000000e+002
      vertex   -6.000000e+001 6.280000e+001 5.582123e+001
    endloop
  endfacet
  facet normal -0.000000e+000 -1.000000e+000 -0.000000e+000
    outer loop
      vertex   -6.000000e+001 6.280000e+001 1.883575e+002
      vertex   -6.400000e+001 6.280000e+001 1.883575e+002
      vertex   -6.000000e+001 6.280000e+001 1.441788e+002
    endloop
  endfacet
  facet normal 0.000000e+000 -9.959262e-001 0.000000e+000
    outer loop
      vertex   -6.000000e+001 6.280000e+001 1.441788e+002
      vertex   -6.400000e+001 6.280000e+001 1.883575e+002
      vertex   -6.400000e+001 6.280000e+001 1.441788e+002
    endloop
  endfacet
  facet normal -0.000000e+000 -1.000000e+000 -0.000000e+000
    outer loop
      vertex   -6.000000e+001 6.280000e+001 1.441788e+002
      vertex   -6.400000e+001 6.280000e+001 1.441788e+002
      vertex   -6.000000e+001 6.280000e+001 1.000000e+002
    endloop
  endfacet
  facet normal 0.000000e+000 -9.959262e-001 0.000000e+000
    outer loop
      vertex   -6.000000e+001 6.280000e+001 1.000000e+002
      vertex   -6.400000e+001 6.280000e+001 1.441788e+002
      vertex   -6.400000e+001 6.280000e+001 1.000000e+002
    endloop
  endfacet
  facet normal -0.000000e+000 -1.000000e+000 -0.000000e+000
    outer loop
      vertex   -6.000000e+001 6.280000e+001 1.000000e+002
      vertex   -6.400000e+001 6.280000e+001 1.000000e+002
      vertex   -6.000000e+001 6.280000e+001 5.582123e+001
    endloop
  endfacet
  facet normal 0.000000e+000 -9.959262e-001 0.000000e+000
    outer loop
      vertex   -6.000000e+001 6.280000e+001 5.582123e+001
      vertex   -6.400000e+001 6.280000e+001 1.000000e+002
      vertex   -6.400000e+001 6.280000e+001 5.582123e+001
    endloop
  endfacet
  facet normal -0.000000e+000 -1.000000e+000 -0.000000e+000
    outer loop
      vertex   -6.000000e+001 6.280000e+001 5.582123e+001
      vertex   -6.400000e+001 6.280000e+001 5.582123e+001
      vertex   -6.000000e+001 6.280000e+001 1.164246e+001
    endloop
  endfacet
  facet normal 0.000000e+000 -9.959262e-001 0.000000e+000
    outer loop
      vertex   -6.000000e+001 6.280000e+001 1.164246e+001
      vertex   -6.400000e+001 6.280000e+001 5.582123e+001
      vertex   -6.400000e+001 6.280000e+001 1.164246e+001
    endloop
  endfacet
  facet normal -7.073247e-001 -7.060919e-001 -3.313642e-002
    outer loop
      vertex   -5.300000e+001 6.248901e+001 7.734104e+000
      vertex   -5.600000e+001 6.548870e+001 7.852386e+000
      vertex   -5.300000e+001 6.250000e+001 7.500000e+000
    endloop
  endfacet
  facet normal -5.863903e-002 -5.863903e-002 -1.880240e-003
    outer loop
      vertex   -5.300000e+001 6.250000e+001 7.500000e+000
      vertex   -5.600000e+001 6.548870e+001 7.852386e+000
      vertex   -5.600000e+001 6.550000e+001 7.500000e+000
    endloop
  endfacet
  facet normal -5.863903e-002 -5.863903e-002 1.880240e-003
    outer loop
      vertex   -5.300000e+001 6.250000e+001 7.500000e+000
      vertex   -5.600000e+001 6.550000e+001 7.500000e+000
      vertex   -5.600000e+001 6.548870e+001 7.147614e+000
    endloop
  endfacet
  facet normal -7.062049e-001 -7.036017e-001 -6.788494e-002
    outer loop
      vertex   -5.600000e+001 6.548870e+001 7.852386e+000
      vertex   -5.300000e+001 6.248901e+001 7.734104e+000
      vertex   -5.600000e+001 6.545484e+001 8.203324e+000
    endloop
  endfacet
  facet normal -3.902032e-002 -3.860511e-002 -5.466182e-003
    outer loop
      vertex   -5.600000e+001 6.545484e+001 8.203324e+000
      vertex   -5.300000e+001 6.248901e+001 7.734104e+000
      vertex   -5.300000e+001 6.245616e+001 7.966150e+000
    endloop
  endfacet
  facet normal -7.057119e-001 -6.971081e-001 -1.126971e-001
    outer loop
      vertex   -5.600000e+001 6.545484e+001 8.203324e+000
      vertex   -5.300000e+001 6.245616e+001 7.966150e+000
      vertex   -5.600000e+001 6.539857e+001 8.551373e+000
    endloop
  endfacet
  facet normal -7.068342e-001 -6.893726e-001 -1.573436e-001
    outer loop
      vertex   -5.600000e+001 6.539857e+001 8.551373e+000
      vertex   -5.300000e+001 6.245616e+001 7.966150e+000
      vertex   -5.600000e+001 6.532012e+001 8.895101e+000
    endloop
  endfacet
  facet normal -3.899883e-002 -3.791407e-002 -9.055356e-003
    outer loop
      vertex   -5.600000e+001 6.532012e+001 8.895101e+000
      vertex   -5.300000e+001 6.245616e+001 7.966150e+000
      vertex   -5.300000e+001 6.240171e+001 8.194100e+000
    endloop
  endfacet
  facet normal -7.062884e-001 -6.777183e-001 -2.011511e-001
    outer loop
      vertex   -5.600000e+001 6.532012e+001 8.895101e+000
      vertex   -5.300000e+001 6.240171e+001 8.194100e+000
      vertex   -5.600000e+001 6.521980e+001 9.233095e+000
    endloop
  endfacet
  facet normal -3.902654e-002 -3.691134e-002 -1.257003e-002
    outer loop
      vertex   -5.600000e+001 6.521980e+001 9.233095e+000
      vertex   -5.300000e+001 6.240171e+001 8.194100e+000
      vertex   -5.300000e+001 6.232616e+001 8.415950e+000
    endloop
  endfacet
  facet normal -7.057889e-001 -6.628498e-001 -2.439208e-001
    outer loop
      vertex   -5.600000e+001 6.521980e+001 9.233095e+000
      vertex   -5.300000e+001 6.232616e+001 8.415950e+000
      vertex   -5.600000e+001 6.509805e+001 9.563969e+000
    endloop
  endfacet
  facet normal -7.069266e-001 -6.465628e-001 -2.862188e-001
    outer loop
      vertex   -5.600000e+001 6.509805e+001 9.563969e+000
      vertex   -5.300000e+001 6.232616e+001 8.415950e+000
      vertex   -5.600000e+001 6.495533e+001 9.886360e+000
    endloop
  endfacet
  facet normal -3.898372e-002 -3.555445e-002 -1.596332e-002
    outer loop
      vertex   -5.600000e+001 6.495533e+001 9.886360e+000
      vertex   -5.300000e+001 6.232616e+001 8.415950e+000
      vertex   -5.300000e+001 6.223017e+001 8.629751e+000
    endloop
  endfacet
  facet normal -7.063738e-001 -6.268220e-001 -3.270166e-001
    outer loop
      vertex   -5.600000e+001 6.495533e+001 9.886360e+000
      vertex   -5.300000e+001 6.223017e+001 8.629751e+000
      vertex   -5.600000e+001 6.479225e+001 1.019895e+001
    endloop
  endfacet
  facet normal -3.902998e-002 -3.392145e-002 -1.923308e-002
    outer loop
      vertex   -5.600000e+001 6.479225e+001 1.019895e+001
      vertex   -5.300000e+001 6.223017e+001 8.629751e+000
      vertex   -5.300000e+001 6.211458e+001 8.833623e+000
    endloop
  endfacet
  facet normal -7.058658e-001 -6.041045e-001 -3.662156e-001
    outer loop
      vertex   -5.600000e+001 6.479225e+001 1.019895e+001
      vertex   -5.300000e+001 6.211458e+001 8.833623e+000
      vertex   -5.600000e+001 6.460948e+001 1.050044e+001
    endloop
  endfacet
  facet normal -7.070196e-001 -5.799077e-001 -4.045103e-001
    outer loop
      vertex   -5.600000e+001 6.460948e+001 1.050044e+001
      vertex   -5.300000e+001 6.211458e+001 8.833623e+000
      vertex   -5.600000e+001 6.440778e+001 1.078961e+001
    endloop
  endfacet
  facet normal -3.896503e-002 -3.194761e-002 -2.230737e-002
    outer loop
      vertex   -5.600000e+001 6.440778e+001 1.078961e+001
      vertex   -5.300000e+001 6.211458e+001 8.833623e+000
      vertex   -5.300000e+001 6.198041e+001 9.025776e+000
    endloop
  endfacet
  facet normal -7.064598e-001 -5.527853e-001 -4.408390e-001
    outer loop
      vertex   -5.600000e+001 6.440778e+001 1.078961e+001
      vertex   -5.300000e+001 6.198041e+001 9.025776e+000
      vertex   -5.600000e+001 6.418795e+001 1.106526e+001
    endloop
  endfacet
  facet normal -3.903047e-002 -2.974056e-002 -2.522106e-002
    outer loop
      vertex   -5.600000e+001 6.418795e+001 1.106526e+001
      vertex   -5.300000e+001 6.198041e+001 9.025776e+000
      vertex   -5.300000e+001 6.182883e+001 9.204519e+000
    endloop
  endfacet
  facet normal -7.059448e-001 -5.230530e-001 -4.750204e-001
    outer loop
      vertex   -5.600000e+001 6.418795e+001 1.106526e+001
      vertex   -5.300000e+001 6.182883e+001 9.204519e+000
      vertex   -5.600000e+001 6.395092e+001 1.132625e+001
    endloop
  endfacet
  facet normal -3.898004e-002 -2.723249e-002 -2.787825e-002
    outer loop
      vertex   -5.600000e+001 6.395092e+001 1.132625e+001
      vertex   -5.300000e+001 6.182883e+001 9.204519e+000
      vertex   -5.300000e+001 6.166118e+001 9.368284e+000
    endloop
  endfacet
  facet normal -7.054762e-001 -4.908807e-001 -5.068712e-001
    outer loop
      vertex   -5.600000e+001 6.395092e+001 1.132625e+001
      vertex   -5.300000e+001 6.166118e+001 9.368284e+000
      vertex   -5.600000e+001 6.369765e+001 1.157153e+001
    endloop
  endfacet
  facet normal -7.065475e-001 -4.583490e-001 -5.383993e-001
    outer loop
      vertex   -5.600000e+001 6.369765e+001 1.157153e+001
      vertex   -5.300000e+001 6.166118e+001 9.368284e+000
      vertex   -5.600000e+001 6.342920e+001 1.180007e+001
    endloop
  endfacet
  facet normal -3.902735e-002 -2.451558e-002 -3.032256e-002
    outer loop
      vertex   -5.600000e+001 6.342920e+001 1.180007e+001
      vertex   -5.300000e+001 6.166118e+001 9.368284e+000
      vertex   -5.300000e+001 6.147893e+001 9.515630e+000
    endloop
  endfacet
  facet normal -7.060247e-001 -4.226642e-001 -5.663379e-001
    outer loop
      vertex   -5.600000e+001 6.342920e+001 1.180007e+001
      vertex   -5.300000e+001 6.147893e+001 9.515630e+000
      vertex   -5.600000e+001 6.314664e+001 1.201095e+001
    endloop
  endfacet
  facet normal -3.899638e-002 -2.156064e-002 -3.247372e-002
    outer loop
      vertex   -5.600000e+001 6.314664e+001 1.201095e+001
      vertex   -5.300000e+001 6.147893e+001 9.515630e+000
      vertex   -5.300000e+001 6.128368e+001 9.645263e+000
    endloop
  endfacet
  facet normal -7.055484e-001 -3.850349e-001 -5.915167e-001
    outer loop
      vertex   -5.600000e+001 6.314664e+001 1.201095e+001
      vertex   -5.300000e+001 6.128368e+001 9.645263e+000
      vertex   -5.600000e+001 6.285116e+001 1.220329e+001
    endloop
  endfacet
  facet normal -7.066359e-001 -3.469859e-001 -6.161072e-001
    outer loop
      vertex   -5.600000e+001 6.285116e+001 1.220329e+001
      vertex   -5.300000e+001 6.128368e+001 9.645263e+000
      vertex   -5.600000e+001 6.254396e+001 1.237630e+001
    endloop
  endfacet
  facet normal -3.902150e-002 -1.843050e-002 -3.435951e-002
    outer loop
      vertex   -5.600000e+001 6.254396e+001 1.237630e+001
      vertex   -5.300000e+001 6.128368e+001 9.645263e+000
      vertex   -5.300000e+001 6.107716e+001 9.756042e+000
    endloop
  endfacet
  facet normal -7.061059e-001 -3.066541e-001 -6.367770e-001
    outer loop
      vertex   -5.600000e+001 6.254396e+001 1.237630e+001
      vertex   -5.300000e+001 6.107716e+001 9.756042e+000
      vertex   -5.600000e+001 6.222631e+001 1.252927e+001
    endloop
  endfacet
  facet normal -3.900882e-002 -1.512977e-002 -3.592931e-002
    outer loop
      vertex   -5.600000e+001 6.222631e+001 1.252927e+001
      vertex   -5.300000e+001 6.107716e+001 9.756042e+000
      vertex   -5.300000e+001 6.086117e+001 9.846996e+000
    endloop
  endfacet
  facet normal -7.056221e-001 -2.649284e-001 -6.543712e-001
    outer loop
      vertex   -5.600000e+001 6.222631e+001 1.252927e+001
      vertex   -5.300000e+001 6.086117e+001 9.846996e+000
      vertex   -5.600000e+001 6.189951e+001 1.266158e+001
    endloop
  endfacet
  facet normal -7.067255e-001 -2.228159e-001 -6.710833e-001
    outer loop
      vertex   -5.600000e+001 6.189951e+001 1.266158e+001
      vertex   -5.300000e+001 6.086117e+001 9.846996e+000
      vertex   -5.600000e+001 6.156490e+001 1.277267e+001
    endloop
  endfacet
  facet normal -3.901316e-002 -1.169929e-002 -3.719011e-002
    outer loop
      vertex   -5.600000e+001 6.156490e+001 1.277267e+001
      vertex   -5.300000e+001 6.086117e+001 9.846996e+000
      vertex   -5.300000e+001 6.063761e+001 9.917324e+000
    endloop
  endfacet
  facet normal -7.061885e-001 -1.792952e-001 -6.837362e-001
    outer loop
      vertex   -5.600000e+001 6.156490e+001 1.277267e+001
      vertex   -5.300000e+001 6.063761e+001 9.917324e+000
      vertex   -5.600000e+001 6.122387e+001 1.286210e+001
    endloop
  endfacet
  facet normal -3.901882e-002 -8.165950e-003 -3.812479e-002
    outer loop
      vertex   -5.600000e+001 6.122387e+001 1.286210e+001
      vertex   -5.300000e+001 6.063761e+001 9.917324e+000
      vertex   -5.300000e+001 6.040844e+001 9.966409e+000
    endloop
  endfacet
  facet normal -7.056969e-001 -1.349822e-001 -6.931059e-001
    outer loop
      vertex   -5.600000e+001 6.122387e+001 1.286210e+001
      vertex   -5.300000e+001 6.040844e+001 9.966409e+000
      vertex   -5.600000e+001 6.087780e+001 1.292950e+001
    endloop
  endfacet
  facet normal -7.068162e-001 -9.042310e-002 -7.012974e-001
    outer loop
      vertex   -5.600000e+001 6.087780e+001 1.292950e+001
      vertex   -5.300000e+001 6.040844e+001 9.966409e+000
      vertex   -5.600000e+001 6.052813e+001 1.297459e+001
    endloop
  endfacet
  facet normal -3.900164e-002 -4.559225e-003 -3.871423e-002
    outer loop
      vertex   -5.600000e+001 6.052813e+001 1.297459e+001
      vertex   -5.300000e+001 6.040844e+001 9.966409e+000
      vertex   -5.300000e+001 6.017569e+001 9.993819e+000
    endloop
  endfacet
  facet normal -7.062721e-001 -4.529252e-002 -7.054741e-001
    outer loop
      vertex   -5.600000e+001 6.052813e+001 1.297459e+001
      vertex   -5.300000e+001 6.017569e+001 9.993819e+000
      vertex   -5.600000e+001 6.017628e+001 1.299717e+001
    endloop
  endfacet
  facet normal -3.902527e-002 -9.140999e-004 -3.898150e-002
    outer loop
      vertex   -5.600000e+001 6.017628e+001 1.299717e+001
      vertex   -5.300000e+001 6.017569e+001 9.993819e+000
      vertex   -5.300000e+001 5.994139e+001 9.999313e+000
    endloop
  endfacet
  facet normal -7.057729e-001 -0.000000e+000 -7.062765e-001
    outer loop
      vertex   -5.600000e+001 6.017628e+001 1.299717e+001
      vertex   -5.300000e+001 5.994139e+001 9.999313e+000
      vertex   -5.600000e+001 5.982372e+001 1.299717e+001
    endloop
  endfacet
  facet normal -7.069079e-001 4.530279e-002 -7.056340e-001
    outer loop
      vertex   -5.600000e+001 5.982372e+001 1.299717e+001
      vertex   -5.300000e+001 5.994139e+001 9.999313e+000
      vertex   -5.600000e+001 5.947187e+001 1.297459e+001
    endloop
  endfacet
  facet normal -3.898714e-002 2.739003e-003 -3.887893e-002
    outer loop
      vertex   -5.600000e+001 5.947187e+001 1.297459e+001
      vertex   -5.300000e+001 5.994139e+001 9.999313e+000
      vertex   -5.300000e+001 5.970761e+001 9.982843e+000
    endloop
  endfacet
  facet normal -7.063568e-001 9.040831e-002 -7.011827e-001
    outer loop
      vertex   -5.600000e+001 5.947187e+001 1.297459e+001
      vertex   -5.300000e+001 5.970761e+001 9.982843e+000
      vertex   -5.600000e+001 5.912220e+001 1.292950e+001
    endloop
  endfacet
  facet normal -3.902956e-002 6.370903e-003 -3.847041e-002
    outer loop
      vertex   -5.600000e+001 5.912220e+001 1.292950e+001
      vertex   -5.300000e+001 5.970761e+001 9.982843e+000
      vertex   -5.300000e+001 5.947640e+001 9.944553e+000
    endloop
  endfacet
  facet normal -7.058504e-001 1.350368e-001 -6.933864e-001
    outer loop
      vertex   -5.600000e+001 5.912220e+001 1.292950e+001
      vertex   -5.300000e+001 5.947640e+001 9.944553e+000
      vertex   -5.600000e+001 5.877613e+001 1.286210e+001
    endloop
  endfacet
  facet normal -7.070009e-001 1.793471e-001 -6.839343e-001
    outer loop
      vertex   -5.600000e+001 5.877613e+001 1.286210e+001
      vertex   -5.300000e+001 5.947640e+001 9.944553e+000
      vertex   -5.600000e+001 5.843510e+001 1.277267e+001
    endloop
  endfacet
  facet normal -3.896875e-002 9.938146e-003 -3.767790e-002
    outer loop
      vertex   -5.600000e+001 5.843510e+001 1.277267e+001
      vertex   -5.300000e+001 5.947640e+001 9.944553e+000
      vertex   -5.300000e+001 5.924979e+001 9.884782e+000
    endloop
  endfacet
  facet normal -7.064429e-001 2.227934e-001 -6.710156e-001
    outer loop
      vertex   -5.600000e+001 5.843510e+001 1.277267e+001
      vertex   -5.300000e+001 5.924979e+001 9.884782e+000
      vertex   -5.600000e+001 5.810049e+001 1.266158e+001
    endloop
  endfacet
  facet normal -3.903079e-002 1.343250e-002 -3.660854e-002
    outer loop
      vertex   -5.600000e+001 5.810049e+001 1.266158e+001
      vertex   -5.300000e+001 5.924979e+001 9.884782e+000
      vertex   -5.300000e+001 5.902977e+001 9.804051e+000
    endloop
  endfacet
  facet normal -7.059289e-001 2.651427e-001 -6.549006e-001
    outer loop
      vertex   -5.600000e+001 5.810049e+001 1.266158e+001
      vertex   -5.300000e+001 5.902977e+001 9.804051e+000
      vertex   -5.600000e+001 5.777369e+001 1.252927e+001
    endloop
  endfacet
  facet normal -3.897646e-002 1.679093e-002 -3.516735e-002
    outer loop
      vertex   -5.600000e+001 5.777369e+001 1.252927e+001
      vertex   -5.300000e+001 5.902977e+001 9.804051e+000
      vertex   -5.300000e+001 5.881828e+001 9.703074e+000
    endloop
  endfacet
  facet normal -7.054618e-001 3.061337e-001 -6.356964e-001
    outer loop
      vertex   -5.600000e+001 5.777369e+001 1.252927e+001
      vertex   -5.300000e+001 5.881828e+001 9.703074e+000
      vertex   -5.600000e+001 5.745604e+001 1.237630e+001
    endloop
  endfacet
  facet normal -7.065299e-001 3.469728e-001 -6.160840e-001
    outer loop
      vertex   -5.600000e+001 5.745604e+001 1.237630e+001
      vertex   -5.300000e+001 5.881828e+001 9.703074e+000
      vertex   -5.600000e+001 5.714884e+001 1.220329e+001
    endloop
  endfacet
  facet normal -3.902835e-002 2.002228e-002 -3.346081e-002
    outer loop
      vertex   -5.600000e+001 5.714884e+001 1.220329e+001
      vertex   -5.300000e+001 5.881828e+001 9.703074e+000
      vertex   -5.300000e+001 5.861717e+001 9.582735e+000
    endloop
  endfacet
  facet normal -7.060087e-001 3.855024e-001 -5.922348e-001
    outer loop
      vertex   -5.600000e+001 5.714884e+001 1.220329e+001
      vertex   -5.300000e+001 5.861717e+001 9.582735e+000
      vertex   -5.600000e+001 5.685336e+001 1.201095e+001
    endloop
  endfacet
  facet normal -3.899291e-002 2.305814e-002 -3.142579e-002
    outer loop
      vertex   -5.600000e+001 5.685336e+001 1.201095e+001
      vertex   -5.300000e+001 5.861717e+001 9.582735e+000
      vertex   -5.300000e+001 5.842822e+001 9.444094e+000
    endloop
  endfacet
  facet normal -7.055342e-001 4.221176e-001 -5.656055e-001
    outer loop
      vertex   -5.600000e+001 5.685336e+001 1.201095e+001
      vertex   -5.300000e+001 5.842822e+001 9.444094e+000
      vertex   -5.600000e+001 5.657080e+001 1.180007e+001
    endloop
  endfacet
  facet normal -7.066182e-001 4.583604e-001 -5.384127e-001
    outer loop
      vertex   -5.600000e+001 5.657080e+001 1.180007e+001
      vertex   -5.300000e+001 5.842822e+001 9.444094e+000
      vertex   -5.600000e+001 5.630235e+001 1.157153e+001
    endloop
  endfacet
  facet normal -3.902356e-002 2.590872e-002 -2.913931e-002
    outer loop
      vertex   -5.600000e+001 5.630235e+001 1.157153e+001
      vertex   -5.300000e+001 5.842822e+001 9.444094e+000
      vertex   -5.300000e+001 5.825307e+001 9.288367e+000
    endloop
  endfacet
  facet normal -7.060894e-001 4.916754e-001 -5.076918e-001
    outer loop
      vertex   -5.600000e+001 5.630235e+001 1.157153e+001
      vertex   -5.300000e+001 5.825307e+001 9.288367e+000
      vertex   -5.600000e+001 5.604908e+001 1.132625e+001
    endloop
  endfacet
  facet normal -3.900607e-002 2.851785e-002 -2.657901e-002
    outer loop
      vertex   -5.600000e+001 5.604908e+001 1.132625e+001
      vertex   -5.300000e+001 5.825307e+001 9.288367e+000
      vertex   -5.300000e+001 5.809329e+001 9.116925e+000
    endloop
  endfacet
  facet normal -7.056075e-001 5.225839e-001 -4.746020e-001
    outer loop
      vertex   -5.600000e+001 5.604908e+001 1.132625e+001
      vertex   -5.300000e+001 5.809329e+001 9.116925e+000
      vertex   -5.600000e+001 5.581205e+001 1.106526e+001
    endloop
  endfacet
  facet normal -7.067076e-001 5.528376e-001 -4.408730e-001
    outer loop
      vertex   -5.600000e+001 5.581205e+001 1.106526e+001
      vertex   -5.300000e+001 5.809329e+001 9.116925e+000
      vertex   -5.600000e+001 5.559222e+001 1.078961e+001
    endloop
  endfacet
  facet normal -3.901547e-002 3.088475e-002 -2.379511e-002
    outer loop
      vertex   -5.600000e+001 5.559222e+001 1.078961e+001
      vertex   -5.300000e+001 5.809329e+001 9.116925e+000
      vertex   -5.300000e+001 5.795025e+001 8.931273e+000
    endloop
  endfacet
  facet normal -7.061719e-001 5.797289e-001 -4.043933e-001
    outer loop
      vertex   -5.600000e+001 5.559222e+001 1.078961e+001
      vertex   -5.300000e+001 5.795025e+001 8.931273e+000
      vertex   -5.600000e+001 5.539051e+001 1.050044e+001
    endloop
  endfacet
  facet normal -3.901697e-002 3.297791e-002 -2.079833e-002
    outer loop
      vertex   -5.600000e+001 5.539051e+001 1.050044e+001
      vertex   -5.300000e+001 5.795025e+001 8.931273e+000
      vertex   -5.300000e+001 5.782523e+001 8.733042e+000
    endloop
  endfacet
  facet normal -7.056816e-001 6.038147e-001 -3.660324e-001
    outer loop
      vertex   -5.600000e+001 5.539051e+001 1.050044e+001
      vertex   -5.300000e+001 5.782523e+001 8.733042e+000
      vertex   -5.600000e+001 5.520775e+001 1.019895e+001
    endloop
  endfacet
  facet normal -7.067978e-001 6.269169e-001 -3.270661e-001
    outer loop
      vertex   -5.600000e+001 5.520775e+001 1.019895e+001
      vertex   -5.300000e+001 5.782523e+001 8.733042e+000
      vertex   -5.600000e+001 5.504467e+001 9.886360e+000
    endloop
  endfacet
  facet normal -3.900389e-002 3.477516e-002 -1.761625e-002
    outer loop
      vertex   -5.600000e+001 5.504467e+001 9.886360e+000
      vertex   -5.300000e+001 5.782523e+001 8.733042e+000
      vertex   -5.300000e+001 5.771933e+001 8.523976e+000
    endloop
  endfacet
  facet normal -7.062552e-001 6.464112e-001 -2.861440e-001
    outer loop
      vertex   -5.600000e+001 5.504467e+001 9.886360e+000
      vertex   -5.300000e+001 5.771933e+001 8.523976e+000
      vertex   -5.600000e+001 5.490196e+001 9.563969e+000
    endloop
  endfacet
  facet normal -3.902448e-002 3.628077e-002 -1.428586e-002
    outer loop
      vertex   -5.600000e+001 5.490196e+001 9.563969e+000
      vertex   -5.300000e+001 5.771933e+001 8.523976e+000
      vertex   -5.300000e+001 5.763346e+001 8.305911e+000
    endloop
  endfacet
  facet normal -7.057577e-001 6.627908e-001 -2.439144e-001
    outer loop
      vertex   -5.600000e+001 5.490196e+001 9.563969e+000
      vertex   -5.300000e+001 5.763346e+001 8.305911e+000
      vertex   -5.600000e+001 5.478019e+001 9.233095e+000
    endloop
  endfacet
  facet normal -7.068895e-001 6.778653e-001 -2.011870e-001
    outer loop
      vertex   -5.600000e+001 5.478019e+001 9.233095e+000
      vertex   -5.300000e+001 5.763346e+001 8.305911e+000
      vertex   -5.600000e+001 5.467988e+001 8.895101e+000
    endloop
  endfacet
  facet normal -3.898994e-002 3.744403e-002 -1.082128e-002
    outer loop
      vertex   -5.600000e+001 5.467988e+001 8.895101e+000
      vertex   -5.300000e+001 5.763346e+001 8.305911e+000
      vertex   -5.300000e+001 5.756839e+001 8.080764e+000
    endloop
  endfacet
  facet normal -7.063398e-001 6.892508e-001 -1.573157e-001
    outer loop
      vertex   -5.600000e+001 5.467988e+001 8.895101e+000
      vertex   -5.300000e+001 5.756839e+001 8.080764e+000
      vertex   -5.600000e+001 5.460143e+001 8.551373e+000
    endloop
  endfacet
  facet normal -3.902912e-002 3.831031e-002 -7.271194e-003
    outer loop
      vertex   -5.600000e+001 5.460143e+001 8.551373e+000
      vertex   -5.300000e+001 5.756839e+001 8.080764e+000
      vertex   -5.300000e+001 5.752469e+001 7.850512e+000
    endloop
  endfacet
  facet normal -7.058347e-001 6.973322e-001 -1.127410e-001
    outer loop
      vertex   -5.600000e+001 5.460143e+001 8.551373e+000
      vertex   -5.300000e+001 5.752469e+001 7.850512e+000
      vertex   -5.600000e+001 5.454515e+001 8.203324e+000
    endloop
  endfacet
  facet normal -7.069821e-001 7.037976e-001 -6.789620e-002
    outer loop
      vertex   -5.600000e+001 5.454515e+001 8.203324e+000
      vertex   -5.300000e+001 5.752469e+001 7.850512e+000
      vertex   -5.600000e+001 5.451130e+001 7.852386e+000
    endloop
  endfacet
  facet normal -3.897291e-002 3.879742e-002 -3.649089e-003
    outer loop
      vertex   -5.600000e+001 5.451130e+001 7.852386e+000
      vertex   -5.300000e+001 5.752469e+001 7.850512e+000
      vertex   -5.300000e+001 5.750275e+001 7.617181e+000
    endloop
  endfacet
  facet normal -7.064254e-001 7.066635e-001 -2.265892e-002
    outer loop
      vertex   -5.600000e+001 5.451130e+001 7.852386e+000
      vertex   -5.300000e+001 5.750275e+001 7.617181e+000
      vertex   -5.600000e+001 5.450000e+001 7.500000e+000
    endloop
  endfacet
  facet normal -3.903051e-002 3.899481e-002 0.000000e+000
    outer loop
      vertex   -5.600000e+001 5.450000e+001 7.500000e+000
      vertex   -5.300000e+001 5.750275e+001 7.617181e+000
      vertex   -5.300000e+001 5.750275e+001 7.382819e+000
    endloop
  endfacet
  facet normal -7.059131e-001 7.061511e-001 2.264249e-002
    outer loop
      vertex   -5.600000e+001 5.450000e+001 7.500000e+000
      vertex   -5.300000e+001 5.750275e+001 7.382819e+000
      vertex   -5.600000e+001 5.451130e+001 7.147614e+000
    endloop
  endfacet
  facet normal -3.897291e-002 3.879742e-002 3.649089e-003
    outer loop
      vertex   -5.600000e+001 5.451130e+001 7.147614e+000
      vertex   -5.300000e+001 5.750275e+001 7.382819e+000
      vertex   -5.300000e+001 5.752469e+001 7.149488e+000
    endloop
  endfacet
  facet normal -7.054473e-001 7.022697e-001 6.774880e-002
    outer loop
      vertex   -5.600000e+001 5.451130e+001 7.147614e+000
      vertex   -5.300000e+001 5.752469e+001 7.149488e+000
      vertex   -5.600000e+001 5.454515e+001 6.796676e+000
    endloop
  endfacet
  facet normal -7.065122e-001 6.980015e-001 1.128492e-001
    outer loop
      vertex   -5.600000e+001 5.454515e+001 6.796676e+000
      vertex   -5.300000e+001 5.752469e+001 7.149488e+000
      vertex   -5.600000e+001 5.460143e+001 6.448627e+000
    endloop
  endfacet
  facet normal -3.902904e-002 3.831023e-002 7.271194e-003
    outer loop
      vertex   -5.600000e+001 5.460143e+001 6.448627e+000
      vertex   -5.300000e+001 5.752469e+001 7.149488e+000
      vertex   -5.300000e+001 5.756839e+001 6.919237e+000
    endloop
  endfacet
  facet normal -7.059928e-001 6.889120e-001 1.572386e-001
    outer loop
      vertex   -5.600000e+001 5.460143e+001 6.448627e+000
      vertex   -5.300000e+001 5.756839e+001 6.919237e+000
      vertex   -5.600000e+001 5.467988e+001 6.104900e+000
    endloop
  endfacet
  facet normal -3.899002e-002 3.744411e-002 1.082128e-002
    outer loop
      vertex   -5.600000e+001 5.467988e+001 6.104900e+000
      vertex   -5.300000e+001 5.756839e+001 6.919237e+000
      vertex   -5.300000e+001 5.763346e+001 6.694089e+000
    endloop
  endfacet
  facet normal -7.055193e-001 6.765514e-001 2.007968e-001
    outer loop
      vertex   -5.600000e+001 5.467988e+001 6.104900e+000
      vertex   -5.300000e+001 5.763346e+001 6.694089e+000
      vertex   -5.600000e+001 5.478019e+001 5.766905e+000
    endloop
  endfacet
  facet normal -7.066003e-001 6.635821e-001 2.442056e-001
    outer loop
      vertex   -5.600000e+001 5.478019e+001 5.766905e+000
      vertex   -5.300000e+001 5.763346e+001 6.694089e+000
      vertex   -5.600000e+001 5.490196e+001 5.436031e+000
    endloop
  endfacet
  facet normal -3.902441e-002 3.628069e-002 1.428586e-002
    outer loop
      vertex   -5.600000e+001 5.490196e+001 5.436031e+000
      vertex   -5.300000e+001 5.763346e+001 6.694089e+000
      vertex   -5.300000e+001 5.771933e+001 6.476024e+000
    endloop
  endfacet
  facet normal -7.060736e-001 6.462451e-001 2.860700e-001
    outer loop
      vertex   -5.600000e+001 5.490196e+001 5.436031e+000
      vertex   -5.300000e+001 5.771933e+001 6.476024e+000
      vertex   -5.600000e+001 5.504467e+001 5.113639e+000
    endloop
  endfacet
  facet normal -3.900404e-002 3.477532e-002 1.761624e-002
    outer loop
      vertex   -5.600000e+001 5.504467e+001 5.113639e+000
      vertex   -5.300000e+001 5.771933e+001 6.476024e+000
      vertex   -5.300000e+001 5.782523e+001 6.266958e+000
    endloop
  endfacet
  facet normal -7.055920e-001 6.258470e-001 3.265090e-001
    outer loop
      vertex   -5.600000e+001 5.504467e+001 5.113639e+000
      vertex   -5.300000e+001 5.782523e+001 6.266958e+000
      vertex   -5.600000e+001 5.520775e+001 4.801054e+000
    endloop
  endfacet
  facet normal -7.066894e-001 6.046777e-001 3.665543e-001
    outer loop
      vertex   -5.600000e+001 5.520775e+001 4.801054e+000
      vertex   -5.300000e+001 5.782523e+001 6.266958e+000
      vertex   -5.600000e+001 5.539051e+001 4.499558e+000
    endloop
  endfacet
  facet normal -3.901691e-002 3.297783e-002 2.079833e-002
    outer loop
      vertex   -5.600000e+001 5.539051e+001 4.499558e+000
      vertex   -5.300000e+001 5.782523e+001 6.266958e+000
      vertex   -5.300000e+001 5.795025e+001 6.068727e+000
    endloop
  endfacet
  facet normal -7.061554e-001 5.797150e-001 4.043843e-001
    outer loop
      vertex   -5.600000e+001 5.539051e+001 4.499558e+000
      vertex   -5.300000e+001 5.795025e+001 6.068727e+000
      vertex   -5.600000e+001 5.559222e+001 4.210392e+000
    endloop
  endfacet
  facet normal -3.901540e-002 3.088467e-002 2.379511e-002
    outer loop
      vertex   -5.600000e+001 5.559222e+001 4.210392e+000
      vertex   -5.300000e+001 5.795025e+001 6.068727e+000
      vertex   -5.300000e+001 5.809329e+001 5.883075e+000
    endloop
  endfacet
  facet normal -7.056670e-001 5.520234e-001 4.402238e-001
    outer loop
      vertex   -5.600000e+001 5.559222e+001 4.210392e+000
      vertex   -5.300000e+001 5.809329e+001 5.883075e+000
      vertex   -5.600000e+001 5.581205e+001 3.934744e+000
    endloop
  endfacet
  facet normal -7.067798e-001 5.234523e-001 4.753903e-001
    outer loop
      vertex   -5.600000e+001 5.581205e+001 3.934744e+000
      vertex   -5.300000e+001 5.809329e+001 5.883075e+000
      vertex   -5.600000e+001 5.604908e+001 3.673746e+000
    endloop
  endfacet
  facet normal -3.900613e-002 2.851793e-002 2.657901e-002
    outer loop
      vertex   -5.600000e+001 5.604908e+001 3.673746e+000
      vertex   -5.300000e+001 5.809329e+001 5.883075e+000
      vertex   -5.300000e+001 5.825307e+001 5.711633e+000
    endloop
  endfacet
  facet normal -7.062384e-001 4.917784e-001 5.077996e-001
    outer loop
      vertex   -5.600000e+001 5.604908e+001 3.673746e+000
      vertex   -5.300000e+001 5.825307e+001 5.711633e+000
      vertex   -5.600000e+001 5.630235e+001 3.428471e+000
    endloop
  endfacet
  facet normal -3.902356e-002 2.590872e-002 2.913932e-002
    outer loop
      vertex   -5.600000e+001 5.630235e+001 3.428471e+000
      vertex   -5.300000e+001 5.825307e+001 5.711633e+000
      vertex   -5.300000e+001 5.842822e+001 5.555906e+000
    endloop
  endfacet
  facet normal -7.057427e-001 4.577925e-001 5.377456e-001
    outer loop
      vertex   -5.600000e+001 5.630235e+001 3.428471e+000
      vertex   -5.300000e+001 5.842822e+001 5.555906e+000
      vertex   -5.600000e+001 5.657080e+001 3.199927e+000
    endloop
  endfacet
  facet normal -7.068712e-001 4.229185e-001 5.666767e-001
    outer loop
      vertex   -5.600000e+001 5.657080e+001 3.199927e+000
      vertex   -5.300000e+001 5.842822e+001 5.555906e+000
      vertex   -5.600000e+001 5.685336e+001 2.989053e+000
    endloop
  endfacet
  facet normal -3.899295e-002 2.305822e-002 3.142579e-002
    outer loop
      vertex   -5.600000e+001 5.685336e+001 2.989053e+000
      vertex   -5.300000e+001 5.842822e+001 5.555906e+000
      vertex   -5.300000e+001 5.861717e+001 5.417264e+000
    endloop
  endfacet
  facet normal -7.063227e-001 3.856736e-001 5.924986e-001
    outer loop
      vertex   -5.600000e+001 5.685336e+001 2.989053e+000
      vertex   -5.300000e+001 5.861717e+001 5.417264e+000
      vertex   -5.600000e+001 5.714884e+001 2.796715e+000
    endloop
  endfacet
  facet normal -3.902835e-002 2.002229e-002 3.346081e-002
    outer loop
      vertex   -5.600000e+001 5.714884e+001 2.796715e+000
      vertex   -5.300000e+001 5.861717e+001 5.417264e+000
      vertex   -5.300000e+001 5.881828e+001 5.296926e+000
    endloop
  endfacet
  facet normal -7.058193e-001 3.466242e-001 6.154642e-001
    outer loop
      vertex   -5.600000e+001 5.714884e+001 2.796715e+000
      vertex   -5.300000e+001 5.881828e+001 5.296926e+000
      vertex   -5.600000e+001 5.745604e+001 2.623704e+000
    endloop
  endfacet
  facet normal -7.069636e-001 3.067854e-001 6.370497e-001
    outer loop
      vertex   -5.600000e+001 5.745604e+001 2.623704e+000
      vertex   -5.300000e+001 5.881828e+001 5.296926e+000
      vertex   -5.600000e+001 5.777369e+001 2.470731e+000
    endloop
  endfacet
  facet normal -3.897646e-002 1.679093e-002 3.516736e-002
    outer loop
      vertex   -5.600000e+001 5.777369e+001 2.470731e+000
      vertex   -5.300000e+001 5.881828e+001 5.296926e+000
      vertex   -5.300000e+001 5.902977e+001 5.195948e+000
    endloop
  endfacet
  facet normal -7.064083e-001 2.653224e-001 6.553457e-001
    outer loop
      vertex   -5.600000e+001 5.777369e+001 2.470731e+000
      vertex   -5.300000e+001 5.902977e+001 5.195948e+000
      vertex   -5.600000e+001 5.810049e+001 2.338424e+000
    endloop
  endfacet
  facet normal -3.903073e-002 1.343235e-002 3.660854e-002
    outer loop
      vertex   -5.600000e+001 5.810049e+001 2.338424e+000
      vertex   -5.300000e+001 5.902977e+001 5.195948e+000
      vertex   -5.300000e+001 5.924979e+001 5.115219e+000
    endloop
  endfacet
  facet normal -7.058975e-001 2.226205e-001 6.704977e-001
    outer loop
      vertex   -5.600000e+001 5.810049e+001 2.338424e+000
      vertex   -5.300000e+001 5.924979e+001 5.115219e+000
      vertex   -5.600000e+001 5.843510e+001 2.227327e+000
    endloop
  endfacet
  facet normal -3.896877e-002 9.938225e-003 3.767790e-002
    outer loop
      vertex   -5.600000e+001 5.843510e+001 2.227327e+000
      vertex   -5.300000e+001 5.924979e+001 5.115219e+000
      vertex   -5.300000e+001 5.947640e+001 5.055447e+000
    endloop
  endfacet
  facet normal -7.054332e-001 1.789503e-001 6.824175e-001
    outer loop
      vertex   -5.600000e+001 5.843510e+001 2.227327e+000
      vertex   -5.300000e+001 5.947640e+001 5.055447e+000
      vertex   -5.600000e+001 5.877613e+001 2.137897e+000
    endloop
  endfacet
  facet normal -7.064949e-001 1.351606e-001 6.940195e-001
    outer loop
      vertex   -5.600000e+001 5.877613e+001 2.137897e+000
      vertex   -5.300000e+001 5.947640e+001 5.055447e+000
      vertex   -5.600000e+001 5.912220e+001 2.070500e+000
    endloop
  endfacet
  facet normal -3.902955e-002 6.370822e-003 3.847041e-002
    outer loop
      vertex   -5.600000e+001 5.912220e+001 2.070500e+000
      vertex   -5.300000e+001 5.947640e+001 5.055447e+000
      vertex   -5.300000e+001 5.970761e+001 5.017157e+000
    endloop
  endfacet
  facet normal -7.059766e-001 9.035823e-002 7.008054e-001
    outer loop
      vertex   -5.600000e+001 5.912220e+001 2.070500e+000
      vertex   -5.300000e+001 5.970761e+001 5.017157e+000
      vertex   -5.600000e+001 5.947187e+001 2.025415e+000
    endloop
  endfacet
  facet normal -3.898714e-002 2.739003e-003 3.887893e-002
    outer loop
      vertex   -5.600000e+001 5.947187e+001 2.025415e+000
      vertex   -5.300000e+001 5.970761e+001 5.017157e+000
      vertex   -5.300000e+001 5.994139e+001 5.000687e+000
    endloop
  endfacet
  facet normal -7.055048e-001 4.521381e-002 7.042333e-001
    outer loop
      vertex   -5.600000e+001 5.947187e+001 2.025415e+000
      vertex   -5.300000e+001 5.994139e+001 5.000687e+000
      vertex   -5.600000e+001 5.982372e+001 2.002826e+000
    endloop
  endfacet
  facet normal -7.065827e-001 0.000000e+000 7.070867e-001
    outer loop
      vertex   -5.600000e+001 5.982372e+001 2.002826e+000
      vertex   -5.300000e+001 5.994139e+001 5.000687e+000
      vertex   -5.600000e+001 6.017628e+001 2.002826e+000
    endloop
  endfacet
  facet normal -3.902527e-002 -9.140997e-004 3.898149e-002
    outer loop
      vertex   -5.600000e+001 6.017628e+001 2.002826e+000
      vertex   -5.300000e+001 5.994139e+001 5.000687e+000
      vertex   -5.300000e+001 6.017569e+001 5.006181e+000
    endloop
  endfacet
  facet normal -7.060572e-001 -4.527969e-002 7.052594e-001
    outer loop
      vertex   -5.600000e+001 6.017628e+001 2.002826e+000
      vertex   -5.300000e+001 6.017569e+001 5.006181e+000
      vertex   -5.600000e+001 6.052813e+001 2.025415e+000
    endloop
  endfacet
  facet normal -3.900162e-002 -4.559067e-003 3.871424e-002
    outer loop
      vertex   -5.600000e+001 6.052813e+001 2.025415e+000
      vertex   -5.300000e+001 6.017569e+001 5.006181e+000
      vertex   -5.300000e+001 6.040844e+001 5.033591e+000
    endloop
  endfacet
  facet normal -7.055777e-001 -9.026326e-002 7.000688e-001
    outer loop
      vertex   -5.600000e+001 6.052813e+001 2.025415e+000
      vertex   -5.300000e+001 6.040844e+001 5.033591e+000
      vertex   -5.600000e+001 6.087780e+001 2.070500e+000
    endloop
  endfacet
  facet normal -7.066715e-001 -1.351691e-001 6.940632e-001
    outer loop
      vertex   -5.600000e+001 6.087780e+001 2.070500e+000
      vertex   -5.300000e+001 6.040844e+001 5.033591e+000
      vertex   -5.600000e+001 6.122387e+001 2.137897e+000
    endloop
  endfacet
  facet normal -3.901882e-002 -8.165951e-003 3.812480e-002
    outer loop
      vertex   -5.600000e+001 6.122387e+001 2.137897e+000
      vertex   -5.300000e+001 6.040844e+001 5.033591e+000
      vertex   -5.300000e+001 6.063761e+001 5.082675e+000
    endloop
  endfacet
  facet normal -7.061389e-001 -1.792835e-001 6.836881e-001
    outer loop
      vertex   -5.600000e+001 6.122387e+001 2.137897e+000
      vertex   -5.300000e+001 6.063761e+001 5.082675e+000
      vertex   -5.600000e+001 6.156490e+001 2.227327e+000
    endloop
  endfacet
  facet normal -3.901318e-002 -1.169937e-002 3.719012e-002
    outer loop
      vertex   -5.600000e+001 6.156490e+001 2.227327e+000
      vertex   -5.300000e+001 6.063761e+001 5.082675e+000
      vertex   -5.300000e+001 6.086117e+001 5.153004e+000
    endloop
  endfacet
  facet normal -7.056518e-001 -2.224765e-001 6.700640e-001
    outer loop
      vertex   -5.600000e+001 6.156490e+001 2.227327e+000
      vertex   -5.300000e+001 6.086117e+001 5.153004e+000
      vertex   -5.600000e+001 6.189951e+001 2.338424e+000
    endloop
  endfacet
  facet normal -7.067615e-001 -2.653558e-001 6.554281e-001
    outer loop
      vertex   -5.600000e+001 6.189951e+001 2.338424e+000
      vertex   -5.300000e+001 6.086117e+001 5.153004e+000
      vertex   -5.600000e+001 6.222631e+001 2.470731e+000
    endloop
  endfacet
  facet normal -3.900882e-002 -1.512977e-002 3.592931e-002
    outer loop
      vertex   -5.600000e+001 6.222631e+001 2.470731e+000
      vertex   -5.300000e+001 6.086117e+001 5.153004e+000
      vertex   -5.300000e+001 6.107716e+001 5.243958e+000
    endloop
  endfacet
  facet normal -7.062218e-001 -3.067044e-001 6.368815e-001
    outer loop
      vertex   -5.600000e+001 6.222631e+001 2.470731e+000
      vertex   -5.300000e+001 6.107716e+001 5.243958e+000
      vertex   -5.600000e+001 6.254396e+001 2.623704e+000
    endloop
  endfacet
  facet normal -3.902150e-002 -1.843050e-002 3.435950e-002
    outer loop
      vertex   -5.600000e+001 6.254396e+001 2.623704e+000
      vertex   -5.300000e+001 6.107716e+001 5.243958e+000
      vertex   -5.300000e+001 6.128368e+001 5.354737e+000
    endloop
  endfacet
  facet normal -7.057272e-001 -3.465400e-001 6.153147e-001
    outer loop
      vertex   -5.600000e+001 6.254396e+001 2.623704e+000
      vertex   -5.300000e+001 6.128368e+001 5.354737e+000
      vertex   -5.600000e+001 6.285116e+001 2.796715e+000
    endloop
  endfacet
  facet normal -7.068528e-001 -3.857464e-001 5.926104e-001
    outer loop
      vertex   -5.600000e+001 6.285116e+001 2.796715e+000
      vertex   -5.300000e+001 6.128368e+001 5.354737e+000
      vertex   -5.600000e+001 6.314664e+001 2.989053e+000
    endloop
  endfacet
  facet normal -3.899633e-002 -2.156056e-002 3.247372e-002
    outer loop
      vertex   -5.600000e+001 6.314664e+001 2.989053e+000
      vertex   -5.300000e+001 6.128368e+001 5.354737e+000
      vertex   -5.300000e+001 6.147893e+001 5.484370e+000
    endloop
  endfacet
  facet normal -7.063059e-001 -4.228335e-001 5.665629e-001
    outer loop
      vertex   -5.600000e+001 6.314664e+001 2.989053e+000
      vertex   -5.300000e+001 6.147893e+001 5.484370e+000
      vertex   -5.600000e+001 6.342920e+001 3.199927e+000
    endloop
  endfacet
  facet normal -3.902740e-002 -2.451566e-002 3.032257e-002
    outer loop
      vertex   -5.600000e+001 6.342920e+001 3.199927e+000
      vertex   -5.300000e+001 6.147893e+001 5.484370e+000
      vertex   -5.300000e+001 6.166118e+001 5.631716e+000
    endloop
  endfacet
  facet normal -7.058038e-001 -4.578665e-001 5.378326e-001
    outer loop
      vertex   -5.600000e+001 6.342920e+001 3.199927e+000
      vertex   -5.300000e+001 6.166118e+001 5.631716e+000
      vertex   -5.600000e+001 6.369765e+001 3.428471e+000
    endloop
  endfacet
  facet normal -7.069449e-001 -4.919020e-001 5.079273e-001
    outer loop
      vertex   -5.600000e+001 6.369765e+001 3.428471e+000
      vertex   -5.300000e+001 6.166118e+001 5.631716e+000
      vertex   -5.600000e+001 6.395092e+001 3.673746e+000
    endloop
  endfacet
  facet normal -3.897998e-002 -2.723241e-002 2.787825e-002
    outer loop
      vertex   -5.600000e+001 6.395092e+001 3.673746e+000
      vertex   -5.300000e+001 6.166118e+001 5.631716e+000
      vertex   -5.300000e+001 6.182883e+001 5.795480e+000
    endloop
  endfacet
  facet normal -7.063910e-001 -5.233839e-001 4.753204e-001
    outer loop
      vertex   -5.600000e+001 6.395092e+001 3.673746e+000
      vertex   -5.300000e+001 6.182883e+001 5.795480e+000
      vertex   -5.600000e+001 6.418795e+001 3.934744e+000
    endloop
  endfacet
  facet normal -3.903059e-002 -2.974072e-002 2.522106e-002
    outer loop
      vertex   -5.600000e+001 6.418795e+001 3.934744e+000
      vertex   -5.300000e+001 6.182883e+001 5.795480e+000
      vertex   -5.300000e+001 6.198041e+001 5.974225e+000
    endloop
  endfacet
  facet normal -7.058817e-001 -5.523329e-001 4.404782e-001
    outer loop
      vertex   -5.600000e+001 6.418795e+001 3.934744e+000
      vertex   -5.300000e+001 6.198041e+001 5.974225e+000
      vertex   -5.600000e+001 6.440778e+001 4.210392e+000
    endloop
  endfacet
  facet normal -3.896490e-002 -3.194746e-002 2.230737e-002
    outer loop
      vertex   -5.600000e+001 6.440778e+001 4.210392e+000
      vertex   -5.300000e+001 6.198041e+001 5.974225e+000
      vertex   -5.300000e+001 6.211458e+001 6.166377e+000
    endloop
  endfacet
  facet normal -7.054188e-001 -5.785943e-001 4.035949e-001
    outer loop
      vertex   -5.600000e+001 6.440778e+001 4.210392e+000
      vertex   -5.300000e+001 6.211458e+001 6.166377e+000
      vertex   -5.600000e+001 6.460948e+001 4.499558e+000
    endloop
  endfacet
  facet normal -7.064775e-001 -6.046285e-001 3.665321e-001
    outer loop
      vertex   -5.600000e+001 6.460948e+001 4.499558e+000
      vertex   -5.300000e+001 6.211458e+001 6.166377e+000
      vertex   -5.600000e+001 6.479225e+001 4.801054e+000
    endloop
  endfacet
  facet normal -3.903012e-002 -3.392161e-002 1.923308e-002
    outer loop
      vertex   -5.600000e+001 6.479225e+001 4.801054e+000
      vertex   -5.300000e+001 6.211458e+001 6.166377e+000
      vertex   -5.300000e+001 6.223017e+001 6.370249e+000
    endloop
  endfacet
  facet normal -7.059609e-001 -6.264551e-001 3.268262e-001
    outer loop
      vertex   -5.600000e+001 6.479225e+001 4.801054e+000
      vertex   -5.300000e+001 6.223017e+001 6.370249e+000
      vertex   -5.600000e+001 6.495533e+001 5.113639e+000
    endloop
  endfacet
  facet normal -3.898358e-002 -3.555429e-002 1.596332e-002
    outer loop
      vertex   -5.600000e+001 6.495533e+001 5.113639e+000
      vertex   -5.300000e+001 6.223017e+001 6.370249e+000
      vertex   -5.300000e+001 6.232616e+001 6.584050e+000
    endloop
  endfacet
  facet normal -7.054908e-001 -6.452498e-001 2.856371e-001
    outer loop
      vertex   -5.600000e+001 6.495533e+001 5.113639e+000
      vertex   -5.300000e+001 6.232616e+001 6.584050e+000
      vertex   -5.600000e+001 6.509805e+001 5.436031e+000
    endloop
  endfacet
  facet normal -7.065647e-001 -6.635785e-001 2.441890e-001
    outer loop
      vertex   -5.600000e+001 6.509805e+001 5.436031e+000
      vertex   -5.300000e+001 6.232616e+001 6.584050e+000
      vertex   -5.600000e+001 6.521980e+001 5.766905e+000
    endloop
  endfacet
  facet normal -3.902669e-002 -3.691150e-002 1.257003e-002
    outer loop
      vertex   -5.600000e+001 6.521980e+001 5.766905e+000
      vertex   -5.300000e+001 6.232616e+001 6.584050e+000
      vertex   -5.300000e+001 6.240171e+001 6.805900e+000
    endloop
  endfacet
  facet normal -7.060409e-001 -6.774809e-001 2.010803e-001
    outer loop
      vertex   -5.600000e+001 6.521980e+001 5.766905e+000
      vertex   -5.300000e+001 6.240171e+001 6.805900e+000
      vertex   -5.600000e+001 6.532012e+001 6.104900e+000
    endloop
  endfacet
  facet normal -3.899876e-002 -3.791399e-002 9.055356e-003
    outer loop
      vertex   -5.600000e+001 6.532012e+001 6.104900e+000
      vertex   -5.300000e+001 6.240171e+001 6.805900e+000
      vertex   -5.300000e+001 6.245616e+001 7.033850e+000
    endloop
  endfacet
  facet normal -7.055628e-001 -6.881325e-001 1.570607e-001
    outer loop
      vertex   -5.600000e+001 6.532012e+001 6.104900e+000
      vertex   -5.300000e+001 6.245616e+001 7.033850e+000
      vertex   -5.600000e+001 6.539857e+001 6.448627e+000
    endloop
  endfacet
  facet normal -7.066532e-001 -6.980380e-001 1.128474e-001
    outer loop
      vertex   -5.600000e+001 6.539857e+001 6.448627e+000
      vertex   -5.300000e+001 6.245616e+001 7.033850e+000
      vertex   -5.600000e+001 6.545484e+001 6.796676e+000
    endloop
  endfacet
  facet normal -3.902032e-002 -3.860511e-002 5.466182e-003
    outer loop
      vertex   -5.600000e+001 6.545484e+001 6.796676e+000
      vertex   -5.300000e+001 6.245616e+001 7.033850e+000
      vertex   -5.300000e+001 6.248901e+001 7.265896e+000
    endloop
  endfacet
  facet normal -7.061228e-001 -7.035199e-001 6.787705e-002
    outer loop
      vertex   -5.600000e+001 6.545484e+001 6.796676e+000
      vertex   -5.300000e+001 6.248901e+001 7.265896e+000
      vertex   -5.600000e+001 6.548870e+001 7.147614e+000
    endloop
  endfacet
  facet normal -3.901107e-002 -3.894308e-002 1.827572e-003
    outer loop
      vertex   -5.600000e+001 6.548870e+001 7.147614e+000
      vertex   -5.300000e+001 6.248901e+001 7.265896e+000
      vertex   -5.300000e+001 6.250000e+001 7.500000e+000
    endloop
  endfacet
  facet normal -0.000000e+000 -9.989007e-001 -4.687773e-002
    outer loop
      vertex   -5.000000e+001 6.248901e+001 7.734104e+000
      vertex   -5.300000e+001 6.248901e+001 7.734104e+000
      vertex   -5.000000e+001 6.250000e+001 7.500000e+000
    endloop
  endfacet
  facet normal -0.000000e+000 -7.779753e-002 -3.650986e-003
    outer loop
      vertex   -5.000000e+001 6.250000e+001 7.500000e+000
      vertex   -5.300000e+001 6.248901e+001 7.734104e+000
      vertex   -5.300000e+001 6.250000e+001 7.500000e+000
    endloop
  endfacet
  facet normal 0.000000e+000 -9.989007e-001 4.687773e-002
    outer loop
      vertex   -5.000000e+001 6.250000e+001 7.500000e+000
      vertex   -5.300000e+001 6.250000e+001 7.500000e+000
      vertex   -5.000000e+001 6.248901e+001 7.265896e+000
    endloop
  endfacet
  facet normal 0.000000e+000 -7.779753e-002 3.650986e-003
    outer loop
      vertex   -5.000000e+001 6.248901e+001 7.265896e+000
      vertex   -5.300000e+001 6.250000e+001 7.500000e+000
      vertex   -5.300000e+001 6.248901e+001 7.265896e+000
    endloop
  endfacet
  facet normal 0.000000e+000 -7.711392e-002 1.091873e-002
    outer loop
      vertex   -5.000000e+001 6.248901e+001 7.265896e+000
      vertex   -5.300000e+001 6.248901e+001 7.265896e+000
      vertex   -5.300000e+001 6.245616e+001 7.033850e+000
    endloop
  endfacet
  facet normal -0.000000e+000 -9.901241e-001 -1.401938e-001
    outer loop
      vertex   -5.000000e+001 6.248901e+001 7.734104e+000
      vertex   -5.000000e+001 6.245616e+001 7.966150e+000
      vertex   -5.300000e+001 6.248901e+001 7.734104e+000
    endloop
  endfacet
  facet normal -3.469447e-018 -9.871166e-001 -1.397680e-001
    outer loop
      vertex   -5.300000e+001 6.248901e+001 7.734104e+000
      vertex   -5.000000e+001 6.245616e+001 7.966150e+000
      vertex   -5.300000e+001 6.245616e+001 7.966150e+000
    endloop
  endfacet
  facet normal 0.000000e+000 -7.575256e-002 -1.809266e-002
    outer loop
      vertex   -5.300000e+001 6.245616e+001 7.966150e+000
      vertex   -5.000000e+001 6.245616e+001 7.966150e+000
      vertex   -5.000000e+001 6.240171e+001 8.194100e+000
    endloop
  endfacet
  facet normal -3.469447e-018 -9.696886e-001 -2.315994e-001
    outer loop
      vertex   -5.300000e+001 6.245616e+001 7.966150e+000
      vertex   -5.000000e+001 6.240171e+001 8.194100e+000
      vertex   -5.300000e+001 6.240171e+001 8.194100e+000
    endloop
  endfacet
  facet normal 0.000000e+000 -7.372519e-002 -2.510687e-002
    outer loop
      vertex   -5.300000e+001 6.240171e+001 8.194100e+000
      vertex   -5.000000e+001 6.240171e+001 8.194100e+000
      vertex   -5.000000e+001 6.232616e+001 8.415950e+000
    endloop
  endfacet
  facet normal 0.000000e+000 -9.437396e-001 -3.213874e-001
    outer loop
      vertex   -5.300000e+001 6.240171e+001 8.194100e+000
      vertex   -5.000000e+001 6.232616e+001 8.415950e+000
      vertex   -5.300000e+001 6.232616e+001 8.415950e+000
    endloop
  endfacet
  facet normal 0.000000e+000 -7.105065e-002 -3.190049e-002
    outer loop
      vertex   -5.300000e+001 6.232616e+001 8.415950e+000
      vertex   -5.000000e+001 6.232616e+001 8.415950e+000
      vertex   -5.000000e+001 6.223017e+001 8.629751e+000
    endloop
  endfacet
  facet normal 3.469447e-018 -9.094976e-001 -4.083483e-001
    outer loop
      vertex   -5.300000e+001 6.232616e+001 8.415950e+000
      vertex   -5.000000e+001 6.223017e+001 8.629751e+000
      vertex   -5.300000e+001 6.223017e+001 8.629751e+000
    endloop
  endfacet
  facet normal 0.000000e+000 -6.775082e-002 -3.841395e-002
    outer loop
      vertex   -5.300000e+001 6.223017e+001 8.629751e+000
      vertex   -5.000000e+001 6.223017e+001 8.629751e+000
      vertex   -5.000000e+001 6.211458e+001 8.833623e+000
    endloop
  endfacet
  facet normal 0.000000e+000 -8.672597e-001 -4.917264e-001
    outer loop
      vertex   -5.300000e+001 6.223017e+001 8.629751e+000
      vertex   -5.000000e+001 6.211458e+001 8.833623e+000
      vertex   -5.300000e+001 6.211458e+001 8.833623e+000
    endloop
  endfacet
  facet normal 0.000000e+000 -6.385644e-002 -4.458766e-002
    outer loop
      vertex   -5.300000e+001 6.211458e+001 8.833623e+000
      vertex   -5.000000e+001 6.211458e+001 8.833623e+000
      vertex   -5.000000e+001 6.198041e+001 9.025776e+000
    endloop
  endfacet
  facet normal 0.000000e+000 -8.174156e-001 -5.707592e-001
    outer loop
      vertex   -5.300000e+001 6.211458e+001 8.833623e+000
      vertex   -5.000000e+001 6.198041e+001 9.025776e+000
      vertex   -5.300000e+001 6.198041e+001 9.025776e+000
    endloop
  endfacet
  facet normal 0.000000e+000 -5.940014e-002 -5.037346e-002
    outer loop
      vertex   -5.300000e+001 6.198041e+001 9.025776e+000
      vertex   -5.000000e+001 6.198041e+001 9.025776e+000
      vertex   -5.000000e+001 6.182883e+001 9.204519e+000
    endloop
  endfacet
  facet normal 0.000000e+000 -7.603613e-001 -6.448138e-001
    outer loop
      vertex   -5.300000e+001 6.198041e+001 9.025776e+000
      vertex   -5.000000e+001 6.182883e+001 9.204519e+000
      vertex   -5.300000e+001 6.182883e+001 9.204519e+000
    endloop
  endfacet
  facet normal 0.000000e+000 -5.442251e-002 -5.571303e-002
    outer loop
      vertex   -5.300000e+001 6.182883e+001 9.204519e+000
      vertex   -5.000000e+001 6.182883e+001 9.204519e+000
      vertex   -5.000000e+001 6.166118e+001 9.368284e+000
    endloop
  endfacet
  facet normal 0.000000e+000 -6.966507e-001 -7.131704e-001
    outer loop
      vertex   -5.300000e+001 6.182883e+001 9.204519e+000
      vertex   -5.000000e+001 6.166118e+001 9.368284e+000
      vertex   -5.300000e+001 6.166118e+001 9.368284e+000
    endloop
  endfacet
  facet normal 0.000000e+000 -4.896599e-002 -6.056453e-002
    outer loop
      vertex   -5.300000e+001 6.166118e+001 9.368284e+000
      vertex   -5.000000e+001 6.166118e+001 9.368284e+000
      vertex   -5.000000e+001 6.147893e+001 9.515630e+000
    endloop
  endfacet
  facet normal -6.938894e-018 -6.268041e-001 -7.752747e-001
    outer loop
      vertex   -5.300000e+001 6.166118e+001 9.368284e+000
      vertex   -5.000000e+001 6.147893e+001 9.515630e+000
      vertex   -5.300000e+001 6.147893e+001 9.515630e+000
    endloop
  endfacet
  facet normal 0.000000e+000 -4.307973e-002 -6.488486e-002
    outer loop
      vertex   -5.300000e+001 6.147893e+001 9.515630e+000
      vertex   -5.000000e+001 6.147893e+001 9.515630e+000
      vertex   -5.000000e+001 6.128368e+001 9.645263e+000
    endloop
  endfacet
  facet normal 0.000000e+000 -5.514471e-001 -8.305662e-001
    outer loop
      vertex   -5.300000e+001 6.147893e+001 9.515630e+000
      vertex   -5.000000e+001 6.128368e+001 9.645263e+000
      vertex   -5.300000e+001 6.128368e+001 9.645263e+000
    endloop
  endfacet
  facet normal 0.000000e+000 -3.681443e-002 -6.863219e-002
    outer loop
      vertex   -5.300000e+001 6.128368e+001 9.645263e+000
      vertex   -5.000000e+001 6.128368e+001 9.645263e+000
      vertex   -5.000000e+001 6.107716e+001 9.756042e+000
    endloop
  endfacet
  facet normal 0.000000e+000 -4.712562e-001 -8.785510e-001
    outer loop
      vertex   -5.300000e+001 6.128368e+001 9.645263e+000
      vertex   -5.000000e+001 6.107716e+001 9.756042e+000
      vertex   -5.300000e+001 6.107716e+001 9.756042e+000
    endloop
  endfacet
  facet normal 0.000000e+000 -3.022585e-002 -7.177863e-002
    outer loop
      vertex   -5.300000e+001 6.107716e+001 9.756042e+000
      vertex   -5.000000e+001 6.107716e+001 9.756042e+000
      vertex   -5.000000e+001 6.086117e+001 9.846996e+000
    endloop
  endfacet
  facet normal 3.469447e-018 -3.869138e-001 -9.188209e-001
    outer loop
      vertex   -5.300000e+001 6.107716e+001 9.756042e+000
      vertex   -5.000000e+001 6.086117e+001 9.846996e+000
      vertex   -5.300000e+001 6.086117e+001 9.846996e+000
    endloop
  endfacet
  facet normal 0.000000e+000 -2.337138e-002 -7.429375e-002
    outer loop
      vertex   -5.300000e+001 6.086117e+001 9.846996e+000
      vertex   -5.000000e+001 6.086117e+001 9.846996e+000
      vertex   -5.000000e+001 6.063761e+001 9.917324e+000
    endloop
  endfacet
  facet normal -3.469447e-018 -2.991711e-001 -9.510157e-001
    outer loop
      vertex   -5.300000e+001 6.086117e+001 9.846996e+000
      vertex   -5.000000e+001 6.063761e+001 9.917324e+000
      vertex   -5.300000e+001 6.063761e+001 9.917324e+000
    endloop
  endfacet
  facet normal 0.000000e+000 -1.631186e-002 -7.615601e-002
    outer loop
      vertex   -5.300000e+001 6.063761e+001 9.917324e+000
      vertex   -5.000000e+001 6.063761e+001 9.917324e+000
      vertex   -5.000000e+001 6.040844e+001 9.966409e+000
    endloop
  endfacet
  facet normal 0.000000e+000 -2.088034e-001 -9.748514e-001
    outer loop
      vertex   -5.300000e+001 6.063761e+001 9.917324e+000
      vertex   -5.000000e+001 6.040844e+001 9.966409e+000
      vertex   -5.300000e+001 6.040844e+001 9.966409e+000
    endloop
  endfacet
  facet normal 0.000000e+000 -9.109083e-003 -7.734892e-002
    outer loop
      vertex   -5.300000e+001 6.040844e+001 9.966409e+000
      vertex   -5.000000e+001 6.040844e+001 9.966409e+000
      vertex   -5.000000e+001 6.017569e+001 9.993819e+000
    endloop
  endfacet
  facet normal 0.000000e+000 -1.166026e-001 -9.901202e-001
    outer loop
      vertex   -5.300000e+001 6.040844e+001 9.966409e+000
      vertex   -5.000000e+001 6.017569e+001 9.993819e+000
      vertex   -5.300000e+001 6.017569e+001 9.993819e+000
    endloop
  endfacet
  facet normal 0.000000e+000 -1.825810e-003 -7.786108e-002
    outer loop
      vertex   -5.300000e+001 6.017569e+001 9.993819e+000
      vertex   -5.000000e+001 6.017569e+001 9.993819e+000
      vertex   -5.000000e+001 5.994139e+001 9.999313e+000
    endloop
  endfacet
  facet normal 0.000000e+000 -2.337193e-002 -9.966885e-001
    outer loop
      vertex   -5.300000e+001 6.017569e+001 9.993819e+000
      vertex   -5.000000e+001 5.994139e+001 9.999313e+000
      vertex   -5.300000e+001 5.994139e+001 9.999313e+000
    endloop
  endfacet
  facet normal 0.000000e+000 5.473309e-003 -7.769120e-002
    outer loop
      vertex   -5.300000e+001 5.994139e+001 9.999313e+000
      vertex   -5.000000e+001 5.994139e+001 9.999313e+000
      vertex   -5.000000e+001 5.970761e+001 9.982843e+000
    endloop
  endfacet
  facet normal 0.000000e+000 7.006190e-002 -9.944976e-001
    outer loop
      vertex   -5.300000e+001 5.994139e+001 9.999313e+000
      vertex   -5.000000e+001 5.970761e+001 9.982843e+000
      vertex   -5.300000e+001 5.970761e+001 9.982843e+000
    endloop
  endfacet
  facet normal 0.000000e+000 1.272457e-002 -7.683676e-002
    outer loop
      vertex   -5.300000e+001 5.970761e+001 9.982843e+000
      vertex   -5.000000e+001 5.970761e+001 9.982843e+000
      vertex   -5.000000e+001 5.947640e+001 9.944553e+000
    endloop
  endfacet
  facet normal 1.734723e-018 1.628838e-001 -9.835665e-001
    outer loop
      vertex   -5.300000e+001 5.970761e+001 9.982843e+000
      vertex   -5.000000e+001 5.947640e+001 9.944553e+000
      vertex   -5.300000e+001 5.947640e+001 9.944553e+000
    endloop
  endfacet
  facet normal 0.000000e+000 1.986333e-002 -7.530665e-002
    outer loop
      vertex   -5.300000e+001 5.947640e+001 9.944553e+000
      vertex   -5.000000e+001 5.947640e+001 9.944553e+000
      vertex   -5.000000e+001 5.924979e+001 9.884782e+000
    endloop
  endfacet
  facet normal 0.000000e+000 2.542684e-001 -9.639927e-001
    outer loop
      vertex   -5.300000e+001 5.947640e+001 9.944553e+000
      vertex   -5.000000e+001 5.924979e+001 9.884782e+000
      vertex   -5.300000e+001 5.924979e+001 9.884782e+000
    endloop
  endfacet
  facet normal 0.000000e+000 2.682840e-002 -7.311732e-002
    outer loop
      vertex   -5.300000e+001 5.924979e+001 9.884782e+000
      vertex   -5.000000e+001 5.924979e+001 9.884782e+000
      vertex   -5.000000e+001 5.902977e+001 9.804051e+000
    endloop
  endfacet
  facet normal 0.000000e+000 3.434202e-001 -9.359469e-001
    outer loop
      vertex   -5.300000e+001 5.924979e+001 9.884782e+000
      vertex   -5.000000e+001 5.902977e+001 9.804051e+000
      vertex   -5.300000e+001 5.902977e+001 9.804051e+000
    endloop
  endfacet
  facet normal 0.000000e+000 3.355706e-002 -7.028274e-002
    outer loop
      vertex   -5.300000e+001 5.902977e+001 9.804051e+000
      vertex   -5.000000e+001 5.902977e+001 9.804051e+000
      vertex   -5.000000e+001 5.881828e+001 9.703074e+000
    endloop
  endfacet
  facet normal 3.469447e-018 4.295570e-001 -8.996750e-001
    outer loop
      vertex   -5.300000e+001 5.902977e+001 9.804051e+000
      vertex   -5.000000e+001 5.881828e+001 9.703074e+000
      vertex   -5.300000e+001 5.881828e+001 9.703074e+000
    endloop
  endfacet
  facet normal 0.000000e+000 3.999097e-002 -6.683205e-002
    outer loop
      vertex   -5.300000e+001 5.881828e+001 9.703074e+000
      vertex   -5.000000e+001 5.881828e+001 9.703074e+000
      vertex   -5.000000e+001 5.861717e+001 9.582735e+000
    endloop
  endfacet
  facet normal -6.938894e-018 5.119136e-001 -8.554991e-001
    outer loop
      vertex   -5.300000e+001 5.881828e+001 9.703074e+000
      vertex   -5.000000e+001 5.861717e+001 9.582735e+000
      vertex   -5.300000e+001 5.861717e+001 9.582735e+000
    endloop
  endfacet
  facet normal 0.000000e+000 4.607341e-002 -6.279315e-002
    outer loop
      vertex   -5.300000e+001 5.861717e+001 9.582735e+000
      vertex   -5.000000e+001 5.861717e+001 9.582735e+000
      vertex   -5.000000e+001 5.842822e+001 9.444094e+000
    endloop
  endfacet
  facet normal 0.000000e+000 5.897763e-001 -8.038023e-001
    outer loop
      vertex   -5.300000e+001 5.861717e+001 9.582735e+000
      vertex   -5.000000e+001 5.842822e+001 9.444094e+000
      vertex   -5.300000e+001 5.842822e+001 9.444094e+000
    endloop
  endfacet
  facet normal 0.000000e+000 5.175113e-002 -5.820406e-002
    outer loop
      vertex   -5.300000e+001 5.842822e+001 9.444094e+000
      vertex   -5.000000e+001 5.842822e+001 9.444094e+000
      vertex   -5.000000e+001 5.825307e+001 9.288367e+000
    endloop
  endfacet
  facet normal 0.000000e+000 6.624473e-001 -7.450488e-001
    outer loop
      vertex   -5.300000e+001 5.842822e+001 9.444094e+000
      vertex   -5.000000e+001 5.825307e+001 9.288367e+000
      vertex   -5.300000e+001 5.825307e+001 9.288367e+000
    endloop
  endfacet
  facet normal 0.000000e+000 5.697376e-002 -5.310030e-002
    outer loop
      vertex   -5.300000e+001 5.825307e+001 9.288367e+000
      vertex   -5.000000e+001 5.825307e+001 9.288367e+000
      vertex   -5.000000e+001 5.809329e+001 9.116925e+000
    endloop
  endfacet
  facet normal 0.000000e+000 7.293148e-001 -6.797310e-001
    outer loop
      vertex   -5.300000e+001 5.825307e+001 9.288367e+000
      vertex   -5.000000e+001 5.809329e+001 9.116925e+000
      vertex   -5.300000e+001 5.809329e+001 9.116925e+000
    endloop
  endfacet
  facet normal 0.000000e+000 6.169627e-002 -4.753380e-002
    outer loop
      vertex   -5.300000e+001 5.809329e+001 9.116925e+000
      vertex   -5.000000e+001 5.809329e+001 9.116925e+000
      vertex   -5.000000e+001 5.795025e+001 8.931273e+000
    endloop
  endfacet
  facet normal 0.000000e+000 7.897513e-001 -6.084628e-001
    outer loop
      vertex   -5.300000e+001 5.809329e+001 9.116925e+000
      vertex   -5.000000e+001 5.795025e+001 8.931273e+000
      vertex   -5.300000e+001 5.795025e+001 8.931273e+000
    endloop
  endfacet
  facet normal 0.000000e+000 6.587621e-002 -4.154644e-002
    outer loop
      vertex   -5.300000e+001 5.795025e+001 8.931273e+000
      vertex   -5.000000e+001 5.795025e+001 8.931273e+000
      vertex   -5.000000e+001 5.782523e+001 8.733042e+000
    endloop
  endfacet
  facet normal 0.000000e+000 8.432649e-001 -5.318257e-001
    outer loop
      vertex   -5.300000e+001 5.795025e+001 8.931273e+000
      vertex   -5.000000e+001 5.782523e+001 8.733042e+000
      vertex   -5.300000e+001 5.782523e+001 8.733042e+000
    endloop
  endfacet
  facet normal 0.000000e+000 6.947680e-002 -3.519525e-002
    outer loop
      vertex   -5.300000e+001 5.782523e+001 8.733042e+000
      vertex   -5.000000e+001 5.782523e+001 8.733042e+000
      vertex   -5.000000e+001 5.771933e+001 8.523976e+000
    endloop
  endfacet
  facet normal -6.938894e-018 8.893589e-001 -4.505275e-001
    outer loop
      vertex   -5.300000e+001 5.782523e+001 8.733042e+000
      vertex   -5.000000e+001 5.771933e+001 8.523976e+000
      vertex   -5.300000e+001 5.771933e+001 8.523976e+000
    endloop
  endfacet
  facet normal 0.000000e+000 7.246763e-002 -2.853473e-002
    outer loop
      vertex   -5.300000e+001 5.771933e+001 8.523976e+000
      vertex   -5.000000e+001 5.771933e+001 8.523976e+000
      vertex   -5.000000e+001 5.763346e+001 8.305911e+000
    endloop
  endfacet
  facet normal 0.000000e+000 9.276395e-001 -3.652658e-001
    outer loop
      vertex   -5.300000e+001 5.771933e+001 8.523976e+000
      vertex   -5.000000e+001 5.763346e+001 8.305911e+000
      vertex   -5.300000e+001 5.763346e+001 8.305911e+000
    endloop
  endfacet
  facet normal 0.000000e+000 7.482112e-002 -2.162322e-002
    outer loop
      vertex   -5.300000e+001 5.763346e+001 8.305911e+000
      vertex   -5.000000e+001 5.763346e+001 8.305911e+000
      vertex   -5.000000e+001 5.756839e+001 8.080764e+000
    endloop
  endfacet
  facet normal 0.000000e+000 9.577680e-001 -2.767938e-001
    outer loop
      vertex   -5.300000e+001 5.763346e+001 8.305911e+000
      vertex   -5.000000e+001 5.756839e+001 8.080764e+000
      vertex   -5.300000e+001 5.756839e+001 8.080764e+000
    endloop
  endfacet
  facet normal 0.000000e+000 7.651746e-002 -1.452281e-002
    outer loop
      vertex   -5.300000e+001 5.756839e+001 8.080764e+000
      vertex   -5.000000e+001 5.756839e+001 8.080764e+000
      vertex   -5.000000e+001 5.752469e+001 7.850512e+000
    endloop
  endfacet
  facet normal -1.734723e-018 9.794767e-001 -1.859020e-001
    outer loop
      vertex   -5.300000e+001 5.756839e+001 8.080764e+000
      vertex   -5.000000e+001 5.752469e+001 7.850512e+000
      vertex   -5.300000e+001 5.752469e+001 7.850512e+000
    endloop
  endfacet
  facet normal 0.000000e+000 7.754082e-002 -7.293098e-003
    outer loop
      vertex   -5.300000e+001 5.752469e+001 7.850512e+000
      vertex   -5.000000e+001 5.752469e+001 7.850512e+000
      vertex   -5.000000e+001 5.750275e+001 7.617181e+000
    endloop
  endfacet
  facet normal 8.673617e-019 9.925818e-001 -9.335723e-002
    outer loop
      vertex   -5.300000e+001 5.752469e+001 7.850512e+000
      vertex   -5.000000e+001 5.750275e+001 7.617181e+000
      vertex   -5.300000e+001 5.750275e+001 7.617181e+000
    endloop
  endfacet
  facet normal -0.000000e+000 7.788326e-002 0.000000e+000
    outer loop
      vertex   -5.300000e+001 5.750275e+001 7.617181e+000
      vertex   -5.000000e+001 5.750275e+001 7.617181e+000
      vertex   -5.000000e+001 5.750275e+001 7.382819e+000
    endloop
  endfacet
  facet normal 0.000000e+000 9.969625e-001 0.000000e+000
    outer loop
      vertex   -5.300000e+001 5.750275e+001 7.617181e+000
      vertex   -5.000000e+001 5.750275e+001 7.382819e+000
      vertex   -5.300000e+001 5.750275e+001 7.382819e+000
    endloop
  endfacet
  facet normal -0.000000e+000 7.754082e-002 7.293098e-003
    outer loop
      vertex   -5.300000e+001 5.750275e+001 7.382819e+000
      vertex   -5.000000e+001 5.750275e+001 7.382819e+000
      vertex   -5.000000e+001 5.752469e+001 7.149488e+000
    endloop
  endfacet
  facet normal -8.673617e-019 9.925818e-001 9.335723e-002
    outer loop
      vertex   -5.300000e+001 5.750275e+001 7.382819e+000
      vertex   -5.000000e+001 5.752469e+001 7.149488e+000
      vertex   -5.300000e+001 5.752469e+001 7.149488e+000
    endloop
  endfacet
  facet normal -0.000000e+000 7.651731e-002 1.452281e-002
    outer loop
      vertex   -5.300000e+001 5.752469e+001 7.149488e+000
      vertex   -5.000000e+001 5.752469e+001 7.149488e+000
      vertex   -5.000000e+001 5.756839e+001 6.919237e+000
    endloop
  endfacet
  facet normal 1.734723e-018 9.794766e-001 1.859024e-001
    outer loop
      vertex   -5.300000e+001 5.752469e+001 7.149488e+000
      vertex   -5.000000e+001 5.756839e+001 6.919237e+000
      vertex   -5.300000e+001 5.756839e+001 6.919237e+000
    endloop
  endfacet
  facet normal -0.000000e+000 7.482128e-002 2.162322e-002
    outer loop
      vertex   -5.300000e+001 5.756839e+001 6.919237e+000
      vertex   -5.000000e+001 5.756839e+001 6.919237e+000
      vertex   -5.000000e+001 5.763346e+001 6.694089e+000
    endloop
  endfacet
  facet normal 0.000000e+000 9.577681e-001 2.767933e-001
    outer loop
      vertex   -5.300000e+001 5.756839e+001 6.919237e+000
      vertex   -5.000000e+001 5.763346e+001 6.694089e+000
      vertex   -5.300000e+001 5.763346e+001 6.694089e+000
    endloop
  endfacet
  facet normal -0.000000e+000 7.246747e-002 2.853473e-002
    outer loop
      vertex   -5.300000e+001 5.763346e+001 6.694089e+000
      vertex   -5.000000e+001 5.763346e+001 6.694089e+000
      vertex   -5.000000e+001 5.771933e+001 6.476024e+000
    endloop
  endfacet
  facet normal -3.469447e-018 9.276392e-001 3.652665e-001
    outer loop
      vertex   -5.300000e+001 5.763346e+001 6.694089e+000
      vertex   -5.000000e+001 5.771933e+001 6.476024e+000
      vertex   -5.300000e+001 5.771933e+001 6.476024e+000
    endloop
  endfacet
  facet normal -0.000000e+000 6.947712e-002 3.519525e-002
    outer loop
      vertex   -5.300000e+001 5.771933e+001 6.476024e+000
      vertex   -5.000000e+001 5.771933e+001 6.476024e+000
      vertex   -5.000000e+001 5.782523e+001 6.266958e+000
    endloop
  endfacet
  facet normal 0.000000e+000 8.893597e-001 4.505259e-001
    outer loop
      vertex   -5.300000e+001 5.771933e+001 6.476024e+000
      vertex   -5.000000e+001 5.782523e+001 6.266958e+000
      vertex   -5.300000e+001 5.782523e+001 6.266958e+000
    endloop
  endfacet
  facet normal -0.000000e+000 6.587604e-002 4.154644e-002
    outer loop
      vertex   -5.300000e+001 5.782523e+001 6.266958e+000
      vertex   -5.000000e+001 5.782523e+001 6.266958e+000
      vertex   -5.000000e+001 5.795025e+001 6.068727e+000
    endloop
  endfacet
  facet normal 0.000000e+000 8.432643e-001 5.318266e-001
    outer loop
      vertex   -5.300000e+001 5.782523e+001 6.266958e+000
      vertex   -5.000000e+001 5.795025e+001 6.068727e+000
      vertex   -5.300000e+001 5.795025e+001 6.068727e+000
    endloop
  endfacet
  facet normal -0.000000e+000 6.169611e-002 4.753380e-002
    outer loop
      vertex   -5.300000e+001 5.795025e+001 6.068727e+000
      vertex   -5.000000e+001 5.795025e+001 6.068727e+000
      vertex   -5.000000e+001 5.809329e+001 5.883075e+000
    endloop
  endfacet
  facet normal 0.000000e+000 7.897506e-001 6.084638e-001
    outer loop
      vertex   -5.300000e+001 5.795025e+001 6.068727e+000
      vertex   -5.000000e+001 5.809329e+001 5.883075e+000
      vertex   -5.300000e+001 5.809329e+001 5.883075e+000
    endloop
  endfacet
  facet normal -0.000000e+000 5.697392e-002 5.310030e-002
    outer loop
      vertex   -5.300000e+001 5.809329e+001 5.883075e+000
      vertex   -5.000000e+001 5.809329e+001 5.883075e+000
      vertex   -5.000000e+001 5.825307e+001 5.711633e+000
    endloop
  endfacet
  facet normal 0.000000e+000 7.293158e-001 6.797300e-001
    outer loop
      vertex   -5.300000e+001 5.809329e+001 5.883075e+000
      vertex   -5.000000e+001 5.825307e+001 5.711633e+000
      vertex   -5.300000e+001 5.825307e+001 5.711633e+000
    endloop
  endfacet
  facet normal -0.000000e+000 5.175113e-002 5.820406e-002
    outer loop
      vertex   -5.300000e+001 5.825307e+001 5.711633e+000
      vertex   -5.000000e+001 5.825307e+001 5.711633e+000
      vertex   -5.000000e+001 5.842822e+001 5.555906e+000
    endloop
  endfacet
  facet normal 0.000000e+000 6.624473e-001 7.450488e-001
    outer loop
      vertex   -5.300000e+001 5.825307e+001 5.711633e+000
      vertex   -5.000000e+001 5.842822e+001 5.555906e+000
      vertex   -5.300000e+001 5.842822e+001 5.555906e+000
    endloop
  endfacet
  facet normal -0.000000e+000 4.607357e-002 6.279315e-002
    outer loop
      vertex   -5.300000e+001 5.842822e+001 5.555906e+000
      vertex   -5.000000e+001 5.842822e+001 5.555906e+000
      vertex   -5.000000e+001 5.861717e+001 5.417264e+000
    endloop
  endfacet
  facet normal -6.938894e-018 5.897776e-001 8.038014e-001
    outer loop
      vertex   -5.300000e+001 5.842822e+001 5.555906e+000
      vertex   -5.000000e+001 5.861717e+001 5.417264e+000
      vertex   -5.300000e+001 5.861717e+001 5.417264e+000
    endloop
  endfacet
  facet normal -0.000000e+000 3.999097e-002 6.683205e-002
    outer loop
      vertex   -5.300000e+001 5.861717e+001 5.417264e+000
      vertex   -5.000000e+001 5.861717e+001 5.417264e+000
      vertex   -5.000000e+001 5.881828e+001 5.296926e+000
    endloop
  endfacet
  facet normal 6.938894e-018 5.119136e-001 8.554991e-001
    outer loop
      vertex   -5.300000e+001 5.861717e+001 5.417264e+000
      vertex   -5.000000e+001 5.881828e+001 5.296926e+000
      vertex   -5.300000e+001 5.881828e+001 5.296926e+000
    endloop
  endfacet
  facet normal -0.000000e+000 3.355706e-002 7.028274e-002
    outer loop
      vertex   -5.300000e+001 5.881828e+001 5.296926e+000
      vertex   -5.000000e+001 5.881828e+001 5.296926e+000
      vertex   -5.000000e+001 5.902977e+001 5.195948e+000
    endloop
  endfacet
  facet normal -3.469447e-018 4.295570e-001 8.996750e-001
    outer loop
      vertex   -5.300000e+001 5.881828e+001 5.296926e+000
      vertex   -5.000000e+001 5.902977e+001 5.195948e+000
      vertex   -5.300000e+001 5.902977e+001 5.195948e+000
    endloop
  endfacet
  facet normal -0.000000e+000 2.682809e-002 7.311732e-002
    outer loop
      vertex   -5.300000e+001 5.902977e+001 5.195948e+000
      vertex   -5.000000e+001 5.902977e+001 5.195948e+000
      vertex   -5.000000e+001 5.924979e+001 5.115219e+000
    endloop
  endfacet
  facet normal 0.000000e+000 3.434166e-001 9.359483e-001
    outer loop
      vertex   -5.300000e+001 5.902977e+001 5.195948e+000
      vertex   -5.000000e+001 5.924979e+001 5.115219e+000
      vertex   -5.300000e+001 5.924979e+001 5.115219e+000
    endloop
  endfacet
  facet normal -0.000000e+000 1.986349e-002 7.530665e-002
    outer loop
      vertex   -5.300000e+001 5.924979e+001 5.115219e+000
      vertex   -5.000000e+001 5.924979e+001 5.115219e+000
      vertex   -5.000000e+001 5.947640e+001 5.055447e+000
    endloop
  endfacet
  facet normal 0.000000e+000 2.542703e-001 9.639922e-001
    outer loop
      vertex   -5.300000e+001 5.924979e+001 5.115219e+000
      vertex   -5.000000e+001 5.947640e+001 5.055447e+000
      vertex   -5.300000e+001 5.947640e+001 5.055447e+000
    endloop
  endfacet
  facet normal -0.000000e+000 1.272441e-002 7.683676e-002
    outer loop
      vertex   -5.300000e+001 5.947640e+001 5.055447e+000
      vertex   -5.000000e+001 5.947640e+001 5.055447e+000
      vertex   -5.000000e+001 5.970761e+001 5.017157e+000
    endloop
  endfacet
  facet normal 1.734723e-018 1.628818e-001 9.835668e-001
    outer loop
      vertex   -5.300000e+001 5.947640e+001 5.055447e+000
      vertex   -5.000000e+001 5.970761e+001 5.017157e+000
      vertex   -5.300000e+001 5.970761e+001 5.017157e+000
    endloop
  endfacet
  facet normal -0.000000e+000 5.473309e-003 7.769120e-002
    outer loop
      vertex   -5.300000e+001 5.970761e+001 5.017157e+000
      vertex   -5.000000e+001 5.970761e+001 5.017157e+000
      vertex   -5.000000e+001 5.994139e+001 5.000687e+000
    endloop
  endfacet
  facet normal 0.000000e+000 7.006190e-002 9.944976e-001
    outer loop
      vertex   -5.300000e+001 5.970761e+001 5.017157e+000
      vertex   -5.000000e+001 5.994139e+001 5.000687e+000
      vertex   -5.300000e+001 5.994139e+001 5.000687e+000
    endloop
  endfacet
  facet normal 0.000000e+000 -1.825810e-003 7.786108e-002
    outer loop
      vertex   -5.300000e+001 5.994139e+001 5.000687e+000
      vertex   -5.000000e+001 5.994139e+001 5.000687e+000
      vertex   -5.000000e+001 6.017569e+001 5.006181e+000
    endloop
  endfacet
  facet normal 0.000000e+000 -2.337193e-002 9.966885e-001
    outer loop
      vertex   -5.300000e+001 5.994139e+001 5.000687e+000
      vertex   -5.000000e+001 6.017569e+001 5.006181e+000
      vertex   -5.300000e+001 6.017569e+001 5.006181e+000
    endloop
  endfacet
  facet normal 0.000000e+000 -9.108765e-003 7.734892e-002
    outer loop
      vertex   -5.300000e+001 6.017569e+001 5.006181e+000
      vertex   -5.000000e+001 6.017569e+001 5.006181e+000
      vertex   -5.000000e+001 6.040844e+001 5.033591e+000
    endloop
  endfacet
  facet normal 0.000000e+000 -1.165986e-001 9.901206e-001
    outer loop
      vertex   -5.300000e+001 6.017569e+001 5.006181e+000
      vertex   -5.000000e+001 6.040844e+001 5.033591e+000
      vertex   -5.300000e+001 6.040844e+001 5.033591e+000
    endloop
  endfacet
  facet normal 0.000000e+000 -1.631186e-002 7.615601e-002
    outer loop
      vertex   -5.300000e+001 6.040844e+001 5.033591e+000
      vertex   -5.000000e+001 6.040844e+001 5.033591e+000
      vertex   -5.000000e+001 6.063761e+001 5.082675e+000
    endloop
  endfacet
  facet normal 0.000000e+000 -2.088034e-001 9.748514e-001
    outer loop
      vertex   -5.300000e+001 6.040844e+001 5.033591e+000
      vertex   -5.000000e+001 6.063761e+001 5.082675e+000
      vertex   -5.300000e+001 6.063761e+001 5.082675e+000
    endloop
  endfacet
  facet normal 0.000000e+000 -2.337154e-002 7.429375e-002
    outer loop
      vertex   -5.300000e+001 6.063761e+001 5.082675e+000
      vertex   -5.000000e+001 6.063761e+001 5.082675e+000
      vertex   -5.000000e+001 6.086117e+001 5.153004e+000
    endloop
  endfacet
  facet normal 0.000000e+000 -2.991730e-001 9.510151e-001
    outer loop
      vertex   -5.300000e+001 6.063761e+001 5.082675e+000
      vertex   -5.000000e+001 6.086117e+001 5.153004e+000
      vertex   -5.300000e+001 6.086117e+001 5.153004e+000
    endloop
  endfacet
  facet normal 0.000000e+000 -3.022585e-002 7.177863e-002
    outer loop
      vertex   -5.300000e+001 6.086117e+001 5.153004e+000
      vertex   -5.000000e+001 6.086117e+001 5.153004e+000
      vertex   -5.000000e+001 6.107716e+001 5.243958e+000
    endloop
  endfacet
  facet normal -3.469447e-018 -3.869138e-001 9.188209e-001
    outer loop
      vertex   -5.300000e+001 6.086117e+001 5.153004e+000
      vertex   -5.000000e+001 6.107716e+001 5.243958e+000
      vertex   -5.300000e+001 6.107716e+001 5.243958e+000
    endloop
  endfacet
  facet normal 0.000000e+000 -3.681443e-002 6.863219e-002
    outer loop
      vertex   -5.300000e+001 6.107716e+001 5.243958e+000
      vertex   -5.000000e+001 6.107716e+001 5.243958e+000
      vertex   -5.000000e+001 6.128368e+001 5.354737e+000
    endloop
  endfacet
  facet normal 0.000000e+000 -4.712562e-001 8.785510e-001
    outer loop
      vertex   -5.300000e+001 6.107716e+001 5.243958e+000
      vertex   -5.000000e+001 6.128368e+001 5.354737e+000
      vertex   -5.300000e+001 6.128368e+001 5.354737e+000
    endloop
  endfacet
  facet normal 0.000000e+000 -4.307957e-002 6.488486e-002
    outer loop
      vertex   -5.300000e+001 6.128368e+001 5.354737e+000
      vertex   -5.000000e+001 6.128368e+001 5.354737e+000
      vertex   -5.000000e+001 6.147893e+001 5.484370e+000
    endloop
  endfacet
  facet normal 0.000000e+000 -5.514457e-001 8.305671e-001
    outer loop
      vertex   -5.300000e+001 6.128368e+001 5.354737e+000
      vertex   -5.000000e+001 6.147893e+001 5.484370e+000
      vertex   -5.300000e+001 6.147893e+001 5.484370e+000
    endloop
  endfacet
  facet normal 0.000000e+000 -4.896615e-002 6.056453e-002
    outer loop
      vertex   -5.300000e+001 6.147893e+001 5.484370e+000
      vertex   -5.000000e+001 6.147893e+001 5.484370e+000
      vertex   -5.000000e+001 6.166118e+001 5.631716e+000
    endloop
  endfacet
  facet normal 0.000000e+000 -6.268054e-001 7.752737e-001
    outer loop
      vertex   -5.300000e+001 6.147893e+001 5.484370e+000
      vertex   -5.000000e+001 6.166118e+001 5.631716e+000
      vertex   -5.300000e+001 6.166118e+001 5.631716e+000
    endloop
  endfacet
  facet normal 0.000000e+000 -5.442235e-002 5.571303e-002
    outer loop
      vertex   -5.300000e+001 6.166118e+001 5.631716e+000
      vertex   -5.000000e+001 6.166118e+001 5.631716e+000
      vertex   -5.000000e+001 6.182883e+001 5.795480e+000
    endloop
  endfacet
  facet normal -6.938894e-018 -6.966497e-001 7.131714e-001
    outer loop
      vertex   -5.300000e+001 6.166118e+001 5.631716e+000
      vertex   -5.000000e+001 6.182883e+001 5.795480e+000
      vertex   -5.300000e+001 6.182883e+001 5.795480e+000
    endloop
  endfacet
  facet normal 0.000000e+000 -5.940046e-002 5.037346e-002
    outer loop
      vertex   -5.300000e+001 6.182883e+001 5.795480e+000
      vertex   -5.000000e+001 6.182883e+001 5.795480e+000
      vertex   -5.000000e+001 6.198041e+001 5.974225e+000
    endloop
  endfacet
  facet normal 6.938894e-018 -7.603630e-001 6.448117e-001
    outer loop
      vertex   -5.300000e+001 6.182883e+001 5.795480e+000
      vertex   -5.000000e+001 6.198041e+001 5.974225e+000
      vertex   -5.300000e+001 6.198041e+001 5.974225e+000
    endloop
  endfacet
  facet normal 0.000000e+000 -6.385612e-002 4.458766e-002
    outer loop
      vertex   -5.300000e+001 6.198041e+001 5.974225e+000
      vertex   -5.000000e+001 6.198041e+001 5.974225e+000
      vertex   -5.000000e+001 6.211458e+001 6.166377e+000
    endloop
  endfacet
  facet normal 0.000000e+000 -8.174143e-001 5.707611e-001
    outer loop
      vertex   -5.300000e+001 6.198041e+001 5.974225e+000
      vertex   -5.000000e+001 6.211458e+001 6.166377e+000
      vertex   -5.300000e+001 6.211458e+001 6.166377e+000
    endloop
  endfacet
  facet normal 0.000000e+000 -6.775114e-002 3.841395e-002
    outer loop
      vertex   -5.300000e+001 6.211458e+001 6.166377e+000
      vertex   -5.000000e+001 6.211458e+001 6.166377e+000
      vertex   -5.000000e+001 6.223017e+001 6.370249e+000
    endloop
  endfacet
  facet normal 6.938894e-018 -8.672606e-001 4.917246e-001
    outer loop
      vertex   -5.300000e+001 6.211458e+001 6.166377e+000
      vertex   -5.000000e+001 6.223017e+001 6.370249e+000
      vertex   -5.300000e+001 6.223017e+001 6.370249e+000
    endloop
  endfacet
  facet normal 0.000000e+000 -7.105034e-002 3.190049e-002
    outer loop
      vertex   -5.300000e+001 6.223017e+001 6.370249e+000
      vertex   -5.000000e+001 6.223017e+001 6.370249e+000
      vertex   -5.000000e+001 6.232616e+001 6.584050e+000
    endloop
  endfacet
  facet normal 0.000000e+000 -9.094969e-001 4.083498e-001
    outer loop
      vertex   -5.300000e+001 6.223017e+001 6.370249e+000
      vertex   -5.000000e+001 6.232616e+001 6.584050e+000
      vertex   -5.300000e+001 6.232616e+001 6.584050e+000
    endloop
  endfacet
  facet normal 0.000000e+000 -7.372551e-002 2.510686e-002
    outer loop
      vertex   -5.300000e+001 6.232616e+001 6.584050e+000
      vertex   -5.000000e+001 6.232616e+001 6.584050e+000
      vertex   -5.000000e+001 6.240171e+001 6.805900e+000
    endloop
  endfacet
  facet normal 0.000000e+000 -9.437400e-001 3.213861e-001
    outer loop
      vertex   -5.300000e+001 6.232616e+001 6.584050e+000
      vertex   -5.000000e+001 6.240171e+001 6.805900e+000
      vertex   -5.300000e+001 6.240171e+001 6.805900e+000
    endloop
  endfacet
  facet normal 0.000000e+000 -7.575241e-002 1.809266e-002
    outer loop
      vertex   -5.300000e+001 6.240171e+001 6.805900e+000
      vertex   -5.000000e+001 6.240171e+001 6.805900e+000
      vertex   -5.000000e+001 6.245616e+001 7.033850e+000
    endloop
  endfacet
  facet normal 3.469447e-018 -9.696885e-001 2.315999e-001
    outer loop
      vertex   -5.300000e+001 6.240171e+001 6.805900e+000
      vertex   -5.000000e+001 6.245616e+001 7.033850e+000
      vertex   -5.300000e+001 6.245616e+001 7.033850e+000
    endloop
  endfacet
  facet normal 0.000000e+000 -7.711392e-002 1.091873e-002
    outer loop
      vertex   -5.300000e+001 6.245616e+001 7.033850e+000
      vertex   -5.000000e+001 6.245616e+001 7.033850e+000
      vertex   -5.000000e+001 6.248901e+001 7.265896e+000
    endloop
  endfacet
  facet normal 0.000000e+000 -5.866612e-001 8.098325e-001
    outer loop
      vertex   -6.400000e+001 6.280000e+001 3.357537e+000
      vertex   -6.000000e+001 6.280000e+001 3.357537e+000
      vertex   -6.400000e+001 6.306353e+001 3.548445e+000
    endloop
  endfacet
  facet normal 0.000000e+000 -4.756977e-002 6.566574e-002
    outer loop
      vertex   -6.400000e+001 6.306353e+001 3.548445e+000
      vertex   -6.000000e+001 6.280000e+001 3.357537e+000
      vertex   -6.000000e+001 6.306353e+001 3.548445e+000
    endloop
  endfacet
  facet normal 0.000000e+000 -5.174048e-002 6.243202e-002
    outer loop
      vertex   -6.400000e+001 6.306353e+001 3.548445e+000
      vertex   -6.000000e+001 6.306353e+001 3.548445e+000
      vertex   -6.000000e+001 6.331408e+001 3.756090e+000
    endloop
  endfacet
  facet normal -6.938894e-018 -6.359978e-001 7.674190e-001
    outer loop
      vertex   -6.400000e+001 6.306353e+001 3.548445e+000
      vertex   -6.000000e+001 6.331408e+001 3.756090e+000
      vertex   -6.400000e+001 6.331408e+001 3.756090e+000
    endloop
  endfacet
  facet normal 0.000000e+000 -5.569191e-002 5.893406e-002
    outer loop
      vertex   -6.400000e+001 6.331408e+001 3.756090e+000
      vertex   -6.000000e+001 6.331408e+001 3.756090e+000
      vertex   -6.000000e+001 6.355060e+001 3.979594e+000
    endloop
  endfacet
  facet normal 0.000000e+000 -6.845703e-001 7.244231e-001
    outer loop
      vertex   -6.400000e+001 6.331408e+001 3.756090e+000
      vertex   -6.000000e+001 6.355060e+001 3.979594e+000
      vertex   -6.400000e+001 6.355060e+001 3.979594e+000
    endloop
  endfacet
  facet normal 0.000000e+000 -5.940761e-002 5.518611e-002
    outer loop
      vertex   -6.400000e+001 6.355060e+001 3.979594e+000
      vertex   -6.000000e+001 6.355060e+001 3.979594e+000
      vertex   -6.000000e+001 6.377207e+001 4.218009e+000
    endloop
  endfacet
  facet normal 0.000000e+000 -7.302463e-001 6.783550e-001
    outer loop
      vertex   -6.400000e+001 6.355060e+001 3.979594e+000
      vertex   -6.000000e+001 6.377207e+001 4.218009e+000
      vertex   -6.400000e+001 6.377207e+001 4.218009e+000
    endloop
  endfacet
  facet normal 0.000000e+000 -6.287152e-002 5.120622e-002
    outer loop
      vertex   -6.400000e+001 6.377207e+001 4.218009e+000
      vertex   -6.000000e+001 6.377207e+001 4.218009e+000
      vertex   -6.000000e+001 6.397757e+001 4.470326e+000
    endloop
  endfacet
  facet normal 0.000000e+000 -7.728173e-001 6.294272e-001
    outer loop
      vertex   -6.400000e+001 6.377207e+001 4.218009e+000
      vertex   -6.000000e+001 6.397757e+001 4.470326e+000
      vertex   -6.400000e+001 6.397757e+001 4.470326e+000
    endloop
  endfacet
  facet normal 0.000000e+000 -6.606913e-002 4.700676e-002
    outer loop
      vertex   -6.400000e+001 6.397757e+001 4.470326e+000
      vertex   -6.000000e+001 6.397757e+001 4.470326e+000
      vertex   -6.000000e+001 6.416622e+001 4.735476e+000
    endloop
  endfacet
  facet normal 0.000000e+000 -8.121309e-001 5.778136e-001
    outer loop
      vertex   -6.400000e+001 6.397757e+001 4.470326e+000
      vertex   -6.000000e+001 6.416622e+001 4.735476e+000
      vertex   -6.400000e+001 6.416622e+001 4.735476e+000
    endloop
  endfacet
  facet normal 0.000000e+000 -6.898703e-002 4.261054e-002
    outer loop
      vertex   -6.400000e+001 6.416622e+001 4.735476e+000
      vertex   -6.000000e+001 6.416622e+001 4.735476e+000
      vertex   -6.000000e+001 6.433723e+001 5.012336e+000
    endloop
  endfacet
  facet normal -6.938894e-018 -8.479915e-001 5.237706e-001
    outer loop
      vertex   -6.400000e+001 6.416622e+001 4.735476e+000
      vertex   -6.000000e+001 6.433723e+001 5.012336e+000
      vertex   -6.400000e+001 6.433723e+001 5.012336e+000
    endloop
  endfacet
  facet normal 0.000000e+000 -7.161264e-002 3.803277e-002
    outer loop
      vertex   -6.400000e+001 6.433723e+001 5.012336e+000
      vertex   -6.000000e+001 6.433723e+001 5.012336e+000
      vertex   -6.000000e+001 6.448986e+001 5.299733e+000
    endloop
  endfacet
  facet normal 6.938894e-018 -8.802661e-001 4.675006e-001
    outer loop
      vertex   -6.400000e+001 6.433723e+001 5.012336e+000
      vertex   -6.000000e+001 6.448986e+001 5.299733e+000
      vertex   -6.400000e+001 6.448986e+001 5.299733e+000
    endloop
  endfacet
  facet normal 0.000000e+000 -7.393479e-002 3.329340e-002
    outer loop
      vertex   -6.400000e+001 6.448986e+001 5.299733e+000
      vertex   -6.000000e+001 6.448986e+001 5.299733e+000
      vertex   -6.000000e+001 6.462347e+001 5.596449e+000
    endloop
  endfacet
  facet normal 0.000000e+000 -9.088140e-001 4.092459e-001
    outer loop
      vertex   -6.400000e+001 6.448986e+001 5.299733e+000
      vertex   -6.000000e+001 6.462347e+001 5.596449e+000
      vertex   -6.400000e+001 6.462347e+001 5.596449e+000
    endloop
  endfacet
  facet normal 0.000000e+000 -7.594398e-002 2.841336e-002
    outer loop
      vertex   -6.400000e+001 6.462347e+001 5.596449e+000
      vertex   -6.000000e+001 6.462347e+001 5.596449e+000
      vertex   -6.000000e+001 6.473750e+001 5.901228e+000
    endloop
  endfacet
  facet normal 0.000000e+000 -9.335110e-001 3.492599e-001
    outer loop
      vertex   -6.400000e+001 6.462347e+001 5.596449e+000
      vertex   -6.000000e+001 6.473750e+001 5.901228e+000
      vertex   -6.400000e+001 6.473750e+001 5.901228e+000
    endloop
  endfacet
  facet normal 0.000000e+000 -7.763142e-002 2.341355e-002
    outer loop
      vertex   -6.400000e+001 6.473750e+001 5.901228e+000
      vertex   -6.000000e+001 6.473750e+001 5.901228e+000
      vertex   -6.000000e+001 6.483147e+001 6.212780e+000
    endloop
  endfacet
  facet normal 0.000000e+000 -9.542513e-001 2.878012e-001
    outer loop
      vertex   -6.400000e+001 6.473750e+001 5.901228e+000
      vertex   -6.000000e+001 6.483147e+001 6.212780e+000
      vertex   -6.400000e+001 6.483147e+001 6.212780e+000
    endloop
  endfacet
  facet normal 0.000000e+000 -7.898997e-002 1.831489e-002
    outer loop
      vertex   -6.400000e+001 6.483147e+001 6.212780e+000
      vertex   -6.000000e+001 6.483147e+001 6.212780e+000
      vertex   -6.000000e+001 6.490497e+001 6.529784e+000
    endloop
  endfacet
  facet normal -3.469447e-018 -9.709494e-001 2.251277e-001
    outer loop
      vertex   -6.400000e+001 6.483147e+001 6.212780e+000
      vertex   -6.000000e+001 6.490497e+001 6.529784e+000
      vertex   -6.400000e+001 6.490497e+001 6.529784e+000
    endloop
  endfacet
  facet normal 0.000000e+000 -8.001394e-002 1.313638e-002
    outer loop
      vertex   -6.400000e+001 6.490497e+001 6.529784e+000
      vertex   -6.000000e+001 6.490497e+001 6.529784e+000
      vertex   -6.000000e+001 6.495769e+001 6.850897e+000
    endloop
  endfacet
  facet normal 0.000000e+000 -9.835402e-001 1.614739e-001
    outer loop
      vertex   -6.400000e+001 6.490497e+001 6.529784e+000
      vertex   -6.000000e+001 6.495769e+001 6.850897e+000
      vertex   -6.400000e+001 6.495769e+001 6.850897e+000
    endloop
  endfacet
  facet normal 0.000000e+000 -8.069903e-002 7.904641e-003
    outer loop
      vertex   -6.400000e+001 6.495769e+001 6.850897e+000
      vertex   -6.000000e+001 6.495769e+001 6.850897e+000
      vertex   -6.000000e+001 6.498941e+001 7.174759e+000
    endloop
  endfacet
  facet normal 0.000000e+000 -9.919598e-001 9.716456e-002
    outer loop
      vertex   -6.400000e+001 6.495769e+001 6.850897e+000
      vertex   -6.000000e+001 6.498941e+001 7.174759e+000
      vertex   -6.400000e+001 6.498941e+001 7.174759e+000
    endloop
  endfacet
  facet normal 0.000000e+000 -9.994704e-001 3.254203e-002
    outer loop
      vertex   -6.400000e+001 6.498941e+001 7.174759e+000
      vertex   -6.000000e+001 6.498941e+001 7.174759e+000
      vertex   -6.400000e+001 6.500000e+001 7.500000e+000
    endloop
  endfacet
  facet normal 0.000000e+000 -8.104241e-002 2.638682e-003
    outer loop
      vertex   -6.400000e+001 6.500000e+001 7.500000e+000
      vertex   -6.000000e+001 6.498941e+001 7.174759e+000
      vertex   -6.000000e+001 6.500000e+001 7.500000e+000
    endloop
  endfacet
  facet normal 0.000000e+000 -9.994704e-001 -3.254203e-002
    outer loop
      vertex   -6.400000e+001 6.500000e+001 7.500000e+000
      vertex   -6.000000e+001 6.500000e+001 7.500000e+000
      vertex   -6.400000e+001 6.498941e+001 7.825241e+000
    endloop
  endfacet
  facet normal 0.000000e+000 -8.104241e-002 -2.638682e-003
    outer loop
      vertex   -6.400000e+001 6.498941e+001 7.825241e+000
      vertex   -6.000000e+001 6.500000e+001 7.500000e+000
      vertex   -6.000000e+001 6.498941e+001 7.825241e+000
    endloop
  endfacet
  facet normal 0.000000e+000 -8.069903e-002 -7.904641e-003
    outer loop
      vertex   -6.400000e+001 6.498941e+001 7.825241e+000
      vertex   -6.000000e+001 6.498941e+001 7.825241e+000
      vertex   -6.000000e+001 6.495769e+001 8.149103e+000
    endloop
  endfacet
  facet normal 0.000000e+000 -9.919598e-001 -9.716456e-002
    outer loop
      vertex   -6.400000e+001 6.498941e+001 7.825241e+000
      vertex   -6.000000e+001 6.495769e+001 8.149103e+000
      vertex   -6.400000e+001 6.495769e+001 8.149103e+000
    endloop
  endfacet
  facet normal 0.000000e+000 -8.001405e-002 -1.313638e-002
    outer loop
      vertex   -6.400000e+001 6.495769e+001 8.149103e+000
      vertex   -6.000000e+001 6.495769e+001 8.149103e+000
      vertex   -6.000000e+001 6.490497e+001 8.470217e+000
    endloop
  endfacet
  facet normal 0.000000e+000 -9.835403e-001 -1.614736e-001
    outer loop
      vertex   -6.400000e+001 6.495769e+001 8.149103e+000
      vertex   -6.000000e+001 6.490497e+001 8.470217e+000
      vertex   -6.400000e+001 6.490497e+001 8.470217e+000
    endloop
  endfacet
  facet normal 0.000000e+000 -7.898986e-002 -1.831489e-002
    outer loop
      vertex   -6.400000e+001 6.490497e+001 8.470217e+000
      vertex   -6.000000e+001 6.490497e+001 8.470217e+000
      vertex   -6.000000e+001 6.483147e+001 8.787220e+000
    endloop
  endfacet
  facet normal 0.000000e+000 -9.709493e-001 -2.251280e-001
    outer loop
      vertex   -6.400000e+001 6.490497e+001 8.470217e+000
      vertex   -6.000000e+001 6.483147e+001 8.787220e+000
      vertex   -6.400000e+001 6.483147e+001 8.787220e+000
    endloop
  endfacet
  facet normal 0.000000e+000 -7.763130e-002 -2.341355e-002
    outer loop
      vertex   -6.400000e+001 6.483147e+001 8.787220e+000
      vertex   -6.000000e+001 6.483147e+001 8.787220e+000
      vertex   -6.000000e+001 6.473750e+001 9.098771e+000
    endloop
  endfacet
  facet normal 0.000000e+000 -9.542512e-001 -2.878016e-001
    outer loop
      vertex   -6.400000e+001 6.483147e+001 8.787220e+000
      vertex   -6.000000e+001 6.473750e+001 9.098771e+000
      vertex   -6.400000e+001 6.473750e+001 9.098771e+000
    endloop
  endfacet
  facet normal 0.000000e+000 -7.594410e-002 -2.841336e-002
    outer loop
      vertex   -6.400000e+001 6.473750e+001 9.098771e+000
      vertex   -6.000000e+001 6.473750e+001 9.098771e+000
      vertex   -6.000000e+001 6.462347e+001 9.403551e+000
    endloop
  endfacet
  facet normal -3.469447e-018 -9.335111e-001 -3.492594e-001
    outer loop
      vertex   -6.400000e+001 6.473750e+001 9.098771e+000
      vertex   -6.000000e+001 6.462347e+001 9.403551e+000
      vertex   -6.400000e+001 6.462347e+001 9.403551e+000
    endloop
  endfacet
  facet normal 0.000000e+000 -7.393491e-002 -3.329340e-002
    outer loop
      vertex   -6.400000e+001 6.462347e+001 9.403551e+000
      vertex   -6.000000e+001 6.462347e+001 9.403551e+000
      vertex   -6.000000e+001 6.448986e+001 9.700268e+000
    endloop
  endfacet
  facet normal -6.938894e-018 -9.088143e-001 -4.092454e-001
    outer loop
      vertex   -6.400000e+001 6.462347e+001 9.403551e+000
      vertex   -6.000000e+001 6.448986e+001 9.700268e+000
      vertex   -6.400000e+001 6.448986e+001 9.700268e+000
    endloop
  endfacet
  facet normal 0.000000e+000 -7.161252e-002 -3.803277e-002
    outer loop
      vertex   -6.400000e+001 6.448986e+001 9.700268e+000
      vertex   -6.000000e+001 6.448986e+001 9.700268e+000
      vertex   -6.000000e+001 6.433723e+001 9.987664e+000
    endloop
  endfacet
  facet normal 0.000000e+000 -8.802657e-001 -4.675012e-001
    outer loop
      vertex   -6.400000e+001 6.448986e+001 9.700268e+000
      vertex   -6.000000e+001 6.433723e+001 9.987664e+000
      vertex   -6.400000e+001 6.433723e+001 9.987664e+000
    endloop
  endfacet
  facet normal 0.000000e+000 -6.898691e-002 -4.261054e-002
    outer loop
      vertex   -6.400000e+001 6.433723e+001 9.987664e+000
      vertex   -6.000000e+001 6.433723e+001 9.987664e+000
      vertex   -6.000000e+001 6.416622e+001 1.026452e+001
    endloop
  endfacet
  facet normal 6.938894e-018 -8.479910e-001 -5.237712e-001
    outer loop
      vertex   -6.400000e+001 6.433723e+001 9.987664e+000
      vertex   -6.000000e+001 6.416622e+001 1.026452e+001
      vertex   -6.400000e+001 6.416622e+001 1.026452e+001
    endloop
  endfacet
  facet normal 0.000000e+000 -6.606925e-002 -4.700676e-002
    outer loop
      vertex   -6.400000e+001 6.416622e+001 1.026452e+001
      vertex   -6.000000e+001 6.416622e+001 1.026452e+001
      vertex   -6.000000e+001 6.397757e+001 1.052967e+001
    endloop
  endfacet
  facet normal 6.938894e-018 -8.121314e-001 -5.778130e-001
    outer loop
      vertex   -6.400000e+001 6.416622e+001 1.026452e+001
      vertex   -6.000000e+001 6.397757e+001 1.052967e+001
      vertex   -6.400000e+001 6.397757e+001 1.052967e+001
    endloop
  endfacet
  facet normal 0.000000e+000 -6.287164e-002 -5.120622e-002
    outer loop
      vertex   -6.400000e+001 6.397757e+001 1.052967e+001
      vertex   -6.000000e+001 6.397757e+001 1.052967e+001
      vertex   -6.000000e+001 6.377207e+001 1.078199e+001
    endloop
  endfacet
  facet normal 0.000000e+000 -7.728179e-001 -6.294265e-001
    outer loop
      vertex   -6.400000e+001 6.397757e+001 1.052967e+001
      vertex   -6.000000e+001 6.377207e+001 1.078199e+001
      vertex   -6.400000e+001 6.377207e+001 1.078199e+001
    endloop
  endfacet
  facet normal 0.000000e+000 -5.940743e-002 -5.518611e-002
    outer loop
      vertex   -6.400000e+001 6.377207e+001 1.078199e+001
      vertex   -6.000000e+001 6.377207e+001 1.078199e+001
      vertex   -6.000000e+001 6.355060e+001 1.102041e+001
    endloop
  endfacet
  facet normal 0.000000e+000 -7.302453e-001 -6.783562e-001
    outer loop
      vertex   -6.400000e+001 6.377207e+001 1.078199e+001
      vertex   -6.000000e+001 6.355060e+001 1.102041e+001
      vertex   -6.400000e+001 6.355060e+001 1.102041e+001
    endloop
  endfacet
  facet normal 0.000000e+000 -5.569202e-002 -5.893406e-002
    outer loop
      vertex   -6.400000e+001 6.355060e+001 1.102041e+001
      vertex   -6.000000e+001 6.355060e+001 1.102041e+001
      vertex   -6.000000e+001 6.331408e+001 1.124391e+001
    endloop
  endfacet
  facet normal 6.938894e-018 -6.845710e-001 -7.244223e-001
    outer loop
      vertex   -6.400000e+001 6.355060e+001 1.102041e+001
      vertex   -6.000000e+001 6.331408e+001 1.124391e+001
      vertex   -6.400000e+001 6.331408e+001 1.124391e+001
    endloop
  endfacet
  facet normal 0.000000e+000 -5.174042e-002 -6.243202e-002
    outer loop
      vertex   -6.400000e+001 6.331408e+001 1.124391e+001
      vertex   -6.000000e+001 6.331408e+001 1.124391e+001
      vertex   -6.000000e+001 6.306353e+001 1.145156e+001
    endloop
  endfacet
  facet normal -6.938894e-018 -6.359974e-001 -7.674194e-001
    outer loop
      vertex   -6.400000e+001 6.331408e+001 1.124391e+001
      vertex   -6.000000e+001 6.306353e+001 1.145156e+001
      vertex   -6.400000e+001 6.306353e+001 1.145156e+001
    endloop
  endfacet
  facet normal 0.000000e+000 -4.756971e-002 -6.566574e-002
    outer loop
      vertex   -6.400000e+001 6.306353e+001 1.145156e+001
      vertex   -6.000000e+001 6.306353e+001 1.145156e+001
      vertex   -6.000000e+001 6.280000e+001 1.164246e+001
    endloop
  endfacet
  facet normal -6.938894e-018 -5.847290e-001 -8.071662e-001
    outer loop
      vertex   -6.400000e+001 6.306353e+001 1.145156e+001
      vertex   -6.000000e+001 6.280000e+001 1.164246e+001
      vertex   -6.400000e+001 6.280000e+001 1.164246e+001
    endloop
  endfacet
  facet normal -0.000000e+000 5.866612e-001 8.098325e-001
    outer loop
      vertex   -6.400000e+001 5.720000e+001 3.357537e+000
      vertex   -6.400000e+001 5.693647e+001 3.548445e+000
      vertex   -6.000000e+001 5.720000e+001 3.357537e+000
    endloop
  endfacet
  facet normal -6.938894e-018 5.847294e-001 8.071658e-001
    outer loop
      vertex   -6.000000e+001 5.720000e+001 3.357537e+000
      vertex   -6.400000e+001 5.693647e+001 3.548445e+000
      vertex   -6.000000e+001 5.693647e+001 3.548445e+000
    endloop
  endfacet
  facet normal 0.000000e+000 5.174048e-002 6.243202e-002
    outer loop
      vertex   -6.000000e+001 5.693647e+001 3.548445e+000
      vertex   -6.400000e+001 5.693647e+001 3.548445e+000
      vertex   -6.400000e+001 5.668592e+001 3.756090e+000
    endloop
  endfacet
  facet normal 6.938894e-018 6.359978e-001 7.674190e-001
    outer loop
      vertex   -6.000000e+001 5.693647e+001 3.548445e+000
      vertex   -6.400000e+001 5.668592e+001 3.756090e+000
      vertex   -6.000000e+001 5.668592e+001 3.756090e+000
    endloop
  endfacet
  facet normal 0.000000e+000 5.569191e-002 5.893406e-002
    outer loop
      vertex   -6.000000e+001 5.668592e+001 3.756090e+000
      vertex   -6.400000e+001 5.668592e+001 3.756090e+000
      vertex   -6.400000e+001 5.644940e+001 3.979594e+000
    endloop
  endfacet
  facet normal 0.000000e+000 6.845703e-001 7.244231e-001
    outer loop
      vertex   -6.000000e+001 5.668592e+001 3.756090e+000
      vertex   -6.400000e+001 5.644940e+001 3.979594e+000
      vertex   -6.000000e+001 5.644940e+001 3.979594e+000
    endloop
  endfacet
  facet normal 0.000000e+000 5.940761e-002 5.518611e-002
    outer loop
      vertex   -6.000000e+001 5.644940e+001 3.979594e+000
      vertex   -6.400000e+001 5.644940e+001 3.979594e+000
      vertex   -6.400000e+001 5.622793e+001 4.218009e+000
    endloop
  endfacet
  facet normal 0.000000e+000 7.302463e-001 6.783550e-001
    outer loop
      vertex   -6.000000e+001 5.644940e+001 3.979594e+000
      vertex   -6.400000e+001 5.622793e+001 4.218009e+000
      vertex   -6.000000e+001 5.622793e+001 4.218009e+000
    endloop
  endfacet
  facet normal 0.000000e+000 6.287152e-002 5.120622e-002
    outer loop
      vertex   -6.000000e+001 5.622793e+001 4.218009e+000
      vertex   -6.400000e+001 5.622793e+001 4.218009e+000
      vertex   -6.400000e+001 5.602243e+001 4.470326e+000
    endloop
  endfacet
  facet normal 0.000000e+000 7.728173e-001 6.294272e-001
    outer loop
      vertex   -6.000000e+001 5.622793e+001 4.218009e+000
      vertex   -6.400000e+001 5.602243e+001 4.470326e+000
      vertex   -6.000000e+001 5.602243e+001 4.470326e+000
    endloop
  endfacet
  facet normal 0.000000e+000 6.606913e-002 4.700676e-002
    outer loop
      vertex   -6.000000e+001 5.602243e+001 4.470326e+000
      vertex   -6.400000e+001 5.602243e+001 4.470326e+000
      vertex   -6.400000e+001 5.583378e+001 4.735476e+000
    endloop
  endfacet
  facet normal 0.000000e+000 8.121309e-001 5.778136e-001
    outer loop
      vertex   -6.000000e+001 5.602243e+001 4.470326e+000
      vertex   -6.400000e+001 5.583378e+001 4.735476e+000
      vertex   -6.000000e+001 5.583378e+001 4.735476e+000
    endloop
  endfacet
  facet normal 0.000000e+000 6.898703e-002 4.261054e-002
    outer loop
      vertex   -6.000000e+001 5.583378e+001 4.735476e+000
      vertex   -6.400000e+001 5.583378e+001 4.735476e+000
      vertex   -6.400000e+001 5.566277e+001 5.012336e+000
    endloop
  endfacet
  facet normal 6.938894e-018 8.479915e-001 5.237706e-001
    outer loop
      vertex   -6.000000e+001 5.583378e+001 4.735476e+000
      vertex   -6.400000e+001 5.566277e+001 5.012336e+000
      vertex   -6.000000e+001 5.566277e+001 5.012336e+000
    endloop
  endfacet
  facet normal 0.000000e+000 7.161264e-002 3.803182e-002
    outer loop
      vertex   -6.000000e+001 5.566277e+001 5.012336e+000
      vertex   -6.400000e+001 5.566277e+001 5.012336e+000
      vertex   -6.400000e+001 5.551014e+001 5.299733e+000
    endloop
  endfacet
  facet normal 6.938894e-018 8.802709e-001 4.674915e-001
    outer loop
      vertex   -6.000000e+001 5.566277e+001 5.012336e+000
      vertex   -6.400000e+001 5.551014e+001 5.299733e+000
      vertex   -6.000000e+001 5.551014e+001 5.299733e+000
    endloop
  endfacet
  facet normal 0.000000e+000 7.393479e-002 3.329340e-002
    outer loop
      vertex   -6.000000e+001 5.551014e+001 5.299733e+000
      vertex   -6.400000e+001 5.551014e+001 5.299733e+000
      vertex   -6.400000e+001 5.537653e+001 5.596449e+000
    endloop
  endfacet
  facet normal 0.000000e+000 9.088140e-001 4.092459e-001
    outer loop
      vertex   -6.000000e+001 5.551014e+001 5.299733e+000
      vertex   -6.400000e+001 5.537653e+001 5.596449e+000
      vertex   -6.000000e+001 5.537653e+001 5.596449e+000
    endloop
  endfacet
  facet normal 0.000000e+000 7.594398e-002 2.841431e-002
    outer loop
      vertex   -6.000000e+001 5.537653e+001 5.596449e+000
      vertex   -6.400000e+001 5.537653e+001 5.596449e+000
      vertex   -6.400000e+001 5.526250e+001 5.901228e+000
    endloop
  endfacet
  facet normal 0.000000e+000 9.335071e-001 3.492701e-001
    outer loop
      vertex   -6.000000e+001 5.537653e+001 5.596449e+000
      vertex   -6.400000e+001 5.526250e+001 5.901228e+000
      vertex   -6.000000e+001 5.526250e+001 5.901228e+000
    endloop
  endfacet
  facet normal 0.000000e+000 7.763142e-002 2.341355e-002
    outer loop
      vertex   -6.000000e+001 5.526250e+001 5.901228e+000
      vertex   -6.400000e+001 5.526250e+001 5.901228e+000
      vertex   -6.400000e+001 5.516853e+001 6.212780e+000
    endloop
  endfacet
  facet normal 0.000000e+000 9.542513e-001 2.878012e-001
    outer loop
      vertex   -6.000000e+001 5.526250e+001 5.901228e+000
      vertex   -6.400000e+001 5.516853e+001 6.212780e+000
      vertex   -6.000000e+001 5.516853e+001 6.212780e+000
    endloop
  endfacet
  facet normal 0.000000e+000 7.898998e-002 1.831394e-002
    outer loop
      vertex   -6.000000e+001 5.516853e+001 6.212780e+000
      vertex   -6.400000e+001 5.516853e+001 6.212780e+000
      vertex   -6.400000e+001 5.509504e+001 6.529784e+000
    endloop
  endfacet
  facet normal 0.000000e+000 9.709520e-001 2.251166e-001
    outer loop
      vertex   -6.000000e+001 5.516853e+001 6.212780e+000
      vertex   -6.400000e+001 5.509504e+001 6.529784e+000
      vertex   -6.000000e+001 5.509504e+001 6.529784e+000
    endloop
  endfacet
  facet normal 0.000000e+000 8.001394e-002 1.313733e-002
    outer loop
      vertex   -6.000000e+001 5.509504e+001 6.529784e+000
      vertex   -6.400000e+001 5.509504e+001 6.529784e+000
      vertex   -6.400000e+001 5.504231e+001 6.850897e+000
    endloop
  endfacet
  facet normal 0.000000e+000 9.835383e-001 1.614852e-001
    outer loop
      vertex   -6.000000e+001 5.509504e+001 6.529784e+000
      vertex   -6.400000e+001 5.504231e+001 6.850897e+000
      vertex   -6.000000e+001 5.504231e+001 6.850897e+000
    endloop
  endfacet
  facet normal 0.000000e+000 8.069903e-002 7.904641e-003
    outer loop
      vertex   -6.000000e+001 5.504231e+001 6.850897e+000
      vertex   -6.400000e+001 5.504231e+001 6.850897e+000
      vertex   -6.400000e+001 5.501059e+001 7.174759e+000
    endloop
  endfacet
  facet normal 0.000000e+000 9.919598e-001 9.716456e-002
    outer loop
      vertex   -6.000000e+001 5.504231e+001 6.850897e+000
      vertex   -6.400000e+001 5.501059e+001 7.174759e+000
      vertex   -6.000000e+001 5.501059e+001 7.174759e+000
    endloop
  endfacet
  facet normal 0.000000e+000 9.994704e-001 3.254203e-002
    outer loop
      vertex   -6.000000e+001 5.501059e+001 7.174759e+000
      vertex   -6.400000e+001 5.501059e+001 7.174759e+000
      vertex   -6.000000e+001 5.500000e+001 7.500000e+000
    endloop
  endfacet
  facet normal 0.000000e+000 8.104241e-002 2.638682e-003
    outer loop
      vertex   -6.000000e+001 5.500000e+001 7.500000e+000
      vertex   -6.400000e+001 5.501059e+001 7.174759e+000
      vertex   -6.400000e+001 5.500000e+001 7.500000e+000
    endloop
  endfacet
  facet normal 0.000000e+000 9.994704e-001 -3.254203e-002
    outer loop
      vertex   -6.000000e+001 5.500000e+001 7.500000e+000
      vertex   -6.400000e+001 5.500000e+001 7.500000e+000
      vertex   -6.000000e+001 5.501059e+001 7.825241e+000
    endloop
  endfacet
  facet normal 0.000000e+000 8.104241e-002 -2.638682e-003
    outer loop
      vertex   -6.000000e+001 5.501059e+001 7.825241e+000
      vertex   -6.400000e+001 5.500000e+001 7.500000e+000
      vertex   -6.400000e+001 5.501059e+001 7.825241e+000
    endloop
  endfacet
  facet normal 0.000000e+000 8.069903e-002 -7.904641e-003
    outer loop
      vertex   -6.000000e+001 5.501059e+001 7.825241e+000
      vertex   -6.400000e+001 5.501059e+001 7.825241e+000
      vertex   -6.400000e+001 5.504231e+001 8.149103e+000
    endloop
  endfacet
  facet normal 0.000000e+000 9.919598e-001 -9.716456e-002
    outer loop
      vertex   -6.000000e+001 5.501059e+001 7.825241e+000
      vertex   -6.400000e+001 5.504231e+001 8.149103e+000
      vertex   -6.000000e+001 5.504231e+001 8.149103e+000
    endloop
  endfacet
  facet normal 0.000000e+000 8.001405e-002 -1.313733e-002
    outer loop
      vertex   -6.000000e+001 5.504231e+001 8.149103e+000
      vertex   -6.400000e+001 5.504231e+001 8.149103e+000
      vertex   -6.400000e+001 5.509504e+001 8.470217e+000
    endloop
  endfacet
  facet normal 1.734723e-018 9.835384e-001 -1.614850e-001
    outer loop
      vertex   -6.000000e+001 5.504231e+001 8.149103e+000
      vertex   -6.400000e+001 5.509504e+001 8.470217e+000
      vertex   -6.000000e+001 5.509504e+001 8.470217e+000
    endloop
  endfacet
  facet normal 0.000000e+000 7.898986e-002 -1.831394e-002
    outer loop
      vertex   -6.000000e+001 5.509504e+001 8.470217e+000
      vertex   -6.400000e+001 5.509504e+001 8.470217e+000
      vertex   -6.400000e+001 5.516853e+001 8.787220e+000
    endloop
  endfacet
  facet normal 0.000000e+000 9.709519e-001 -2.251169e-001
    outer loop
      vertex   -6.000000e+001 5.509504e+001 8.470217e+000
      vertex   -6.400000e+001 5.516853e+001 8.787220e+000
      vertex   -6.000000e+001 5.516853e+001 8.787220e+000
    endloop
  endfacet
  facet normal 0.000000e+000 7.763130e-002 -2.341355e-002
    outer loop
      vertex   -6.000000e+001 5.516853e+001 8.787220e+000
      vertex   -6.400000e+001 5.516853e+001 8.787220e+000
      vertex   -6.400000e+001 5.526250e+001 9.098771e+000
    endloop
  endfacet
  facet normal 0.000000e+000 9.542512e-001 -2.878016e-001
    outer loop
      vertex   -6.000000e+001 5.516853e+001 8.787220e+000
      vertex   -6.400000e+001 5.526250e+001 9.098771e+000
      vertex   -6.000000e+001 5.526250e+001 9.098771e+000
    endloop
  endfacet
  facet normal 0.000000e+000 7.594410e-002 -2.841431e-002
    outer loop
      vertex   -6.000000e+001 5.526250e+001 9.098771e+000
      vertex   -6.400000e+001 5.526250e+001 9.098771e+000
      vertex   -6.400000e+001 5.537653e+001 9.403551e+000
    endloop
  endfacet
  facet normal -3.469447e-018 9.335073e-001 -3.492696e-001
    outer loop
      vertex   -6.000000e+001 5.526250e+001 9.098771e+000
      vertex   -6.400000e+001 5.537653e+001 9.403551e+000
      vertex   -6.000000e+001 5.537653e+001 9.403551e+000
    endloop
  endfacet
  facet normal 0.000000e+000 7.393491e-002 -3.329340e-002
    outer loop
      vertex   -6.000000e+001 5.537653e+001 9.403551e+000
      vertex   -6.400000e+001 5.537653e+001 9.403551e+000
      vertex   -6.400000e+001 5.551014e+001 9.700268e+000
    endloop
  endfacet
  facet normal 6.938894e-018 9.088143e-001 -4.092454e-001
    outer loop
      vertex   -6.000000e+001 5.537653e+001 9.403551e+000
      vertex   -6.400000e+001 5.551014e+001 9.700268e+000
      vertex   -6.000000e+001 5.551014e+001 9.700268e+000
    endloop
  endfacet
  facet normal 0.000000e+000 7.161252e-002 -3.803182e-002
    outer loop
      vertex   -6.000000e+001 5.551014e+001 9.700268e+000
      vertex   -6.400000e+001 5.551014e+001 9.700268e+000
      vertex   -6.400000e+001 5.566277e+001 9.987664e+000
    endloop
  endfacet
  facet normal 6.938894e-018 8.802706e-001 -4.674921e-001
    outer loop
      vertex   -6.000000e+001 5.551014e+001 9.700268e+000
      vertex   -6.400000e+001 5.566277e+001 9.987664e+000
      vertex   -6.000000e+001 5.566277e+001 9.987664e+000
    endloop
  endfacet
  facet normal 0.000000e+000 6.898691e-002 -4.261054e-002
    outer loop
      vertex   -6.000000e+001 5.566277e+001 9.987664e+000
      vertex   -6.400000e+001 5.566277e+001 9.987664e+000
      vertex   -6.400000e+001 5.583378e+001 1.026452e+001
    endloop
  endfacet
  facet normal -6.938894e-018 8.479910e-001 -5.237712e-001
    outer loop
      vertex   -6.000000e+001 5.566277e+001 9.987664e+000
      vertex   -6.400000e+001 5.583378e+001 1.026452e+001
      vertex   -6.000000e+001 5.583378e+001 1.026452e+001
    endloop
  endfacet
  facet normal 0.000000e+000 6.606925e-002 -4.700676e-002
    outer loop
      vertex   -6.000000e+001 5.583378e+001 1.026452e+001
      vertex   -6.400000e+001 5.583378e+001 1.026452e+001
      vertex   -6.400000e+001 5.602243e+001 1.052967e+001
    endloop
  endfacet
  facet normal -6.938894e-018 8.121314e-001 -5.778130e-001
    outer loop
      vertex   -6.000000e+001 5.583378e+001 1.026452e+001
      vertex   -6.400000e+001 5.602243e+001 1.052967e+001
      vertex   -6.000000e+001 5.602243e+001 1.052967e+001
    endloop
  endfacet
  facet normal 0.000000e+000 6.287164e-002 -5.120622e-002
    outer loop
      vertex   -6.000000e+001 5.602243e+001 1.052967e+001
      vertex   -6.400000e+001 5.602243e+001 1.052967e+001
      vertex   -6.400000e+001 5.622793e+001 1.078199e+001
    endloop
  endfacet
  facet normal 0.000000e+000 7.728179e-001 -6.294265e-001
    outer loop
      vertex   -6.000000e+001 5.602243e+001 1.052967e+001
      vertex   -6.400000e+001 5.622793e+001 1.078199e+001
      vertex   -6.000000e+001 5.622793e+001 1.078199e+001
    endloop
  endfacet
  facet normal 0.000000e+000 5.940743e-002 -5.518611e-002
    outer loop
      vertex   -6.000000e+001 5.622793e+001 1.078199e+001
      vertex   -6.400000e+001 5.622793e+001 1.078199e+001
      vertex   -6.400000e+001 5.644940e+001 1.102041e+001
    endloop
  endfacet
  facet normal 0.000000e+000 7.302453e-001 -6.783562e-001
    outer loop
      vertex   -6.000000e+001 5.622793e+001 1.078199e+001
      vertex   -6.400000e+001 5.644940e+001 1.102041e+001
      vertex   -6.000000e+001 5.644940e+001 1.102041e+001
    endloop
  endfacet
  facet normal 0.000000e+000 5.569202e-002 -5.893406e-002
    outer loop
      vertex   -6.000000e+001 5.644940e+001 1.102041e+001
      vertex   -6.400000e+001 5.644940e+001 1.102041e+001
      vertex   -6.400000e+001 5.668592e+001 1.124391e+001
    endloop
  endfacet
  facet normal -6.938894e-018 6.845710e-001 -7.244223e-001
    outer loop
      vertex   -6.000000e+001 5.644940e+001 1.102041e+001
      vertex   -6.400000e+001 5.668592e+001 1.124391e+001
      vertex   -6.000000e+001 5.668592e+001 1.124391e+001
    endloop
  endfacet
  facet normal 0.000000e+000 5.174042e-002 -6.243202e-002
    outer loop
      vertex   -6.000000e+001 5.668592e+001 1.124391e+001
      vertex   -6.400000e+001 5.668592e+001 1.124391e+001
      vertex   -6.400000e+001 5.693647e+001 1.145156e+001
    endloop
  endfacet
  facet normal 6.938894e-018 6.359974e-001 -7.674194e-001
    outer loop
      vertex   -6.000000e+001 5.668592e+001 1.124391e+001
      vertex   -6.400000e+001 5.693647e+001 1.145156e+001
      vertex   -6.000000e+001 5.693647e+001 1.145156e+001
    endloop
  endfacet
  facet normal 0.000000e+000 4.756971e-002 -6.566574e-002
    outer loop
      vertex   -6.000000e+001 5.693647e+001 1.145156e+001
      vertex   -6.400000e+001 5.693647e+001 1.145156e+001
      vertex   -6.400000e+001 5.720000e+001 1.164246e+001
    endloop
  endfacet
  facet normal 6.938894e-018 5.847290e-001 -8.071662e-001
    outer loop
      vertex   -6.000000e+001 5.693647e+001 1.145156e+001
      vertex   -6.400000e+001 5.720000e+001 1.164246e+001
      vertex   -6.000000e+001 5.720000e+001 1.164246e+001
    endloop
  endfacet
  facet normal 8.098398e-001 0.000000e+000 0.000000e+000
    outer loop
      vertex   -6.000000e+001 5.720000e+001 1.883575e+002
      vertex   -6.000000e+001 5.693647e+001 1.885484e+002
      vertex   -6.000000e+001 5.720000e+001 1.441788e+002
    endloop
  endfacet
  facet normal 5.592505e-003 0.000000e+000 0.000000e+000
    outer loop
      vertex   -6.000000e+001 5.720000e+001 1.441788e+002
      vertex   -6.000000e+001 5.693647e+001 1.885484e+002
      vertex   -6.000000e+001 5.668592e+001 1.887561e+002
    endloop
  endfacet
  facet normal 5.220641e-003 0.000000e+000 0.000000e+000
    outer loop
      vertex   -6.000000e+001 5.720000e+001 1.441788e+002
      vertex   -6.000000e+001 5.668592e+001 1.887561e+002
      vertex   -6.000000e+001 5.644940e+001 1.889796e+002
    endloop
  endfacet
  facet normal 6.682462e-001 0.000000e+000 0.000000e+000
    outer loop
      vertex   -6.000000e+001 5.644940e+001 1.889796e+002
      vertex   -6.000000e+001 5.622793e+001 1.892180e+002
      vertex   -6.000000e+001 5.720000e+001 1.441788e+002
    endloop
  endfacet
  facet normal 4.414546e-003 0.000000e+000 0.000000e+000
    outer loop
      vertex   -6.000000e+001 5.720000e+001 1.441788e+002
      vertex   -6.000000e+001 5.622793e+001 1.892180e+002
      vertex   -6.000000e+001 5.602243e+001 1.894703e+002
    endloop
  endfacet
  facet normal 3.986488e-003 0.000000e+000 0.000000e+000
    outer loop
      vertex   -6.000000e+001 5.720000e+001 1.441788e+002
      vertex   -6.000000e+001 5.602243e+001 1.894703e+002
      vertex   -6.000000e+001 5.583378e+001 1.897355e+002
    endloop
  endfacet
  facet normal 4.552400e-001 0.000000e+000 0.000000e+000
    outer loop
      vertex   -6.000000e+001 5.720000e+001 1.441788e+002
      vertex   -6.000000e+001 5.583378e+001 1.897355e+002
      vertex   -6.000000e+001 5.400000e+001 1.500000e+002
    endloop
  endfacet
  facet normal 4.584295e-003 0.000000e+000 0.000000e+000
    outer loop
      vertex   -6.000000e+001 5.400000e+001 1.500000e+002
      vertex   -6.000000e+001 5.583378e+001 1.897355e+002
      vertex   -6.000000e+001 5.566277e+001 1.900123e+002
    endloop
  endfacet
  facet normal 4.077346e-003 0.000000e+000 0.000000e+000
    outer loop
      vertex   -6.000000e+001 5.400000e+001 1.500000e+002
      vertex   -6.000000e+001 5.566277e+001 1.900123e+002
      vertex   -6.000000e+001 5.551014e+001 1.902997e+002
    endloop
  endfacet
  facet normal 4.444473e-001 0.000000e+000 0.000000e+000
    outer loop
      vertex   -6.000000e+001 5.551014e+001 1.902997e+002
      vertex   -6.000000e+001 5.537653e+001 1.905965e+002
      vertex   -6.000000e+001 5.400000e+001 1.500000e+002
    endloop
  endfacet
  facet normal 3.037476e-003 0.000000e+000 0.000000e+000
    outer loop
      vertex   -6.000000e+001 5.400000e+001 1.500000e+002
      vertex   -6.000000e+001 5.537653e+001 1.905965e+002
      vertex   -6.000000e+001 5.526250e+001 1.909012e+002
    endloop
  endfacet
  facet normal 2.511101e-003 0.000000e+000 0.000000e+000
    outer loop
      vertex   -6.000000e+001 5.400000e+001 1.500000e+002
      vertex   -6.000000e+001 5.526250e+001 1.909012e+002
      vertex   -6.000000e+001 5.516853e+001 1.912128e+002
    endloop
  endfacet
  facet normal 2.533811e-001 0.000000e+000 0.000000e+000
    outer loop
      vertex   -6.000000e+001 5.516853e+001 1.912128e+002
      vertex   -6.000000e+001 5.509504e+001 1.915298e+002
      vertex   -6.000000e+001 5.400000e+001 1.500000e+002
    endloop
  endfacet
  facet normal 1.461127e-003 0.000000e+000 0.000000e+000
    outer loop
      vertex   -6.000000e+001 5.400000e+001 1.500000e+002
      vertex   -6.000000e+001 5.509504e+001 1.915298e+002
      vertex   -6.000000e+001 5.504231e+001 1.918509e+002
    endloop
  endfacet
  facet normal 9.428703e-004 0.000000e+000 0.000000e+000
    outer loop
      vertex   -6.000000e+001 5.400000e+001 1.500000e+002
      vertex   -6.000000e+001 5.504231e+001 1.918509e+002
      vertex   -6.000000e+001 5.501059e+001 1.921748e+002
    endloop
  endfacet
  facet normal 2.395508e-002 0.000000e+000 0.000000e+000
    outer loop
      vertex   -6.000000e+001 5.400000e+001 1.500000e+002
      vertex   -6.000000e+001 5.501059e+001 1.921748e+002
      vertex   -6.000000e+001 5.400000e+001 2.000000e+002
    endloop
  endfacet
  facet normal 4.117545e-003 0.000000e+000 0.000000e+000
    outer loop
      vertex   -6.000000e+001 5.400000e+001 2.000000e+002
      vertex   -6.000000e+001 5.501059e+001 1.921748e+002
      vertex   -6.000000e+001 5.500000e+001 1.925000e+002
    endloop
  endfacet
  facet normal 7.381295e-003 0.000000e+000 0.000000e+000
    outer loop
      vertex   -6.000000e+001 5.400000e+001 2.000000e+002
      vertex   -6.000000e+001 5.500000e+001 1.925000e+002
      vertex   -6.000000e+001 5.501059e+001 1.928252e+002
    endloop
  endfacet
  facet normal 2.353435e-001 0.000000e+000 -0.000000e+000
    outer loop
      vertex   -6.000000e+001 5.501059e+001 1.928252e+002
      vertex   -6.000000e+001 5.504231e+001 1.931491e+002
      vertex   -6.000000e+001 5.400000e+001 2.000000e+002
    endloop
  endfacet
  facet normal 1.516716e-002 0.000000e+000 0.000000e+000
    outer loop
      vertex   -6.000000e+001 5.400000e+001 2.000000e+002
      vertex   -6.000000e+001 5.504231e+001 1.931491e+002
      vertex   -6.000000e+001 5.509504e+001 1.934702e+002
    endloop
  endfacet
  facet normal 1.975952e-002 0.000000e+000 0.000000e+000
    outer loop
      vertex   -6.000000e+001 5.400000e+001 2.000000e+002
      vertex   -6.000000e+001 5.509504e+001 1.934702e+002
      vertex   -6.000000e+001 5.516853e+001 1.937872e+002
    endloop
  endfacet
  facet normal 4.607449e-001 0.000000e+000 -0.000000e+000
    outer loop
      vertex   -6.000000e+001 5.516853e+001 1.937872e+002
      vertex   -6.000000e+001 5.526250e+001 1.940988e+002
      vertex   -6.000000e+001 5.400000e+001 2.000000e+002
    endloop
  endfacet
  facet normal 3.041171e-002 0.000000e+000 0.000000e+000
    outer loop
      vertex   -6.000000e+001 5.400000e+001 2.000000e+002
      vertex   -6.000000e+001 5.526250e+001 1.940988e+002
      vertex   -6.000000e+001 5.537653e+001 1.944035e+002
    endloop
  endfacet
  facet normal 3.640516e-002 0.000000e+000 0.000000e+000
    outer loop
      vertex   -6.000000e+001 5.400000e+001 2.000000e+002
      vertex   -6.000000e+001 5.537653e+001 1.944035e+002
      vertex   -6.000000e+001 5.551014e+001 1.947003e+002
    endloop
  endfacet
  facet normal 6.931037e-001 0.000000e+000 -0.000000e+000
    outer loop
      vertex   -6.000000e+001 5.551014e+001 1.947003e+002
      vertex   -6.000000e+001 5.566277e+001 1.949877e+002
      vertex   -6.000000e+001 5.400000e+001 2.000000e+002
    endloop
  endfacet
  facet normal 4.912809e-002 0.000000e+000 0.000000e+000
    outer loop
      vertex   -6.000000e+001 5.400000e+001 2.000000e+002
      vertex   -6.000000e+001 5.566277e+001 1.949877e+002
      vertex   -6.000000e+001 5.583378e+001 1.952645e+002
    endloop
  endfacet
  facet normal 5.536880e-002 0.000000e+000 0.000000e+000
    outer loop
      vertex   -6.000000e+001 5.400000e+001 2.000000e+002
      vertex   -6.000000e+001 5.583378e+001 1.952645e+002
      vertex   -6.000000e+001 5.602243e+001 1.955297e+002
    endloop
  endfacet
  facet normal 9.110973e-001 -0.000000e+000 0.000000e+000
    outer loop
      vertex   -6.000000e+001 5.400000e+001 2.000000e+002
      vertex   -6.000000e+001 5.602243e+001 1.955297e+002
      vertex   -6.000000e+001 5.720000e+001 2.000000e+002
    endloop
  endfacet
  facet normal 3.106087e-002 0.000000e+000 0.000000e+000
    outer loop
      vertex   -6.000000e+001 5.720000e+001 2.000000e+002
      vertex   -6.000000e+001 5.602243e+001 1.955297e+002
      vertex   -6.000000e+001 5.622793e+001 1.957820e+002
    endloop
  endfacet
  facet normal 4.007098e-002 0.000000e+000 0.000000e+000
    outer loop
      vertex   -6.000000e+001 5.720000e+001 2.000000e+002
      vertex   -6.000000e+001 5.622793e+001 1.957820e+002
      vertex   -6.000000e+001 5.644940e+001 1.960204e+002
    endloop
  endfacet
  facet normal 5.869104e-001 0.000000e+000 0.000000e+000
    outer loop
      vertex   -6.000000e+001 5.644940e+001 1.960204e+002
      vertex   -6.000000e+001 5.668592e+001 1.962439e+002
      vertex   -6.000000e+001 5.720000e+001 2.000000e+002
    endloop
  endfacet
  facet normal 6.185176e-002 0.000000e+000 0.000000e+000
    outer loop
      vertex   -6.000000e+001 5.720000e+001 2.000000e+002
      vertex   -6.000000e+001 5.668592e+001 1.962439e+002
      vertex   -6.000000e+001 5.693647e+001 1.964516e+002
    endloop
  endfacet
  facet normal 7.406254e-002 0.000000e+000 0.000000e+000
    outer loop
      vertex   -6.000000e+001 5.720000e+001 2.000000e+002
      vertex   -6.000000e+001 5.693647e+001 1.964516e+002
      vertex   -6.000000e+001 5.720000e+001 1.966425e+002
    endloop
  endfacet
  facet normal 4.817252e-001 0.000000e+000 0.000000e+000
    outer loop
      vertex   -6.000000e+001 5.400000e+001 1.500000e+002
      vertex   -6.000000e+001 5.400000e+001 1.000000e+002
      vertex   -6.000000e+001 5.720000e+001 1.441788e+002
    endloop
  endfacet
  facet normal 7.224373e-002 0.000000e+000 0.000000e+000
    outer loop
      vertex   -6.000000e+001 5.720000e+001 1.441788e+002
      vertex   -6.000000e+001 5.400000e+001 1.000000e+002
      vertex   -6.000000e+001 5.720000e+001 1.000000e+002
    endloop
  endfacet
  facet normal 1.000000e+000 0.000000e+000 0.000000e+000
    outer loop
      vertex   -6.000000e+001 5.720000e+001 1.000000e+002
      vertex   -6.000000e+001 5.400000e+001 1.000000e+002
      vertex   -6.000000e+001 5.720000e+001 5.582123e+001
    endloop
  endfacet
  facet normal 5.437750e-001 0.000000e+000 0.000000e+000
    outer loop
      vertex   -6.000000e+001 5.720000e+001 5.582123e+001
      vertex   -6.000000e+001 5.400000e+001 1.000000e+002
      vertex   -6.000000e+001 5.400000e+001 5.000000e+001
    endloop
  endfacet
  facet normal 4.552398e-001 0.000000e+000 0.000000e+000
    outer loop
      vertex   -6.000000e+001 5.720000e+001 5.582123e+001
      vertex   -6.000000e+001 5.400000e+001 5.000000e+001
      vertex   -6.000000e+001 5.583378e+001 1.026452e+001
    endloop
  endfacet
  facet normal 5.641649e-001 0.000000e+000 0.000000e+000
    outer loop
      vertex   -6.000000e+001 5.583378e+001 1.026452e+001
      vertex   -6.000000e+001 5.400000e+001 5.000000e+001
      vertex   -6.000000e+001 5.566277e+001 9.987664e+000
    endloop
  endfacet
  facet normal 5.053023e-001 0.000000e+000 0.000000e+000
    outer loop
      vertex   -6.000000e+001 5.566277e+001 9.987664e+000
      vertex   -6.000000e+001 5.400000e+001 5.000000e+001
      vertex   -6.000000e+001 5.551014e+001 9.700268e+000
    endloop
  endfacet
  facet normal 4.444538e-001 0.000000e+000 0.000000e+000
    outer loop
      vertex   -6.000000e+001 5.551014e+001 9.700268e+000
      vertex   -6.000000e+001 5.400000e+001 5.000000e+001
      vertex   -6.000000e+001 5.537653e+001 9.403551e+000
    endloop
  endfacet
  facet normal 3.819616e-001 0.000000e+000 0.000000e+000
    outer loop
      vertex   -6.000000e+001 5.537653e+001 9.403551e+000
      vertex   -6.000000e+001 5.400000e+001 5.000000e+001
      vertex   -6.000000e+001 5.526250e+001 9.098771e+000
    endloop
  endfacet
  facet normal 3.181530e-001 0.000000e+000 0.000000e+000
    outer loop
      vertex   -6.000000e+001 5.526250e+001 9.098771e+000
      vertex   -6.000000e+001 5.400000e+001 5.000000e+001
      vertex   -6.000000e+001 5.516853e+001 8.787220e+000
    endloop
  endfacet
  facet normal 2.533798e-001 0.000000e+000 0.000000e+000
    outer loop
      vertex   -6.000000e+001 5.516853e+001 8.787220e+000
      vertex   -6.000000e+001 5.400000e+001 5.000000e+001
      vertex   -6.000000e+001 5.509504e+001 8.470217e+000
    endloop
  endfacet
  facet normal 1.879723e-001 0.000000e+000 0.000000e+000
    outer loop
      vertex   -6.000000e+001 5.509504e+001 8.470217e+000
      vertex   -6.000000e+001 5.400000e+001 5.000000e+001
      vertex   -6.000000e+001 5.504231e+001 8.149103e+000
    endloop
  endfacet
  facet normal 1.222344e-001 0.000000e+000 0.000000e+000
    outer loop
      vertex   -6.000000e+001 5.504231e+001 8.149103e+000
      vertex   -6.000000e+001 5.400000e+001 5.000000e+001
      vertex   -6.000000e+001 5.501059e+001 7.825241e+000
    endloop
  endfacet
  facet normal 1.518022e-001 0.000000e+000 0.000000e+000
    outer loop
      vertex   -6.000000e+001 5.501059e+001 7.825241e+000
      vertex   -6.000000e+001 5.400000e+001 5.000000e+001
      vertex   -6.000000e+001 5.400000e+001 0.000000e+000
    endloop
  endfacet
  facet normal 9.573934e-002 0.000000e+000 0.000000e+000
    outer loop
      vertex   -6.000000e+001 5.501059e+001 7.825241e+000
      vertex   -6.000000e+001 5.400000e+001 0.000000e+000
      vertex   -6.000000e+001 5.500000e+001 7.500000e+000
    endloop
  endfacet
  facet normal 1.643503e-001 0.000000e+000 0.000000e+000
    outer loop
      vertex   -6.000000e+001 5.500000e+001 7.500000e+000
      vertex   -6.000000e+001 5.400000e+001 0.000000e+000
      vertex   -6.000000e+001 5.501059e+001 7.174759e+000
    endloop
  endfacet
  facet normal 2.353450e-001 0.000000e+000 0.000000e+000
    outer loop
      vertex   -6.000000e+001 5.501059e+001 7.174759e+000
      vertex   -6.000000e+001 5.400000e+001 0.000000e+000
      vertex   -6.000000e+001 5.504231e+001 6.850897e+000
    endloop
  endfacet
  facet normal 3.085999e-001 0.000000e+000 0.000000e+000
    outer loop
      vertex   -6.000000e+001 5.504231e+001 6.850897e+000
      vertex   -6.000000e+001 5.400000e+001 0.000000e+000
      vertex   -6.000000e+001 5.509504e+001 6.529784e+000
    endloop
  endfacet
  facet normal 3.838653e-001 0.000000e+000 0.000000e+000
    outer loop
      vertex   -6.000000e+001 5.509504e+001 6.529784e+000
      vertex   -6.000000e+001 5.400000e+001 0.000000e+000
      vertex   -6.000000e+001 5.516853e+001 6.212780e+000
    endloop
  endfacet
  facet normal 4.607468e-001 0.000000e+000 0.000000e+000
    outer loop
      vertex   -6.000000e+001 5.516853e+001 6.212780e+000
      vertex   -6.000000e+001 5.400000e+001 0.000000e+000
      vertex   -6.000000e+001 5.526250e+001 5.901228e+000
    endloop
  endfacet
  facet normal 5.386084e-001 0.000000e+000 0.000000e+000
    outer loop
      vertex   -6.000000e+001 5.526250e+001 5.901228e+000
      vertex   -6.000000e+001 5.400000e+001 0.000000e+000
      vertex   -6.000000e+001 5.537653e+001 5.596449e+000
    endloop
  endfacet
  facet normal 6.164979e-001 0.000000e+000 0.000000e+000
    outer loop
      vertex   -6.000000e+001 5.537653e+001 5.596449e+000
      vertex   -6.000000e+001 5.400000e+001 0.000000e+000
      vertex   -6.000000e+001 5.551014e+001 5.299733e+000
    endloop
  endfacet
  facet normal 6.931061e-001 0.000000e+000 0.000000e+000
    outer loop
      vertex   -6.000000e+001 5.551014e+001 5.299733e+000
      vertex   -6.000000e+001 5.400000e+001 0.000000e+000
      vertex   -6.000000e+001 5.566277e+001 5.012336e+000
    endloop
  endfacet
  facet normal 7.666558e-001 0.000000e+000 0.000000e+000
    outer loop
      vertex   -6.000000e+001 5.566277e+001 5.012336e+000
      vertex   -6.000000e+001 5.400000e+001 0.000000e+000
      vertex   -6.000000e+001 5.583378e+001 4.735476e+000
    endloop
  endfacet
  facet normal 8.348436e-001 0.000000e+000 0.000000e+000
    outer loop
      vertex   -6.000000e+001 5.583378e+001 4.735476e+000
      vertex   -6.000000e+001 5.400000e+001 0.000000e+000
      vertex   -6.000000e+001 5.602243e+001 4.470326e+000
    endloop
  endfacet
  facet normal 6.306779e-001 0.000000e+000 0.000000e+000
    outer loop
      vertex   -6.000000e+001 5.602243e+001 4.470326e+000
      vertex   -6.000000e+001 5.400000e+001 0.000000e+000
      vertex   -6.000000e+001 5.720000e+001 0.000000e+000
    endloop
  endfacet
  facet normal 4.131641e-001 0.000000e+000 0.000000e+000
    outer loop
      vertex   -6.000000e+001 5.602243e+001 4.470326e+000
      vertex   -6.000000e+001 5.720000e+001 0.000000e+000
      vertex   -6.000000e+001 5.622793e+001 4.218009e+000
    endloop
  endfacet
  facet normal 4.986780e-001 0.000000e+000 0.000000e+000
    outer loop
      vertex   -6.000000e+001 5.622793e+001 4.218009e+000
      vertex   -6.000000e+001 5.720000e+001 0.000000e+000
      vertex   -6.000000e+001 5.644940e+001 3.979594e+000
    endloop
  endfacet
  facet normal 5.869232e-001 0.000000e+000 0.000000e+000
    outer loop
      vertex   -6.000000e+001 5.644940e+001 3.979594e+000
      vertex   -6.000000e+001 5.720000e+001 0.000000e+000
      vertex   -6.000000e+001 5.668592e+001 3.756090e+000
    endloop
  endfacet
  facet normal 6.763147e-001 0.000000e+000 0.000000e+000
    outer loop
      vertex   -6.000000e+001 5.668592e+001 3.756090e+000
      vertex   -6.000000e+001 5.720000e+001 0.000000e+000
      vertex   -6.000000e+001 5.693647e+001 3.548445e+000
    endloop
  endfacet
  facet normal 7.641587e-001 0.000000e+000 0.000000e+000
    outer loop
      vertex   -6.000000e+001 5.693647e+001 3.548445e+000
      vertex   -6.000000e+001 5.720000e+001 0.000000e+000
      vertex   -6.000000e+001 5.720000e+001 3.357537e+000
    endloop
  endfacet
  facet normal 5.550365e-001 0.000000e+000 0.000000e+000
    outer loop
      vertex   -6.000000e+001 5.583378e+001 1.026452e+001
      vertex   -6.000000e+001 5.602243e+001 1.052967e+001
      vertex   -6.000000e+001 5.720000e+001 5.582123e+001
    endloop
  endfacet
  facet normal 4.414548e-003 0.000000e+000 0.000000e+000
    outer loop
      vertex   -6.000000e+001 5.720000e+001 5.582123e+001
      vertex   -6.000000e+001 5.602243e+001 1.052967e+001
      vertex   -6.000000e+001 5.622793e+001 1.078199e+001
    endloop
  endfacet
  facet normal 4.826860e-003 0.000000e+000 0.000000e+000
    outer loop
      vertex   -6.000000e+001 5.720000e+001 5.582123e+001
      vertex   -6.000000e+001 5.622793e+001 1.078199e+001
      vertex   -6.000000e+001 5.644940e+001 1.102041e+001
    endloop
  endfacet
  facet normal 7.152080e-001 0.000000e+000 0.000000e+000
    outer loop
      vertex   -6.000000e+001 5.644940e+001 1.102041e+001
      vertex   -6.000000e+001 5.668592e+001 1.124391e+001
      vertex   -6.000000e+001 5.720000e+001 5.582123e+001
    endloop
  endfacet
  facet normal 5.592504e-003 0.000000e+000 0.000000e+000
    outer loop
      vertex   -6.000000e+001 5.720000e+001 5.582123e+001
      vertex   -6.000000e+001 5.668592e+001 1.124391e+001
      vertex   -6.000000e+001 5.693647e+001 1.145156e+001
    endloop
  endfacet
  facet normal 5.939329e-003 0.000000e+000 0.000000e+000
    outer loop
      vertex   -6.000000e+001 5.720000e+001 5.582123e+001
      vertex   -6.000000e+001 5.693647e+001 1.145156e+001
      vertex   -6.000000e+001 5.720000e+001 1.164246e+001
    endloop
  endfacet
  facet normal 0.000000e+000 1.000000e+000 0.000000e+000
    outer loop
      vertex   -6.400000e+001 5.720000e+001 1.966425e+002
      vertex   -6.400000e+001 5.720000e+001 2.000000e+002
      vertex   -6.000000e+001 5.720000e+001 1.966425e+002
    endloop
  endfacet
  facet normal 0.000000e+000 7.659364e-001 -0.000000e+000
    outer loop
      vertex   -6.000000e+001 5.720000e+001 1.966425e+002
      vertex   -6.400000e+001 5.720000e+001 2.000000e+002
      vertex   -6.000000e+001 5.720000e+001 2.000000e+002
    endloop
  endfacet
  facet normal 0.000000e+000 -1.000000e+000 0.000000e+000
    outer loop
      vertex   -6.400000e+001 6.280000e+001 1.966425e+002
      vertex   -6.000000e+001 6.280000e+001 1.966425e+002
      vertex   -6.400000e+001 6.280000e+001 2.000000e+002
    endloop
  endfacet
  facet normal 0.000000e+000 -6.429163e-001 0.000000e+000
    outer loop
      vertex   -6.400000e+001 6.280000e+001 2.000000e+002
      vertex   -6.000000e+001 6.280000e+001 1.966425e+002
      vertex   -6.000000e+001 6.280000e+001 2.000000e+002
    endloop
  endfacet
  facet normal 0.000000e+000 -1.000000e+000 0.000000e+000
    outer loop
      vertex   -6.400000e+001 5.000000e+001 0.000000e+000
      vertex   -5.000000e+001 5.000000e+001 0.000000e+000
      vertex   -6.400000e+001 5.000000e+001 5.000000e+001
    endloop
  endfacet
  facet normal 0.000000e+000 -9.629640e-001 0.000000e+000
    outer loop
      vertex   -6.400000e+001 5.000000e+001 5.000000e+001
      vertex   -5.000000e+001 5.000000e+001 0.000000e+000
      vertex   -5.000000e+001 5.000000e+001 5.000000e+001
    endloop
  endfacet
  facet normal 0.000000e+000 -1.000000e+000 0.000000e+000
    outer loop
      vertex   -6.400000e+001 5.000000e+001 5.000000e+001
      vertex   -5.000000e+001 5.000000e+001 5.000000e+001
      vertex   -6.400000e+001 5.000000e+001 1.000000e+002
    endloop
  endfacet
  facet normal 0.000000e+000 -9.629640e-001 0.000000e+000
    outer loop
      vertex   -6.400000e+001 5.000000e+001 1.000000e+002
      vertex   -5.000000e+001 5.000000e+001 5.000000e+001
      vertex   -5.000000e+001 5.000000e+001 1.000000e+002
    endloop
  endfacet
  facet normal 0.000000e+000 -1.000000e+000 0.000000e+000
    outer loop
      vertex   -6.400000e+001 5.000000e+001 1.000000e+002
      vertex   -5.000000e+001 5.000000e+001 1.000000e+002
      vertex   -6.400000e+001 5.000000e+001 1.500000e+002
    endloop
  endfacet
  facet normal 0.000000e+000 -9.629640e-001 0.000000e+000
    outer loop
      vertex   -6.400000e+001 5.000000e+001 1.500000e+002
      vertex   -5.000000e+001 5.000000e+001 1.000000e+002
      vertex   -5.000000e+001 5.000000e+001 1.500000e+002
    endloop
  endfacet
  facet normal 0.000000e+000 -1.000000e+000 0.000000e+000
    outer loop
      vertex   -6.400000e+001 5.000000e+001 1.500000e+002
      vertex   -5.000000e+001 5.000000e+001 1.500000e+002
      vertex   -6.400000e+001 5.000000e+001 2.000000e+002
    endloop
  endfacet
  facet normal 0.000000e+000 -9.629640e-001 0.000000e+000
    outer loop
      vertex   -6.400000e+001 5.000000e+001 2.000000e+002
      vertex   -5.000000e+001 5.000000e+001 1.500000e+002
      vertex   -5.000000e+001 5.000000e+001 2.000000e+002
    endloop
  endfacet
  facet normal -0.000000e+000 1.000000e+000 0.000000e+000
    outer loop
      vertex   -6.400000e+001 5.720000e+001 3.357537e+000
      vertex   -6.000000e+001 5.720000e+001 3.357537e+000
      vertex   -6.400000e+001 5.720000e+001 0.000000e+000
    endloop
  endfacet
  facet normal 0.000000e+000 6.429155e-001 0.000000e+000
    outer loop
      vertex   -6.400000e+001 5.720000e+001 0.000000e+000
      vertex   -6.000000e+001 5.720000e+001 3.357537e+000
      vertex   -6.000000e+001 5.720000e+001 0.000000e+000
    endloop
  endfacet
  facet normal 0.000000e+000 1.000000e+000 -0.000000e+000
    outer loop
      vertex   -5.600000e+001 5.400000e+001 0.000000e+000
      vertex   -6.000000e+001 5.400000e+001 0.000000e+000
      vertex   -5.600000e+001 5.400000e+001 5.000000e+001
    endloop
  endfacet
  facet normal 0.000000e+000 9.968153e-001 0.000000e+000
    outer loop
      vertex   -5.600000e+001 5.400000e+001 5.000000e+001
      vertex   -6.000000e+001 5.400000e+001 0.000000e+000
      vertex   -6.000000e+001 5.400000e+001 5.000000e+001
    endloop
  endfacet
  facet normal 0.000000e+000 1.000000e+000 -0.000000e+000
    outer loop
      vertex   -5.600000e+001 5.400000e+001 5.000000e+001
      vertex   -6.000000e+001 5.400000e+001 5.000000e+001
      vertex   -5.600000e+001 5.400000e+001 1.000000e+002
    endloop
  endfacet
  facet normal 0.000000e+000 9.968153e-001 0.000000e+000
    outer loop
      vertex   -5.600000e+001 5.400000e+001 1.000000e+002
      vertex   -6.000000e+001 5.400000e+001 5.000000e+001
      vertex   -6.000000e+001 5.400000e+001 1.000000e+002
    endloop
  endfacet
  facet normal 0.000000e+000 1.000000e+000 -0.000000e+000
    outer loop
      vertex   -5.600000e+001 5.400000e+001 1.000000e+002
      vertex   -6.000000e+001 5.400000e+001 1.000000e+002
      vertex   -5.600000e+001 5.400000e+001 1.500000e+002
    endloop
  endfacet
  facet normal 0.000000e+000 9.968153e-001 0.000000e+000
    outer loop
      vertex   -5.600000e+001 5.400000e+001 1.500000e+002
      vertex   -6.000000e+001 5.400000e+001 1.000000e+002
      vertex   -6.000000e+001 5.400000e+001 1.500000e+002
    endloop
  endfacet
  facet normal 0.000000e+000 1.000000e+000 -0.000000e+000
    outer loop
      vertex   -5.600000e+001 5.400000e+001 1.500000e+002
      vertex   -6.000000e+001 5.400000e+001 1.500000e+002
      vertex   -5.600000e+001 5.400000e+001 2.000000e+002
    endloop
  endfacet
  facet normal 0.000000e+000 9.968153e-001 0.000000e+000
    outer loop
      vertex   -5.600000e+001 5.400000e+001 2.000000e+002
      vertex   -6.000000e+001 5.400000e+001 1.500000e+002
      vertex   -6.000000e+001 5.400000e+001 2.000000e+002
    endloop
  endfacet
  facet normal 0.000000e+000 -1.000000e+000 0.000000e+000
    outer loop
      vertex   -6.000000e+001 6.600000e+001 0.000000e+000
      vertex   -5.600000e+001 6.600000e+001 0.000000e+000
      vertex   -6.000000e+001 6.600000e+001 5.000000e+001
    endloop
  endfacet
  facet normal 0.000000e+000 -9.968153e-001 0.000000e+000
    outer loop
      vertex   -6.000000e+001 6.600000e+001 5.000000e+001
      vertex   -5.600000e+001 6.600000e+001 0.000000e+000
      vertex   -5.600000e+001 6.600000e+001 5.000000e+001
    endloop
  endfacet
  facet normal 0.000000e+000 -1.000000e+000 0.000000e+000
    outer loop
      vertex   -6.000000e+001 6.600000e+001 5.000000e+001
      vertex   -5.600000e+001 6.600000e+001 5.000000e+001
      vertex   -6.000000e+001 6.600000e+001 1.000000e+002
    endloop
  endfacet
  facet normal 0.000000e+000 -9.968153e-001 0.000000e+000
    outer loop
      vertex   -6.000000e+001 6.600000e+001 1.000000e+002
      vertex   -5.600000e+001 6.600000e+001 5.000000e+001
      vertex   -5.600000e+001 6.600000e+001 1.000000e+002
    endloop
  endfacet
  facet normal 0.000000e+000 -1.000000e+000 0.000000e+000
    outer loop
      vertex   -6.000000e+001 6.600000e+001 1.000000e+002
      vertex   -5.600000e+001 6.600000e+001 1.000000e+002
      vertex   -6.000000e+001 6.600000e+001 1.500000e+002
    endloop
  endfacet
  facet normal 0.000000e+000 -9.968153e-001 0.000000e+000
    outer loop
      vertex   -6.000000e+001 6.600000e+001 1.500000e+002
      vertex   -5.600000e+001 6.600000e+001 1.000000e+002
      vertex   -5.600000e+001 6.600000e+001 1.500000e+002
    endloop
  endfacet
  facet normal 0.000000e+000 -1.000000e+000 0.000000e+000
    outer loop
      vertex   -6.000000e+001 6.600000e+001 1.500000e+002
      vertex   -5.600000e+001 6.600000e+001 1.500000e+002
      vertex   -6.000000e+001 6.600000e+001 2.000000e+002
    endloop
  endfacet
  facet normal 0.000000e+000 -9.968153e-001 0.000000e+000
    outer loop
      vertex   -6.000000e+001 6.600000e+001 2.000000e+002
      vertex   -5.600000e+001 6.600000e+001 1.500000e+002
      vertex   -5.600000e+001 6.600000e+001 2.000000e+002
    endloop
  endfacet
  facet normal 0.000000e+000 -1.000000e+000 0.000000e+000
    outer loop
      vertex   -6.400000e+001 6.280000e+001 3.357537e+000
      vertex   -6.400000e+001 6.280000e+001 0.000000e+000
      vertex   -6.000000e+001 6.280000e+001 3.357537e+000
    endloop
  endfacet
  facet normal 0.000000e+000 -7.659371e-001 -0.000000e+000
    outer loop
      vertex   -6.000000e+001 6.280000e+001 3.357537e+000
      vertex   -6.400000e+001 6.280000e+001 0.000000e+000
      vertex   -6.000000e+001 6.280000e+001 0.000000e+000
    endloop
  endfacet
  facet normal 0.000000e+000 1.000000e+000 -0.000000e+000
    outer loop
      vertex   -5.000000e+001 8.500000e+001 0.000000e+000
      vertex   -5.240000e+001 8.500000e+001 0.000000e+000
      vertex   -5.000000e+001 8.500000e+001 5.000000e+001
    endloop
  endfacet
  facet normal 0.000000e+000 9.988500e-001 0.000000e+000
    outer loop
      vertex   -5.000000e+001 8.500000e+001 5.000000e+001
      vertex   -5.240000e+001 8.500000e+001 0.000000e+000
      vertex   -5.240000e+001 8.500000e+001 5.000000e+001
    endloop
  endfacet
  facet normal 0.000000e+000 1.000000e+000 -0.000000e+000
    outer loop
      vertex   -5.000000e+001 8.500000e+001 5.000000e+001
      vertex   -5.240000e+001 8.500000e+001 5.000000e+001
      vertex   -5.000000e+001 8.500000e+001 1.000000e+002
    endloop
  endfacet
  facet normal 0.000000e+000 9.988500e-001 0.000000e+000
    outer loop
      vertex   -5.000000e+001 8.500000e+001 1.000000e+002
      vertex   -5.240000e+001 8.500000e+001 5.000000e+001
      vertex   -5.240000e+001 8.500000e+001 1.000000e+002
    endloop
  endfacet
  facet normal 0.000000e+000 1.000000e+000 -0.000000e+000
    outer loop
      vertex   -5.000000e+001 8.500000e+001 1.000000e+002
      vertex   -5.240000e+001 8.500000e+001 1.000000e+002
      vertex   -5.000000e+001 8.500000e+001 1.500000e+002
    endloop
  endfacet
  facet normal 0.000000e+000 9.988500e-001 0.000000e+000
    outer loop
      vertex   -5.000000e+001 8.500000e+001 1.500000e+002
      vertex   -5.240000e+001 8.500000e+001 1.000000e+002
      vertex   -5.240000e+001 8.500000e+001 1.500000e+002
    endloop
  endfacet
  facet normal 0.000000e+000 1.000000e+000 -0.000000e+000
    outer loop
      vertex   -5.000000e+001 8.500000e+001 1.500000e+002
      vertex   -5.240000e+001 8.500000e+001 1.500000e+002
      vertex   -5.000000e+001 8.500000e+001 2.000000e+002
    endloop
  endfacet
  facet normal 0.000000e+000 9.988500e-001 0.000000e+000
    outer loop
      vertex   -5.000000e+001 8.500000e+001 2.000000e+002
      vertex   -5.240000e+001 8.500000e+001 1.500000e+002
      vertex   -5.240000e+001 8.500000e+001 2.000000e+002
    endloop
  endfacet
  facet normal 9.650089e-001 -0.000000e+000 0.000000e+000
    outer loop
      vertex   -5.000000e+001 6.248901e+001 1.927341e+002
      vertex   -5.000000e+001 6.250000e+001 1.925000e+002
      vertex   -5.000000e+001 8.500000e+001 2.000000e+002
    endloop
  endfacet
  facet normal 9.184437e-003 0.000000e+000 0.000000e+000
    outer loop
      vertex   -5.000000e+001 8.500000e+001 2.000000e+002
      vertex   -5.000000e+001 6.250000e+001 1.925000e+002
      vertex   -5.000000e+001 6.248901e+001 1.922659e+002
    endloop
  endfacet
  facet normal 8.732284e-003 0.000000e+000 0.000000e+000
    outer loop
      vertex   -5.000000e+001 8.500000e+001 2.000000e+002
      vertex   -5.000000e+001 6.248901e+001 1.922659e+002
      vertex   -5.000000e+001 6.245616e+001 1.920338e+002
    endloop
  endfacet
  facet normal 8.396741e-001 -0.000000e+000 0.000000e+000
    outer loop
      vertex   -5.000000e+001 6.245616e+001 1.920338e+002
      vertex   -5.000000e+001 6.240171e+001 1.918059e+002
      vertex   -5.000000e+001 8.500000e+001 2.000000e+002
    endloop
  endfacet
  facet normal 7.558571e-003 0.000000e+000 0.000000e+000
    outer loop
      vertex   -5.000000e+001 8.500000e+001 2.000000e+002
      vertex   -5.000000e+001 6.240171e+001 1.918059e+002
      vertex   -5.000000e+001 6.232616e+001 1.915840e+002
    endloop
  endfacet
  facet normal 6.859304e-003 0.000000e+000 0.000000e+000
    outer loop
      vertex   -5.000000e+001 8.500000e+001 2.000000e+002
      vertex   -5.000000e+001 6.232616e+001 1.915840e+002
      vertex   -5.000000e+001 6.223017e+001 1.913703e+002
    endloop
  endfacet
  facet normal 9.350940e-001 0.000000e+000 0.000000e+000
    outer loop
      vertex   -5.000000e+001 8.500000e+001 2.000000e+002
      vertex   -5.000000e+001 6.223017e+001 1.913703e+002
      vertex   -5.000000e+001 8.500000e+001 1.500000e+002
    endloop
  endfacet
  facet normal 4.237181e-003 0.000000e+000 0.000000e+000
    outer loop
      vertex   -5.000000e+001 8.500000e+001 1.500000e+002
      vertex   -5.000000e+001 6.223017e+001 1.913703e+002
      vertex   -5.000000e+001 6.211458e+001 1.911664e+002
    endloop
  endfacet
  facet normal 4.481775e-003 0.000000e+000 0.000000e+000
    outer loop
      vertex   -5.000000e+001 8.500000e+001 1.500000e+002
      vertex   -5.000000e+001 6.211458e+001 1.911664e+002
      vertex   -5.000000e+001 6.198041e+001 1.909742e+002
    endloop
  endfacet
  facet normal 9.374462e-001 0.000000e+000 0.000000e+000
    outer loop
      vertex   -5.000000e+001 6.198041e+001 1.909742e+002
      vertex   -5.000000e+001 6.182883e+001 1.907955e+002
      vertex   -5.000000e+001 8.500000e+001 1.500000e+002
    endloop
  endfacet
  facet normal 4.837189e-003 0.000000e+000 0.000000e+000
    outer loop
      vertex   -5.000000e+001 8.500000e+001 1.500000e+002
      vertex   -5.000000e+001 6.182883e+001 1.907955e+002
      vertex   -5.000000e+001 6.166118e+001 1.906317e+002
    endloop
  endfacet
  facet normal 4.942604e-003 0.000000e+000 0.000000e+000
    outer loop
      vertex   -5.000000e+001 8.500000e+001 1.500000e+002
      vertex   -5.000000e+001 6.166118e+001 1.906317e+002
      vertex   -5.000000e+001 6.147893e+001 1.904844e+002
    endloop
  endfacet
  facet normal 9.982120e-001 0.000000e+000 0.000000e+000
    outer loop
      vertex   -5.000000e+001 6.147893e+001 1.904844e+002
      vertex   -5.000000e+001 6.128368e+001 1.903547e+002
      vertex   -5.000000e+001 8.500000e+001 1.500000e+002
    endloop
  endfacet
  facet normal 5.001992e-003 0.000000e+000 0.000000e+000
    outer loop
      vertex   -5.000000e+001 8.500000e+001 1.500000e+002
      vertex   -5.000000e+001 6.128368e+001 1.903547e+002
      vertex   -5.000000e+001 6.107716e+001 1.902440e+002
    endloop
  endfacet
  facet normal 8.595922e-001 0.000000e+000 0.000000e+000
    outer loop
      vertex   -5.000000e+001 8.500000e+001 1.500000e+002
      vertex   -5.000000e+001 6.107716e+001 1.902440e+002
      vertex   -5.000000e+001 5.000000e+001 1.500000e+002
    endloop
  endfacet
  facet normal 4.426118e-003 0.000000e+000 0.000000e+000
    outer loop
      vertex   -5.000000e+001 5.000000e+001 1.500000e+002
      vertex   -5.000000e+001 6.107716e+001 1.902440e+002
      vertex   -5.000000e+001 6.086117e+001 1.901530e+002
    endloop
  endfacet
  facet normal 4.761041e-003 0.000000e+000 0.000000e+000
    outer loop
      vertex   -5.000000e+001 5.000000e+001 1.500000e+002
      vertex   -5.000000e+001 6.086117e+001 1.901530e+002
      vertex   -5.000000e+001 6.063761e+001 1.900827e+002
    endloop
  endfacet
  facet normal 8.913755e-001 0.000000e+000 0.000000e+000
    outer loop
      vertex   -5.000000e+001 6.063761e+001 1.900827e+002
      vertex   -5.000000e+001 6.040844e+001 1.900336e+002
      vertex   -5.000000e+001 5.000000e+001 1.500000e+002
    endloop
  endfacet
  facet normal 5.289944e-003 0.000000e+000 0.000000e+000
    outer loop
      vertex   -5.000000e+001 5.000000e+001 1.500000e+002
      vertex   -5.000000e+001 6.040844e+001 1.900336e+002
      vertex   -5.000000e+001 6.017569e+001 1.900062e+002
    endloop
  endfacet
  facet normal 5.476087e-003 0.000000e+000 0.000000e+000
    outer loop
      vertex   -5.000000e+001 5.000000e+001 1.500000e+002
      vertex   -5.000000e+001 6.017569e+001 1.900062e+002
      vertex   -5.000000e+001 5.994139e+001 1.900007e+002
    endloop
  endfacet
  facet normal 9.850235e-001 0.000000e+000 0.000000e+000
    outer loop
      vertex   -5.000000e+001 5.994139e+001 1.900007e+002
      vertex   -5.000000e+001 5.970761e+001 1.900172e+002
      vertex   -5.000000e+001 5.000000e+001 1.500000e+002
    endloop
  endfacet
  facet normal 5.678284e-003 0.000000e+000 0.000000e+000
    outer loop
      vertex   -5.000000e+001 5.000000e+001 1.500000e+002
      vertex   -5.000000e+001 5.970761e+001 1.900172e+002
      vertex   -5.000000e+001 5.947640e+001 1.900555e+002
    endloop
  endfacet
  facet normal 5.690883e-003 0.000000e+000 0.000000e+000
    outer loop
      vertex   -5.000000e+001 5.000000e+001 1.500000e+002
      vertex   -5.000000e+001 5.947640e+001 1.900555e+002
      vertex   -5.000000e+001 5.924979e+001 1.901152e+002
    endloop
  endfacet
  facet normal 9.921894e-001 0.000000e+000 0.000000e+000
    outer loop
      vertex   -5.000000e+001 5.924979e+001 1.901152e+002
      vertex   -5.000000e+001 5.902977e+001 1.901960e+002
      vertex   -5.000000e+001 5.000000e+001 1.500000e+002
    endloop
  endfacet
  facet normal 5.538799e-003 0.000000e+000 0.000000e+000
    outer loop
      vertex   -5.000000e+001 5.000000e+001 1.500000e+002
      vertex   -5.000000e+001 5.902977e+001 1.901960e+002
      vertex   -5.000000e+001 5.881828e+001 1.902969e+002
    endloop
  endfacet
  facet normal 5.376438e-003 0.000000e+000 0.000000e+000
    outer loop
      vertex   -5.000000e+001 5.000000e+001 1.500000e+002
      vertex   -5.000000e+001 5.881828e+001 1.902969e+002
      vertex   -5.000000e+001 5.861717e+001 1.904173e+002
    endloop
  endfacet
  facet normal 9.118826e-001 0.000000e+000 0.000000e+000
    outer loop
      vertex   -5.000000e+001 5.861717e+001 1.904173e+002
      vertex   -5.000000e+001 5.842822e+001 1.905559e+002
      vertex   -5.000000e+001 5.000000e+001 1.500000e+002
    endloop
  endfacet
  facet normal 4.890906e-003 0.000000e+000 0.000000e+000
    outer loop
      vertex   -5.000000e+001 5.000000e+001 1.500000e+002
      vertex   -5.000000e+001 5.842822e+001 1.905559e+002
      vertex   -5.000000e+001 5.825307e+001 1.907116e+002
    endloop
  endfacet
  facet normal 4.574786e-003 0.000000e+000 0.000000e+000
    outer loop
      vertex   -5.000000e+001 5.000000e+001 1.500000e+002
      vertex   -5.000000e+001 5.825307e+001 1.907116e+002
      vertex   -5.000000e+001 5.809329e+001 1.908831e+002
    endloop
  endfacet
  facet normal 7.525283e-001 0.000000e+000 0.000000e+000
    outer loop
      vertex   -5.000000e+001 5.809329e+001 1.908831e+002
      vertex   -5.000000e+001 5.795025e+001 1.910687e+002
      vertex   -5.000000e+001 5.000000e+001 1.500000e+002
    endloop
  endfacet
  facet normal 3.819182e-003 0.000000e+000 0.000000e+000
    outer loop
      vertex   -5.000000e+001 5.000000e+001 1.500000e+002
      vertex   -5.000000e+001 5.795025e+001 1.910687e+002
      vertex   -5.000000e+001 5.782523e+001 1.912670e+002
    endloop
  endfacet
  facet normal 1.863047e-001 0.000000e+000 0.000000e+000
    outer loop
      vertex   -5.000000e+001 5.000000e+001 1.500000e+002
      vertex   -5.000000e+001 5.782523e+001 1.912670e+002
      vertex   -5.000000e+001 5.000000e+001 2.000000e+002
    endloop
  endfacet
  facet normal 5.273901e-003 0.000000e+000 0.000000e+000
    outer loop
      vertex   -5.000000e+001 5.000000e+001 2.000000e+002
      vertex   -5.000000e+001 5.782523e+001 1.912670e+002
      vertex   -5.000000e+001 5.771933e+001 1.914760e+002
    endloop
  endfacet
  facet normal 7.333738e-003 0.000000e+000 0.000000e+000
    outer loop
      vertex   -5.000000e+001 5.000000e+001 2.000000e+002
      vertex   -5.000000e+001 5.771933e+001 1.914760e+002
      vertex   -5.000000e+001 5.763346e+001 1.916941e+002
    endloop
  endfacet
  facet normal 4.456473e-001 0.000000e+000 0.000000e+000
    outer loop
      vertex   -5.000000e+001 5.763346e+001 1.916941e+002
      vertex   -5.000000e+001 5.756839e+001 1.919192e+002
      vertex   -5.000000e+001 5.000000e+001 2.000000e+002
    endloop
  endfacet
  facet normal 1.154127e-002 0.000000e+000 0.000000e+000
    outer loop
      vertex   -5.000000e+001 5.000000e+001 2.000000e+002
      vertex   -5.000000e+001 5.756839e+001 1.919192e+002
      vertex   -5.000000e+001 5.752469e+001 1.921495e+002
    endloop
  endfacet
  facet normal 1.361875e-002 0.000000e+000 0.000000e+000
    outer loop
      vertex   -5.000000e+001 5.000000e+001 2.000000e+002
      vertex   -5.000000e+001 5.752469e+001 1.921495e+002
      vertex   -5.000000e+001 5.750275e+001 1.923828e+002
    endloop
  endfacet
  facet normal 7.017347e-001 0.000000e+000 -0.000000e+000
    outer loop
      vertex   -5.000000e+001 5.750275e+001 1.923828e+002
      vertex   -5.000000e+001 5.750275e+001 1.926172e+002
      vertex   -5.000000e+001 5.000000e+001 2.000000e+002
    endloop
  endfacet
  facet normal 1.750550e-002 0.000000e+000 0.000000e+000
    outer loop
      vertex   -5.000000e+001 5.000000e+001 2.000000e+002
      vertex   -5.000000e+001 5.750275e+001 1.926172e+002
      vertex   -5.000000e+001 5.752469e+001 1.928505e+002
    endloop
  endfacet
  facet normal 1.921335e-002 0.000000e+000 0.000000e+000
    outer loop
      vertex   -5.000000e+001 5.000000e+001 2.000000e+002
      vertex   -5.000000e+001 5.752469e+001 1.928505e+002
      vertex   -5.000000e+001 5.756839e+001 1.930808e+002
    endloop
  endfacet
  facet normal 8.963709e-001 0.000000e+000 -0.000000e+000
    outer loop
      vertex   -5.000000e+001 5.756839e+001 1.930808e+002
      vertex   -5.000000e+001 5.763346e+001 1.933059e+002
      vertex   -5.000000e+001 5.000000e+001 2.000000e+002
    endloop
  endfacet
  facet normal 2.189002e-002 0.000000e+000 0.000000e+000
    outer loop
      vertex   -5.000000e+001 5.000000e+001 2.000000e+002
      vertex   -5.000000e+001 5.763346e+001 1.933059e+002
      vertex   -5.000000e+001 5.771933e+001 1.935240e+002
    endloop
  endfacet
  facet normal 2.276639e-002 0.000000e+000 0.000000e+000
    outer loop
      vertex   -5.000000e+001 5.000000e+001 2.000000e+002
      vertex   -5.000000e+001 5.771933e+001 1.935240e+002
      vertex   -5.000000e+001 5.782523e+001 1.937330e+002
    endloop
  endfacet
  facet normal 9.936684e-001 0.000000e+000 -0.000000e+000
    outer loop
      vertex   -5.000000e+001 5.782523e+001 1.937330e+002
      vertex   -5.000000e+001 5.795025e+001 1.939313e+002
      vertex   -5.000000e+001 5.000000e+001 2.000000e+002
    endloop
  endfacet
  facet normal 2.342308e-002 0.000000e+000 0.000000e+000
    outer loop
      vertex   -5.000000e+001 5.000000e+001 2.000000e+002
      vertex   -5.000000e+001 5.795025e+001 1.939313e+002
      vertex   -5.000000e+001 5.809329e+001 1.941169e+002
    endloop
  endfacet
  facet normal 2.317672e-002 0.000000e+000 0.000000e+000
    outer loop
      vertex   -5.000000e+001 5.000000e+001 2.000000e+002
      vertex   -5.000000e+001 5.809329e+001 1.941169e+002
      vertex   -5.000000e+001 5.825307e+001 1.942884e+002
    endloop
  endfacet
  facet normal 9.716641e-001 0.000000e+000 -0.000000e+000
    outer loop
      vertex   -5.000000e+001 5.825307e+001 1.942884e+002
      vertex   -5.000000e+001 5.842822e+001 1.944441e+002
      vertex   -5.000000e+001 5.000000e+001 2.000000e+002
    endloop
  endfacet
  facet normal 2.158953e-002 0.000000e+000 0.000000e+000
    outer loop
      vertex   -5.000000e+001 5.000000e+001 2.000000e+002
      vertex   -5.000000e+001 5.842822e+001 1.944441e+002
      vertex   -5.000000e+001 5.861717e+001 1.945827e+002
    endloop
  endfacet
  facet normal 2.030936e-002 0.000000e+000 0.000000e+000
    outer loop
      vertex   -5.000000e+001 5.000000e+001 2.000000e+002
      vertex   -5.000000e+001 5.861717e+001 1.945827e+002
      vertex   -5.000000e+001 5.881828e+001 1.947031e+002
    endloop
  endfacet
  facet normal 8.340052e-001 0.000000e+000 -0.000000e+000
    outer loop
      vertex   -5.000000e+001 5.881828e+001 1.947031e+002
      vertex   -5.000000e+001 5.902977e+001 1.948040e+002
      vertex   -5.000000e+001 5.000000e+001 2.000000e+002
    endloop
  endfacet
  facet normal 1.700203e-002 0.000000e+000 0.000000e+000
    outer loop
      vertex   -5.000000e+001 5.000000e+001 2.000000e+002
      vertex   -5.000000e+001 5.902977e+001 1.948040e+002
      vertex   -5.000000e+001 5.924979e+001 1.948848e+002
    endloop
  endfacet
  facet normal 1.508006e-002 0.000000e+000 0.000000e+000
    outer loop
      vertex   -5.000000e+001 5.000000e+001 2.000000e+002
      vertex   -5.000000e+001 5.924979e+001 1.948848e+002
      vertex   -5.000000e+001 5.947640e+001 1.949445e+002
    endloop
  endfacet
  facet normal 6.085452e-001 0.000000e+000 -0.000000e+000
    outer loop
      vertex   -5.000000e+001 5.947640e+001 1.949445e+002
      vertex   -5.000000e+001 5.970761e+001 1.949828e+002
      vertex   -5.000000e+001 5.000000e+001 2.000000e+002
    endloop
  endfacet
  facet normal 1.095984e-002 0.000000e+000 0.000000e+000
    outer loop
      vertex   -5.000000e+001 5.000000e+001 2.000000e+002
      vertex   -5.000000e+001 5.970761e+001 1.949828e+002
      vertex   -5.000000e+001 5.994139e+001 1.949993e+002
    endloop
  endfacet
  facet normal 8.851245e-003 0.000000e+000 0.000000e+000
    outer loop
      vertex   -5.000000e+001 5.000000e+001 2.000000e+002
      vertex   -5.000000e+001 5.994139e+001 1.949993e+002
      vertex   -5.000000e+001 6.017569e+001 1.949938e+002
    endloop
  endfacet
  facet normal 3.334915e-001 -0.000000e+000 -0.000000e+000
    outer loop
      vertex   -5.000000e+001 6.017569e+001 1.949938e+002
      vertex   -5.000000e+001 6.040844e+001 1.949664e+002
      vertex   -5.000000e+001 5.000000e+001 2.000000e+002
    endloop
  endfacet
  facet normal 4.714318e-003 0.000000e+000 0.000000e+000
    outer loop
      vertex   -5.000000e+001 5.000000e+001 2.000000e+002
      vertex   -5.000000e+001 6.040844e+001 1.949664e+002
      vertex   -5.000000e+001 6.063761e+001 1.949173e+002
    endloop
  endfacet
  facet normal 4.311186e-001 -0.000000e+000 0.000000e+000
    outer loop
      vertex   -5.000000e+001 5.000000e+001 2.000000e+002
      vertex   -5.000000e+001 6.063761e+001 1.949173e+002
      vertex   -5.000000e+001 8.500000e+001 2.000000e+002
    endloop
  endfacet
  facet normal 4.639006e-003 0.000000e+000 0.000000e+000
    outer loop
      vertex   -5.000000e+001 8.500000e+001 2.000000e+002
      vertex   -5.000000e+001 6.063761e+001 1.949173e+002
      vertex   -5.000000e+001 6.086117e+001 1.948470e+002
    endloop
  endfacet
  facet normal 5.473308e-003 0.000000e+000 0.000000e+000
    outer loop
      vertex   -5.000000e+001 8.500000e+001 2.000000e+002
      vertex   -5.000000e+001 6.086117e+001 1.948470e+002
      vertex   -5.000000e+001 6.107716e+001 1.947560e+002
    endloop
  endfacet
  facet normal 6.504141e-001 -0.000000e+000 0.000000e+000
    outer loop
      vertex   -5.000000e+001 6.107716e+001 1.947560e+002
      vertex   -5.000000e+001 6.128368e+001 1.946453e+002
      vertex   -5.000000e+001 8.500000e+001 2.000000e+002
    endloop
  endfacet
  facet normal 7.016258e-003 0.000000e+000 0.000000e+000
    outer loop
      vertex   -5.000000e+001 8.500000e+001 2.000000e+002
      vertex   -5.000000e+001 6.128368e+001 1.946453e+002
      vertex   -5.000000e+001 6.147893e+001 1.945156e+002
    endloop
  endfacet
  facet normal 7.700303e-003 0.000000e+000 0.000000e+000
    outer loop
      vertex   -5.000000e+001 8.500000e+001 2.000000e+002
      vertex   -5.000000e+001 6.147893e+001 1.945156e+002
      vertex   -5.000000e+001 6.166118e+001 1.943683e+002
    endloop
  endfacet
  facet normal 8.470873e-001 -0.000000e+000 0.000000e+000
    outer loop
      vertex   -5.000000e+001 6.166118e+001 1.943683e+002
      vertex   -5.000000e+001 6.182883e+001 1.942045e+002
      vertex   -5.000000e+001 8.500000e+001 2.000000e+002
    endloop
  endfacet
  facet normal 8.837692e-003 0.000000e+000 0.000000e+000
    outer loop
      vertex   -5.000000e+001 8.500000e+001 2.000000e+002
      vertex   -5.000000e+001 6.182883e+001 1.942045e+002
      vertex   -5.000000e+001 6.198041e+001 1.940258e+002
    endloop
  endfacet
  facet normal 9.269269e-003 0.000000e+000 0.000000e+000
    outer loop
      vertex   -5.000000e+001 8.500000e+001 2.000000e+002
      vertex   -5.000000e+001 6.198041e+001 1.940258e+002
      vertex   -5.000000e+001 6.211458e+001 1.938336e+002
    endloop
  endfacet
  facet normal 9.682670e-001 -0.000000e+000 0.000000e+000
    outer loop
      vertex   -5.000000e+001 6.211458e+001 1.938336e+002
      vertex   -5.000000e+001 6.223017e+001 1.936297e+002
      vertex   -5.000000e+001 8.500000e+001 2.000000e+002
    endloop
  endfacet
  facet normal 9.815493e-003 0.000000e+000 0.000000e+000
    outer loop
      vertex   -5.000000e+001 8.500000e+001 2.000000e+002
      vertex   -5.000000e+001 6.223017e+001 1.936297e+002
      vertex   -5.000000e+001 6.232616e+001 1.934160e+002
    endloop
  endfacet
  facet normal 9.919753e-003 0.000000e+000 0.000000e+000
    outer loop
      vertex   -5.000000e+001 8.500000e+001 2.000000e+002
      vertex   -5.000000e+001 6.232616e+001 1.934160e+002
      vertex   -5.000000e+001 6.240171e+001 1.931941e+002
    endloop
  endfacet
  facet normal 9.983137e-001 -0.000000e+000 0.000000e+000
    outer loop
      vertex   -5.000000e+001 6.240171e+001 1.931941e+002
      vertex   -5.000000e+001 6.245616e+001 1.929662e+002
      vertex   -5.000000e+001 8.500000e+001 2.000000e+002
    endloop
  endfacet
  facet normal 9.778650e-003 0.000000e+000 0.000000e+000
    outer loop
      vertex   -5.000000e+001 8.500000e+001 2.000000e+002
      vertex   -5.000000e+001 6.245616e+001 1.929662e+002
      vertex   -5.000000e+001 6.248901e+001 1.927341e+002
    endloop
  endfacet
  facet normal 9.294673e-001 0.000000e+000 0.000000e+000
    outer loop
      vertex   -5.000000e+001 6.248901e+001 7.734104e+000
      vertex   -5.000000e+001 6.250000e+001 7.500000e+000
      vertex   -5.000000e+001 8.500000e+001 0.000000e+000
    endloop
  endfacet
  facet normal 9.535774e-003 0.000000e+000 0.000000e+000
    outer loop
      vertex   -5.000000e+001 8.500000e+001 0.000000e+000
      vertex   -5.000000e+001 6.250000e+001 7.500000e+000
      vertex   -5.000000e+001 6.248901e+001 7.265896e+000
    endloop
  endfacet
  facet normal 9.778284e-003 0.000000e+000 0.000000e+000
    outer loop
      vertex   -5.000000e+001 8.500000e+001 0.000000e+000
      vertex   -5.000000e+001 6.248901e+001 7.265896e+000
      vertex   -5.000000e+001 6.245616e+001 7.033850e+000
    endloop
  endfacet
  facet normal 9.976897e-001 0.000000e+000 0.000000e+000
    outer loop
      vertex   -5.000000e+001 6.245616e+001 7.033850e+000
      vertex   -5.000000e+001 6.240171e+001 6.805900e+000
      vertex   -5.000000e+001 8.500000e+001 0.000000e+000
    endloop
  endfacet
  facet normal 9.919869e-003 0.000000e+000 0.000000e+000
    outer loop
      vertex   -5.000000e+001 8.500000e+001 0.000000e+000
      vertex   -5.000000e+001 6.240171e+001 6.805900e+000
      vertex   -5.000000e+001 6.232616e+001 6.584050e+000
    endloop
  endfacet
  facet normal 9.815881e-003 0.000000e+000 0.000000e+000
    outer loop
      vertex   -5.000000e+001 8.500000e+001 0.000000e+000
      vertex   -5.000000e+001 6.232616e+001 6.584050e+000
      vertex   -5.000000e+001 6.223017e+001 6.370249e+000
    endloop
  endfacet
  facet normal 9.706210e-001 0.000000e+000 0.000000e+000
    outer loop
      vertex   -5.000000e+001 6.223017e+001 6.370249e+000
      vertex   -5.000000e+001 6.211458e+001 6.166377e+000
      vertex   -5.000000e+001 8.500000e+001 0.000000e+000
    endloop
  endfacet
  facet normal 9.269191e-003 0.000000e+000 0.000000e+000
    outer loop
      vertex   -5.000000e+001 8.500000e+001 0.000000e+000
      vertex   -5.000000e+001 6.211458e+001 6.166377e+000
      vertex   -5.000000e+001 6.198041e+001 5.974225e+000
    endloop
  endfacet
  facet normal 8.837809e-003 0.000000e+000 0.000000e+000
    outer loop
      vertex   -5.000000e+001 8.500000e+001 0.000000e+000
      vertex   -5.000000e+001 6.198041e+001 5.974225e+000
      vertex   -5.000000e+001 6.182883e+001 5.795480e+000
    endloop
  endfacet
  facet normal 8.514623e-001 0.000000e+000 0.000000e+000
    outer loop
      vertex   -5.000000e+001 6.182883e+001 5.795480e+000
      vertex   -5.000000e+001 6.166118e+001 5.631716e+000
      vertex   -5.000000e+001 8.500000e+001 0.000000e+000
    endloop
  endfacet
  facet normal 7.700591e-003 0.000000e+000 0.000000e+000
    outer loop
      vertex   -5.000000e+001 8.500000e+001 0.000000e+000
      vertex   -5.000000e+001 6.166118e+001 5.631716e+000
      vertex   -5.000000e+001 6.147893e+001 5.484370e+000
    endloop
  endfacet
  facet normal 7.016008e-003 0.000000e+000 0.000000e+000
    outer loop
      vertex   -5.000000e+001 8.500000e+001 0.000000e+000
      vertex   -5.000000e+001 6.147893e+001 5.484370e+000
      vertex   -5.000000e+001 6.128368e+001 5.354737e+000
    endloop
  endfacet
  facet normal 6.551662e-001 0.000000e+000 0.000000e+000
    outer loop
      vertex   -5.000000e+001 6.128368e+001 5.354737e+000
      vertex   -5.000000e+001 6.107716e+001 5.243958e+000
      vertex   -5.000000e+001 8.500000e+001 0.000000e+000
    endloop
  endfacet
  facet normal 5.473157e-003 0.000000e+000 0.000000e+000
    outer loop
      vertex   -5.000000e+001 8.500000e+001 0.000000e+000
      vertex   -5.000000e+001 6.107716e+001 5.243958e+000
      vertex   -5.000000e+001 6.086117e+001 5.153004e+000
    endloop
  endfacet
  facet normal 4.639026e-003 0.000000e+000 0.000000e+000
    outer loop
      vertex   -5.000000e+001 8.500000e+001 0.000000e+000
      vertex   -5.000000e+001 6.086117e+001 5.153004e+000
      vertex   -5.000000e+001 6.063761e+001 5.082675e+000
    endloop
  endfacet
  facet normal 2.042306e-001 0.000000e+000 0.000000e+000
    outer loop
      vertex   -5.000000e+001 8.500000e+001 0.000000e+000
      vertex   -5.000000e+001 6.063761e+001 5.082675e+000
      vertex   -5.000000e+001 5.000000e+001 0.000000e+000
    endloop
  endfacet
  facet normal 4.714545e-003 0.000000e+000 0.000000e+000
    outer loop
      vertex   -5.000000e+001 5.000000e+001 0.000000e+000
      vertex   -5.000000e+001 6.063761e+001 5.082675e+000
      vertex   -5.000000e+001 6.040844e+001 5.033591e+000
    endloop
  endfacet
  facet normal 6.759679e-003 0.000000e+000 0.000000e+000
    outer loop
      vertex   -5.000000e+001 5.000000e+001 0.000000e+000
      vertex   -5.000000e+001 6.040844e+001 5.033591e+000
      vertex   -5.000000e+001 6.017569e+001 5.006181e+000
    endloop
  endfacet
  facet normal 4.202869e-001 0.000000e+000 0.000000e+000
    outer loop
      vertex   -5.000000e+001 6.017569e+001 5.006181e+000
      vertex   -5.000000e+001 5.994139e+001 5.000687e+000
      vertex   -5.000000e+001 5.000000e+001 0.000000e+000
    endloop
  endfacet
  facet normal 1.096030e-002 0.000000e+000 0.000000e+000
    outer loop
      vertex   -5.000000e+001 5.000000e+001 0.000000e+000
      vertex   -5.000000e+001 5.994139e+001 5.000687e+000
      vertex   -5.000000e+001 5.970761e+001 5.017157e+000
    endloop
  endfacet
  facet normal 1.305076e-002 0.000000e+000 0.000000e+000
    outer loop
      vertex   -5.000000e+001 5.000000e+001 0.000000e+000
      vertex   -5.000000e+001 5.970761e+001 5.017157e+000
      vertex   -5.000000e+001 5.947640e+001 5.055447e+000
    endloop
  endfacet
  facet normal 6.801475e-001 0.000000e+000 0.000000e+000
    outer loop
      vertex   -5.000000e+001 5.947640e+001 5.055447e+000
      vertex   -5.000000e+001 5.924979e+001 5.115219e+000
      vertex   -5.000000e+001 5.000000e+001 0.000000e+000
    endloop
  endfacet
  facet normal 1.700163e-002 0.000000e+000 0.000000e+000
    outer loop
      vertex   -5.000000e+001 5.000000e+001 0.000000e+000
      vertex   -5.000000e+001 5.924979e+001 5.115219e+000
      vertex   -5.000000e+001 5.902977e+001 5.195948e+000
    endloop
  endfacet
  facet normal 1.876207e-002 0.000000e+000 0.000000e+000
    outer loop
      vertex   -5.000000e+001 5.000000e+001 0.000000e+000
      vertex   -5.000000e+001 5.902977e+001 5.195948e+000
      vertex   -5.000000e+001 5.881828e+001 5.296926e+000
    endloop
  endfacet
  facet normal 8.820255e-001 0.000000e+000 0.000000e+000
    outer loop
      vertex   -5.000000e+001 5.881828e+001 5.296926e+000
      vertex   -5.000000e+001 5.861717e+001 5.417264e+000
      vertex   -5.000000e+001 5.000000e+001 0.000000e+000
    endloop
  endfacet
  facet normal 2.158958e-002 0.000000e+000 0.000000e+000
    outer loop
      vertex   -5.000000e+001 5.000000e+001 0.000000e+000
      vertex   -5.000000e+001 5.861717e+001 5.417264e+000
      vertex   -5.000000e+001 5.842822e+001 5.555906e+000
    endloop
  endfacet
  facet normal 2.255854e-002 0.000000e+000 0.000000e+000
    outer loop
      vertex   -5.000000e+001 5.000000e+001 0.000000e+000
      vertex   -5.000000e+001 5.842822e+001 5.555906e+000
      vertex   -5.000000e+001 5.825307e+001 5.711633e+000
    endloop
  endfacet
  facet normal 9.895285e-001 0.000000e+000 0.000000e+000
    outer loop
      vertex   -5.000000e+001 5.825307e+001 5.711633e+000
      vertex   -5.000000e+001 5.809329e+001 5.883075e+000
      vertex   -5.000000e+001 5.000000e+001 0.000000e+000
    endloop
  endfacet
  facet normal 2.342297e-002 0.000000e+000 0.000000e+000
    outer loop
      vertex   -5.000000e+001 5.000000e+001 0.000000e+000
      vertex   -5.000000e+001 5.809329e+001 5.883075e+000
      vertex   -5.000000e+001 5.795025e+001 6.068727e+000
    endloop
  endfacet
  facet normal 2.328349e-002 0.000000e+000 0.000000e+000
    outer loop
      vertex   -5.000000e+001 5.000000e+001 0.000000e+000
      vertex   -5.000000e+001 5.795025e+001 6.068727e+000
      vertex   -5.000000e+001 5.782523e+001 6.266958e+000
    endloop
  endfacet
  facet normal 9.787800e-001 0.000000e+000 0.000000e+000
    outer loop
      vertex   -5.000000e+001 5.782523e+001 6.266958e+000
      vertex   -5.000000e+001 5.771933e+001 6.476024e+000
      vertex   -5.000000e+001 5.000000e+001 0.000000e+000
    endloop
  endfacet
  facet normal 2.189013e-002 0.000000e+000 0.000000e+000
    outer loop
      vertex   -5.000000e+001 5.000000e+001 0.000000e+000
      vertex   -5.000000e+001 5.771933e+001 6.476024e+000
      vertex   -5.000000e+001 5.763346e+001 6.694089e+000
    endloop
  endfacet
  facet normal 2.069113e-002 0.000000e+000 0.000000e+000
    outer loop
      vertex   -5.000000e+001 5.000000e+001 0.000000e+000
      vertex   -5.000000e+001 5.763346e+001 6.694089e+000
      vertex   -5.000000e+001 5.756839e+001 6.919237e+000
    endloop
  endfacet
  facet normal 8.509244e-001 0.000000e+000 0.000000e+000
    outer loop
      vertex   -5.000000e+001 5.756839e+001 6.919237e+000
      vertex   -5.000000e+001 5.752469e+001 7.149488e+000
      vertex   -5.000000e+001 5.000000e+001 0.000000e+000
    endloop
  endfacet
  facet normal 1.750612e-002 0.000000e+000 0.000000e+000
    outer loop
      vertex   -5.000000e+001 5.000000e+001 0.000000e+000
      vertex   -5.000000e+001 5.752469e+001 7.149488e+000
      vertex   -5.000000e+001 5.750275e+001 7.382819e+000
    endloop
  endfacet
  facet normal 1.562411e-002 0.000000e+000 0.000000e+000
    outer loop
      vertex   -5.000000e+001 5.000000e+001 0.000000e+000
      vertex   -5.000000e+001 5.750275e+001 7.382819e+000
      vertex   -5.000000e+001 5.750275e+001 7.617181e+000
    endloop
  endfacet
  facet normal 6.319377e-001 0.000000e+000 -0.000000e+000
    outer loop
      vertex   -5.000000e+001 5.750275e+001 7.617181e+000
      vertex   -5.000000e+001 5.752469e+001 7.850512e+000
      vertex   -5.000000e+001 5.000000e+001 0.000000e+000
    endloop
  endfacet
  facet normal 1.154106e-002 0.000000e+000 0.000000e+000
    outer loop
      vertex   -5.000000e+001 5.000000e+001 0.000000e+000
      vertex   -5.000000e+001 5.752469e+001 7.850512e+000
      vertex   -5.000000e+001 5.756839e+001 8.080764e+000
    endloop
  endfacet
  facet normal 9.433473e-003 0.000000e+000 0.000000e+000
    outer loop
      vertex   -5.000000e+001 5.000000e+001 0.000000e+000
      vertex   -5.000000e+001 5.756839e+001 8.080764e+000
      vertex   -5.000000e+001 5.763346e+001 8.305911e+000
    endloop
  endfacet
  facet normal 3.598630e-001 0.000000e+000 -0.000000e+000
    outer loop
      vertex   -5.000000e+001 5.763346e+001 8.305911e+000
      vertex   -5.000000e+001 5.771933e+001 8.523976e+000
      vertex   -5.000000e+001 5.000000e+001 0.000000e+000
    endloop
  endfacet
  facet normal 5.273297e-003 0.000000e+000 0.000000e+000
    outer loop
      vertex   -5.000000e+001 5.000000e+001 0.000000e+000
      vertex   -5.000000e+001 5.771933e+001 8.523976e+000
      vertex   -5.000000e+001 5.782523e+001 8.733042e+000
    endloop
  endfacet
  facet normal 6.673374e-001 0.000000e+000 0.000000e+000
    outer loop
      vertex   -5.000000e+001 5.000000e+001 0.000000e+000
      vertex   -5.000000e+001 5.782523e+001 8.733042e+000
      vertex   -5.000000e+001 5.000000e+001 5.000000e+001
    endloop
  endfacet
  facet normal 3.819216e-003 0.000000e+000 0.000000e+000
    outer loop
      vertex   -5.000000e+001 5.000000e+001 5.000000e+001
      vertex   -5.000000e+001 5.782523e+001 8.733042e+000
      vertex   -5.000000e+001 5.795025e+001 8.931273e+000
    endloop
  endfacet
  facet normal 4.216113e-003 0.000000e+000 0.000000e+000
    outer loop
      vertex   -5.000000e+001 5.000000e+001 5.000000e+001
      vertex   -5.000000e+001 5.795025e+001 8.931273e+000
      vertex   -5.000000e+001 5.809329e+001 9.116925e+000
    endloop
  endfacet
  facet normal 8.108822e-001 0.000000e+000 -0.000000e+000
    outer loop
      vertex   -5.000000e+001 5.809329e+001 9.116925e+000
      vertex   -5.000000e+001 5.825307e+001 9.288367e+000
      vertex   -5.000000e+001 5.000000e+001 5.000000e+001
    endloop
  endfacet
  facet normal 4.890869e-003 0.000000e+000 0.000000e+000
    outer loop
      vertex   -5.000000e+001 5.000000e+001 5.000000e+001
      vertex   -5.000000e+001 5.825307e+001 9.288367e+000
      vertex   -5.000000e+001 5.842822e+001 9.444094e+000
    endloop
  endfacet
  facet normal 5.159264e-003 0.000000e+000 0.000000e+000
    outer loop
      vertex   -5.000000e+001 5.000000e+001 5.000000e+001
      vertex   -5.000000e+001 5.842822e+001 9.444094e+000
      vertex   -5.000000e+001 5.861717e+001 9.582735e+000
    endloop
  endfacet
  facet normal 9.463118e-001 0.000000e+000 -0.000000e+000
    outer loop
      vertex   -5.000000e+001 5.861717e+001 9.582735e+000
      vertex   -5.000000e+001 5.881828e+001 9.703074e+000
      vertex   -5.000000e+001 5.000000e+001 5.000000e+001
    endloop
  endfacet
  facet normal 5.538858e-003 0.000000e+000 0.000000e+000
    outer loop
      vertex   -5.000000e+001 5.000000e+001 5.000000e+001
      vertex   -5.000000e+001 5.881828e+001 9.703074e+000
      vertex   -5.000000e+001 5.902977e+001 9.804051e+000
    endloop
  endfacet
  facet normal 5.644334e-003 0.000000e+000 0.000000e+000
    outer loop
      vertex   -5.000000e+001 5.000000e+001 5.000000e+001
      vertex   -5.000000e+001 5.902977e+001 9.804051e+000
      vertex   -5.000000e+001 5.924979e+001 9.884782e+000
    endloop
  endfacet
  facet normal 9.995111e-001 0.000000e+000 -0.000000e+000
    outer loop
      vertex   -5.000000e+001 5.924979e+001 9.884782e+000
      vertex   -5.000000e+001 5.947640e+001 9.944553e+000
      vertex   -5.000000e+001 5.000000e+001 5.000000e+001
    endloop
  endfacet
  facet normal 5.678218e-003 0.000000e+000 0.000000e+000
    outer loop
      vertex   -5.000000e+001 5.000000e+001 5.000000e+001
      vertex   -5.000000e+001 5.947640e+001 9.944553e+000
      vertex   -5.000000e+001 5.970761e+001 9.982843e+000
    endloop
  endfacet
  facet normal 5.606290e-003 0.000000e+000 0.000000e+000
    outer loop
      vertex   -5.000000e+001 5.000000e+001 5.000000e+001
      vertex   -5.000000e+001 5.970761e+001 9.982843e+000
      vertex   -5.000000e+001 5.994139e+001 9.999313e+000
    endloop
  endfacet
  facet normal 9.645560e-001 -0.000000e+000 -0.000000e+000
    outer loop
      vertex   -5.000000e+001 5.994139e+001 9.999313e+000
      vertex   -5.000000e+001 6.017569e+001 9.993819e+000
      vertex   -5.000000e+001 5.000000e+001 5.000000e+001
    endloop
  endfacet
  facet normal 5.289897e-003 0.000000e+000 0.000000e+000
    outer loop
      vertex   -5.000000e+001 5.000000e+001 5.000000e+001
      vertex   -5.000000e+001 6.017569e+001 9.993819e+000
      vertex   -5.000000e+001 6.040844e+001 9.966409e+000
    endloop
  endfacet
  facet normal 5.050365e-003 0.000000e+000 0.000000e+000
    outer loop
      vertex   -5.000000e+001 5.000000e+001 5.000000e+001
      vertex   -5.000000e+001 6.040844e+001 9.966409e+000
      vertex   -5.000000e+001 6.063761e+001 9.917324e+000
    endloop
  endfacet
  facet normal 8.450215e-001 -0.000000e+000 -0.000000e+000
    outer loop
      vertex   -5.000000e+001 6.063761e+001 9.917324e+000
      vertex   -5.000000e+001 6.086117e+001 9.846996e+000
      vertex   -5.000000e+001 5.000000e+001 5.000000e+001
    endloop
  endfacet
  facet normal 4.426142e-003 0.000000e+000 0.000000e+000
    outer loop
      vertex   -5.000000e+001 5.000000e+001 5.000000e+001
      vertex   -5.000000e+001 6.086117e+001 9.846996e+000
      vertex   -5.000000e+001 6.107716e+001 9.756042e+000
    endloop
  endfacet
  facet normal 9.641437e-001 -0.000000e+000 0.000000e+000
    outer loop
      vertex   -5.000000e+001 5.000000e+001 5.000000e+001
      vertex   -5.000000e+001 6.107716e+001 9.756042e+000
      vertex   -5.000000e+001 8.500000e+001 5.000000e+001
    endloop
  endfacet
  facet normal 5.001992e-003 0.000000e+000 0.000000e+000
    outer loop
      vertex   -5.000000e+001 8.500000e+001 5.000000e+001
      vertex   -5.000000e+001 6.107716e+001 9.756042e+000
      vertex   -5.000000e+001 6.128368e+001 9.645263e+000
    endloop
  endfacet
  facet normal 4.998013e-003 0.000000e+000 0.000000e+000
    outer loop
      vertex   -5.000000e+001 8.500000e+001 5.000000e+001
      vertex   -5.000000e+001 6.128368e+001 9.645263e+000
      vertex   -5.000000e+001 6.147893e+001 9.515630e+000
    endloop
  endfacet
  facet normal 9.882308e-001 -0.000000e+000 0.000000e+000
    outer loop
      vertex   -5.000000e+001 6.147893e+001 9.515630e+000
      vertex   -5.000000e+001 6.166118e+001 9.368284e+000
      vertex   -5.000000e+001 8.500000e+001 5.000000e+001
    endloop
  endfacet
  facet normal 4.837109e-003 0.000000e+000 0.000000e+000
    outer loop
      vertex   -5.000000e+001 8.500000e+001 5.000000e+001
      vertex   -5.000000e+001 6.166118e+001 9.368284e+000
      vertex   -5.000000e+001 6.182883e+001 9.204519e+000
    endloop
  endfacet
  facet normal 4.682835e-003 0.000000e+000 0.000000e+000
    outer loop
      vertex   -5.000000e+001 8.500000e+001 5.000000e+001
      vertex   -5.000000e+001 6.182883e+001 9.204519e+000
      vertex   -5.000000e+001 6.198041e+001 9.025776e+000
    endloop
  endfacet
  facet normal 9.007148e-001 -0.000000e+000 0.000000e+000
    outer loop
      vertex   -5.000000e+001 6.198041e+001 9.025776e+000
      vertex   -5.000000e+001 6.211458e+001 8.833623e+000
      vertex   -5.000000e+001 8.500000e+001 5.000000e+001
    endloop
  endfacet
  facet normal 4.237142e-003 0.000000e+000 0.000000e+000
    outer loop
      vertex   -5.000000e+001 8.500000e+001 5.000000e+001
      vertex   -5.000000e+001 6.211458e+001 8.833623e+000
      vertex   -5.000000e+001 6.223017e+001 8.629751e+000
    endloop
  endfacet
  facet normal 4.821820e-001 0.000000e+000 0.000000e+000
    outer loop
      vertex   -5.000000e+001 8.500000e+001 5.000000e+001
      vertex   -5.000000e+001 6.223017e+001 8.629751e+000
      vertex   -5.000000e+001 8.500000e+001 0.000000e+000
    endloop
  endfacet
  facet normal 6.859709e-003 0.000000e+000 0.000000e+000
    outer loop
      vertex   -5.000000e+001 8.500000e+001 0.000000e+000
      vertex   -5.000000e+001 6.223017e+001 8.629751e+000
      vertex   -5.000000e+001 6.232616e+001 8.415950e+000
    endloop
  endfacet
  facet normal 7.558647e-003 0.000000e+000 0.000000e+000
    outer loop
      vertex   -5.000000e+001 8.500000e+001 0.000000e+000
      vertex   -5.000000e+001 6.232616e+001 8.415950e+000
      vertex   -5.000000e+001 6.240171e+001 8.194100e+000
    endloop
  endfacet
  facet normal 8.351996e-001 0.000000e+000 0.000000e+000
    outer loop
      vertex   -5.000000e+001 6.240171e+001 8.194100e+000
      vertex   -5.000000e+001 6.245616e+001 7.966150e+000
      vertex   -5.000000e+001 8.500000e+001 0.000000e+000
    endloop
  endfacet
  facet normal 8.731926e-003 0.000000e+000 0.000000e+000
    outer loop
      vertex   -5.000000e+001 8.500000e+001 0.000000e+000
      vertex   -5.000000e+001 6.245616e+001 7.966150e+000
      vertex   -5.000000e+001 6.248901e+001 7.734104e+000
    endloop
  endfacet
  facet normal 1.000000e+000 0.000000e+000 0.000000e+000
    outer loop
      vertex   -5.000000e+001 5.000000e+001 5.000000e+001
      vertex   -5.000000e+001 8.500000e+001 5.000000e+001
      vertex   -5.000000e+001 5.000000e+001 1.000000e+002
    endloop
  endfacet
  facet normal 8.192319e-001 -0.000000e+000 0.000000e+000
    outer loop
      vertex   -5.000000e+001 5.000000e+001 1.000000e+002
      vertex   -5.000000e+001 8.500000e+001 5.000000e+001
      vertex   -5.000000e+001 8.500000e+001 1.000000e+002
    endloop
  endfacet
  facet normal 1.000000e+000 0.000000e+000 0.000000e+000
    outer loop
      vertex   -5.000000e+001 5.000000e+001 1.000000e+002
      vertex   -5.000000e+001 8.500000e+001 1.000000e+002
      vertex   -5.000000e+001 5.000000e+001 1.500000e+002
    endloop
  endfacet
  facet normal 8.192319e-001 -0.000000e+000 0.000000e+000
    outer loop
      vertex   -5.000000e+001 5.000000e+001 1.500000e+002
      vertex   -5.000000e+001 8.500000e+001 1.000000e+002
      vertex   -5.000000e+001 8.500000e+001 1.500000e+002
    endloop
  endfacet
  facet normal 0.000000e+000 0.000000e+000 -1.000000e+000
    outer loop
      vertex   -5.240000e+001 8.500000e+001 0.000000e+000
      vertex   -5.000000e+001 8.500000e+001 0.000000e+000
      vertex   -5.240000e+001 6.950000e+001 0.000000e+000
    endloop
  endfacet
  facet normal 0.000000e+000 0.000000e+000 -2.725862e-001
    outer loop
      vertex   -5.240000e+001 6.950000e+001 0.000000e+000
      vertex   -5.000000e+001 8.500000e+001 0.000000e+000
      vertex   -5.000000e+001 5.000000e+001 0.000000e+000
    endloop
  endfacet
  facet normal 0.000000e+000 -0.000000e+000 -7.967770e-001
    outer loop
      vertex   -5.240000e+001 6.950000e+001 0.000000e+000
      vertex   -5.000000e+001 5.000000e+001 0.000000e+000
      vertex   -5.600000e+001 6.600000e+001 0.000000e+000
    endloop
  endfacet
  facet normal 0.000000e+000 0.000000e+000 -3.511235e-001
    outer loop
      vertex   -5.600000e+001 6.600000e+001 0.000000e+000
      vertex   -5.000000e+001 5.000000e+001 0.000000e+000
      vertex   -5.600000e+001 5.400000e+001 0.000000e+000
    endloop
  endfacet
  facet normal 0.000000e+000 -0.000000e+000 -8.682432e-001
    outer loop
      vertex   -5.600000e+001 5.400000e+001 0.000000e+000
      vertex   -5.000000e+001 5.000000e+001 0.000000e+000
      vertex   -6.400000e+001 5.000000e+001 0.000000e+000
    endloop
  endfacet
  facet normal -0.000000e+000 0.000000e+000 -4.472136e-001
    outer loop
      vertex   -5.600000e+001 5.400000e+001 0.000000e+000
      vertex   -6.400000e+001 5.000000e+001 0.000000e+000
      vertex   -6.000000e+001 5.400000e+001 0.000000e+000
    endloop
  endfacet
  facet normal -0.000000e+000 0.000000e+000 -9.938837e-001
    outer loop
      vertex   -6.000000e+001 5.400000e+001 0.000000e+000
      vertex   -6.400000e+001 5.000000e+001 0.000000e+000
      vertex   -6.400000e+001 5.720000e+001 0.000000e+000
    endloop
  endfacet
  facet normal 0.000000e+000 0.000000e+000 -7.808687e-001
    outer loop
      vertex   -6.000000e+001 5.400000e+001 0.000000e+000
      vertex   -6.400000e+001 5.720000e+001 0.000000e+000
      vertex   -6.000000e+001 5.720000e+001 0.000000e+000
    endloop
  endfacet
  facet normal 0.000000e+000 0.000000e+000 -6.970785e-001
    outer loop
      vertex   -5.600000e+001 6.600000e+001 0.000000e+000
      vertex   -6.000000e+001 6.600000e+001 0.000000e+000
      vertex   -5.240000e+001 6.950000e+001 0.000000e+000
    endloop
  endfacet
  facet normal -0.000000e+000 0.000000e+000 -4.183002e-001
    outer loop
      vertex   -5.240000e+001 6.950000e+001 0.000000e+000
      vertex   -6.000000e+001 6.600000e+001 0.000000e+000
      vertex   -6.400000e+001 6.950000e+001 0.000000e+000
    endloop
  endfacet
  facet normal 0.000000e+000 0.000000e+000 -7.525767e-001
    outer loop
      vertex   -6.400000e+001 6.950000e+001 0.000000e+000
      vertex   -6.000000e+001 6.600000e+001 0.000000e+000
      vertex   -6.400000e+001 6.280000e+001 0.000000e+000
    endloop
  endfacet
  facet normal 0.000000e+000 0.000000e+000 -6.246951e-001
    outer loop
      vertex   -6.400000e+001 6.280000e+001 0.000000e+000
      vertex   -6.000000e+001 6.600000e+001 0.000000e+000
      vertex   -6.000000e+001 6.280000e+001 0.000000e+000
    endloop
  endfacet
endsolid
